cell_id,season,cluster,label_fd,label_fd_sd,label_fd_annual,label_co,label_co_sd,label_co_annual,share_fd_per_km2,share_co_per_km2
c000_021,2019-20,C1_shivajinagar_kasarwadi,3042.862715099417,261.1674856109027,2505.599706825439,5464.908472273808,853.4855551349849,4499.996992309177,0.0013665486877754642,0.0016065493448204527
c000_022,2019-20,C1_shivajinagar_kasarwadi,3138.5849314712523,269.02904906696307,2584.420731542657,5350.234602441374,886.6763747051458,4405.5705125317945,0.0014095375050246896,0.0015728380335730623
c000_023,2019-20,C1_shivajinagar_kasarwadi,3190.152289708027,272.95114954026855,2626.8830999691613,5202.663927460463,869.0155160256835,4284.055651498663,0.0014326963893808015,0.0015294558667155354
c001_020,2019-20,C1_shivajinagar_kasarwadi,2836.8834811153824,243.59162723755338,2335.989193107056,5161.627885531475,840.0962288841997,4250.265137678788,0.0012740434786140049,0.0015173922746884196
c001_021,2019-20,C1_shivajinagar_kasarwadi,2942.8369091153013,252.97543945753145,2423.234955729335,5073.1110644294895,894.5206077067875,4177.377287726935,0.0013216271297856845,0.0014913704956104224
c001_022,2019-20,C1_shivajinagar_kasarwadi,3027.3174174734318,259.9430368001618,2492.799164434584,4878.776959370718,915.8930679760635,4017.3557809250638,0.0013595672995036718,0.001434241024779864
c001_023,2019-20,C1_shivajinagar_kasarwadi,3071.9818533304942,263.71621049595876,2529.5774248646876,4742.874543314287,891.1410033083879,3905.4489728597064,0.0013796260835913746,0.0013942890404817386
c001_024,2019-20,C1_shivajinagar_kasarwadi,3059.6581659966996,262.480823265576,2519.429669194562,4628.408792682235,837.5951039827556,3811.1938657193064,0.0013740915194879783,0.0013606389111858327
c001_025,2019-20,C1_shivajinagar_kasarwadi,3008.514470072171,257.8276686421997,2477.3161591506882,4413.733926261677,795.7802372112917,3634.423063771192,0.0013511229017429717,0.0012975297543267304
c002_020,2019-20,C1_shivajinagar_kasarwadi,2741.7010090469835,236.03293363225865,2257.612612748678,4589.587949411592,809.3415747426941,3779.2274240408947,0.0012312970603615974,0.0013492265333503665
c002_021,2019-20,C1_shivajinagar_kasarwadi,2830.8211709663556,244.03197903983815,2330.9972746558187,4438.545826928387,877.3826235569381,3654.8540515800723,0.0012713208970338593,0.001304823845886011
c002_022,2019-20,C1_shivajinagar_kasarwadi,2904.101540626817,250.01984000369708,2391.338896979491,4257.12200681734,895.8160524630099,3505.4633254636165,0.0013042310879873586,0.0012514896828688296
c002_023,2019-20,C1_shivajinagar_kasarwadi,2944.5066977066904,253.36884289055925,2424.609918123887,4173.457811097026,870.259424792995,3436.571297167902,0.0013223770313166023,0.0012268944568917923
c002_024,2019-20,C1_shivajinagar_kasarwadi,2931.8141862756315,252.0367411764715,2414.1584597775313,4112.1427896292025,806.1234340505507,3386.0823615181203,0.001316676828427192,0.001208869341180056
c002_025,2019-20,C1_shivajinagar_kasarwadi,2891.5304483248074,248.42732299839406,2380.98741939554,3974.439812792712,753.5618578096448,3272.692908659013,0.0012985854143905942,0.0011683880360788118
c003_019,2019-20,C1_shivajinagar_kasarwadi,2551.9855649884767,219.2799834439555,2101.3942731389266,4091.517303742746,725.8270352178567,3369.098614228506,0.0011460959141375486,0.0012028059531094953
c003_020,2019-20,C1_shivajinagar_kasarwadi,2642.38990998563,227.38901226475255,2175.8363763585626,4058.7687589453703,776.362744394033,3342.1323157372567,0.001186696477025915,0.0011931786824141168
c003_021,2019-20,C1_shivajinagar_kasarwadi,2716.489574964358,234.3553469211231,2236.8526351352907,3844.911610677505,834.6652893075739,3166.03485154884,0.001219974613249019,0.0011303099146793925
c003_022,2019-20,C1_shivajinagar_kasarwadi,2777.757366609814,239.84754231350885,2287.3026800955618,3649.827487025019,844.8590525817539,3005.395753174664,0.0012474899591962856,0.001072959956737943
c003_023,2019-20,C1_shivajinagar_kasarwadi,2808.0239106916265,242.57478721325475,2312.2252122892396,3576.409599114989,822.4640799087844,2944.940893509034,0.0012610826546186776,0.0010513768944930076
c003_024,2019-20,C1_shivajinagar_kasarwadi,2793.402274258696,241.02874697807903,2300.18524486716,3540.324378924895,760.1079398477526,2915.2270596642243,0.0012545160822980137,0.0010407687228926557
c003_025,2019-20,C1_shivajinagar_kasarwadi,2760.5262623418075,237.81563810475637,2273.113985486385,3464.054645883739,712.5731445652367,2852.423890858979,0.0012397514756920774,0.0010183472879741094
c004_019,2019-20,C1_shivajinagar_kasarwadi,2443.5459318369067,209.77035208975772,2012.1012821391814,3711.928220382659,695.2131857104316,3056.531671506578,0.0010973957090146603,0.0010912160525160806
c004_020,2019-20,C1_shivajinagar_kasarwadi,2515.6507931879305,216.16223964923975,2071.4749497599078,3584.439482621679,750.4257004951864,2951.552980758441,0.0011297779795563182,0.0010537374837237528
c004_021,2019-20,C1_shivajinagar_kasarwadi,2575.21045554701,221.6672565576174,2120.5184612548574,3293.4443941734967,797.091339315663,2711.937435605729,0.0011565262051786136,0.0009681920494197299
c004_022,2019-20,C1_shivajinagar_kasarwadi,2622.7102459081466,226.25051215409397,2159.6314518648346,3051.141351954024,806.5042558890158,2512.4166262917315,0.0011778583460818222,0.0008969608850368924
c004_023,2019-20,C1_shivajinagar_kasarwadi,2643.5157013019216,228.51467827638993,2176.7633923484887,2951.2406932574377,793.51759309409,2430.154925854268,0.0011872020695517804,0.0008675925363096623
c004_024,2019-20,C1_shivajinagar_kasarwadi,2630.413881021258,227.21953232428794,2165.9748947632343,2910.1996773803803,740.8214843095456,2396.360316311388,0.00118131804618682,0.0008555274820635445
c004_025,2019-20,C1_shivajinagar_kasarwadi,2602.401598429718,224.3125958292549,2142.9086004146307,2878.0667016256352,706.9905737659286,2369.900898924269,0.001168737738890303,0.000846081173601504
c005_019,2019-20,C1_shivajinagar_kasarwadi,2327.105542710152,199.59167657916623,1916.2201885193845,3303.311231433662,669.5535247981186,2720.0621348975133,0.0010451023669011195,0.0009710926580971108
c005_020,2019-20,C1_shivajinagar_kasarwadi,2377.2381615967906,203.88891862514174,1957.5011423269405,3092.152705923201,720.8766112522212,2546.186811181038,0.0010676169102665915,0.0009090172194080275
c005_021,2019-20,C1_shivajinagar_kasarwadi,2419.602825832937,207.85856459770488,1992.3856902768398,2715.2118853308066,755.8140534019334,2235.800540752145,0.0010866428676430688,0.0007982058432557694
c005_022,2019-20,C1_shivajinagar_kasarwadi,2454.3522759819753,211.57824760578848,2020.999604297253,2402.278185797811,768.424261179673,1978.11997504182,0.0011022488347695008,0.0007062109942097807
c005_023,2019-20,C1_shivajinagar_kasarwadi,2470.0490152600196,213.55880246723817,2033.9248490472114,2249.705217868516,765.4320258544418,1852.4860508374413,0.0011092982354395748,0.0006613582756495858
c005_024,2019-20,C1_shivajinagar_kasarwadi,2462.902266415395,212.94043102337181,2028.039965801908,2182.484422375745,729.4584275746236,1797.1340940621728,0.0011060886327825046,0.0006415970069101136
c005_025,2019-20,C1_shivajinagar_kasarwadi,2440.702816859575,210.53207879308655,2009.760161713891,2172.401784621669,715.458401711825,1788.8316970873507,0.0010961188669730564,0.0006386329581689399
c006_018,2019-20,C1_shivajinagar_kasarwadi,2204.7410145866247,189.90823261060993,1815.460951413242,2977.461514272173,672.2832787171953,2451.7460680116947,0.000990148495828429,0.000875300815969898
c006_019,2019-20,C1_shivajinagar_kasarwadi,2233.9146305188656,191.8671554171862,1839.48352829919,2936.4246575742436,659.6214864480439,2417.954883282544,0.0010032503575627882,0.0008632369844206536
c006_020,2019-20,C1_shivajinagar_kasarwadi,2260.5991995151194,194.01920565597456,1861.4565367829434,2675.9782240285585,697.6304540233637,2203.4941702515,0.0010152343891014879,0.000786672107022158
c006_021,2019-20,C1_shivajinagar_kasarwadi,2283.5129112250656,196.2681426644872,1880.32448933888,2261.02696253545,717.309680371805,1861.808771832199,0.001025524929819579,0.0006646865914977228
c006_022,2019-20,C1_shivajinagar_kasarwadi,2303.4501376358867,198.77632531451238,1896.7414996765394,1888.5300676210063,728.3647751628499,1555.0817854125958,0.0010344787319265202,0.000555181620735887
c006_023,2019-20,C1_shivajinagar_kasarwadi,2311.014652038109,200.12588965877652,1902.9703857102184,1653.1564009621795,724.6249919042328,1361.2668665704498,0.0010378759529640384,0.0004859875231810579
c006_024,2019-20,C1_shivajinagar_kasarwadi,2305.2629717942496,199.81813077309255,1898.2342507997425,1507.344066191405,698.4575918048828,1241.1998844354216,0.0010352928751765499,0.00044312226531238204
c006_025,2019-20,C1_shivajinagar_kasarwadi,2285.6337765221947,197.73627078027738,1882.0708840875925,1458.3672715792502,700.4019079587847,1200.8706768071847,0.0010264774097570927,0.000428724286335284
c007_018,2019-20,C1_shivajinagar_kasarwadi,2171.571803806638,187.40633651366082,1788.1482618221012,2836.0116043936678,676.5461129439852,2335.271259285239,0.0009752522137053436,0.0008337180042552722
c007_019,2019-20,C1_shivajinagar_kasarwadi,2174.217799441162,187.11376336297903,1790.3270672783005,2717.2877490666547,669.4190089336093,2237.5098796395487,0.0009764405295121248,0.0007988160963902333
c007_020,2019-20,C1_shivajinagar_kasarwadi,2177.261235102159,187.3213404134317,1792.8331387688402,2435.974807291706,689.8079034179956,2005.866953082317,0.0009778073355097227,0.0007161169762510782
c007_021,2019-20,C1_shivajinagar_kasarwadi,2180.049127255667,187.65906753985314,1795.1287867873418,2053.5498191545653,694.4721536827537,1690.9648270664757,0.0009790593769985255,0.0006036933890580318
c007_022,2019-20,C1_shivajinagar_kasarwadi,2181.717775344433,188.36803479966562,1796.5028100520983,1682.0314395901246,702.1492508975737,1385.0435844492217,0.0009798087663300742,0.0004944760778612956
c007_023,2019-20,C1_shivajinagar_kasarwadi,2174.6418918130234,188.54255871360368,1790.6762797870774,1374.6422730709262,693.0624483219719,1131.9285813667852,0.000976630989262868,0.0004041111858266353
c007_024,2019-20,C1_shivajinagar_kasarwadi,2162.544405974234,187.86811008315132,1780.7147863484865,1135.9737338862637,670.9032103675098,935.4005491154164,0.0009711980121796938,0.00033394847638662934
c008_017,2019-20,C1_shivajinagar_kasarwadi,2207.6264748505473,191.0443200814935,1817.8369404302505,2808.6143799497213,709.0721949998928,2312.711425351903,0.0009914443551249147,0.0008256638907776849
c008_018,2019-20,C1_shivajinagar_kasarwadi,2170.6167586060155,187.1929299578513,1787.3618441625695,2812.1787101156515,683.2385091204878,2315.646419617161,0.0009748233032062926,0.0008267117166144489
c008_019,2019-20,C1_shivajinagar_kasarwadi,2144.257392326997,184.57046255362988,1765.6566189833075,2623.9203438265963,685.1223190036627,2160.627888863012,0.0009629853201055636,0.0007713683642869377
c008_020,2019-20,C1_shivajinagar_kasarwadi,2124.3675501473504,182.93633944256874,1749.2786264807773,2332.2514602063825,689.0644792405755,1920.4575171724066,0.0009540527982419313,0.0006856248506925365
c008_021,2019-20,C1_shivajinagar_kasarwadi,2105.9872041220447,181.37348283001128,1734.1436059674213,2016.0171004089514,683.95579480025,1660.0590722262348,0.0009457981906261815,0.0005926596883078694
c008_022,2019-20,C1_shivajinagar_kasarwadi,2085.60703265652,180.03094266843726,1717.3618591617976,1702.1103144163103,691.4944403902971,1401.5772330519756,0.0009366454620345658,0.0005003787756576814
c008_023,2019-20,C1_shivajinagar_kasarwadi,2060.87164532558,178.82690447099006,1696.9938751127404,1382.7774808096112,683.4691622356299,1138.6273962767928,0.0009255368073683598,0.00040650273780392293
c008_024,2019-20,C1_shivajinagar_kasarwadi,2038.3682934023066,177.4467128705256,1678.4638271740832,1111.0426388004541,670.7919525998298,914.8714124482038,0.0009154305591013248,0.00032661934458525096
c009_017,2019-20,C1_shivajinagar_kasarwadi,2263.5921079519535,195.02870973128532,1863.9210023878736,2865.8284622875653,675.0602438319754,2359.823504125823,0.0010165785033386147,0.0008424834307499843
c009_018,2019-20,C1_shivajinagar_kasarwadi,2201.705854542552,189.25867141374934,1812.9616943554524,2791.4527665348155,670.9779200643922,2298.579951944423,0.0009887854064077875,0.000820618796440303
c009_019,2019-20,C1_shivajinagar_kasarwadi,2152.040274345599,184.95723553820298,1772.065316558554,2562.9261014161016,681.0162922134562,2110.403093921258,0.0009664806099708784,0.0007534375497674352
c009_020,2019-20,C1_shivajinagar_kasarwadi,2112.8451847675424,181.91994068748542,1739.7907073662145,2290.4549065175515,675.691813851882,1886.0407713398142,0.0009488781075758977,0.0006733376868204936
c009_021,2019-20,C1_shivajinagar_kasarwadi,2070.0037453245245,178.27253033521683,1704.5135660164779,2039.8559553555542,667.8857605789979,1679.6888201175427,0.0009296380306040536,0.000599667728239378
c009_022,2019-20,C1_shivajinagar_kasarwadi,2021.689740992347,174.47082717007606,1664.7301231126755,1775.9128506551717,675.8547067883962,1462.3488256202008,0.0009079402264626799,0.0005220749150975607
c009_023,2019-20,C1_shivajinagar_kasarwadi,1976.203925866917,171.6303898835023,1627.2755102320316,1471.547302376699,674.8314147681971,1211.7235756705365,0.0008875125612040377,0.000432598892826826
c009_024,2019-20,C1_shivajinagar_kasarwadi,1937.5297881058384,169.03609457960644,1595.4298710071548,1204.4857792701512,676.1666201853559,991.8157662647287,0.0008701440181061207,0.0003540893409925459
c010_016,2019-20,C2_pcmc,2386.628465608103,205.20853110512772,1965.233447455592,3083.9994294616167,641.8248759754387,2539.473117851911,0.0010718340928429838,0.0009066203556684142
c010_017,2019-20,C1_shivajinagar_kasarwadi,2328.7523147691954,199.87232315087326,1917.5761982952686,3052.5623218133146,638.1601942402879,2513.5867026297733,0.001045841931714604,0.0008973786153992645
c010_018,2019-20,C1_shivajinagar_kasarwadi,2260.2169968243816,193.81726890683595,1861.1418177043902,2897.2058861894207,641.4124056553177,2385.6607736612837,0.001015062741993355,0.0008517076254583553
c010_019,2019-20,C1_shivajinagar_kasarwadi,2202.611703215483,189.13151747764311,1813.7076018714442,2624.200862311043,656.6003457796023,2160.8588776055863,0.0009891922227617343,0.0007714508298560655
c010_020,2019-20,C1_shivajinagar_kasarwadi,2149.166055394989,185.10461301619318,1769.6985840325472,2379.288944486235,654.6696999346091,1959.1898287671982,0.0009651897991446638,0.0006994527198938586
c010_021,2019-20,C1_shivajinagar_kasarwadi,2080.8381263864676,179.44144819201455,1713.4349747536291,2213.742447653559,651.0591632831591,1822.8730465898007,0.0009345037477294395,0.0006507861013451315
c010_022,2019-20,C1_shivajinagar_kasarwadi,2002.283391543651,173.19987456451716,1648.7502554545265,1991.7717304875437,658.7205654520523,1640.0945856703672,0.0008992248410323645,0.0005855321429226562
c010_023,2019-20,C1_shivajinagar_kasarwadi,1929.1034230754763,168.40003173825153,1588.4913069881766,1670.1511788584878,665.2852223675534,1375.2609617700955,0.0008663597402227255,0.0004909835719590392
c011_015,2019-20,C2_pcmc,2469.1285400021216,212.70326577720618,2033.1668974890013,3251.9334402821128,667.9057719901244,2677.7558626467603,0.0011088848502909224,0.0009559888448984789
c011_016,2019-20,C2_pcmc,2442.4119768764895,209.3337980970712,2011.1675439188286,3272.9940604744993,653.9424319372532,2695.0979147603016,0.0010968864501987874,0.0009621801518056765
c011_017,2019-20,C2_pcmc,2391.491741529983,204.83750138239785,1969.2380391394713,3167.2005073680643,636.2804396444812,2607.983798723409,0.0010740181885290482,0.0009310794363423389
c011_018,2019-20,C1_shivajinagar_kasarwadi,2327.793454298032,199.68041323351562,1916.78663900838,2970.8564778703876,627.4243989313497,2446.307249760131,0.0010454113077787537,0.0008733590969168453
c011_019,2019-20,C1_shivajinagar_kasarwadi,2272.0996979123374,195.21778427354258,1870.9264498583595,2715.3098948367438,623.2913737968963,2235.8812452111806,0.0010203992593125215,0.0007982346556518688
c011_020,2019-20,C1_shivajinagar_kasarwadi,2213.735888589323,190.65015139840983,1822.8676456266403,2556.0231341090603,613.7094052562267,2104.7189489301218,0.000994188090912393,0.0007514082463196813
c011_021,2019-20,C1_shivajinagar_kasarwadi,2128.7858806022077,183.6737064720411,1752.916834487144,2505.635572882023,620.0999369253785,2063.2280666725605,0.0009560370690587784,0.0007365955364843571
c011_022,2019-20,C1_shivajinagar_kasarwadi,2021.269996947029,175.3129155868508,1664.3844911682334,2380.357172218826,642.7900535590272,1960.06944488669,0.0009077517195440191,0.0006997667527038536
c011_023,2019-20,C1_shivajinagar_kasarwadi,1911.5400327064963,167.8765449878172,1574.0289963683103,2125.3623194746265,671.0946787443432,1750.097754377154,0.0008584720271351393,0.0006248045066411428
c012_015,2019-20,C2_pcmc,2479.8677383103836,213.8726132298475,2042.0099294139043,3246.744360827239,695.9269489375835,2673.482992925656,0.0011137078208715838,0.0009544633825342428
c012_016,2019-20,C2_pcmc,2471.2697183351097,211.86790750314182,2034.9300187027102,3244.9258926889192,681.8877375049552,2671.9856025860804,0.001109846452806448,0.0009539287974060532
c012_017,2019-20,C2_pcmc,2432.974096697523,208.52442555084684,2003.3960629078294,3090.507535549072,660.3083684221136,2544.832120288597,0.0010926479011804735,0.0009085335795812884
c012_018,2019-20,C1_shivajinagar_kasarwadi,2378.076854745369,204.4159784270284,1958.1917516326994,2858.663179997824,645.5298440918415,2353.9233597928537,0.0010679935670956848,0.0008403770131171109
c012_019,2019-20,C1_shivajinagar_kasarwadi,2329.6879686038674,200.84397023758513,1918.3466484250791,2624.8597655174594,617.123807873307,2161.401441577543,0.001046262133557309,0.0007716445312730133
c012_020,2019-20,C1_shivajinagar_kasarwadi,2273.2710973784074,196.27869981007862,1871.891021195803,2541.7618593345064,590.4198322560379,2092.9757159157753,0.001020925334444099,0.0007472157805608118
c012_021,2019-20,C1_shivajinagar_kasarwadi,2181.3736644050723,188.49789032169048,1796.2194570554288,2599.1429717033056,601.4334938548809,2140.225333065816,0.0009796542262154977,0.0007640844232743845
c012_022,2019-20,C1_shivajinagar_kasarwadi,2056.5399709719973,178.62692930891578,1693.4270227744657,2599.9603755948783,639.5546949407668,2140.8984120519035,0.0009235914537793246,0.0007643247200136843
c013_014,2019-20,C2_pcmc,2438.251710620291,212.11152908846543,2007.7418350098724,3079.3795053802733,698.4013951211493,2535.6689105946043,0.0010950180759323463,0.0009052622110547105
c013_015,2019-20,C2_pcmc,2468.013709372667,213.1121574724229,2032.2489069124103,3286.4534886401734,711.2262224084005,2706.180879199875,0.0011083841802060669,0.0009661368942856148
c013_016,2019-20,C2_pcmc,2481.8929242971935,212.84598455498863,2043.6775384682458,3180.9154466336527,703.2083642487698,2619.2771599494886,0.001114617331260943,0.0009351112928323736
c013_017,2019-20,C2_pcmc,2460.475578604266,210.53957681444038,2026.0417460866547,2949.3202320832484,683.5841159283412,2428.573550877625,0.0011049988080501947,0.0008670279677250647
c013_018,2019-20,C2_pcmc,2419.558763809567,207.32385072607337,1992.3494080639455,2681.067522818558,665.6871738205324,2207.6848770792813,0.0010866230794022394,0.000788168236312914
c013_019,2019-20,C1_shivajinagar_kasarwadi,2379.7315626498284,204.6874142542654,1959.554296061576,2445.795564736461,630.4327760682997,2013.9537086405867,0.001068736695894848,0.0007190040385904676
c013_020,2019-20,C1_shivajinagar_kasarwadi,2322.4278621251974,200.34675906663932,1912.3684225346342,2381.2459425108727,598.0726768924093,1960.8012894658548,0.0010430016220224622,0.0007000280294182995
c013_021,2019-20,C1_shivajinagar_kasarwadi,2222.5202857171435,192.12705760333242,1830.1010258113215,2467.876825306935,600.0860365880434,2032.1361917796291,0.0009981331608980857,0.0007254953887900703
c013_022,2019-20,C1_shivajinagar_kasarwadi,2085.2647131509875,181.25242666330743,1717.0799812944701,2529.3838011206944,630.6781109915387,2082.7831893592224,0.0009364917264523576,0.0007435769343816963
c014_013,2019-20,C2_pcmc,2305.063138210218,201.59356148756717,1898.0697008293876,2678.029648739225,675.3989624172652,2205.1833851898255,0.001035203129976848,0.0007872751756813297
c014_014,2019-20,C2_pcmc,2384.6154331421044,207.57991638411127,1963.5758460358477,3116.285211581393,697.9070668894101,2566.058361350581,0.0010709300405959965,0.0009161115854620509
c014_015,2019-20,C2_pcmc,2438.5249654026497,210.82599818802979,2007.9668425658062,3314.8629369585915,717.6457727208552,2729.5742137149277,0.0010951407945691118,0.0009744885768095264
c014_016,2019-20,C2_pcmc,2473.2206466862503,212.21758163807905,2036.5364814196769,3125.8494087790195,712.0641951379479,2573.9338562177923,0.0011107226141149965,0.0009189232253677393
c014_017,2019-20,C2_pcmc,2468.5278080607786,210.89346109723542,2032.6722337735991,2814.2284223730358,693.8841796588501,2317.3342244614914,0.001108615061765113,0.0008273142818542655
c014_018,2019-20,C2_pcmc,2441.588205698144,208.49764664030135,2010.489221885859,2500.542172587987,674.7119956323107,2059.033982522739,0.0010965164948218296,0.000735098201451793
c014_019,2019-20,C2_pcmc,2408.879758113221,206.4481766376799,1983.5559408433655,2237.87984827562,644.4969944571442,1842.7486274439927,0.0010818271413046473,0.0006578819063987351
c014_020,2019-20,C1_shivajinagar_kasarwadi,2351.518338796426,202.34060384439312,1936.3225396419061,2153.561044100459,618.2016820113201,1773.317571625146,0.0010560661459408642,0.0006330942415566033
c014_021,2019-20,C1_shivajinagar_kasarwadi,2248.533313622511,194.10917715634488,1851.5210638465244,2239.5178657689503,615.7500482749908,1844.0974284039232,0.001009815603544199,0.000658363443453576
c015_011,2019-20,C2_pcmc,1908.6054245040532,169.72948836605946,1571.612537217787,2009.5797176264575,689.0000267726615,1654.7583058352632,0.0008571540955149305,0.0005907672553157994
c015_012,2019-20,C2_pcmc,2072.3880573047404,183.1305554572578,1706.4768919887488,2208.08616026196,683.8804960408767,1818.2154614940998,0.0009307088243640357,0.0006491232912817621
c015_013,2019-20,C2_pcmc,2199.5209413914818,193.10509589735935,1811.16256036114,2535.977771065523,684.2949268226174,2088.2128951026307,0.0009878041625992248,0.00074551540016724
c015_014,2019-20,C2_pcmc,2295.9285911912293,200.60044393859027,1890.547994963662,3008.728522807277,707.3639133138272,2477.492417667928,0.0010311008077852227,0.0008844925512627063
c015_015,2019-20,C2_pcmc,2370.5332763349015,205.7976704155967,1951.9801050277147,3205.703651190647,712.6711082677614,2639.6886355518986,0.0010646057484054751,0.0009423984183153271
c015_016,2019-20,C2_pcmc,2421.8691658845764,208.5166253598278,1994.2518740322805,2980.1616860713425,694.7785615185518,2453.969484018866,0.001087660680247053,0.0008760946003959075
c015_017,2019-20,C2_pcmc,2432.936664071265,208.15238141434392,2003.3652395726485,2638.3677825569066,675.9000883398032,2172.524415797143,0.001092631090199801,0.000775615557692696
c015_018,2019-20,C2_pcmc,2421.179421595273,206.7435827612419,1993.6839144327603,2311.2833612046848,665.0389647118064,1903.1916502469496,0.0010873509163037863,0.0006794607427510741
c015_019,2019-20,C2_pcmc,2398.402159076186,205.33523433329307,1974.928318918407,2044.097913528998,649.6279415133627,1683.1817970116383,0.00107712165487437,0.0006009147601263487
c015_020,2019-20,C2_pcmc,2347.3481098969614,201.68913984055584,1932.888627143638,1958.4890487111866,636.4667394315902,1612.688460087577,0.0010541932974544675,0.0005757478490277163
c016_009,2019-20,C3_dehu_talegaon,1502.490561948006,137.15702351533764,1237.2033390937631,1801.342725106795,629.1346223158557,1483.2886746822091,0.0006747680385435936,0.0005295506758255575
c016_010,2019-20,C2_pcmc,1634.2451076015138,147.27367738828465,1345.6946454297977,1803.908821439647,676.2114480606131,1485.4016882557019,0.0007339389635340005,0.0005303050453457802
c016_011,2019-20,C2_pcmc,1778.1246973256516,159.4036805133501,1464.1701376174842,1873.4752902643131,711.8866799674743,1542.6851545872644,0.0007985552420008286,0.0005507558846377397
c016_012,2019-20,C2_pcmc,1935.0050005951612,172.17714070497468,1593.350872564288,2073.752509945542,715.4316379030831,1707.6004300701104,0.0008690101368296152,0.0006096324857178426
c016_013,2019-20,C2_pcmc,2062.1542797763395,181.97126874972514,1698.0500412315203,2446.8182085927583,719.964563965116,2014.7957894001986,0.0009261128380965563,0.000719304670856434
c016_014,2019-20,C2_pcmc,2167.962697090845,190.1276305989539,1785.176396977815,2904.9201413046108,723.8325969855646,2392.0129614412585,0.000973631365015051,0.0008539754276665648
c016_015,2019-20,C2_pcmc,2255.9671665125425,196.5006339413074,1857.6423586158935,3067.0048147054,696.1943696042597,2525.479156987529,0.001013154144537711,0.0009016243548496273
c016_016,2019-20,C2_pcmc,2317.750114141281,200.3327985330407,1908.5166010512185,2816.0202393285026,651.6629756751349,2318.809669283903,0.0010409008468749523,0.0008278410321869467
c016_017,2019-20,C2_pcmc,2341.0194375914334,201.01500137526935,1927.6773767659465,2471.758692563756,631.3797691379253,2035.332657204231,0.0010513510927136606,0.0007266365627602777
c016_018,2019-20,C2_pcmc,2341.34964977611,200.56063503674395,1927.9492850413378,2163.363843795753,634.2940709361152,1781.3895401437107,0.0010514993909018823,0.000635976024757142
c016_019,2019-20,C2_pcmc,2327.2401128147903,199.58652205059414,1916.3309982555768,1929.628071296901,635.7754028294966,1588.9233207044922,0.001045162802292764,0.0005672634280001659
c017_008,2019-20,C3_dehu_talegaon,1248.4132233082767,116.42228598888566,1027.9871618250183,1585.189095302465,595.562445529084,1305.300207184329,0.0005606619857175263,0.0004660067987223016
c017_009,2019-20,C3_dehu_talegaon,1395.590650371801,128.7869953081721,1149.1782087532204,1688.582242700775,640.2296750601273,1390.4377451098615,0.0006267593218956581,0.000496401853654039
c017_010,2019-20,C3_dehu_talegaon,1511.2163197425082,137.71069071675424,1244.3884335981072,1724.0775896631956,697.8752196399665,1419.6658566843275,0.0006786867736231465,0.000506836616961781
c017_011,2019-20,C2_pcmc,1646.9674324201287,149.26173029481456,1356.1706531633959,1850.3958057989482,744.1803643431124,1523.6806989399083,0.0007396525556063802,0.0005439710810431795
c017_012,2019-20,C2_pcmc,1788.796627945378,160.53444861556827,1472.9577789722387,2092.444906105721,755.9667387281942,1722.9924035910979,0.0008033480026837375,0.0006151275927185579
c017_013,2019-20,C2_pcmc,1910.9342423354053,169.56295413934487,1573.5301673647305,2502.1148732882007,759.3941644791481,2060.3289993481203,0.0008581999668701219,0.0007355605369679951
c017_014,2019-20,C2_pcmc,2018.3182657699458,177.7265377395415,1661.9539323608224,2906.446849182574,737.5164615411416,2393.2701061663397,0.0009064260980012882,0.0008544242424186358
c017_015,2019-20,C2_pcmc,2113.171912588787,184.76617032318876,1740.0597464947498,2991.5161613086384,674.3915428838892,2463.319156511335,0.0009490248409375989,0.0008794325382306957
c017_016,2019-20,C2_pcmc,2180.5971634188268,189.52676085939515,1795.5800589538214,2700.439178391669,605.6784184152879,2223.636176585452,0.0009793054998669362,0.0007938630289571025
c017_017,2019-20,C2_pcmc,2210.692330619113,191.13729545475434,1820.361473422412,2345.746165392243,590.1192623979513,1931.5695299456422,0.0009928212299857662,0.000689591963753054
c017_018,2019-20,C2_pcmc,2216.085913756741,191.20892445927674,1824.802738636685,2066.2262039905954,607.7996109692998,1701.4030062098045,0.0009952434864755376,0.0006074199359629505
c017_019,2019-20,C2_pcmc,2206.1837317274762,190.35810101980852,1816.6489352244114,1890.2583223676234,620.0344238430984,1556.5048908865808,0.0009907964196423685,0.0005556896853347631
c018_007,2019-20,C3_dehu_talegaon,1054.6501089546286,100.39486937527904,868.4358287632433,1364.4988442105948,580.0043446334863,1123.5761268664446,0.00047364303203771384,0.00040112926598800014
c018_008,2019-20,C3_dehu_talegaon,1174.2137504680363,109.96208507510848,966.8887177603035,1431.908322259025,601.5016078612467,1179.0834514648482,0.0005273390258152263,0.0004209460027810932
c018_009,2019-20,C3_dehu_talegaon,1295.4691451201834,120.32099677739394,1066.7346555293022,1534.6944403205257,651.7323373469509,1263.7211401790453,0.0005817947853949594,0.0004511626059440067
c018_010,2019-20,C3_dehu_talegaon,1395.088157349026,128.48031427978844,1148.7644384032471,1612.0909440413877,719.91430013877,1327.4521314163446,0.0006265336524372621,0.00047391528386624273
c018_011,2019-20,C3_dehu_talegaon,1522.2612952040192,140.00696170011517,1253.4832531379209,1804.6451957625075,771.8664774257475,1486.0080446576249,0.0006836470686271053,0.0005305215213749645
c018_012,2019-20,C3_dehu_talegaon,1646.7830789848506,149.88947475733264,1356.018850089569,2112.7200514281562,788.4527761247448,1739.6876681929637,0.0007395697625366118,0.0006210879892373938
c018_013,2019-20,C2_pcmc,1758.9555605937142,157.95894904237065,1448.3855992164247,2559.728809648527,786.4883262006297,2107.770331925222,0.0007899463887269596,0.0007524976242370338
c018_014,2019-20,C2_pcmc,1862.2085837470026,165.73436816071313,1533.4077539320926,2904.8761345329026,740.4886202527796,2391.976724724517,0.0008363172889318234,0.0008539624907526873
c018_015,2019-20,C2_pcmc,1958.2975364509387,172.7532455463966,1612.5307621866004,2904.612490043266,650.764055608671,2391.7596306201194,0.0008794708073523849,0.0008538849857250659
c018_016,2019-20,C2_pcmc,2028.271460127292,177.93696168675584,1670.149741110258,2584.7416294516215,575.626221482567,2128.3667635862744,0.0009108960744549452,0.0007598507811051951
c018_017,2019-20,C2_pcmc,2062.270935312994,180.14900200040717,1698.146099485148,2217.8103971303844,573.9456318128659,1826.2227386301074,0.0009261652280613569,0.0006519819789339172
c018_018,2019-20,C2_pcmc,2069.581920272125,180.4514722626135,1704.1662204979375,1959.1475767203292,602.0072959583256,1613.2307151089608,0.0009294485891057674,0.0005759414401458479
c019_006,2019-20,C3_dehu_talegaon,967.3592495068619,93.98235729595288,796.557478565075,975.1417610210781,600.4006039522528,802.965871054037,0.00043444073452977616,0.0002866678125029325
c019_007,2019-20,C3_dehu_talegaon,1031.01658319054,98.33731957955168,848.9751561105115,1218.0337098988273,598.8759900664605,1002.9716067312919,0.0004630292230544294,0.00035807210103063245
c019_008,2019-20,C3_dehu_talegaon,1123.8194268180143,106.30805315470505,925.3922670868673,1330.018809661696,625.5529534074046,1095.1840590848954,0.0005047069509228763,0.0003909929796814754
c019_009,2019-20,C3_dehu_talegaon,1212.5111754826983,113.77995207103899,998.4241585190139,1443.176200946195,669.6604650136446,1188.3618173257264,0.0005445383873372777,0.00042425848334947443
c019_010,2019-20,C3_dehu_talegaon,1291.5064741740498,120.82651882853578,1063.4716535175423,1511.3033534380754,737.9956550669785,1244.4601001905617,0.0005800151511200862,0.00044428619886485883
c019_011,2019-20,C3_dehu_talegaon,1401.4026419883328,131.35346314288722,1153.9640061597845,1678.7626448825251,786.9947881393493,1382.351944428661,0.0006293694855016339,0.0004935151322164619
c019_012,2019-20,C3_dehu_talegaon,1502.5762710350775,139.36126879224142,1237.2739149572003,1983.013524817443,801.3319886732882,1632.8827724490784,0.0006748065304676251,0.0005829574448005395
c019_013,2019-20,C2_pcmc,1597.7137460668052,146.10088642513074,1315.6134431799915,2433.58302530481,784.2266734127313,2003.8974760449798,0.0007175327405650238,0.0007154138508824656
c019_014,2019-20,C2_pcmc,1691.7553688943744,152.8650604437789,1393.0506083261184,2737.1993303399795,716.38034746991,2253.9057728730177,0.0007597668037823946,0.0008046696139763547
c019_015,2019-20,C2_pcmc,1782.179154959068,158.8635978973683,1467.508720001505,2686.932583808821,616.198355943573,2212.514373666424,0.0008003760976480757,0.0007898924207048474
c019_016,2019-20,C2_pcmc,1852.0993471028855,163.5914583670769,1525.0834544998386,2384.6245653887495,558.5787549551202,1963.5833658475049,0.0008317772339362833,0.0007010212618573032
c019_017,2019-20,C2_pcmc,1893.5187895316126,166.35416820149896,1559.1896737161403,2031.8185945243208,577.3281672422937,1673.0705757772848,0.0008503786924965059,0.0005973049408582143
c020_005,2019-20,C3_dehu_talegaon,956.217132848928,92.13135645694625,787.3826695626841,369.3705782537963,613.0975646159363,304.1526678118362,0.0004294368134450739,0.00010858591017585416
c020_006,2019-20,C3_dehu_talegaon,978.7445500927829,94.81176636369852,805.9325337289657,746.5646897871729,625.2987107931021,614.7475068706309,0.0004395538694400087,0.00021947174766581782
c020_007,2019-20,C3_dehu_talegaon,1029.7224572805662,98.91307108118215,847.9095275218359,959.8489819664427,632.6573929197577,790.3732612968832,0.000462448031515516,0.0002821721097303505
c020_008,2019-20,C3_dehu_talegaon,1099.2532633201938,105.81290047234663,905.1636278674492,1133.2611106164923,656.7373463081959,933.1668801313574,0.0004936742946268701,0.00033315103153299525
c020_009,2019-20,C3_dehu_talegaon,1152.5670362988792,110.10060264089151,949.064055343944,1321.1718696589876,692.7864165856791,1087.8991789070644,0.0005176174932939849,0.0003883921958372214
c020_010,2019-20,C3_dehu_talegaon,1207.83590853131,114.81806994860473,994.5743800046564,1456.3494117847613,755.401562704868,1199.2091003961302,0.0005424387264206955,0.00042813108494001395
c020_011,2019-20,C3_dehu_talegaon,1287.270990270812,121.72180341862015,1059.9840077642343,1597.9399957884991,787.7912114770653,1315.7997451230704,0.0005781129966320306,0.0004697552514046547
c020_012,2019-20,C3_dehu_talegaon,1356.467318489525,126.73897710027902,1116.9626873602144,1884.3115331813829,785.9619823170142,1551.6080964411206,0.0006091890458592705,0.0005539414748533961
c020_013,2019-20,C3_dehu_talegaon,1428.6283926265182,132.07310715260112,1176.3826425572242,2256.8318589997943,748.5297143264235,1858.3543766874948,0.0006415965615454174,0.0006634533337275598
c020_014,2019-20,C2_pcmc,1509.9565516561022,138.01599155459002,1243.351096444412,2424.271436166357,658.9958712843337,1996.2299874988778,0.000678121012171985,0.0007126764715639435
c020_015,2019-20,C2_pcmc,1594.9731291847443,143.7341635623145,1313.3567232753642,2282.8701926390017,563.470437261513,1879.7952523500335,0.0007163019303857503,0.0006711079665655148
c020_016,2019-20,C2_pcmc,1665.5901037696024,148.38504066462875,1371.5052128338025,2010.8138302356656,552.0043625674699,1655.7745173706958,0.0007480159914489549,0.0005911300542197182
c021_004,2019-20,C3_dehu_talegaon,969.8275908666345,90.94878705313027,798.5899972707996,111.35877755193917,611.1025200953977,91.6967167141689,0.0004355492658576738,3.273675524919401e-05
c021_005,2019-20,C3_dehu_talegaon,974.5426132713392,92.04911680056642,802.4725118174729,377.5560319792348,612.6883563087532,310.8928570267222,0.00043766678093582964,0.0001109922332435468
c021_006,2019-20,C3_dehu_talegaon,987.3589434292687,94.68265887996563,813.0259268391023,719.2400579763472,625.5037462857947,592.2474482532702,0.0004434225907765123,0.00021143897464576442
c021_007,2019-20,C3_dehu_talegaon,1028.781876127009,99.66892681484177,847.1350200651228,908.1054910801123,643.3507962939184,747.7658590793703,0.0004620256168154503,0.00026696078975968506
c021_008,2019-20,C3_dehu_talegaon,1076.5035930040892,105.7514457746651,886.4307527391854,1130.873142561605,671.9123775824356,931.200543619183,0.00048345742484713,0.0003324490273670526
c021_009,2019-20,C3_dehu_talegaon,1102.8735328535267,107.32716475140577,908.1446845665687,1298.632285276858,708.8423301546176,1069.3392958930897,0.0004953001565350068,0.00038176610965382933
c021_010,2019-20,C3_dehu_talegaon,1144.2953904643675,109.7318273736217,942.2528925283915,1417.9179593098268,758.2470398503166,1167.5632967335994,0.0005139026997527567,0.0004168331784686884
c021_011,2019-20,C3_dehu_talegaon,1198.2611958267762,113.35218569128679,986.6902263008526,1539.1126159355315,761.4812456795408,1267.3592206848562,0.0005381387259582097,0.0004524614414461201
c021_012,2019-20,C3_dehu_talegaon,1239.8548038193155,116.26786981600019,1020.9398595408832,1848.7504542528607,739.8670691958305,1522.3258588641322,0.0005568184022183313,0.0005434873879563186
c021_013,2019-20,C3_dehu_talegaon,1291.8971789400089,120.25791535847328,1063.793373502537,2111.6005471109765,695.3639019602922,1738.7658291382484,0.0005801906165075254,0.000620758882366453
c021_014,2019-20,C2_pcmc,1368.5456511196182,125.91184761762717,1126.9084093761066,2123.0552626517047,611.1264614847943,1748.1980430065232,0.0006146134212424465,0.0006241262883972084
c022_003,2019-20,C3_dehu_talegaon,952.7220604322747,91.10436522762105,784.5047045532722,187.30618291998442,654.2047231889252,154.2344696269255,0.0004278671775226389,5.5063433720366985e-05
c022_004,2019-20,C3_dehu_talegaon,982.1992751696956,91.56875346055419,808.7772753260549,157.19575620254932,637.6544623905609,129.44048993759554,0.00044110538538486314,4.621170517622314e-05
c022_005,2019-20,C3_dehu_talegaon,984.6608611809538,92.17680618278303,810.8042314412711,460.31576665443686,621.3953489992697,379.04012042777987,0.00044221088288786883,0.00013532156980874643
c022_006,2019-20,C3_dehu_talegaon,991.2764956435238,94.3929212958963,816.2517765071806,754.4953125947591,622.6919399698329,621.2778593847376,0.0004451819622430976,0.00022180315668029387
c022_007,2019-20,C3_dehu_talegaon,1024.5014578507364,99.3611753902147,843.6103737756604,887.401323733502,638.5628394954341,730.7173227203986,0.00046010328231460546,0.0002608742712654585
c022_008,2019-20,C3_dehu_talegaon,1053.3008709716462,104.17204111015442,867.3248189638781,1108.2527976013432,666.649003366462,912.574159517306,0.00047303708968415565,0.0003257991995501925
c022_009,2019-20,C3_dehu_talegaon,1057.7848560465657,104.05000668853418,871.0170892833298,1202.0215417558122,711.6394692540886,989.7866268090323,0.0004750508459702114,0.00035336491547211337
c022_010,2019-20,C3_dehu_talegaon,1093.259262803928,105.66059894613952,900.2279579597201,1260.661792861026,754.8897905121963,1038.0730628839485,0.0004909823908813011,0.000370603714158524
c022_011,2019-20,C3_dehu_talegaon,1138.2958575161203,108.44381317431134,937.3126670224483,1335.8881309805558,739.7608781815404,1100.017063775782,0.0005112083113937259,0.00039271841650575064
c022_012,2019-20,C3_dehu_talegaon,1167.3352545708537,110.4841432321104,961.2247233849222,1615.7961252055588,701.4546875424425,1330.5031073255154,0.0005242498954724344,0.0004750045164493574
c023_002,2019-20,C3_dehu_talegaon,873.278655244059,86.75850030593831,719.0882229745743,333.89482933363337,719.1745047475592,274.9406939515994,0.000392189169253106,9.815690821290106e-05
c023_003,2019-20,C3_dehu_talegaon,931.0692842472747,89.49158085472709,766.6750504608034,65.46481280711008,677.750419256559,53.90601914536854,0.00041814292255199013,1.9245052805119848e-05
c023_004,2019-20,C3_dehu_talegaon,964.6519682751941,90.86112486208825,794.3282084022445,147.65365184899247,656.5342130271918,121.58318709178226,0.0004332248953806039,4.340656002599946e-05
c023_005,2019-20,C3_dehu_talegaon,973.0320722413528,91.5595591136373,801.2286794411056,515.6290194085972,630.7947882799635,424.58698956408836,0.00043698839743462343,0.000151582312403601
c023_006,2019-20,C3_dehu_talegaon,982.2362232594909,93.44125643066262,808.8076996769464,790.0308673995227,629.6646274314764,650.5390795044846,0.00044112197876036284,0.00023224974010965378
c023_007,2019-20,C3_dehu_talegaon,1010.654335636032,97.8164791596889,832.208168480833,851.7112158263368,642.7964350802321,701.3288381643874,0.0004538845440856109,0.00025038225300646463
c023_008,2019-20,C3_dehu_talegaon,1026.4191603626873,101.01050640477705,845.1894771732206,977.3211315411417,668.4134667750394,804.7604410519007,0.0004609645219092299,0.0002873084940987713
c023_009,2019-20,C3_dehu_talegaon,1019.5020241218311,100.22392781103056,839.4936649858493,994.2115765226465,721.3933754785784,818.668624876233,0.0004578580382002542,0.0002922738715532032
c023_010,2019-20,C3_dehu_talegaon,1048.206928515643,101.41145889715426,863.1302883789089,1002.2112557544322,758.7170842871834,825.2558408680675,0.0004707494017302064,0.0002946255814663341
c023_011,2019-20,C3_dehu_talegaon,1082.6990339666368,103.83515859440392,891.5322957639112,1062.1431887985266,739.8745123893552,874.6058930802845,0.0004862397954337318,0.0003122441030306581
c024_001,2019-20,C3_dehu_talegaon,789.5263048924952,82.63880037490144,650.123605068714,425.49320558066194,750.5118686127938,350.36600431192653,0.0003545760150667197,0.00012508458908676805
c024_002,2019-20,C3_dehu_talegaon,842.4420845183595,84.34575523742805,693.6963108825789,145.10194736020617,700.6415241892663,119.48202426663022,0.0003783404750443292,4.2656421355711836e-05
c024_003,2019-20,C3_dehu_talegaon,896.5872612527476,86.99397989204098,738.2813453234974,-41.13428771912696,676.7569315448432,-33.87141284359599,0.0004026570568764909,-1.2092473884987766e-05
c024_004,2019-20,C3_dehu_talegaon,929.1841307486129,88.70675723741068,765.1227490605039,141.15193972139303,666.9770946026658,116.2294496655296,0.00041729630070899075,4.1495215780839575e-05
c024_005,2019-20,C3_dehu_talegaon,939.8316276060281,89.35510995616107,773.890270799812,525.6373798710259,644.3618630522141,432.82822401611503,0.00042207808819693483,0.00015452452543886374
c024_006,2019-20,C3_dehu_talegaon,951.0841404609763,90.76545586625525,783.1559838963973,767.017035605727,638.1901048867862,631.5886845657565,0.00042713158817897517,0.00022548423679377718
c024_007,2019-20,C3_dehu_talegaon,974.6291135013456,94.30712809970483,802.5437391357049,804.1634760443075,641.4586014366675,662.1763643222764,0.00043770562816190426,0.00023640438117529565
c024_008,2019-20,C3_dehu_talegaon,978.833243373506,95.92036300423304,806.0055668819484,844.9401647178058,666.345228852302,695.7533175902097,0.0004395937015644701,0.0002483917296926075
c024_009,2019-20,C3_dehu_talegaon,969.5381863052902,94.82420096622475,798.3516914213573,813.2478796976827,720.2377767241954,669.6567803849634,0.00043541929436024846,0.00023907497352125347
c024_010,2019-20,C3_dehu_talegaon,997.6349617876225,95.81510644555846,821.4875601747958,799.7219922164271,754.0680034517445,658.5190910178371,0.0004480375473874306,0.00023509869362903324
c025_001,2019-20,C3_dehu_talegaon,762.5938041092379,81.47624060267773,627.9464408700983,218.41012438405502,703.1421246572503,179.84654414700276,0.0003424806374404998,6.420723128513116e-05
c025_002,2019-20,C3_dehu_talegaon,814.0555474952996,83.00019099127348,670.3218423303739,-48.70503963244368,672.5371606826658,-40.1054350623193,0.0003655920902003929,-1.4318089663887818e-05
c025_003,2019-20,C3_dehu_talegaon,863.9048819088465,85.04013847065946,711.3695297834523,-149.59989200424977,673.2467613103183,-123.18578938409938,0.0003879794105981478,-4.3978707000126356e-05
c025_004,2019-20,C3_dehu_talegaon,891.7932560552528,86.26395094366706,734.3337935796225,125.3591785143088,680.2545952359058,103.22513709694842,0.00040050407065094856,3.685253049180481e-05
c025_005,2019-20,C3_dehu_talegaon,900.1456184661957,86.35495666293478,741.211421250536,505.7560424484931,668.6494629078206,416.45723462839027,0.00040425511398125083,0.00014867989880469894
c025_006,2019-20,C3_dehu_talegaon,905.1880594030011,86.81465977934538,745.3635436812489,699.9729052362248,660.1693782494024,576.3822000389964,0.00040651967261913594,0.0002057749032769131
c025_007,2019-20,C3_dehu_talegaon,917.1869068604464,89.19189983658912,755.2438148227734,724.9340903630454,652.5787552968645,596.9361138995938,0.0004119083512362894,0.00021311288081393676
c025_008,2019-20,C3_dehu_talegaon,910.5863156980604,89.67677113917922,749.8086569369834,693.905395324263,670.2525634766375,571.3859999208864,0.00040894402782243924,0.00020399120385665586
c025_009,2019-20,C3_dehu_talegaon,906.4156507497466,88.84192280114958,746.3743853808247,624.6490053082656,700.203247227811,514.3578633379312,0.0004070709835066417,0.00018363152014569764
c026_001,2019-20,C3_dehu_talegaon,727.874675526428,79.08014278274304,599.3574946890409,29.269240714609793,649.1821638427201,24.101317680095672,0.0003268882877199189,8.604440446169748e-06
c026_002,2019-20,C3_dehu_talegaon,780.1171487105654,81.72021703757642,642.3757764026587,-223.23632524424522,643.0130442116573,-183.8206069268867,0.0003503503659864356,-6.562601622347879e-05
c026_003,2019-20,C3_dehu_talegaon,829.0159655380868,83.96297979145156,682.640774392601,-239.02670321517544,673.9562246923426,-196.8229570553686,0.0003723108092354301,-7.026800089941066e-05
c026_004,2019-20,C3_dehu_talegaon,856.841083030624,85.10677417408763,705.5529504450151,85.2921399231761,700.9577913023177,70.23253455555323,0.0003848070607448849,2.5073801731010494e-05
c026_005,2019-20,C3_dehu_talegaon,863.559153104896,84.50906452384041,711.0848445804293,427.3466125140608,703.0963087348122,351.89216447876817,0.000387824143901093,0.00012562944536563243
c026_006,2019-20,C3_dehu_talegaon,856.0876497450682,83.29693021554023,704.9325470958817,548.083838918184,693.3220427585666,451.31142436844874,0.00038446869409344397,0.00016112323505288712
c026_007,2019-20,C3_dehu_talegaon,850.5243072836994,83.85048443776668,700.351496110241,534.6809565670811,683.1853655712472,440.27502173257034,0.0003819701987448029,0.00015718311565855245
c026_008,2019-20,C3_dehu_talegaon,833.530574345601,83.62690282261057,686.3582613657751,432.1214639759134,695.8208754817067,355.82394436603863,0.000374338318630157,0.00012703313483757386
c027_001,2019-20,C3_dehu_talegaon,678.1751792896032,74.93437428618799,558.4331892373269,-83.41033133450281,617.9228707954848,-68.68298747126182,0.0003045682596001766,-2.45205960605864e-05
c027_002,2019-20,C3_dehu_talegaon,732.1010553526854,78.70217038782715,602.8376438265802,-338.2330523534233,627.1364185683923,-278.5129386909333,0.00032878635356986774,-9.943223960874942e-05
c027_003,2019-20,C3_dehu_talegaon,783.7643763160407,82.00378918246582,645.3790313223293,-292.3222179774681,679.4776113923973,-240.70835007716593,0.00035198833475628787,-8.593557790598492e-05
c027_004,2019-20,C3_dehu_talegaon,817.4939821496271,84.1288869567532,673.1531698230899,4.071163700496431,720.4470115687265,3.352338744624878,0.0003671362901215909,1.196822491881187e-06
c027_005,2019-20,C3_dehu_talegaon,826.1626041615827,83.62822068787465,680.29121672345,254.60044098266792,726.3427309192367,209.64691805458523,0.0003710293655391825,7.484629865749925e-05
c027_006,2019-20,C3_dehu_talegaon,808.1178134751975,81.09588106656913,665.4325042257828,303.04774865708777,713.8962494772481,249.5401275980668,0.00036292545572054425,8.908862143335901e-05
c028_002,2019-20,C3_dehu_talegaon,676.1270854057487,74.18801749266049,556.7467170184286,-399.35659987489925,639.4970925919292,-328.84420798874555,0.0003036484612814638,-0.00011740106666631793
c028_003,2019-20,C3_dehu_talegaon,730.6305664893774,78.07701139286537,601.6267918067006,-331.857641572358,699.4241349411392,-273.26320221591556,0.00032812595748411263,-9.755802486842091e-05
c028_004,2019-20,C3_dehu_talegaon,768.5505323972803,80.9763579997923,632.8514195200044,-113.51642275063297,736.9964514953933,-93.47339732169472,0.00034515580224010316,-3.337105013224705e-05
c028_005,2019-20,C3_dehu_talegaon,779.2901995522816,81.10448545682354,641.6948375097295,26.074643119268583,732.988435383311,21.470774159813764,0.0003499789833796876,7.665306936468897e-06
c028_006,2019-20,C3_dehu_talegaon,755.8344574368058,78.31447114131451,622.3805581384404,38.699161099380916,723.3001023788054,31.866244317838444,0.0003394450169770476,1.1376606255116903e-05
c029_004,2019-20,C3_dehu_talegaon,715.4906260569833,76.75018152722328,589.1600347228135,-196.62939886367582,741.8313754422197,-161.911532091579,0.0003213266150003979,-5.780423103507938e-05
c029_005,2019-20,C3_dehu_talegaon,723.8975556772056,76.99814880997654,596.0825949445431,-161.57828358122592,733.0956487828144,-133.04921643737381,0.0003251021644472154,-4.750006096929667e-05
c029_006,2019-20,C3_dehu_talegaon,695.9619864673756,74.0159015538681,573.0794690805933,-191.70331376195625,734.4687723296562,-157.8552211297279,0.0003125563091062832,-5.6356082574249874e-05
c029_007,2019-20,C3_dehu_talegaon,653.6171870374311,70.30224157833294,538.2112785076957,-267.4555001852284,764.1589045807575,-220.23222392767877,0.0002935392730080196,-7.862537145337152e-05
c030_004,2019-20,C3_dehu_talegaon,665.5332265631646,73.03240286784076,548.0233626986917,-302.21292356885044,715.0670421821919,-248.85270338863458,0.00029889076260910066,-8.884320328859923e-05
c030_005,2019-20,C3_dehu_talegaon,675.7869805865985,73.72230585886493,556.4666628014164,-340.2166625672009,703.2391637755818,-280.1463127979655,0.0003034957203142129,-0.00010001537246550112
c030_006,2019-20,C3_dehu_talegaon,645.7207821515618,71.22054827954324,531.7091022284867,-417.76015137057226,723.3441680727792,-343.99833669895213,0.00028999300005874007,-0.00012281126040473953
c030_007,2019-20,C3_dehu_talegaon,603.8669787336653,67.95802943818336,497.2452149643566,-526.0746594549629,771.5175643940623,-433.18829533707094,0.0002711964701149729,-0.00015465307493473207
c030_008,2019-20,C3_dehu_talegaon,578.2476037994062,65.59869079732981,476.14932456950083,-693.6390332545043,785.2750839060234,-571.1666680658589,0.0002596908168943032,-0.00020391289992698766
c031_004,2019-20,C3_dehu_talegaon,609.1173474601076,67.72816492719706,501.56855241774196,-543.6229825496494,684.1176051162354,-447.63819903569635,0.0002735544090577499,-0.00015981185245378832
c031_005,2019-20,C3_dehu_talegaon,622.9567163697018,68.94677935156757,512.9643733696562,-629.3663133967017,666.4596094879859,-518.2422599966233,0.0002797696652798594,-0.0001850182932741486
c031_006,2019-20,C3_dehu_talegaon,600.8982420074796,67.70600899991142,494.8006531923577,-685.1671515393382,701.835723409641,-564.1906240148257,0.0002698632113854915,-0.00020142237404024147
c031_007,2019-20,C3_dehu_talegaon,572.5822343471095,66.05563221908135,471.48426098700907,-748.7401877940785,761.7244363816267,-616.5388881055624,0.00025714650125614394,-0.0002201112908375625
c031_008,2019-20,C3_dehu_talegaon,548.909614509695,64.12354856400052,451.9913969054042,-876.1396027903619,782.7062761092117,-721.4440273615708,0.00024651513513683173,-0.0002575636009231198
c032_004,2019-20,C3_dehu_talegaon,550.5811266253897,62.572489528937645,453.3677785102191,-807.4412042151861,671.8867887087669,-664.8753604693105,0.0002472658107019726,-0.00023736795303969937
c032_005,2019-20,C3_dehu_talegaon,567.4340317163127,63.47021661771598,467.2450506741701,-939.0770777496965,661.8330986265137,-773.2689480272046,0.00025483444507477007,-0.00027606567825406964
c032_006,2019-20,C3_dehu_talegaon,559.7039658851253,63.0870833278703,460.8798437970233,-995.2718511601362,712.3886849977044,-819.5416921387375,0.00025136287494260197,-0.0002925855663478793
c032_007,2019-20,C3_dehu_talegaon,547.2730190244972,62.7575983834228,450.64376687676213,-1019.2745618306626,775.0956253344784,-839.3063645706062,0.0002457801406194589,-0.0002996417758520807
c033_005,2019-20,C3_dehu_talegaon,514.1825064447975,59.34675315870379,423.3958801393908,-1183.881390267037,657.5670747226735,-974.8493908875755,0.00023091920183335637,-0.0003480321548893712
c033_006,2019-20,C3_dehu_talegaon,515.1982944227447,59.23721849088591,424.23231552870743,-1282.822733779381,720.1472792941133,-1056.3211576114793,0.0002313753918945884,-0.0003771184884303381
c000_021,2020-21,C1_shivajinagar_kasarwadi,4225.7170258063215,312.20870064908223,3479.6033644395466,5464.908472273808,853.4855551349849,4499.996992309177,0.0013665486877754642,0.0016065493448204527
c000_022,2020-21,C1_shivajinagar_kasarwadi,4358.649411307377,321.45854183979924,3589.064545348646,5350.234602441374,886.6763747051458,4405.5705125317945,0.0014095375050246896,0.0015728380335730623
c000_023,2020-21,C1_shivajinagar_kasarwadi,4430.2625874771975,325.9359734800918,3648.0333421745913,5202.663927460463,869.0155160256835,4284.055651498663,0.0014326963893808015,0.0015294558667155354
c001_020,2020-21,C1_shivajinagar_kasarwadi,3939.6673293511726,291.2410353922057,3244.060028219033,5161.627885531475,840.0962288841997,4250.265137678788,0.0012740434786140049,0.0015173922746884196
c001_021,2020-21,C1_shivajinagar_kasarwadi,4086.80811306779,302.5797362886784,3365.2209017323084,5073.1110644294895,894.5206077067875,4177.377287726935,0.0013216271297856845,0.0014913704956104224
c001_022,2020-21,C1_shivajinagar_kasarwadi,4204.1287929480395,310.7908171212497,3461.8268575823113,4878.776959370718,915.8930679760635,4017.3557809250638,0.0013595672995036718,0.001434241024779864
c001_023,2020-21,C1_shivajinagar_kasarwadi,4266.155668532223,315.2761919990146,3512.901958837397,4742.874543314287,891.1410033083879,3905.4489728597064,0.0013796260835913746,0.0013942890404817386
c001_024,2020-21,C1_shivajinagar_kasarwadi,4249.041384956854,313.72512118608904,3498.8094584770674,4628.408792682235,837.5951039827556,3811.1938657193064,0.0013740915194879783,0.0013606389111858327
c001_025,2020-21,C1_shivajinagar_kasarwadi,4178.016561668407,308.0523190242871,3440.3251320150875,4413.733926261677,795.7802372112917,3634.423063771192,0.0013511229017429717,0.0012975297543267304
c002_020,2020-21,C1_shivajinagar_kasarwadi,3807.4845033623815,282.45972383184153,3135.2160608584973,4589.587949411592,809.3415747426941,3779.2274240408947,0.0012312970603615974,0.0013492265333503665
c002_021,2020-21,C1_shivajinagar_kasarwadi,3931.2484128205842,292.1675697203523,3237.127597555581,4438.545826928387,877.3826235569381,3654.8540515800723,0.0012713208970338593,0.001304823845886011
c002_022,2020-21,C1_shivajinagar_kasarwadi,4033.0151156675365,299.2002294864069,3320.9258640868347,4257.12200681734,895.8160524630099,3505.4633254636165,0.0013042310879873586,0.0012514896828688296
c002_023,2020-21,C1_shivajinagar_kasarwadi,4089.12699983357,303.15423438830044,3367.1303542921196,4173.457811097026,870.259424792995,3436.571297167902,0.0013223770313166023,0.0012268944568917923
c002_024,2020-21,C1_shivajinagar_kasarwadi,4071.500518892344,301.4606589162671,3352.616092685921,4112.1427896292025,806.1234340505507,3386.0823615181203,0.001316676828427192,0.001208869341180056
c002_025,2020-21,C1_shivajinagar_kasarwadi,4015.5572532046726,297.0824798710376,3306.550448839972,3974.439812792712,753.5618578096448,3272.692908659013,0.0012985854143905942,0.0011683880360788118
c003_019,2020-21,C1_shivajinagar_kasarwadi,3544.020832116784,262.23690716533895,2918.270848655404,4091.517303742746,725.8270352178567,3369.098614228506,0.0011460959141375486,0.0012028059531094953
c003_020,2020-21,C1_shivajinagar_kasarwadi,3669.5681261059754,272.0764690104098,3021.650886621319,4058.7687589453703,776.362744394033,3342.1323157372567,0.001186696477025915,0.0011931786824141168
c003_021,2020-21,C1_shivajinagar_kasarwadi,3772.4726095561678,280.6563548866886,3106.3860415411823,3844.911610677505,834.6652893075739,3166.03485154884,0.001219974613249019,0.0011303099146793925
c003_022,2020-21,C1_shivajinagar_kasarwadi,3857.55707590591,287.3188475935642,3176.4475704045863,3649.827487025019,844.8590525817539,3005.395753174664,0.0012474899591962856,0.001072959956737943
c003_023,2020-21,C1_shivajinagar_kasarwadi,3899.589156421463,290.6327719422869,3211.0582572733797,3576.409599114989,822.4640799087844,2944.940893509034,0.0012610826546186776,0.0010513768944930076
c003_024,2020-21,C1_shivajinagar_kasarwadi,3879.283640266171,288.6639025286785,3194.337984264291,3540.324378924895,760.1079398477526,2915.2270596642243,0.0012545160822980137,0.0010407687228926557
c003_025,2020-21,C1_shivajinagar_kasarwadi,3833.6277115223515,284.6602763287945,3156.74329387366,3464.054645883739,712.5731445652367,2852.423890858979,0.0012397514756920774,0.0010183472879741094
c004_019,2020-21,C1_shivajinagar_kasarwadi,3393.4273788509145,250.78430334126514,2794.2669261384904,3711.928220382659,695.2131857104316,3056.531671506578,0.0010973957090146603,0.0010912160525160806
c004_020,2020-21,C1_shivajinagar_kasarwadi,3493.5616171596153,258.51020238674636,2876.7209642074645,3584.439482621679,750.4257004951864,2951.552980758441,0.0011297779795563182,0.0010537374837237528
c004_021,2020-21,C1_shivajinagar_kasarwadi,3576.2739518414032,265.25488213646076,2944.8291967942127,3293.4443941734967,797.091339315663,2711.937435605729,0.0011565262051786136,0.0009681920494197299
c004_022,2020-21,C1_shivajinagar_kasarwadi,3642.2383714175025,270.94433876897904,2999.146609647124,3051.141351954024,806.5042558890158,2512.4166262917315,0.0011778583460818222,0.0008969608850368924
c004_023,2020-21,C1_shivajinagar_kasarwadi,3671.1315471269622,273.84930555247996,3022.938262233893,2951.2406932574377,793.51759309409,2430.154925854268,0.0011872020695517804,0.0008675925363096623
c004_024,2020-21,C1_shivajinagar_kasarwadi,3652.9366463993265,272.23037915825967,3007.9559438720894,2910.1996773803803,740.8214843095456,2396.360316311388,0.00118131804618682,0.0008555274820635445
c004_025,2020-21,C1_shivajinagar_kasarwadi,3614.0351281377966,268.54677267859125,2975.92307158131,2878.0667016256352,706.9905737659286,2369.900898924269,0.001168737738890303,0.000846081173601504
c005_019,2020-21,C1_shivajinagar_kasarwadi,3231.723029725073,238.5391780434922,2661.1139029174383,3303.311231433662,669.5535247981186,2720.0621348975133,0.0010451023669011195,0.0009710926580971108
c005_020,2020-21,C1_shivajinagar_kasarwadi,3301.3437392386163,243.67390193273786,2718.4420329314844,3092.152705923201,720.8766112522212,2546.186811181038,0.0010676169102665915,0.0009090172194080275
c005_021,2020-21,C1_shivajinagar_kasarwadi,3360.1768512508365,248.5586935109848,2766.8872774303413,2715.2118853308066,755.8140534019334,2235.800540752145,0.0010866428676430688,0.0007982058432557694
c005_022,2020-21,C1_shivajinagar_kasarwadi,3408.434481279144,253.3122640859706,2806.624299758366,2402.278185797811,768.424261179673,1978.11997504182,0.0011022488347695008,0.0007062109942097807
c005_023,2020-21,C1_shivajinagar_kasarwadi,3430.233025816737,255.94246034048712,2824.5739846165043,2249.705217868516,765.4320258544418,1852.4860508374413,0.0011092982354395748,0.0006613582756495858
c005_024,2020-21,C1_shivajinagar_kasarwadi,3420.308115921186,255.20117230918117,2816.401466283304,2182.484422375745,729.4584275746236,1797.1340940621728,0.0011060886327825046,0.0006415970069101136
c005_025,2020-21,C1_shivajinagar_kasarwadi,3389.4790576511377,252.11368234754113,2791.015740210344,2172.401784621669,715.458401711825,1788.8316970873507,0.0010961188669730564,0.0006386329581689399
c006_018,2020-21,C1_shivajinagar_kasarwadi,3061.7916465967837,227.30483860943406,2521.1864518254583,2977.461514272173,672.2832787171953,2451.7460680116947,0.000990148495828429,0.000875300815969898
c006_019,2020-21,C1_shivajinagar_kasarwadi,3102.305944181576,229.41951486471774,2554.5473430832085,2936.4246575742436,659.6214864480439,2417.954883282544,0.0010032503575627882,0.0008632369844206536
c006_020,2020-21,C1_shivajinagar_kasarwadi,3139.3636257438175,231.93439856521934,2585.061935673019,2675.9782240285585,697.6304540233637,2203.4941702515,0.0010152343891014879,0.000786672107022158
c006_021,2020-21,C1_shivajinagar_kasarwadi,3171.1846018321107,234.74069044875856,2611.2644416099724,2261.02696253545,717.309680371805,1861.808771832199,0.001025524929819579,0.0006646865914977228
c006_022,2020-21,C1_shivajinagar_kasarwadi,3198.872041253383,238.07055584070258,2634.063248717647,1888.5300676210063,728.3647751628499,1555.0817854125958,0.0010344787319265202,0.000555181620735887
c006_023,2020-21,C1_shivajinagar_kasarwadi,3209.3771150257903,239.9737072827935,2642.713494301751,1653.1564009621795,724.6249919042328,1361.2668665704498,0.0010378759529640384,0.0004859875231810579
c006_024,2020-21,C1_shivajinagar_kasarwadi,3201.3895797969203,239.68250074342637,2636.136278107145,1507.344066191405,698.4575918048828,1241.1998844354216,0.0010352928751765499,0.00044312226531238204
c006_025,2020-21,C1_shivajinagar_kasarwadi,3174.1299126905496,237.02977494611534,2613.689713702201,1458.3672715792502,700.4019079587847,1200.8706768071847,0.0010264774097570927,0.000428724286335284
c007_018,2020-21,C1_shivajinagar_kasarwadi,3015.728543575401,224.45725476465566,2483.2564798772905,2836.0116043936678,676.5461129439852,2335.271259285239,0.0009752522137053436,0.0008337180042552722
c007_019,2020-21,C1_shivajinagar_kasarwadi,3019.4031190820556,223.8915444495015,2486.282254016391,2717.2877490666547,669.4190089336093,2237.5098796395487,0.0009764405295121248,0.0007988160963902333
c007_020,2020-21,C1_shivajinagar_kasarwadi,3023.629631775449,224.11735312554492,2489.7625125613827,2435.974807291706,689.8079034179956,2005.866953082317,0.0009778073355097227,0.0007161169762510782
c007_021,2020-21,C1_shivajinagar_kasarwadi,3027.501263341583,224.5620719126523,2492.950549559866,2053.5498191545653,694.4721536827537,1690.9648270664757,0.0009790593769985255,0.0006036933890580318
c007_022,2020-21,C1_shivajinagar_kasarwadi,3029.8185662562987,225.6445925339237,2494.858697921251,1682.0314395901246,702.1492508975737,1385.0435844492217,0.0009798087663300742,0.0004944760778612956
c007_023,2020-21,C1_shivajinagar_kasarwadi,3019.992069200442,226.17641719938223,2486.7672161662254,1374.6422730709262,693.0624483219719,1131.9285813667852,0.000976630989262868,0.0004041111858266353
c007_024,2020-21,C1_shivajinagar_kasarwadi,3003.191918597277,225.519927545575,2472.9333838947164,1135.9737338862637,670.9032103675098,935.4005491154164,0.0009711980121796938,0.00033394847638662934
c008_017,2020-21,C1_shivajinagar_kasarwadi,3065.7987739982395,229.03125973654383,2524.486060839193,2808.6143799497213,709.0721949998928,2312.711425351903,0.0009914443551249147,0.0008256638907776849
c008_018,2020-21,C1_shivajinagar_kasarwadi,3014.4022429359875,224.14759680908813,2482.164357489781,2812.1787101156515,683.2385091204878,2315.646419617161,0.0009748233032062926,0.0008267117166144489
c008_019,2020-21,C1_shivajinagar_kasarwadi,2977.7961803877224,220.86292241745798,2452.021643809723,2623.9203438265963,685.1223190036627,2160.627888863012,0.0009629853201055636,0.0007713683642869377
c008_020,2020-21,C1_shivajinagar_kasarwadi,2950.17454490543,218.93981185661823,2429.277021969559,2332.2514602063825,689.0644792405755,1920.4575171724066,0.0009540527982419313,0.0006856248506925365
c008_021,2020-21,C1_shivajinagar_kasarwadi,2924.649193152317,217.0776366484082,2408.258553554323,2016.0171004089514,683.95579480025,1660.0590722262348,0.0009457981906261815,0.0005926596883078694
c008_022,2020-21,C1_shivajinagar_kasarwadi,2896.3466223122437,215.64160000541386,2384.953225697303,1702.1103144163103,691.4944403902971,1401.5772330519756,0.0009366454620345658,0.0005003787756576814
c008_023,2020-21,C1_shivajinagar_kasarwadi,2861.9958292693664,214.5819557616466,2356.6675798972615,1382.7774808096112,683.4691622356299,1138.6273962767928,0.0009255368073683598,0.00040650273780392293
c008_024,2020-21,C1_shivajinagar_kasarwadi,2830.7447324361065,213.15846149527968,2330.934332493482,1111.0426388004541,670.7919525998298,914.8714124482038,0.0009154305591013248,0.00032661934458525096
c009_017,2020-21,C1_shivajinagar_kasarwadi,3143.519969727215,233.4548738795824,2588.4844148452107,2865.8284622875653,675.0602438319754,2359.823504125823,0.0010165785033386147,0.0008424834307499843
c009_018,2020-21,C1_shivajinagar_kasarwadi,3057.5766265071024,226.36632059818868,2517.715656692782,2791.4527665348155,670.9779200643922,2298.579951944423,0.0009887854064077875,0.000820618796440303
c009_019,2020-21,C1_shivajinagar_kasarwadi,2988.604507984182,221.20810823871543,2460.9215992111212,2562.9261014161016,681.0162922134562,2110.403093921258,0.0009664806099708784,0.0007534375497674352
c009_020,2020-21,C1_shivajinagar_kasarwadi,2934.1730817696125,217.71335480018217,2416.1008569250666,2290.4549065175515,675.691813851882,1886.0407713398142,0.0009488781075758977,0.0006733376868204936
c009_021,2020-21,C1_shivajinagar_kasarwadi,2874.67785736594,213.36543712232947,2367.110405898923,2039.8559553555542,667.8857605789979,1679.6888201175427,0.0009296380306040536,0.000599667728239378
c009_022,2020-21,C1_shivajinagar_kasarwadi,2807.5827138097525,208.96405553912544,2311.8619153279965,1775.9128506551717,675.8547067883962,1462.3488256202008,0.0009079402264626799,0.0005220749150975607
c009_023,2020-21,C1_shivajinagar_kasarwadi,2744.4151635767385,206.00773694981356,2259.8475426258256,1471.547302376699,674.8314147681971,1211.7235756705365,0.0008875125612040377,0.000432598892826826
c009_024,2020-21,C1_shivajinagar_kasarwadi,2690.7071991705857,203.20359463453516,2215.622524125163,1204.4857792701512,676.1666201853559,991.8157662647287,0.0008701440181061207,0.0003540893409925459
c010_016,2020-21,C2_pcmc,3314.3843431873893,245.46588562847856,2729.1801228455424,3083.9994294616167,641.8248759754387,2539.473117851911,0.0010718340928429838,0.0009066203556684142
c010_017,2020-21,C1_shivajinagar_kasarwadi,3234.009952724586,238.93290960092372,2662.9970353928793,3052.5623218133146,638.1601942402879,2513.5867026297733,0.001045841931714604,0.0008973786153992645
c010_018,2020-21,C1_shivajinagar_kasarwadi,3138.8328491137895,231.62227981056787,2584.62487561047,2897.2058861894207,641.4124056553177,2385.6607736612837,0.001015062741993355,0.0008517076254583553
c010_019,2020-21,C1_shivajinagar_kasarwadi,3058.834606415632,226.12881125205197,2518.7515213982,2624.200862311043,656.6003457796023,2160.8588776055863,0.0009891922227617343,0.0007714508298560655
c010_020,2020-21,C1_shivajinagar_kasarwadi,2984.6129917402127,221.54841526741436,2457.6348449710927,2379.288944486235,654.6696999346091,1959.1898287671982,0.0009651897991446638,0.0006994527198938586
c010_021,2020-21,C1_shivajinagar_kasarwadi,2889.723895522817,214.86213165469303,2379.499840561119,2213.742447653559,651.0591632831591,1822.8730465898007,0.0009345037477294395,0.0006507861013451315
c010_022,2020-21,C1_shivajinagar_kasarwadi,2780.6325195511786,207.60815255629032,2289.6701817022604,1991.7717304875437,658.7205654520523,1640.0945856703672,0.0008992248410323645,0.0005855321429226562
c010_023,2020-21,C1_shivajinagar_kasarwadi,2679.005246927467,202.47879396446643,2205.986726899035,1670.1511788584878,665.2852223675534,1375.2609617700955,0.0008663597402227255,0.0004909835719590392
c011_015,2020-21,C2_pcmc,3428.9547335198704,254.59763354471045,2823.521393979282,3251.9334402821128,667.9057719901244,2677.7558626467603,0.0011088848502909224,0.0009559888448984789
c011_016,2020-21,C2_pcmc,3391.8526207262853,250.12056975400492,2792.9702151578035,3272.9940604744993,653.9424319372532,2695.0979147603016,0.0010968864501987874,0.0009621801518056765
c011_017,2020-21,C2_pcmc,3321.1381240143405,244.69283220776876,2734.7414224651407,3167.2005073680643,636.2804396444812,2607.983798723409,0.0010740181885290482,0.0009310794363423389
c011_018,2020-21,C1_shivajinagar_kasarwadi,3232.678353701646,238.65767501340784,2661.900550130849,2970.8564778703876,627.4243989313497,2446.307249760131,0.0010454113077787537,0.0008733590969168453
c011_019,2020-21,C1_shivajinagar_kasarwadi,3155.334721528464,233.4555338690247,2598.2130951772306,2715.3098948367438,623.2913737968963,2235.8812452111806,0.0010203992593125215,0.0007982346556518688
c011_020,2020-21,C1_shivajinagar_kasarwadi,3074.2831047324307,228.17923542685028,2531.4723558483997,2556.0231341090603,613.7094052562267,2104.7189489301218,0.000994188090912393,0.0007514082463196813
c011_021,2020-21,C1_shivajinagar_kasarwadi,2956.310416279476,219.97007975682635,2434.3295133092565,2505.635572882023,620.0999369253785,2063.2280666725605,0.0009560370690587784,0.0007365955364843571
c011_022,2020-21,C1_shivajinagar_kasarwadi,2806.9998023461562,210.33373484761438,2311.381925617963,2380.357172218826,642.7900535590272,1960.06944488669,0.0009077517195440191,0.0006997667527038536
c011_023,2020-21,C1_shivajinagar_kasarwadi,2654.6144266171077,202.25325360210198,2185.902471399894,2125.3623194746265,671.0946787443432,1750.097754377154,0.0008584720271351393,0.0006248045066411428
c012_015,2020-21,C2_pcmc,3443.868588459675,256.09839026527527,2835.801984352085,3246.744360827239,695.9269489375835,2673.482992925656,0.0011137078208715838,0.0009544633825342428
c012_016,2020-21,C2_pcmc,3431.9282537158683,253.17390186018085,2825.9698946278195,3244.9258926889192,681.8877375049552,2671.9856025860804,0.001109846452806448,0.0009539287974060532
c012_017,2020-21,C2_pcmc,3378.7459462904408,249.15330031840062,2782.177720491203,3090.507535549072,660.3083684221136,2544.832120288597,0.0010926479011804735,0.0009085335795812884
c012_018,2020-21,C1_shivajinagar_kasarwadi,3302.5084582053278,244.49402002316674,2719.4011033118354,2858.663179997824,645.5298440918415,2353.9233597928537,0.0010679935670956848,0.0008403770131171109
c012_019,2020-21,C1_shivajinagar_kasarwadi,3235.3093239777863,240.46578905182918,2664.066983180836,2624.8597655174594,617.123807873307,2161.401441577543,0.001046262133557309,0.0007716445312730133
c012_020,2020-21,C1_shivajinagar_kasarwadi,3156.9614799895767,235.12319402029442,2599.552625055793,2541.7618593345064,590.4198322560379,2092.9757159157753,0.001020925334444099,0.0007472157805608118
c012_021,2020-21,C1_shivajinagar_kasarwadi,3029.3406888127956,225.86586194717543,2494.465196901176,2599.1429717033056,601.4334938548809,2140.225333065816,0.0009796542262154977,0.0007640844232743845
c012_022,2020-21,C1_shivajinagar_kasarwadi,2855.980299887987,214.4135882493884,2351.714182368155,2599.9603755948783,639.5546949407668,2140.8984120519035,0.0009235914537793246,0.0007643247200136843
c013_014,2020-21,C2_pcmc,3386.0751310408423,254.74050067183956,2788.2128278493988,3079.3795053802733,698.4013951211493,2535.6689105946043,0.0010950180759323463,0.0009052622110547105
c013_015,2020-21,C2_pcmc,3427.406533941757,255.29590092177824,2822.2465522357556,3286.4534886401734,711.2262224084005,2706.180879199875,0.0011083841802060669,0.0009661368942856148
c013_016,2020-21,C2_pcmc,3446.6810265175677,254.37086591860836,2838.117844327743,3180.9154466336527,703.2083642487698,2619.2771599494886,0.001114617331260943,0.0009351112928323736
c013_017,2020-21,C2_pcmc,3416.938099932979,251.41757134933943,2813.626477115982,2949.3202320832484,683.5841159283412,2428.573550877625,0.0011049988080501947,0.0008670279677250647
c013_018,2020-21,C2_pcmc,3360.115660963998,247.69751346021295,2766.836891205553,2681.067522818558,665.6871738205324,2207.6848770792813,0.0010866230794022394,0.000788168236312914
c013_019,2020-21,C1_shivajinagar_kasarwadi,3304.8064019574113,244.87244655311625,2721.29331066084,2445.795564736461,630.4327760682997,2013.9537086405867,0.001068736695894848,0.0007190040385904676
c013_020,2020-21,C1_shivajinagar_kasarwadi,3225.2269908498915,239.92368203885218,2655.7648370458783,2381.2459425108727,598.0726768924093,1960.8012894658548,0.0010430016220224622,0.0007000280294182995
c013_021,2020-21,C1_shivajinagar_kasarwadi,3086.482267159403,230.24473366186567,2541.517573349952,2467.876825306935,600.0860365880434,2032.1361917796291,0.0009981331608980857,0.0007254953887900703
c013_022,2020-21,C1_shivajinagar_kasarwadi,2895.8712326879872,217.6180974896858,2384.5617732347077,2529.3838011206944,630.6781109915387,2082.7831893592224,0.0009364917264523576,0.0007435769343816963
c014_013,2020-21,C2_pcmc,3201.1120647535436,242.53977852045253,2635.907762503114,2678.029648739225,675.3989624172652,2205.1833851898255,0.001035203129976848,0.0007872751756813297
c014_014,2020-21,C2_pcmc,3311.5887830975903,249.35253387106377,2726.878160779803,3116.285211581393,697.9070668894101,2566.058361350581,0.0010709300405959965,0.0009161115854620509
c014_015,2020-21,C2_pcmc,3386.4546083601667,252.66431344661086,2788.5253027617,3314.8629369585915,717.6457727208552,2729.5742137149277,0.0010951407945691118,0.0009744885768095264
c014_016,2020-21,C2_pcmc,3434.637567911554,253.66812968023925,2828.200838804408,3125.8494087790195,712.0641951379479,2573.9338562177923,0.0011107226141149965,0.0009189232253677393
c014_017,2020-21,C2_pcmc,3428.1204785993705,251.6989729874172,2822.8344392659296,2814.2284223730358,693.8841796588501,2317.3342244614914,0.001108615061765113,0.0008273142818542655
c014_018,2020-21,C2_pcmc,3390.708624358513,248.7997543973927,2792.0282084910305,2500.542172587987,674.7119956323107,2059.033982522739,0.0010965164948218296,0.000735098201451793
c014_019,2020-21,C2_pcmc,3345.2853973553897,246.66782779456585,2754.6251328618455,2237.87984827562,644.4969944571442,1842.7486274439927,0.0010818271413046473,0.0006578819063987351
c014_020,2020-21,C1_shivajinagar_kasarwadi,3265.6258303862387,242.09810664924552,2689.030656103723,2153.561044100459,618.2016820113201,1773.317571625146,0.0010560661459408642,0.0006330942415566033
c014_021,2020-21,C1_shivajinagar_kasarwadi,3122.607358957668,232.51046028534915,2571.2642388730524,2239.5178657689503,615.7500482749908,1844.0974284039232,0.001009815603544199,0.000658363443453576
c015_011,2020-21,C2_pcmc,2650.539045962043,205.3145837854399,2182.5466602672186,2009.5797176264575,689.0000267726615,1654.7583058352632,0.0008571540955149305,0.0005907672553157994
c015_012,2020-21,C2_pcmc,2877.989024734626,221.07571524744978,2369.8369370523205,2208.08616026196,683.8804960408767,1818.2154614940998,0.0009307088243640357,0.0006491232912817621
c015_013,2020-21,C2_pcmc,3054.542370424313,232.6231143371254,2515.217143988366,2535.977771065523,684.2949268226174,2088.2128951026307,0.0009878041625992248,0.00074551540016724
c015_014,2020-21,C2_pcmc,3188.426638404985,241.26722508267514,2625.4621382617765,3008.728522807277,707.3639133138272,2477.492417667928,0.0010311008077852227,0.0008844925512627063
c015_015,2020-21,C2_pcmc,3292.0324588884882,246.9863019811926,2710.7747986525014,3205.703651190647,712.6711082677614,2639.6886355518986,0.0010646057484054751,0.0009423984183153271
c015_016,2020-21,C2_pcmc,3363.3241873744673,249.53852984531994,2769.478904199935,2980.1616860713425,694.7785615185518,2453.969484018866,0.001087660680247053,0.0008760946003959075
c015_017,2020-21,C2_pcmc,3378.6939624512374,248.5539493295299,2782.1349151777654,2638.3677825569066,675.9000883398032,2172.524415797143,0.001092631090199801,0.000775615557692696
c015_018,2020-21,C2_pcmc,3362.3663182690684,246.70186784781345,2768.6901612383303,2311.2833612046848,665.0389647118064,1903.1916502469496,0.0010873509163037863,0.0006794607427510741
c015_019,2020-21,C2_pcmc,3330.7348333681725,245.2478603073284,2742.6436889801994,2044.097913528998,649.6279415133627,1683.1817970116383,0.00107712165487437,0.0006009147601263487
c015_020,2020-21,C2_pcmc,3259.8345052717227,241.19696848472813,2684.2618762185652,1958.4890487111866,636.4667394315902,1612.688460087577,0.0010541932974544675,0.0005757478490277163
c016_009,2020-21,C3_dehu_talegaon,2086.5548475885016,167.25277439185697,1718.1423231649594,1801.342725106795,629.1346223158557,1483.2886746822091,0.0006747680385435936,0.0005295506758255575
c016_010,2020-21,C2_pcmc,2269.5264368201288,178.8915214077395,1868.8075365711354,1803.908821439647,676.2114480606131,1485.4016882557019,0.0007339389635340005,0.0005303050453457802
c016_011,2020-21,C2_pcmc,2469.336447618941,193.31275729227642,2033.3380959006693,1873.4752902643131,711.8866799674743,1542.6851545872644,0.0007985552420008286,0.0005507558846377397
c016_012,2020-21,C2_pcmc,2687.2009491128783,208.31384714718527,2212.7353550547173,2073.752509945542,715.4316379030831,1707.6004300701104,0.0008690101368296152,0.0006096324857178426
c016_013,2020-21,C2_pcmc,2863.7770631743874,219.57660482860493,2358.134310265366,2446.8182085927583,719.964563965116,2014.7957894001986,0.0009261128380965563,0.000719304670856434
c016_014,2020-21,C2_pcmc,3010.7164660928383,228.95429658107716,2479.1293597779913,2904.9201413046108,723.8325969855646,2392.0129614412585,0.000973631365015051,0.0008539754276665648
c016_015,2020-21,C2_pcmc,3132.9309790700268,236.0919873449259,2579.76506915979,3067.0048147054,696.1943696042597,2525.479156987529,0.001013154144537711,0.0009016243548496273
c016_016,2020-21,C2_pcmc,3218.7308583756994,240.06760744818013,2650.415694101615,2816.0202393285026,651.6629756751349,2318.809669283903,0.0010409008468749523,0.0008278410321869467
c016_017,2020-21,C2_pcmc,3251.0456834232996,240.33641777923583,2677.0248525640063,2471.758692563756,631.3797691379253,2035.332657204231,0.0010513510927136606,0.0007266365627602777
c016_018,2020-21,C2_pcmc,3251.5042592387613,239.5913437895252,2677.4024599476966,2163.363843795753,634.2940709361152,1781.3895401437107,0.0010514993909018823,0.000635976024757142
c016_019,2020-21,C2_pcmc,3231.9099113676502,238.52602903474147,2661.2677878056816,1929.628071296901,635.7754028294966,1588.9233207044922,0.001045162802292764,0.0005672634280001659
c017_008,2020-21,C3_dehu_talegaon,1733.7098340971895,142.8466590183564,1427.5973840286683,1585.189095302465,595.562445529084,1305.300207184329,0.0005606619857175263,0.0004660067987223016
c017_009,2020-21,C3_dehu_talegaon,1938.0996530234713,157.54543807478424,1595.8991177344112,1688.582242700775,640.2296750601273,1390.4377451098615,0.0006267593218956581,0.000496401853654039
c017_010,2020-21,C3_dehu_talegaon,2098.6725757700324,167.839880098222,1728.1204848573582,1724.0775896631956,697.8752196399665,1419.6658566843275,0.0006786867736231465,0.000506836616961781
c017_011,2020-21,C2_pcmc,2287.1943205294674,181.61914864365355,1883.3558906663343,1850.3958057989482,744.1803643431124,1523.6806989399083,0.0007396525556063802,0.0005439710810431795
c017_012,2020-21,C2_pcmc,2484.1568858510773,194.7497386195936,2045.5417636853501,2092.444906105721,755.9667387281942,1722.9924035910979,0.0008033480026837375,0.0006151275927185579
c017_013,2020-21,C2_pcmc,2653.773146899661,204.96920575178711,2185.2097322227587,2502.1148732882007,759.3941644791481,2060.3289993481203,0.0008581999668701219,0.0007355605369679951
c017_014,2020-21,C2_pcmc,2802.900642489648,214.30702489783755,2308.0065338581803,2906.446849182574,737.5164615411416,2393.2701061663397,0.0009064260980012882,0.0008544242424186358
c017_015,2020-21,C2_pcmc,2934.626818742427,222.2764573040825,2416.474479836287,2991.5161613086384,674.3915428838892,2463.319156511335,0.0009490248409375989,0.0008794325382306957
c017_016,2020-21,C2_pcmc,3028.2623380144337,227.54768141683772,2493.5772450948643,2700.439178391669,605.6784184152879,2223.636176585452,0.0009793054998669362,0.0007938630289571025
c017_017,2020-21,C2_pcmc,3070.056422184472,229.07204415948758,2527.9919574392115,2345.746165392243,590.1192623979513,1931.5695299456422,0.0009928212299857662,0.000689591963753054
c017_018,2020-21,C2_pcmc,3077.5466569498058,228.99554867686348,2534.1596790189415,2066.2262039905954,607.7996109692998,1701.4030062098045,0.0009952434864755376,0.0006074199359629505
c017_019,2020-21,C2_pcmc,3063.7951922563584,227.97805485725564,2522.8362414766084,1890.2583223676234,620.0344238430984,1556.5048908865808,0.0009907964196423685,0.0005556896853347631
c018_007,2020-21,C3_dehu_talegaon,1464.6250386397921,123.87662124125329,1206.0235413233756,1364.4988442105948,580.0043446334863,1123.5761268664446,0.00047364303203771384,0.00040112926598800014
c018_008,2020-21,C3_dehu_talegaon,1630.6667444004486,135.07817196052486,1342.7480958720364,1431.908322259025,601.5016078612467,1179.0834514648482,0.0005273390258152263,0.0004209460027810932
c018_009,2020-21,C3_dehu_talegaon,1799.0578397692393,147.46100118610153,1481.4072200889736,1534.6944403205257,651.7323373469509,1263.7211401790453,0.0005817947853949594,0.0004511626059440067
c018_010,2020-21,C3_dehu_talegaon,1937.401825510205,157.07820550199307,1595.3245021252421,1612.0909440413877,719.91430013877,1327.4521314163446,0.0006265336524372621,0.00047391528386624273
c018_011,2020-21,C3_dehu_talegaon,2114.011072845736,171.10469585070146,1740.7507404338971,1804.6451957625075,771.8664774257475,1486.0080446576249,0.0006836470686271053,0.0005305215213749645
c018_012,2020-21,C3_dehu_talegaon,2286.938303244706,182.6195971756052,1883.1450770695008,2112.7200514281562,788.4527761247448,1739.6876681929637,0.0007395697625366118,0.0006210879892373938
c018_013,2020-21,C2_pcmc,2442.7156779548345,191.66392553170616,2011.4176220209683,2559.728809648527,786.4883262006297,2107.770331925222,0.0007899463887269596,0.0007524976242370338
c018_014,2020-21,C2_pcmc,2586.106326418767,200.53217448046723,2129.490502854503,2904.8761345329026,740.4886202527796,2391.976724724517,0.0008363172889318234,0.0008539624907526873
c018_015,2020-21,C2_pcmc,2719.5480099419924,208.4327252973628,2239.3710575883574,2904.612490043266,650.764055608671,2391.7596306201194,0.0008794708073523849,0.0008538849857250659
c018_016,2020-21,C2_pcmc,2816.7229495718198,214.29799046341608,2319.3883055039673,2584.7416294516215,575.626221482567,2128.3667635862744,0.0009108960744549452,0.0007598507811051951
c018_017,2020-21,C2_pcmc,2863.9390663055015,216.65522988520317,2358.267709316138,2217.8103971303844,573.9456318128659,1826.2227386301074,0.0009261652280613569,0.0006519819789339172
c018_018,2020-21,C2_pcmc,2874.0920559438146,216.8840306429205,2366.628036495844,1959.1475767203292,602.0072959583256,1613.2307151089608,0.0009294485891057674,0.0005759414401458479
c019_006,2020-21,C3_dehu_talegaon,1343.4015377781561,116.5806096918197,1106.2038660182593,975.1417610210781,600.4006039522528,802.965871054037,0.00043444073452977616,0.0002866678125029325
c019_007,2020-21,C3_dehu_talegaon,1431.8044346389706,121.40099404595617,1178.9979067608233,1218.0337098988273,598.8759900664605,1002.9716067312919,0.0004630292230544294,0.00035807210103063245
c019_008,2020-21,C3_dehu_talegaon,1560.682597434116,130.95107637998723,1285.120698733437,1330.018809661696,625.5529534074046,1095.1840590848954,0.0005047069509228763,0.0003909929796814754
c019_009,2020-21,C3_dehu_talegaon,1683.8515562310774,139.84700699840772,1386.5423322235886,1443.176200946195,669.6604650136446,1188.3618173257264,0.0005445383873372777,0.00042425848334947443
c019_010,2020-21,C3_dehu_talegaon,1793.5547567672852,148.38319485027188,1476.8757888522273,1511.3033534380754,737.9956550669785,1244.4601001905617,0.0005800151511200862,0.00044428619886485883
c019_011,2020-21,C3_dehu_talegaon,1946.1709445102508,161.39499229391825,1602.5453017645432,1678.7626448825251,786.9947881393493,1382.351944428661,0.0006293694855016339,0.0004935151322164619
c019_012,2020-21,C3_dehu_talegaon,2086.673874433422,170.72795716599333,1718.2403340368455,1983.013524817443,801.3319886732882,1632.8827724490784,0.0006748065304676251,0.0005829574448005395
c019_013,2020-21,C2_pcmc,2218.7942116536506,178.2500391978858,1827.0328459572747,2433.58302530481,784.2266734127313,2003.8974760449798,0.0007175327405650238,0.0007154138508824656
c019_014,2020-21,C2_pcmc,2349.3927052185927,185.83550010134786,1934.572218523898,2737.1993303399795,716.38034746991,2253.9057728730177,0.0007597668037823946,0.0008046696139763547
c019_015,2020-21,C2_pcmc,2474.9669976161254,192.3153689772223,2037.9744879246027,2686.932583808821,616.198355943573,2212.514373666424,0.0008003760976480757,0.0007898924207048474
c019_016,2020-21,C2_pcmc,2572.067318614382,197.45961286087942,2117.930292246172,2384.6245653887495,558.5787549551202,1963.5833658475049,0.0008317772339362833,0.0007010212618573032
c019_017,2020-21,C2_pcmc,2629.587772035416,200.4430059770703,2165.2946476977127,2031.8185945243208,577.3281672422937,1673.0705757772848,0.0008503786924965059,0.0005973049408582143
c020_005,2020-21,C3_dehu_talegaon,1327.9281377357186,114.04173934670563,1093.4625266152236,369.3705782537963,613.0975646159363,304.1526678118362,0.0004294368134450739,0.00010858591017585416
c020_006,2020-21,C3_dehu_talegaon,1359.2126548197207,117.52232680114227,1119.2232934236893,746.5646897871729,625.2987107931021,614.7475068706309,0.0004395538694400087,0.00021947174766581782
c020_007,2020-21,C3_dehu_talegaon,1430.0072421911561,122.33984364342493,1177.5180355697876,959.8489819664427,632.6573929197577,790.3732612968832,0.000462448031515516,0.0002821721097303505
c020_008,2020-21,C3_dehu_talegaon,1526.5668107322206,130.94495437627484,1257.028565383413,1133.2611106164923,656.7373463081959,933.1668801313574,0.0004936742946268701,0.00033315103153299525
c020_009,2020-21,C3_dehu_talegaon,1600.6052867594387,135.97881518474372,1317.9944390349094,1321.1718696589876,692.7864165856791,1087.8991789070644,0.0005176174932939849,0.0003883921958372214
c020_010,2020-21,C3_dehu_talegaon,1677.3588692430535,141.62096366633398,1381.1960264132817,1456.3494117847613,755.401562704868,1199.2091003961302,0.0005424387264206955,0.00042813108494001395
c020_011,2020-21,C3_dehu_talegaon,1787.6728100223247,149.92182350365388,1472.0323879434043,1597.9399957884991,787.7912114770653,1315.7997451230704,0.0005781129966320306,0.0004697552514046547
c020_012,2020-21,C3_dehu_talegaon,1883.7678789277072,155.58758482153854,1551.1604324923449,1884.3115331813829,785.9619823170142,1551.6080964411206,0.0006091890458592705,0.0005539414748533961
c020_013,2020-21,C3_dehu_talegaon,1983.9801816609252,161.64908606973142,1633.6787515419276,2256.8318589997943,748.5297143264235,1858.3543766874948,0.0006415965615454174,0.0006634533337275598
c020_014,2020-21,C2_pcmc,2096.9230970883696,168.36441675032742,1726.6799028520907,2424.271436166357,658.9958712843337,1996.2299874988778,0.000678121012171985,0.0007126764715639435
c020_015,2020-21,C2_pcmc,2214.988232710772,174.59195677322214,1823.8988696276365,2282.8701926390017,563.470437261513,1879.7952523500335,0.0007163019303857503,0.0006711079665655148
c020_016,2020-21,C2_pcmc,2313.05619691218,179.59751641807458,1904.6514652451444,2010.8138302356656,552.0043625674699,1655.7745173706958,0.0007480159914489549,0.0005911300542197182
c021_004,2020-21,C3_dehu_talegaon,1346.8293993302843,111.76542741351696,1109.0264872484024,111.35877755193917,611.1025200953977,91.6967167141689,0.0004355492658576738,3.273675524919401e-05
c021_005,2020-21,C3_dehu_talegaon,1353.3772959388791,113.34067923062221,1114.418254593477,377.5560319792348,612.6883563087532,310.8928570267222,0.00043766678093582964,0.0001109922332435468
c021_006,2020-21,C3_dehu_talegaon,1371.1757277537524,117.05550635488815,1129.0741065699742,719.2400579763472,625.5037462857947,592.2474482532702,0.0004434225907765123,0.00021143897464576442
c021_007,2020-21,C3_dehu_talegaon,1428.7010282186966,123.54610298945244,1176.442453247192,908.1054910801123,643.3507962939184,747.7658590793703,0.0004620256168154503,0.00026696078975968506
c021_008,2020-21,C3_dehu_talegaon,1494.973643972115,131.54332033216517,1231.013645624136,1130.873142561605,671.9123775824356,931.200543619183,0.00048345742484713,0.0003324490273670526
c021_009,2020-21,C3_dehu_talegaon,1531.5943903627767,133.19043833725325,1261.168450494185,1298.632285276858,708.8423301546176,1069.3392958930897,0.0004953001565350068,0.00038176610965382933
c021_010,2020-21,C3_dehu_talegaon,1589.1181978214834,135.6606126328904,1308.5355677777886,1417.9179593098268,758.2470398503166,1167.5632967335994,0.0005139026997527567,0.0004168331784686884
c021_011,2020-21,C3_dehu_talegaon,1664.0621712711131,139.62885739040178,1370.2470597133,1539.1126159355315,761.4812456795408,1267.3592206848562,0.0005381387259582097,0.0004524614414461201
c021_012,2020-21,C3_dehu_talegaon,1721.8244937665086,142.87839067247052,1417.8105786298247,1848.7504542528607,739.8670691958305,1522.3258588641322,0.0005568184022183313,0.0005434873879563186
c021_013,2020-21,C3_dehu_talegaon,1794.097340490627,147.47707208529752,1477.3225712888411,2111.6005471109765,695.3639019602922,1738.7658291382484,0.0005801906165075254,0.000620758882366453
c021_014,2020-21,C2_pcmc,1900.5414308809602,153.89398852340534,1564.9723625041524,2123.0552626517047,611.1264614847943,1748.1980430065232,0.0006146134212424465,0.0006241262883972084
c022_003,2020-21,C3_dehu_talegaon,1323.0744231911253,112.54842215838934,1089.465808104198,187.30618291998442,654.2047231889252,154.2344696269255,0.0004278671775226389,5.5063433720366985e-05
c022_004,2020-21,C3_dehu_talegaon,1364.0103377728644,112.34265825913756,1123.173873560344,157.19575620254932,637.6544623905609,129.44048993759554,0.00044110538538486314,4.621170517622314e-05
c022_005,2020-21,C3_dehu_talegaon,1367.4288179647717,113.21895043629897,1125.9887698499886,460.31576665443686,621.3953489992697,379.04012042777987,0.00044221088288786883,0.00013532156980874643
c022_006,2020-21,C3_dehu_talegaon,1376.6161529852675,116.48097168698742,1133.553943204551,754.4953125947591,622.6919399698329,621.2778593847376,0.0004451819622430976,0.00022180315668029387
c022_007,2020-21,C3_dehu_talegaon,1422.7566797280922,123.1984247616026,1171.5476685559806,887.401323733502,638.5628394954341,730.7173227203986,0.00046010328231460546,0.0002608742712654585
c022_008,2020-21,C3_dehu_talegaon,1462.7513103613976,129.7923772183106,1204.4806478495034,1108.2527976013432,666.649003366462,912.574159517306,0.00047303708968415565,0.0003257991995501925
c022_009,2020-21,C3_dehu_talegaon,1468.9783583253181,129.46900396305074,1209.6082171858932,1202.0215417558122,711.6394692540886,989.7866268090323,0.0004750508459702114,0.00035336491547211337
c022_010,2020-21,C3_dehu_talegaon,1518.2427578892887,130.89241725470035,1250.1742488020723,1260.661792861026,754.8897905121963,1038.0730628839485,0.0004909823908813011,0.000370603714158524
c022_011,2020-21,C3_dehu_talegaon,1580.7864619201266,133.83661364661737,1301.6749246971149,1335.8881309805558,739.7608781815404,1100.017063775782,0.0005112083113937259,0.00039271841650575064
c022_012,2020-21,C3_dehu_talegaon,1621.1143656222582,136.11513831017726,1334.8823327052164,1615.7961252055588,701.4546875424425,1330.5031073255154,0.0005242498954724344,0.0004750045164493574
c023_002,2020-21,C3_dehu_talegaon,1212.7489233826648,108.21376136256129,998.6199284646964,333.89482933363337,719.1745047475592,274.9406939515994,0.000392189169253106,9.815690821290106e-05
c023_003,2020-21,C3_dehu_talegaon,1293.0045470422967,110.7046545201234,1064.7052191729551,65.46481280711008,677.750419256559,53.90601914536854,0.00041814292255199013,1.9245052805119848e-05
c023_004,2020-21,C3_dehu_talegaon,1339.6418530781086,111.79273436948826,1103.108009989182,147.65365184899247,656.5342130271918,121.58318709178226,0.0004332248953806039,4.340656002599946e-05
c023_005,2020-21,C3_dehu_talegaon,1351.2795611587596,112.62140660532836,1112.6909063223957,515.6290194085972,630.7947882799635,424.58698956408836,0.00043698839743462343,0.000151582312403601
c023_006,2020-21,C3_dehu_talegaon,1364.0616487213815,115.27673147240814,1123.216124792029,790.0308673995227,629.6646274314764,650.5390795044846,0.00044112197876036284,0.00023224974010965378
c023_007,2020-21,C3_dehu_talegaon,1403.5267552853181,121.21941548468304,1155.713075425309,851.7112158263368,642.7964350802321,701.3288381643874,0.0004538845440856109,0.00025038225300646463
c023_008,2020-21,C3_dehu_talegaon,1425.4198521791432,125.700965038359,1173.7406180043624,977.3211315411417,668.4134667750394,804.7604410519007,0.0004609645219092299,0.0002873084940987713
c023_009,2020-21,C3_dehu_talegaon,1415.8138123674348,124.68977683792815,1165.8306684635781,994.2115765226465,721.3933754785784,818.668624876233,0.0004578580382002542,0.0002922738715532032
c023_010,2020-21,C3_dehu_talegaon,1455.6771958251113,125.66196407759294,1198.655574237009,1002.2112557544322,758.7170842871834,825.2558408680675,0.0004707494017302064,0.0002946255814663341
c023_011,2020-21,C3_dehu_talegaon,1503.577443357445,128.37387322615805,1238.0983153039388,1062.1431887985266,739.8745123893552,874.6058930802845,0.0004862397954337318,0.0003122441030306581
c024_001,2020-21,C3_dehu_talegaon,1096.439458918266,104.29183325229198,902.8466427962695,425.49320558066194,750.5118686127938,350.36600431192653,0.0003545760150667197,0.00012508458908676805
c024_002,2020-21,C3_dehu_talegaon,1169.92522933743,105.39794609131934,963.3573992968576,145.10194736020617,700.6415241892663,119.48202426663022,0.0003783404750443292,4.2656421355711836e-05
c024_003,2020-21,C3_dehu_talegaon,1245.118301327311,107.87643630329192,1025.2740076927096,-41.13428771912696,676.7569315448432,-33.87141284359599,0.0004026570568764909,-1.2092473884987766e-05
c024_004,2020-21,C3_dehu_talegaon,1290.3865764069396,109.53860364760344,1062.5494904823777,141.15193972139303,666.9770946026658,116.2294496655296,0.00041729630070899075,4.1495215780839575e-05
c024_005,2020-21,C3_dehu_talegaon,1305.1730827219735,110.2185351158735,1074.725217538375,525.6373798710259,644.3618630522141,432.82822401611503,0.00042207808819693483,0.00015452452543886374
c024_006,2020-21,C3_dehu_talegaon,1320.7997933580812,112.07028857463943,1087.5927982524784,767.017035605727,638.1901048867862,631.5886845657565,0.00042713158817897517,0.00022548423679377718
c024_007,2020-21,C3_dehu_talegaon,1353.497421468322,116.86326248050119,1114.51717016067,804.1634760443075,641.4586014366675,662.1763643222764,0.00043770562816190426,0.00023640438117529565
c024_008,2020-21,C3_dehu_talegaon,1359.3358259061342,119.24196216754606,1119.3247168091334,844.9401647178058,666.345228852302,695.7533175902097,0.0004395937015644701,0.0002483917296926075
c024_009,2020-21,C3_dehu_talegaon,1346.427494316249,117.82209854376845,1108.69554458696,813.2478796976827,720.2377767241954,669.6567803849634,0.00043541929436024846,0.00023907497352125347
c024_010,2020-21,C3_dehu_talegaon,1385.4463504535263,118.50308672582737,1140.8250369932684,799.7219922164271,754.0680034517445,658.5190910178371,0.0004480375473874306,0.00023509869362903324
c025_001,2020-21,C3_dehu_talegaon,1059.0374668590762,103.2601047666357,872.0485328870844,218.41012438405502,703.1421246572503,179.84654414700276,0.0003424806374404998,6.420723128513116e-05
c025_002,2020-21,C3_dehu_talegaon,1130.5039724378703,104.15128658941656,930.8965560126412,-48.70503963244368,672.5371606826658,-40.1054350623193,0.0003655920902003929,-1.4318089663887818e-05
c025_003,2020-21,C3_dehu_talegaon,1199.7312760921384,105.83383426453206,987.9007418668764,-149.59989200424977,673.2467613103183,-123.18578938409938,0.0003879794105981478,-4.3978707000126356e-05
c025_004,2020-21,C3_dehu_talegaon,1238.46071888551,106.88751770639733,1019.7919211918739,125.3591785143088,680.2545952359058,103.22513709694842,0.00040050407065094856,3.685253049180481e-05
c025_005,2020-21,C3_dehu_talegaon,1250.0599014153313,106.77154899044376,1029.343094237545,505.7560424484931,668.6494629078206,416.45723462839027,0.00040425511398125083,0.00014867989880469894
c025_006,2020-21,C3_dehu_talegaon,1257.0624942081465,107.33216271097896,1035.109274342099,699.9729052362248,660.1693782494024,576.3822000389964,0.00040651967261913594,0.0002057749032769131
c025_007,2020-21,C3_dehu_talegaon,1273.7256626578355,110.6646490921136,1048.8303107119439,724.9340903630454,652.5787552968645,596.9361138995938,0.0004119083512362894,0.00021311288081393676
c025_008,2020-21,C3_dehu_talegaon,1264.5592187309132,111.6168452221517,1041.2823398153412,693.905395324263,670.2525634766375,571.3859999208864,0.00040894402782243924,0.00020399120385665586
c025_009,2020-21,C3_dehu_talegaon,1258.767288061952,110.4480813586198,1036.5130612954495,624.6490053082656,700.203247227811,514.3578633379312,0.0004070709835066417,0.00018363152014569764
c026_001,2020-21,C3_dehu_talegaon,1010.821945322231,100.55410624392077,832.3461841653782,29.269240714609793,649.1821638427201,24.101317680095672,0.0003268882877199189,8.604440446169748e-06
c026_002,2020-21,C3_dehu_talegaon,1083.372674380419,103.15018910519461,892.086994868443,-223.23632524424522,643.0130442116573,-183.8206069268867,0.0003503503659864356,-6.562601622347879e-05
c026_003,2020-21,C3_dehu_talegaon,1151.2799650328964,105.20008286786408,948.004235796152,-239.02670321517544,673.9562246923426,-196.8229570553686,0.0003723108092354301,-7.026800089941066e-05
c026_004,2020-21,C3_dehu_talegaon,1189.921561365787,106.14797954696625,979.8230792696061,85.2921399231761,700.9577913023177,70.23253455555323,0.0003848070607448849,2.5073801731010494e-05
c026_005,2020-21,C3_dehu_talegaon,1199.2511518703275,105.02068040962203,987.5053907708708,427.3466125140608,703.0963087348122,351.89216447876817,0.000387824143901093,0.00012562944536563243
c026_006,2020-21,C3_dehu_talegaon,1188.875245392745,103.36509806636396,978.9615060601767,548.083838918184,693.3220427585666,451.31142436844874,0.00038446869409344397,0.00016112323505288712
c026_007,2020-21,C3_dehu_talegaon,1181.1492606341362,104.39215561040379,972.5996596810918,534.6809565670811,683.1853655712472,440.27502173257034,0.0003819701987448029,0.00015718311565855245
c026_008,2020-21,C3_dehu_talegaon,1157.5495411160043,104.55053828803938,953.1668242750219,432.1214639759134,695.8208754817067,355.82394436603863,0.000374338318630157,0.00012703313483757386
c027_001,2020-21,C3_dehu_talegaon,941.8027265517629,95.58691175792661,775.5133426906501,-83.41033133450281,617.9228707954848,-68.68298747126182,0.0003045682596001766,-2.45205960605864e-05
c027_002,2020-21,C3_dehu_talegaon,1016.6912489555228,99.86695045467776,837.1791742933489,-338.2330523534233,627.1364185683923,-278.5129386909333,0.00032878635356986774,-9.943223960874942e-05
c027_003,2020-21,C3_dehu_talegaon,1088.4376915147673,103.48193986572528,896.2577073307283,-292.3222179774681,679.4776113923973,-240.70835007716593,0.00035198833475628787,-8.593557790598492e-05
c027_004,2020-21,C3_dehu_talegaon,1135.2790323802112,105.7858652176826,934.8285075700458,4.071163700496431,720.4470115687265,3.352338744624878,0.0003671362901215909,1.196822491881187e-06
c027_005,2020-21,C3_dehu_talegaon,1147.3174143434946,104.76754293843483,944.7413328079961,254.60044098266792,726.3427309192367,209.64691805458523,0.0003710293655391825,7.484629865749925e-05
c027_006,2020-21,C3_dehu_talegaon,1122.2580586084537,101.39168828500475,924.1065818311017,303.04774865708777,713.8962494772481,249.5401275980668,0.00036292545572054425,8.908862143335901e-05
c028_002,2020-21,C3_dehu_talegaon,938.9584755927871,94.51146496142005,773.1712868582972,-399.35659987489925,639.4970925919292,-328.84420798874555,0.0003036484612814638,-0.00011740106666631793
c028_003,2020-21,C3_dehu_talegaon,1014.6491358509439,98.95604834599622,835.4976268575257,-331.857641572358,699.4241349411392,-273.26320221591556,0.00032812595748411263,-9.755802486842091e-05
c028_004,2020-21,C3_dehu_talegaon,1067.3097586124886,102.33510505572674,878.860227574877,-113.51642275063297,736.9964514953933,-93.47339732169472,0.00034515580224010316,-3.337105013224705e-05
c028_005,2020-21,C3_dehu_talegaon,1082.2242646541781,102.23186925789355,891.1413540877708,26.074643119268583,732.988435383311,21.470774159813764,0.0003499789833796876,7.665306936468897e-06
c028_006,2020-21,C3_dehu_talegaon,1049.6505542733435,98.62078948440627,864.3190203770074,38.699161099380916,723.3001023788054,31.866244317838444,0.0003394450169770476,1.1376606255116903e-05
c029_004,2020-21,C3_dehu_talegaon,993.6238349928435,97.34823480461071,818.1846579205582,-196.62939886367582,741.8313754422197,-161.911532091579,0.0003213266150003979,-5.780423103507938e-05
c029_005,2020-21,C3_dehu_talegaon,1005.298796684228,97.49706118971591,827.7982301813018,-161.57828358122592,733.0956487828144,-133.04921643737381,0.0003251021644472154,-4.750006096929667e-05
c029_006,2020-21,C3_dehu_talegaon,966.5038126549496,93.7180748242733,795.8530819077026,-191.70331376195625,734.4687723296562,-157.8552211297279,0.0003125563091062832,-5.6356082574249874e-05
c029_007,2020-21,C3_dehu_talegaon,907.6982875099795,89.21743064682259,747.430553401306,-267.4555001852284,764.1589045807575,-220.23222392767877,0.0002935392730080196,-7.862537145337152e-05
c030_004,2020-21,C3_dehu_talegaon,924.2464580384118,93.04090570720734,761.0568964560838,-302.21292356885044,715.0670421821919,-248.85270338863458,0.00029889076260910066,-8.884320328859923e-05
c030_005,2020-21,C3_dehu_talegaon,938.4861615716153,93.81504115089731,772.7823669549756,-340.2166625672009,703.2391637755818,-280.1463127979655,0.0003034957203142129,-0.00010001537246550112
c030_006,2020-21,C3_dehu_talegaon,896.732307216719,90.81929474359407,738.4007812490815,-417.76015137057226,723.3441680727792,-343.99833669895213,0.00028999300005874007,-0.00012281126040473953
c030_007,2020-21,C3_dehu_talegaon,838.6086433326656,86.97633013920468,690.5397211806037,-526.0746594549629,771.5175643940623,-433.18829533707094,0.0002711964701149729,-0.00015465307493473207
c030_008,2020-21,C3_dehu_talegaon,803.0302295208951,84.0750788034342,661.2432094537597,-693.6390332545043,785.2750839060234,-571.1666680658589,0.0002596908168943032,-0.00020391289992698766
c031_004,2020-21,C3_dehu_talegaon,845.8999918410925,86.49448577838615,696.5436728523043,-543.6229825496494,684.1176051162354,-447.63819903569635,0.0002735544090577499,-0.00015981185245378832
c031_005,2020-21,C3_dehu_talegaon,865.119149030633,87.97592914888955,712.3693998496432,-629.3663133967017,666.4596094879859,-518.2422599966233,0.0002797696652798594,-0.0001850182932741486
c031_006,2020-21,C3_dehu_talegaon,834.4858673471676,86.6724000593487,687.1448830732811,-685.1671515393382,701.835723409641,-564.1906240148257,0.0002698632113854915,-0.00020142237404024147
c031_007,2020-21,C3_dehu_talegaon,795.1625567424763,84.903651278627,654.7646921978932,-748.7401877940785,761.7244363816267,-616.5388881055624,0.00025714650125614394,-0.0002201112908375625
c031_008,2020-21,C3_dehu_talegaon,762.2876615998164,82.59087696581604,627.6943524081223,-876.1396027903619,782.7062761092117,-721.4440273615708,0.00024651513513683173,-0.0002575636009231198
c032_004,2020-21,C3_dehu_talegaon,764.6089418768012,80.22157155816969,629.6057758688692,-807.4412042151861,671.8867887087669,-664.8753604693105,0.0002472658107019726,-0.00023736795303969937
c032_005,2020-21,C3_dehu_talegaon,788.0130894328582,81.14425119836694,648.877570473326,-939.0770777496965,661.8330986265137,-773.2689480272046,0.00025483444507477007,-0.00027606567825406964
c032_006,2020-21,C3_dehu_talegaon,777.278109300051,80.76470286702823,640.0380119417937,-995.2718511601362,712.3886849977044,-819.5416921387375,0.00025136287494260197,-0.0002925855663478793
c032_007,2020-21,C3_dehu_talegaon,760.0148711213501,80.58292010931305,625.8228571453678,-1019.2745618306626,775.0956253344784,-839.3063645706062,0.0002457801406194589,-0.0002996417758520807
c033_005,2020-21,C3_dehu_talegaon,714.0610587108133,76.28659222361418,587.9828789130307,-1183.881390267037,657.5670747226735,-974.8493908875755,0.00023091920183335637,-0.0003480321548893712
c033_006,2020-21,C3_dehu_talegaon,715.4717147130445,76.0969523551071,589.1444624600251,-1282.822733779381,720.1472792941133,-1056.3211576114793,0.0002313753918945884,-0.0003771184884303381
c000_021,2021-22,C1_shivajinagar_kasarwadi,5142.332016746516,430.8298599443973,4234.376243667691,5464.908472273808,853.4855551349849,4499.996992309177,0.0013665486877754642,0.0016065493448204527
c000_022,2021-22,C1_shivajinagar_kasarwadi,5304.099228760464,443.76959032226904,4367.5810303919825,5350.234602441374,886.6763747051458,4405.5705125317945,0.0014095375050246896,0.0015728380335730623
c000_023,2021-22,C1_shivajinagar_kasarwadi,5391.2462682782625,450.19836506267353,4439.340954223895,5202.663927460463,869.0155160256835,4284.055651498663,0.0014326963893808015,0.0015294558667155354
c001_020,2021-22,C1_shivajinagar_kasarwadi,4794.2342848163335,401.8446157180025,3947.7403823970417,5161.627885531475,840.0962288841997,4250.265137678788,0.0012740434786140049,0.0015173922746884196
c001_021,2021-22,C1_shivajinagar_kasarwadi,4973.291888166087,417.3480848321742,4095.182682778099,5073.1110644294895,894.5206077067875,4177.377287726935,0.0013216271297856845,0.0014913704956104224
c001_022,2021-22,C1_shivajinagar_kasarwadi,5116.061005144421,428.81893531855343,4212.743772823186,4878.776959370718,915.8930679760635,4017.3557809250638,0.0013595672995036718,0.001434241024779864
c001_023,2021-22,C1_shivajinagar_kasarwadi,5191.542346244028,435.0383512317815,4274.89775209786,4742.874543314287,891.1410033083879,3905.4489728597064,0.0013796260835913746,0.0013942890404817386
c001_024,2021-22,C1_shivajinagar_kasarwadi,5170.715743838839,432.98591027358674,4257.748398424536,4628.408792682235,837.5951039827556,3811.1938657193064,0.0013740915194879783,0.0013606389111858327
c001_025,2021-22,C1_shivajinagar_kasarwadi,5084.284678874132,425.28838403480813,4186.578033109811,4413.733926261677,795.7802372112917,3634.423063771192,0.0013511229017429717,0.0012975297543267304
c002_020,2021-22,C1_shivajinagar_kasarwadi,4633.3792218778735,389.4253462576929,3815.286691160819,4589.587949411592,809.3415747426941,3779.2274240408947,0.0012312970603615974,0.0013492265333503665
c002_021,2021-22,C1_shivajinagar_kasarwadi,4783.989191792552,402.64928121206,3939.3042140647003,4438.545826928387,877.3826235569381,3654.8540515800723,0.0012713208970338593,0.001304823845886011
c002_022,2021-22,C1_shivajinagar_kasarwadi,4907.830464431663,412.5024984170992,4041.2794543138507,4257.12200681734,895.8160524630099,3505.4633254636165,0.0013042310879873586,0.0012514896828688296
c002_023,2021-22,C1_shivajinagar_kasarwadi,4976.11377273291,418.01743228019984,4097.5063213399835,4173.457811097026,870.259424792995,3436.571297167902,0.0013223770313166023,0.0012268944568917923
c002_024,2021-22,C1_shivajinagar_kasarwadi,4954.663870448139,415.8001807505842,4079.8437207206857,4112.1427896292025,806.1234340505507,3386.0823615181203,0.001316676828427192,0.001208869341180056
c002_025,2021-22,C1_shivajinagar_kasarwadi,4886.585756246402,409.83358876268795,4023.7858177010517,3974.439812792712,753.5618578096448,3272.692908659013,0.0012985854143905942,0.0011683880360788118
c003_019,2021-22,C1_shivajinagar_kasarwadi,4312.766728513556,361.75089023483025,3551.283137733348,4091.517303742746,725.8270352178567,3369.098614228506,0.0011460959141375486,0.0012028059531094953
c003_020,2021-22,C1_shivajinagar_kasarwadi,4465.546923106288,375.1562891664623,3677.087699628536,4058.7687589453703,776.362744394033,3342.1323157372567,0.001186696477025915,0.0011931786824141168
c003_021,2021-22,C1_shivajinagar_kasarwadi,4590.772776300211,386.697486139421,3780.203051988233,3844.911610677505,834.6652893075739,3166.03485154884,0.001219974613249019,0.0011303099146793925
c003_022,2021-22,C1_shivajinagar_kasarwadi,4694.31321044809,395.77655101033855,3865.461870980672,3649.827487025019,844.8590525817539,3005.395753174664,0.0012474899591962856,0.001072959956737943
c003_023,2021-22,C1_shivajinagar_kasarwadi,4745.462615873398,400.28600596647135,3907.5800824274083,3576.409599114989,822.4640799087844,2944.940893509034,0.0012610826546186776,0.0010513768944930076
c003_024,2021-22,C1_shivajinagar_kasarwadi,4720.752559519826,397.71198705970454,3887.232956792091,3540.324378924895,760.1079398477526,2915.2270596642243,0.0012545160822980137,0.0010407687228926557
c003_025,2021-22,C1_shivajinagar_kasarwadi,4665.1932443314545,392.37973443805765,3841.483471231466,3464.054645883739,712.5731445652367,2852.423890858979,0.0012397514756920774,0.0010183472879741094
c004_019,2021-22,C1_shivajinagar_kasarwadi,4129.507525042937,346.0470036597627,3400.3810926918445,3711.928220382659,695.2131857104316,3056.531671506578,0.0010973957090146603,0.0010912160525160806
c004_020,2021-22,C1_shivajinagar_kasarwadi,4251.3622295777495,356.6078342362788,3500.7205232033357,3584.439482621679,750.4257004951864,2951.552980758441,0.0011297779795563182,0.0010537374837237528
c004_021,2021-22,C1_shivajinagar_kasarwadi,4352.015984719542,365.72110522549144,3583.602349623794,3293.4443941734967,797.091339315663,2711.937435605729,0.0011565262051786136,0.0009681920494197299
c004_022,2021-22,C1_shivajinagar_kasarwadi,4432.288976186014,373.3229622614255,3649.701941592347,3051.141351954024,806.5042558890158,2512.4166262917315,0.0011778583460818222,0.0008969608850368924
c004_023,2021-22,C1_shivajinagar_kasarwadi,4467.44947122363,377.0968216748206,3678.654324366937,2951.2406932574377,793.51759309409,2430.154925854268,0.0011872020695517804,0.0008675925363096623
c004_024,2021-22,C1_shivajinagar_kasarwadi,4445.307851237756,374.94647315780117,3660.4221391717424,2910.1996773803803,740.8214843095456,2396.360316311388,0.00118131804618682,0.0008555274820635445
c004_025,2021-22,C1_shivajinagar_kasarwadi,4397.968069223331,370.1102827702205,3621.4409050372124,2878.0667016256352,706.9905737659286,2369.900898924269,0.001168737738890303,0.000846081173601504
c005_019,2021-22,C1_shivajinagar_kasarwadi,3932.7273226113034,329.24086789218563,3238.3453836619537,3303.311231433662,669.5535247981186,2720.0621348975133,0.0010451023669011195,0.0009710926580971108
c005_020,2021-22,C1_shivajinagar_kasarwadi,4017.4497025940914,336.3292706748052,3308.1087579321897,3092.152705923201,720.8766112522212,2546.186811181038,0.0010676169102665915,0.0009090172194080275
c005_021,2021-22,C1_shivajinagar_kasarwadi,4089.0445097469783,342.9049500969848,3367.0624290663923,2715.2118853308066,755.8140534019334,2235.800540752145,0.0010866428676430688,0.0007982058432557694
c005_022,2021-22,C1_shivajinagar_kasarwadi,4147.769870302687,349.1010802609083,3415.4189472429916,2402.278185797811,768.424261179673,1978.11997504182,0.0011022488347695008,0.0007062109942097807
c005_023,2021-22,C1_shivajinagar_kasarwadi,4174.296813022604,352.419664224489,3437.2621607314536,2249.705217868516,765.4320258544418,1852.4860508374413,0.0011092982354395748,0.0006613582756495858
c005_024,2021-22,C1_shivajinagar_kasarwadi,4162.2190563702925,351.39917572905046,3427.3169129958355,2182.484422375745,729.4584275746236,1797.1340940621728,0.0011060886327825046,0.0006415970069101136
c005_025,2021-22,C1_shivajinagar_kasarwadi,4124.702759746534,347.3854732967602,3396.4246807057584,2172.401784621669,715.458401711825,1788.8316970873507,0.0010961188669730564,0.0006386329581689399
c006_018,2021-22,C1_shivajinagar_kasarwadi,3725.9355315912026,313.3335438041142,3068.065782028022,2977.461514272173,672.2832787171953,2451.7460680116947,0.000990148495828429,0.000875300815969898
c006_019,2021-22,C1_shivajinagar_kasarwadi,3775.2379265064214,316.5206369341875,3108.6631003468437,2936.4246575742436,659.6214864480439,2417.954883282544,0.0010032503575627882,0.0008632369844206536
c006_020,2021-22,C1_shivajinagar_kasarwadi,3820.333918784219,320.05943775012304,3145.796719444924,2675.9782240285585,697.6304540233637,2203.4941702515,0.0010152343891014879,0.000786672107022158
c006_021,2021-22,C1_shivajinagar_kasarwadi,3859.0572935733135,323.79238477382995,3177.6829021627254,2261.02696253545,717.309680371805,1861.808771832199,0.001025524929819579,0.0006646865914977228
c006_022,2021-22,C1_shivajinagar_kasarwadi,3892.7505118669746,327.9948060022179,3205.427077888986,1888.5300676210063,728.3647751628499,1555.0817854125958,0.0010344787319265202,0.000555181620735887
c006_023,2021-22,C1_shivajinagar_kasarwadi,3905.53427776238,330.27784768643056,3215.9536783566004,1653.1564009621795,724.6249919042328,1361.2668665704498,0.0010378759529640384,0.0004859875231810579
c006_024,2021-22,C1_shivajinagar_kasarwadi,3895.8141384602286,329.78518973165984,3207.94977530014,1507.344066191405,698.4575918048828,1241.1998844354216,0.0010352928751765499,0.00044312226531238204
c006_025,2021-22,C1_shivajinagar_kasarwadi,3862.6414820634855,326.3187589307828,3180.6342484675124,1458.3672715792502,700.4019079587847,1200.8706768071847,0.0010264774097570927,0.000428724286335284
c007_018,2021-22,C1_shivajinagar_kasarwadi,3669.8807205352373,309.23437563627726,3021.9082878200084,2836.0116043936678,676.5461129439852,2335.271259285239,0.0009752522137053436,0.0008337180042552722
c007_019,2021-22,C1_shivajinagar_kasarwadi,3674.3523610072384,308.7094843144778,3025.5903931611656,2717.2877490666547,669.4190089336093,2237.5098796395487,0.0009764405295121248,0.0007988160963902333
c007_020,2021-22,C1_shivajinagar_kasarwadi,3679.4956612825986,309.0475415019327,3029.8255667028798,2435.974807291706,689.8079034179956,2005.866953082317,0.0009778073355097227,0.0007161169762510782
c007_021,2021-22,C1_shivajinagar_kasarwadi,3684.2071019299474,309.6126826793989,3033.7051319051293,2053.5498191545653,694.4721536827537,1690.9648270664757,0.0009790593769985255,0.0006036933890580318
c007_022,2021-22,C1_shivajinagar_kasarwadi,3687.027059087057,310.82820001310927,3036.027183370367,1682.0314395901246,702.1492508975737,1385.0435844492217,0.0009798087663300742,0.0004944760778612956
c007_023,2021-22,C1_shivajinagar_kasarwadi,3675.0690623460996,311.17940822910373,3026.180550139205,1374.6422730709262,693.0624483219719,1131.9285813667852,0.000976630989262868,0.0004041111858266353
c007_024,2021-22,C1_shivajinagar_kasarwadi,3654.6247325897,310.0961821679017,3009.3459731503435,1135.9737338862637,670.9032103675098,935.4005491154164,0.0009711980121796938,0.00033394847638662934
c008_017,2021-22,C1_shivajinagar_kasarwadi,3730.8118589472106,315.27976779712674,3072.0811207197644,2808.6143799497213,709.0721949998928,2312.711425351903,0.0009914443551249147,0.0008256638907776849
c008_018,2021-22,C1_shivajinagar_kasarwadi,3668.2667274069145,308.8716584458546,3020.579269363449,2812.1787101156515,683.2385091204878,2315.646419617161,0.0009748233032062926,0.0008267117166144489
c008_019,2021-22,C1_shivajinagar_kasarwadi,3623.720316395625,304.516271706259,2983.898194724048,2623.9203438265963,685.1223190036627,2160.627888863012,0.0009629853201055636,0.0007713683642869377
c008_020,2021-22,C1_shivajinagar_kasarwadi,3590.107175802429,301.82651426110874,2956.2199577803076,2332.2514602063825,689.0644792405755,1920.4575171724066,0.0009540527982419313,0.0006856248506925365
c008_021,2021-22,C1_shivajinagar_kasarwadi,3559.0450311398426,299.24957524993056,2930.6423002101064,2016.0171004089514,683.95579480025,1660.0590722262348,0.0009457981906261815,0.0005926596883078694
c008_022,2021-22,C1_shivajinagar_kasarwadi,3524.603251129886,297.06792815024414,2902.281732555422,1702.1103144163103,691.4944403902971,1401.5772330519756,0.0009366454620345658,0.0005003787756576814
c008_023,2021-22,C1_shivajinagar_kasarwadi,3482.8013079836073,295.1560957112397,2867.860548854853,1382.7774808096112,683.4691622356299,1138.6273962767928,0.0009255368073683598,0.00040650273780392293
c008_024,2021-22,C1_shivajinagar_kasarwadi,3444.77142694266,292.9237057314195,2836.545413172272,1111.0426388004541,670.7919525998298,914.8714124482038,0.0009154305591013248,0.00032661934458525096
c009_017,2021-22,C1_shivajinagar_kasarwadi,3825.3918298104204,321.7860802649517,3149.9615804889377,2865.8284622875653,675.0602438319754,2359.823504125823,0.0010165785033386147,0.0008424834307499843
c009_018,2021-22,C1_shivajinagar_kasarwadi,3720.806216820235,312.2303238664217,3063.8421246403336,2791.4527665348155,670.9779200643922,2298.579951944423,0.0009887854064077875,0.000820618796440303
c009_019,2021-22,C1_shivajinagar_kasarwadi,3636.8731159577674,305.13139126078795,2994.7286704347343,2562.9261014161016,681.0162922134562,2110.403093921258,0.0009664806099708784,0.0007534375497674352
c009_020,2021-22,C1_shivajinagar_kasarwadi,3570.6347795923675,300.14759838645926,2940.185704906193,2290.4549065175515,675.691813851882,1886.0407713398142,0.0009488781075758977,0.0006733376868204936
c009_021,2021-22,C1_shivajinagar_kasarwadi,3498.2342389442038,294.13312999307857,2880.5685645988574,2039.8559553555542,667.8857605789979,1679.6888201175427,0.0009296380306040536,0.000599667728239378
c009_022,2021-22,C1_shivajinagar_kasarwadi,3416.5852542227653,287.8897671530365,2813.33593160314,1775.9128506551717,675.8547067883962,1462.3488256202008,0.0009079402264626799,0.0005220749150975607
c009_023,2021-22,C1_shivajinagar_kasarwadi,3339.7158107652513,283.2901527854154,2750.0389402419346,1471.547302376699,674.8314147681971,1211.7235756705365,0.0008875125612040377,0.000432598892826826
c009_024,2021-22,C1_shivajinagar_kasarwadi,3274.3578648277,279.0688432942564,2696.2209190189524,1204.4857792701512,676.1666201853559,991.8157662647287,0.0008701440181061207,0.0003540893409925459
c010_016,2021-22,C2_pcmc,4033.3189893432896,338.5480625777838,3321.176084311724,3083.9994294616167,641.8248759754387,2539.473117851911,0.0010718340928429838,0.0009066203556684142
c010_017,2021-22,C1_shivajinagar_kasarwadi,3935.510310040043,329.71521042519197,3240.6369929583398,3052.5623218133146,638.1601942402879,2513.5867026297733,0.001045841931714604,0.0008973786153992645
c010_018,2021-22,C1_shivajinagar_kasarwadi,3819.688009547592,319.71249928321305,3145.2648551626817,2897.2058861894207,641.4124056553177,2385.6607736612837,0.001015062741993355,0.0008517076254583553
c010_019,2021-22,C1_shivajinagar_kasarwadi,3722.337069530095,312.00385258460557,3065.1026823651314,2624.200862311043,656.6003457796023,2160.8588776055863,0.0009891922227617343,0.0007714508298560655
c010_020,2021-22,C1_shivajinagar_kasarwadi,3632.0157860297627,305.4066063729128,2990.7289748904136,2379.288944486235,654.6696999346091,1959.1898287671982,0.0009651897991446638,0.0006994527198938586
c010_021,2021-22,C1_shivajinagar_kasarwadi,3516.5439656170493,296.08084678989627,2895.645434664629,2213.742447653559,651.0591632831591,1822.8730465898007,0.0009345037477294395,0.0006507861013451315
c010_022,2021-22,C1_shivajinagar_kasarwadi,3383.7891995065934,285.82516753755954,2786.330511781173,1991.7717304875437,658.7205654520523,1640.0945856703672,0.0008992248410323645,0.0005855321429226562
c010_023,2021-22,C1_shivajinagar_kasarwadi,3260.117601385841,278.0265619175049,2684.4949874716685,1670.1511788584878,665.2852223675534,1375.2609617700955,0.0008663597402227255,0.0004909835719590392
c011_015,2021-22,C2_pcmc,4172.741241893539,350.94529974498664,3435.9812489947562,3251.9334402821128,667.9057719901244,2677.7558626467603,0.0011088848502909224,0.0009559888448984789
c011_016,2021-22,C2_pcmc,4127.591180651332,345.2991333726235,3398.8031076181323,3272.9940604744993,653.9424319372532,2695.0979147603016,0.0010968864501987874,0.0009621801518056765
c011_017,2021-22,C2_pcmc,4041.5377562811655,337.8716103828831,3327.943704792208,3167.2005073680643,636.2804396444812,2607.983798723409,0.0010740181885290482,0.0009310794363423389
c011_018,2021-22,C1_shivajinagar_kasarwadi,3933.8898692373773,329.38967685747235,3239.3026652609583,2970.8564778703876,627.4243989313497,2446.307249760131,0.0010454113077787537,0.0008733590969168453
c011_019,2021-22,C1_shivajinagar_kasarwadi,3839.769360555249,322.05391029478903,3161.8005427399635,2715.3098948367438,623.2913737968963,2235.8812452111806,0.0010203992593125215,0.0007982346556518688
c011_020,2021-22,C1_shivajinagar_kasarwadi,3741.1365553972228,314.5549866367431,3080.5828373006148,2556.0231341090603,613.7094052562267,2104.7189489301218,0.000994188090912393,0.0007514082463196813
c011_021,2021-22,C1_shivajinagar_kasarwadi,3597.5740003968594,303.07201155588757,2962.368402605598,2505.635572882023,620.0999369253785,2063.2280666725605,0.0009560370690587784,0.0007365955364843571
c011_022,2021-22,C1_shivajinagar_kasarwadi,3415.875901404327,289.35000993145513,2812.751825654129,2380.357172218826,642.7900535590272,1960.06944488669,0.0009077517195440191,0.0006997667527038536
c011_023,2021-22,C1_shivajinagar_kasarwadi,3230.43608333087,277.2416783129055,2660.054186193442,2125.3623194746265,671.0946787443432,1750.097754377154,0.0008584720271351393,0.0006248045066411428
c012_015,2021-22,C2_pcmc,4190.890113027531,352.8944206017448,3450.9256649774065,3246.744360827239,695.9269489375835,2673.482992925656,0.0011137078208715838,0.0009544633825342428
c012_016,2021-22,C2_pcmc,4176.359758706884,349.4841599088892,3438.9608624428656,3244.9258926889192,681.8877375049552,2671.9856025860804,0.001109846452806448,0.0009539287974060532
c012_017,2021-22,C2_pcmc,4111.641491835703,343.9640229393269,3385.669575361784,3090.507535549072,660.3083684221136,2544.832120288597,0.0010926479011804735,0.0009085335795812884
c012_018,2021-22,C1_shivajinagar_kasarwadi,4018.8670648065763,337.2358689013823,3309.2758636075278,2858.663179997824,645.5298440918415,2353.9233597928537,0.0010679935670956848,0.0008403770131171109
c012_019,2021-22,C1_shivajinagar_kasarwadi,3937.09153243524,331.39068378871343,3241.9390268457614,2624.8597655174594,617.123807873307,2161.401441577543,0.001046262133557309,0.0007716445312730133
c012_020,2021-22,C1_shivajinagar_kasarwadi,3841.7489848573505,323.88216186194325,3163.430634707753,2541.7618593345064,590.4198322560379,2092.9757159157753,0.001020925334444099,0.0007472157805608118
c012_021,2021-22,C1_shivajinagar_kasarwadi,3686.4455235836617,311.0553426111536,3035.548326674143,2599.1429717033056,601.4334938548809,2140.225333065816,0.0009796542262154977,0.0007640844232743845
c012_022,2021-22,C1_shivajinagar_kasarwadi,3475.480929182416,294.84007171062603,2861.8326926235814,2599.9603755948783,639.5546949407668,2140.8984120519035,0.0009235914537793246,0.0007643247200136843
c013_014,2021-22,C2_pcmc,4120.560475565204,350.13572989903804,3393.0137788668994,3079.3795053802733,698.4013951211493,2535.6689105946043,0.0010950180759323463,0.0009052622110547105
c013_015,2021-22,C2_pcmc,4170.857216955233,351.6608124936779,3434.4298768905705,3286.4534886401734,711.2262224084005,2706.180879199875,0.0011083841802060669,0.0009661368942856148
c013_016,2021-22,C2_pcmc,4194.312606815423,351.1030443834511,3453.7438662025233,3180.9154466336527,703.2083642487698,2619.2771599494886,0.001114617331260943,0.0009351112928323736
c013_017,2021-22,C2_pcmc,4158.118038482139,347.2600175502596,3423.939991267736,2949.3202320832484,683.5841159283412,2428.573550877625,0.0011049988080501947,0.0008670279677250647
c013_018,2021-22,C2_pcmc,4088.970046462001,341.97949861403777,3367.001113390176,2681.067522818558,665.6871738205324,2207.6848770792813,0.0010866230794022394,0.000788168236312914
c013_019,2021-22,C1_shivajinagar_kasarwadi,4021.6634635376927,337.69418491616904,3311.578516239894,2445.795564736461,630.4327760682997,2013.9537086405867,0.001068736695894848,0.0007190040385904676
c013_020,2021-22,C1_shivajinagar_kasarwadi,3924.8222053292243,330.58069952945584,3231.836033290637,2381.2459425108727,598.0726768924093,1960.8012894658548,0.0010430016220224622,0.0007000280294182995
c013_021,2021-22,C1_shivajinagar_kasarwadi,3755.9818806148382,317.05004457874145,3092.806997900568,2467.876825306935,600.0860365880434,2032.1361917796291,0.0009981331608980857,0.0007254953887900703
c013_022,2021-22,C1_shivajinagar_kasarwadi,3524.0247430872714,299.1840921527965,2901.8053687764127,2529.3838011206944,630.6781109915387,2082.7831893592224,0.0009364917264523576,0.0007435769343816963
c014_013,2021-22,C2_pcmc,3895.4764266626876,332.85820279866476,3207.671691580914,2678.029648739225,675.3989624172652,2205.1833851898255,0.001035203129976848,0.0007872751756813297
c014_014,2021-22,C2_pcmc,4029.9170345823054,342.665998699335,3318.374795640547,3116.285211581393,697.9070668894101,2566.058361350581,0.0010709300405959965,0.0009161115854620509
c014_015,2021-22,C2_pcmc,4121.022266630927,347.9093438602699,3393.394033800239,3314.8629369585915,717.6457727208552,2729.5742137149277,0.0010951407945691118,0.0009744885768095264
c014_016,2021-22,C2_pcmc,4179.656759676618,350.0758838399581,3441.675728487323,3125.8494087790195,712.0641951379479,2573.9338562177923,0.0011107226141149965,0.0009189232253677393
c014_017,2021-22,C2_pcmc,4171.726025833965,347.81614783868287,3435.145284543054,2814.2284223730358,693.8841796588501,2317.3342244614914,0.001108615061765113,0.0008273142818542655
c014_018,2021-22,C2_pcmc,4126.1990360488635,343.8570753353757,3397.656767005887,2500.542172587987,674.7119956323107,2059.033982522739,0.0010965164948218296,0.000735098201451793
c014_019,2021-22,C2_pcmc,4070.922898745861,340.53830502238935,3352.1404600316764,2237.87984827562,644.4969944571442,1842.7486274439927,0.0010818271413046473,0.0006578819063987351
c014_020,2021-22,C1_shivajinagar_kasarwadi,3973.9840977887693,333.8289004384119,3272.3176569677,2153.561044100459,618.2016820113201,1773.317571625146,0.0010560661459408642,0.0006330942415566033
c014_021,2021-22,C1_shivajinagar_kasarwadi,3799.942991836354,320.299491201929,3129.006116198533,2239.5178657689503,615.7500482749908,1844.0974284039232,0.001009815603544199,0.000658363443453576
c015_011,2021-22,C2_pcmc,3225.476697670404,280.4651043152768,2655.970454385485,2009.5797176264575,689.0000267726615,1654.7583058352632,0.0008571540955149305,0.0005907672553157994
c015_012,2021-22,C2_pcmc,3502.263643153909,302.5206778936472,2883.8865171165376,2208.08616026196,683.8804960408767,1818.2154614940998,0.0009307088243640357,0.0006491232912817621
c015_013,2021-22,C2_pcmc,3717.113789687455,318.90077746260596,3060.8016508471987,2535.977771065523,684.2949268226174,2088.2128951026307,0.0009878041625992248,0.00074551540016724
c015_014,2021-22,C2_pcmc,3880.0393603234374,331.2031618307216,3194.9602706213236,3008.728522807277,707.3639133138272,2477.492417667928,0.0010311008077852227,0.0008844925512627063
c015_015,2021-22,C2_pcmc,4006.1186800081123,339.67972601068175,3298.77839717402,3205.703651190647,712.6711082677614,2639.6886355518986,0.0010646057484054751,0.0009423984183153271
c015_016,2021-22,C2_pcmc,4092.8745455059197,344.0282785608359,3370.216214620737,2980.1616860713425,694.7785615185518,2453.969484018866,0.001087660680247053,0.0008760946003959075
c015_017,2021-22,C2_pcmc,4111.5782320009685,343.3200973837705,3385.617484998792,2638.3677825569066,675.9000883398032,2172.524415797143,0.001092631090199801,0.000775615557692696
c015_018,2021-22,C2_pcmc,4091.7089016782666,340.96332002020813,3369.2563826775017,2311.2833612046848,665.0389647118064,1903.1916502469496,0.0010873509163037863,0.0006794607427510741
c015_019,2021-22,C2_pcmc,4053.2161212696974,338.68487849901845,3337.560079446991,2044.097913528998,649.6279415133627,1683.1817970116383,0.00107712165487437,0.0006009147601263487
c015_020,2021-22,C2_pcmc,3966.936556182483,332.73030199320044,3266.5144644362304,1958.4890487111866,636.4667394315902,1612.688460087577,0.0010541932974544675,0.0005757478490277163
c016_009,2021-22,C3_dehu_talegaon,2539.156723444968,226.90696475267464,2090.8305558043194,1801.342725106795,629.1346223158557,1483.2886746822091,0.0006747680385435936,0.0005295506758255575
c016_010,2021-22,C2_pcmc,2761.8173170707923,243.5050781733489,2274.1770851570955,1803.908821439647,676.2114480606131,1485.4016882557019,0.0007339389635340005,0.0005303050453457802
c016_011,2021-22,C2_pcmc,3004.9688129050737,263.49910206020695,2474.396540886513,1873.4752902643131,711.8866799674743,1542.6851545872644,0.0007985552420008286,0.0005507558846377397
c016_012,2021-22,C2_pcmc,3270.0910618637636,284.51725355000275,2692.707484054414,2073.752509945542,715.4316379030831,1707.6004300701104,0.0008690101368296152,0.0006096324857178426
c016_013,2021-22,C2_pcmc,3484.968915535927,300.58597856777675,2869.645432813191,2446.8182085927583,719.964563965116,2014.7957894001986,0.0009261128380965563,0.000719304670856434
c016_014,2021-22,C2_pcmc,3663.7814558775235,313.9675496194348,3016.8859397323395,2904.9201413046108,723.8325969855646,2392.0129614412585,0.000973631365015051,0.0008539754276665648
c016_015,2021-22,C2_pcmc,3812.5059443266186,324.3861658694324,3139.350891176474,3067.0048147054,696.1943696042597,2525.479156987529,0.001013154144537711,0.0009016243548496273
c016_016,2021-22,C2_pcmc,3916.916974145247,330.5891135048132,3225.326589128509,2816.0202393285026,651.6629756751349,2318.809669283903,0.0010409008468749523,0.0008278410321869467
c016_017,2021-22,C2_pcmc,3956.2413203906353,331.6075381323454,3257.7076327867103,2471.758692563756,631.3797691379253,2035.332657204231,0.0010513510927136606,0.0007266365627602777
c016_018,2021-22,C2_pcmc,3956.7993674826553,330.81855379884604,3258.1671483025507,2163.363843795753,634.2940709361152,1781.3895401437107,0.0010514993909018823,0.000635976024757142
c016_019,2021-22,C2_pcmc,3932.9547414015574,329.2309997172071,3238.5326482570204,1929.628071296901,635.7754028294966,1588.9233207044922,0.001045162802292764,0.0005672634280001659
c017_008,2021-22,C3_dehu_talegaon,2109.774869727608,192.77931598303303,1737.2625024538643,1585.189095302465,595.562445529084,1305.300207184329,0.0005606619857175263,0.0004660067987223016
c017_009,2021-22,C3_dehu_talegaon,2358.499595813849,213.15931195352144,1942.0711511219201,1688.582242700775,640.2296750601273,1390.4377451098615,0.0006267593218956581,0.000496401853654039
c017_010,2021-22,C3_dehu_talegaon,2553.902950231469,227.80543113627073,2102.973115286117,1724.0775896631956,697.8752196399665,1419.6658566843275,0.0006786867736231465,0.000506836616961781
c017_011,2021-22,C2_pcmc,2783.3176029422425,246.85417028883327,2291.88117338587,1850.3958057989482,744.1803643431124,1523.6806989399083,0.0007396525556063802,0.0005439710810431795
c017_012,2021-22,C2_pcmc,3023.0040039881274,265.3812900391871,2489.2473487346624,2092.444906105721,755.9667387281942,1722.9924035910979,0.0008033480026837375,0.0006151275927185579
c017_013,2021-22,C2_pcmc,3229.4123187011874,280.1615146689461,2659.2111825497805,2502.1148732882007,759.3941644791481,2060.3289993481203,0.0008581999668701219,0.0007355605369679951
c017_014,2021-22,C2_pcmc,3410.88757851305,293.54531808875265,2808.6442659170716,2906.446849182574,737.5164615411416,2393.2701061663397,0.0009064260980012882,0.0008544242424186358
c017_015,2021-22,C2_pcmc,3571.1869382315363,305.0703557093127,2940.6403716637687,2991.5161613086384,674.3915428838892,2463.319156511335,0.0009490248409375989,0.0008794325382306957
c017_016,2021-22,C2_pcmc,3685.133263959594,312.84115528002184,3034.467766150322,2700.439178391669,605.6784184152879,2223.636176585452,0.0009793054998669362,0.0007938630289571025
c017_017,2021-22,C2_pcmc,3735.9930484235524,315.4193609530941,3076.3474935562745,2345.746165392243,590.1192623979513,1931.5695299456422,0.0009928212299857662,0.000689591963753054
c017_018,2021-22,C2_pcmc,3745.108016087383,315.50578091203954,3083.853077095383,2066.2262039905954,607.7996109692998,1701.4030062098045,0.0009952434864755376,0.0006074199359629505
c017_019,2021-22,C2_pcmc,3728.3736733146834,314.1021605607723,3070.07343329577,1890.2583223676234,620.0344238430984,1556.5048908865808,0.0009907964196423685,0.0005556896853347631
c018_007,2021-22,C3_dehu_talegaon,1782.3219545300435,166.3793481673651,1467.6263061684376,1364.4988442105948,580.0043446334863,1123.5761268664446,0.00047364303203771384,0.00040112926598800014
c018_008,2021-22,C3_dehu_talegaon,1984.3803447236705,182.11369500956087,1634.0082598196825,1431.908322259025,601.5016078612467,1179.0834514648482,0.0005273390258152263,0.0004209460027810932
c018_009,2021-22,C3_dehu_talegaon,2189.2977388041986,199.20124076254854,1802.7444173807141,1534.6944403205257,651.7323373469509,1263.7211401790453,0.0005817947853949594,0.0004511626059440067
c018_010,2021-22,C3_dehu_talegaon,2357.6504001053513,212.6333690280738,1941.371893640572,1612.0909440413877,719.91430013877,1327.4521314163446,0.0006265336524372621,0.00047391528386624273
c018_011,2021-22,C3_dehu_talegaon,2572.568574105352,231.6967204530485,2118.3430435691243,1804.6451957625075,771.8664774257475,1486.0080446576249,0.0006836470686271053,0.0005305215213749645
c018_012,2021-22,C3_dehu_talegaon,2783.006052056977,247.9393278779245,2291.6246314778473,2112.7200514281562,788.4527761247448,1739.6876681929637,0.0007395697625366118,0.0006210879892373938
c018_013,2021-22,C2_pcmc,2972.573639418973,261.13134473286954,2447.7212207064235,2559.728809648527,786.4883262006297,2107.770331925222,0.0007899463887269596,0.0007524976242370338
c018_014,2021-22,C2_pcmc,3147.06765262314,273.8734057217162,2591.4057011654345,2904.8761345329026,740.4886202527796,2391.976724724517,0.0008363172889318234,0.0008539624907526873
c018_015,2021-22,C2_pcmc,3309.454636266254,285.3552347349719,2725.120829550765,2904.612490043266,650.764055608671,2391.7596306201194,0.0008794708073523849,0.0008538849857250659
c018_016,2021-22,C2_pcmc,3427.708130343634,293.8411632556461,2822.4948972735956,2584.7416294516215,575.626221482567,2128.3667635862744,0.0009108960744549452,0.0007598507811051951
c018_017,2021-22,C2_pcmc,3485.1660593301876,297.4337712149507,2869.807767916464,2217.8103971303844,573.9456318128659,1826.2227386301074,0.0009261652280613569,0.0006519819789339172
c018_018,2021-22,C2_pcmc,3497.521369296271,297.9066588493554,2879.981562769297,1959.1475767203292,602.0072959583256,1613.2307151089608,0.0009294485891057674,0.0005759414401458479
c019_006,2021-22,C3_dehu_talegaon,1634.8034420844676,155.87624509450578,1346.154397593396,975.1417610210781,600.4006039522528,802.965871054037,0.00043444073452977616,0.0002866678125029325
c019_007,2021-22,C3_dehu_talegaon,1742.382119057937,162.98216101685185,1434.7384471293233,1218.0337098988273,598.8759900664605,1002.9716067312919,0.0004630292230544294,0.00035807210103063245
c019_008,2021-22,C3_dehu_talegaon,1899.2156928049835,176.13447098640162,1563.8807033510757,1330.018809661696,625.5529534074046,1095.1840590848954,0.0005047069509228763,0.0003909929796814754
c019_009,2021-22,C3_dehu_talegaon,2049.1016592393053,188.45244857716344,1687.3020564379217,1443.176200946195,669.6604650136446,1188.3618173257264,0.0005445383873372777,0.00042425848334947443
c019_010,2021-22,C3_dehu_talegaon,2182.6009629105583,200.09864168417167,1797.2300576192577,1511.3033534380754,737.9956550669785,1244.4601001905617,0.0005800151511200862,0.00044428619886485883
c019_011,2021-22,C3_dehu_talegaon,2368.321659235391,217.54892625764103,1950.158982067206,1678.7626448825251,786.9947881393493,1382.351944428661,0.0006293694855016339,0.0004935151322164619
c019_012,2021-22,C3_dehu_talegaon,2539.3015688171854,230.71037397812333,2090.9498265556294,1983.013524817443,801.3319886732882,1632.8827724490784,0.0006748065304676251,0.0005829574448005395
c019_013,2021-22,C2_pcmc,2700.0805883307526,241.72139572304454,2223.3409009731004,2433.58302530481,784.2266734127313,2003.8974760449798,0.0007175327405650238,0.0007154138508824656
c019_014,2021-22,C2_pcmc,2859.007655783813,252.78013858481415,2354.2070132170124,2737.1993303399795,716.38034746991,2253.9057728730177,0.0007597668037823946,0.0008046696139763547
c019_015,2021-22,C2_pcmc,3011.8207051036275,262.53863748710154,2480.0386288449026,2686.932583808821,616.198355943573,2212.514373666424,0.0008003760976480757,0.0007898924207048474
c019_016,2021-22,C2_pcmc,3129.983394762294,270.23765687110347,2577.337925029807,2384.6245653887495,558.5787549551202,1963.5833658475049,0.0008317772339362833,0.0007010212618573032
c019_017,2021-22,C2_pcmc,3199.9808099792585,274.7322279312194,2634.9762477105705,2031.8185945243208,577.3281672422937,1673.0705757772848,0.0008503786924965059,0.0005973049408582143
c020_005,2021-22,C3_dehu_talegaon,1615.9736529717031,152.7573084548374,1330.6492899043735,369.3705782537963,613.0975646159363,304.1526678118362,0.0004294368134450739,0.00010858591017585416
c020_006,2021-22,C3_dehu_talegaon,1654.044203566325,157.23431108047387,1361.9979143215126,746.5646897871729,625.2987107931021,614.7475068706309,0.0004395538694400087,0.00021947174766581782
c020_007,2021-22,C3_dehu_talegaon,1740.1950913397504,163.98224624177396,1432.9375719264049,959.8489819664427,632.6573929197577,790.3732612968832,0.000462448031515516,0.0002821721097303505
c020_008,2021-22,C3_dehu_talegaon,1857.6997320432295,175.4353834490659,1529.6950075597265,1133.2611106164923,656.7373463081959,933.1668801313574,0.0004936742946268701,0.00033315103153299525
c020_009,2021-22,C3_dehu_talegaon,1947.7981516536233,182.48954805642762,1603.8852011037893,1321.1718696589876,692.7864165856791,1087.8991789070644,0.0005176174932939849,0.0003883921958372214
c020_010,2021-22,C3_dehu_talegaon,2041.2006209138956,190.27167963411628,1680.7960648223532,1456.3494117847613,755.401562704868,1199.2091003961302,0.0005424387264206955,0.00042813108494001395
c020_011,2021-22,C3_dehu_talegaon,2175.4431426204887,201.66923574829215,1791.3360577581034,1597.9399957884991,787.7912114770653,1315.7997451230704,0.0005781129966320306,0.0004697552514046547
c020_012,2021-22,C3_dehu_talegaon,2292.38252745526,209.87885934256985,1887.6280419164414,1884.3115331813829,785.9619823170142,1551.6080964411206,0.0006091890458592705,0.0005539414748533961
c020_013,2021-22,C3_dehu_talegaon,2414.332229640676,218.61495047847396,1988.0456968198253,2256.8318589997943,748.5297143264235,1858.3543766874948,0.0006415965615454174,0.0006634533337275598
c020_014,2021-22,C2_pcmc,2551.7739860385545,228.3407684978246,2101.220051623028,2424.271436166357,658.9958712843337,1996.2299874988778,0.000678121012171985,0.0007126764715639435
c020_015,2021-22,C2_pcmc,2695.4490412457244,237.65274734435195,2219.527122927575,2282.8701926390017,563.470437261513,1879.7952523500335,0.0007163019303857503,0.0006711079665655148
c020_016,2021-22,C2_pcmc,2814.789268963368,245.21524501135283,2317.7960451822682,2010.8138302356656,552.0043625674699,1655.7745173706958,0.0007480159914489549,0.0005911300542197182
c021_004,2021-22,C3_dehu_talegaon,1638.9748530191885,150.63348982552546,1349.5892834208832,111.35877755193917,611.1025200953977,91.6967167141689,0.0004355492658576738,3.273675524919401e-05
c021_005,2021-22,C3_dehu_talegaon,1646.943076676166,152.5005771619331,1356.1505977909897,377.5560319792348,612.6883563087532,310.8928570267222,0.00043766678093582964,0.0001109922332435468
c021_006,2021-22,C3_dehu_talegaon,1668.602228297195,156.95843423260453,1373.9855016407234,719.2400579763472,625.5037462857947,592.2474482532702,0.0004434225907765123,0.00021143897464576442
c021_007,2021-22,C3_dehu_talegaon,1738.6055419472377,165.289985893938,1431.6286812978199,908.1054910801123,643.3507962939184,747.7658590793703,0.0004620256168154503,0.00026696078975968506
c021_008,2021-22,C3_dehu_talegaon,1819.253581496766,175.46953657590473,1498.037100990439,1130.873142561605,671.9123775824356,931.200543619183,0.00048345742484713,0.0003324490273670526
c021_009,2021-22,C3_dehu_talegaon,1863.8178614738242,178.0208757512073,1534.7328895619441,1298.632285276858,708.8423301546176,1069.3392958930897,0.0004953001565350068,0.00038176610965382933
c021_010,2021-22,C3_dehu_talegaon,1933.8193582644487,181.90590108548363,1592.3745731533775,1417.9179593098268,758.2470398503166,1167.5632967335994,0.0005139026997527567,0.0004168331784686884
c021_011,2021-22,C3_dehu_talegaon,2025.0196898954332,187.80556094038067,1667.4721196391417,1539.1126159355315,761.4812456795408,1267.3592206848562,0.0005381387259582097,0.0004524614414461201
c021_012,2021-22,C3_dehu_talegaon,2095.3114388496906,192.56785247674384,1725.3528070254213,1848.7504542528607,739.8670691958305,1522.3258588641322,0.0005568184022183313,0.0005434873879563186
c021_013,2021-22,C3_dehu_talegaon,2183.2612403582125,199.1154505317499,1797.773753189569,2111.6005471109765,695.3639019602922,1738.7658291382484,0.0005801906165075254,0.000620758882366453
c021_014,2021-22,C2_pcmc,2312.794488955999,208.37381429979064,1904.4359657502027,2123.0552626517047,611.1264614847943,1748.1980430065232,0.0006146134212424465,0.0006241262883972084
c022_003,2021-22,C3_dehu_talegaon,1610.067102308139,151.00984358990726,1325.785629267455,187.30618291998442,654.2047231889252,154.2344696269255,0.0004278671775226389,5.5063433720366985e-05
c022_004,2021-22,C3_dehu_talegaon,1659.8825686308776,151.62338920936168,1366.8054285486553,157.19575620254932,637.6544623905609,129.44048993759554,0.00044110538538486314,4.621170517622314e-05
c022_005,2021-22,C3_dehu_talegaon,1664.0425632618726,152.65627438884238,1370.2309137919078,460.31576665443686,621.3953489992697,379.04012042777987,0.00044221088288786883,0.00013532156980874643
c022_006,2021-22,C3_dehu_talegaon,1675.2227551052808,156.43465417355094,1379.4370752352384,754.4953125947591,622.6919399698329,621.2778593847376,0.0004451819622430976,0.00022180315668029387
c022_007,2021-22,C3_dehu_talegaon,1731.3717841316397,164.78642746240988,1425.672151819159,887.401323733502,638.5628394954341,730.7173227203986,0.00046010328231460546,0.0002608742712654585
c022_008,2021-22,C3_dehu_talegaon,1780.0417893278236,172.89211250078267,1465.7487382999152,1108.2527976013432,666.649003366462,912.574159517306,0.00047303708968415565,0.0003257991995501925
c022_009,2021-22,C3_dehu_talegaon,1787.6195679436487,172.6549103780581,1471.988546551527,1202.0215417558122,711.6394692540886,989.7866268090323,0.0004750508459702114,0.00035336491547211337
c022_010,2021-22,C3_dehu_talegaon,1847.5700799198405,175.21024469144032,1521.3538973069828,1260.661792861026,754.8897905121963,1038.0730628839485,0.0004909823908813011,0.000370603714158524
c022_011,2021-22,C3_dehu_talegaon,1923.6803565236853,179.7241689082474,1584.0257640983066,1335.8881309805558,739.7608781815404,1100.017063775782,0.0005112083113937259,0.00039271841650575064
c022_012,2021-22,C3_dehu_talegaon,1972.7559262102693,183.05754064806757,1624.4363065814823,1615.7961252055588,701.4546875424425,1330.5031073255154,0.0005242498954724344,0.0004750045164493574
c023_002,2021-22,C3_dehu_talegaon,1475.8105142630948,144.01506012035637,1215.234053616085,333.89482933363337,719.1745047475592,274.9406939515994,0.000392189169253106,9.815690821290106e-05
c023_003,2021-22,C3_dehu_talegaon,1573.4746646424346,148.3664662440285,1295.6541347927787,65.46481280711008,677.750419256559,53.90601914536854,0.00041814292255199013,1.9245052805119848e-05
c023_004,2021-22,C3_dehu_talegaon,1630.228231087646,150.51533186155407,1342.387008655533,147.65365184899247,656.5342130271918,121.58318709178226,0.0004332248953806039,4.340656002599946e-05
c023_005,2021-22,C3_dehu_talegaon,1644.3903149421044,151.66617783887685,1354.0485643930579,515.6290194085972,630.7947882799635,424.58698956408836,0.00043698839743462343,0.000151582312403601
c023_006,2021-22,C3_dehu_talegaon,1659.9450096158648,154.8514875504545,1366.8568446420932,790.0308673995227,629.6646274314764,650.5390795044846,0.00044112197876036284,0.00023224974010965378
c023_007,2021-22,C3_dehu_talegaon,1707.9706298333758,162.21176594455872,1406.4028219679792,851.7112158263368,642.7964350802321,701.3288381643874,0.0004538845440856109,0.00025038225300646463
c023_008,2021-22,C3_dehu_talegaon,1734.612634590277,167.61416022292607,1428.3407815666435,977.3211315411417,668.4134667750394,804.7604410519007,0.0004609645219092299,0.0002873084940987713
c023_009,2021-22,C3_dehu_talegaon,1722.9229152417686,166.3023924309474,1418.715057334278,994.2115765226465,721.3933754785784,818.668624876233,0.0004578580382002542,0.0002922738715532032
c023_010,2021-22,C3_dehu_talegaon,1771.433203980551,168.17089252434823,1458.6601276914662,1002.2112557544322,758.7170842871834,825.2558408680675,0.0004707494017302064,0.0002946255814663341
c023_011,2021-22,C3_dehu_talegaon,1829.7236609589384,172.13146480180214,1506.658531034154,1062.1431887985266,739.8745123893552,874.6058930802845,0.0004862397954337318,0.0003122441030306581
c024_001,2021-22,C3_dehu_talegaon,1334.2719589567812,137.4242946771793,1098.6862511404124,425.49320558066194,750.5118686127938,350.36600431192653,0.0003545760150667197,0.00012508458908676805
c024_002,2021-22,C3_dehu_talegaon,1423.697783661559,140.04927536614704,1172.3226064879766,145.10194736020617,700.6415241892663,119.48202426663022,0.0003783404750443292,4.2656421355711836e-05
c024_003,2021-22,C3_dehu_talegaon,1515.2012466643405,144.27839347090566,1247.6697619595604,-41.13428771912696,676.7569315448432,-33.87141284359599,0.0004026570568764909,-1.2092473884987766e-05
c024_004,2021-22,C3_dehu_talegaon,1570.288820882693,147.02607552628317,1293.030799487249,141.15193972139303,666.9770946026658,116.2294496655296,0.00041729630070899075,4.1495215780839575e-05
c024_005,2021-22,C3_dehu_talegaon,1588.2827197583786,148.0764463106344,1307.8476058859862,525.6373798710259,644.3618630522141,432.82822401611503,0.00042207808819693483,0.00015452452543886374
c024_006,2021-22,C3_dehu_talegaon,1607.2990745994025,150.43613884605736,1323.5063383283407,767.017035605727,638.1901048867862,631.5886845657565,0.00042713158817897517,0.00022548423679377718
c024_007,2021-22,C3_dehu_talegaon,1647.0892590523904,156.39066591759874,1356.2709694782147,804.1634760443075,641.4586014366675,662.1763643222764,0.00043770562816190426,0.00023640438117529565
c024_008,2021-22,C3_dehu_talegaon,1654.1940921218852,159.14251305564179,1362.1213378065763,844.9401647178058,666.345228852302,695.7533175902097,0.0004395937015644701,0.0002483917296926075
c024_009,2021-22,C3_dehu_talegaon,1638.4857693894182,157.31230630689058,1349.1865548346464,813.2478796976827,720.2377767241954,669.6567803849634,0.00043541929436024846,0.00023907497352125347
c024_010,2021-22,C3_dehu_talegaon,1685.9683414467036,158.84529146873228,1388.285367290326,799.7219922164271,754.0680034517445,658.5190910178371,0.0004480375473874306,0.00023509869362903324
c025_001,2021-22,C3_dehu_talegaon,1288.7569705935055,135.58028847254042,1061.2076159942123,218.41012438405502,703.1421246572503,179.84654414700276,0.0003424806374404998,6.420723128513116e-05
c025_002,2021-22,C3_dehu_talegaon,1375.7255246917775,137.90346241223207,1132.8205686819392,-48.70503963244368,672.5371606826658,-40.1054350623193,0.0003655920902003929,-1.4318089663887818e-05
c025_003,2021-22,C3_dehu_talegaon,1459.969163780803,141.1147594346415,1202.1897309369224,-149.59989200424977,673.2467613103183,-123.18578938409938,0.0003879794105981478,-4.3978707000126356e-05
c025_004,2021-22,C3_dehu_talegaon,1507.0995448382291,143.0507891719838,1240.998536991191,125.3591785143088,680.2545952359058,103.22513709694842,0.00040050407065094856,3.685253049180481e-05
c025_005,2021-22,C3_dehu_talegaon,1521.2147464305094,143.15565662399075,1252.6214882324348,505.7560424484931,668.6494629078206,416.45723462839027,0.00040425511398125083,0.00014867989880469894
c025_006,2021-22,C3_dehu_talegaon,1529.7362960039482,143.91616953108763,1259.638430537112,699.9729052362248,660.1693782494024,576.3822000389964,0.00040651967261913594,0.0002057749032769131
c025_007,2021-22,C3_dehu_talegaon,1550.0139303310896,147.93625925105792,1276.3357446726068,724.9340903630454,652.5787552968645,596.9361138995938,0.0004119083512362894,0.00021311288081393676
c025_008,2021-22,C3_dehu_talegaon,1538.8591611410893,148.81129932337927,1267.1505171322783,693.905395324263,670.2525634766375,571.3859999208864,0.00040894402782243924,0.00020399120385665586
c025_009,2021-22,C3_dehu_talegaon,1531.8108826274345,147.3997229613504,1261.3467178054786,624.6490053082656,700.203247227811,514.3578633379312,0.0004070709835066417,0.00018363152014569764
c026_001,2021-22,C3_dehu_talegaon,1230.0828524287338,131.66109034715996,1012.8932925965858,29.269240714609793,649.1821638427201,24.101317680095672,0.0003268882877199189,8.604440446169748e-06
c026_002,2021-22,C3_dehu_talegaon,1318.3708126957922,135.90034295520854,1085.5926905232943,-223.23632524424522,643.0130442116573,-183.8206069268867,0.0003503503659864356,-6.562601622347879e-05
c026_003,2021-22,C3_dehu_talegaon,1401.0081101674828,139.47068855735995,1153.6391348437867,-239.02670321517544,673.9562246923426,-196.8229570553686,0.0003723108092354301,-7.026800089941066e-05
c026_004,2021-22,C3_dehu_talegaon,1448.0315896828683,141.27213998398244,1192.3599144251332,85.2921399231761,700.9577913023177,70.23253455555323,0.0003848070607448849,2.5073801731010494e-05
c026_005,2021-22,C3_dehu_talegaon,1459.3848941425954,140.2027328064175,1201.7086228583569,427.3466125140608,703.0963087348122,351.89216447876817,0.000387824143901093,0.00012562944536563243
c026_006,2021-22,C3_dehu_talegaon,1446.7583136696026,138.161641775185,1191.3114543714753,548.083838918184,693.3220427585666,451.31142436844874,0.00038446869409344397,0.00016112323505288712
c026_007,2021-22,C3_dehu_talegaon,1437.3564586607456,139.14852094899047,1183.5696377469822,534.6809565670811,683.1853655712472,440.27502173257034,0.0003819701987448029,0.00015718311565855245
c026_008,2021-22,C3_dehu_talegaon,1408.6376418248808,138.86600446072427,1159.921558361986,432.1214639759134,695.8208754817067,355.82394436603863,0.000374338318630157,0.00012703313483757386
c027_001,2021-22,C3_dehu_talegaon,1146.0924346400536,124.82153639879422,943.7326416269651,-83.41033133450281,617.9228707954848,-68.68298747126182,0.0003045682596001766,-2.45205960605864e-05
c027_002,2021-22,C3_dehu_talegaon,1237.2252871457679,130.989299316665,1018.7746234381699,-338.2330523534233,627.1364185683923,-278.5129386909333,0.00032878635356986774,-9.943223960874942e-05
c027_003,2021-22,C3_dehu_talegaon,1324.534500329457,136.36656327979543,1090.668086745161,-292.3222179774681,679.4776113923973,-240.70835007716593,0.00035198833475628787,-8.593557790598492e-05
c027_004,2021-22,C3_dehu_talegaon,1381.5363595094966,139.82326229971832,1137.6054135398554,4.071163700496431,720.4470115687265,3.352338744624878,0.0003671362901215909,1.196822491881187e-06
c027_005,2021-22,C3_dehu_talegaon,1396.1860288133241,138.9119548144196,1149.6684642094156,254.60044098266792,726.3427309192367,209.64691805458523,0.0003710293655391825,7.484629865749925e-05
c027_006,2021-22,C3_dehu_talegaon,1365.690960987349,134.66424022490264,1124.5577575629316,303.04774865708777,713.8962494772481,249.5401275980668,0.00036292545572054425,8.908862143335901e-05
c028_002,2021-22,C3_dehu_talegaon,1142.6312273039537,123.55282988125433,940.8825623106819,-399.35659987489925,639.4970925919292,-328.84420798874555,0.0003036484612814638,-0.00011740106666631793
c028_003,2021-22,C3_dehu_talegaon,1234.7402121785228,129.92463438860253,1016.7283256941176,-331.857641572358,699.4241349411392,-273.26320221591556,0.00032812595748411263,-9.755802486842091e-05
c028_004,2021-22,C3_dehu_talegaon,1298.8236339492528,134.68866983915714,1069.4968590900996,-113.51642275063297,736.9964514953933,-93.47339732169472,0.00034515580224010316,-3.337105013224705e-05
c028_005,2021-22,C3_dehu_talegaon,1316.9732974179049,134.84751608419498,1084.4419275088533,26.074643119268583,732.988435383311,21.470774159813764,0.0003499789833796876,7.665306936468897e-06
c028_006,2021-22,C3_dehu_talegaon,1277.333910120401,130.18946150233694,1051.8014680170352,38.699161099380916,723.3001023788054,31.866244317838444,0.0003394450169770476,1.1376606255116903e-05
c029_004,2021-22,C3_dehu_talegaon,1209.1542401164897,127.7318824119494,995.6599403938694,-196.62939886367582,741.8313754422197,-161.911532091579,0.0003213266150003979,-5.780423103507938e-05
c029_005,2021-22,C3_dehu_talegaon,1223.361658392076,128.11053474073256,1007.3588260811562,-161.57828358122592,733.0956487828144,-133.04921643737381,0.0003251021644472154,-4.750006096929667e-05
c029_006,2021-22,C3_dehu_talegaon,1176.1515193210946,123.14806044479518,968.4843444857635,-191.70331376195625,734.4687723296562,-157.8552211297279,0.0003125563091062832,-5.6356082574249874e-05
c029_007,2021-22,C3_dehu_talegaon,1104.5902829988709,117.01065458874882,909.558316749027,-267.4555001852284,764.1589045807575,-220.23222392767877,0.0002935392730080196,-7.862537145337152e-05
c030_004,2021-22,C3_dehu_talegaon,1124.7279748053165,121.62860396321148,926.14039731283,-302.21292356885044,715.0670421821919,-248.85270338863458,0.00029889076260910066,-8.884320328859923e-05
c030_005,2021-22,C3_dehu_talegaon,1142.0564620041955,122.75596850597385,940.4092804371944,-340.2166625672009,703.2391637755818,-280.1463127979655,0.0003034957203142129,-0.00010001537246550112
c030_006,2021-22,C3_dehu_talegaon,1091.2456337446333,118.6290086306208,898.5698652841656,-417.76015137057226,723.3441680727792,-343.99833669895213,0.00028999300005874007,-0.00012281126040473953
c030_007,2021-22,C3_dehu_talegaon,1020.5141635831764,113.26038849268672,840.3270960588414,-526.0746594549629,771.5175643940623,-433.18829533707094,0.0002711964701149729,-0.00015465307493473207
c030_008,2021-22,C3_dehu_talegaon,977.2183121733403,109.35278599065785,804.6757759841864,-693.6390332545043,785.2750839060234,-571.1666680658589,0.0002596908168943032,-0.00020391289992698766
c031_004,2021-22,C3_dehu_talegaon,1029.3871038797372,112.83846639219485,847.6333857890424,-543.6229825496494,684.1176051162354,-447.63819903569635,0.0002735544090577499,-0.00015981185245378832
c031_005,2021-22,C3_dehu_talegaon,1052.7751553623846,114.85327599352584,866.8919263230425,-629.3663133967017,666.4596094879859,-518.2422599966233,0.0002797696652798594,-0.0001850182932741486
c031_006,2021-22,C3_dehu_talegaon,1015.4971019061571,112.84422166472908,836.1958717993027,-685.1671515393382,701.835723409641,-564.1906240148257,0.0002698632113854915,-0.00020142237404024147
c031_007,2021-22,C3_dehu_talegaon,967.6440351030418,110.16493358952782,796.7919809968658,-748.7401877940785,761.7244363816267,-616.5388881055624,0.00025714650125614394,-0.0002201112908375625
c031_008,2021-22,C3_dehu_talegaon,927.6381320085185,106.97816918580261,763.8497195640659,-876.1396027903619,782.7062761092117,-721.4440273615708,0.00024651513513683173,-0.0002575636009231198
c032_004,2021-22,C3_dehu_talegaon,930.4629292713934,104.31331297861914,766.1757565418693,-807.4412042151861,671.8867887087669,-664.8753604693105,0.0002472658107019726,-0.00023736795303969937
c032_005,2021-22,C3_dehu_talegaon,958.9437519500505,105.76261345013718,789.6278632043478,-939.0770777496965,661.8330986265137,-773.2689480272046,0.00025483444507477007,-0.00027606567825406964
c032_006,2021-22,C3_dehu_talegaon,945.8802099052448,105.14701350159159,778.8708852588287,-995.2718511601362,712.3886849977044,-819.5416921387375,0.00025136287494260197,-0.0002925855663478793
c032_007,2021-22,C3_dehu_talegaon,924.8723426351652,104.64764258332809,761.5722717486824,-1019.2745618306626,775.0956253344784,-839.3063645706062,0.0002457801406194589,-0.0002996417758520807
c033_005,2021-22,C3_dehu_talegaon,868.9505287969145,98.97740236675375,715.5242921066927,-1183.881390267037,657.5670747226735,-974.8493908875755,0.00023091920183335637,-0.0003480321548893712
c033_006,2021-22,C3_dehu_talegaon,870.6671751034677,98.78457409044869,716.9378387846544,-1282.822733779381,720.1472792941133,-1056.3211576114793,0.0002313753918945884,-0.0003771184884303381
c000_021,2022-23,C1_shivajinagar_kasarwadi,4670.908765386446,234.08893107777945,3846.1898313996976,5464.908472273808,853.4855551349849,4499.996992309177,0.0013665486877754642,0.0016065493448204527
c000_022,2022-23,C1_shivajinagar_kasarwadi,4817.845969380158,240.5204612074433,3967.1830702406965,5350.234602441374,886.6763747051458,4405.5705125317945,0.0014095375050246896,0.0015728380335730623
c000_023,2022-23,C1_shivajinagar_kasarwadi,4897.003804664918,243.1571404985904,4032.36440356153,5202.663927460463,869.0155160256835,4284.055651498663,0.0014326963893808015,0.0015294558667155354
c001_020,2022-23,C1_shivajinagar_kasarwadi,4354.722890575404,218.5141529116349,3585.8313106890423,5161.627885531475,840.0962288841997,4250.265137678788,0.0012740434786140049,0.0015173922746884196
c001_021,2022-23,C1_shivajinagar_kasarwadi,4517.365389401182,227.42583268257442,3719.756839222758,5073.1110644294895,894.5206077067875,4177.377287726935,0.0013216271297856845,0.0014913704956104224
c001_022,2022-23,C1_shivajinagar_kasarwadi,4647.046148587652,233.18155225651904,3826.5405171672637,4878.776959370718,915.8930679760635,4017.3557809250638,0.0013595672995036718,0.001434241024779864
c001_023,2022-23,C1_shivajinagar_kasarwadi,4715.607738274414,236.4590381892397,3882.996530830379,4742.874543314287,891.1410033083879,3905.4489728597064,0.0013796260835913746,0.0013942890404817386
c001_024,2022-23,C1_shivajinagar_kasarwadi,4696.690414497807,235.04380627673208,3867.4193440340828,4628.408792682235,837.5951039827556,3811.1938657193064,0.0013740915194879783,0.0013606389111858327
c001_025,2022-23,C1_shivajinagar_kasarwadi,4618.182916804033,230.4151807473248,3802.773521457532,4413.733926261677,795.7802372112917,3634.423063771192,0.0013511229017429717,0.0012975297543267304
c002_020,2022-23,C1_shivajinagar_kasarwadi,4208.614214397119,212.7920438017652,3465.5203106625418,4589.587949411592,809.3415747426941,3779.2274240408947,0.0012312970603615974,0.0013492265333503665
c002_021,2022-23,C1_shivajinagar_kasarwadi,4345.417016382306,220.56173681239514,3578.168528029057,4438.545826928387,877.3826235569381,3654.8540515800723,0.0012713208970338593,0.001304823845886011
c002_022,2022-23,C1_shivajinagar_kasarwadi,4457.905141225831,225.41175229560454,3670.7951888477232,4257.12200681734,895.8160524630099,3505.4633254636165,0.0013042310879873586,0.0012514896828688296
c002_023,2022-23,C1_shivajinagar_kasarwadi,4519.928577720248,228.2091643867746,3721.8674582358735,4173.457811097026,870.259424792995,3436.571297167902,0.0013223770313166023,0.0012268944568917923
c002_024,2022-23,C1_shivajinagar_kasarwadi,4500.445095076121,226.59717783022626,3705.824076403753,4112.1427896292025,806.1234340505507,3386.0823615181203,0.001316676828427192,0.001208869341180056
c002_025,2022-23,C1_shivajinagar_kasarwadi,4438.608041513588,223.09982185160936,3654.9052812479986,3974.439812792712,753.5618578096448,3272.692908659013,0.0012985854143905942,0.0011683880360788118
c003_019,2022-23,C1_shivajinagar_kasarwadi,3917.393869100303,196.9669432778038,3225.7192811331947,4091.517303742746,725.8270352178567,3369.098614228506,0.0011460959141375486,0.0012028059531094953
c003_020,2022-23,C1_shivajinagar_kasarwadi,4056.1679404314914,204.83780412461044,3339.9907107040935,4058.7687589453703,776.362744394033,3342.1323157372567,0.001186696477025915,0.0011931786824141168
c003_021,2022-23,C1_shivajinagar_kasarwadi,4169.913714417234,212.120941709614,3433.6529638636143,3844.911610677505,834.6652893075739,3166.03485154884,0.001219974613249019,0.0011303099146793925
c003_022,2022-23,C1_shivajinagar_kasarwadi,4263.9620799950035,217.44237592236863,3511.095681226357,3649.827487025019,844.8590525817539,3005.395753174664,0.0012474899591962856,0.001072959956737943
c003_023,2022-23,C1_shivajinagar_kasarwadi,4310.422364038765,220.1074374316598,3549.352705935825,3576.409599114989,822.4640799087844,2944.940893509034,0.0012610826546186776,0.0010513768944930076
c003_024,2022-23,C1_shivajinagar_kasarwadi,4287.977601927098,218.22577974363273,3530.8709028995927,3540.324378924895,760.1079398477526,2915.2270596642243,0.0012545160822980137,0.0010407687228926557
c003_025,2022-23,C1_shivajinagar_kasarwadi,4237.511686566692,214.67637854564853,3489.3155011050108,3464.054645883739,712.5731445652367,2852.423890858979,0.0012397514756920774,0.0010183472879741094
c004_019,2022-23,C1_shivajinagar_kasarwadi,3750.934951815101,188.09344629709847,3088.6511800063727,3711.928220382659,695.2131857104316,3056.531671506578,0.0010973957090146603,0.0010912160525160806
c004_020,2022-23,C1_shivajinagar_kasarwadi,3861.6186271712754,194.1739181958962,3179.7919939335407,3584.439482621679,750.4257004951864,2951.552980758441,0.0011297779795563182,0.0010537374837237528
c004_021,2022-23,C1_shivajinagar_kasarwadi,3953.0449500204786,199.78520020398554,3255.075629501571,3293.4443941734967,797.091339315663,2711.937435605729,0.0011565262051786136,0.0009681920494197299
c004_022,2022-23,C1_shivajinagar_kasarwadi,4025.9589155605254,204.76066068510943,3315.1155418426874,3051.141351954024,806.5042558890158,2512.4166262917315,0.0011778583460818222,0.0008969608850368924
c004_023,2022-23,C1_shivajinagar_kasarwadi,4057.8960724635986,207.60469735617085,3341.4137151306545,2951.2406932574377,793.51759309409,2430.154925854268,0.0011872020695517804,0.0008675925363096623
c004_024,2022-23,C1_shivajinagar_kasarwadi,4037.7842853337365,206.1538077799135,3324.8529653846144,2910.1996773803803,740.8214843095456,2396.360316311388,0.00118131804618682,0.0008555274820635445
c004_025,2022-23,C1_shivajinagar_kasarwadi,3994.7843775015394,202.69053858020033,3289.4453356143854,2878.0667016256352,706.9905737659286,2369.900898924269,0.001168737738890303,0.000846081173601504
c005_019,2022-23,C1_shivajinagar_kasarwadi,3572.194573053255,178.6499590924488,2941.470093458761,3303.311231433662,669.5535247981186,2720.0621348975133,0.0010451023669011195,0.0009710926580971108
c005_020,2022-23,C1_shivajinagar_kasarwadi,3649.1500294487723,182.49190410167063,3004.8379108849,3092.152705923201,720.8766112522212,2546.186811181038,0.0010676169102665915,0.0009090172194080275
c005_021,2022-23,C1_shivajinagar_kasarwadi,3714.1813831609643,186.6276547496648,3058.3870046337465,2715.2118853308066,755.8140534019334,2235.800540752145,0.0010866428676430688,0.0007982058432557694
c005_022,2022-23,C1_shivajinagar_kasarwadi,3767.5230967019907,191.22914830080887,3102.3104393476247,2402.278185797811,768.424261179673,1978.11997504182,0.0011022488347695008,0.0007062109942097807
c005_023,2022-23,C1_shivajinagar_kasarwadi,3791.6181821351856,194.08336195435677,3122.1511763936187,2249.705217868516,765.4320258544418,1852.4860508374413,0.0011092982354395748,0.0006613582756495858
c005_024,2022-23,C1_shivajinagar_kasarwadi,3780.6476537387757,193.52059417398257,3113.117659174007,2182.484422375745,729.4584275746236,1797.1340940621728,0.0011060886327825046,0.0006415970069101136
c005_025,2022-23,C1_shivajinagar_kasarwadi,3746.570663343353,190.50565310697115,3085.057472061203,2172.401784621669,715.458401711825,1788.8316970873507,0.0010961188669730564,0.0006386329581689399
c006_018,2022-23,C1_shivajinagar_kasarwadi,3384.360418016167,171.38377848748272,2786.8008731034297,2977.461514272173,672.2832787171953,2451.7460680116947,0.000990148495828429,0.000875300815969898
c006_019,2022-23,C1_shivajinagar_kasarwadi,3429.143016225324,172.20111978441432,2823.6764325517565,2936.4246575742436,659.6214864480439,2417.954883282544,0.0010032503575627882,0.0008632369844206536
c006_020,2022-23,C1_shivajinagar_kasarwadi,3470.104833729171,173.89069424896775,2857.4058273809683,2675.9782240285585,697.6304540233637,2203.4941702515,0.0010152343891014879,0.000786672107022158
c006_021,2022-23,C1_shivajinagar_kasarwadi,3505.278243407638,176.39452672716547,2886.3688445230478,2261.02696253545,717.309680371805,1861.808771832199,0.001025524929819579,0.0006646865914977228
c006_022,2022-23,C1_shivajinagar_kasarwadi,3535.8826361519086,180.00993085167866,2911.5695731353176,1888.5300676210063,728.3647751628499,1555.0817854125958,0.0010344787319265202,0.000555181620735887
c006_023,2022-23,C1_shivajinagar_kasarwadi,3547.4944503990314,182.40823626944524,2921.13114757932,1653.1564009621795,724.6249919042328,1361.2668665704498,0.0010378759529640384,0.0004859875231810579
c006_024,2022-23,C1_shivajinagar_kasarwadi,3538.6654047988372,182.44583700759605,2913.8610022791,1507.344066191405,698.4575918048828,1241.1998844354216,0.0010352928751765499,0.00044312226531238204
c006_025,2022-23,C1_shivajinagar_kasarwadi,3508.5338514432574,179.90883876227184,2889.0496261761627,1458.3672715792502,700.4019079587847,1200.8706768071847,0.0010264774097570927,0.000428724286335284
c007_018,2022-23,C1_shivajinagar_kasarwadi,3333.444431368334,169.73111691624362,2744.8748668513304,2836.0116043936678,676.5461129439852,2335.271259285239,0.0009752522137053436,0.0008337180042552722
c007_019,2022-23,C1_shivajinagar_kasarwadi,3337.5061342316085,168.57908317407586,2748.219415211311,2717.2877490666547,669.4190089336093,2237.5098796395487,0.0009764405295121248,0.0007988160963902333
c007_020,2022-23,C1_shivajinagar_kasarwadi,3342.177922490507,168.67289197482867,2752.0663292484646,2435.974807291706,689.8079034179956,2005.866953082317,0.0009778073355097227,0.0007161169762510782
c007_021,2022-23,C1_shivajinagar_kasarwadi,3346.4574418497455,169.1448551202279,2755.5902353381653,2053.5498191545653,694.4721536827537,1690.9648270664757,0.0009790593769985255,0.0006036933890580318
c007_022,2022-23,C1_shivajinagar_kasarwadi,3349.01887945437,170.7480496991578,2757.699412751708,1682.0314395901246,702.1492508975737,1385.0435844492217,0.0009798087663300742,0.0004944760778612956
c007_023,2022-23,C1_shivajinagar_kasarwadi,3338.1571319802856,172.2281648400081,2748.7554695525523,1374.6422730709262,693.0624483219719,1131.9285813667852,0.000976630989262868,0.0004041111858266353
c007_024,2022-23,C1_shivajinagar_kasarwadi,3319.5870360100853,172.2341209667801,2733.46420229039,1135.9737338862637,670.9032103675098,935.4005491154164,0.0009711980121796938,0.00033394847638662934
c008_017,2022-23,C1_shivajinagar_kasarwadi,3388.789708096212,173.91538154108102,2790.448105648932,2808.6143799497213,709.0721949998928,2312.711425351903,0.0009914443551249147,0.0008256638907776849
c008_018,2022-23,C1_shivajinagar_kasarwadi,3331.9784010486646,169.31545665342134,2743.6676861524006,2812.1787101156515,683.2385091204878,2315.646419617161,0.0009748233032062926,0.0008267117166144489
c008_019,2022-23,C1_shivajinagar_kasarwadi,3291.5157819525953,166.34787163079508,2710.3493487718106,2623.9203438265963,685.1223190036627,2160.627888863012,0.0009629853201055636,0.0007713683642869377
c008_020,2022-23,C1_shivajinagar_kasarwadi,3260.984125786166,165.00850783966465,2685.2085140046393,2332.2514602063825,689.0644792405755,1920.4575171724066,0.0009540527982419313,0.0006856248506925365
c008_021,2022-23,C1_shivajinagar_kasarwadi,3232.769603016402,163.63290389911882,2661.975688011755,2016.0171004089514,683.95579480025,1660.0590722262348,0.0009457981906261815,0.0005926596883078694
c008_022,2022-23,C1_shivajinagar_kasarwadi,3201.4852729458985,163.1248369091261,2636.2150751967524,1702.1103144163103,691.4944403902971,1401.5772330519756,0.0009366454620345658,0.0005003787756576814
c008_023,2022-23,C1_shivajinagar_kasarwadi,3163.5155226426746,163.59995966835427,2604.9494532691183,1382.7774808096112,683.4691622356299,1138.6273962767928,0.0009255368073683598,0.00040650273780392293
c008_024,2022-23,C1_shivajinagar_kasarwadi,3128.972030677885,163.28377382202638,2576.5051324293345,1111.0426388004541,670.7919525998298,914.8714124482038,0.0009154305591013248,0.00032661934458525096
c009_017,2022-23,C1_shivajinagar_kasarwadi,3474.6990607977255,176.09233379502595,2861.1888748181523,2865.8284622875653,675.0602438319754,2359.823504125823,0.0010165785033386147,0.0008424834307499843
c009_018,2022-23,C1_shivajinagar_kasarwadi,3379.701333140644,170.13246439023192,2782.9644194769626,2791.4527665348155,670.9779200643922,2298.579951944423,0.0009887854064077875,0.000820618796440303
c009_019,2022-23,C1_shivajinagar_kasarwadi,3303.46279870766,166.21028470822972,2720.1869406981195,2562.9261014161016,681.0162922134562,2110.403093921258,0.0009664806099708784,0.0007534375497674352
c009_020,2022-23,C1_shivajinagar_kasarwadi,3243.296861361299,164.05037000420782,2670.6442011496497,2290.4549065175515,675.691813851882,1886.0407713398142,0.0009488781075758977,0.0006733376868204936
c009_021,2022-23,C1_shivajinagar_kasarwadi,3177.533639766326,160.83191760190803,2616.4924617594365,2039.8559553555542,667.8857605789979,1679.6888201175427,0.0009296380306040536,0.000599667728239378
c009_022,2022-23,C1_shivajinagar_kasarwadi,3103.3698251432547,158.01441747456045,2555.423379919327,1775.9128506551717,675.8547067883962,1462.3488256202008,0.0009079402264626799,0.0005220749150975607
c009_023,2022-23,C1_shivajinagar_kasarwadi,3033.5473873724536,157.26555280697016,2497.929139794649,1471.547302376699,674.8314147681971,1211.7235756705365,0.0008875125612040377,0.000432598892826826
c009_024,2022-23,C1_shivajinagar_kasarwadi,2974.181130667678,156.14587088340997,2449.0448852876398,1204.4857792701512,676.1666201853559,991.8157662647287,0.0008701440181061207,0.0003540893409925459
c010_016,2022-23,C2_pcmc,3663.564499447183,184.56326619440352,3016.7072902107698,3083.9994294616167,641.8248759754387,2539.473117851911,0.0010718340928429838,0.0009066203556684142
c010_017,2022-23,C1_shivajinagar_kasarwadi,3574.722430129097,179.14312604828183,2943.5516194890665,3052.5623218133146,638.1601942402879,2513.5867026297733,0.001045841931714604,0.0008973786153992645
c010_018,2022-23,C1_shivajinagar_kasarwadi,3469.518138217256,173.4162499621792,2856.9227217530492,2897.2058861894207,641.4124056553177,2385.6607736612837,0.001015062741993355,0.0008517076254583553
c010_019,2022-23,C1_shivajinagar_kasarwadi,3381.091844939127,169.66449453388356,2784.109415581232,2624.200862311043,656.6003457796023,2160.8588776055863,0.0009891922227617343,0.0007714508298560655
c010_020,2022-23,C1_shivajinagar_kasarwadi,3299.0507644665413,167.0203612505625,2716.5539172146105,2379.288944486235,654.6696999346091,1959.1898287671982,0.0009651897991446638,0.0006994527198938586
c010_021,2022-23,C1_shivajinagar_kasarwadi,3194.1648223755988,162.28892943914667,2630.1871598682837,2213.742447653559,651.0591632831591,1822.8730465898007,0.0009345037477294395,0.0006507861013451315
c010_022,2022-23,C1_shivajinagar_kasarwadi,3073.580348511837,157.54594011336042,2530.8936817690364,1991.7717304875437,658.7205654520523,1640.0945856703672,0.0008992248410323645,0.0005855321429226562
c010_023,2022-23,C1_shivajinagar_kasarwadi,2961.246343276398,155.71939548832134,2438.3939284322355,1670.1511788584878,665.2852223675534,1375.2609617700955,0.0008663597402227255,0.0004909835719590392
c011_015,2022-23,C2_pcmc,3790.2052179784046,191.99230696923755,3120.987692231347,3251.9334402821128,667.9057719901244,2677.7558626467603,0.0011088848502909224,0.0009559888448984789
c011_016,2022-23,C2_pcmc,3749.1942882820786,187.11335738313116,3087.217856703162,3272.9940604744993,653.9424319372532,2695.0979147603016,0.0010968864501987874,0.0009621801518056765
c011_017,2022-23,C2_pcmc,3671.0298109840064,182.86407076434566,3022.8544891314464,3167.2005073680643,636.2804396444812,2607.983798723409,0.0010740181885290482,0.0009310794363423389
c011_018,2022-23,C1_shivajinagar_kasarwadi,3573.2505432255853,178.7810390902862,2942.33961627393,2970.8564778703876,627.4243989313497,2446.307249760131,0.0010454113077787537,0.0008733590969168453
c011_019,2022-23,C1_shivajinagar_kasarwadi,3487.7585315129445,175.3308957655826,2871.9425002883304,2715.3098948367438,623.2913737968963,2235.8812452111806,0.0010203992593125215,0.0007982346556518688
c011_020,2022-23,C1_shivajinagar_kasarwadi,3398.1678880720015,171.9971586691127,2798.1704274222056,2556.0231341090603,613.7094052562267,2104.7189489301218,0.000994188090912393,0.0007514082463196813
c011_021,2022-23,C1_shivajinagar_kasarwadi,3267.7664292885743,166.28230894380633,2690.7933001939437,2505.635572882023,620.0999369253785,2063.2280666725605,0.0009560370690587784,0.0007365955364843571
c011_022,2022-23,C1_shivajinagar_kasarwadi,3102.725502239443,160.2561311191652,2554.892821879071,2380.357172218826,642.7900535590272,1960.06944488669,0.0009077517195440191,0.0006997667527038536
c011_023,2022-23,C1_shivajinagar_kasarwadi,2934.285878179736,156.8611560733471,2416.1937374387794,2125.3623194746265,671.0946787443432,1750.097754377154,0.0008584720271351393,0.0006248045066411428
c012_015,2022-23,C2_pcmc,3806.6902914792136,193.464207779627,3134.5620789842087,3246.744360827239,695.9269489375835,2673.482992925656,0.0011137078208715838,0.0009544633825342428
c012_016,2022-23,C2_pcmc,3793.4920072884133,189.48432023185273,3123.6941496376207,3244.9258926889192,681.8877375049552,2671.9856025860804,0.001109846452806448,0.0009539287974060532
c012_017,2022-23,C2_pcmc,3734.70678707611,186.38907526657223,3075.288340923768,3090.507535549072,660.3083684221136,2544.832120288597,0.0010926479011804735,0.0009085335795812884
c012_018,2022-23,C1_shivajinagar_kasarwadi,3650.4374549904264,183.75188667674135,3005.898022155685,2858.663179997824,645.5298440918415,2353.9233597928537,0.0010679935670956848,0.0008403770131171109
c012_019,2022-23,C1_shivajinagar_kasarwadi,3576.1586939723693,181.54847288348705,2944.734289429044,2624.8597655174594,617.123807873307,2161.401441577543,0.001046262133557309,0.0007716445312730133
c012_020,2022-23,C1_shivajinagar_kasarwadi,3489.556673771115,177.92892960137226,2873.4231535864715,2541.7618593345064,590.4198322560379,2092.9757159157753,0.001020925334444099,0.0007472157805608118
c012_021,2022-23,C1_shivajinagar_kasarwadi,3348.4906562141455,171.1355821793537,2757.264455239732,2599.1429717033056,601.4334938548809,2140.225333065816,0.0009796542262154977,0.0007640844232743845
c012_022,2022-23,C1_shivajinagar_kasarwadi,3156.8662395164424,163.70873495752886,2599.4742007153263,2599.9603755948783,639.5546949407668,2140.8984120519035,0.0009235914537793246,0.0007643247200136843
c013_014,2022-23,C2_pcmc,3742.808123035125,194.94147158647175,3081.9592646243595,3079.3795053802733,698.4013951211493,2535.6689105946043,0.0010950180759323463,0.0009052622110547105
c013_015,2022-23,C2_pcmc,3788.4939110130276,193.22081051348482,3119.578542153869,3286.4534886401734,711.2262224084005,2706.180879199875,0.0011083841802060669,0.0009661368942856148
c013_016,2022-23,C2_pcmc,3809.799028173245,190.47617683250266,3137.121921631894,3180.9154466336527,703.2083642487698,2619.2771599494886,0.001114617331260943,0.0009351112928323736
c013_017,2022-23,C2_pcmc,3776.9225966365893,187.59311827538846,3110.0503167215097,2949.3202320832484,683.5841159283412,2428.573550877625,0.0011049988080501947,0.0008670279677250647
c013_018,2022-23,C2_pcmc,3714.113746297113,185.2274393453537,3058.331310071716,2681.067522818558,665.6871738205324,2207.6848770792813,0.0010866230794022394,0.000788168236312914
c013_019,2022-23,C1_shivajinagar_kasarwadi,3652.977493887594,184.21821417639012,3007.989579124222,2445.795564736461,630.4327760682997,2013.9537086405867,0.001068736695894848,0.0007190040385904676
c013_020,2022-23,C1_shivajinagar_kasarwadi,3565.014157342247,181.31796278888513,2935.5574877368167,2381.2459425108727,598.0726768924093,1960.8012894658548,0.0010430016220224622,0.0007000280294182995
c013_021,2022-23,C1_shivajinagar_kasarwadi,3411.652268205015,174.55458044062837,2809.2739381853908,2467.876825306935,600.0860365880434,2032.1361917796291,0.0009981331608980857,0.0007254953887900703
c013_022,2022-23,C1_shivajinagar_kasarwadi,3200.9597996240095,166.3307061251833,2635.782382063823,2529.3838011206944,630.6781109915387,2082.7831893592224,0.0009364917264523576,0.0007435769343816963
c014_013,2022-23,C2_pcmc,3538.358652727954,187.0196161513365,2913.608411882872,2678.029648739225,675.3989624172652,2205.1833851898255,0.001035203129976848,0.0007872751756813297
c014_014,2022-23,C2_pcmc,3660.4744188649142,190.997523463217,3014.1628096587624,3116.285211581393,697.9070668894101,2566.058361350581,0.0010709300405959965,0.0009161115854620509
c014_015,2022-23,C2_pcmc,3743.2275794081556,191.58755581265007,3082.3046596893673,3314.8629369585915,717.6457727208552,2729.5742137149277,0.0010951407945691118,0.0009744885768095264
c014_016,2022-23,C2_pcmc,3796.486755717504,190.11411715588264,3126.160130356603,3125.8494087790195,712.0641951379479,2573.9338562177923,0.0011107226141149965,0.0009189232253677393
c014_017,2022-23,C2_pcmc,3789.2830718439304,187.31936580539644,3120.2283648148573,2814.2284223730358,693.8841796588501,2317.3342244614914,0.001108615061765113,0.0008273142818542655
c014_018,2022-23,C2_pcmc,3747.929768526221,185.02486368700627,3086.1766068584584,2500.542172587987,674.7119956323107,2059.033982522739,0.0010965164948218296,0.000735098201451793
c014_019,2022-23,C2_pcmc,3697.7210707205404,184.513743424633,3044.8330070050256,2237.87984827562,644.4969944571442,1842.7486274439927,0.0010818271413046473,0.0006578819063987351
c014_020,2022-23,C1_shivajinagar_kasarwadi,3609.6691336573626,182.24327280584342,2972.3279588488513,2153.561044100459,618.2016820113201,1773.317571625146,0.0010560661459408642,0.0006330942415566033
c014_021,2022-23,C1_shivajinagar_kasarwadi,3451.5832448654096,175.90531530768402,2842.154502568746,2239.5178657689503,615.7500482749908,1844.0974284039232,0.001009815603544199,0.000658363443453576
c015_011,2022-23,C2_pcmc,2929.781144164708,161.8879787845915,2412.4843817155092,2009.5797176264575,689.0000267726615,1654.7583058352632,0.0008571540955149305,0.0005907672553157994
c015_012,2022-23,C2_pcmc,3181.19364837353,172.89000377635247,2619.506241003463,2208.08616026196,683.8804960408767,1818.2154614940998,0.0009307088243640357,0.0006491232912817621
c015_013,2022-23,C2_pcmc,3376.3474092392157,180.33473365201718,2780.202681097366,2535.977771065523,684.2949268226174,2088.2128951026307,0.0009878041625992248,0.00074551540016724
c015_014,2022-23,C2_pcmc,3524.3367793364578,185.78471589062457,2902.062310350083,3008.728522807277,707.3639133138272,2477.492417667928,0.0010311008077852227,0.0008844925512627063
c015_015,2022-23,C2_pcmc,3638.8577782784314,188.4412583699399,2996.362910883417,3205.703651190647,712.6711082677614,2639.6886355518986,0.0010646057484054751,0.0009423984183153271
c015_016,2022-23,C2_pcmc,3717.660300418723,188.01593768331972,3061.251666919645,2980.1616860713425,694.7785615185518,2453.969484018866,0.001087660680247053,0.0008760946003959075
c015_017,2022-23,C2_pcmc,3734.649326586278,185.4122059944893,3075.2410259444355,2638.3677825569066,675.9000883398032,2172.524415797143,0.001092631090199801,0.000775615557692696
c015_018,2022-23,C2_pcmc,3716.601516980747,183.44834687741982,3060.3798275630347,2311.2833612046848,665.0389647118064,1903.1916502469496,0.0010873509163037863,0.0006794607427510741
c015_019,2022-23,C2_pcmc,3681.637561944597,183.1438203405634,3031.5892827075886,2044.097913528998,649.6279415133627,1683.1817970116383,0.00107712165487437,0.0006009147601263487
c015_020,2022-23,C2_pcmc,3603.267675378118,181.15344411504697,2967.056773951768,1958.4890487111866,636.4667394315902,1612.688460087577,0.0010541932974544675,0.0005757478490277163
c016_009,2022-23,C3_dehu_talegaon,2306.379548734934,136.02078912744605,1899.153679350148,1801.342725106795,629.1346223158557,1483.2886746822091,0.0006747680385435936,0.0005295506758255575
c016_010,2022-23,C2_pcmc,2508.6277340108086,143.36669299867881,2065.691916917876,1803.908821439647,676.2114480606131,1485.4016882557019,0.0007339389635340005,0.0005303050453457802
c016_011,2022-23,C2_pcmc,2729.4883181797272,153.95714637597877,2247.556255455692,1873.4752902643131,711.8866799674743,1542.6851545872644,0.0007985552420008286,0.0005507558846377397
c016_012,2022-23,C2_pcmc,2970.3054868353615,164.3740678232443,2445.8535444486906,2073.752509945542,715.4316379030831,1707.6004300701104,0.0008690101368296152,0.0006096324857178426
c016_013,2022-23,C2_pcmc,3165.484414787926,171.3991558269831,2606.570708003166,2446.8182085927583,719.964563965116,2014.7957894001986,0.0009261128380965563,0.000719304670856434
c016_014,2022-23,C2_pcmc,3327.9043167550913,177.22495765769074,2740.3129424891704,2904.9201413046108,723.8325969855646,2392.0129614412585,0.000973631365015051,0.0008539754276665648
c016_015,2022-23,C2_pcmc,3462.994488774751,180.9992175336234,2851.5509203735583,3067.0048147054,696.1943696042597,2525.479156987529,0.001013154144537711,0.0009016243548496273
c016_016,2022-23,C2_pcmc,3557.8336381712957,181.9652126152989,2929.644796822333,2816.0202393285026,651.6629756751349,2318.809669283903,0.0010409008468749523,0.0008278410321869467
c016_017,2022-23,C2_pcmc,3593.5529252520405,180.32281575532525,2959.0573085315914,2471.758692563756,631.3797691379253,2035.332657204231,0.0010513510927136606,0.0007266365627602777
c016_018,2022-23,C2_pcmc,3594.0598133808367,179.07731765935478,2959.474697965759,2163.363843795753,634.2940709361152,1781.3895401437107,0.0010514993909018823,0.000635976024757142
c016_019,2022-23,C2_pcmc,3572.401143227518,178.61633224715027,2941.6401905733965,1929.628071296901,635.7754028294966,1588.9233207044922,0.001045162802292764,0.0005672634280001659
c017_008,2022-23,C3_dehu_talegaon,1916.361273428156,118.77824928645194,1577.9989747964469,1585.189095302465,595.562445529084,1305.300207184329,0.0005606619857175263,0.0004660067987223016
c017_009,2022-23,C3_dehu_talegaon,2142.2841620050017,129.617732056182,1764.0317920426255,1688.582242700775,640.2296750601273,1390.4377451098615,0.0006267593218956581,0.000496401853654039
c017_010,2022-23,C3_dehu_talegaon,2319.7739152848058,136.23294202630194,1910.1830697771081,1724.0775896631956,697.8752196399665,1419.6658566843275,0.0006786867736231465,0.000506836616961781
c017_011,2022-23,C2_pcmc,2528.1569813266606,146.51133576565329,2081.7729829831655,1850.3958057989482,744.1803643431124,1523.6806989399083,0.0007396525556063802,0.0005439710810431795
c017_012,2022-23,C2_pcmc,2745.8701332474666,155.30547012755534,2261.0456155991233,2092.444906105721,755.9667387281942,1722.9924035910979,0.0008033480026837375,0.0006151275927185579
c017_013,2022-23,C2_pcmc,2933.3559671652574,161.1608357826439,2415.4280161482034,2502.1148732882007,759.3941644791481,2060.3289993481203,0.0008581999668701219,0.0007355605369679951
c017_014,2022-23,C2_pcmc,3098.194483814035,166.8121232836992,2551.161822651933,2906.446849182574,737.5164615411416,2393.2701061663397,0.0009064260980012882,0.0008544242424186358
c017_015,2022-23,C2_pcmc,3243.798400861117,171.3358587187705,2671.057186335432,2991.5161613086384,674.3915428838892,2463.319156511335,0.0009490248409375989,0.0008794325382306957
c017_016,2022-23,C2_pcmc,3347.298697981858,173.90401830473692,2756.28295509431,2700.439178391669,605.6784184152879,2223.636176585452,0.0009793054998669362,0.0007938630289571025
c017_017,2022-23,C2_pcmc,3393.495912063859,173.71045202882692,2794.3233587857508,2345.746165392243,590.1192623979513,1931.5695299456422,0.0009928212299857662,0.000689591963753054
c017_018,2022-23,C2_pcmc,3401.7752651314077,173.10894431070452,2801.140868006858,2066.2262039905954,607.7996109692998,1701.4030062098045,0.0009952434864755376,0.0006074199359629505
c017_019,2022-23,C2_pcmc,3386.575043114347,172.34470178155823,2788.6244729553696,1890.2583223676234,620.0344238430984,1556.5048908865808,0.0009907964196423685,0.0005556896853347631
c018_007,2022-23,C3_dehu_talegaon,1618.927601921402,105.00051186241028,1333.0816749034125,1364.4988442105948,580.0043446334863,1123.5761268664446,0.00047364303203771384,0.00040112926598800014
c018_008,2022-23,C3_dehu_talegaon,1802.4622906193938,112.77681571274691,1484.2105641273752,1431.908322259025,601.5016078612467,1179.0834514648482,0.0005273390258152263,0.0004209460027810932
c018_009,2022-23,C3_dehu_talegaon,1988.5938840431222,122.12172957912567,1637.4778356343018,1534.6944403205257,651.7323373469509,1263.7211401790453,0.0005817947853949594,0.0004511626059440067
c018_010,2022-23,C3_dehu_talegaon,2141.51281630709,128.9607927318816,1763.3966389859468,1612.0909440413877,719.91430013877,1327.4521314163446,0.0006265336524372621,0.00047391528386624273
c018_011,2022-23,C3_dehu_talegaon,2336.7283682217217,140.28110614598089,1924.1439599931934,1804.6451957625075,771.8664774257475,1486.0080446576249,0.0006836470686271053,0.0005305215213749645
c018_012,2022-23,C3_dehu_talegaon,2527.8739918666042,148.0372133538492,2081.5399595527515,2112.7200514281562,788.4527761247448,1739.6876681929637,0.0007395697625366118,0.0006210879892373938
c018_013,2022-23,C2_pcmc,2700.062971994442,152.9643337247653,2223.3263950649384,2559.728809648527,786.4883262006297,2107.770331925222,0.0007899463887269596,0.0007524976242370338
c018_014,2022-23,C2_pcmc,2858.5602477690372,158.27573768728882,2353.838601791452,2904.8761345329026,740.4886202527796,2391.976724724517,0.0008363172889318234,0.0008539624907526873
c018_015,2022-23,C2_pcmc,3006.0604058321833,162.63340996199034,2475.2953967253143,2904.612490043266,650.764055608671,2391.7596306201194,0.0008794708073523849,0.0008538849857250659
c018_016,2022-23,C2_pcmc,3113.4730116742057,165.957413815003,2563.7426974765526,2584.7416294516215,575.626221482567,2128.3667635862744,0.0009108960744549452,0.0007598507811051951
c018_017,2022-23,C2_pcmc,3165.6634854262384,166.7850862157031,2606.7181610369917,2217.8103971303844,573.9456318128659,1826.2227386301074,0.0009261652280613569,0.0006519819789339172
c018_018,2022-23,C2_pcmc,3176.8861224383386,166.51933652676334,2615.95927331846,1959.1475767203292,602.0072959583256,1613.2307151089608,0.0009294485891057674,0.0005759414401458479
c019_006,2022-23,C3_dehu_talegaon,1484.9328480636457,100.53496761643568,1222.7457026900977,975.1417610210781,600.4006039522528,802.965871054037,0.00043444073452977616,0.0002866678125029325
c019_007,2022-23,C3_dehu_talegaon,1582.6492505844562,103.08007432112126,1303.2088101097106,1218.0337098988273,598.8759900664605,1002.9716067312919,0.0004630292230544294,0.00035807210103063245
c019_008,2022-23,C3_dehu_talegaon,1725.1051075645817,110.36917537100513,1420.5119509033323,1330.018809661696,625.5529534074046,1095.1840590848954,0.0005047069509228763,0.0003909929796814754
c019_009,2022-23,C3_dehu_talegaon,1861.2502790833662,116.98608143863217,1532.6186523165836,1443.176200946195,669.6604650136446,1188.3618173257264,0.0005445383873372777,0.00042425848334947443
c019_010,2022-23,C3_dehu_talegaon,1982.5110350322916,123.7668956799709,1632.4690047650777,1511.3033534380754,737.9956550669785,1244.4601001905617,0.0005800151511200862,0.00044428619886485883
c019_011,2022-23,C3_dehu_talegaon,2151.2057878316605,134.86280443851192,1771.378171143055,1678.7626448825251,786.9947881393493,1382.351944428661,0.0006293694855016339,0.0004935151322164619
c019_012,2022-23,C3_dehu_talegaon,2306.5111154086744,141.19111654599402,1899.2620159561725,1983.013524817443,801.3319886732882,1632.8827724490784,0.0006748065304676251,0.0005829574448005395
c019_013,2022-23,C2_pcmc,2452.550719442507,145.23768904971217,2019.5161395603388,2433.58302530481,784.2266734127313,2003.8974760449798,0.0007175327405650238,0.0007154138508824656
c019_014,2022-23,C2_pcmc,2596.908149107916,149.39923219539173,2138.3851018874493,2737.1993303399795,716.38034746991,2253.9057728730177,0.0007597668037823946,0.0008046696139763547
c019_015,2022-23,C2_pcmc,2735.7120632093133,152.09414853039314,2252.6811050402966,2686.932583808821,616.198355943573,2212.514373666424,0.0008003760976480757,0.0007898924207048474
c019_016,2022-23,C2_pcmc,2843.0421891270685,154.3303858842925,2341.0604889338215,2384.6245653887495,558.5787549551202,1963.5833658475049,0.0008317772339362833,0.0007010212618573032
c019_017,2022-23,C2_pcmc,2906.6225917977945,155.53434170230196,2393.4148187894193,2031.8185945243208,577.3281672422937,1673.0705757772848,0.0008503786924965059,0.0005973049408582143
c020_005,2022-23,C3_dehu_talegaon,1467.829279734964,97.67662088657949,1208.6620256390895,369.3705782537963,613.0975646159363,304.1526678118362,0.0004294368134450739,0.00010858591017585416
c020_006,2022-23,C3_dehu_talegaon,1502.4097128723824,101.10773296840722,1237.1367651339278,746.5646897871729,625.2987107931021,614.7475068706309,0.0004395538694400087,0.00021947174766581782
c020_007,2022-23,C3_dehu_talegaon,1580.6627186169067,104.51609459843193,1301.5730301283158,959.8489819664427,632.6573929197577,790.3732612968832,0.000462448031515516,0.0002821721097303505
c020_008,2022-23,C3_dehu_talegaon,1687.3951222127985,112.06532940186176,1389.4602285325013,1133.2611106164923,656.7373463081959,933.1668801313574,0.0004936742946268701,0.00033315103153299525
c020_009,2022-23,C3_dehu_talegaon,1769.2337698409838,115.61421388868582,1456.8490366067665,1321.1718696589876,692.7864165856791,1087.8991789070644,0.0005176174932939849,0.0003883921958372214
c020_010,2022-23,C3_dehu_talegaon,1854.0735683907028,119.89322235206677,1526.7090974364776,1456.3494117847613,755.401562704868,1199.2091003961302,0.0005424387264206955,0.00042813108494001395
c020_011,2022-23,C3_dehu_talegaon,1976.0094078668212,126.31261652112453,1627.115337299617,1597.9399957884991,787.7912114770653,1315.7997451230704,0.0005781129966320306,0.0004697552514046547
c020_012,2022-23,C3_dehu_talegaon,2082.228375421782,129.61246766684135,1714.579754489505,1884.3115331813829,785.9619823170142,1551.6080964411206,0.0006091890458592705,0.0005539414748533961
c020_013,2022-23,C3_dehu_talegaon,2192.99833951961,133.24118449865466,1805.7916215879898,2256.8318589997943,748.5297143264235,1858.3543766874948,0.0006415965615454174,0.0006634533337275598
c020_014,2022-23,C2_pcmc,2317.840123869258,137.11787375818307,1908.590718212966,2424.271436166357,658.9958712843337,1996.2299874988778,0.000678121012171985,0.0007126764715639435
c020_015,2022-23,C2_pcmc,2448.3437694038266,139.9204542014879,2016.0519895902332,2282.8701926390017,563.470437261513,1879.7952523500335,0.0007163019303857503,0.0006711079665655148
c020_016,2022-23,C2_pcmc,2556.7434825873083,141.93297673463172,2105.3121090904388,2010.8138302356656,552.0043625674699,1655.7745173706958,0.0007480159914489549,0.0005911300542197182
c021_004,2022-23,C3_dehu_talegaon,1488.7218449303518,93.43803347893024,1225.8656953835805,111.35877755193917,611.1025200953977,91.6967167141689,0.0004355492658576738,3.273675524919401e-05
c021_005,2022-23,C3_dehu_talegaon,1495.9595817397856,95.39524916766031,1231.825501305092,377.5560319792348,612.6883563087532,310.8928570267222,0.00043766678093582964,0.0001109922332435468
c021_006,2022-23,C3_dehu_talegaon,1515.6331307887453,99.85672558419805,1248.025390470213,719.2400579763472,625.5037462857947,592.2474482532702,0.0004434225907765123,0.00021143897464576442
c021_007,2022-23,C3_dehu_talegaon,1579.2188911537396,106.29886897201335,1300.3841320388733,908.1054910801123,643.3507962939184,747.7658590793703,0.0004620256168154503,0.00026696078975968506
c021_008,2022-23,C3_dehu_talegaon,1652.4735222464742,114.43017372675865,1360.7045603246313,1130.873142561605,671.9123775824356,931.200543619183,0.00048345742484713,0.0003324490273670526
c021_009,2022-23,C3_dehu_talegaon,1692.9523721710025,115.01279694066851,1394.0362627377044,1298.632285276858,708.8423301546176,1069.3392958930897,0.0004953001565350068,0.00038176610965382933
c021_010,2022-23,C3_dehu_talegaon,1756.5364822371525,115.72800343922246,1446.3936453925103,1417.9179593098268,758.2470398503166,1167.5632967335994,0.0005139026997527567,0.0004168331784686884
c021_011,2022-23,C3_dehu_talegaon,1839.3760241092139,117.68522383643284,1514.606624833947,1539.1126159355315,761.4812456795408,1267.3592206848562,0.0005381387259582097,0.0004524614414461201
c021_012,2022-23,C3_dehu_talegaon,1903.2237774739435,119.44552052700084,1567.1811006123926,1848.7504542528607,739.8670691958305,1522.3258588641322,0.0005568184022183313,0.0005434873879563186
c021_013,2022-23,C3_dehu_talegaon,1983.1107815495893,122.40787059377463,1632.962857047816,2111.6005471109765,695.3639019602922,1738.7658291382484,0.0005801906165075254,0.000620758882366453
c021_014,2022-23,C2_pcmc,2100.769070495931,126.21583973979645,1729.846812024373,2123.0552626517047,611.1264614847943,1748.1980430065232,0.0006146134212424465,0.0006241262883972084
c022_003,2022-23,C3_dehu_talegaon,1462.464212061816,95.77906919491888,1204.2442410567512,187.30618291998442,654.2047231889252,154.2344696269255,0.0004278671775226389,5.5063433720366985e-05
c022_004,2022-23,C3_dehu_talegaon,1507.712845860827,93.3863941963174,1241.5035505282103,157.19575620254932,637.6544623905609,129.44048993759554,0.00044110538538486314,4.621170517622314e-05
c022_005,2022-23,C3_dehu_talegaon,1511.4914730133712,94.49283972098208,1244.615004435952,460.31576665443686,621.3953489992697,379.04012042777987,0.00044221088288786883,0.00013532156980874643
c022_006,2022-23,C3_dehu_talegaon,1521.6467208484028,98.7603282665705,1252.9771910939075,754.4953125947591,622.6919399698329,621.2778593847376,0.0004451819622430976,0.00022180315668029387
c022_007,2022-23,C3_dehu_talegaon,1572.648288034858,106.09272418024176,1294.97366735815,887.401323733502,638.5628394954341,730.7173227203986,0.00046010328231460546,0.0002608742712654585
c022_008,2022-23,C3_dehu_talegaon,1616.8564708480108,113.48282800431134,1331.3762330559919,1108.2527976013432,666.649003366462,912.574159517306,0.00047303708968415565,0.0003257991995501925
c022_009,2022-23,C3_dehu_talegaon,1623.7395566626856,112.73944949403852,1337.0440069301544,1202.0215417558122,711.6394692540886,989.7866268090323,0.0004750508459702114,0.00035336491547211337
c022_010,2022-23,C3_dehu_talegaon,1678.1941058763643,112.39702627880317,1381.883789503338,1260.661792861026,754.8897905121963,1038.0730628839485,0.0004909823908813011,0.000370603714158524
c022_011,2022-23,C3_dehu_talegaon,1747.3269734094506,113.52301503299223,1438.8102133486686,1335.8881309805558,739.7608781815404,1100.017063775782,0.0005112083113937259,0.00039271841650575064
c022_012,2022-23,C3_dehu_talegaon,1791.903540591207,114.77826732454358,1475.5161196347642,1615.7961252055588,701.4546875424425,1330.5031073255154,0.0005242498954724344,0.0004750045164493574
c023_002,2022-23,C3_dehu_talegaon,1340.5155957787251,94.9305448975829,1103.8274803233649,333.89482933363337,719.1745047475592,274.9406939515994,0.000392189169253106,9.815690821290106e-05
c023_003,2022-23,C3_dehu_talegaon,1429.2263858609836,94.62533326887387,1176.8750511254862,65.46481280711008,677.750419256559,53.90601914536854,0.00041814292255199013,1.9245052805119848e-05
c023_004,2022-23,C3_dehu_talegaon,1480.777069502683,93.84908981702615,1219.3236891065371,147.65365184899247,656.5342130271918,121.58318709178226,0.0004332248953806039,4.340656002599946e-05
c023_005,2022-23,C3_dehu_talegaon,1493.6408444196863,94.45689408836127,1229.9161718040878,515.6290194085972,630.7947882799635,424.58698956408836,0.00043698839743462343,0.000151582312403601
c023_006,2022-23,C3_dehu_talegaon,1507.7695625689562,97.65500263750958,1241.550253051645,790.0308673995227,629.6646274314764,650.5390795044846,0.00044112197876036284,0.00023224974010965378
c023_007,2022-23,C3_dehu_talegaon,1551.3924343918102,104.21309432392803,1277.4708531851466,851.7112158263368,642.7964350802321,701.3288381643874,0.0004538845440856109,0.00025038225300646463
c023_008,2022-23,C3_dehu_talegaon,1575.5920335505612,109.49608616119498,1297.3976504923587,977.3211315411417,668.4134667750394,804.7604410519007,0.0004609645219092299,0.0002873084940987713
c023_009,2022-23,C3_dehu_talegaon,1564.9739691408656,108.52794981793468,1288.6543644610936,994.2115765226465,721.3933754785784,818.668624876233,0.0004578580382002542,0.0002922738715532032
c023_010,2022-23,C3_dehu_talegaon,1609.0370775017223,107.99779882597815,1324.9374707750676,1002.2112557544322,758.7170842871834,825.2558408680675,0.0004707494017302064,0.0002946255814663341
c023_011,2022-23,C3_dehu_talegaon,1661.9837572478102,109.52102268122212,1368.5356208299063,1062.1431887985266,739.8745123893552,874.6058930802845,0.0004862397954337318,0.0003122441030306581
c024_001,2022-23,C3_dehu_talegaon,1211.9525865316732,94.6604489631001,997.9641968174953,425.49320558066194,750.5118686127938,350.36600431192653,0.0003545760150667197,0.00012508458908676805
c024_002,2022-23,C3_dehu_talegaon,1293.18029938747,92.97474213205781,1064.8499398080187,145.10194736020617,700.6415241892663,119.48202426663022,0.0003783404750443292,4.2656421355711836e-05
c024_003,2022-23,C3_dehu_talegaon,1376.2951830649574,92.9315646476316,1133.2896453332608,-41.13428771912696,676.7569315448432,-33.87141284359599,0.0004026570568764909,-1.2092473884987766e-05
c024_004,2022-23,C3_dehu_talegaon,1426.3326043054428,93.0834493871791,1174.4922100655856,141.15193972139303,666.9770946026658,116.2294496655296,0.00041729630070899075,4.1495215780839575e-05
c024_005,2022-23,C3_dehu_talegaon,1442.6769126286329,93.3214734910412,1187.9506858422396,525.6373798710259,644.3618630522141,432.82822401611503,0.00042207808819693483,0.00015452452543886374
c024_006,2022-23,C3_dehu_talegaon,1459.9499432737518,95.20538386690305,1202.1739040984019,767.017035605727,638.1901048867862,631.5886845657565,0.00042713158817897517,0.00022548423679377718
c024_007,2022-23,C3_dehu_talegaon,1496.092362847701,100.44829442922955,1231.9348379187402,804.1634760443075,641.4586014366675,662.1763643222764,0.00043770562816190426,0.00023640438117529565
c024_008,2022-23,C3_dehu_talegaon,1502.5458603956688,103.53271846929667,1237.2488737718688,844.9401647178058,666.345228852302,695.7533175902097,0.0004395937015644701,0.0002483917296926075
c024_009,2022-23,C3_dehu_talegaon,1488.2775980388906,102.14464175728061,1225.4998869376457,813.2478796976827,720.2377767241954,669.6567803849634,0.00043541929436024846,0.00023907497352125347
c024_010,2022-23,C3_dehu_talegaon,1531.4072056377775,101.22421270601033,1261.014316037263,799.7219922164271,754.0680034517445,658.5190910178371,0.0004480375473874306,0.00023509869362903324
c025_001,2022-23,C3_dehu_talegaon,1170.6101844055277,94.81167445033336,963.9214152839403,218.41012438405502,703.1421246572503,179.84654414700276,0.0003424806374404998,6.420723128513116e-05
c025_002,2022-23,C3_dehu_talegaon,1249.6058969203361,93.01428295295402,1028.9692510391935,-48.70503963244368,672.5371606826658,-40.1054350623193,0.0003655920902003929,-1.4318089663887818e-05
c025_003,2022-23,C3_dehu_talegaon,1326.126500990149,92.20888898859329,1091.978995833797,-149.59989200424977,673.2467613103183,-123.18578938409938,0.0003879794105981478,-4.3978707000126356e-05
c025_004,2022-23,C3_dehu_talegaon,1368.9362046966041,91.84944398594908,1127.2300048668067,125.3591785143088,680.2545952359058,103.22513709694842,0.00040050407065094856,3.685253049180481e-05
c025_005,2022-23,C3_dehu_talegaon,1381.7573952824837,91.115929704812,1137.7874221350003,505.7560424484931,668.6494629078206,416.45723462839027,0.00040425511398125083,0.00014867989880469894
c025_006,2022-23,C3_dehu_talegaon,1389.4977318588903,91.57264730291455,1144.1610863033955,699.9729052362248,660.1693782494024,576.3822000389964,0.00040651967261913594,0.0002057749032769131
c025_007,2022-23,C3_dehu_talegaon,1407.916414202134,95.50555169438185,1159.3276742833052,724.9340903630454,652.5787552968645,596.9361138995938,0.0004119083512362894,0.00021311288081393676
c025_008,2022-23,C3_dehu_talegaon,1397.7842583989388,97.28150091444238,1150.9845024129415,693.905395324263,670.2525634766375,571.3859999208864,0.00040894402782243924,0.00020399120385665586
c025_009,2022-23,C3_dehu_talegaon,1391.3821307683033,95.91248940275077,1145.7127663484853,624.6490053082656,700.203247227811,514.3578633379312,0.0004070709835066417,0.00018363152014569764
c026_001,2022-23,C3_dehu_talegaon,1117.3150156096108,93.13834925894407,920.0363071429709,29.269240714609793,649.1821638427201,24.101317680095672,0.0003268882877199189,8.604440446169748e-06
c026_002,2022-23,C3_dehu_talegaon,1197.50917774199,93.66859910342997,986.0709882775867,-223.23632524424522,643.0130442116573,-183.8206069268867,0.0003503503659864356,-6.562601622347879e-05
c026_003,2022-23,C3_dehu_talegaon,1272.5707015509054,93.53730746559866,1047.8792752950128,-239.02670321517544,673.9562246923426,-196.8229570553686,0.0003723108092354301,-7.026800089941066e-05
c026_004,2022-23,C3_dehu_talegaon,1315.283303913432,93.10343931516549,1083.0503276813843,85.2921399231761,700.9577913023177,70.23253455555323,0.0003848070607448849,2.5073801731010494e-05
c026_005,2022-23,C3_dehu_talegaon,1325.5957942669024,91.08863437884305,1091.5419933349401,427.3466125140608,703.0963087348122,351.89216447876817,0.000387824143901093,0.00012562944536563243
c026_006,2022-23,C3_dehu_talegaon,1314.1267554697006,89.245946393705,1082.0979851957495,548.083838918184,693.3220427585666,451.31142436844874,0.00038446869409344397,0.00016112323505288712
c026_007,2022-23,C3_dehu_talegaon,1305.5868154524574,91.05755361679118,1075.065899555694,534.6809565670811,683.1853655712472,440.27502173257034,0.0003819701987448029,0.00015718311565855245
c026_008,2022-23,C3_dehu_talegaon,1279.5007959474317,92.36148783823631,1053.5857576814985,432.1214639759134,695.8208754817067,355.82394436603863,0.000374338318630157,0.00012703313483757386
c027_001,2022-23,C3_dehu_talegaon,1041.024418779221,89.27288245509955,857.2159583631156,-83.41033133450281,617.9228707954848,-68.68298747126182,0.0003045682596001766,-2.45205960605864e-05
c027_002,2022-23,C3_dehu_talegaon,1123.8026676743452,91.9980195152101,925.3784670211411,-338.2330523534233,627.1364185683923,-278.5129386909333,0.00032878635356986774,-9.943223960874942e-05
c027_003,2022-23,C3_dehu_talegaon,1203.1078093553183,93.90395514143995,990.6810975866163,-292.3222179774681,679.4776113923973,-240.70835007716593,0.00035198833475628787,-8.593557790598492e-05
c027_004,2022-23,C3_dehu_talegaon,1254.8840234971321,95.03669236197155,1033.3154452785138,4.071163700496431,720.4470115687265,3.352338744624878,0.0003671362901215909,1.196822491881187e-06
c027_005,2022-23,C3_dehu_talegaon,1268.190684470873,93.118530804197,1044.2726158630373,254.60044098266792,726.3427309192367,209.64691805458523,0.0003710293655391825,7.484629865749925e-05
c027_006,2022-23,C3_dehu_talegaon,1240.4912517727253,89.58524791666925,1021.4639330712333,303.04774865708777,713.8962494772481,249.5401275980668,0.00036292545572054425,8.908862143335901e-05
c028_002,2022-23,C3_dehu_talegaon,1037.8805176012415,87.97228198858362,854.6271600480475,-399.35659987489925,639.4970925919292,-328.84420798874555,0.0003036484612814638,-0.00011740106666631793
c028_003,2022-23,C3_dehu_talegaon,1121.5454119371918,90.86964930508795,923.5197636083396,-331.857641572358,699.4241349411392,-273.26320221591556,0.00032812595748411263,-9.755802486842091e-05
c028_004,2022-23,C3_dehu_talegaon,1179.7539864691491,93.23926405625953,971.4507420774862,-113.51642275063297,736.9964514953933,-93.47339732169472,0.00034515580224010316,-3.337105013224705e-05
c028_005,2022-23,C3_dehu_talegaon,1196.2397796673445,92.47876043347954,985.0257214543765,26.074643119268583,732.988435383311,21.470774159813764,0.0003499789833796876,7.665306936468897e-06
c028_006,2022-23,C3_dehu_talegaon,1160.234332920714,88.97301356243005,955.3775758562177,38.699161099380916,723.3001023788054,31.866244317838444,0.0003394450169770476,1.1376606255116903e-05
c029_004,2022-23,C3_dehu_talegaon,1098.3050336834565,89.57513602430306,904.3828223818706,-196.62939886367582,741.8313754422197,-161.911532091579,0.0003213266150003979,-5.780423103507938e-05
c029_005,2022-23,C3_dehu_talegaon,1111.2099869888507,89.3034365348624,915.009212806302,-161.57828358122592,733.0956487828144,-133.04921643737381,0.0003251021644472154,-4.750006096929667e-05
c029_006,2022-23,C3_dehu_talegaon,1068.3278370841708,85.83512724495071,879.6985490369377,-191.70331376195625,734.4687723296562,-157.8552211297279,0.0003125563091062832,-5.6356082574249874e-05
c029_007,2022-23,C3_dehu_talegaon,1003.3269765969778,82.21052856407243,826.174564477289,-267.4555001852284,764.1589045807575,-220.23222392767877,0.0002935392730080196,-7.862537145337152e-05
c030_004,2022-23,C3_dehu_talegaon,1021.6185456491235,86.60739761208988,841.2364829223792,-302.21292356885044,715.0670421821919,-248.85270338863458,0.00029889076260910066,-8.884320328859923e-05
c030_005,2022-23,C3_dehu_talegaon,1037.3584439062845,87.07507900872274,854.1972662869736,-340.2166625672009,703.2391637755818,-280.1463127979655,0.0003034957203142129,-0.00010001537246550112
c030_006,2022-23,C3_dehu_talegaon,991.2056979689864,84.74775191164811,816.1934792229539,-417.76015137057226,723.3441680727792,-343.99833669895213,0.00028999300005874007,-0.00012281126040473953
c030_007,2022-23,C3_dehu_talegaon,926.9585348356252,81.91796231969269,763.2901154555035,-526.0746594549629,771.5175643940623,-433.18829533707094,0.0002711964701149729,-0.00015465307493473207
c030_008,2022-23,C3_dehu_talegaon,887.6318302983674,79.4639710276534,730.9071298972003,-693.6390332545043,785.2750839060234,-571.1666680658589,0.0002596908168943032,-0.00020391289992698766
c031_004,2022-23,C3_dehu_talegaon,935.0180483930906,81.01976023212055,769.9266011262287,-543.6229825496494,684.1176051162354,-447.63819903569635,0.0002735544090577499,-0.00015981185245378832
c031_005,2022-23,C3_dehu_talegaon,956.262000421051,82.22889862997987,787.4196150926284,-629.3663133967017,666.4596094879859,-518.2422599966233,0.0002797696652798594,-0.0001850182932741486
c031_006,2022-23,C3_dehu_talegaon,922.4014122524554,81.67561621478579,759.5376211508157,-685.1671515393382,701.835723409641,-564.1906240148257,0.0002698632113854915,-0.00020142237404024147
c031_007,2022-23,C3_dehu_talegaon,878.9352750109492,80.81376539720235,723.7460817597281,-748.7401877940785,761.7244363816267,-616.5388881055624,0.00025714650125614394,-0.0002201112908375625
c031_008,2022-23,C3_dehu_talegaon,842.5969128004058,79.00586042687274,693.823801911398,-876.1396027903619,782.7062761092117,-721.4440273615708,0.00024651513513683173,-0.0002575636009231198
c032_004,2022-23,C3_dehu_talegaon,845.1627467941332,75.88049463853774,695.9365994656696,-807.4412042151861,671.8867887087669,-664.8753604693105,0.0002472658107019726,-0.00023736795303969937
c032_005,2022-23,C3_dehu_talegaon,871.0325902546347,76.21627449388563,717.238734415302,-939.0770777496965,661.8330986265137,-773.2689480272046,0.00025483444507477007,-0.00027606567825406964
c032_006,2022-23,C3_dehu_talegaon,859.1666483346332,76.12057568369906,707.467902347056,-995.2718511601362,712.3886849977044,-819.5416921387375,0.00025136287494260197,-0.0002925855663478793
c032_007,2022-23,C3_dehu_talegaon,840.0846771483441,76.51185873739769,691.7551391084243,-1019.2745618306626,775.0956253344784,-839.3063645706062,0.0002457801406194589,-0.0002996417758520807
c033_005,2022-23,C3_dehu_talegaon,789.2894951992299,72.62591795386201,649.928607675281,-1183.881390267037,657.5670747226735,-974.8493908875755,0.00023091920183335637,-0.0003480321548893712
c033_006,2022-23,C3_dehu_talegaon,790.8487679677396,72.33225491483914,651.2125674715122,-1282.822733779381,720.1472792941133,-1056.3211576114793,0.0002313753918945884,-0.0003771184884303381
c000_021,2023-24,C1_shivajinagar_kasarwadi,4649.027840602247,276.24184931644686,3828.172311761922,5464.908472273808,853.4855551349849,4499.996992309177,0.0013665486877754642,0.0016065493448204527
c000_022,2023-24,C1_shivajinagar_kasarwadi,4795.276715606874,284.1495297384708,3948.598756411158,5350.234602441374,886.6763747051458,4405.5705125317945,0.0014095375050246896,0.0015728380335730623
c000_023,2023-24,C1_shivajinagar_kasarwadi,4874.063735119597,287.71623375150415,4013.474747041015,5202.663927460463,869.0155160256835,4284.055651498663,0.0014326963893808015,0.0015294558667155354
c001_020,2023-24,C1_shivajinagar_kasarwadi,4334.323142087311,257.7701234077195,3569.0334434775377,5161.627885531475,840.0962288841997,4250.265137678788,0.0012740434786140049,0.0015173922746884196
c001_021,2023-24,C1_shivajinagar_kasarwadi,4496.203740293258,268.0280155137238,3702.3315963625905,5073.1110644294895,894.5206077067875,4177.377287726935,0.0013216271297856845,0.0014913704956104224
c001_022,2023-24,C1_shivajinagar_kasarwadi,4625.27700850094,275.0728508582404,3808.61504496359,4878.776959370718,915.8930679760635,4017.3557809250638,0.0013595672995036718,0.001434241024779864
c001_023,2023-24,C1_shivajinagar_kasarwadi,4693.517420647661,278.99449373427586,3864.8065897940596,4742.874543314287,891.1410033083879,3905.4489728597064,0.0013796260835913746,0.0013942890404817386
c001_024,2023-24,C1_shivajinagar_kasarwadi,4674.688715287612,277.48357806677404,3849.3023745049704,4628.408792682235,837.5951039827556,3811.1938657193064,0.0013740915194879783,0.0013606389111858327
c001_025,2023-24,C1_shivajinagar_kasarwadi,4596.548986852095,272.25837246313836,3784.959386013276,4413.733926261677,795.7802372112917,3634.423063771192,0.0013511229017429717,0.0012975297543267304
c002_020,2023-24,C1_shivajinagar_kasarwadi,4188.898913650217,250.4745293620199,3449.2860416873805,4589.587949411592,809.3415747426941,3779.2274240408947,0.0012312970603615974,0.0013492265333503665
c002_021,2023-24,C1_shivajinagar_kasarwadi,4325.060861366811,259.33443311630873,3561.4065572093346,4438.545826928387,877.3826235569381,3654.8540515800723,0.0012713208970338593,0.001304823845886011
c002_022,2023-24,C1_shivajinagar_kasarwadi,4437.022034321004,265.32388123094364,3653.599307390866,4257.12200681734,895.8160524630099,3505.4633254636165,0.0013042310879873586,0.0012514896828688296
c002_023,2023-24,C1_shivajinagar_kasarwadi,4498.754921327739,268.730307431685,3704.4323281571383,4173.457811097026,870.259424792995,3436.571297167902,0.0013223770313166023,0.0012268944568917923
c002_024,2023-24,C1_shivajinagar_kasarwadi,4479.362709277769,267.04358348058526,3688.4641017281274,4112.1427896292025,806.1234340505507,3386.0823615181203,0.001316676828427192,0.001208869341180056
c002_025,2023-24,C1_shivajinagar_kasarwadi,4417.815332089973,263.0517495214652,3637.78383624248,3974.439812792712,753.5618578096448,3272.692908659013,0.0012985854143905942,0.0011683880360788118
c003_019,2023-24,C1_shivajinagar_kasarwadi,3899.042793344968,232.21701114707673,3210.608362785044,4091.517303742746,725.8270352178567,3369.098614228506,0.0011460959141375486,0.0012028059531094953
c003_020,2023-24,C1_shivajinagar_kasarwadi,4037.1667759740826,241.1943986354532,3324.344486555506,4058.7687589453703,776.362744394033,3342.1323157372567,0.001186696477025915,0.0011931786824141168
c003_021,2023-24,C1_shivajinagar_kasarwadi,4150.379706598904,249.25422654065315,3417.5679778338936,3844.911610677505,834.6652893075739,3166.03485154884,0.001219974613249019,0.0011303099146793925
c003_022,2023-24,C1_shivajinagar_kasarwadi,4243.987501547564,255.32901216731125,3494.6479139138473,3649.827487025019,844.8590525817539,3005.395753174664,0.0012474899591962856,0.001072959956737943
c003_023,2023-24,C1_shivajinagar_kasarwadi,4290.2301418668,258.36068833643765,3532.7257231596477,3576.409599114989,822.4640799087844,2944.940893509034,0.0012610826546186776,0.0010513768944930076
c003_024,2023-24,C1_shivajinagar_kasarwadi,4267.890522496348,256.3948981880842,3514.330498338153,3540.324378924895,760.1079398477526,2915.2270596642243,0.0012545160822980137,0.0010407687228926557
c003_025,2023-24,C1_shivajinagar_kasarwadi,4217.661015285541,252.55066610303106,3472.9697632918883,3464.054645883739,712.5731445652367,2852.423890858979,0.0012397514756920774,0.0010183472879741094
c004_019,2023-24,C1_shivajinagar_kasarwadi,3733.3636547349065,221.92631220294498,3074.1823587236354,3711.928220382659,695.2131857104316,3056.531671506578,0.0010973957090146603,0.0010912160525160806
c004_020,2023-24,C1_shivajinagar_kasarwadi,3843.528831165721,228.92028677867594,3164.8962224801876,3584.439482621679,750.4257004951864,2951.552980758441,0.0011297779795563182,0.0010537374837237528
c004_021,2023-24,C1_shivajinagar_kasarwadi,3934.5268663745433,235.19287153132834,3239.827191008443,3293.4443941734967,797.091339315663,2711.937435605729,0.0011565262051786136,0.0009681920494197299
c004_022,2023-24,C1_shivajinagar_kasarwadi,4007.0992656207836,240.61788938008567,3299.585845703142,3051.141351954024,806.5042558890158,2512.4166262917315,0.0011778583460818222,0.0008969608850368924
c004_023,2023-24,C1_shivajinagar_kasarwadi,4038.886812552197,243.55576488180898,3325.7608249017835,2951.2406932574377,793.51759309409,2430.154925854268,0.0011872020695517804,0.0008675925363096623
c004_024,2023-24,C1_shivajinagar_kasarwadi,4018.869239315941,241.99244298307514,3309.2776541746803,2910.1996773803803,740.8214843095456,2396.360316311388,0.00118131804618682,0.0008555274820635445
c004_025,2023-24,C1_shivajinagar_kasarwadi,3976.0707650368836,238.34631653632965,3274.0358918453935,2878.0667016256352,706.9905737659286,2369.900898924269,0.001168737738890303,0.000846081173601504
c005_019,2023-24,C1_shivajinagar_kasarwadi,3555.460587292984,210.94781599669878,2927.690743635683,3303.311231433662,669.5535247981186,2720.0621348975133,0.0010451023669011195,0.0009710926580971108
c005_020,2023-24,C1_shivajinagar_kasarwadi,3632.0555449852077,215.48662874703157,2990.7617138065048,3092.152705923201,720.8766112522212,2546.186811181038,0.0010676169102665915,0.0009090172194080275
c005_021,2023-24,C1_shivajinagar_kasarwadi,3696.7822585875915,220.0686016871127,3044.0599562218245,2715.2118853308066,755.8140534019334,2235.800540752145,0.0010866428676430688,0.0007982058432557694
c005_022,2023-24,C1_shivajinagar_kasarwadi,3749.8740922700126,224.8455290686677,3087.777631110471,2402.278185797811,768.424261179673,1978.11997504182,0.0011022488347695008,0.0007062109942097807
c005_023,2023-24,C1_shivajinagar_kasarwadi,3773.8563040037807,227.65952797180267,3107.525424000033,2249.705217868516,765.4320258544418,1852.4860508374413,0.0011092982354395748,0.0006613582756495858
c005_024,2023-24,C1_shivajinagar_kasarwadi,3762.937167171356,226.9998008898691,3098.5342243937057,2182.484422375745,729.4584275746236,1797.1340940621728,0.0011060886327825046,0.0006415970069101136
c005_025,2023-24,C1_shivajinagar_kasarwadi,3729.0198108217187,223.88161989084637,3070.6054855438597,2172.401784621669,715.458401711825,1788.8316970873507,0.0010961188669730564,0.0006386329581689399
c006_018,2023-24,C1_shivajinagar_kasarwadi,3368.5063434733283,201.64395724667008,2773.746072987274,2977.461514272173,672.2832787171953,2451.7460680116947,0.000990148495828429,0.000875300815969898
c006_019,2023-24,C1_shivajinagar_kasarwadi,3413.079157096172,203.09235452945958,2810.4488884615284,2936.4246575742436,659.6214864480439,2417.954883282544,0.0010032503575627882,0.0008632369844206536
c006_020,2023-24,C1_shivajinagar_kasarwadi,3453.849088504005,205.2098203474049,2844.0202775603043,2675.9782240285585,697.6304540233637,2203.4941702515,0.0010152343891014879,0.000786672107022158
c006_021,2023-24,C1_shivajinagar_kasarwadi,3488.857727948192,207.91248372279873,2872.847617121973,2261.02696253545,717.309680371805,1861.808771832199,0.001025524929819579,0.0006646865914977228
c006_022,2023-24,C1_shivajinagar_kasarwadi,3519.3187540695326,211.47490471431666,2897.930292636875,1888.5300676210063,728.3647751628499,1555.0817854125958,0.0010344787319265202,0.000555181620735887
c006_023,2023-24,C1_shivajinagar_kasarwadi,3530.8761726418716,213.69541562877868,2907.4470757775716,1653.1564009621795,724.6249919042328,1361.2668665704498,0.0010378759529640384,0.0004859875231810579
c006_024,2023-24,C1_shivajinagar_kasarwadi,3522.088486805354,213.5794098926597,2900.2109875549936,1507.344066191405,698.4575918048828,1241.1998844354216,0.0010352928751765499,0.00044312226531238204
c006_025,2023-24,C1_shivajinagar_kasarwadi,3492.098085051255,210.92915550982391,2875.515840623203,1458.3672715792502,700.4019079587847,1200.8706768071847,0.0010264774097570927,0.000428724286335284
c007_018,2023-24,C1_shivajinagar_kasarwadi,3317.828873339115,199.39037728353992,2732.0164695842527,2836.0116043936678,676.5461129439852,2335.271259285239,0.0009752522137053436,0.0008337180042552722
c007_019,2023-24,C1_shivajinagar_kasarwadi,3321.8715491095236,198.4887224408659,2735.3453503697256,2717.2877490666547,669.4190089336093,2237.5098796395487,0.0009764405295121248,0.0007988160963902333
c007_020,2023-24,C1_shivajinagar_kasarwadi,3326.521452323641,198.64696373491208,2739.1742434946914,2435.974807291706,689.8079034179956,2005.866953082317,0.0009778073355097227,0.0007161169762510782
c007_021,2023-24,C1_shivajinagar_kasarwadi,3330.780924226182,199.11669653329207,2742.6816418065764,2053.5498191545653,694.4721536827537,1690.9648270664757,0.0009790593769985255,0.0006036933890580318
c007_022,2023-24,C1_shivajinagar_kasarwadi,3333.330362747463,200.51082888651513,2744.780938754741,1682.0314395901246,702.1492508975737,1385.0435844492217,0.0009798087663300742,0.0004944760778612956
c007_023,2023-24,C1_shivajinagar_kasarwadi,3322.519497251906,201.57918816260369,2735.8788935583602,1374.6422730709262,693.0624483219719,1131.9285813667852,0.000976630989262868,0.0004041111858266353
c007_024,2023-24,C1_shivajinagar_kasarwadi,3304.036393105689,201.274427279199,2720.6592584101236,1135.9737338862637,670.9032103675098,935.4005491154164,0.0009711980121796938,0.00033394847638662934
c008_017,2023-24,C1_shivajinagar_kasarwadi,3372.914884494046,203.85426064798784,2777.3762200307888,2808.6143799497213,709.0721949998928,2312.711425351903,0.0009914443551249147,0.0008256638907776849
c008_018,2023-24,C1_shivajinagar_kasarwadi,3316.3697106550107,199.0151937009989,2730.814943936921,2812.1787101156515,683.2385091204878,2315.646419617161,0.0009748233032062926,0.0008267117166144489
c008_019,2023-24,C1_shivajinagar_kasarwadi,3276.096639154384,195.83080721586808,2697.652686683513,2623.9203438265963,685.1223190036627,2160.627888863012,0.0009629853201055636,0.0007713683642869377
c008_020,2023-24,C1_shivajinagar_kasarwadi,3245.7080088755647,194.1857157272719,2672.6296244403156,2332.2514602063825,689.0644792405755,1920.4575171724066,0.0009540527982419313,0.0006856248506925365
c008_021,2023-24,C1_shivajinagar_kasarwadi,3217.625657355884,192.5494302051893,2649.505632882786,2016.0171004089514,683.95579480025,1660.0590722262348,0.0009457981906261815,0.0005926596883078694
c008_022,2023-24,C1_shivajinagar_kasarwadi,3186.4878790823823,191.59233080231118,2623.865695949012,1702.1103144163103,691.4944403902971,1401.5772330519756,0.0009366454620345658,0.0005003787756576814
c008_023,2023-24,C1_shivajinagar_kasarwadi,3148.69599850263,191.35683161191105,2592.7465381798734,1382.7774808096112,683.4691622356299,1138.6273962767928,0.0009255368073683598,0.00040650273780392293
c008_024,2023-24,C1_shivajinagar_kasarwadi,3114.314325915488,190.51410142358762,2564.4354650818227,1111.0426388004541,670.7919525998298,914.8714124482038,0.0009154305591013248,0.00032661934458525096
c009_017,2023-24,C1_shivajinagar_kasarwadi,3458.4217938640495,207.13911490483082,2847.785603269109,2865.8284622875653,675.0602438319754,2359.823504125823,0.0010165785033386147,0.0008424834307499843
c009_018,2023-24,C1_shivajinagar_kasarwadi,3363.869084133445,200.5121513951023,2769.9275912710837,2791.4527665348155,670.9779200643922,2298.579951944423,0.0009887854064077875,0.000820618796440303
c009_019,2023-24,C1_shivajinagar_kasarwadi,3287.9876899747364,195.91813090303518,2707.444194299507,2562.9261014161016,681.0162922134562,2110.403093921258,0.0009664806099708784,0.0007534375497674352
c009_020,2023-24,C1_shivajinagar_kasarwadi,3228.103600640351,193.07931617256347,2658.1335382731336,2290.4549065175515,675.691813851882,1886.0407713398142,0.0009488781075758977,0.0006733376868204936
c009_021,2023-24,C1_shivajinagar_kasarwadi,3162.648447598536,189.25517658502562,2604.2354733167504,2039.8559553555542,667.8857605789979,1679.6888201175427,0.0009296380306040536,0.000599667728239378
c009_022,2023-24,C1_shivajinagar_kasarwadi,3088.8320542013944,185.62688223231984,2543.4524702791823,1775.9128506551717,675.8547067883962,1462.3488256202008,0.0009079402264626799,0.0005220749150975607
c009_023,2023-24,C1_shivajinagar_kasarwadi,3019.336700427703,183.82298366887744,2486.227562570718,1471.547302376699,674.8314147681971,1211.7235756705365,0.0008875125612040377,0.000432598892826826
c009_024,2023-24,C1_shivajinagar_kasarwadi,2960.248545621919,181.88791134110008,2437.5723069052024,1204.4857792701512,676.1666201853559,991.8157662647287,0.0008701440181061207,0.0003540893409925459
c010_016,2023-24,C2_pcmc,3646.4024902363617,217.47204985175853,3002.575490891074,3083.9994294616167,641.8248759754387,2539.473117851911,0.0010718340928429838,0.0009066203556684142
c010_017,2023-24,C1_shivajinagar_kasarwadi,3557.9766025938484,211.40487476257442,2929.7625187338267,3052.5623218133146,638.1601942402879,2513.5867026297733,0.001045841931714604,0.0008973786153992645
c010_018,2023-24,C1_shivajinagar_kasarwadi,3453.2651413738317,204.80166682906238,2843.539435046147,2897.2058861894207,641.4124056553177,2385.6607736612837,0.001015062741993355,0.0008517076254583553
c010_019,2023-24,C1_shivajinagar_kasarwadi,3365.253082063727,200.14266034994728,2771.0672236281907,2624.200862311043,656.6003457796023,2160.8588776055863,0.0009891922227617343,0.0007714508298560655
c010_020,2023-24,C1_shivajinagar_kasarwadi,3283.596323957773,196.52462089663499,2703.828189755475,2379.288944486235,654.6696999346091,1959.1898287671982,0.0009651897991446638,0.0006994527198938586
c010_021,2023-24,C1_shivajinagar_kasarwadi,3179.2017212453297,190.7639517344472,2617.866018457875,2213.742447653559,651.0591632831591,1822.8730465898007,0.0009345037477294395,0.0006507861013451315
c010_022,2023-24,C1_shivajinagar_kasarwadi,3059.1821267091864,184.7299016486851,2519.0376817764927,1991.7717304875437,658.7205654520523,1640.0945856703672,0.0008992248410323645,0.0005855321429226562
c010_023,2023-24,C1_shivajinagar_kasarwadi,2947.3743513880368,181.31175257717953,2426.9712445772966,1670.1511788584878,665.2852223675534,1375.2609617700955,0.0008663597402227255,0.0004909835719590392
c011_015,2023-24,C2_pcmc,3772.449958893527,225.87227986627656,3106.367390192441,3251.9334402821128,667.9057719901244,2677.7558626467603,0.0011088848502909224,0.0009559888448984789
c011_016,2023-24,C2_pcmc,3731.631145359833,221.07421913143514,3072.755749839602,3272.9940604744993,653.9424319372532,2695.0979147603016,0.0010968864501987874,0.0009621801518056765
c011_017,2023-24,C2_pcmc,3653.8328304371066,216.17324342273926,3008.6938931890863,3167.2005073680643,636.2804396444812,2607.983798723409,0.0010740181885290482,0.0009310794363423389
c011_018,2023-24,C1_shivajinagar_kasarwadi,3556.511610761134,211.07584436649503,2928.556193161419,2970.8564778703876,627.4243989313497,2446.307249760131,0.0010454113077787537,0.0008733590969168453
c011_019,2023-24,C1_shivajinagar_kasarwadi,3471.420087341434,206.7203780252077,2858.488853259505,2715.3098948367438,623.2913737968963,2235.8812452111806,0.0010203992593125215,0.0007982346556518688
c011_020,2023-24,C1_shivajinagar_kasarwadi,3382.249132279983,202.39435965780754,2785.062366500632,2556.0231341090603,613.7094052562267,2104.7189489301218,0.000994188090912393,0.0007514082463196813
c011_021,2023-24,C1_shivajinagar_kasarwadi,3252.4585406007336,195.37360597002473,2678.1882486357376,2505.635572882023,620.0999369253785,2063.2280666725605,0.0009560370690587784,0.0007365955364843571
c011_022,2023-24,C1_shivajinagar_kasarwadi,3088.190749635491,187.51028063693118,2542.9243976440484,2380.357172218826,642.7900535590272,1960.06944488669,0.0009077517195440191,0.0006997667527038536
c011_023,2023-24,C1_shivajinagar_kasarwadi,2920.540182894147,181.84349154751905,2404.8750506288957,2125.3623194746265,671.0946787443432,1750.097754377154,0.0008584720271351393,0.0006248045066411428
c012_015,2023-24,C2_pcmc,3788.857807881623,227.39120382004106,3119.878187577484,3246.744360827239,695.9269489375835,2673.482992925656,0.0011137078208715838,0.0009544633825342428
c012_016,2023-24,C2_pcmc,3775.721351201948,223.82058308122623,3109.0611691684744,3244.9258926889192,681.8877375049552,2671.9856025860804,0.001109846452806448,0.0009539287974060532
c012_017,2023-24,C2_pcmc,3717.2115110166355,220.21890785377983,3060.8821180114023,3090.507535549072,660.3083684221136,2544.832120288597,0.0010926479011804735,0.0009085335795812884
c012_018,2023-24,C1_shivajinagar_kasarwadi,3633.3369395673935,216.5666672891286,2991.8168589740867,2858.663179997824,645.5298440918415,2353.9233597928537,0.0010679935670956848,0.0008403770131171109
c012_019,2023-24,C1_shivajinagar_kasarwadi,3559.40613824295,213.45226147397202,2930.9396484431336,2624.8597655174594,617.123807873307,2161.401441577543,0.001046262133557309,0.0007716445312730133
c012_020,2023-24,C1_shivajinagar_kasarwadi,3473.2098061819197,208.93822578057421,2859.962570420575,2541.7618593345064,590.4198322560379,2092.9757159157753,0.001020925334444099,0.0007472157805608118
c012_021,2023-24,C1_shivajinagar_kasarwadi,3332.804613974964,200.82896654791384,2744.3480188061344,2599.1429717033056,601.4334938548809,2140.225333065816,0.0009796542262154977,0.0007640844232743845
c012_022,2023-24,C1_shivajinagar_kasarwadi,3142.077864018185,191.33813805155418,2587.2969345084125,2599.9603755948783,639.5546949407668,2140.8984120519035,0.0009235914537793246,0.0007643247200136843
c013_014,2023-24,C2_pcmc,3725.2748961759944,227.5704851341385,3067.521791694692,3079.3795053802733,698.4013951211493,2535.6689105946043,0.0010950180759323463,0.0009052622110547105
c013_015,2023-24,C2_pcmc,3770.746668564926,226.87883714104817,3104.9648412943907,3286.4534886401734,711.2262224084005,2706.180879199875,0.0011083841802060669,0.0009661368942856148
c013_016,2023-24,C2_pcmc,3791.9519816635543,224.93145413762917,3122.4260386134188,3180.9154466336527,703.2083642487698,2619.2771599494886,0.001114617331260943,0.0009351112928323736
c013_017,2023-24,C2_pcmc,3759.2295601411715,221.9517144609461,3095.481250941517,2949.3202320832484,683.5841159283412,2428.573550877625,0.0011049988080501947,0.0008670279677250647
c013_018,2023-24,C2_pcmc,3696.714938569391,218.89237501722224,3044.0045225615977,2681.067522818558,665.6871738205324,2207.6848770792813,0.0010866230794022394,0.000788168236312914
c013_019,2023-24,C1_shivajinagar_kasarwadi,3635.865079623704,217.00193270123037,2993.898618020419,2445.795564736461,630.4327760682997,2013.9537086405867,0.001068736695894848,0.0007190040385904676
c013_020,2023-24,C1_shivajinagar_kasarwadi,3548.3138083203457,213.06962752889373,2921.805835581918,2381.2459425108727,598.0726768924093,1960.8012894658548,0.0010430016220224622,0.0007000280294182995
c013_021,2023-24,C1_shivajinagar_kasarwadi,3395.670344682203,204.77833872316845,2796.1138627424352,2467.876825306935,600.0860365880434,2032.1361917796291,0.0009981331608980857,0.0007254953887900703
c013_022,2023-24,C1_shivajinagar_kasarwadi,3185.9648673461957,194.29499249442568,2623.435029771944,2529.3838011206944,630.6781109915387,2082.7831893592224,0.0009364917264523576,0.0007435769343816963
c014_013,2023-24,C2_pcmc,3521.783171718006,217.45811334551334,2899.9595804213254,2678.029648739225,675.3989624172652,2205.1833851898255,0.001035203129976848,0.0007872751756813297
c014_014,2023-24,C2_pcmc,3643.3268851714274,222.85671200939535,3000.0429299869065,3116.285211581393,697.9070668894101,2566.058361350581,0.0010709300405959965,0.0009161115854620509
c014_015,2023-24,C2_pcmc,3725.692387600915,224.7381301465226,3067.8655687526225,3314.8629369585915,717.6457727208552,2729.5742137149277,0.0010951407945691118,0.0009744885768095264
c014_016,2023-24,C2_pcmc,3778.7020706982516,224.40016532980323,3111.51559797297,3125.8494087790195,712.0641951379479,2573.9338562177923,0.0011107226141149965,0.0009189232253677393
c014_017,2023-24,C2_pcmc,3771.532132563018,221.9353459038373,3105.611619853796,2814.2284223730358,693.8841796588501,2317.3342244614914,0.001108615061765113,0.0008273142818542655
c014_018,2023-24,C2_pcmc,3730.3725492610315,219.3041189000766,3071.7193777415373,2500.542172587987,674.7119956323107,2059.033982522739,0.0010965164948218296,0.000735098201451793
c014_019,2023-24,C2_pcmc,3680.3990546664136,218.01331259588594,3030.5694524478404,2237.87984827562,644.4969944571442,1842.7486274439927,0.0010818271413046473,0.0006578819063987351
c014_020,2023-24,C1_shivajinagar_kasarwadi,3592.759597895349,214.60510217031623,2958.404055007376,2153.561044100459,618.2016820113201,1773.317571625146,0.0010560661459408642,0.0006330942415566033
c014_021,2023-24,C1_shivajinagar_kasarwadi,3435.4142642321394,206.59083799507812,2828.8403977511502,2239.5178657689503,615.7500482749908,1844.0974284039232,0.001009815603544199,0.000658363443453576
c015_011,2023-24,C2_pcmc,2916.0565513564115,186.08521609456736,2401.18307142434,2009.5797176264575,689.0000267726615,1654.7583058352632,0.0008571540955149305,0.0005907672553157994
c015_012,2023-24,C2_pcmc,3166.2913108541466,199.56815876744392,2607.2351344779227,2208.08616026196,683.8804960408767,1818.2154614940998,0.0009307088243640357,0.0006491232912817621
c015_013,2023-24,C2_pcmc,3360.5308717263533,209.10377457767547,2767.1787902860688,2535.977771065523,684.2949268226174,2088.2128951026307,0.0009878041625992248,0.00074551540016724
c015_014,2023-24,C2_pcmc,3507.8269839505338,216.17582524076764,2888.4675667313695,3008.728522807277,707.3639133138272,2477.492417667928,0.0010311008077852227,0.0008844925512627063
c015_015,2023-24,C2_pcmc,3621.811507981538,220.3291898784103,2982.3264150380996,3205.703651190647,712.6711082677614,2639.6886355518986,0.0010646057484054751,0.0009423984183153271
c015_016,2023-24,C2_pcmc,3700.244878818225,221.29514001472987,3046.91119896494,2980.1616860713425,694.7785615185518,2453.969484018866,0.001087660680247053,0.0008760946003959075
c015_017,2023-24,C2_pcmc,3717.154319701117,219.3994706917127,3060.8350246796244,2638.3677825569066,675.9000883398032,2172.524415797143,0.001092631090199801,0.000775615557692696
c015_018,2023-24,C2_pcmc,3699.191055263204,217.44598280899154,3046.043443749628,2311.2833612046848,665.0389647118064,1903.1916502469496,0.0010873509163037863,0.0006794607427510741
c015_019,2023-24,C2_pcmc,3664.3908892687014,216.5895634976669,3017.387768526221,2044.097913528998,649.6279415133627,1683.1817970116383,0.00107712165487437,0.0006009147601263487
c015_020,2023-24,C2_pcmc,3586.388127319601,213.57996319213711,2953.1575630353846,1958.4890487111866,636.4667394315902,1612.688460087577,0.0010541932974544675,0.0005757478490277163
c016_009,2023-24,C3_dehu_talegaon,2295.5752877303817,153.94320891475513,1890.2570725229198,1801.342725106795,629.1346223158557,1483.2886746822091,0.0006747680385435936,0.0005295506758255575
c016_010,2023-24,C2_pcmc,2496.876039101626,163.44643181364697,2056.015159838749,1803.908821439647,676.2114480606131,1485.4016882557019,0.0007339389635340005,0.0005303050453457802
c016_011,2023-24,C2_pcmc,2716.7019993734125,176.0737185117333,2237.027552831843,1873.4752902643131,711.8866799674743,1542.6851545872644,0.0007985552420008286,0.0005507558846377397
c016_012,2023-24,C2_pcmc,2956.39105728684,188.8719285243105,2434.3959159384012,2073.752509945542,715.4316379030831,1707.6004300701104,0.0008690101368296152,0.0006096324857178426
c016_013,2023-24,C2_pcmc,3150.655667350424,198.03615499578817,2594.3601981278366,2446.8182085927583,719.964563965116,2014.7957894001986,0.0009261128380965563,0.000719304670856434
c016_014,2023-24,C2_pcmc,3312.3147114552526,205.65747995579818,2727.475915608211,2904.9201413046108,723.8325969855646,2392.0129614412585,0.000973631365015051,0.0008539754276665648
c016_015,2023-24,C2_pcmc,3446.7720520407065,211.09350873405143,2838.192797930795,3067.0048147054,696.1943696042597,2525.479156987529,0.001013154144537711,0.0009016243548496273
c016_016,2023-24,C2_pcmc,3541.166926372424,213.49466719928117,2915.920842734699,2816.0202393285026,651.6629756751349,2318.809669283903,0.0010409008468749523,0.0008278410321869467
c016_017,2023-24,C2_pcmc,3576.7188860500405,212.71665872423011,2945.1955712011772,2471.758692563756,631.3797691379253,2035.332657204231,0.0010513510927136606,0.0007266365627602777
c016_018,2023-24,C2_pcmc,3577.2233996556815,211.68043511221373,2945.611005369834,2163.363843795753,634.2940709361152,1781.3895401437107,0.0010514993909018823,0.000635976024757142
c016_019,2023-24,C2_pcmc,3555.666189786936,210.92313641321817,2927.8600439284664,1929.628071296901,635.7754028294966,1588.9233207044922,0.001045162802292764,0.0005672634280001659
c017_008,2023-24,C3_dehu_talegaon,1907.3840574324236,132.97985488098902,1570.6068208042873,1585.189095302465,595.562445529084,1305.300207184329,0.0005606619857175263,0.0004660067987223016
c017_009,2023-24,C3_dehu_talegaon,2132.248607690051,145.86496735231168,1755.768165220227,1688.582242700775,640.2296750601273,1390.4377451098615,0.0006267593218956581,0.000496401853654039
c017_010,2023-24,C3_dehu_talegaon,2308.9069082191054,154.33172931935616,1901.2347956460487,1724.0775896631956,697.8752196399665,1419.6658566843275,0.0006786867736231465,0.000506836616961781
c017_011,2023-24,C2_pcmc,2516.3138014382002,166.48445928516605,2072.0208939687136,1850.3958057989482,744.1803643431124,1523.6806989399083,0.0007396525556063802,0.0005439710810431795
c017_012,2023-24,C2_pcmc,2733.007073643733,177.49813843545246,2250.4537219155663,2092.444906105721,755.9667387281942,1722.9924035910979,0.0008033480026837375,0.0006151275927185579
c017_013,2023-24,C2_pcmc,2919.6146280583016,185.51592629281964,2404.1129163683395,2502.1148732882007,759.3941644791481,2060.3289993481203,0.0008581999668701219,0.0007355605369679951
c017_014,2023-24,C2_pcmc,3083.6809568169924,193.0180224679777,2539.210876324864,2906.446849182574,737.5164615411416,2393.2701061663397,0.0009064260980012882,0.0008544242424186358
c017_015,2023-24,C2_pcmc,3228.6027906727263,199.2574217971459,2658.544588825156,2991.5161613086384,674.3915428838892,2463.319156511335,0.0009490248409375989,0.0008794325382306957
c017_016,2023-24,C2_pcmc,3331.618239484457,203.15144265523685,2743.3711165092122,2700.439178391669,605.6784184152879,2223.636176585452,0.0009793054998669362,0.0007938630289571025
c017_017,2023-24,C2_pcmc,3377.5990421961355,203.76017262274834,2781.233319500587,2345.746165392243,590.1192623979513,1931.5695299456422,0.0009928212299857662,0.000689591963753054
c017_018,2023-24,C2_pcmc,3385.8396105408747,203.39207681440558,2788.0188920228684,2066.2262039905954,607.7996109692998,1701.4030062098045,0.0009952434864755376,0.0006074199359629505
c017_019,2023-24,C2_pcmc,3370.7105941352625,202.49106663010676,2775.5611301651434,1890.2583223676234,620.0344238430984,1556.5048908865808,0.0009907964196423685,0.0005556896853347631
c018_007,2023-24,C3_dehu_talegaon,1611.343717313933,116.48097408332436,1326.8368387644769,1364.4988442105948,580.0043446334863,1123.5761268664446,0.00047364303203771384,0.00040112926598800014
c018_008,2023-24,C3_dehu_talegaon,1794.0186356930412,126.01343099144584,1477.2577630026249,1431.908322259025,601.5016078612467,1179.0834514648482,0.0005273390258152263,0.0004209460027810932
c018_009,2023-24,C3_dehu_talegaon,1979.2782935684138,136.99012930706704,1629.807052247818,1534.6944403205257,651.7323373469509,1263.7211401790453,0.0005817947853949594,0.0004511626059440067
c018_010,2023-24,C3_dehu_talegaon,2131.48087536976,145.27549859334738,1755.1359875452054,1612.0909440413877,719.91430013877,1327.4521314163446,0.0006265336524372621,0.00047391528386624273
c018_011,2023-24,C3_dehu_talegaon,2325.7819378300474,158.1356715159557,1915.1302859144835,1804.6451957625075,771.8664774257475,1486.0080446576249,0.0006836470686271053,0.0005305215213749645
c018_012,2023-24,C3_dehu_talegaon,2516.0321376454613,167.81202237561567,2071.7889621391873,2112.7200514281562,788.4527761247448,1739.6876681929637,0.0007395697625366118,0.0006210879892373938
c018_013,2023-24,C2_pcmc,2687.414496554155,174.75355977963642,2212.911197495325,2559.728809648527,786.4883262006297,2107.770331925222,0.0007899463887269596,0.0007524976242370338
c018_014,2023-24,C2_pcmc,2845.169290053047,181.840181905309,2342.812018317672,2904.8761345329026,740.4886202527796,2391.976724724517,0.0008363172889318234,0.0008539624907526873
c018_015,2023-24,C2_pcmc,2991.9784819624215,187.94793700370084,2463.6998475260266,2904.612490043266,650.764055608671,2391.7596306201194,0.0008794708073523849,0.0008538849857250659
c018_016,2023-24,C2_pcmc,3098.8879122411104,192.5357075531042,2551.7328158994965,2584.7416294516215,575.626221482567,2128.3667635862744,0.0009108960744549452,0.0007598507811051951
c018_017,2023-24,C2_pcmc,3150.833899130312,194.09699315066163,2594.5069604162627,2217.8103971303844,573.9456318128659,1826.2227386301074,0.0009261652280613569,0.0006519819789339172
c018_018,2023-24,C2_pcmc,3162.003963572774,194.05604798079628,2603.7047826030384,1959.1475767203292,602.0072959583256,1613.2307151089608,0.0009294485891057674,0.0005759414401458479
c019_006,2023-24,C3_dehu_talegaon,1477.9766633916508,110.6287777922307,1217.0177366572284,975.1417610210781,600.4006039522528,802.965871054037,0.00043444073452977616,0.0002866678125029325
c019_007,2023-24,C3_dehu_talegaon,1575.2353123229277,114.25715801443128,1297.1039137427704,1218.0337098988273,598.8759900664605,1002.9716067312919,0.0004630292230544294,0.00035807210103063245
c019_008,2023-24,C3_dehu_talegaon,1717.023833234588,122.7667820108069,1413.857546650544,1330.018809661696,625.5529534074046,1095.1840590848954,0.0005047069509228763,0.0003909929796814754
c019_009,2023-24,C3_dehu_talegaon,1852.5312311621155,130.5944151019946,1525.439082956824,1443.176200946195,669.6604650136446,1188.3618173257264,0.0005445383873372777,0.00042425848334947443
c019_010,2023-24,C3_dehu_talegaon,1973.2239397323688,138.3569928762669,1624.8216853032839,1511.3033534380754,737.9956550669785,1244.4601001905617,0.0005800151511200862,0.00044428619886485883
c019_011,2023-24,C3_dehu_talegaon,2141.1284400599184,150.63037441231913,1763.080130124918,1678.7626448825251,786.9947881393493,1382.351944428661,0.0006293694855016339,0.0004935151322164619
c019_012,2023-24,C3_dehu_talegaon,2295.7062380785555,158.48975864671425,1890.3649016248917,1983.013524817443,801.3319886732882,1632.8827724490784,0.0006748065304676251,0.0005829574448005395
c019_013,2023-24,C2_pcmc,2441.061717940438,164.2218686838202,2010.0556934309573,2433.58302530481,784.2266734127313,2003.8974760449798,0.0007175327405650238,0.0007154138508824656
c019_014,2023-24,C2_pcmc,2584.7429035986934,170.05687205286804,2128.3678127635885,2737.1993303399795,716.38034746991,2253.9057728730177,0.0007597668037823946,0.0008046696139763547
c019_015,2023-24,C2_pcmc,2722.8965891992234,174.5607264739786,2242.128395000777,2686.932583808821,616.198355943573,2212.514373666424,0.0008003760976480757,0.0007898924207048474
c019_016,2023-24,C2_pcmc,2829.7239259317807,178.1985480997293,2330.0937646738194,2384.6245653887495,558.5787549551202,1963.5833658475049,0.0008317772339362833,0.0007010212618573032
c019_017,2023-24,C2_pcmc,2893.0064854892144,180.2590608637448,2382.202840080821,2031.8185945243208,577.3281672422937,1673.0705757772848,0.0008503786924965059,0.0005973049408582143
c020_005,2023-24,C3_dehu_talegaon,1460.953216921678,107.82617194187573,1203.000034750184,369.3705782537963,613.0975646159363,304.1526678118362,0.0004294368134450739,0.00010858591017585416
c020_006,2023-24,C3_dehu_talegaon,1495.3716576301088,111.38152904856499,1231.341384006756,746.5646897871729,625.2987107931021,614.7475068706309,0.0004395538694400087,0.00021947174766581782
c020_007,2023-24,C3_dehu_talegaon,1573.2580862867817,115.51484934484795,1295.475796591145,959.8489819664427,632.6573929197577,790.3732612968832,0.000462448031515516,0.0002821721097303505
c020_008,2023-24,C3_dehu_talegaon,1679.4905007344323,123.75594814537332,1382.9512864233227,1133.2611106164923,656.7373463081959,933.1668801313574,0.0004936742946268701,0.00033315103153299525
c020_009,2023-24,C3_dehu_talegaon,1760.9457742949278,128.0685637900209,1450.0244108662357,1321.1718696589876,692.7864165856791,1087.8991789070644,0.0005176174932939849,0.0003883921958372214
c020_010,2023-24,C3_dehu_talegaon,1845.3881398516226,133.07963599309812,1519.557211453195,1456.3494117847613,755.401562704868,1199.2091003961302,0.0005424387264206955,0.00042813108494001395
c020_011,2023-24,C3_dehu_talegaon,1966.752769512673,140.52529574440098,1619.493097153438,1597.9399957884991,787.7912114770653,1315.7997451230704,0.0005781129966320306,0.0004697552514046547
c020_012,2023-24,C3_dehu_talegaon,2072.474153116316,144.97974421636152,1706.5477862946836,1884.3115331813829,785.9619823170142,1551.6080964411206,0.0006091890458592705,0.0005539414748533961
c020_013,2023-24,C3_dehu_talegaon,2182.7252140682003,149.80683051639647,1797.3323703731705,2256.8318589997943,748.5297143264235,1858.3543766874948,0.0006415965615454174,0.0006634533337275598
c020_014,2023-24,C2_pcmc,2306.9821756712513,155.07696571990135,1899.649903470766,2424.271436166357,658.9958712843337,1996.2299874988778,0.000678121012171985,0.0007126764715639435
c020_015,2023-24,C2_pcmc,2436.874475406654,159.5178005077129,2006.6077713104505,2282.8701926390017,563.470437261513,1879.7952523500335,0.0007163019303857503,0.0006711079665655148
c020_016,2023-24,C2_pcmc,2544.766388911329,162.95875018184063,2095.4497507742917,2010.8138302356656,552.0043625674699,1655.7745173706958,0.0007480159914489549,0.0005911300542197182
c021_004,2023-24,C3_dehu_talegaon,1481.747910659807,104.33769267525217,1220.123113709755,111.35877755193917,611.1025200953977,91.6967167141689,0.0004355492658576738,3.273675524919401e-05
c021_005,2023-24,C3_dehu_talegaon,1488.9517422095387,106.18047868988806,1226.05500085322,377.5560319792348,612.6883563087532,310.8928570267222,0.00043766678093582964,0.0001109922332435468
c021_006,2023-24,C3_dehu_talegaon,1508.5331302961251,110.44036371848686,1242.1790014548649,719.2400579763472,625.5037462857947,592.2474482532702,0.0004434225907765123,0.00021143897464576442
c021_007,2023-24,C3_dehu_talegaon,1571.8210224496477,117.09567632372288,1294.2924679082093,908.1054910801123,643.3507962939184,747.7658590793703,0.0004620256168154503,0.00026696078975968506
c021_008,2023-24,C3_dehu_talegaon,1644.732491396953,125.41298175030848,1354.3303244674435,1130.873142561605,671.9123775824356,931.200543619183,0.00048345742484713,0.0003324490273670526
c021_009,2023-24,C3_dehu_talegaon,1685.0217176925387,126.48141169250285,1387.505884144688,1298.632285276858,708.8423301546176,1069.3392958930897,0.0004953001565350068,0.00038176610965382933
c021_010,2023-24,C3_dehu_talegaon,1748.3079672780614,127.99391925669742,1439.6179980500262,1417.9179593098268,758.2470398503166,1167.5632967335994,0.0005139026997527567,0.0004168331784686884
c021_011,2023-24,C3_dehu_talegaon,1830.7594463820606,130.90347911718084,1507.5114330200472,1539.1126159355315,761.4812456795408,1267.3592206848562,0.0005381387259582097,0.0004524614414461201
c021_012,2023-24,C3_dehu_talegaon,1894.308104226157,133.38088536073124,1559.8396230738388,1848.7504542528607,739.8670691958305,1522.3258588641322,0.0005568184022183313,0.0005434873879563186
c021_013,2023-24,C3_dehu_talegaon,1973.8208767303431,137.16277861258038,1625.3132241294347,2111.6005471109765,695.3639019602922,1738.7658291382484,0.0005801906165075254,0.000620758882366453
c021_014,2023-24,C2_pcmc,2090.9279940953106,142.2553529075101,1721.7433251263665,2123.0552626517047,611.1264614847943,1748.1980430065232,0.0006146134212424465,0.0006241262883972084
c022_003,2023-24,C3_dehu_talegaon,1455.6132819685452,106.05164886157736,1198.6029453295398,187.30618291998442,654.2047231889252,154.2344696269255,0.0004278671775226389,5.5063433720366985e-05
c022_004,2023-24,C3_dehu_talegaon,1500.6499480322664,104.56692275906076,1235.6877131456154,157.19575620254932,637.6544623905609,129.44048993759554,0.00044110538538486314,4.621170517622314e-05
c022_005,2023-24,C3_dehu_talegaon,1504.410874163304,105.60157656534139,1238.7845914124393,460.31576665443686,621.3953489992697,379.04012042777987,0.00044221088288786883,0.00013532156980874643
c022_006,2023-24,C3_dehu_talegaon,1514.518549625334,109.54352658518404,1247.1076053126972,754.4953125947591,622.6919399698329,621.2778593847376,0.0004451819622430976,0.00022180315668029387
c022_007,2023-24,C3_dehu_talegaon,1565.2811993951716,116.82087710569337,1288.9073486102952,887.401323733502,638.5628394954341,730.7173227203986,0.00046010328231460546,0.0002608742712654585
c022_008,2023-24,C3_dehu_talegaon,1609.2822884774107,124.0845454617515,1325.1393860786225,1108.2527976013432,666.649003366462,912.574159517306,0.00047303708968415565,0.0003257991995501925
c022_009,2023-24,C3_dehu_talegaon,1616.1331303989675,123.50260804589657,1330.7806092021572,1202.0215417558122,711.6394692540886,989.7866268090323,0.0004750508459702114,0.00035336491547211337
c022_010,2023-24,C3_dehu_talegaon,1670.3325866627836,123.92752704486583,1375.410339308229,1260.661792861026,754.8897905121963,1038.0730628839485,0.0004909823908813011,0.000370603714158524
c022_011,2023-24,C3_dehu_talegaon,1739.1416004983162,125.89319996733866,1432.0700906791103,1335.8881309805558,739.7608781815404,1100.017063775782,0.0005112083113937259,0.00039271841650575064
c022_012,2023-24,C3_dehu_talegaon,1783.5093482484301,127.64112424391905,1468.6040477332847,1615.7961252055588,701.4546875424425,1330.5031073255154,0.0005242498954724344,0.0004750045164493574
c023_002,2023-24,C3_dehu_talegaon,1334.2359353536185,103.6416155268327,1098.6565880441856,333.89482933363337,719.1745047475592,274.9406939515994,0.000392189169253106,9.815690821290106e-05
c023_003,2023-24,C3_dehu_talegaon,1422.531158739366,104.55766295194636,1171.3619666771442,65.46481280711008,677.750419256559,53.90601914536854,0.00041814292255199013,1.9245052805119848e-05
c023_004,2023-24,C3_dehu_talegaon,1473.8403526222207,104.58873994374987,1213.6117535348894,147.65365184899247,656.5342130271918,121.58318709178226,0.0004332248953806039,4.340656002599946e-05
c023_005,2023-24,C3_dehu_talegaon,1486.6438670405635,105.3129275802118,1224.154615627794,515.6290194085972,630.7947882799635,424.58698956408836,0.00043698839743462343,0.000151582312403601
c023_006,2023-24,C3_dehu_talegaon,1500.7063990503368,108.36176696441424,1235.7341968905525,790.0308673995227,629.6646274314764,650.5390795044846,0.00044112197876036284,0.00023224974010965378
c023_007,2023-24,C3_dehu_talegaon,1544.1249190382118,114.84111506659289,1271.4865265676606,851.7112158263368,642.7964350802321,701.3288381643874,0.0004538845440856109,0.00025038225300646463
c023_008,2023-24,C3_dehu_talegaon,1568.2111549018105,119.93056876824954,1291.3199765681773,977.3211315411417,668.4134667750394,804.7604410519007,0.0004609645219092299,0.0002873084940987713
c023_009,2023-24,C3_dehu_talegaon,1557.6428309345795,118.91414785845433,1282.6176485589212,994.2115765226465,721.3933754785784,818.668624876233,0.0004578580382002542,0.0002922738715532032
c023_010,2023-24,C3_dehu_talegaon,1601.4995251674306,119.02956882165695,1318.7307862522118,1002.2112557544322,758.7170842871834,825.2558408680675,0.0004707494017302064,0.0002946255814663341
c023_011,2023-24,C3_dehu_talegaon,1654.1981755951804,121.12432446295766,1362.124700281472,1062.1431887985266,739.8745123893552,874.6058930802845,0.0004862397954337318,0.0003122441030306581
c024_001,2023-24,C3_dehu_talegaon,1206.2751809731594,101.7820848712386,993.2892222836947,425.49320558066194,750.5118686127938,350.36600431192653,0.0003545760150667197,0.00012508458908676805
c024_002,2023-24,C3_dehu_talegaon,1287.1223816920974,101.25051002469262,1059.8616382569242,145.10194736020617,700.6415241892663,119.48202426663022,0.0003783404750443292,4.2656421355711836e-05
c024_003,2023-24,C3_dehu_talegaon,1369.8479127597307,102.31172683078462,1127.9807372098549,-41.13428771912696,676.7569315448432,-33.87141284359599,0.0004026570568764909,-1.2092473884987766e-05
c024_004,2023-24,C3_dehu_talegaon,1419.6509331361544,103.13701250137197,1168.990288063059,141.15193972139303,666.9770946026658,116.2294496655296,0.00041729630070899075,4.1495215780839575e-05
c024_005,2023-24,C3_dehu_talegaon,1435.918676362694,103.5786359039544,1182.3857174581697,525.6373798710259,644.3618630522141,432.82822401611503,0.00042207808819693483,0.00015452452543886374
c024_006,2023-24,C3_dehu_talegaon,1453.1107913009716,105.50352600044675,1196.5423068880186,767.017035605727,638.1901048867862,631.5886845657565,0.00042713158817897517,0.00022548423679377718
c024_007,2023-24,C3_dehu_talegaon,1489.0839013028567,110.70253597077597,1226.1638252782684,804.1634760443075,641.4586014366675,662.1763643222764,0.00043770562816190426,0.00023640438117529565
c024_008,2023-24,C3_dehu_talegaon,1495.507167368787,113.56878816937544,1231.4529674705182,844.9401647178058,666.345228852302,695.7533175902097,0.0004395937015644701,0.0002483917296926075
c024_009,2023-24,C3_dehu_talegaon,1481.305744847919,112.12476985861348,1219.7590188976105,813.2478796976827,720.2377767241954,669.6567803849634,0.00043541929436024846,0.00023907497352125347
c024_010,2023-24,C3_dehu_talegaon,1524.2333113136458,111.8838639420833,1255.1070802536224,799.7219922164271,754.0680034517445,658.5190910178371,0.0004480375473874306,0.00023509869362903324
c025_001,2023-24,C3_dehu_talegaon,1165.1264477959826,101.43245897983091,959.4059145441262,218.41012438405502,703.1421246572503,179.84654414700276,0.0003424806374404998,6.420723128513116e-05
c025_002,2023-24,C3_dehu_talegaon,1243.7521040046993,100.73281923060652,1024.1490329792548,-48.70503963244368,672.5371606826658,-40.1054350623193,0.0003655920902003929,-1.4318089663887818e-05
c025_003,2023-24,C3_dehu_talegaon,1319.914246441842,100.98654315505239,1086.8636079138216,-149.59989200424977,673.2467613103183,-123.18578938409938,0.0003879794105981478,-4.3978707000126356e-05
c025_004,2023-24,C3_dehu_talegaon,1362.5234076085292,101.23837990278824,1121.9494831974987,125.3591785143088,680.2545952359058,103.22513709694842,0.00040050407065094856,3.685253049180481e-05
c025_005,2023-24,C3_dehu_talegaon,1375.2845371825276,100.75642737728127,1132.457444125446,505.7560424484931,668.6494629078206,416.45723462839027,0.00040425511398125083,0.00014867989880469894
c025_006,2023-24,C3_dehu_talegaon,1382.9886140649562,101.27274344030711,1138.80125079217,699.9729052362248,660.1693782494024,576.3822000389964,0.00040651967261913594,0.0002057749032769131
c025_007,2023-24,C3_dehu_talegaon,1401.3210138830595,105.05743643490543,1153.8967907196575,724.9340903630454,652.5787552968645,596.9361138995938,0.0004119083512362894,0.00021311288081393676
c025_008,2023-24,C3_dehu_talegaon,1391.2363222779825,106.52486815928444,1145.5927025320048,693.905395324263,670.2525634766375,571.3859999208864,0.00040894402782243924,0.00020399120385665586
c025_009,2023-24,C3_dehu_talegaon,1384.8641854864281,105.20222950121959,1140.3456619745907,624.6490053082656,700.203247227811,514.3578633379312,0.0004070709835066417,0.00018363152014569764
c026_001,2023-24,C3_dehu_talegaon,1112.0809408192874,99.266767255335,915.7263866871255,29.269240714609793,649.1821638427201,24.101317680095672,0.0003268882877199189,8.604440446169748e-06
c026_002,2023-24,C3_dehu_talegaon,1191.8994324948264,100.69465739392669,981.4517276133082,-223.23632524424522,643.0130442116573,-183.8206069268867,0.0003503503659864356,-6.562601622347879e-05
c026_003,2023-24,C3_dehu_talegaon,1266.6093297490079,101.49990183802822,1042.9704730132037,-239.02670321517544,673.9562246923426,-196.8229570553686,0.0003723108092354301,-7.026800089941066e-05
c026_004,2023-24,C3_dehu_talegaon,1309.1218444441072,101.6542714044153,1077.9767662080553,85.2921399231761,700.9577913023177,70.23253455555323,0.0003848070607448849,2.5073801731010494e-05
c026_005,2023-24,C3_dehu_talegaon,1319.3860258202253,99.9671981634899,1086.4286525580987,427.3466125140608,703.0963087348122,351.89216447876817,0.000387824143901093,0.00012562944536563243
c026_006,2023-24,C3_dehu_talegaon,1307.9707138646024,98.15133424991177,1077.028884981534,548.083838918184,693.3220427585666,451.31142436844874,0.00038446869409344397,0.00016112323505288712
c026_007,2023-24,C3_dehu_talegaon,1299.4707792926731,99.67289612486287,1070.0297412259586,534.6809565670811,683.1853655712472,440.27502173257034,0.0003819701987448029,0.00015718311565855245
c026_008,2023-24,C3_dehu_talegaon,1273.5069600401844,100.51638387127639,1048.650223318599,432.1214639759134,695.8208754817067,355.82394436603863,0.000374338318630157,0.00012703313483757386
c027_001,2023-24,C3_dehu_talegaon,1036.1477281500604,94.8111589601545,853.2003205395395,-83.41033133450281,617.9228707954848,-68.68298747126182,0.0003045682596001766,-2.45205960605864e-05
c027_002,2023-24,C3_dehu_talegaon,1118.5382014047645,98.28237514498595,921.0435211571037,-338.2330523534233,627.1364185683923,-278.5129386909333,0.00032878635356986774,-9.943223960874942e-05
c027_003,2023-24,C3_dehu_talegaon,1197.471837255228,100.97878614003791,986.0402408132927,-292.3222179774681,679.4776113923973,-240.70835007716593,0.00035198833475628787,-8.593557790598492e-05
c027_004,2023-24,C3_dehu_talegaon,1249.0055051380261,102.65089559170359,1028.47486742265,4.071163700496431,720.4470115687265,3.352338744624878,0.0003671362901215909,1.196822491881187e-06
c027_005,2023-24,C3_dehu_talegaon,1262.2498309083794,101.06215694410493,1039.380709018009,254.60044098266792,726.3427309192367,209.64691805458523,0.0003710293655391825,7.484629865749925e-05
c027_006,2023-24,C3_dehu_talegaon,1234.6801565150663,97.48795741392638,1016.6788737579514,303.04774865708777,713.8962494772481,249.5401275980668,0.00036292545572054425,8.908862143335901e-05
c028_002,2023-24,C3_dehu_talegaon,1033.0185546126024,93.5638159277217,850.6236494793716,-399.35659987489925,639.4970925919292,-328.84420798874555,0.0003036484612814638,-0.00011740106666631793
c028_003,2023-24,C3_dehu_talegaon,1116.2915198075666,97.21057134359391,919.1935248613999,-331.857641572358,699.4241349411392,-273.26320221591556,0.00032812595748411263,-9.755802486842091e-05
c028_004,2023-24,C3_dehu_talegaon,1174.2274156157246,100.08650891753362,966.8999701214013,-113.51642275063297,736.9964514953933,-93.47339732169472,0.00034515580224010316,-3.337105013224705e-05
c028_005,2023-24,C3_dehu_talegaon,1190.6359809297767,99.58379148958691,980.4113573543189,26.074643119268583,732.988435383311,21.470774159813764,0.0003499789833796876,7.665306936468897e-06
c028_006,2023-24,C3_dehu_talegaon,1154.7992021044556,95.92238289158232,950.9020988285497,38.699161099380916,723.3001023788054,31.866244317838444,0.0003394450169770476,1.1376606255116903e-05
c029_004,2023-24,C3_dehu_talegaon,1093.1600113678371,95.74137740010212,900.146230851909,-196.62939886367582,741.8313754422197,-161.911532091579,0.0003213266150003979,-5.780423103507938e-05
c029_005,2023-24,C3_dehu_talegaon,1106.004511273946,95.64020227747417,910.7228418305657,-161.57828358122592,733.0956487828144,-133.04921643737381,0.0003251021644472154,-4.750006096929667e-05
c029_006,2023-24,C3_dehu_talegaon,1063.3232432840666,91.92900740099317,875.5775912638192,-191.70331376195625,734.4687723296562,-157.8552211297279,0.0003125563091062832,-5.6356082574249874e-05
c029_007,2023-24,C3_dehu_talegaon,998.6268800608253,87.8157289701866,822.3043404134175,-267.4555001852284,764.1589045807575,-220.23222392767877,0.0002935392730080196,-7.862537145337152e-05
c030_004,2023-24,C3_dehu_talegaon,1016.8327620514765,92.1103953167302,837.295701131702,-302.21292356885044,715.0670421821919,-248.85270338863458,0.00029889076260910066,-8.884320328859923e-05
c030_005,2023-24,C3_dehu_talegaon,1032.4989265777567,92.7227530308599,850.1957695604692,-340.2166625672009,703.2391637755818,-280.1463127979655,0.0003034957203142129,-0.00010001537246550112
c030_006,2023-24,C3_dehu_talegaon,986.5623836992556,90.03803530869274,812.3700116655108,-417.76015137057226,723.3441680727792,-343.99833669895213,0.00028999300005874007,-0.00012281126040473953
c030_007,2023-24,C3_dehu_talegaon,922.616187126093,86.69038502365339,759.714474302208,-526.0746594549629,771.5175643940623,-433.18829533707094,0.0002711964701149729,-0.00015465307493473207
c030_008,2023-24,C3_dehu_talegaon,883.4737089797179,83.96937916429522,727.483187204928,-693.6390332545043,785.2750839060234,-571.1666680658589,0.0002596908168943032,-0.00020391289992698766
c031_004,2023-24,C3_dehu_talegaon,930.637945801413,85.93828387221993,766.3198712809703,-543.6229825496494,684.1176051162354,-447.63819903569635,0.0002735544090577499,-0.00015981185245378832
c031_005,2023-24,C3_dehu_talegaon,951.7823802965353,87.30116164811923,783.7309390261798,-629.3663133967017,666.4596094879859,-518.2422599966233,0.0002797696652798594,-0.0001850182932741486
c031_006,2023-24,C3_dehu_talegaon,918.0804124350535,86.41434802546488,755.9795585994063,-685.1671515393382,701.835723409641,-564.1906240148257,0.0002698632113854915,-0.00020142237404024147
c031_007,2023-24,C3_dehu_talegaon,874.8178928036128,85.1449812374394,720.3556850782094,-748.7401877940785,761.7244363816267,-616.5388881055624,0.00025714650125614394,-0.0002201112908375625
c031_008,2023-24,C3_dehu_talegaon,838.6497580606238,83.0679204782284,690.5735764872552,-876.1396027903619,782.7062761092117,-721.4440273615708,0.00024651513513683173,-0.0002575636009231198
c032_004,2023-24,C3_dehu_talegaon,841.2035723760735,80.15671615732751,692.6764766175584,-807.4412042151861,671.8867887087669,-664.8753604693105,0.0002472658107019726,-0.00023736795303969937
c032_005,2023-24,C3_dehu_talegaon,866.9522282631559,80.74968251865724,713.8788214757999,-939.0770777496965,661.8330986265137,-773.2689480272046,0.00025483444507477007,-0.00027606567825406964
c032_006,2023-24,C3_dehu_talegaon,855.1418724818881,80.53163383548706,704.153760980561,-995.2718511601362,712.3886849977044,-819.5416921387375,0.00025136287494260197,-0.0002925855663478793
c032_007,2023-24,C3_dehu_talegaon,836.149291004804,80.69557595766781,688.5146043585097,-1019.2745618306626,775.0956253344784,-839.3063645706062,0.0002457801406194589,-0.0002996417758520807
c033_005,2023-24,C3_dehu_talegaon,785.592059658336,76.51211532852564,646.8840097835331,-1183.881390267037,657.5670747226735,-974.8493908875755,0.00023091920183335637,-0.0003480321548893712
c033_006,2023-24,C3_dehu_talegaon,787.1440279959779,76.25234450794626,648.1619548556199,-1282.822733779381,720.1472792941133,-1056.3211576114793,0.0002313753918945884,-0.0003771184884303381
