cell_id,season,label_fd,label_fd_sd,label_fd_annual,label_co,label_co_sd,label_co_annual,share_fd_per_km2,share_co_per_km2,no2,co_norm,hcho,ws850,blh_m,frac_ese,t2m_k,ssrd_j_m2,viirs_rad,ndvi,ndbi,road_major_km,road_mid_km,road_minor_km,road_total_km,industrial_frac,wd850_sin,wd850_cos,n_months,x_utm,y_utm,lat,lon,cluster,dist_to_source_km,in_corridor,block_id,fold_block,split_corridor,split_pcmc
c000_021,2019-20,3042.862715099417,261.1674856109027,2505.599706825439,5464.908472273808,853.4855551349849,4499.996992309177,0.0013665486877754,0.0016065493448204,5.9431703350608476e-05,0.042763664053539936,0.000229340015313875,4.009581178116497,1660.6745407238166,0.5512408049175876,301.75976181030273,2829075.3125,28.95036895809887,0.3519045933844937,-0.0634005711093265,0.6156187945942216,5.073243410295835,12.65317639355793,18.342038598447985,0.0,0.5153268460005612,-0.8569937233090531,8,377500.0,2046500.0,18.50543,73.83955,C1_shivajinagar_kasarwadi,2.79,True,37_204,4,test,train
c000_022,2019-20,3138.5849314712523,269.02904906696307,2584.420731542657,5350.234602441374,886.6763747051458,4405.5705125317945,0.0014095375050246,0.001572838033573,5.967809173683789e-05,0.042860059485200885,0.000231702174720575,4.009581178116497,1660.6745407238166,0.5512408049175876,301.75976181030273,2829075.3125,32.47012904714899,0.3055018833901708,-0.024811401215133,2.89687832849604,4.509041954597461,12.086926819604171,19.49284710269768,0.0,0.5153268460005612,-0.8569937233090531,8,378500.0,2046500.0,18.50549,73.84902,C1_shivajinagar_kasarwadi,2.35,True,37_204,4,test,train
c000_023,2019-20,3190.152289708027,272.95114954026855,2626.8830999691613,5202.663927460463,869.0155160256835,4284.055651498663,0.0014326963893808,0.0015294558667155,5.940407091998122e-05,0.042938800797476126,0.0002281286804964,4.009581178116497,1660.6745407238166,0.5512408049175876,301.75976181030273,2829075.3125,40.920902027164274,0.2373885544430014,0.0154572033434326,1.9602886760174647,3.8515407533531154,17.5000421541537,23.31187158352428,0.0,0.5153268460005612,-0.8569937233090531,8,379500.0,2046500.0,18.50555,73.8585,C1_shivajinagar_kasarwadi,2.3,True,37_204,4,test,train
c001_020,2019-20,2836.8834811153824,243.59162723755335,2335.989193107056,5161.627885531475,840.0962288841997,4250.265137678788,0.001274043478614,0.0015173922746884,5.9376319575539644e-05,0.04280086758396,0.0002232579215262125,4.009581178116497,1660.6745407238166,0.5512408049175876,301.75976181030273,2829075.3125,17.343361939550416,0.3721824477370692,-0.0615434276668512,1.934134580507434,2.983184931696681,12.320570758259285,17.2378902704634,0.0,0.5153268460005612,-0.8569937233090531,8,376500.0,2047500.0,18.51441,73.83002,C1_shivajinagar_kasarwadi,4.19,True,37_204,4,test,train
c001_021,2019-20,2942.8369091153013,252.97543945753145,2423.234955729335,5073.1110644294895,894.5206077067875,4177.377287726935,0.0013216271297856,0.0014913704956104,5.9824151247376435e-05,0.04284923187377211,0.00022482597102406248,4.009581178116497,1660.6745407238166,0.5512408049175876,301.75976181030273,2829075.3125,26.53918796138066,0.3488800394148452,-0.0611207315519596,4.387935602084497,5.318093262810974,10.516609051157264,20.222637916052733,0.0150171076452556,0.5153268460005612,-0.8569937233090531,8,377500.0,2047500.0,18.51447,73.83949,C1_shivajinagar_kasarwadi,3.65,True,37_204,4,test,train
c001_022,2019-20,3027.317417473432,259.9430368001618,2492.799164434584,4878.776959370718,915.8930679760635,4017.355780925064,0.0013595672995036,0.0014342410247798,5.99799121070792e-05,0.042924413682420726,0.00022531076184297499,4.009581178116497,1660.6745407238166,0.5512408049175876,301.75976181030273,2829075.3125,35.58742005451243,0.1928097810440846,0.0384042839036748,0.1346309759247042,6.24924925764292,12.330343825133594,18.71422405870122,0.0,0.5153268460005612,-0.8569937233090531,8,378500.0,2047500.0,18.51453,73.84896,C1_shivajinagar_kasarwadi,3.33,True,37_204,4,test,train
c001_023,2019-20,3071.9818533304942,263.7162104959588,2529.577424864688,4742.874543314287,891.1410033083879,3905.4489728597055,0.0013796260835913,0.0013942890404817,5.972914095387735e-05,0.04293647504668121,0.000220973997031775,4.009581178116497,1660.6745407238166,0.5512408049175876,301.75976181030273,2829075.3125,45.001778539021814,0.1299950774560152,0.0845741231082744,2.0700985747509257,6.432412671034408,16.116101609582614,24.61861285536795,0.0,0.5153268460005612,-0.8569937233090531,8,379500.0,2047500.0,18.51459,73.85844,C1_shivajinagar_kasarwadi,3.29,True,37_204,4,test,train
c001_024,2019-20,3059.6581659967,262.480823265576,2519.429669194562,4628.408792682235,837.5951039827556,3811.1938657193054,0.0013740915194879,0.0013606389111858,5.8714695134138504e-05,0.042901780394983866,0.00021809611445105,4.009581178116497,1660.6745407238166,0.5512408049175876,301.75976181030273,2829075.3125,40.63832597777671,0.1978063176832974,0.0433610832712196,2.027002261340112,3.74104532359654,15.827139122021634,21.595186706958287,0.0,0.5153268460005612,-0.8569937233090531,8,380500.0,2047500.0,18.51464,73.86791,C1_shivajinagar_kasarwadi,3.55,True,38_204,4,test,train
c001_025,2019-20,3008.514470072171,257.8276686421997,2477.316159150688,4413.733926261677,795.7802372112917,3634.423063771192,0.0013511229017429,0.0012975297543267,5.761450490587773e-05,0.042925668440520835,0.0002174002794501125,4.009581178116497,1660.6745407238166,0.5512408049175876,302.15086023131414,2817595.8838619404,31.971490121839963,0.2602464762578709,0.0225248823318068,2.97068741736691,2.2265158105827623,13.758045766472224,18.955248994421897,0.0,0.5153268460005612,-0.8569937233090531,8,381500.0,2047500.0,18.5147,73.87738,C1_shivajinagar_kasarwadi,4.05,True,38_204,4,test,train
c002_020,2019-20,2741.7010090469835,236.03293363225865,2257.612612748678,4589.587949411592,809.3415747426941,3779.227424040895,0.0012312970603615,0.0013492265333503,5.922698555921677e-05,0.042839654130565924,0.0002217268108029,4.009581178116497,1660.6745407238166,0.5512408049175876,301.75976181030273,2829075.3125,20.305920041643635,0.3314941871128357,0.0009030358943493,2.241174687355649,2.231973106692205,7.637258777266378,12.110406571314233,0.0,0.5153268460005612,-0.8569937233090531,8,376500.0,2048500.0,18.52345,73.82996,C1_shivajinagar_kasarwadi,5.01,True,37_204,4,test,train
c002_021,2019-20,2830.821170966356,244.03197903983812,2330.9972746558187,4438.545826928387,877.3826235569381,3654.854051580072,0.0012713208970338,0.001304823845886,5.9798164164114776e-05,0.04284389625624736,0.000221198780353575,4.009581178116497,1660.6745407238166,0.5512408049175876,301.75976181030273,2829075.3125,21.953828136529776,0.3179918749590342,-0.0124567922137868,1.1813910236763987,3.921727991361015,7.58879689232283,12.691915907360244,0.0,0.5153268460005612,-0.8569937233090531,8,377500.0,2048500.0,18.52351,73.83943,C1_shivajinagar_kasarwadi,4.57,True,37_204,4,test,train
c002_022,2019-20,2904.101540626817,250.01984000369708,2391.338896979491,4257.12200681734,895.8160524630099,3505.4633254636165,0.0013042310879873,0.0012514896828688,6.0182665615066076e-05,0.042882563279695536,0.0002208397994753625,4.009581178116497,1660.6745407238166,0.5512408049175876,301.75976181030273,2829075.3125,35.19662896267561,0.3424859826297558,-0.0502267067371953,2.522959223205437,5.857001662608793,10.121213896341942,18.50117478215617,0.0,0.5153268460005612,-0.8569937233090531,8,378500.0,2048500.0,18.52356,73.8489,C1_shivajinagar_kasarwadi,4.32,True,37_204,4,test,train
c002_023,2019-20,2944.5066977066904,253.36884289055925,2424.609918123887,4173.457811097026,870.259424792995,3436.571297167902,0.0013223770313166,0.0012268944568917,5.996066715943246e-05,0.04288965141143317,0.00021902340522725,4.009581178116497,1660.6745407238166,0.5512408049175876,301.75976181030273,2829075.3125,50.0249739699609,0.2159790389115177,0.0067328592155949,1.17975696046992,5.569177254987277,13.007167103532048,19.756101318989245,0.0,0.5153268460005612,-0.8569937233090531,8,379500.0,2048500.0,18.52362,73.85838,C1_shivajinagar_kasarwadi,4.29,True,37_204,4,test,train
c002_024,2019-20,2931.8141862756315,252.0367411764715,2414.158459777532,4112.1427896292025,806.1234340505507,3386.0823615181203,0.0013166768284271,0.00120886934118,5.890108849208342e-05,0.042862341940839314,0.00021975392273201248,4.009581178116497,1660.6745407238166,0.5512408049175876,301.75976181030273,2829075.3125,44.06816958136196,0.2898090714554232,-0.0161621129182812,3.8248654702827576,5.428803248657088,8.588029025352945,17.84169774429279,0.0,0.5153268460005612,-0.8569937233090531,8,380500.0,2048500.0,18.52368,73.86785,C1_shivajinagar_kasarwadi,4.49,True,38_204,4,test,train
c002_025,2019-20,2891.530448324808,248.4273229983941,2380.98741939554,3974.439812792712,753.5618578096448,3272.692908659013,0.0012985854143905,0.0011683880360788,5.7833938201154766e-05,0.04291319255611836,0.00021757740074231248,4.009581178116497,1660.6745407238166,0.5512408049175876,302.1463770919971,2817727.4719101125,36.97926065207109,0.3530243212688131,-0.0347954780363679,0.8974654328791065,8.201886097811963,3.8498184423699247,12.949169973060997,0.014992415162561,0.5153268460005612,-0.8569937233090531,8,381500.0,2048500.0,18.52374,73.87732,C1_shivajinagar_kasarwadi,4.89,True,38_204,4,test,train
c003_019,2019-20,2551.9855649884767,219.2799834439555,2101.3942731389266,4091.517303742746,725.8270352178567,3369.098614228506,0.0011460959141375,0.0012028059531094,5.8097919216430223e-05,0.04285910452974656,0.0002167400780227375,4.009581178116497,1660.6745407238166,0.5512408049175876,301.75976181030273,2829075.3125,14.122889812320427,0.2578396890014093,0.0978949476924478,0.0,0.3400413805256646,5.673911531133272,6.0139529116589365,0.0,0.5153268460005612,-0.8569937233090531,8,375500.0,2049500.0,18.53243,73.82042,C1_shivajinagar_kasarwadi,6.39,True,37_204,4,test,train
c003_020,2019-20,2642.38990998563,227.38901226475252,2175.8363763585626,4058.7687589453694,776.362744394033,3342.1323157372567,0.0011866964770259,0.0011931786824141,5.859343860281999e-05,0.042846943377699113,0.0002191027956506125,4.009581178116497,1660.6745407238166,0.5512408049175876,301.75976181030273,2829075.3125,26.2192761128033,0.3092956792972052,-0.0226918372464463,2.0148435961633244,3.989321828984449,13.37337742556628,19.37754285071405,0.0,0.5153268460005612,-0.8569937233090531,8,376500.0,2049500.0,18.53248,73.8299,C1_shivajinagar_kasarwadi,5.89,True,37_204,4,test,train
c003_021,2019-20,2716.489574964358,234.3553469211231,2236.8526351352907,3844.911610677505,834.6652893075739,3166.03485154884,0.001219974613249,0.0011303099146793,5.927267109449567e-05,0.042869402720526424,0.0002185236668058625,4.009581178116497,1660.6745407238166,0.5512408049175876,301.75976181030273,2829075.3125,22.898954028511046,0.3942386033440774,-0.0774307955075753,3.0623147449720136,4.23091659747169,8.130969775746763,15.424201118190467,0.0,0.5153268460005612,-0.8569937233090531,8,377500.0,2049500.0,18.53254,73.83937,C1_shivajinagar_kasarwadi,5.51,True,37_204,4,test,train
c003_022,2019-20,2777.757366609814,239.84754231350885,2287.3026800955618,3649.827487025019,844.8590525817539,3005.395753174664,0.0012474899591962,0.0010729599567379,5.974629795717187e-05,0.04290807651476694,0.0002175113208604125,4.009581178116497,1660.6745407238166,0.5512408049175876,301.75976181030273,2829075.3125,38.15025076199895,0.3467081685243326,-0.0410610876123115,7.270803208443361,1.0015497977105456,6.9657431837919965,15.238096189945905,0.0247987835916559,0.5153268460005612,-0.8569937233090531,8,378500.0,2049500.0,18.5326,73.84884,C1_shivajinagar_kasarwadi,5.31,True,37_204,4,test,train
c003_023,2019-20,2808.0239106916265,242.57478721325475,2312.22521228924,3576.409599114989,822.4640799087844,2944.940893509034,0.0012610826546186,0.001051376894493,5.9524023302801056e-05,0.04288091415077017,0.0002166824866196875,4.009581178116497,1660.6745407238166,0.5512408049175876,301.75976181030273,2829075.3125,32.28887812251285,0.3248012986090795,-0.0643684695001934,7.828866335300509,0.0,2.7453138903992875,10.574180225699797,0.0062513801901463,0.5153268460005612,-0.8569937233090531,8,379500.0,2049500.0,18.53266,73.85832,C1_shivajinagar_kasarwadi,5.29,True,37_204,4,test,train
c003_024,2019-20,2793.402274258696,241.02874697807903,2300.18524486716,3540.324378924895,760.1079398477526,2915.2270596642243,0.001254516082298,0.0010407687228926,5.8557766746071727e-05,0.04285295051403583,0.000218762190067125,4.009581178116497,1660.6745407238166,0.5512408049175876,301.75976181030273,2829075.3125,35.52875196157139,0.3468352002985082,-0.0563223272515768,2.4325759913141995,0.0,1.8596238767189148,4.292199868033114,0.040603420237507,0.5153268460005612,-0.8569937233090531,8,380500.0,2049500.0,18.53271,73.86779,C1_shivajinagar_kasarwadi,5.45,True,38_204,4,test,train
c003_025,2019-20,2760.5262623418075,237.8156381047564,2273.113985486385,3464.054645883739,712.5731445652367,2852.423890858979,0.001239751475692,0.0010183472879741,5.788922991860698e-05,0.04288065612882966,0.0002192262511643,4.009581178116497,1660.6745407238166,0.5512408049175876,302.1582089906098,2817380.1848118287,36.140677307990394,0.3241360861834476,-0.0357361655352459,3.1885640195729934,3.870592689880167,6.123105957574874,13.182262667028034,0.0,0.5153268460005612,-0.8569937233090531,8,381500.0,2049500.0,18.53277,73.87726,C1_shivajinagar_kasarwadi,5.79,True,38_204,4,test,train
c004_019,2019-20,2443.5459318369067,209.7703520897577,2012.1012821391812,3711.928220382659,695.2131857104316,3056.531671506578,0.0010973957090146,0.001091216052516,5.7023337476341075e-05,0.0427887377862804,0.000214717677397525,4.009581178116497,1660.6745407238166,0.5512408049175876,301.75976181030273,2829075.3125,16.61278149219063,0.3980826744678951,-0.0209009956402024,1.138446699459573,3.917745401323004,1.5697850427312443,6.625977143513822,0.0,0.5153268460005612,-0.8569937233090531,8,375500.0,2050500.0,18.54146,73.82036,C1_shivajinagar_kasarwadi,7.24,True,37_205,0,test,train
c004_020,2019-20,2515.6507931879305,216.16223964923972,2071.474949759908,3584.439482621679,750.4257004951864,2951.552980758441,0.0011297779795563,0.0010537374837237,5.741672478480259e-05,0.04280617340806438,0.000213317064499475,4.009581178116497,1660.6745407238166,0.5512408049175876,301.75976181030273,2829075.3125,22.591330280245803,0.3619892507975821,-0.0092006711919705,7.107221916134072,0.9909669903497176,4.213245410726308,12.311434317210097,0.0,0.5153268460005612,-0.8569937233090531,8,376500.0,2050500.0,18.54152,73.82984,C1_shivajinagar_kasarwadi,6.8,True,37_205,0,test,train
c004_021,2019-20,2575.21045554701,221.6672565576174,2120.5184612548574,3293.4443941734967,797.091339315663,2711.937435605729,0.0011565262051786,0.0009681920494197,5.814487918105295e-05,0.04287023516187779,0.0002114792796084,4.009581178116497,1660.6745407238166,0.5512408049175876,301.75976181030273,2829075.3125,19.58528983379594,0.3299198935855329,-0.0008390755542564,0.7010100563694439,2.475330146444078,6.810246883690003,9.986587086503524,0.0,0.5153268460005612,-0.8569937233090531,8,377500.0,2050500.0,18.54158,73.83931,C1_shivajinagar_kasarwadi,6.48,True,37_205,0,test,train
c004_022,2019-20,2622.7102459081466,226.250512154094,2159.6314518648346,3051.141351954024,806.5042558890158,2512.4166262917315,0.0011778583460818,0.0008969608850368,5.871464349167229e-05,0.04290179616605359,0.0002103516946945875,4.009581178116497,1660.6745407238166,0.5512408049175876,301.75976181030273,2829075.3125,31.6258216830557,0.3034144278354072,-0.0034738223666929,2.030047731909886,4.41590485417465,3.377267564052706,9.823220150137244,0.1087823792172994,0.5153268460005612,-0.8569937233090531,8,378500.0,2050500.0,18.54164,73.84878,C1_shivajinagar_kasarwadi,6.3,True,37_205,0,test,train
c004_023,2019-20,2643.5157013019216,228.51467827638996,2176.7633923484887,2951.2406932574377,793.51759309409,2430.154925854268,0.0011872020695517,0.0008675925363096,5.8576566671579936e-05,0.04285422287111657,0.000210247594000625,4.009581178116497,1660.6745407238166,0.5512408049175876,301.75976181030273,2829075.3125,16.534096574783323,0.3697316542343009,-0.0272775978094288,0.0225033687612142,0.0,2.95618127319816,2.9786846419593744,0.0,0.5153268460005612,-0.8569937233090531,8,379500.0,2050500.0,18.54169,73.85826,C1_shivajinagar_kasarwadi,6.28,True,37_205,0,test,train
c004_024,2019-20,2630.413881021258,227.21953232428797,2165.9748947632343,2910.1996773803803,740.8214843095456,2396.360316311388,0.0011813180461868,0.0008555274820635,5.788107874229824e-05,0.04282355284735734,0.0002119279585473,4.009581178116497,1660.6745407238166,0.5512408049175876,301.75976181030273,2829075.3125,19.203840232262248,0.3380622663903716,-0.0213108930208957,2.159471788242409,0.0,3.2925735316907625,5.452045319933172,0.0,0.5153268460005612,-0.8569937233090531,8,380500.0,2050500.0,18.54175,73.86773,C1_shivajinagar_kasarwadi,6.42,True,38_205,4,test,train
c004_025,2019-20,2602.401598429718,224.3125958292549,2142.9086004146307,2878.0667016256352,706.9905737659286,2369.900898924269,0.0011687377388903,0.0008460811736015,5.7417250226862894e-05,0.04283169117423977,0.0002127507079843875,4.009581178116497,1660.6745407238166,0.5512408049175876,302.1196937429039,2818510.675281142,29.97839886961034,0.3462235894101367,-0.0852353640223878,3.180138116690494,0.328195193996187,9.192355154238829,12.70068846492551,0.0,0.5153268460005612,-0.8569937233090531,8,381500.0,2050500.0,18.54181,73.8772,C1_shivajinagar_kasarwadi,6.71,True,38_205,4,test,train
c005_019,2019-20,2327.105542710152,199.59167657916623,1916.2201885193845,3303.311231433662,669.5535247981186,2720.0621348975133,0.0010451023669011,0.0009710926580971,5.638894373873879e-05,0.04268860867798156,0.00021732172986371252,4.009581178116497,1660.6745407238166,0.5512408049175876,301.75976181030273,2829075.3125,20.685065016114102,0.3734469778721411,-0.0259469759629167,3.379579485081584,0.2601104100537756,4.878189772571935,8.517879667707295,0.0029222226294266,0.5153268460005612,-0.8569937233090531,8,375500.0,2051500.0,18.5505,73.8203,C1_shivajinagar_kasarwadi,8.12,True,37_205,0,test,train
c005_020,2019-20,2377.23816159679,203.8889186251417,1957.5011423269405,3092.152705923201,720.8766112522212,2546.186811181038,0.0010676169102665,0.000909017219408,5.652192111191094e-05,0.0427258386733351,0.0002136659582905,4.009581178116497,1660.6745407238166,0.5512408049175876,301.75976181030273,2829075.3125,18.9147437764715,0.4131429924665266,-0.0146336802600361,0.143954190428346,0.0,1.9431960322373325,2.087150222665678,0.001785482088019,0.5153268460005612,-0.8569937233090531,8,376500.0,2051500.0,18.55056,73.82977,C1_shivajinagar_kasarwadi,7.73,True,37_205,0,test,train
c005_021,2019-20,2419.602825832937,207.85856459770488,1992.38569027684,2715.2118853308066,755.8140534019334,2235.800540752145,0.001086642867643,0.0007982058432557,5.705676032500924e-05,0.04281018227877378,0.0002114901364515625,4.009581178116497,1660.6745407238166,0.5512408049175876,301.75976181030273,2829075.3125,21.82153052902515,0.3175450608654912,0.0363056124426629,0.0,2.023496865712475,7.717482535788198,9.740979401500674,0.0,0.5153268460005612,-0.8569937233090531,8,377500.0,2051500.0,18.55062,73.83925,C1_shivajinagar_kasarwadi,7.45,True,37_205,0,test,train
c005_022,2019-20,2454.3522759819757,211.57824760578848,2020.999604297253,2402.278185797811,768.424261179673,1978.11997504182,0.0011022488347695,0.0007062109942097,5.7377298438579665e-05,0.04282320186415242,0.0002101330111656125,4.009581178116497,1660.6745407238166,0.5512408049175876,301.75976181030273,2829075.3125,20.715633072216328,0.419143435038954,-0.0451650357340725,2.2270719660991323,1.916104740253864,9.772316366158304,13.9154930725113,0.0,0.5153268460005612,-0.8569937233090531,8,378500.0,2051500.0,18.55067,73.84872,C1_shivajinagar_kasarwadi,7.3,True,37_205,0,test,train
c005_023,2019-20,2470.04901526002,213.55880246723817,2033.9248490472116,2249.705217868516,765.4320258544418,1852.486050837441,0.0011092982354395,0.0006613582756495,5.710710159379241e-05,0.042776339304932236,0.0002080977937071,4.009581178116497,1660.6745407238166,0.5512408049175876,301.75976181030273,2829075.3125,18.453681924941442,0.4110661737616755,-0.0573592407959198,0.3557821906628565,2.9608832839213908,2.002396394096285,5.319061868680532,0.0,0.5153268460005612,-0.8569937233090531,8,379500.0,2051500.0,18.55073,73.8582,C1_shivajinagar_kasarwadi,7.28,True,37_205,0,test,train
c005_024,2019-20,2462.902266415395,212.9404310233718,2028.039965801908,2182.484422375745,729.4584275746236,1797.1340940621728,0.0011060886327825,0.0006415970069101,5.665566805701755e-05,0.042773826574360664,0.000207204726323675,4.009581178116497,1660.6745407238166,0.5512408049175876,301.75976181030273,2829075.3125,24.144128706860016,0.3338294802709203,-0.0175931830004712,3.0392768671360155,1.82862309951742,1.0126995794760598,5.880599546129495,0.0,0.5153268460005612,-0.8569937233090531,8,380500.0,2051500.0,18.55079,73.86767,C1_shivajinagar_kasarwadi,7.4,True,38_205,4,test,train
c005_025,2019-20,2440.702816859575,210.53207879308653,2009.760161713891,2172.401784621669,715.458401711825,1788.831697087351,0.001096118866973,0.0006386329581689,5.647090646309521e-05,0.04278975868646798,0.0002080836202373375,4.009581178116497,1660.6745407238166,0.5512408049175876,302.13012016353326,2818204.6414412316,44.61692918190829,0.2771562172262776,0.0237288081041008,1.720406760255234,5.528207679269395,10.943812087428933,18.19242652695356,0.0142657088664962,0.5153268460005612,-0.8569937233090531,8,381500.0,2051500.0,18.55084,73.87714,C1_shivajinagar_kasarwadi,7.65,True,38_205,4,test,train
c006_018,2019-20,2204.7410145866247,189.90823261060996,1815.460951413242,2977.461514272173,672.2832787171953,2451.7460680116947,0.0009901484958284,0.0008753008159698,5.5910792987866335e-05,0.04259617428314774,0.0002242024247781625,4.009581178116497,1660.6745407238166,0.5512408049175876,301.75976181030273,2829075.3125,24.30577472909805,0.3598513281886311,-0.0487289904802469,1.5515367874988903,4.448511480421868,7.268753474092978,13.268801742013736,0.0,0.5153268460005612,-0.8569937233090531,8,374500.0,2052500.0,18.55947,73.81076,C1_shivajinagar_kasarwadi,9.47,True,37_205,0,test,gap
c006_019,2019-20,2233.9146305188656,191.8671554171862,1839.48352829919,2936.424657574244,659.6214864480439,2417.954883282544,0.0010032503575627,0.0008632369844206,5.550403126693198e-05,0.042607153106372524,0.000220594153374375,4.009581178116497,1660.6745407238166,0.5512408049175876,301.75976181030273,2829075.3125,17.22526665129116,0.3693311185224266,-0.004863340402715,3.3559956665324706,0.1466881213670362,1.5452278972222682,5.047911685121775,0.0266158829932779,0.5153268460005612,-0.8569937233090531,8,375500.0,2052500.0,18.55953,73.82024,C1_shivajinagar_kasarwadi,9.03,True,37_205,0,test,gap
c006_020,2019-20,2260.5991995151194,194.01920565597456,1861.4565367829437,2675.9782240285585,697.6304540233637,2203.4941702515,0.0010152343891014,0.0007866721070221,5.548205019615426e-05,0.04265957577777324,0.00021686099799686249,4.009581178116497,1660.6745407238166,0.5512408049175876,301.75976181030273,2829075.3125,18.657225335372665,0.3889515021582999,-0.0312480059532594,2.020476838378804,0.6934754331161743,4.405049166342086,7.119001437837064,0.0,0.5153268460005612,-0.8569937233090531,8,376500.0,2052500.0,18.55959,73.82971,C1_shivajinagar_kasarwadi,8.68,True,37_205,0,test,train
c006_021,2019-20,2283.5129112250656,196.2681426644872,1880.32448933888,2261.02696253545,717.309680371805,1861.808771832199,0.0010255249298195,0.0006646865914977,5.573799060265627e-05,0.04274375454800771,0.0002147358622745625,4.009581178116497,1660.6745407238166,0.5512408049175876,301.75976181030273,2829075.3125,21.848768201160738,0.3289622307011201,0.0158032098299033,3.234698897491623,1.3017087427997809,3.2263966436398706,7.762804283931275,0.0,0.5153268460005612,-0.8569937233090531,8,377500.0,2052500.0,18.55965,73.83919,C1_shivajinagar_kasarwadi,8.43,True,37_205,0,test,train
c006_022,2019-20,2303.4501376358867,198.7763253145124,1896.7414996765397,1888.5300676210063,728.3647751628499,1555.0817854125958,0.0010344787319265,0.0005551816207358,5.567514810087927e-05,0.04273371031798625,0.0002132001986859,4.009581178116497,1660.6745407238166,0.5512408049175876,301.75976181030273,2829075.3125,22.629080984284492,0.3403354538038298,0.0224617434419316,3.781773001939698,2.39742787088371,5.184125006026672,11.36332587885008,0.0,0.5153268460005612,-0.8569937233090531,8,378500.0,2052500.0,18.55971,73.84866,C1_shivajinagar_kasarwadi,8.29,True,37_205,0,test,train
c006_023,2019-20,2311.014652038109,200.1258896587765,1902.9703857102184,1653.1564009621795,724.6249919042328,1361.2668665704498,0.001037875952964,0.000485987523181,5.525139261555425e-05,0.04269318790641771,0.0002098365516011,4.009581178116497,1660.6745407238166,0.5512408049175876,301.75976181030273,2829075.3125,18.580523985851883,0.464279722318868,-0.0576704637308367,2.5321732075281207,1.082620121839832,0.8858094528845185,4.500602782252472,0.0,0.5153268460005612,-0.8569937233090531,8,379500.0,2052500.0,18.55977,73.85814,C1_shivajinagar_kasarwadi,8.28,True,37_205,0,test,train
c006_024,2019-20,2305.2629717942496,199.81813077309252,1898.2342507997423,1507.344066191405,698.4575918048828,1241.1998844354216,0.0010352928751765,0.0004431222653123,5.506960876614212e-05,0.04271471341090161,0.00020611435441082501,4.009581178116497,1660.6745407238166,0.5512408049175876,301.75976181030273,2829075.3125,15.262913308620066,0.5742884702118596,-0.1523161502959733,0.0,0.1231838535610657,0.0839814511337182,0.207165304694784,0.0,0.5153268460005612,-0.8569937233090531,8,380500.0,2052500.0,18.55982,73.86761,C1_shivajinagar_kasarwadi,8.39,True,38_205,4,test,train
c006_025,2019-20,2285.6337765221947,197.73627078027735,1882.0708840875925,1458.3672715792502,700.4019079587847,1200.8706768071847,0.001026477409757,0.0004287242863352,5.5008386994355784e-05,0.042738746720023375,0.000205821801469525,4.009581178116497,1660.6745407238166,0.5512408049175876,302.1241944298815,2818378.5721781715,24.6705229594202,0.4186866718422722,-0.078026707039543,2.091060705385367,2.889550844603761,7.302373310345118,12.282984860334246,0.0,0.5153268460005612,-0.8569937233090531,8,381500.0,2052500.0,18.55988,73.87709,C1_shivajinagar_kasarwadi,8.61,True,38_205,4,test,train
c007_018,2019-20,2171.571803806638,187.4063365136608,1788.1482618221012,2836.011604393668,676.5461129439852,2335.271259285239,0.0009752522137053,0.0008337180042552,5.511033379245446e-05,0.042509706493129525,0.0002262042605071625,4.009581178116497,1660.6745407238166,0.5512408049175876,301.75976181030273,2829075.3125,20.060117595677255,0.3450391341828454,-0.0277893817219715,3.276129994217284,1.9945292728122204,7.28351137428587,12.554170641315372,0.0075523300558943,0.5153268460005612,-0.8569937233090531,8,374500.0,2053500.0,18.56851,73.8107,C1_shivajinagar_kasarwadi,10.36,True,37_205,0,test,gap
c007_019,2019-20,2174.217799441162,187.11376336297903,1790.3270672783003,2717.2877490666547,669.4190089336093,2237.5098796395487,0.0009764405295121,0.0007988160963902,5.468416161006484e-05,0.0425327019763309,0.0002218755974379375,4.009581178116497,1660.6745407238166,0.5512408049175876,301.75976181030273,2829075.3125,17.521720117422554,0.3142925917896811,-0.0187967784858087,0.0,1.974036175149284,8.65073688186898,10.624773057018263,0.0,0.5153268460005612,-0.8569937233090531,8,375500.0,2053500.0,18.56857,73.82018,C1_shivajinagar_kasarwadi,9.95,True,37_205,0,test,gap
c007_020,2019-20,2177.261235102159,187.3213404134317,1792.8331387688402,2435.974807291706,689.8079034179956,2005.866953082317,0.0009778073355097,0.000716116976251,5.4513831575732216e-05,0.04260727442112462,0.0002197507656137875,4.009581178116497,1660.6745407238166,0.5512408049175876,301.75976181030273,2829075.3125,19.807302790540994,0.3442852734210048,-0.0442004668366454,0.0,3.744782605621488,10.048196641206356,13.792979246827844,0.0,0.5153268460005612,-0.8569937233090531,8,376500.0,2053500.0,18.56863,73.82965,C1_shivajinagar_kasarwadi,9.63,True,37_205,0,test,gap
c007_021,2019-20,2180.049127255667,187.65906753985317,1795.1287867873418,2053.5498191545653,694.4721536827537,1690.9648270664757,0.0009790593769985,0.000603693389058,5.441773960831007e-05,0.0426887530725016,0.0002177080113007125,4.009581178116497,1660.6745407238166,0.5512408049175876,301.75976181030273,2829075.3125,22.592466369489347,0.3316615142156705,-0.0014441269738588,3.241628874461827,0.1595516644027096,5.107532204909012,8.508712743773549,0.14822359745727,0.5153268460005612,-0.8569937233090531,8,377500.0,2053500.0,18.56869,73.83913,C1_shivajinagar_kasarwadi,9.41,True,37_205,0,test,train
c007_022,2019-20,2181.717775344433,188.3680347996656,1796.5028100520983,1682.0314395901246,702.1492508975737,1385.0435844492215,0.00097980876633,0.0004944760778612,5.402380681061869e-05,0.042666461461816275,0.0002152270139270625,4.009581178116497,1660.6745407238166,0.5512408049175876,301.75976181030273,2829075.3125,29.213615778209725,0.3048070689272192,0.0031236962706781,0.9304167601908322,0.1358207182530652,12.404328881756282,13.47056636020018,0.0,0.5153268460005612,-0.8569937233090531,8,378500.0,2053500.0,18.56875,73.8486,C1_shivajinagar_kasarwadi,9.29,True,37_205,0,test,train
c007_023,2019-20,2174.6418918130234,188.54255871360368,1790.6762797870774,1374.6422730709262,693.0624483219719,1131.9285813667852,0.0009766309892628,0.0004041111858266,5.351342772224613e-05,0.04263617707527467,0.000211276372422275,4.009581178116497,1660.6745407238166,0.5512408049175876,301.75976181030273,2829075.3125,18.608978082129738,0.3394845993796133,0.0403898505610127,0.0,2.0055931280650388,2.968003147551772,4.973596275616811,0.0,0.5153268460005612,-0.8569937233090531,8,379500.0,2053500.0,18.5688,73.85808,C1_shivajinagar_kasarwadi,9.28,True,37_205,0,test,train
c007_024,2019-20,2162.544405974234,187.8681100831513,1780.7147863484863,1135.9737338862635,670.9032103675098,935.4005491154164,0.0009711980121796,0.0003339484763866,5.352615672728913e-05,0.04265522504227736,0.0002057813383785,4.009581178116497,1660.6745407238166,0.5512408049175876,301.75976181030273,2829075.3125,14.76502400064871,0.4154780208589916,0.006306939821683,0.0,2.035821406458861,3.036086483374826,5.071907889833687,0.0,0.5153268460005612,-0.8569937233090531,8,380500.0,2053500.0,18.56886,73.86755,C1_shivajinagar_kasarwadi,9.37,True,38_205,4,test,train
c008_017,2019-20,2207.6264748505478,191.0443200814935,1817.8369404302505,2808.6143799497213,709.0721949998928,2312.711425351903,0.0009914443551249,0.0008256638907776,5.55956535313383e-05,0.04242268268143234,0.00022971158593226252,4.009581178116497,1660.6745407238166,0.5512408049175876,301.75976181030273,2829075.3125,14.957410494971079,0.2497736631912394,0.1107917650005404,2.905996145590806,0.6055280434827497,0.0,3.511524189073556,0.0413671506658314,0.5153268460005612,-0.8569937233090531,8,373500.0,2054500.0,18.57749,73.80116,C1_shivajinagar_kasarwadi,11.71,True,37_205,0,test,gap
c008_018,2019-20,2170.6167586060155,187.1929299578513,1787.3618441625697,2812.1787101156515,683.2385091204878,2315.646419617161,0.0009748233032062,0.0008267117166144,5.5204907010329204e-05,0.04242941454014671,0.0002256887691827625,4.009581178116497,1660.6745407238166,0.5512408049175876,301.75976181030273,2829075.3125,18.8005873151911,0.2662712135280751,0.0499631782439857,0.4784058092374953,2.23832849162404,9.910941678397146,12.62767597925868,0.0,0.5153268460005612,-0.8569937233090531,8,374500.0,2054500.0,18.57755,73.81064,C1_shivajinagar_kasarwadi,11.26,True,37_205,0,test,gap
c008_019,2019-20,2144.257392326997,184.57046255362988,1765.6566189833077,2623.9203438265963,685.1223190036627,2160.627888863012,0.0009629853201055,0.0007713683642869,5.477688281550084e-05,0.04245613982284554,0.0002222632491050875,4.009581178116497,1660.6745407238166,0.5512408049175876,301.75976181030273,2829075.3125,22.1716145430998,0.2575890200542952,0.0099510944713987,0.0,4.166156494894586,10.753792254270037,14.919948749164622,0.1110706063677752,0.5153268460005612,-0.8569937233090531,8,375500.0,2054500.0,18.57761,73.82011,C1_shivajinagar_kasarwadi,10.89,True,37_205,0,test,gap
c008_020,2019-20,2124.3675501473504,182.93633944256877,1749.2786264807771,2332.2514602063825,689.0644792405755,1920.4575171724064,0.0009540527982419,0.0006856248506925,5.432452349826884e-05,0.04253499744215909,0.00022155134167196249,4.009581178116497,1660.6745407238166,0.5512408049175876,301.75976181030273,2829075.3125,25.47149063599934,0.2576079948307672,0.0056613568471116,0.2837198081695211,2.920009054979628,12.84671773955916,16.05044660270831,0.118939326553386,0.5153268460005612,-0.8569937233090531,8,376500.0,2054500.0,18.57767,73.82959,C1_shivajinagar_kasarwadi,10.6,True,37_205,0,test,gap
c008_021,2019-20,2105.9872041220447,181.37348283001128,1734.1436059674213,2016.0171004089516,683.95579480025,1660.0590722262348,0.0009457981906261,0.0005926596883078,5.370053552555993e-05,0.04260964686598409,0.00021975870140025,4.009581178116497,1660.6745407238166,0.5512408049175876,301.75976181030273,2829075.3125,15.805768841523337,0.3818424173505386,-0.0134384171865927,4.613298694348337,0.2627122187611281,0.6210830188281173,5.497093931937583,0.0032707942628241,0.5153268460005612,-0.8569937233090531,8,377500.0,2054500.0,18.57772,73.83906,C1_shivajinagar_kasarwadi,10.4,True,37_205,0,test,gap
c008_022,2019-20,2085.60703265652,180.03094266843726,1717.3618591617976,1702.1103144163103,691.4944403902971,1401.5772330519756,0.0009366454620345,0.0005003787756576,5.289986575926375e-05,0.042585729155474476,0.0002149107880490375,4.009581178116497,1660.6745407238166,0.5512408049175876,301.75976181030273,2829075.3125,12.055812899686076,0.5251054945425723,-0.1175164870027968,0.0,0.0,0.5091339078550142,0.5091339078550142,0.0,0.5153268460005612,-0.8569937233090531,8,378500.0,2054500.0,18.57778,73.84854,C1_shivajinagar_kasarwadi,10.29,True,37_205,0,test,train
c008_023,2019-20,2060.87164532558,178.82690447099006,1696.9938751127404,1382.7774808096112,683.4691622356299,1138.6273962767928,0.0009255368073683,0.0004065027378039,5.235519625985411e-05,0.04257101050116983,0.0002089059756400875,4.009581178116497,1660.6745407238166,0.5512408049175876,301.75976181030273,2829075.3125,14.01412440030455,0.3896667211469799,-0.0083044073205266,0.0,0.4191313488486521,1.2196504811479454,1.6387818299965975,0.0,0.5153268460005612,-0.8569937233090531,8,379500.0,2054500.0,18.57784,73.85802,C1_shivajinagar_kasarwadi,10.28,True,37_205,0,test,train
c008_024,2019-20,2038.3682934023063,177.4467128705256,1678.4638271740832,1111.042638800454,670.7919525998298,914.8714124482038,0.0009154305591013,0.0003266193445852,5.2301224535372e-05,0.0425833504125005,0.0002029656871282875,4.009581178116497,1660.6745407238166,0.5512408049175876,301.75976181030273,2829075.3125,13.10253955191606,0.4283976020125609,-0.0548124011848742,0.0,0.0,2.4891609222270388,2.4891609222270388,0.0,0.5153268460005612,-0.8569937233090531,8,380500.0,2054500.0,18.5779,73.86749,C1_shivajinagar_kasarwadi,10.36,True,38_205,4,test,train
c009_017,2019-20,2263.592107951953,195.0287097312853,1863.9210023878736,2865.8284622875653,675.0602438319754,2359.823504125823,0.0010165785033386,0.0008424834307499,5.540860262772185e-05,0.04241423200109305,0.0002263405026744125,4.009581178116497,1660.6745407238166,0.5512408049175876,301.75976181030273,2829075.3125,19.09881863304213,0.2858728699372343,0.0519280389332833,0.407487989284379,0.5953523596026165,5.161834542940624,6.16467489182762,0.0,0.5153268460005612,-0.8569937233090531,8,373500.0,2055500.0,18.58652,73.8011,C1_shivajinagar_kasarwadi,12.59,True,37_205,0,test,gap
c009_018,2019-20,2201.705854542552,189.2586714137493,1812.9616943554524,2791.4527665348155,670.9779200643922,2298.579951944423,0.0009887854064077,0.0008206187964403,5.495476196064927e-05,0.04239498262298194,0.00022476724344942502,4.009581178116497,1660.6745407238166,0.5512408049175876,301.75976181030273,2829075.3125,15.571250954714419,0.2092231018929431,0.1170472936952325,0.0,0.657300307020773,10.471987800481529,11.1292881075023,0.0,0.5153268460005612,-0.8569937233090531,8,374500.0,2055500.0,18.58658,73.81057,C1_shivajinagar_kasarwadi,12.18,True,37_205,0,test,gap
c009_019,2019-20,2152.040274345599,184.95723553820295,1772.065316558554,2562.9261014161016,681.0162922134562,2110.403093921258,0.0009664806099708,0.0007534375497674,5.452307617120863e-05,0.042402214364121685,0.00022170658236868752,4.009581178116497,1660.6745407238166,0.5512408049175876,301.75976181030273,2829075.3125,19.734386214639073,0.1877638515701398,0.0438961548106886,0.0,4.26896761936219,20.464234485644184,24.733202105006374,0.0,0.5153268460005612,-0.8569937233090531,8,375500.0,2055500.0,18.58664,73.82005,C1_shivajinagar_kasarwadi,11.84,True,37_205,0,test,gap
c009_020,2019-20,2112.8451847675424,181.91994068748545,1739.7907073662143,2290.4549065175515,675.691813851882,1886.0407713398145,0.0009488781075758,0.0006733376868204,5.403924204746963e-05,0.04246785915928855,0.0002189342205385625,4.009581178116497,1660.6745407238166,0.5512408049175876,301.75976181030273,2829075.3125,22.520749818693062,0.259858486956083,0.0079293967728824,4.250444926037323,3.0761023055456302,9.994070347572258,17.32061757915521,0.0059482739655315,0.5153268460005612,-0.8569937233090531,8,376500.0,2055500.0,18.5867,73.82953,C1_shivajinagar_kasarwadi,11.57,True,37_205,0,test,gap
c009_021,2019-20,2070.0037453245245,178.27253033521683,1704.513566016478,2039.8559553555544,667.8857605789979,1679.6888201175427,0.000929638030604,0.0005996677282393,5.306103534894582e-05,0.042517310163220835,0.00021671501453145,4.009581178116497,1660.6745407238166,0.5512408049175876,301.75976181030273,2829075.3125,14.275322706866342,0.3796177733093758,0.0301337495193724,0.0469761023312347,0.0,0.0,0.0469761023312347,0.0,0.5153268460005612,-0.8569937233090531,8,377500.0,2055500.0,18.58676,73.839,C1_shivajinagar_kasarwadi,11.39,True,37_205,0,test,gap
c009_022,2019-20,2021.689740992347,174.47082717007606,1664.7301231126755,1775.9128506551715,675.8547067883962,1462.3488256202008,0.0009079402264626,0.0005220749150975,5.192688465456047e-05,0.042483537512425895,0.00021308441509035,4.009581178116497,1660.6745407238166,0.5512408049175876,301.75976181030273,2829075.3125,12.105161544365613,0.4846916535401004,-0.0514366881024259,0.0,0.0,0.8752062826804562,0.8752062826804562,0.0,0.5153268460005612,-0.8569937233090531,8,378500.0,2055500.0,18.58682,73.84848,C1_shivajinagar_kasarwadi,11.29,True,37_205,0,test,train
c009_023,2019-20,1976.203925866917,171.6303898835023,1627.2755102320316,1471.547302376699,674.8314147681971,1211.7235756705363,0.000887512561204,0.0004325988928268,5.156930135613929e-05,0.04247366243006559,0.0002065993283864625,4.009581178116497,1660.6745407238166,0.5512408049175876,301.75976181030273,2829075.3125,15.590193814077935,0.2778271149430136,0.0281007648696151,0.0,0.0,14.144903874434675,14.144903874434675,0.0,0.5153268460005612,-0.8569937233090531,8,379500.0,2055500.0,18.58688,73.85796,C1_shivajinagar_kasarwadi,11.28,True,37_205,0,test,train
c009_024,2019-20,1937.5297881058384,169.03609457960644,1595.4298710071548,1204.4857792701512,676.1666201853559,991.8157662647288,0.0008701440181061,0.0003540893409925,5.12847951656911e-05,0.04248483112157344,0.000201200587502425,4.009581178116497,1660.6745407238166,0.5512408049175876,301.75976181030273,2829075.3125,11.021180971657358,0.3199195591522523,0.0378336114589647,0.0,0.0,2.839295761349037,2.839295761349037,0.0,0.5153268460005612,-0.8569937233090531,8,380500.0,2055500.0,18.58693,73.86743,C1_shivajinagar_kasarwadi,11.36,True,38_205,4,test,train
c010_016,2019-20,2386.628465608103,205.2085311051277,1965.233447455592,3083.9994294616167,641.8248759754387,2539.473117851911,0.0010718340928429,0.0009066203556684,5.5580270992686414e-05,0.04253134033819759,0.0002223477414818125,4.009581178116497,1660.6745407238166,0.5512408049175876,301.75976181030273,2829075.3125,26.228416812584697,0.2307694774689754,0.0115055647960328,2.5169703603370848,2.683838641354116,13.060383582187104,18.261192583878305,0.0,0.5153268460005612,-0.8569937233090531,8,372500.0,2056500.0,18.5955,73.79156,C2_pcmc,13.94,True,37_205,0,test,test
c010_017,2019-20,2328.7523147691954,199.87232315087329,1917.5761982952688,3052.5623218133146,638.1601942402879,2513.5867026297733,0.0010458419317146,0.0008973786153992,5.503933447350603e-05,0.042498645219757984,0.00021845495576971248,4.009581178116497,1660.6745407238166,0.5512408049175876,301.75976181030273,2829075.3125,26.178849343465128,0.1990695293602213,0.0211963980297107,2.875247924888055,3.1247080319731806,12.93110374705576,18.931059703917,0.0,0.5153268460005612,-0.8569937233090531,8,373500.0,2056500.0,18.59556,73.80104,C1_shivajinagar_kasarwadi,13.5,True,37_205,0,test,gap
c010_018,2019-20,2260.2169968243816,193.81726890683595,1861.1418177043904,2897.2058861894207,641.4124056553177,2385.660773661284,0.0010150627419933,0.0008517076254583,5.4285564239879726e-05,0.042461849713921175,0.000217718832417775,4.009581178116497,1660.6745407238166,0.5512408049175876,301.75976181030273,2829075.3125,19.771355636333062,0.2154991074807857,0.0985430902494401,1.967368967904697,1.2601726055541345,7.630675775472495,10.858217348931326,0.0,0.5153268460005612,-0.8569937233090531,8,374500.0,2056500.0,18.59562,73.81051,C1_shivajinagar_kasarwadi,13.11,True,37_205,0,test,gap
c010_019,2019-20,2202.611703215483,189.13151747764311,1813.707601871444,2624.200862311043,656.6003457796023,2160.8588776055863,0.0009891922227617,0.000771450829856,5.358208157390767e-05,0.042418852444959514,0.000216614278818475,4.009581178116497,1660.6745407238166,0.5512408049175876,301.75976181030273,2829075.3125,24.680804550599234,0.2521094365419483,0.0108005375399042,0.0,3.601261825532812,15.015455208769016,18.61671703430183,0.0,0.5153268460005612,-0.8569937233090531,8,375500.0,2056500.0,18.59568,73.81999,C1_shivajinagar_kasarwadi,12.79,True,37_205,0,test,gap
c010_020,2019-20,2149.166055394989,185.1046130161932,1769.6985840325472,2379.288944486235,654.6696999346091,1959.1898287671984,0.0009651897991446,0.0006994527198938,5.2934400320394e-05,0.042430895084753326,0.000215973120003725,4.009581178116497,1660.6745407238166,0.5512408049175876,301.75976181030273,2829075.3125,20.827207354413787,0.3325362049267272,0.0005441104112583,4.57522036070846,0.0,5.387720286382891,9.96294064709135,0.1347154386439809,0.5153268460005612,-0.8569937233090531,8,376500.0,2056500.0,18.59574,73.82947,C1_shivajinagar_kasarwadi,12.55,True,37_205,0,test,gap
c010_021,2019-20,2080.838126386468,179.44144819201455,1713.4349747536291,2213.742447653559,651.0591632831591,1822.8730465898009,0.0009345037477294,0.0006507861013451,5.188329183078179e-05,0.042456531705582765,0.00021592911118621248,4.009581178116497,1660.6745407238166,0.5512408049175876,301.75976181030273,2829075.3125,8.708840637040062,0.4849865929659522,-0.0095190460625509,0.0,0.0,0.0,0.0,0.0,0.5153268460005612,-0.8569937233090531,8,377500.0,2056500.0,18.5958,73.83894,C1_shivajinagar_kasarwadi,12.38,True,37_205,0,test,gap
c010_022,2019-20,2002.283391543651,173.19987456451716,1648.7502554545265,1991.771730487544,658.7205654520523,1640.0945856703672,0.0008992248410323,0.0005855321429226,5.081670209894575e-05,0.04244144707373446,0.0002130889739501625,4.009581178116497,1660.6745407238166,0.5512408049175876,301.75976181030273,2829075.3125,8.490411565313494,0.4000963032972696,0.0463897169277207,0.0,0.0,0.770512021305201,0.770512021305201,0.0,0.5153268460005612,-0.8569937233090531,8,378500.0,2056500.0,18.59585,73.84842,C1_shivajinagar_kasarwadi,12.29,True,37_205,0,test,gap
c010_023,2019-20,1929.1034230754765,168.40003173825153,1588.4913069881766,1670.1511788584878,665.2852223675534,1375.2609617700955,0.0008663597402227,0.000490983571959,5.043668115662506e-05,0.04242542838186494,0.00020977023370728748,4.009581178116497,1660.6745407238166,0.5512408049175876,301.75976181030273,2829075.3125,10.511397790503464,0.2580378465002145,0.1054540775853844,0.0,0.0,6.468890686275909,6.468890686275909,0.0,0.5153268460005612,-0.8569937233090531,8,379500.0,2056500.0,18.59591,73.8579,C1_shivajinagar_kasarwadi,12.28,True,37_205,0,test,train
c011_015,2019-20,2469.1285400021216,212.70326577720616,2033.1668974890013,3251.9334402821128,667.9057719901244,2677.7558626467603,0.0011088848502909,0.0009559888448984,5.60013841288309e-05,0.042621291324499225,0.000228930278078475,4.009581178116497,1660.6745407238166,0.5512408049175876,301.75976181030273,2829075.3125,30.224288239893532,0.1523762218111704,0.0627539787355362,2.474952344234139,1.7928907732580472,21.185381553852505,25.45322467134469,0.0,0.5153268460005612,-0.8569937233090531,8,371500.0,2057500.0,18.60447,73.78202,C2_pcmc,15.3,True,37_205,0,test,test
c011_016,2019-20,2442.411976876489,209.3337980970712,2011.1675439188289,3272.9940604744997,653.9424319372532,2695.0979147603016,0.0010968864501987,0.0009621801518056,5.565817667227296e-05,0.0425099338116579,0.000221721899064775,4.009581178116497,1660.6745407238166,0.5512408049175876,301.75976181030273,2829075.3125,25.469024645205526,0.1924952018494666,0.0356234895626648,0.0,2.1634490345656805,20.11549008819411,22.27893912275979,0.0,0.5153268460005612,-0.8569937233090531,8,372500.0,2057500.0,18.60453,73.7915,C2_pcmc,14.83,True,37_205,0,test,test
c011_017,2019-20,2391.491741529983,204.83750138239785,1969.2380391394715,3167.2005073680643,636.2804396444812,2607.983798723409,0.001074018188529,0.0009310794363423,5.503668237955147e-05,0.04249745703110629,0.0002174166415621875,4.009581178116497,1660.6745407238166,0.5512408049175876,301.75976181030273,2829075.3125,22.54935516333367,0.2328927589324204,0.023909769555779,0.3036646312775459,3.522260485481433,8.587951576998412,12.413876693757391,0.0,0.5153268460005612,-0.8569937233090531,8,373500.0,2057500.0,18.60459,73.80097,C2_pcmc,14.41,True,37_205,0,test,test
c011_018,2019-20,2327.793454298032,199.6804132335156,1916.78663900838,2970.856477870388,627.4243989313497,2446.307249760131,0.0010454113077787,0.0008733590969168,5.4129282330632014e-05,0.0424965774392388,0.0002156538591693375,4.009581178116497,1660.6745407238166,0.5512408049175876,301.75976181030273,2829075.3125,16.087832063121777,0.3385055660028198,0.0288168006438303,0.510996202271724,0.1443327584831022,4.041010626076944,4.696339586831771,0.0,0.5153268460005612,-0.8569937233090531,8,374500.0,2057500.0,18.60465,73.81045,C1_shivajinagar_kasarwadi,14.05,True,37_205,0,test,gap
c011_019,2019-20,2272.099697912337,195.21778427354255,1870.9264498583595,2715.309894836744,623.2913737968963,2235.8812452111806,0.0010203992593125,0.0007982346556518,5.324837810106015e-05,0.042447378403623684,0.000213245709438975,4.009581178116497,1660.6745407238166,0.5512408049175876,301.75976181030273,2829075.3125,30.019079408800703,0.2723115658553622,-0.0053284582856211,8.581661934044797,2.0527113041918232,9.325115098713532,19.95948833695015,0.0231477164665112,0.5153268460005612,-0.8569937233090531,8,375500.0,2057500.0,18.60471,73.81993,C1_shivajinagar_kasarwadi,13.76,True,37_205,0,test,gap
c011_020,2019-20,2213.735888589323,190.65015139840983,1822.8676456266403,2556.0231341090603,613.7094052562267,2104.7189489301218,0.0009941880909123,0.0007514082463196,5.220627537944792e-05,0.042430911933426185,0.00021029133207775,4.009581178116497,1660.6745407238166,0.5512408049175876,301.75976181030273,2829075.3125,15.693281830409262,0.3128328633544348,0.0161370936420538,2.197564856490728,0.6347824932766383,2.541199077483433,5.373546427250799,0.0002594028233591,0.5153268460005612,-0.8569937233090531,8,376500.0,2057500.0,18.60477,73.8294,C1_shivajinagar_kasarwadi,13.53,True,37_205,0,test,gap
c011_021,2019-20,2128.785880602208,183.6737064720411,1752.916834487144,2505.635572882023,620.0999369253785,2063.2280666725605,0.0009560370690587,0.0007365955364843,5.074677425641017e-05,0.04243254744178155,0.0002073914769508125,4.009581178116497,1660.6745407238166,0.5512408049175876,301.75976181030273,2829075.3125,5.902253451158887,0.3387967769423766,-0.0245352595242785,0.0,0.0,0.0,0.0,0.0,0.5153268460005612,-0.8569937233090531,8,377500.0,2057500.0,18.60483,73.83888,C1_shivajinagar_kasarwadi,13.37,True,37_205,0,test,gap
c011_022,2019-20,2021.269996947029,175.3129155868508,1664.3844911682334,2380.357172218826,642.7900535590272,1960.06944488669,0.000907751719544,0.0006997667527038,4.9688276127057115e-05,0.04241942956703839,0.00020585695578503752,4.009581178116497,1660.6745407238166,0.5512408049175876,301.75976181030273,2829075.3125,6.929966388806324,0.2846791259724683,0.0134912616211837,0.0,0.0,0.0,0.0,0.0,0.5153268460005612,-0.8569937233090531,8,378500.0,2057500.0,18.60489,73.84836,C1_shivajinagar_kasarwadi,13.29,True,37_205,0,test,gap
c011_023,2019-20,1911.5400327064965,167.8765449878172,1574.0289963683103,2125.3623194746265,671.0946787443432,1750.097754377154,0.0008584720271351,0.0006248045066411,4.946856989359728e-05,0.04242479944120519,0.0002068249690798375,4.009581178116497,1660.6745407238166,0.5512408049175876,301.75976181030273,2829075.3125,10.321655588634945,0.2839866222628565,0.1361032638707433,0.0,0.0,0.0,0.0,0.0,0.5153268460005612,-0.8569937233090531,8,379500.0,2057500.0,18.60495,73.85783,C1_shivajinagar_kasarwadi,13.28,True,37_205,0,test,gap
c012_015,2019-20,2479.867738310384,213.8726132298475,2042.0099294139045,3246.744360827239,695.9269489375835,2673.482992925656,0.0011137078208715,0.0009544633825342,5.615548087454057e-05,0.0425625988651316,0.0002278412504346125,4.009581178116497,1660.6745407238166,0.5512408049175876,301.75976181030273,2829075.3125,29.912851733696172,0.1944751040216546,0.0419011844672979,2.030583424198469,2.385723516657277,18.07911061736704,22.495417558222783,0.0,0.5153268460005612,-0.8569937233090531,8,371500.0,2058500.0,18.61351,73.78195,C2_pcmc,16.18,True,37_205,0,test,test
c012_016,2019-20,2471.2697183351097,211.86790750314185,2034.9300187027104,3244.9258926889192,681.8877375049552,2671.9856025860804,0.0011098464528064,0.000953928797406,5.577495180435717e-05,0.04247407441197359,0.000220793594533525,4.009581178116497,1660.6745407238166,0.5512408049175876,301.75976181030273,2829075.3125,28.7752050498783,0.16620027103773,0.0687572127073812,0.4163606721954682,1.8073303421065912,24.287669252272813,26.511360266574872,0.0,0.5153268460005612,-0.8569937233090531,8,372500.0,2058500.0,18.61357,73.79143,C2_pcmc,15.73,True,37_205,0,test,test
c012_017,2019-20,2432.974096697523,208.52442555084684,2003.3960629078292,3090.507535549072,660.3083684221136,2544.832120288597,0.0010926479011804,0.0009085335795812,5.5032696472916365e-05,0.04245602220419981,0.00021805543380545,4.009581178116497,1660.6745407238166,0.5512408049175876,301.75976181030273,2829075.3125,26.593712413182825,0.1876035077166997,0.0457251919676265,0.0,1.9801937682735773,19.192464757125475,21.17265852539905,0.0,0.5153268460005612,-0.8569937233090531,8,373500.0,2058500.0,18.61363,73.80091,C2_pcmc,15.34,True,37_205,0,test,test
c012_018,2019-20,2378.076854745369,204.4159784270284,1958.1917516326996,2858.663179997824,645.5298440918415,2353.9233597928537,0.0010679935670956,0.0008403770131171,5.409639981625826e-05,0.042415196889505936,0.0002157163791177125,4.009581178116497,1660.6745407238166,0.5512408049175876,301.75976181030273,2829075.3125,17.210705574847953,0.3433988061509569,0.0372589536988401,1.7852711011391025,0.2706523779834737,2.636751065129137,4.692674544251714,0.1144383922036825,0.5153268460005612,-0.8569937233090531,8,374500.0,2058500.0,18.61369,73.81039,C1_shivajinagar_kasarwadi,15.0,True,37_205,0,test,gap
c012_019,2019-20,2329.6879686038674,200.84397023758515,1918.3466484250791,2624.8597655174594,617.123807873307,2161.401441577543,0.0010462621335573,0.000771644531273,5.3358644366198575e-05,0.042415230237132985,0.000214318529771875,4.009581178116497,1660.6745407238166,0.5512408049175876,301.75976181030273,2829075.3125,22.125119964922625,0.3515154153477349,-0.0173366500589561,6.724110912587691,0.910633740053173,3.995140792695722,11.629885445336589,0.0,0.5153268460005612,-0.8569937233090531,8,375500.0,2058500.0,18.61375,73.81986,C1_shivajinagar_kasarwadi,14.72,True,37_205,0,test,gap
c012_020,2019-20,2273.2710973784074,196.27869981007865,1871.891021195803,2541.7618593345064,590.4198322560379,2092.9757159157757,0.001020925334444,0.0007472157805608,5.219713668117612e-05,0.042451625427431985,0.0002138304657309875,4.009581178116497,1660.6745407238166,0.5512408049175876,301.75976181030273,2829075.3125,11.431249963047057,0.3264914881441285,0.0443899529655903,1.149278030072078,0.0,0.0,1.149278030072078,0.0,0.5153268460005612,-0.8569937233090531,8,376500.0,2058500.0,18.61381,73.82934,C1_shivajinagar_kasarwadi,14.51,True,37_205,0,test,gap
c012_021,2019-20,2181.3736644050723,188.49789032169048,1796.2194570554288,2599.1429717033056,601.4334938548809,2140.225333065816,0.0009796542262154,0.0007640844232743,5.047523599263019e-05,0.04245304546154646,0.0002115096847241125,4.009581178116497,1660.6745407238166,0.5512408049175876,301.75976181030273,2829075.3125,13.279064857504602,0.329805751482714,0.0467925557271974,2.009548984942492,0.0,0.3665033568827851,2.376052341825277,0.0815531943333467,0.5153268460005612,-0.8569937233090531,8,377500.0,2058500.0,18.61387,73.83882,C1_shivajinagar_kasarwadi,14.36,True,37_205,0,test,gap
c012_022,2019-20,2056.5399709719973,178.62692930891578,1693.4270227744655,2599.9603755948783,639.5546949407668,2140.8984120519035,0.0009235914537793,0.0007643247200136,4.946224621280192e-05,0.04247144130698944,0.0002101681719162875,4.009581178116497,1660.6745407238166,0.5512408049175876,301.75976181030273,2829075.3125,18.65329503005932,0.291809444004149,0.0462718499618303,2.8721040877328807,0.0,6.246774716400197,9.11887880413308,0.0108288409425104,0.5153268460005612,-0.8569937233090531,8,378500.0,2058500.0,18.61393,73.8483,C1_shivajinagar_kasarwadi,14.28,True,37_205,0,test,gap
c013_014,2019-20,2438.251710620291,212.11152908846543,2007.7418350098724,3079.3795053802733,698.4013951211493,2535.6689105946043,0.0010950180759323,0.0009052622110547,5.583059818556607e-05,0.042625965426432676,0.000227883234599275,4.009581178116497,1660.6745407238166,0.5512408049175876,301.693208694458,2833101.75,24.712205482462412,0.2792297256729085,0.0020131672127723,2.745716317047032,0.0,10.537840091225434,13.283556408272466,0.1185744910281187,0.5153268460005612,-0.8569937233090531,8,370500.0,2059500.0,18.62248,73.77241,C2_pcmc,17.53,True,37_205,0,test,test
c013_015,2019-20,2468.013709372667,213.1121574724229,2032.2489069124103,3286.4534886401734,711.2262224084005,2706.180879199875,0.001108384180206,0.0009661368942856,5.577393740095643e-05,0.04250315488490178,0.0002224103326666125,4.009581178116497,1660.6745407238166,0.5512408049175876,301.6934561038106,2833086.7818308547,28.570982376490637,0.277207027370287,-0.0031870051294371,0.0,1.1868349529233129,13.984696190344076,15.171531143267387,0.0,0.5153268460005612,-0.8569937233090531,8,371500.0,2059500.0,18.62255,73.78189,C2_pcmc,17.07,True,37_205,0,test,test
c013_016,2019-20,2481.892924297193,212.84598455498863,2043.6775384682455,3180.9154466336527,703.2083642487698,2619.2771599494886,0.0011146173312609,0.0009351112928323,5.53061696618127e-05,0.04243413601251824,0.00021909522896795,4.009581178116497,1660.6745407238166,0.5512408049175876,301.6899046390614,2833301.6440602834,30.741071305762425,0.2206546885232934,0.014550657627599,2.598805734504241,1.8941543114035373,15.997402570094629,20.490362616002407,0.0,0.5153268460005612,-0.8569937233090531,8,372500.0,2059500.0,18.62261,73.79137,C2_pcmc,16.64,True,37_205,0,test,test
c013_017,2019-20,2460.475578604266,210.5395768144404,2026.0417460866547,2949.3202320832484,683.5841159283412,2428.573550877625,0.0011049988080501,0.000867027967725,5.478822944774532e-05,0.04238685803839182,0.000217764770836775,4.009581178116497,1660.6745407238166,0.5512408049175876,301.6807446833634,2833855.8178003533,37.2194314512366,0.2052124037020837,0.0429052593159809,0.4844394344087733,6.134290136205792,13.830887646551725,20.44961721716629,0.0988821116838035,0.5153268460005612,-0.8569937233090531,8,373500.0,2059500.0,18.62267,73.80085,C2_pcmc,16.27,True,37_205,0,test,test
c013_018,2019-20,2419.558763809567,207.32385072607337,1992.3494080639452,2681.067522818558,665.6871738205324,2207.6848770792813,0.0010866230794022,0.0007881682363129,5.390764077606913e-05,0.04233502574088091,0.0002161119860873375,4.009581178116497,1660.6745407238166,0.5512408049175876,301.6765080998453,2834112.1294475663,28.536463155374904,0.3596992331383376,-0.0046331542508477,5.166802717255594,0.6763312018383931,3.785652453122579,9.628786372216569,0.2734059033815109,0.5153268460005612,-0.8569937233090531,8,374500.0,2059500.0,18.62273,73.81032,C2_pcmc,15.95,True,37_205,0,test,test
c013_019,2019-20,2379.7315626498284,204.6874142542654,1959.554296061576,2445.795564736461,630.4327760682997,2013.953708640587,0.0010687366958948,0.0007190040385904,5.299419340028183e-05,0.042364949288529664,0.0002160043462641875,4.009581178116497,1660.6745407238166,0.5512408049175876,301.67632208297505,2834123.3833955224,32.02969446013888,0.2631700907719426,0.0228940281897954,0.0,3.35083595716236,13.765615247144249,17.116451204306607,0.006038506730527,0.5153268460005612,-0.8569937233090531,8,375500.0,2059500.0,18.62279,73.8198,C1_shivajinagar_kasarwadi,15.69,True,37_205,0,test,gap
c013_020,2019-20,2322.4278621251974,200.3467590666393,1912.3684225346344,2381.2459425108727,598.0726768924093,1960.8012894658548,0.0010430016220224,0.0007000280294182,5.1703702617051416e-05,0.042429254436503375,0.00021491602798090001,4.009581178116497,1660.6745407238166,0.5512408049175876,301.676632267835,2834104.6173327137,26.082989065484576,0.2853169181187655,0.0197677475955978,1.5093573729989629,5.325702399322407,0.9127978143034612,7.747857586624831,0.7954279463758422,0.5153268460005612,-0.8569937233090531,8,376500.0,2059500.0,18.62285,73.82928,C1_shivajinagar_kasarwadi,15.49,True,37_205,0,test,gap
c013_021,2019-20,2222.5202857171435,192.1270576033324,1830.1010258113213,2467.876825306935,600.0860365880434,2032.1361917796287,0.000998133160898,0.00072549538879,5.017913430729104e-05,0.04244617942250046,0.0002105611003741125,4.009581178116497,1660.6745407238166,0.5512408049175876,301.67632208297505,2834123.383395523,28.44208798431732,0.2417083811566781,0.0419908396386928,2.6737610455888703,5.43822056525049,2.751187799542654,10.863169410382016,0.7877637662354847,0.5153268460005612,-0.8569937233090531,8,377500.0,2059500.0,18.6229,73.83876,C1_shivajinagar_kasarwadi,15.36,True,37_205,0,test,gap
c013_022,2019-20,2085.2647131509875,181.25242666330743,1717.07998129447,2529.3838011206944,630.6781109915387,2082.7831893592224,0.0009364917264523,0.0007435769343816,4.941880615102091e-05,0.04244859586701849,0.00020905384024425,4.009581178116497,1660.6745407238166,0.5512408049175876,301.67650809984525,2834112.1294475654,34.91507796468683,0.1701126992061547,0.0647070621984897,4.372134797934362,1.067618870618812,19.164677085550267,24.60443075410344,0.0001850658758723,0.5153268460005612,-0.8569937233090531,8,378500.0,2059500.0,18.62296,73.84824,C1_shivajinagar_kasarwadi,15.28,True,37_205,0,test,gap
c014_013,2019-20,2305.063138210218,201.5935614875672,1898.069700829388,2678.029648739225,675.3989624172652,2205.183385189825,0.0010352031299768,0.0007872751756813,5.4622280012069e-05,0.04260338972150288,0.00023017053581925,4.009581178116497,1660.6745407238166,0.5512408049175876,301.6266555786133,2837128.1875,18.863356692554945,0.3018627995005724,0.0058128646525321,2.007547051337049,0.3465531056987966,7.942936558563762,10.297036715599608,0.0,0.5153268460005612,-0.8569937233090531,8,369500.0,2060500.0,18.63146,73.76287,C2_pcmc,18.9,True,36_206,1,test,test
c014_014,2019-20,2384.6154331421044,207.57991638411127,1963.575846035848,3116.285211581393,697.9070668894101,2566.058361350581,0.0010709300405959,0.000916111585462,5.514686559196903e-05,0.04253942380116589,0.0002281883092869,4.009581178116497,1660.6745407238166,0.5512408049175876,301.6266555786133,2837128.1875,28.462032666558287,0.3049946660535244,-0.0105344676465874,3.633180152421532,1.5767793320969394,13.801918661116163,19.01187814563464,0.0,0.5153268460005612,-0.8569937233090531,8,370500.0,2060500.0,18.63152,73.77235,C2_pcmc,18.41,True,37_206,3,test,test
c014_015,2019-20,2438.5249654026497,210.82599818802976,2007.9668425658065,3314.8629369585915,717.6457727208552,2729.574213714928,0.0010951407945691,0.0009744885768095,5.5102451617116576e-05,0.042432269959930526,0.0002196986594195625,4.009581178116497,1660.6745407238166,0.5512408049175876,301.6266555786133,2837128.1875,31.985262805958843,0.260756334011461,0.0012642582688517,1.859313674093916,6.338343631745435,10.882033748253493,19.079691054092844,0.1189183262442569,0.5153268460005612,-0.8569937233090531,8,371500.0,2060500.0,18.63158,73.78183,C2_pcmc,17.97,True,37_206,3,test,test
c014_016,2019-20,2473.2206466862503,212.21758163807905,2036.5364814196769,3125.8494087790195,712.0641951379479,2573.9338562177923,0.0011107226141149,0.0009189232253677,5.47933895763706e-05,0.04239709922151675,0.0002142808958969125,4.009581178116497,1660.6745407238166,0.5512408049175876,301.6266555786133,2837128.1875,31.364468407708326,0.2607547977654376,-0.0115445990797215,2.242453347602172,2.6836631620764533,15.176474900732051,20.10259141041068,0.0433201683997592,0.5153268460005612,-0.8569937233090531,8,372500.0,2060500.0,18.63164,73.7913,C2_pcmc,17.57,True,37_206,3,test,test
c014_017,2019-20,2468.5278080607786,210.89346109723544,2032.6722337735991,2814.228422373036,693.8841796588501,2317.3342244614914,0.0011086150617651,0.0008273142818542,5.399721071180509e-05,0.042346210776095614,0.0002126705717035625,4.009581178116497,1660.6745407238166,0.5512408049175876,301.6266555786133,2837128.1875,37.17248770495337,0.2344911928505384,0.018342366339856,9.617137023671276,1.953724674257086,8.359217844576195,19.93007954250456,0.0,0.5153268460005612,-0.8569937233090531,8,373500.0,2060500.0,18.6317,73.80078,C2_pcmc,17.21,True,37_206,3,test,test
c014_018,2019-20,2441.588205698144,208.49764664030133,2010.489221885859,2500.542172587987,674.7119956323107,2059.033982522739,0.0010965164948218,0.0007350982014517,5.339533928809773e-05,0.0422909017566896,0.0002144717989216,4.009581178116497,1660.6745407238166,0.5512408049175876,301.6266555786133,2837128.1875,29.440567826759903,0.2456788926178599,0.0142580046990059,0.0,2.41067263282865,11.195040444128962,13.605713076957612,0.0,0.5153268460005612,-0.8569937233090531,8,374500.0,2060500.0,18.63176,73.81026,C2_pcmc,16.91,True,37_206,3,test,test
c014_019,2019-20,2408.879758113221,206.4481766376799,1983.5559408433653,2237.87984827562,644.4969944571442,1842.7486274439927,0.0010818271413046,0.0006578819063987,5.268948888388386e-05,0.042319748460248066,0.00021741612801622501,4.009581178116497,1660.6745407238166,0.5512408049175876,301.6266555786133,2837128.1875,30.021240253660245,0.2321709704925944,0.0395726716847363,0.0,4.57846537794025,12.864605176553903,17.443070554494152,0.0,0.5153268460005612,-0.8569937233090531,8,375500.0,2060500.0,18.63182,73.81974,C2_pcmc,16.67,True,37_206,3,test,test
c014_020,2019-20,2351.518338796426,202.34060384439312,1936.322539641906,2153.561044100459,618.2016820113201,1773.317571625146,0.0010560661459408,0.0006330942415566,5.115275700598293e-05,0.04237795389396109,0.00021711365068545,4.009581178116497,1660.6745407238166,0.5512408049175876,301.6266555786133,2837128.1875,32.3331905390241,0.2170013142065514,0.0431540592790981,2.3879043129099475,4.693528355007726,1.4193630034020812,8.500795671319755,0.8508148183786616,0.5153268460005612,-0.8569937233090531,8,376500.0,2060500.0,18.63188,73.82922,C1_shivajinagar_kasarwadi,16.48,True,37_206,3,test,gap
c014_021,2019-20,2248.533313622511,194.10917715634488,1851.5210638465244,2239.5178657689503,615.7500482749908,1844.0974284039232,0.0010098156035441,0.0006583634434535,4.978853729868173e-05,0.04241409312792972,0.00021599536926595,4.009581178116497,1660.6745407238166,0.5512408049175876,301.6266555786133,2837128.1875,25.79712906370134,0.221052797761634,0.0414006107854341,0.2458646165264027,4.067240797570554,5.291928026707221,9.605033440804178,0.6734289459256445,0.5153268460005612,-0.8569937233090531,8,377500.0,2060500.0,18.63194,73.8387,C1_shivajinagar_kasarwadi,16.35,True,37_206,3,test,gap
c015_011,2019-20,1908.6054245040527,169.72948836605946,1571.612537217787,2009.5797176264573,689.0000267726615,1654.7583058352632,0.0008571540955149,0.0005907672553157,5.314977840106357e-05,0.042514633543456276,0.0002213059104949125,4.009581178116497,1660.6745407238166,0.5512408049175876,301.6266555786133,2837128.1875,20.25098792054961,0.2908332939382042,-0.015179451288726,2.429579728943611,1.814283181223379,6.245262545321817,10.489125455488807,0.0151459628009796,0.5153268460005612,-0.8569937233090531,8,367500.0,2061500.0,18.64037,73.74385,C2_pcmc,20.81,True,36_206,1,test,test
c015_012,2019-20,2072.3880573047404,183.1305554572578,1706.4768919887488,2208.08616026196,683.8804960408767,1818.2154614941,0.000930708824364,0.0006491232912817,5.32907239641538e-05,0.042583563106863835,0.0002226083663593,4.009581178116497,1660.6745407238166,0.5512408049175876,301.6266555786133,2837128.1875,20.958326539113983,0.2983425911638852,-0.0203135132732622,5.947358537994128,0.5510744996930054,4.712936656651893,11.211369694339028,0.0,0.5153268460005612,-0.8569937233090531,8,368500.0,2061500.0,18.64043,73.75332,C2_pcmc,20.27,True,36_206,1,test,test
c015_013,2019-20,2199.5209413914818,193.10509589735932,1811.16256036114,2535.977771065523,684.2949268226174,2088.2128951026307,0.0009878041625992,0.0007455154001672,5.369038663520772e-05,0.04255697171357284,0.0002263097087691875,4.009581178116497,1660.6745407238166,0.5512408049175876,301.6266555786133,2837128.1875,29.27208599912656,0.1690079986936775,0.0527682635375091,0.6738920806048014,1.5890409627955842,22.301565242594883,24.56449828599527,0.0,0.5153268460005612,-0.8569937233090531,8,369500.0,2061500.0,18.64049,73.7628,C2_pcmc,19.77,True,36_206,1,test,test
c015_014,2019-20,2295.9285911912293,200.60044393859027,1890.547994963662,3008.728522807277,707.3639133138272,2477.492417667928,0.0010311008077852,0.0008844925512627,5.412815169406485e-05,0.042473308369616866,0.0002243962246788375,4.009581178116497,1660.6745407238166,0.5512408049175876,301.6266555786133,2837128.1875,33.531801120911446,0.2178859866005314,0.0341222041200127,2.114382442808268,7.380284257334946,15.823605544042564,25.318272244185778,0.0004527010539015,0.5153268460005612,-0.8569937233090531,8,370500.0,2061500.0,18.64056,73.77228,C2_pcmc,19.3,True,37_206,3,test,test
c015_015,2019-20,2370.533276334901,205.7976704155967,1951.980105027715,3205.703651190647,712.6711082677614,2639.688635551898,0.0010646057484054,0.0009423984183153,5.417458709040528e-05,0.04237781896935084,0.0002187252059631625,4.009581178116497,1660.6745407238166,0.5512408049175876,301.6266555786133,2837128.1875,29.421043800784744,0.2885708417663803,0.0197251737289167,0.0594879969212925,3.012339234324453,7.259728654040607,10.331555885286352,0.3163057308763825,0.5153268460005612,-0.8569937233090531,8,371500.0,2061500.0,18.64062,73.78176,C2_pcmc,18.88,True,37_206,3,test,test
c015_016,2019-20,2421.8691658845764,208.5166253598278,1994.2518740322805,2980.1616860713425,694.7785615185518,2453.969484018866,0.001087660680247,0.0008760946003959,5.37723475465318e-05,0.042360159599120165,0.0002146240490027,4.009581178116497,1660.6745407238166,0.5512408049175876,301.6266555786133,2837128.1875,34.09159288013416,0.2705254049503289,0.0025542661428375,5.917139024170323,1.381318605662635,7.656842043088255,14.955299672921214,0.154326366553012,0.5153268460005612,-0.8569937233090531,8,372500.0,2061500.0,18.64068,73.79124,C2_pcmc,18.5,True,37_206,3,test,test
c015_017,2019-20,2432.936664071265,208.15238141434392,2003.3652395726483,2638.3677825569066,675.9000883398032,2172.524415797143,0.0010926310901998,0.0007756155576926,5.293539082738849e-05,0.04231146010302491,0.00021185218559515,4.009581178116497,1660.6745407238166,0.5512408049175876,301.6266555786133,2837128.1875,30.921494298734544,0.2881681878945775,-0.0044481026422379,5.207133344666272,2.3334090995952512,3.83524986214968,11.375792306411205,0.0,0.5153268460005612,-0.8569937233090531,8,373500.0,2061500.0,18.64074,73.80072,C2_pcmc,18.16,True,37_206,3,test,test
c015_018,2019-20,2421.179421595273,206.7435827612419,1993.6839144327605,2311.2833612046848,665.0389647118064,1903.1916502469496,0.0010873509163037,0.000679460742751,5.2678317040772385e-05,0.042276995050312335,0.0002127020097492875,4.009581178116497,1660.6745407238166,0.5512408049175876,301.6266555786133,2837128.1875,19.60574400305931,0.3995524782767528,-0.0139960536634163,0.5331982729399187,2.171757092833408,2.51547004882195,5.220425414595276,0.0,0.5153268460005612,-0.8569937233090531,8,374500.0,2061500.0,18.6408,73.8102,C2_pcmc,17.88,True,37_206,3,test,test
c015_019,2019-20,2398.402159076186,205.33523433329307,1974.928318918407,2044.097913528998,649.6279415133627,1683.1817970116383,0.0010771216548743,0.0006009147601263,5.20634540062593e-05,0.04231798319591462,0.0002156873648242875,4.009581178116497,1660.6745407238166,0.5512408049175876,301.6266555786133,2837128.1875,21.51459831931136,0.3334626464890067,0.0302944056187516,2.123761970607495,2.103984918935894,2.9460367833194905,7.173783672862879,0.2202286640176645,0.5153268460005612,-0.8569937233090531,8,375500.0,2061500.0,18.64086,73.81968,C2_pcmc,17.65,True,37_206,3,test,test
c015_020,2019-20,2347.348109896961,201.68913984055584,1932.888627143638,1958.4890487111863,636.4667394315902,1612.688460087577,0.0010541932974544,0.0005757478490277,5.041618361134843e-05,0.04236906045195823,0.00021589226117575,4.009581178116497,1660.6745407238166,0.5512408049175876,301.6266555786133,2837128.1875,27.601946590200466,0.2175494437023263,0.0489036274048224,0.6850849033952475,5.824278552799087,1.7888313737196042,8.298194829913939,0.8531956741188417,0.5153268460005612,-0.8569937233090531,8,376500.0,2061500.0,18.64092,73.82916,C2_pcmc,17.47,True,37_206,3,test,test
c016_009,2019-20,1502.490561948006,137.15702351533764,1237.2033390937631,1801.342725106795,629.1346223158557,1483.2886746822091,0.0006747680385435,0.0005295506758255,5.1417880170134434e-05,0.042390728631522726,0.00022539820342226251,4.009581178116497,1660.6745407238166,0.5512408049175876,301.6266555786133,2837128.1875,10.4307825366656,0.3658809067973572,-0.028432678027923,0.0,0.6257441177616992,2.77979993229692,3.4055440500586185,0.0,0.5153268460005612,-0.8569937233090531,8,365500.0,2062500.0,18.64928,73.72482,C3_dehu_talegaon,22.79,True,36_206,1,test,gap
c016_010,2019-20,1634.2451076015138,147.27367738828465,1345.6946454297977,1803.908821439647,676.2114480606131,1485.401688255702,0.000733938963534,0.0005303050453457,5.185144796102627e-05,0.042397453440545435,0.00022094745086396252,4.009581178116497,1660.6745407238166,0.5512408049175876,301.6266555786133,2837128.1875,18.660167718563624,0.2710070084407304,0.017325793688812,5.020592315633383,1.1506922221930225,4.602170078814446,10.773454616640851,0.0,0.5153268460005612,-0.8569937233090531,8,366500.0,2062500.0,18.64934,73.7343,C2_pcmc,22.2,True,36_206,1,test,test
c016_011,2019-20,1778.1246973256516,159.4036805133501,1464.1701376174842,1873.475290264313,711.8866799674743,1542.6851545872644,0.0007985552420008,0.0005507558846377,5.226402938533274e-05,0.042427574135490434,0.0002204951992839,4.009581178116497,1660.6745407238166,0.5512408049175876,301.6266555786133,2837128.1875,19.494134915446384,0.2540651752924354,0.0195576300054649,1.7799170957841843,2.288770694197769,6.982118517460185,11.050806307442135,0.0,0.5153268460005612,-0.8569937233090531,8,367500.0,2062500.0,18.6494,73.74378,C2_pcmc,21.65,True,36_206,1,test,test
c016_012,2019-20,1935.0050005951607,172.17714070497468,1593.350872564288,2073.752509945542,715.4316379030831,1707.6004300701104,0.0008690101368296,0.0006096324857178,5.24776576421063e-05,0.04249136002836897,0.00022051186154503752,4.009581178116497,1660.6745407238166,0.5512408049175876,301.6266555786133,2837128.1875,22.094301345966194,0.2167478498712354,0.0402281164513963,0.2022644678591901,1.1423466460679204,9.79812806860624,11.14273918253335,0.0,0.5153268460005612,-0.8569937233090531,8,368500.0,2062500.0,18.64947,73.75326,C2_pcmc,21.13,True,36_206,1,test,test
c016_013,2019-20,2062.1542797763395,181.97126874972517,1698.0500412315205,2446.8182085927583,719.964563965116,2014.7957894001984,0.0009261128380965,0.0007193046708564,5.2720516003623764e-05,0.042499873325259035,0.0002213764804262625,4.009581178116497,1660.6745407238166,0.5512408049175876,301.6266555786133,2837128.1875,28.937930936563383,0.2685077271781205,0.0039649264801127,2.541866187224005,4.589944157410735,10.49513851849587,17.626948863130607,0.0,0.5153268460005612,-0.8569937233090531,8,369500.0,2062500.0,18.64953,73.76274,C2_pcmc,20.65,True,36_206,1,test,test
c016_014,2019-20,2167.962697090845,190.1276305989539,1785.176396977815,2904.9201413046108,723.8325969855646,2392.0129614412585,0.000973631365015,0.0008539754276665,5.308039563172501e-05,0.042432934911662924,0.000217131744090725,4.009581178116497,1660.6745407238166,0.5512408049175876,301.6266555786133,2837128.1875,32.257865846248635,0.2869735074705072,-0.0209208114655085,4.123895952279279,3.288951748008342,16.553843920760944,23.966691621048565,0.0,0.5153268460005612,-0.8569937233090531,8,370500.0,2062500.0,18.64959,73.77222,C2_pcmc,20.2,True,37_206,3,test,test
c016_015,2019-20,2255.9671665125425,196.5006339413074,1857.6423586158933,3067.0048147054,696.1943696042597,2525.479156987529,0.0010131541445377,0.0009016243548496,5.317505421135129e-05,0.0423577123670778,0.00021328394461015,4.009581178116497,1660.6745407238166,0.5512408049175876,301.6266555786133,2837128.1875,36.44382195750629,0.2185705640986812,0.0286054423167872,3.2013494695320666,5.512291909468436,11.088577970172148,19.802219349172653,0.1499347547057143,0.5153268460005612,-0.8569937233090531,8,371500.0,2062500.0,18.64965,73.7817,C2_pcmc,19.8,True,37_206,3,test,test
c016_016,2019-20,2317.750114141281,200.3327985330407,1908.5166010512185,2816.0202393285026,651.6629756751349,2318.809669283903,0.0010409008468749,0.0008278410321869,5.264953528309561e-05,0.04234372820076673,0.0002099725982932375,4.009581178116497,1660.6745407238166,0.5512408049175876,301.6266555786133,2837128.1875,32.244544118830234,0.2499009648969289,0.0321023700623151,2.179441094622565,4.92976071168145,4.267305630625426,11.37650743692944,0.2570944470915086,0.5153268460005612,-0.8569937233090531,8,372500.0,2062500.0,18.64971,73.79118,C2_pcmc,19.43,True,37_206,3,test,test
c016_017,2019-20,2341.0194375914334,201.01500137526932,1927.6773767659463,2471.758692563756,631.3797691379253,2035.332657204231,0.0010513510927136,0.0007266365627602,5.2082230435617535e-05,0.042290811624801396,0.000206883666786625,4.009581178116497,1660.6745407238166,0.5512408049175876,301.6266555786133,2837128.1875,29.893466627375073,0.2465558417044388,0.0306400486568327,0.411630548312389,3.7209903012735976,6.989134157855017,11.121755007441005,0.0365984118868697,0.5153268460005612,-0.8569937233090531,8,373500.0,2062500.0,18.64978,73.80066,C2_pcmc,19.12,True,37_206,3,test,test
c016_018,2019-20,2341.34964977611,200.56063503674395,1927.9492850413376,2163.363843795753,634.2940709361152,1781.3895401437107,0.0010514993909018,0.0006359760247571,5.1968046811929503e-05,0.04227232473899145,0.00020801188643360002,4.009581178116497,1660.6745407238166,0.5512408049175876,301.6266555786133,2837128.1875,27.902165237777787,0.2923142610617528,-0.007277035061742,4.186688184985418,5.742669715238662,1.1052526812066232,11.034610581430703,0.2978813716893335,0.5153268460005612,-0.8569937233090531,8,374500.0,2062500.0,18.64984,73.81014,C2_pcmc,18.85,True,37_206,3,test,test
c016_019,2019-20,2327.2401128147903,199.5865220505941,1916.3309982555768,1929.628071296901,635.7754028294966,1588.9233207044922,0.0010451628022927,0.0005672634280001,5.133834336830258e-05,0.04231998387376444,0.0002112783767066875,4.009581178116497,1660.6745407238166,0.5512408049175876,301.6266555786133,2837128.1875,21.905085347919933,0.1721835948955023,0.0590891506096651,0.6110419777073901,1.7206334365502076,0.0,2.3316754142575977,0.9710694378279046,0.5153268460005612,-0.8569937233090531,8,375500.0,2062500.0,18.6499,73.81961,C2_pcmc,18.63,True,37_206,3,test,test
c017_008,2019-20,1248.4132233082769,116.42228598888566,1027.9871618250183,1585.189095302465,595.562445529084,1305.300207184329,0.0005606619857175,0.0004660067987223,4.890657904341004e-05,0.042363862534066286,0.0002194835251106875,4.009581178116497,1660.6745407238166,0.5512408049175876,301.6266555786133,2837128.1875,9.009587370283235,0.3711017831617193,-0.0088806138241106,0.0,1.7557717361268843,0.9320146231009802,2.687786359227865,0.0,0.5153268460005612,-0.8569937233090531,8,364500.0,2063500.0,18.65825,73.71527,C3_dehu_talegaon,24.19,True,36_206,1,test,gap
c017_009,2019-20,1395.590650371801,128.7869953081721,1149.1782087532204,1688.582242700775,640.2296750601273,1390.4377451098617,0.0006267593218956,0.000496401853654,4.995106142953388e-05,0.0423559355053224,0.0002248907262044125,4.009581178116497,1660.6745407238166,0.5512408049175876,301.6266555786133,2837128.1875,16.797001396224907,0.244972944185902,0.0396115125339256,1.0167152498286194,2.8783736718209414,6.019636109614713,9.914725031264274,0.0,0.5153268460005612,-0.8569937233090531,8,365500.0,2063500.0,18.65831,73.72475,C3_dehu_talegaon,23.6,True,36_206,1,test,gap
c017_010,2019-20,1511.2163197425082,137.71069071675424,1244.3884335981072,1724.0775896631956,697.8752196399665,1419.6658566843275,0.0006786867736231,0.0005068366169617,5.0272059794943535e-05,0.04238805247419701,0.0002213302536479375,4.009581178116497,1660.6745407238166,0.5512408049175876,301.6266555786133,2837128.1875,23.01354414934544,0.1537926918945994,0.0988324643471132,8.381883278600972,0.1823761025583209,5.331905816582167,13.89616519774146,0.0,0.5153268460005612,-0.8569937233090531,8,366500.0,2063500.0,18.65838,73.73423,C3_dehu_talegaon,23.03,True,36_206,1,test,gap
c017_011,2019-20,1646.9674324201287,149.26173029481456,1356.170653163396,1850.395805798948,744.1803643431124,1523.6806989399083,0.0007396525556063,0.0005439710810431,5.0927413644163066e-05,0.04240972104650155,0.0002224567303059375,4.009581178116497,1660.6745407238166,0.5512408049175876,301.6266555786133,2837128.1875,17.218880457962282,0.1646054008398857,0.0737060488977383,0.0247590075680918,2.0109002326562377,13.98636048211748,16.02201972234181,0.0,0.5153268460005612,-0.8569937233090531,8,367500.0,2063500.0,18.65844,73.74371,C2_pcmc,22.5,True,36_206,1,test,test
c017_012,2019-20,1788.796627945378,160.53444861556827,1472.9577789722389,2092.444906105721,755.9667387281942,1722.992403591098,0.0008033480026837,0.0006151275927185,5.147654874442692e-05,0.04242063040313356,0.000221985647502875,4.009581178116497,1660.6745407238166,0.5512408049175876,301.6266555786133,2837128.1875,14.99314084980731,0.2958362502620416,0.0272124199951478,2.5912088900977057,2.484333759594123,6.105732782087075,11.181275431778904,0.0,0.5153268460005612,-0.8569937233090531,8,368500.0,2063500.0,18.6585,73.75319,C2_pcmc,22.0,True,36_206,1,test,test
c017_013,2019-20,1910.934242335405,169.56295413934487,1573.5301673647305,2502.1148732882007,759.3941644791481,2060.3289993481203,0.0008581999668701,0.0007355605369679,5.170561417304356e-05,0.042417185274156596,0.000218220724089675,4.009581178116497,1660.6745407238166,0.5512408049175876,301.6266555786133,2837128.1875,26.54776607933374,0.2857115486760266,0.0124173657824295,4.603249148801817,0.8273324526246006,9.598681859784431,15.02926346121085,0.0,0.5153268460005612,-0.8569937233090531,8,369500.0,2063500.0,18.65857,73.76267,C2_pcmc,21.54,True,36_206,1,test,test
c017_014,2019-20,2018.3182657699456,177.7265377395415,1661.9539323608224,2906.446849182574,737.5164615411416,2393.27010616634,0.0009064260980012,0.0008544242424186,5.2043075406906965e-05,0.04235594037505369,0.0002104985890096375,4.009581178116497,1660.6745407238166,0.5512408049175876,301.6266555786133,2837128.1875,34.64597670198456,0.2755449600573027,-0.0148109611317244,7.472267100631443,1.1130701800403422,18.43354015412131,27.018877434793097,0.0,0.5153268460005612,-0.8569937233090531,8,370500.0,2063500.0,18.65863,73.77215,C2_pcmc,21.11,True,37_206,3,test,test
c017_015,2019-20,2113.171912588787,184.7661703231888,1740.0597464947498,2991.5161613086384,674.3915428838892,2463.319156511335,0.0009490248409375,0.0008794325382306,5.209231223357618e-05,0.0423166035080873,0.000203664989762175,4.009581178116497,1660.6745407238166,0.5512408049175876,301.6266555786133,2837128.1875,29.03092706174409,0.2886873914331042,0.0070504540130212,5.460412641969557,0.4542915629541942,4.700578857486416,10.615283062410168,0.6236493663835405,0.5153268460005612,-0.8569937233090531,8,371500.0,2063500.0,18.65869,73.78163,C2_pcmc,20.72,True,37_206,3,test,test
c017_016,2019-20,2180.5971634188268,189.52676085939515,1795.5800589538214,2700.439178391669,605.6784184152879,2223.636176585452,0.0009793054998669,0.0007938630289571,5.1679410349322235e-05,0.042315679259912836,0.0001981647201125,4.009581178116497,1660.6745407238166,0.5512408049175876,301.6266555786133,2837128.1875,28.220405092673225,0.2358147582592731,0.0561051777008842,1.781774639063465,2.86388739429608,3.2830548503835275,7.928716883743073,0.7782451528740271,0.5153268460005612,-0.8569937233090531,8,372500.0,2063500.0,18.65875,73.79111,C2_pcmc,20.38,True,37_206,3,test,test
c017_017,2019-20,2210.692330619113,191.13729545475437,1820.361473422412,2345.746165392243,590.1192623979513,1931.5695299456424,0.0009928212299857,0.000689591963753,5.136819584567839e-05,0.042274577017664634,0.00019640313926133748,4.009581178116497,1660.6745407238166,0.5512408049175876,301.6266555786133,2837128.1875,25.23526831526097,0.2535905398356312,-0.0158208075447841,2.057826306867784,0.72422547449273,8.547986537837103,11.330038319197616,0.1566059440563484,0.5153268460005612,-0.8569937233090531,8,373500.0,2063500.0,18.65881,73.80059,C2_pcmc,20.07,True,37_206,3,test,test
c017_018,2019-20,2216.085913756741,191.20892445927677,1824.802738636685,2066.2262039905954,607.7996109692998,1701.4030062098043,0.0009952434864755,0.0006074199359629,5.119607074407682e-05,0.0422800484741788,0.000200149217008525,4.009581178116497,1660.6745407238166,0.5512408049175876,301.6266555786133,2837128.1875,29.118163493009117,0.2098066090912297,0.0262766632799588,1.0539031959255036,5.995083046377258,6.444895784241697,13.493882026544458,0.234788787074907,0.5153268460005612,-0.8569937233090531,8,374500.0,2063500.0,18.65887,73.81007,C2_pcmc,19.82,True,37_206,3,test,test
c017_019,2019-20,2206.183731727476,190.3581010198085,1816.6489352244116,1890.2583223676236,620.0344238430984,1556.5048908865808,0.0009907964196423,0.0005556896853347,5.050294412823988e-05,0.04231823576643205,0.0002044034360239875,4.009581178116497,1660.6745407238166,0.5512408049175876,301.6266555786133,2837128.1875,32.104196436362706,0.1298597528639279,0.0975638857894453,2.209674292654423,2.492224100136109,0.9971862657573816,5.699084658547914,0.8375306190411733,0.5153268460005612,-0.8569937233090531,8,375500.0,2063500.0,18.65893,73.81955,C2_pcmc,19.61,True,37_206,3,test,test
c018_007,2019-20,1054.6501089546286,100.39486937527904,868.4358287632433,1364.4988442105948,580.0043446334863,1123.5761268664446,0.0004736430320377,0.000401129265988,4.696659932557499e-05,0.04228348637532014,0.0002132275040367375,4.009581178116497,1660.6745407238166,0.5512408049175876,301.6266555786133,2837128.1875,10.882246147298702,0.2372822227017019,0.0376478139992061,2.290355011343144,3.3741087516384853,7.08203270369183,12.74649646667346,0.0,0.5153268460005612,-0.8569937233090531,8,363500.0,2064500.0,18.66722,73.70573,C3_dehu_talegaon,25.59,True,36_206,1,test,gap
c018_008,2019-20,1174.2137504680363,109.96208507510848,966.8887177603036,1431.908322259025,601.5016078612467,1179.0834514648482,0.0005273390258152,0.000420946002781,4.750988436666504e-05,0.042366114850964164,0.0002187671978882875,4.009581178116497,1660.6745407238166,0.5512408049175876,301.6266555786133,2837128.1875,12.365305777159204,0.2344077167668312,0.049536065658045,2.0391200451165674,2.3381681234840386,6.39788716599085,10.775175334591456,0.0,0.5153268460005612,-0.8569937233090531,8,364500.0,2064500.0,18.66728,73.71521,C3_dehu_talegaon,24.99,True,36_206,1,test,gap
c018_009,2019-20,1295.4691451201834,120.32099677739394,1066.7346555293022,1534.6944403205257,651.7323373469509,1263.7211401790453,0.0005817947853949,0.000451162605944,4.8096063379600906e-05,0.04233252058689886,0.00022276923127202502,4.009581178116497,1660.6745407238166,0.5512408049175876,301.6266555786133,2837128.1875,15.726435037844022,0.2823601763466372,0.0330859384435469,5.847881047736536,2.038494545653343,4.90412598302134,12.790501576411218,0.0,0.5153268460005612,-0.8569937233090531,8,365500.0,2064500.0,18.66735,73.72469,C3_dehu_talegaon,24.42,True,36_206,1,test,gap
c018_010,2019-20,1395.088157349026,128.48031427978844,1148.7644384032471,1612.0909440413875,719.91430013877,1327.4521314163446,0.0006265336524372,0.0004739152838662,4.841898827813165e-05,0.04237450309905249,0.000222219803470325,4.009581178116497,1660.6745407238166,0.5512408049175876,301.6266555786133,2837128.1875,23.03826834370677,0.2364164096594949,0.0253061527785762,1.1497514307625738,0.2803701189659532,18.77467717904777,20.2047987287763,0.0005165542645485,0.5153268460005612,-0.8569937233090531,8,366500.0,2064500.0,18.66741,73.73417,C3_dehu_talegaon,23.88,True,36_206,1,test,gap
c018_011,2019-20,1522.2612952040192,140.00696170011517,1253.4832531379209,1804.6451957625077,771.8664774257475,1486.0080446576249,0.0006836470686271,0.0005305215213749,4.939959888239122e-05,0.04238798342105545,0.000222079692921375,4.009581178116497,1660.6745407238166,0.5512408049175876,301.6266555786133,2837128.1875,14.690246063194396,0.2829992410603728,0.054550750459195,3.07571954112361,0.1346345815447995,4.131634499239668,7.341988621908078,0.0,0.5153268460005612,-0.8569937233090531,8,367500.0,2064500.0,18.66748,73.74365,C3_dehu_talegaon,23.36,True,36_206,1,test,gap
c018_012,2019-20,1646.7830789848506,149.88947475733264,1356.018850089569,2112.720051428156,788.4527761247448,1739.6876681929637,0.0007395697625366,0.0006210879892373,5.0183475160632294e-05,0.04238594429273489,0.0002237297558900375,4.009581178116497,1660.6745407238166,0.5512408049175876,301.6266555786133,2837128.1875,8.992556930266193,0.3750568959135167,0.0620244887839429,0.0822321246129005,0.0,0.0,0.0822321246129005,0.0,0.5153268460005612,-0.8569937233090531,8,368500.0,2064500.0,18.66754,73.75313,C3_dehu_talegaon,22.88,True,36_206,1,test,gap
c018_013,2019-20,1758.9555605937142,157.95894904237065,1448.385599216425,2559.728809648527,786.4883262006297,2107.770331925222,0.0007899463887269,0.000752497624237,5.0573189383612544e-05,0.0423435397809688,0.0002148771797548875,4.009581178116497,1660.6745407238166,0.5512408049175876,301.6266555786133,2837128.1875,16.271761234940556,0.3475546724444189,0.0379841000329052,0.6518146833633761,0.0,6.238009111776434,6.889823795139811,0.0,0.5153268460005612,-0.8569937233090531,8,369500.0,2064500.0,18.6676,73.76261,C2_pcmc,22.44,True,36_206,1,test,test
c018_014,2019-20,1862.2085837470024,165.73436816071313,1533.4077539320926,2904.8761345329026,740.4886202527796,2391.976724724517,0.0008363172889318,0.0008539624907526,5.0892726846542094e-05,0.04223787146903411,0.000205760069008425,4.009581178116497,1660.6745407238166,0.5512408049175876,301.6266555786133,2837128.1875,24.099960329377552,0.1967309735002901,0.1004595438869237,8.242529217147036,0.2799781361607713,7.212813276608212,15.735320629916018,0.0,0.5153268460005612,-0.8569937233090531,8,370500.0,2064500.0,18.66766,73.77209,C2_pcmc,22.03,True,37_206,3,test,test
c018_015,2019-20,1958.2975364509389,172.7532455463966,1612.5307621866004,2904.612490043266,650.764055608671,2391.7596306201194,0.0008794708073523,0.000853884985725,5.0936586960965145e-05,0.042224079560508214,0.00019724677675686249,4.009581178116497,1660.6745407238166,0.5512408049175876,301.6266555786133,2837128.1875,28.078522119607452,0.2090274366071356,0.0371387943775188,4.8381896663107895,2.307807667130089,22.834654360020664,29.980651693461542,0.0010083441841759,0.5153268460005612,-0.8569937233090531,8,371500.0,2064500.0,18.66773,73.78157,C2_pcmc,21.66,True,37_206,3,test,test
c018_016,2019-20,2028.271460127292,177.93696168675584,1670.149741110258,2584.741629451621,575.626221482567,2128.3667635862744,0.0009108960744549,0.0007598507811051,5.06906626201794e-05,0.04224489551433984,0.000190752045470075,4.009581178116497,1660.6745407238166,0.5512408049175876,301.6266555786133,2837128.1875,26.615047361459524,0.1817887496111045,0.0536482444102313,3.834683118989642,2.412105558079995,20.50484658994496,26.7516352670146,0.0097571703084535,0.5153268460005612,-0.8569937233090531,8,372500.0,2064500.0,18.66779,73.79105,C2_pcmc,21.32,True,37_206,3,test,test
c018_017,2019-20,2062.270935312994,180.1490020004072,1698.146099485148,2217.8103971303844,573.9456318128659,1826.2227386301076,0.0009261652280613,0.0006519819789339,5.0501447729609386e-05,0.042229175922813264,0.00019060697278425,4.009581178116497,1660.6745407238166,0.5512408049175876,301.6266555786133,2837128.1875,22.522036067730077,0.2320161090922502,0.0055595959992594,2.084400015729006,3.449549121695584,20.489107213801475,26.023056351226064,0.0,0.5153268460005612,-0.8569937233090531,8,373500.0,2064500.0,18.66785,73.80053,C2_pcmc,21.04,True,37_206,3,test,test
c018_018,2019-20,2069.581920272125,180.4514722626135,1704.1662204979375,1959.1475767203287,602.0072959583256,1613.2307151089608,0.0009294485891057,0.0005759414401458,5.0276604596946913e-05,0.04227362796076699,0.00019351091643837498,4.009581178116497,1660.6745407238166,0.5512408049175876,301.6266555786133,2837128.1875,21.759179749949933,0.2064556899467345,0.0371290862966587,1.7632813434627672,2.9082661430117778,12.649152412674136,17.320699899148682,0.0,0.5153268460005612,-0.8569937233090531,8,374500.0,2064500.0,18.66791,73.81001,C2_pcmc,20.79,True,37_206,3,test,test
c019_006,2019-20,967.359249506862,93.98235729595288,796.557478565075,975.141761021078,600.4006039522528,802.965871054037,0.0004344407345297,0.0002866678125029,4.515020238991259e-05,0.04224450536383395,0.0002196302381572625,4.009581178116497,1660.6745407238166,0.5512408049175876,301.6266555786133,2837128.1875,4.5049424923590715,0.272728590122674,0.0596040795615575,1.8270684701356403,1.154949759236091,4.480915626935035,7.462933856306765,0.0,0.5153268460005612,-0.8569937233090531,8,362500.0,2065500.0,18.67619,73.69618,C3_dehu_talegaon,26.99,True,36_206,1,test,gap
c019_007,2019-20,1031.01658319054,98.33731957955168,848.9751561105115,1218.0337098988273,598.8759900664605,1002.971606731292,0.0004630292230544,0.0003580721010306,4.6015671112741015e-05,0.04223680674326606,0.0002155609140691375,4.009581178116497,1660.6745407238166,0.5512408049175876,301.6266555786133,2837128.1875,6.374408233344969,0.2646783794394297,0.055436431820826,0.7703147292515613,0.0,3.1978645198239763,3.9681792490755377,0.0,0.5153268460005612,-0.8569937233090531,8,363500.0,2065500.0,18.67625,73.70566,C3_dehu_talegaon,26.39,True,36_206,1,test,gap
c019_008,2019-20,1123.8194268180143,106.30805315470504,925.3922670868672,1330.018809661696,625.5529534074046,1095.1840590848954,0.0005047069509228,0.0003909929796814,4.635689029691642e-05,0.04228390450443896,0.0002200206703953,4.009581178116497,1660.6745407238166,0.5512408049175876,301.6266555786133,2837128.1875,13.103741916646433,0.2782621133640268,0.026852741014152,0.0,1.015129687396728,13.394571209452849,14.409700896849577,0.0,0.5153268460005612,-0.8569937233090531,8,364500.0,2065500.0,18.67632,73.71514,C3_dehu_talegaon,25.81,True,36_206,1,test,gap
c019_009,2019-20,1212.5111754826985,113.779952071039,998.424158519014,1443.176200946195,669.6604650136446,1188.3618173257264,0.0005445383873372,0.0004242584833494,4.649175345081119e-05,0.0422523618626845,0.0002201290870003375,4.009581178116497,1660.6745407238166,0.5512408049175876,301.6266555786133,2837128.1875,19.96026396722352,0.2217523606945364,0.0769242381610811,3.4944646067438847,2.184968169839981,6.501260039995712,12.180692816579578,0.0,0.5153268460005612,-0.8569937233090531,8,365500.0,2065500.0,18.67638,73.72462,C3_dehu_talegaon,25.26,True,36_206,1,test,gap
c019_010,2019-20,1291.5064741740498,120.82651882853578,1063.4716535175423,1511.3033534380754,737.9956550669785,1244.4601001905617,0.00058001515112,0.0004442861988648,4.6664106602588796e-05,0.042263112872609365,0.0002163947196151,4.009581178116497,1660.6745407238166,0.5512408049175876,301.6266555786133,2837128.1875,25.038434298781606,0.2386391307460572,0.0366389361190179,4.350311242791073,0.8209010679940609,10.50065267871594,15.671864989501074,0.0,0.5153268460005612,-0.8569937233090531,8,366500.0,2065500.0,18.67645,73.7341,C3_dehu_talegaon,24.73,True,36_206,1,test,gap
c019_011,2019-20,1401.4026419883328,131.35346314288722,1153.9640061597845,1678.7626448825251,786.9947881393493,1382.351944428661,0.0006293694855016,0.0004935151322164,4.75576013590325e-05,0.04229428895522891,0.000217909680058925,4.009581178116497,1660.6745407238166,0.5512408049175876,301.6266555786133,2837128.1875,13.628656582060186,0.3732689826362638,0.0114624668767909,2.9030652931179604,0.0,1.2204294474586437,4.123494740576604,0.0,0.5153268460005612,-0.8569937233090531,8,367500.0,2065500.0,18.67651,73.74358,C3_dehu_talegaon,24.24,True,36_206,1,test,gap
c019_012,2019-20,1502.5762710350775,139.36126879224142,1237.2739149572003,1983.013524817443,801.3319886732882,1632.8827724490784,0.0006748065304676,0.0005829574448005,4.838166417706126e-05,0.04230920216168396,0.0002219424541842875,4.009581178116497,1660.6745407238166,0.5512408049175876,301.6266555786133,2837128.1875,9.067975497545504,0.271146213960562,0.1030459624830695,2.047571611586453,0.0,0.9471375018318938,2.994709113418347,0.0,0.5153268460005612,-0.8569937233090531,8,368500.0,2065500.0,18.67657,73.75306,C3_dehu_talegaon,23.77,True,36_206,1,test,gap
c019_013,2019-20,1597.7137460668052,146.10088642513074,1315.6134431799917,2433.58302530481,784.2266734127313,2003.89747604498,0.000717532740565,0.0007154138508824,4.918283017656045e-05,0.04226408637202589,0.0002127011897570375,4.009581178116497,1660.6745407238166,0.5512408049175876,301.6266555786133,2837128.1875,7.612231168502607,0.2530139938485861,0.1179631202371451,1.8438835132738929,1.515705880619818,2.009054681411902,5.368644075305612,0.0,0.5153268460005612,-0.8569937233090531,8,369500.0,2065500.0,18.67664,73.76254,C2_pcmc,23.34,True,36_206,1,test,test
c019_014,2019-20,1691.7553688943744,152.8650604437789,1393.0506083261184,2737.1993303399795,716.38034746991,2253.9057728730177,0.0007597668037823,0.0008046696139763,4.972162884667312e-05,0.04215332522534208,0.0002037940474808125,4.009581178116497,1660.6745407238166,0.5512408049175876,301.6266555786133,2837128.1875,7.215078504400692,0.197546972773773,0.1636220150184877,0.0,0.0,1.190193155663032,1.190193155663032,0.0,0.5153268460005612,-0.8569937233090531,8,370500.0,2065500.0,18.6767,73.77202,C2_pcmc,22.95,True,37_206,3,test,test
c019_015,2019-20,1782.179154959068,158.8635978973683,1467.508720001505,2686.932583808821,616.198355943573,2212.514373666424,0.000800376097648,0.0007898924207048,4.986917035348572e-05,0.04214939816392145,0.00019332115560758749,4.009581178116497,1660.6745407238166,0.5512408049175876,301.6266555786133,2837128.1875,17.268087249697402,0.1735842016404013,0.0832467220430066,0.0,1.7924127611513814,19.202080439743707,20.99449320089509,0.0,0.5153268460005612,-0.8569937233090531,8,371500.0,2065500.0,18.67676,73.7815,C2_pcmc,22.59,True,37_206,3,test,test
c019_016,2019-20,1852.0993471028853,163.5914583670769,1525.0834544998386,2384.624565388749,558.5787549551202,1963.5833658475049,0.0008317772339362,0.0007010212618573,4.971337195789603e-05,0.04217867050476269,0.000186852160970175,4.009581178116497,1660.6745407238166,0.5512408049175876,301.6266555786133,2837128.1875,19.956499611381943,0.2067571395342415,0.0395767167632519,1.7314471509786602,2.352000132198757,14.395073707383691,18.47852099056111,0.0,0.5153268460005612,-0.8569937233090531,8,372500.0,2065500.0,18.67682,73.79098,C2_pcmc,22.28,True,37_206,3,test,test
c019_017,2019-20,1893.5187895316128,166.35416820149896,1559.1896737161403,2031.8185945243208,577.3281672422937,1673.0705757772848,0.0008503786924965,0.0005973049408582,4.95866087828035e-05,0.04216345438325921,0.0001867081158529875,4.009581178116497,1660.6745407238166,0.5512408049175876,301.6266555786133,2837128.1875,18.08265950590687,0.247231212479852,0.0132929616291213,0.0,1.769756215982994,12.860691203181895,14.630447419164891,0.0,0.5153268460005612,-0.8569937233090531,8,373500.0,2065500.0,18.67688,73.80047,C2_pcmc,22.0,True,37_206,3,test,test
c020_005,2019-20,956.217132848928,92.13135645694624,787.3826695626841,369.3705782537963,613.0975646159363,304.1526678118362,0.000429436813445,0.0001085859101758,4.347450812786618e-05,0.0422886786013368,0.0002112340891027625,4.009581178116497,1660.6745407238166,0.5512408049175876,301.6266555786133,2837128.1875,6.501161505250731,0.3638945549811379,-0.0022789992539792,1.7622615823980192,1.017364128576578,2.2451719441218123,5.0247976550964095,0.0,0.5153268460005612,-0.8569937233090531,8,361500.0,2066500.0,18.68516,73.68663,C3_dehu_talegaon,28.4,True,36_206,1,test,train
c020_006,2019-20,978.7445500927828,94.81176636369852,805.9325337289657,746.5646897871729,625.2987107931021,614.7475068706309,0.00043955386944,0.0002194717476658,4.453050706322623e-05,0.04220943010261127,0.0002164002328747375,4.009581178116497,1660.6745407238166,0.5512408049175876,301.6266555786133,2837128.1875,4.820216969151084,0.3018280510938554,0.0765310608185002,1.176770758976469,0.0,2.4005459935266145,3.577316752503084,0.0,0.5153268460005612,-0.8569937233090531,8,362500.0,2066500.0,18.68522,73.69611,C3_dehu_talegaon,27.79,True,36_206,1,test,train
c020_007,2019-20,1029.7224572805662,98.91307108118215,847.9095275218359,959.8489819664428,632.6573929197577,790.3732612968832,0.0004624480315155,0.0002821721097303,4.508185486935198e-05,0.042208901987207434,0.0002160626587604125,4.009581178116497,1660.6745407238166,0.5512408049175876,301.6266555786133,2837128.1875,4.203500404639484,0.3355685906395445,0.091403105617176,0.0,0.0,0.8583459664864673,0.8583459664864673,0.0,0.5153268460005612,-0.8569937233090531,8,363500.0,2066500.0,18.68529,73.70559,C3_dehu_talegaon,27.2,True,36_206,1,test,gap
c020_008,2019-20,1099.2532633201938,105.81290047234664,905.1636278674492,1133.2611106164925,656.7373463081959,933.1668801313574,0.0004936742946268,0.0003331510315329,4.5211013617645245e-05,0.042219068910675984,0.0002261359607634625,4.009581178116497,1660.6745407238166,0.5512408049175876,301.6266555786133,2837128.1875,10.09610071572514,0.2620110199178277,0.1027174642124481,0.8163911129952632,0.0,8.78400085901019,9.600391972005454,0.0,0.5153268460005612,-0.8569937233090531,8,364500.0,2066500.0,18.68535,73.71507,C3_dehu_talegaon,26.64,True,36_206,1,test,gap
c020_009,2019-20,1152.5670362988792,110.10060264089152,949.064055343944,1321.1718696589876,692.7864165856791,1087.8991789070644,0.0005176174932939,0.0003883921958372,4.500333913294509e-05,0.04216907518040764,0.0002243384742524625,4.009581178116497,1660.6745407238166,0.5512408049175876,301.6266555786133,2837128.1875,14.737360938270761,0.2330552166195987,0.113646238206008,3.72661523232658,0.9559265749188354,5.132647090724895,9.815188897970309,0.0,0.5153268460005612,-0.8569937233090531,8,365500.0,2066500.0,18.68542,73.72455,C3_dehu_talegaon,26.1,True,36_206,1,test,gap
c020_010,2019-20,1207.83590853131,114.81806994860472,994.5743800046564,1456.3494117847613,755.401562704868,1199.2091003961302,0.0005424387264206,0.00042813108494,4.532076305041507e-05,0.04211723642512765,0.000219884625097775,4.009581178116497,1660.6745407238166,0.5512408049175876,301.6266555786133,2837128.1875,12.334948212747843,0.2955988425724896,0.0659155108989397,1.2610200327101682,0.7376328550086264,4.5020156780814,6.500668565800194,0.0,0.5153268460005612,-0.8569937233090531,8,366500.0,2066500.0,18.68548,73.73403,C3_dehu_talegaon,25.6,True,36_206,1,test,gap
c020_011,2019-20,1287.270990270812,121.72180341862015,1059.9840077642343,1597.9399957884991,787.7912114770653,1315.7997451230704,0.000578112996632,0.0004697552514046,4.577837854796351e-05,0.0421679027269726,0.00021904873592987502,4.009581178116497,1660.6745407238166,0.5512408049175876,301.6266555786133,2837128.1875,8.224969367391763,0.2832957791825476,0.1129275636071281,0.8961808106264633,0.0,1.2206661830406724,2.116846993667136,0.0,0.5153268460005612,-0.8569937233090531,8,367500.0,2066500.0,18.68555,73.74351,C3_dehu_talegaon,25.12,True,36_206,1,test,gap
c020_012,2019-20,1356.467318489525,126.73897710027902,1116.9626873602144,1884.3115331813829,785.9619823170142,1551.6080964411206,0.0006091890458592,0.0005539414748533,4.639188353198035e-05,0.042129796384111816,0.000220145220516575,4.009581178116497,1660.6745407238166,0.5512408049175876,301.6266555786133,2837128.1875,8.183245995443905,0.310989872285782,0.0811730306727574,0.3377099859783534,0.8262894294801902,4.852089538297238,6.016088953755782,0.0,0.5153268460005612,-0.8569937233090531,8,368500.0,2066500.0,18.68561,73.75299,C3_dehu_talegaon,24.67,True,36_206,1,test,gap
c020_013,2019-20,1428.6283926265182,132.07310715260112,1176.3826425572242,2256.8318589997943,748.5297143264235,1858.3543766874948,0.0006415965615454,0.0006634533337275,4.708482305357014e-05,0.042087915314784737,0.000212128952090925,4.009581178116497,1660.6745407238166,0.5512408049175876,301.6266555786133,2837128.1875,4.773329001359206,0.30251500823114,0.0930591922962325,0.0,1.0406009868240051,0.3788952467229155,1.4194962335469206,0.0,0.5153268460005612,-0.8569937233090531,8,369500.0,2066500.0,18.68567,73.76248,C3_dehu_talegaon,24.26,True,36_206,1,test,gap
c020_014,2019-20,1509.9565516561022,138.01599155459002,1243.351096444412,2424.271436166357,658.9958712843337,1996.2299874988776,0.0006781210121719,0.0007126764715639,4.7712714516295976e-05,0.04203215341100021,0.0002028120304303,4.009581178116497,1660.6745407238166,0.5512408049175876,301.6266555786133,2837128.1875,4.500709636295509,0.3159030262887731,0.087116253418452,0.0,1.784256894387021,0.0463810274864423,1.8306379218734632,0.0,0.5153268460005612,-0.8569937233090531,8,370500.0,2066500.0,18.68574,73.77196,C2_pcmc,23.88,True,37_206,3,test,test
c020_015,2019-20,1594.9731291847445,143.7341635623145,1313.3567232753642,2282.8701926390017,563.470437261513,1879.7952523500333,0.0007163019303857,0.0006711079665655,4.817817754184938e-05,0.04206484523970346,0.00019189401035109998,4.009581178116497,1660.6745407238166,0.5512408049175876,301.6266555786133,2837128.1875,8.069705520142975,0.2520328446395485,0.1213199491028552,0.0,1.29594947923132,0.4255914502927385,1.7215409295240585,0.0,0.5153268460005612,-0.8569937233090531,8,371500.0,2066500.0,18.6858,73.78144,C2_pcmc,23.54,True,37_206,3,test,test
c020_016,2019-20,1665.5901037696024,148.38504066462875,1371.5052128338025,2010.8138302356656,552.0043625674699,1655.7745173706958,0.0007480159914489,0.0005911300542197,4.846596589095819e-05,0.04211342854180525,0.000184397938697375,4.009581178116497,1660.6745407238166,0.5512408049175876,301.6266555786133,2837128.1875,16.552400624790753,0.1642180581688645,0.071959325501422,2.107193478994856,0.46863636615929,4.723557812196228,7.299387657350374,0.0,0.5153268460005612,-0.8569937233090531,8,372500.0,2066500.0,18.68586,73.79092,C2_pcmc,23.23,True,37_206,3,test,test
c021_004,2019-20,969.8275908666344,90.94878705313027,798.5899972707996,111.35877755193916,611.1025200953977,91.6967167141689,0.0004355492658576,3.273675524919401e-05,4.255053045859366e-05,0.04228320866544015,0.0002051027734900625,4.009581178116497,1660.6745407238166,0.5512408049175876,301.6266555786133,2837128.1875,4.861632506883184,0.3615403887723012,-0.0084051632260063,0.9167386259492424,0.0,2.3036981779358765,3.2204368038851188,0.0,0.5153268460005612,-0.8569937233090531,8,360500.0,2067500.0,18.69413,73.67708,C3_dehu_talegaon,29.8,True,36_206,1,test,train
c021_005,2019-20,974.5426132713392,92.04911680056642,802.4725118174729,377.5560319792348,612.6883563087532,310.8928570267222,0.0004376667809358,0.0001109922332435,4.3380563192118614e-05,0.04222053266560245,0.0002128873061895,4.009581178116497,1660.6745407238166,0.5512408049175876,301.6266555786133,2837128.1875,8.6235254438912,0.2666636778213394,0.0649142745107169,1.3651703037871248,1.044393191039024,3.770619725702801,6.180183220528949,0.0,0.5153268460005612,-0.8569937233090531,8,361500.0,2067500.0,18.69419,73.68656,C3_dehu_talegaon,29.19,True,36_206,1,test,train
c021_006,2019-20,987.3589434292688,94.68265887996564,813.0259268391023,719.2400579763472,625.5037462857947,592.2474482532702,0.0004434225907765,0.0002114389746457,4.3820129828724076e-05,0.042174026821775165,0.0002200261614407625,4.009581178116497,1660.6745407238166,0.5512408049175876,301.6266555786133,2837128.1875,6.187588209677594,0.3139615686095824,0.0937573742665932,0.691152673774839,0.0,2.300132838049684,2.9912855118245227,0.0,0.5153268460005612,-0.8569937233090531,8,362500.0,2067500.0,18.69426,73.69604,C3_dehu_talegaon,28.6,True,36_206,1,test,train
c021_007,2019-20,1028.781876127009,99.66892681484175,847.1350200651228,908.1054910801124,643.3507962939184,747.7658590793703,0.0004620256168154,0.0002669607897596,4.3925330029196677e-05,0.04220666528793726,0.00021625045793395,4.009581178116497,1660.6745407238166,0.5512408049175876,301.6266555786133,2837128.1875,5.40487155709342,0.2656879978457309,0.1062517197980125,2.172596576872357,0.1759309880906969,1.4509739714166443,3.799501536379698,0.0,0.5153268460005612,-0.8569937233090531,8,363500.0,2067500.0,18.69432,73.70552,C3_dehu_talegaon,28.03,True,36_206,1,test,train
c021_008,2019-20,1076.5035930040892,105.7514457746651,886.4307527391854,1130.873142561605,671.9123775824356,931.200543619183,0.0004834574248471,0.000332449027367,4.4102430745624796e-05,0.042199859245100925,0.0002222299877635125,4.009581178116497,1660.6745407238166,0.5512408049175876,301.6266555786133,2837128.1875,5.248504399407029,0.3373219784127188,0.0770137396685052,1.8580447925913897,0.6735857161105245,0.8204721485802711,3.352102657282185,0.0,0.5153268460005612,-0.8569937233090531,8,364500.0,2067500.0,18.69439,73.715,C3_dehu_talegaon,27.48,True,36_206,1,test,gap
c021_009,2019-20,1102.8735328535267,107.32716475140576,908.1446845665688,1298.632285276858,708.8423301546176,1069.3392958930897,0.000495300156535,0.0003817661096538,4.403352740511765e-05,0.0421557380932699,0.0002255145461031,4.009581178116497,1660.6745407238166,0.5512408049175876,301.6266555786133,2837128.1875,3.9724434964273168,0.246234841408322,0.1542430578066368,0.0,0.0,1.8837400461413245,1.8837400461413245,0.0,0.5153268460005612,-0.8569937233090531,8,365500.0,2067500.0,18.69445,73.72448,C3_dehu_talegaon,26.96,True,36_206,1,test,gap
c021_010,2019-20,1144.2953904643675,109.7318273736217,942.2528925283916,1417.9179593098268,758.2470398503166,1167.5632967335994,0.0005139026997527,0.0004168331784686,4.442851617469566e-05,0.042126688421915234,0.0002265168766277375,4.009581178116497,1660.6745407238166,0.5512408049175876,301.6266555786133,2837128.1875,4.978639707751039,0.3409820070614418,0.0857170995662487,0.0,0.0,1.227807447146294,1.227807447146294,0.0,0.5153268460005612,-0.8569937233090531,8,366500.0,2067500.0,18.69452,73.73397,C3_dehu_talegaon,26.47,True,36_206,1,test,gap
c021_011,2019-20,1198.2611958267762,113.3521856912868,986.6902263008526,1539.1126159355315,761.4812456795408,1267.3592206848562,0.0005381387259582,0.0004524614414461,4.496815731734811e-05,0.04211970451992938,0.0002282986564417125,4.009581178116497,1660.6745407238166,0.5512408049175876,301.6266555786133,2837128.1875,5.737210604061837,0.2975398873684471,0.1384089217052709,0.0,0.0,1.9360111415471184,1.9360111415471184,0.0,0.5153268460005612,-0.8569937233090531,8,367500.0,2067500.0,18.69458,73.74345,C3_dehu_talegaon,26.01,True,36_206,1,test,gap
c021_012,2019-20,1239.8548038193155,116.2678698160002,1020.9398595408832,1848.750454252861,739.8670691958305,1522.3258588641322,0.0005568184022183,0.0005434873879563,4.565784527752688e-05,0.0420442669039094,0.0002252536820121875,4.009581178116497,1660.6745407238166,0.5512408049175876,301.6266555786133,2837128.1875,6.865764036629494,0.244634788847462,0.1544771114944437,1.2568922791276258,0.4668450556712934,5.588561285163816,7.312298619962736,0.0,0.5153268460005612,-0.8569937233090531,8,368500.0,2067500.0,18.69465,73.75293,C3_dehu_talegaon,25.58,True,36_206,1,test,gap
c021_013,2019-20,1291.8971789400089,120.25791535847328,1063.793373502537,2111.6005471109765,695.3639019602922,1738.7658291382484,0.0005801906165075,0.0006207588823664,4.6230284362555885e-05,0.04197189130231696,0.000217001584949575,4.009581178116497,1660.6745407238166,0.5512408049175876,301.6266555786133,2837128.1875,4.804512016136538,0.4130726010435147,0.0090859061954286,0.1516515371593326,1.0998593214722745,1.7644046345689357,3.0159154932005423,0.0,0.5153268460005612,-0.8569937233090531,8,369500.0,2067500.0,18.69471,73.76241,C3_dehu_talegaon,25.18,True,36_206,1,test,gap
c021_014,2019-20,1368.5456511196182,125.91184761762716,1126.9084093761066,2123.0552626517047,611.1264614847943,1748.1980430065232,0.0006146134212424,0.0006241262883972,4.660453372926492e-05,0.041945676400965325,0.0002023839809737875,4.009581178116497,1660.6745407238166,0.5512408049175876,301.6266555786133,2837128.1875,4.161874982467913,0.3847636031253656,-0.0007391589263753,0.0,0.4408778452846184,2.979635958638668,3.420513803923286,0.0,0.5153268460005612,-0.8569937233090531,8,370500.0,2067500.0,18.69477,73.77189,C2_pcmc,24.82,True,37_206,3,test,test
c022_003,2019-20,952.7220604322748,91.10436522762105,784.5047045532722,187.3061829199844,654.2047231889252,154.2344696269255,0.0004278671775226,5.5063433720366985e-05,4.154411895112524e-05,0.04224408799586251,0.0002045860607851,4.009581178116497,1660.6745407238166,0.5512408049175876,301.6266555786133,2837128.1875,5.49153995139272,0.3783118008716729,-0.0133271277944865,2.178250855924775,1.0728389718836655,1.6526038817983586,4.903693709606799,0.0,0.5153268460005612,-0.8569937233090531,8,359500.0,2068500.0,18.70309,73.66752,C3_dehu_talegaon,31.21,True,35_206,3,test,train
c022_004,2019-20,982.1992751696956,91.5687534605542,808.7772753260549,157.19575620254932,637.6544623905609,129.44048993759554,0.0004411053853848,4.621170517622314e-05,4.2156585913591374e-05,0.042233269933483454,0.0002040527908828625,4.009581178116497,1660.6745407238166,0.5512408049175876,301.6266555786133,2837128.1875,7.643701781853137,0.3026177410069305,0.0392759646046934,2.878762723681703,1.023092088465617,5.648675503538607,9.550530315685927,0.0,0.5153268460005612,-0.8569937233090531,8,360500.0,2068500.0,18.70316,73.67701,C3_dehu_talegaon,30.59,True,36_206,1,test,train
c022_005,2019-20,984.6608611809538,92.17680618278304,810.8042314412711,460.31576665443686,621.3953489992697,379.0401204277799,0.0004422108828878,0.0001353215698087,4.2953254367984094e-05,0.04217542227539989,0.0002076305038959875,4.009581178116497,1660.6745407238166,0.5512408049175876,301.6266555786133,2837128.1875,9.780898166077634,0.2135999105463981,0.0755218089408065,2.4766826393858787,1.0954351047888458,4.641574782019118,8.213692526193842,0.0,0.5153268460005612,-0.8569937233090531,8,361500.0,2068500.0,18.70323,73.68649,C3_dehu_talegaon,29.99,True,36_206,1,test,train
c022_006,2019-20,991.2764956435238,94.3929212958963,816.2517765071806,754.4953125947591,622.6919399698329,621.2778593847376,0.000445181962243,0.0002218031566802,4.3179932075275565e-05,0.04213947532961234,0.0002112844816733625,4.009581178116497,1660.6745407238166,0.5512408049175876,301.6266555786133,2837128.1875,7.123773043236181,0.3168517760370893,0.0143438129299072,1.468739915523572,0.4677725915431894,4.435236827500529,6.371749334567291,0.0,0.5153268460005612,-0.8569937233090531,8,362500.0,2068500.0,18.70329,73.69597,C3_dehu_talegaon,29.41,True,36_206,1,test,train
c022_007,2019-20,1024.5014578507364,99.3611753902147,843.6103737756604,887.401323733502,638.5628394954341,730.7173227203986,0.0004601032823146,0.0002608742712654,4.306714032823935e-05,0.04217630327038955,0.00021273387922352498,4.009581178116497,1660.6745407238166,0.5512408049175876,301.6266555786133,2837128.1875,7.621435005786852,0.4424343297291569,-0.0237403854834202,0.0,1.439431741293647,5.8149598573247605,7.254391598618407,0.0,0.5153268460005612,-0.8569937233090531,8,363500.0,2068500.0,18.70336,73.70545,C3_dehu_talegaon,28.86,True,36_206,1,test,train
c022_008,2019-20,1053.3008709716462,104.17204111015442,867.3248189638781,1108.2527976013432,666.649003366462,912.574159517306,0.0004730370896841,0.0003257991995501,4.30552100271295e-05,0.042132185161979065,0.0002187630192265625,4.009581178116497,1660.6745407238166,0.5512408049175876,301.6266555786133,2837128.1875,5.752239242607317,0.3704851497097463,-0.0047461193251102,0.0,0.4830470051209966,4.430879990052064,4.913926995173061,0.0,0.5153268460005612,-0.8569937233090531,8,364500.0,2068500.0,18.70343,73.71493,C3_dehu_talegaon,28.33,True,36_206,1,test,train
c022_009,2019-20,1057.7848560465657,104.05000668853418,871.0170892833298,1202.0215417558122,711.6394692540886,989.7866268090324,0.0004750508459702,0.0003533649154721,4.3131923616664606e-05,0.04207016135217063,0.000217860452127125,4.009581178116497,1660.6745407238166,0.5512408049175876,301.6266555786133,2837128.1875,2.8741419695916934,0.2936500175239801,0.0729333722708075,0.0,0.0,2.190348328762796,2.190348328762796,0.0,0.5153268460005612,-0.8569937233090531,8,365500.0,2068500.0,18.70349,73.72442,C3_dehu_talegaon,27.83,True,36_206,1,test,gap
c022_010,2019-20,1093.259262803928,105.66059894613952,900.2279579597201,1260.661792861026,754.8897905121963,1038.0730628839483,0.0004909823908813,0.0003706037141585,4.3430067924600815e-05,0.04203770948826875,0.000218677512305825,4.009581178116497,1660.6745407238166,0.5512408049175876,301.6266555786133,2837128.1875,3.949193120051205,0.3693076314089524,-0.0134680864986762,0.0,0.0,3.4573249894130096,3.4573249894130096,0.0,0.5153268460005612,-0.8569937233090531,8,366500.0,2068500.0,18.70355,73.7339,C3_dehu_talegaon,27.35,True,36_206,1,test,gap
c022_011,2019-20,1138.2958575161203,108.44381317431134,937.3126670224484,1335.8881309805558,739.7608781815404,1100.017063775782,0.0005112083113937,0.0003927184165057,4.397925042770258e-05,0.04199752957523864,0.0002224714160308875,4.009581178116497,1660.6745407238166,0.5512408049175876,301.6266555786133,2837128.1875,3.885265276175205,0.3360275693731295,0.0238475892508767,0.0,0.0,1.7341426660490462,1.7341426660490462,0.0,0.5153268460005612,-0.8569937233090531,8,367500.0,2068500.0,18.70362,73.74338,C3_dehu_talegaon,26.91,True,36_206,1,test,gap
c022_012,2019-20,1167.3352545708535,110.4841432321104,961.2247233849222,1615.7961252055588,701.4546875424425,1330.5031073255154,0.0005242498954724,0.0004750045164493,4.467916163982962e-05,0.04196925275830804,0.0002239656727893125,4.009581178116497,1660.6745407238166,0.5512408049175876,301.6266555786133,2837128.1875,3.892317980911496,0.2257356548117989,0.1498611380325024,0.0,0.0,0.6652972915629766,0.6652972915629766,0.0,0.5153268460005612,-0.8569937233090531,8,368500.0,2068500.0,18.70368,73.75286,C3_dehu_talegaon,26.49,True,36_206,1,test,gap
c023_002,2019-20,873.278655244059,86.75850030593831,719.0882229745743,333.89482933363337,719.1745047475592,274.9406939515994,0.0003921891692531,9.815690821290106e-05,4.082972937319085e-05,0.04220780056701917,0.00020662947233335,4.009581178116497,1660.6745407238166,0.5512408049175876,301.6266555786133,2837128.1875,6.60057432414482,0.3059456683709466,0.0918829402488648,1.6982160350127489,0.0,0.3804799279933097,2.078695963006058,0.0,0.5153268460005612,-0.8569937233090531,8,358500.0,2069500.0,18.71206,73.65797,C3_dehu_talegaon,32.61,True,35_206,3,test,train
c023_003,2019-20,931.0692842472748,89.49158085472709,766.6750504608034,65.46481280711008,677.750419256559,53.90601914536854,0.0004181429225519,1.9245052805119848e-05,4.125214841981115e-05,0.04221761844669372,0.0002051349347514125,4.009581178116497,1660.6745407238166,0.5512408049175876,301.6266555786133,2837128.1875,5.2110574765908755,0.3022579424644702,0.0919399348851176,0.0,0.0,1.3151923827472398,1.3151923827472398,0.0,0.5153268460005612,-0.8569937233090531,8,359500.0,2069500.0,18.71213,73.66745,C3_dehu_talegaon,31.99,True,35_206,3,test,train
c023_004,2019-20,964.651968275194,90.86112486208825,794.3282084022445,147.65365184899247,656.5342130271918,121.58318709178226,0.0004332248953806,4.340656002599946e-05,4.172406684241679e-05,0.042196260499097735,0.0002004310593722375,4.009581178116497,1660.6745407238166,0.5512408049175876,301.6266555786133,2837128.1875,9.998231871039094,0.2995841309286084,0.0691800626000071,2.4233473753958403,0.3276035338065093,4.017722698964897,6.768673608167246,0.0,0.5153268460005612,-0.8569937233090531,8,360500.0,2069500.0,18.7122,73.67694,C3_dehu_talegaon,31.39,True,36_206,1,test,train
c023_005,2019-20,973.0320722413528,91.5595591136373,801.2286794411056,515.6290194085972,630.7947882799635,424.5869895640884,0.0004369883974346,0.0001515823124036,4.2317798019998825e-05,0.04213032310869045,0.0002029247859281625,4.009581178116497,1660.6745407238166,0.5512408049175876,301.6266555786133,2837128.1875,10.138219908908749,0.3057062591862665,0.0364629271808709,0.4390279576730095,0.0,2.8289208856139063,3.267948843286916,0.0,0.5153268460005612,-0.8569937233090531,8,361500.0,2069500.0,18.71226,73.68642,C3_dehu_talegaon,30.81,True,36_206,1,test,train
c023_006,2019-20,982.2362232594908,93.44125643066262,808.8076996769464,790.0308673995227,629.6646274314764,650.5390795044846,0.0004411219787603,0.0002322497401096,4.231558912651257e-05,0.04209668059177606,0.000208301456195025,4.009581178116497,1660.6745407238166,0.5512408049175876,301.6266555786133,2837128.1875,5.777830026819878,0.4164404420856883,-0.0258094938795611,0.0,1.0142412503950726,1.337549478829969,2.351790729225042,0.0,0.5153268460005612,-0.8569937233090531,8,362500.0,2069500.0,18.71233,73.6959,C3_dehu_talegaon,30.25,True,36_206,1,test,train
c023_007,2019-20,1010.654335636032,97.8164791596889,832.208168480833,851.7112158263368,642.7964350802321,701.3288381643874,0.0004538845440856,0.0002503822530064,4.2060254336365764e-05,0.04213164259524931,0.0002080001467753875,4.009581178116497,1660.6745407238166,0.5512408049175876,301.6266555786133,2837128.1875,5.282672867433533,0.4867509848166876,-0.0393522025343318,0.0,0.0,1.0528990618419414,1.0528990618419414,0.0,0.5153268460005612,-0.8569937233090531,8,363500.0,2069500.0,18.7124,73.70538,C3_dehu_talegaon,29.71,True,36_206,1,test,train
c023_008,2019-20,1026.4191603626873,101.01050640477705,845.1894771732206,977.3211315411417,668.4134667750394,804.7604410519007,0.0004609645219092,0.0002873084940987,4.205767926941228e-05,0.04207014565324955,0.000212269632700575,4.009581178116497,1660.6745407238166,0.5512408049175876,301.6266555786133,2837128.1875,3.801761373538863,0.3901810267134624,-0.0313286499613567,0.0,0.8016479839531673,2.3275814233940264,3.129229407347194,0.0,0.5153268460005612,-0.8569937233090531,8,364500.0,2069500.0,18.71246,73.71487,C3_dehu_talegaon,29.19,True,36_206,1,test,train
c023_009,2019-20,1019.5020241218313,100.22392781103056,839.4936649858493,994.2115765226464,721.3933754785784,818.668624876233,0.0004578580382002,0.0002922738715532,4.215891002212961e-05,0.04202573449690813,0.0002132850572215375,4.009581178116497,1660.6745407238166,0.5512408049175876,301.6266555786133,2837128.1875,2.9916812100435615,0.348035097118151,0.0089256828620706,0.0,1.4529091388612798,1.4583510905101258,2.911260229371406,0.0,0.5153268460005612,-0.8569937233090531,8,365500.0,2069500.0,18.71253,73.72435,C3_dehu_talegaon,28.71,True,36_206,1,test,train
c023_010,2019-20,1048.206928515643,101.41145889715426,863.1302883789089,1002.2112557544322,758.7170842871834,825.2558408680675,0.0004707494017302,0.0002946255814663,4.221999446329537e-05,0.041943560147478985,0.0002156674514757,4.009581178116497,1660.6745407238166,0.5512408049175876,301.6266555786133,2837128.1875,3.0077588309768153,0.3597909218455037,-0.0123866347429156,0.0,0.1863114799491574,5.335024682908905,5.521336162858063,0.0,0.5153268460005612,-0.8569937233090531,8,366500.0,2069500.0,18.71259,73.73383,C3_dehu_talegaon,28.25,True,36_206,1,test,gap
c023_011,2019-20,1082.6990339666368,103.83515859440392,891.5322957639112,1062.1431887985266,739.8745123893552,874.6058930802845,0.0004862397954337,0.0003122441030306,4.27377083986737e-05,0.04190702120076534,0.0002189529280270625,4.009581178116497,1660.6745407238166,0.5512408049175876,301.6266555786133,2837128.1875,2.5684746729920485,0.405907266893304,-0.0314239117665444,0.0,0.0,0.5372866863589858,0.5372866863589858,0.0,0.5153268460005612,-0.8569937233090531,8,367500.0,2069500.0,18.71265,73.74331,C3_dehu_talegaon,27.81,True,36_206,1,test,gap
c024_001,2019-20,789.5263048924952,82.63880037490144,650.123605068714,425.49320558066194,750.5118686127938,350.36600431192653,0.0003545760150667,0.0001250845890867,4.0062424025204384e-05,0.04218553897728575,0.0002057101848804625,4.009581178116497,1660.6745407238166,0.5512408049175876,301.6266555786133,2837128.1875,6.478698207693963,0.2797635166532215,0.1049690763605573,1.075773921277423,0.0,0.4276215969747086,1.5033955182521317,0.0,0.5153268460005612,-0.8569937233090531,8,357500.0,2070500.0,18.72103,73.64842,C3_dehu_talegaon,34.02,True,35_207,4,test,train
c024_002,2019-20,842.4420845183595,84.34575523742805,693.6963108825789,145.10194736020617,700.6415241892663,119.48202426663022,0.0003783404750443,4.265642135571184e-05,4.0526377513765404e-05,0.042194180664441985,0.00020561732469149998,4.009581178116497,1660.6745407238166,0.5512408049175876,301.6266555786133,2837128.1875,7.454127313197862,0.3234596208787047,0.0388998348763926,0.950700487404496,0.0,0.0,0.950700487404496,0.0,0.5153268460005612,-0.8569937233090531,8,358500.0,2070500.0,18.7211,73.6579,C3_dehu_talegaon,33.4,True,35_207,4,test,train
c024_003,2019-20,896.5872612527476,86.99397989204098,738.2813453234974,-41.13428771912696,676.7569315448432,-33.87141284359599,0.0004026570568764,-1.2092473884987766e-05,4.082216936459201e-05,0.04218791847986807,0.0002041327332451625,4.009581178116497,1660.6745407238166,0.5512408049175876,301.6266555786133,2837128.1875,8.830290437228886,0.1978617783834354,0.0635369896111471,2.397858397222187,0.6960258790652546,4.112927642977442,7.206811919264883,0.0,0.5153268460005612,-0.8569937233090531,8,359500.0,2070500.0,18.72117,73.66738,C3_dehu_talegaon,32.79,True,35_207,4,test,train
c024_004,2019-20,929.1841307486128,88.70675723741068,765.1227490605039,141.15193972139303,666.9770946026658,116.2294496655296,0.0004172963007089,4.1495215780839575e-05,4.1154988666281e-05,0.042143554782912276,0.000198382167589525,4.009581178116497,1660.6745407238166,0.5512408049175876,301.6266555786133,2837128.1875,16.667599522582886,0.2663521772052915,0.0310474015314776,0.3402054722942416,0.6726664211493366,11.425484899403065,12.43835679284664,0.0,0.5153268460005612,-0.8569937233090531,8,360500.0,2070500.0,18.72123,73.67686,C3_dehu_talegaon,32.2,True,36_207,2,test,train
c024_005,2019-20,939.831627606028,89.35510995616107,773.890270799812,525.6373798710259,644.3618630522141,432.82822401611503,0.0004220780881969,0.0001545245254388,4.140382073827603e-05,0.04207317900550544,0.000200943299849075,4.009581178116497,1660.6745407238166,0.5512408049175876,301.6266555786133,2837128.1875,20.559396859788006,0.2654005388520206,0.0150856527963721,0.0,1.0711140854837755,11.307418808745744,12.37853289422952,0.0,0.5153268460005612,-0.8569937233090531,8,361500.0,2070500.0,18.7213,73.68635,C3_dehu_talegaon,31.63,True,36_207,2,test,train
c024_006,2019-20,951.0841404609764,90.76545586625524,783.1559838963973,767.017035605727,638.1901048867862,631.5886845657565,0.0004271315881789,0.0002254842367937,4.11776920775484e-05,0.042073692407296276,0.0002053039210339375,4.009581178116497,1660.6745407238166,0.5512408049175876,301.6266555786133,2837128.1875,9.564164319578753,0.3996780189718053,-0.0082150569076969,0.0,1.23179528000131,2.918572041363185,4.150367321364495,0.0,0.5153268460005612,-0.8569937233090531,8,362500.0,2070500.0,18.72137,73.69583,C3_dehu_talegaon,31.09,True,36_207,2,test,train
c024_007,2019-20,974.6291135013456,94.30712809970484,802.5437391357049,804.1634760443075,641.4586014366675,662.1763643222764,0.0004377056281619,0.0002364043811752,4.124266344713323e-05,0.042091239860022986,0.000205579130158425,4.009581178116497,1660.6745407238166,0.5512408049175876,301.6266555786133,2837128.1875,5.124144374330839,0.3764723660851891,0.0082461928562483,0.0,0.0,0.6713919082702225,0.6713919082702225,0.0,0.5153268460005612,-0.8569937233090531,8,363500.0,2070500.0,18.72143,73.70531,C3_dehu_talegaon,30.56,True,36_207,2,test,train
c024_008,2019-20,978.833243373506,95.92036300423304,806.0055668819484,844.9401647178058,666.345228852302,695.7533175902097,0.0004395937015644,0.0002483917296926,4.120714803752909e-05,0.0420469255476788,0.00020997965214235,4.009581178116497,1660.6745407238166,0.5512408049175876,301.6266555786133,2837128.1875,3.251160775709408,0.4152243697785384,-0.0463080606288269,0.0,0.2749411711989774,0.0598454542696655,0.3347866254686429,0.0,0.5153268460005612,-0.8569937233090531,8,364500.0,2070500.0,18.7215,73.7148,C3_dehu_talegaon,30.06,True,36_207,2,test,train
c024_009,2019-20,969.5381863052902,94.82420096622477,798.3516914213573,813.2478796976827,720.2377767241954,669.6567803849634,0.0004354192943602,0.0002390749735212,4.1263025416454234e-05,0.04200395696907951,0.0002120917648683375,4.009581178116497,1660.6745407238166,0.5512408049175876,301.6266555786133,2837128.1875,3.4750960165500278,0.2769923776767757,0.0460017580488465,0.0,1.8166445820121264,1.799033221968686,3.615677803980813,0.0,0.5153268460005612,-0.8569937233090531,8,365500.0,2070500.0,18.72156,73.72428,C3_dehu_talegaon,29.59,True,36_207,2,test,train
c024_010,2019-20,997.6349617876224,95.81510644555846,821.4875601747958,799.7219922164271,754.0680034517445,658.5190910178371,0.0004480375473874,0.000235098693629,4.125582432172539e-05,0.04195236522748981,0.0002135103346792625,4.009581178116497,1660.6745407238166,0.5512408049175876,301.6266555786133,2837128.1875,3.119032285907809,0.3216636049019647,0.0200688593346281,0.0,0.8420549909820028,3.6843167290278953,4.526371720009898,0.0,0.5153268460005612,-0.8569937233090531,8,366500.0,2070500.0,18.72163,73.73376,C3_dehu_talegaon,29.14,True,36_207,2,test,gap
c025_001,2019-20,762.5938041092379,81.47624060267773,627.9464408700983,218.41012438405505,703.1421246572503,179.84654414700276,0.0003424806374404,6.420723128513116e-05,3.962580234939046e-05,0.04214369213223264,0.00020384800653471249,4.009581178116497,1660.6745407238166,0.5512408049175876,301.6266555786133,2837128.1875,8.488267650287582,0.2325912678886738,0.0824063026372364,2.322011292644271,0.9448446129820784,4.188924508959187,7.455780414585536,0.0,0.5153268460005612,-0.8569937233090531,8,357500.0,2071500.0,18.73007,73.64834,C3_dehu_talegaon,34.8,True,35_207,4,test,train
c025_002,2019-20,814.0555474952996,83.00019099127348,670.3218423303739,-48.70503963244368,672.5371606826658,-40.1054350623193,0.0003655920902003,-1.4318089663887818e-05,4.00476054743416e-05,0.04212747711277029,0.00020412957252675,4.009581178116497,1660.6745407238166,0.5512408049175876,301.6266555786133,2837128.1875,11.555829917794313,0.266912811530377,0.0574139717254104,2.714420685037408,0.0,6.520580283990074,9.235000969027482,0.0,0.5153268460005612,-0.8569937233090531,8,358500.0,2071500.0,18.73013,73.65783,C3_dehu_talegaon,34.19,True,35_207,4,test,train
c025_003,2019-20,863.9048819088465,85.04013847065946,711.3695297834523,-149.59989200424977,673.2467613103183,-123.18578938409938,0.0003879794105981,-4.397870700012636e-05,4.0223866911337595e-05,0.042111983084720674,0.0002031573616865125,4.009581178116497,1660.6745407238166,0.5512408049175876,301.6266555786133,2837128.1875,14.264755526678517,0.2507657716559242,0.0339316607275898,1.207419698667142,0.1484275826586547,8.554718582891411,9.910565864217208,0.0,0.5153268460005612,-0.8569937233090531,8,359500.0,2071500.0,18.7302,73.66731,C3_dehu_talegaon,33.59,True,35_207,4,test,train
c025_004,2019-20,891.7932560552528,86.26395094366706,734.3337935796225,125.3591785143088,680.2545952359058,103.22513709694842,0.0004005040706509,3.685253049180481e-05,4.0362439763005034e-05,0.042046813107817646,0.0001985732169334875,4.009581178116497,1660.6745407238166,0.5512408049175876,301.6266555786133,2837128.1875,19.318715629663927,0.2854427845517214,0.0140312886339075,1.697229341772405,3.313566810924572,8.884893920903302,13.895690073600278,0.0,0.5153268460005612,-0.8569937233090531,8,360500.0,2071500.0,18.73027,73.67679,C3_dehu_talegaon,33.02,True,36_207,2,test,train
c025_005,2019-20,900.1456184661957,86.35495666293478,741.211421250536,505.7560424484931,668.6494629078206,416.4572346283903,0.0004042551139812,0.0001486798988046,4.0557231411319663e-05,0.041956349554274436,0.0002013605428255875,4.009581178116497,1660.6745407238166,0.5512408049175876,301.6266555786133,2837128.1875,19.22148966825813,0.2355497328385113,0.0452102294551387,1.0033963359721154,0.9564026587606812,11.127514694556062,13.08731368928886,0.0,0.5153268460005612,-0.8569937233090531,8,361500.0,2071500.0,18.73034,73.68628,C3_dehu_talegaon,32.47,True,36_207,2,test,train
c025_006,2019-20,905.1880594030011,86.81465977934538,745.3635436812489,699.9729052362248,660.1693782494024,576.3822000389964,0.0004065196726191,0.0002057749032769,4.034690690088621e-05,0.041979661682125385,0.0002056382534968875,4.009581178116497,1660.6745407238166,0.5512408049175876,301.6266555786133,2837128.1875,8.645554081565397,0.2556686120468389,0.1053538307558243,0.2665534189351036,1.11413807637851,3.4328774426848154,4.813568937998429,0.0,0.5153268460005612,-0.8569937233090531,8,362500.0,2071500.0,18.7304,73.69576,C3_dehu_talegaon,31.94,True,36_207,2,test,train
c025_007,2019-20,917.1869068604464,89.19189983658912,755.2438148227734,724.9340903630454,652.5787552968645,596.9361138995938,0.0004119083512362,0.0002131128808139,4.0376275465251705e-05,0.041977090191826924,0.000205153492432975,4.009581178116497,1660.6745407238166,0.5512408049175876,301.6266555786133,2837128.1875,4.730925687968013,0.3745073621562697,0.0050119740924293,0.0533178904460848,0.0,1.834246167976154,1.887564058422239,0.0,0.5153268460005612,-0.8569937233090531,8,363500.0,2071500.0,18.73047,73.70525,C3_dehu_talegaon,31.43,True,36_207,2,test,train
c025_008,2019-20,910.5863156980604,89.67677113917922,749.8086569369834,693.905395324263,670.2525634766375,571.3859999208864,0.0004089440278224,0.0002039912038566,4.019181975386579e-05,0.04199529745122109,0.0002072874227517125,4.009581178116497,1660.6745407238166,0.5512408049175876,301.6266555786133,2837128.1875,4.574210646598564,0.3385707282961191,-0.0063585535084436,1.0526403613785464,0.388348570391229,0.781012354749221,2.2220012865189966,0.0,0.5153268460005612,-0.8569937233090531,8,364500.0,2071500.0,18.73053,73.71473,C3_dehu_talegaon,30.94,True,36_207,2,test,train
c025_009,2019-20,906.4156507497466,88.84192280114958,746.3743853808247,624.6490053082656,700.203247227811,514.3578633379312,0.0004070709835066,0.0001836315201456,4.0328963150568805e-05,0.04193700080044298,0.0002110173898492625,4.009581178116497,1660.6745407238166,0.5512408049175876,301.6266555786133,2837128.1875,4.702105298638344,0.2719358328869796,0.0896635716944824,0.0,1.5488746600264935,2.833944609845225,4.382819269871719,0.0,0.5153268460005612,-0.8569937233090531,8,365500.0,2071500.0,18.7306,73.72421,C3_dehu_talegaon,30.48,True,36_207,2,test,train
c026_001,2019-20,727.874675526428,79.08014278274304,599.3574946890409,29.269240714609797,649.1821638427201,24.101317680095672,0.0003268882877199,8.604440446169748e-06,3.897362976045988e-05,0.04204282845499905,0.0002047135499305375,4.009581178116497,1660.6745407238166,0.5512408049175876,301.6266555786133,2837128.1875,6.460355583148507,0.2707599435864701,0.0663730130023895,0.6689225810165255,0.2947984958830799,3.0848791940446434,4.048600270944249,0.0,0.5153268460005612,-0.8569937233090531,8,357500.0,2072500.0,18.7391,73.64827,C3_dehu_talegaon,35.59,True,35_207,4,test,train
c026_002,2019-20,780.1171487105654,81.72021703757642,642.3757764026587,-223.2363252442452,643.0130442116573,-183.8206069268867,0.0003503503659864,-6.562601622347879e-05,3.9339589470226826e-05,0.04201836562777146,0.000204772439913325,4.009581178116497,1660.6745407238166,0.5512408049175876,301.6266555786133,2837128.1875,8.011532500009427,0.2146020536802394,0.1240004113772182,0.0,2.217307287102884,2.794698239988602,5.012005527091485,0.0,0.5153268460005612,-0.8569937233090531,8,358500.0,2072500.0,18.73917,73.65776,C3_dehu_talegaon,34.99,True,35_207,4,test,train
c026_003,2019-20,829.0159655380868,83.96297979145156,682.640774392601,-239.02670321517544,673.9562246923426,-196.8229570553686,0.0003723108092354,-7.026800089941066e-05,3.9526399845577676e-05,0.04200809122298739,0.0002035241424326625,4.009581178116497,1660.6745407238166,0.5512408049175876,301.6266555786133,2837128.1875,10.66139562394884,0.2496105773383537,0.0981200639458772,0.0,0.4732183702092159,3.249180080397759,3.722398450606975,0.0,0.5153268460005612,-0.8569937233090531,8,359500.0,2072500.0,18.73924,73.66724,C3_dehu_talegaon,34.41,True,35_207,4,test,train
c026_004,2019-20,856.841083030624,85.10677417408763,705.5529504450151,85.2921399231761,700.9577913023177,70.23253455555323,0.0003848070607448,2.507380173101049e-05,3.967220011222729e-05,0.0419183123127868,0.0002007174482855625,4.009581178116497,1660.6745407238166,0.5512408049175876,301.6266555786133,2837128.1875,16.227286628630793,0.2528017718030892,0.0222399153849725,0.0,2.5323447472442067,11.691270037879752,14.223614785123958,0.0,0.5153268460005612,-0.8569937233090531,8,360500.0,2072500.0,18.7393,73.67672,C3_dehu_talegaon,33.85,True,36_207,2,test,train
c026_005,2019-20,863.559153104896,84.50906452384041,711.0848445804293,427.3466125140608,703.0963087348122,351.89216447876817,0.000387824143901,0.0001256294453656,4.0006397576361864e-05,0.0418453097702017,0.00020226053830495,4.009581178116497,1660.6745407238166,0.5512408049175876,301.6266555786133,2837128.1875,13.863242096564488,0.2648753644525108,0.0546051870378629,0.0,0.0750341058289997,6.400948392918197,6.475982498747197,0.0,0.5153268460005612,-0.8569937233090531,8,361500.0,2072500.0,18.73937,73.68621,C3_dehu_talegaon,33.31,True,36_207,2,test,train
c026_006,2019-20,856.0876497450682,83.29693021554023,704.9325470958817,548.083838918184,693.3220427585666,451.3114243684488,0.0003844686940934,0.0001611232350528,3.990756031950589e-05,0.04186762718541422,0.00020564535064515,4.009581178116497,1660.6745407238166,0.5512408049175876,301.6266555786133,2837128.1875,7.469647355074807,0.3067377535822483,0.0270808637633993,0.7595786474832124,1.291503566913622,1.7994419686270802,3.8505241830239134,0.0,0.5153268460005612,-0.8569937233090531,8,362500.0,2072500.0,18.73944,73.69569,C3_dehu_talegaon,32.79,True,36_207,2,test,train
c026_007,2019-20,850.5243072836994,83.85048443776668,700.351496110241,534.6809565670811,683.1853655712472,440.2750217325704,0.0003819701987448,0.0001571831156585,3.952546275547779e-05,0.04186953976778705,0.000205857469140725,4.009581178116497,1660.6745407238166,0.5512408049175876,301.6266555786133,2837128.1875,3.374710828186824,0.383387660898537,-0.0093178098465551,0.9668242536716536,0.0819080765201114,0.2621831751443612,1.3109155053361263,0.0,0.5153268460005612,-0.8569937233090531,8,363500.0,2072500.0,18.7395,73.70518,C3_dehu_talegaon,32.3,True,36_207,2,test,train
c026_008,2019-20,833.530574345601,83.62690282261057,686.3582613657751,432.1214639759134,695.8208754817067,355.82394436603863,0.0003743383186301,0.0001270331348375,3.931688757673571e-05,0.041904414404348125,0.0002061575373350125,4.009581178116497,1660.6745407238166,0.5512408049175876,301.6266555786133,2837128.1875,4.212718153735261,0.3378092282986934,-0.0178770646823187,0.0192073722590045,1.5034416698204198,3.646754040130593,5.169403082210017,0.0,0.5153268460005612,-0.8569937233090531,8,364500.0,2072500.0,18.73957,73.71466,C3_dehu_talegaon,31.83,True,36_207,2,test,train
c027_001,2019-20,678.1751792896032,74.93437428618799,558.4331892373269,-83.41033133450281,617.9228707954848,-68.68298747126182,0.0003045682596001,-2.45205960605864e-05,3.814464200511819e-05,0.04195523326260854,0.00020635836634895,4.009581178116497,1660.6745407238166,0.5512408049175876,301.6266555786133,2837128.1875,2.683776200777903,0.2484992618797943,0.1252602339040162,0.0,0.0,2.1036509033313755,2.1036509033313755,0.0,0.5153268460005612,-0.8569937233090531,8,357500.0,2073500.0,18.74814,73.6482,C3_dehu_talegaon,36.39,True,35_207,4,test,train
c027_002,2019-20,732.1010553526854,78.70217038782715,602.8376438265802,-338.2330523534233,627.1364185683923,-278.5129386909333,0.0003287863535698,-9.943223960874942e-05,3.84261564979532e-05,0.041938347607645664,0.0002058692199692625,4.009581178116497,1660.6745407238166,0.5512408049175876,301.6266555786133,2837128.1875,4.403477089552136,0.2537733565679468,0.087581307521182,0.0,1.4141352783769725,3.38001825160218,4.794153529979152,0.0,0.5153268460005612,-0.8569937233090531,8,358500.0,2073500.0,18.7482,73.65768,C3_dehu_talegaon,35.8,True,35_207,4,test,train
c027_003,2019-20,783.7643763160407,82.00378918246582,645.3790313223293,-292.3222179774681,679.4776113923973,-240.70835007716596,0.0003519883347562,-8.593557790598492e-05,3.8704429084010545e-05,0.04192509673687193,0.0002042808629275,4.009581178116497,1660.6745407238166,0.5512408049175876,301.6266555786133,2837128.1875,7.305630064968552,0.2657971755397483,0.0554414159205069,0.0,3.5534948440122687,1.0656655963471104,4.619160440359379,0.0,0.5153268460005612,-0.8569937233090531,8,359500.0,2073500.0,18.74827,73.66717,C3_dehu_talegaon,35.24,True,35_207,4,test,train
c027_004,2019-20,817.4939821496271,84.1288869567532,673.1531698230899,4.071163700496431,720.4470115687265,3.352338744624878,0.0003671362901215,1.196822491881187e-06,3.899603165034934e-05,0.041799066963519316,0.0002033775743187375,4.009581178116497,1660.6745407238166,0.5512408049175876,301.6266555786133,2837128.1875,8.122100568262425,0.2569954613017541,0.0601041085618615,0.0,0.8739557635386022,8.857028975270014,9.730984738808615,0.0,0.5153268460005612,-0.8569937233090531,8,360500.0,2073500.0,18.74834,73.67665,C3_dehu_talegaon,34.69,True,36_207,2,test,train
c027_005,2019-20,826.1626041615827,83.62822068787465,680.29121672345,254.60044098266792,726.3427309192367,209.64691805458523,0.0003710293655391,7.484629865749925e-05,3.9431568515980484e-05,0.04179669643194199,0.000204195321554475,4.009581178116497,1660.6745407238166,0.5512408049175876,301.6266555786133,2837128.1875,7.254534590708367,0.229159956620031,0.1082187188024561,0.0,1.2532261262665716,2.5941543041362323,3.847380430402804,0.0,0.5153268460005612,-0.8569937233090531,8,361500.0,2073500.0,18.74841,73.68614,C3_dehu_talegaon,34.16,True,36_207,2,test,train
c027_006,2019-20,808.1178134751975,81.09588106656913,665.4325042257828,303.04774865708777,713.8962494772481,249.5401275980668,0.0003629254557205,8.908862143335901e-05,3.9363113268126265e-05,0.04180899646655033,0.00020478989423965,4.009581178116497,1660.6745407238166,0.5512408049175876,301.6266555786133,2837128.1875,5.498408342768526,0.3049053279699554,0.027179630314477,0.0,1.5468131731006425,3.465711261503478,5.012524434604121,0.0,0.5153268460005612,-0.8569937233090531,8,362500.0,2073500.0,18.74847,73.69562,C3_dehu_talegaon,33.66,True,36_207,2,test,train
c028_002,2019-20,676.1270854057487,74.18801749266049,556.7467170184286,-399.3565998748993,639.4970925919292,-328.84420798874555,0.0003036484612814,-0.0001174010666663,3.739945142924818e-05,0.04189501413635562,0.0002034200885014625,4.009581178116497,1660.6745407238166,0.5512408049175876,301.6266555786133,2837128.1875,2.5269282119528413,0.2899183728126586,0.1096819157480116,0.0,0.0,3.339473492485166,3.339473492485166,0.0,0.5153268460005612,-0.8569937233090531,8,358500.0,2074500.0,18.75724,73.65761,C3_dehu_talegaon,36.63,True,35_207,4,test,train
c028_003,2019-20,730.6305664893774,78.07701139286537,601.6267918067006,-331.857641572358,699.4241349411392,-273.2632022159156,0.0003281259574841,-9.755802486842092e-05,3.7758031631046754e-05,0.04185943015762246,0.000202745366540025,4.009581178116497,1660.6745407238166,0.5512408049175876,301.6266555786133,2837128.1875,5.518316726067237,0.2608309574077734,0.0933395369750653,0.0,0.2084267804030366,3.619996700574707,3.828423480977744,0.0,0.5153268460005612,-0.8569937233090531,8,359500.0,2074500.0,18.75731,73.6671,C3_dehu_talegaon,36.07,True,35_207,4,test,train
c028_004,2019-20,768.5505323972803,80.9763579997923,632.8514195200044,-113.51642275063296,736.9964514953933,-93.47339732169472,0.0003451558022401,-3.337105013224705e-05,3.804478211919514e-05,0.041714351410559,0.0002040919322864375,4.009581178116497,1660.6745407238166,0.5512408049175876,301.6266555786133,2837128.1875,5.811338760004735,0.2873680346630801,0.0608734253790226,0.0,3.798396471521511,2.603325473351261,6.401721944872772,0.0,0.5153268460005612,-0.8569937233090531,8,360500.0,2074500.0,18.75737,73.67658,C3_dehu_talegaon,35.54,True,36_207,2,test,train
c028_005,2019-20,779.2901995522816,81.10448545682354,641.6948375097295,26.074643119268583,732.988435383311,21.470774159813764,0.0003499789833796,7.665306936468897e-06,3.844785756619246e-05,0.04175612848650729,0.00020762203917865,4.009581178116497,1660.6745407238166,0.5512408049175876,301.6266555786133,2837128.1875,3.5424021302464364,0.3016064652786393,0.0727662507971584,0.0,0.0,0.7501414562305215,0.7501414562305215,0.0,0.5153268460005612,-0.8569937233090531,8,361500.0,2074500.0,18.75744,73.68607,C3_dehu_talegaon,35.02,True,36_207,2,test,train
c028_006,2019-20,755.8344574368058,78.31447114131451,622.3805581384404,38.69916109938092,723.3001023788054,31.866244317838444,0.000339445016977,1.1376606255116903e-05,3.823752465187992e-05,0.04175008748083365,0.000207580330916075,4.009581178116497,1660.6745407238166,0.5512408049175876,301.6266555786133,2837128.1875,3.1670810754869376,0.264899439308087,0.1130313257506723,0.0,0.7448437836087627,1.547952771207722,2.2927965548164844,0.0,0.5153268460005612,-0.8569937233090531,8,362500.0,2074500.0,18.75751,73.69555,C3_dehu_talegaon,34.53,True,36_207,2,test,train
c029_004,2019-20,715.4906260569833,76.75018152722328,589.1600347228135,-196.62939886367585,741.8313754422197,-161.911532091579,0.0003213266150003,-5.780423103507938e-05,3.741834300223438e-05,0.04165095677107147,0.000202725796394875,4.009581178116497,1660.6745407238166,0.5512408049175876,301.6266555786133,2837128.1875,3.926564288348948,0.249432302559661,0.1275284991608184,0.0,2.377702299193483,0.4320735552267851,2.809775854420268,0.0,0.5153268460005612,-0.8569937233090531,8,360500.0,2075500.0,18.76641,73.67651,C3_dehu_talegaon,36.39,True,36_207,2,test,train
c029_005,2019-20,723.8975556772056,76.99814880997654,596.0825949445431,-161.57828358122592,733.0956487828144,-133.0492164373738,0.0003251021644472,-4.750006096929667e-05,3.744557462996409e-05,0.041676686390252564,0.000207383151218475,4.009581178116497,1660.6745407238166,0.5512408049175876,301.6266555786133,2837128.1875,5.837170210824191,0.2822887365008736,0.0500206899569841,0.0,3.2287731859597733,1.2550712435386155,4.483844429498388,0.0,0.5153268460005612,-0.8569937233090531,8,361500.0,2075500.0,18.76648,73.686,C3_dehu_talegaon,35.89,True,36_207,2,test,train
c029_006,2019-20,695.9619864673756,74.0159015538681,573.0794690805933,-191.70331376195625,734.4687723296562,-157.8552211297279,0.0003125563091062,-5.6356082574249874e-05,3.678532258239971e-05,0.04164312628238857,0.0002092096982139125,4.009581178116497,1660.6745407238166,0.5512408049175876,301.6266555786133,2837128.1875,5.857828016764356,0.2064226530299949,0.0662484871119624,0.0,1.098896335949152,2.8032502959061767,3.902146631855329,0.0,0.5153268460005612,-0.8569937233090531,8,362500.0,2075500.0,18.76654,73.69548,C3_dehu_talegaon,35.41,True,36_207,2,test,train
c029_007,2019-20,653.6171870374311,70.30224157833294,538.2112785076957,-267.4555001852284,764.1589045807575,-220.2322239276788,0.000293539273008,-7.862537145337152e-05,3.635410185122717e-05,0.04165576751612745,0.0002145780304251625,4.009581178116497,1660.6745407238166,0.5512408049175876,301.6266555786133,2837128.1875,3.1126249117230524,0.3178659297729794,0.0378159004621559,0.0,0.0,0.0,0.0,0.0,0.5153268460005612,-0.8569937233090531,8,363500.0,2075500.0,18.76661,73.70497,C3_dehu_talegaon,34.95,True,36_207,2,test,train
c030_004,2019-20,665.5332265631646,73.03240286784076,548.0233626986917,-302.21292356885044,715.0670421821919,-248.85270338863455,0.0002988907626091,-8.884320328859923e-05,3.68451640290459e-05,0.041608139779731275,0.000205491394461175,4.009581178116497,1660.6745407238166,0.5512408049175876,301.6266555786133,2837128.1875,2.699758333756999,0.2313057746922468,0.1495160030927614,0.0,0.0,0.0,0.0,0.0,0.5153268460005612,-0.8569937233090531,8,360500.0,2076500.0,18.77545,73.67644,C3_dehu_talegaon,37.26,True,36_207,2,test,train
c030_005,2019-20,675.7869805865985,73.72230585886493,556.4666628014164,-340.2166625672009,703.2391637755818,-280.1463127979655,0.0003034957203142,-0.0001000153724655,3.704690947151604e-05,0.04165403914631826,0.000209196559088375,4.009581178116497,1660.6745407238166,0.5512408049175876,301.6266555786133,2837128.1875,8.415309717604826,0.2724945011699146,0.0948677754022789,0.0,0.7503648874146576,0.3823867722368949,1.1327516596515526,0.1292907676340472,0.5153268460005612,-0.8569937233090531,8,361500.0,2076500.0,18.77551,73.68593,C3_dehu_talegaon,36.77,True,36_207,2,test,train
c030_006,2019-20,645.7207821515618,71.22054827954324,531.7091022284867,-417.76015137057226,723.3441680727792,-343.99833669895213,0.0002899930000587,-0.0001228112604047,3.635473065504233e-05,0.04162770351262232,0.0002103519525286,4.009581178116497,1660.6745407238166,0.5512408049175876,301.6266555786133,2837128.1875,19.430773731338697,0.214807351401516,0.028434742220155,0.0,1.4828144628878497,4.217281636965968,5.700096099853817,0.5518072759106204,0.5153268460005612,-0.8569937233090531,8,362500.0,2076500.0,18.77558,73.69541,C3_dehu_talegaon,36.3,True,36_207,2,test,train
c030_007,2019-20,603.8669787336653,67.95802943818336,497.2452149643566,-526.0746594549629,771.5175643940623,-433.1882953370709,0.0002711964701149,-0.0001546530749347,3.596764683884443e-05,0.041579638313469176,0.0002144447230045625,4.009581178116497,1660.6745407238166,0.5512408049175876,301.6266555786133,2837128.1875,6.382050421706007,0.2518190294933426,0.112682424064427,0.0,0.0,0.0,0.0,0.0091823566338231,0.5153268460005612,-0.8569937233090531,8,363500.0,2076500.0,18.77565,73.7049,C3_dehu_talegaon,35.85,True,36_207,2,test,train
c030_008,2019-20,578.2476037994062,65.59869079732981,476.1493245695008,-693.6390332545043,785.2750839060234,-571.1666680658589,0.0002596908168943,-0.0002039128999269,3.5929934228813634e-05,0.04151083837075889,0.0002177805066324,4.009581178116497,1660.6745407238166,0.5512408049175876,301.6266555786133,2837128.1875,2.9550718857786773,0.2403221093889684,0.1104546458893652,0.0,0.6515398168263842,0.1237766846023848,0.7753165014287691,0.0,0.5153268460005612,-0.8569937233090531,8,364500.0,2076500.0,18.77571,73.71439,C3_dehu_talegaon,35.43,True,36_207,2,test,train
c031_004,2019-20,609.1173474601076,67.72816492719706,501.568552417742,-543.6229825496494,684.1176051162354,-447.6381990356964,0.0002735544090577,-0.0001598118524537,3.5927989209244835e-05,0.04153253407713885,0.000210626408376125,4.009581178116497,1660.6745407238166,0.5512408049175876,301.6266555786133,2837128.1875,4.160465262870284,0.2569654340610653,0.0804363087037303,0.0,0.6809068265270755,0.4050605834669963,1.0859674099940717,0.0,0.5153268460005612,-0.8569937233090531,8,360500.0,2077500.0,18.78448,73.67637,C3_dehu_talegaon,38.13,True,36_207,2,test,train
c031_005,2019-20,622.9567163697018,68.94677935156757,512.9643733696562,-629.3663133967017,666.4596094879859,-518.2422599966233,0.0002797696652798,-0.0001850182932741,3.6051928991621366e-05,0.04156462061798929,0.0002109833842574125,4.009581178116497,1660.6745407238166,0.5512408049175876,301.6266555786133,2837128.1875,19.795436827570086,0.2224583312457715,0.099618808615631,0.0,0.0,0.4768321868392239,0.4768321868392239,0.6192206866258102,0.5153268460005612,-0.8569937233090531,8,361500.0,2077500.0,18.78455,73.68586,C3_dehu_talegaon,37.65,True,36_207,2,test,train
c031_006,2019-20,600.8982420074796,67.70600899991142,494.8006531923577,-685.1671515393382,701.835723409641,-564.1906240148257,0.0002698632113854,-0.0002014223740402,3.557915463490827e-05,0.041515858513285264,0.000214335635131125,4.009581178116497,1660.6745407238166,0.5512408049175876,301.6266555786133,2837128.1875,25.464593121602448,0.2452581104998734,0.0666353763468499,0.0,2.0235326716521422,2.2972430972662794,4.320775768918422,0.7711921662748861,0.5153268460005612,-0.8569937233090531,8,362500.0,2077500.0,18.78461,73.69534,C3_dehu_talegaon,37.19,True,36_207,2,test,train
c031_007,2019-20,572.5822343471095,66.05563221908135,471.48426098700907,-748.7401877940785,761.7244363816267,-616.5388881055624,0.0002571465012561,-0.0002201112908375,3.564126766480691e-05,0.041499231324981026,0.000220977799482625,4.009581178116497,1660.6745407238166,0.5512408049175876,301.6266555786133,2837128.1875,6.710259512489827,0.2507947129801638,0.1250674351804113,0.0,0.0,0.0,0.0,0.0286704561131335,0.5153268460005612,-0.8569937233090531,8,363500.0,2077500.0,18.78468,73.70483,C3_dehu_talegaon,36.75,True,36_207,2,test,train
c031_008,2019-20,548.909614509695,64.12354856400052,451.9913969054042,-876.1396027903619,782.7062761092117,-721.4440273615708,0.0002465151351368,-0.0002575636009231,3.5728529799143874e-05,0.04150212543913115,0.0002248591969830375,4.009581178116497,1660.6745407238166,0.5512408049175876,301.6266555786133,2837128.1875,3.2234050178198848,0.2367250438277989,0.0339598831784448,0.0,1.303336254181399,0.5266906189107121,1.830026873092112,0.0,0.5153268460005612,-0.8569937233090531,8,364500.0,2077500.0,18.78475,73.71432,C3_dehu_talegaon,36.34,True,36_207,2,test,train
c032_004,2019-20,550.5811266253897,62.572489528937645,453.3677785102191,-807.4412042151861,671.8867887087669,-664.8753604693105,0.0002472658107019,-0.0002373679530396,3.488405352698471e-05,0.04148494022783239,0.0002107734656301875,4.009581178116497,1660.6745407238166,0.5512408049175876,301.6266555786133,2837128.1875,3.646765416681574,0.2557102325176729,0.0956511057712469,0.0,0.3931532009657354,0.0190070233567142,0.4121602243224497,0.0,0.5153268460005612,-0.8569937233090531,8,360500.0,2078500.0,18.79352,73.6763,C3_dehu_talegaon,39.0,True,36_207,2,test,train
c032_005,2019-20,567.4340317163127,63.47021661771598,467.2450506741701,-939.0770777496964,661.8330986265137,-773.2689480272046,0.0002548344450747,-0.000276065678254,3.502304457891841e-05,0.04153403672637737,0.0002110900625470875,4.009581178116497,1660.6745407238166,0.5512408049175876,301.6266555786133,2837128.1875,14.251832325592058,0.2206318377563889,0.0952541614647632,0.0,1.0382071386127265,0.061417153050546,1.0996242916632724,0.2859625507399508,0.5153268460005612,-0.8569937233090531,8,361500.0,2078500.0,18.79358,73.68579,C3_dehu_talegaon,38.53,True,36_207,2,test,train
c032_006,2019-20,559.7039658851253,63.0870833278703,460.8798437970233,-995.2718511601362,712.3886849977044,-819.5416921387375,0.0002513628749426,-0.0002925855663478,3.477422584242987e-05,0.041505767504898476,0.0002160260450533125,4.009581178116497,1660.6745407238166,0.5512408049175876,301.6266555786133,2837128.1875,22.539350759866956,0.1883609282328731,0.0855505902197664,0.0,2.6076635722600887,1.279428240871059,3.887091813131148,0.590021429941323,0.5153268460005612,-0.8569937233090531,8,362500.0,2078500.0,18.79365,73.69528,C3_dehu_talegaon,38.09,True,36_207,2,test,train
c032_007,2019-20,547.2730190244972,62.7575983834228,450.6437668767621,-1019.2745618306626,775.0956253344784,-839.3063645706062,0.0002457801406194,-0.000299641775852,3.505729583086205e-05,0.04142897070915344,0.0002249654144500375,4.009581178116497,1660.6745407238166,0.5512408049175876,301.6266555786133,2837128.1875,7.745799902364287,0.1879873203167957,0.0795009821470999,0.0,1.1771380721689797,0.0,1.1771380721689797,0.4092012924321729,0.5153268460005612,-0.8569937233090531,8,363500.0,2078500.0,18.79372,73.70476,C3_dehu_talegaon,37.66,True,36_207,2,test,train
c033_005,2019-20,514.1825064447975,59.34675315870379,423.3958801393908,-1183.881390267037,657.5670747226735,-974.8493908875756,0.0002309192018333,-0.0003480321548893,3.399445481234932e-05,0.041663498419786664,0.0002151715835267875,4.009581178116497,1660.6745407238166,0.5512408049175876,301.6266555786133,2837128.1875,4.128651574459653,0.264702623862206,0.0484012251110179,0.0,0.0,2.532654568113215,2.532654568113215,0.158728565639183,0.5153268460005612,-0.8569937233090531,8,361500.0,2079500.0,18.80262,73.68572,C3_dehu_talegaon,39.43,True,36_207,2,test,train
c033_006,2019-20,515.1982944227447,59.23721849088591,424.2323155287074,-1282.822733779381,720.1472792941133,-1056.3211576114793,0.0002313753918945,-0.0003771184884303,3.39237569649264e-05,0.041664476400729185,0.00022127967090715,4.009581178116497,1660.6745407238166,0.5512408049175876,301.6266555786133,2837128.1875,6.250311525308606,0.2472453402177997,0.0398934736630783,0.0,0.5562907255665595,5.504135290209198,6.060426015775757,0.0,0.5153268460005612,-0.8569937233090531,8,362500.0,2079500.0,18.80269,73.69521,C3_dehu_talegaon,38.99,True,36_207,2,test,train
c000_021,2020-21,4225.7170258063215,312.20870064908223,3479.6033644395466,5464.908472273808,853.4855551349849,4499.996992309177,0.0013665486877754,0.0016065493448204,7.541867895646295e-05,0.0468207329873975,0.000240345687789825,3.5657045374540575,1815.4002695229624,0.5901513614820066,302.17736053466797,2850689.53125,25.627932377879127,0.3688378589073912,-0.0692514320887102,0.6156187945942216,5.073243410295835,12.65317639355793,18.342038598447985,0.0,0.9995634207805145,-0.02954602913347677,8,377500.0,2046500.0,18.50543,73.83955,C1_shivajinagar_kasarwadi,2.79,True,37_204,4,test,train
c000_022,2020-21,4358.649411307377,321.45854183979924,3589.064545348646,5350.234602441374,886.6763747051458,4405.5705125317945,0.0014095375050246,0.001572838033573,7.52763642062026e-05,0.04675307001516956,0.0002459789131522875,3.5657045374540575,1815.4002695229624,0.5901513614820066,302.17736053466797,2850689.53125,28.263699170537926,0.3183199475741129,-0.0253962429410706,2.89687832849604,4.509041954597461,12.086926819604171,19.49284710269768,0.0,0.9995634207805145,-0.02954602913347677,8,378500.0,2046500.0,18.50549,73.84902,C1_shivajinagar_kasarwadi,2.35,True,37_204,4,test,train
c000_023,2020-21,4430.2625874771975,325.9359734800918,3648.0333421745913,5202.663927460463,869.0155160256835,4284.055651498663,0.0014326963893808,0.0015294558667155,7.436050289640948e-05,0.046610062017687075,0.0002546961052714375,3.5657045374540575,1815.4002695229624,0.5901513614820066,302.17736053466797,2850689.53125,36.06841552306037,0.2491358981900864,0.0122167985823101,1.9602886760174647,3.8515407533531154,17.5000421541537,23.31187158352428,0.0,0.9995634207805145,-0.02954602913347677,8,379500.0,2046500.0,18.50555,73.8585,C1_shivajinagar_kasarwadi,2.3,True,37_204,4,test,train
c001_020,2020-21,3939.6673293511726,291.2410353922057,3244.060028219033,5161.627885531475,840.0962288841997,4250.265137678788,0.001274043478614,0.0015173922746884,7.338030757844842e-05,0.046720897904828425,0.0002452229833306125,3.5657045374540575,1815.4002695229624,0.5901513614820066,302.17736053466797,2850689.53125,16.57668597620677,0.3918273738054569,-0.0709531697876846,1.934134580507434,2.983184931696681,12.320570758259285,17.2378902704634,0.0,0.9995634207805145,-0.02954602913347677,8,376500.0,2047500.0,18.51441,73.83002,C1_shivajinagar_kasarwadi,4.19,True,37_204,4,test,train
c001_021,2020-21,4086.80811306779,302.5797362886784,3365.2209017323084,5073.1110644294895,894.5206077067875,4177.377287726935,0.0013216271297856,0.0014913704956104,7.418026145307335e-05,0.0467426604066261,0.0002449680005845875,3.5657045374540575,1815.4002695229624,0.5901513614820066,302.17736053466797,2850689.53125,22.756169777381714,0.3618718821463901,-0.0633377640212539,4.387935602084497,5.318093262810974,10.516609051157264,20.222637916052733,0.0150171076452556,0.9995634207805145,-0.02954602913347677,8,377500.0,2047500.0,18.51447,73.83949,C1_shivajinagar_kasarwadi,3.65,True,37_204,4,test,train
c001_022,2020-21,4204.12879294804,310.7908171212497,3461.8268575823117,4878.776959370718,915.8930679760635,4017.355780925064,0.0013595672995036,0.0014342410247798,7.456243456287949e-05,0.04671899127266455,0.0002501365708830125,3.5657045374540575,1815.4002695229624,0.5901513614820066,302.17736053466797,2850689.53125,31.712669587735718,0.2032950477524893,0.0378863366448023,0.1346309759247042,6.24924925764292,12.330343825133594,18.71422405870122,0.0,0.9995634207805145,-0.02954602913347677,8,378500.0,2047500.0,18.51453,73.84896,C1_shivajinagar_kasarwadi,3.33,True,37_204,4,test,train
c001_023,2020-21,4266.155668532223,315.2761919990146,3512.901958837397,4742.874543314287,891.1410033083879,3905.4489728597055,0.0013796260835913,0.0013942890404817,7.376432796925311e-05,0.04665974192454388,0.0002564664383837,3.5657045374540575,1815.4002695229624,0.5901513614820066,302.17736053466797,2850689.53125,40.09439137040115,0.1455996733240506,0.0789727141207181,2.0700985747509257,6.432412671034408,16.116101609582614,24.61861285536795,0.0,0.9995634207805145,-0.02954602913347677,8,379500.0,2047500.0,18.51459,73.85844,C1_shivajinagar_kasarwadi,3.29,True,37_204,4,test,train
c001_024,2020-21,4249.041384956854,313.72512118608904,3498.8094584770674,4628.408792682235,837.5951039827556,3811.1938657193054,0.0013740915194879,0.0013606389111858,7.192598674064622e-05,0.04648119099262665,0.00026192457949205,3.5657045374540575,1815.4002695229624,0.5901513614820066,302.17736053466797,2850689.53125,37.27279464265902,0.2147979560783582,0.0376683549029974,2.027002261340112,3.74104532359654,15.827139122021634,21.595186706958287,0.0,0.9995634207805145,-0.02954602913347677,8,380500.0,2047500.0,18.51464,73.86791,C1_shivajinagar_kasarwadi,3.55,True,38_204,4,test,train
c001_025,2020-21,4178.016561668407,308.0523190242871,3440.3251320150875,4413.733926261677,795.7802372112917,3634.423063771192,0.0013511229017429,0.0012975297543267,7.001038577081978e-05,0.04635959886889781,0.0002612820265952875,3.5657045374540575,1815.4002695229624,0.5901513614820066,302.5802000814409,2860422.9151119404,30.015024924974103,0.2731746331339635,0.0199442479405884,2.97068741736691,2.2265158105827623,13.758045766472224,18.955248994421897,0.0,0.9995634207805145,-0.02954602913347677,8,381500.0,2047500.0,18.5147,73.87738,C1_shivajinagar_kasarwadi,4.05,True,38_204,4,test,train
c002_020,2020-21,3807.4845033623815,282.4597238318416,3135.2160608584973,4589.587949411592,809.3415747426941,3779.227424040895,0.0012312970603615,0.0013492265333503,7.209964377852875e-05,0.04663251480205139,0.0002382851159844,3.5657045374540575,1815.4002695229624,0.5901513614820066,302.17736053466797,2850689.53125,17.96371339996301,0.3621933650028336,-0.0155553322309498,2.241174687355649,2.231973106692205,7.637258777266378,12.110406571314233,0.0,0.9995634207805145,-0.02954602913347677,8,376500.0,2048500.0,18.52345,73.82996,C1_shivajinagar_kasarwadi,5.01,True,37_204,4,test,train
c002_021,2020-21,3931.248412820584,292.1675697203523,3237.127597555581,4438.545826928387,877.3826235569381,3654.854051580072,0.0012713208970338,0.001304823845886,7.267301791711895e-05,0.046656616580761236,0.0002406306293616,3.5657045374540575,1815.4002695229624,0.5901513614820066,302.17736053466797,2850689.53125,20.235296866297723,0.3431442717492391,-0.0201913462510165,1.1813910236763987,3.921727991361015,7.58879689232283,12.691915907360244,0.0,0.9995634207805145,-0.02954602913347677,8,377500.0,2048500.0,18.52351,73.83943,C1_shivajinagar_kasarwadi,4.57,True,37_204,4,test,train
c002_022,2020-21,4033.015115667537,299.2002294864069,3320.9258640868347,4257.12200681734,895.8160524630099,3505.4633254636165,0.0013042310879873,0.0012514896828688,7.287681076024437e-05,0.046598976349467,0.00024722278522525,3.5657045374540575,1815.4002695229624,0.5901513614820066,302.17736053466797,2850689.53125,32.402133790877635,0.3562329921504967,-0.0523806140102201,2.522959223205437,5.857001662608793,10.121213896341942,18.50117478215617,0.0,0.9995634207805145,-0.02954602913347677,8,378500.0,2048500.0,18.52356,73.8489,C1_shivajinagar_kasarwadi,4.32,True,37_204,4,test,train
c002_023,2020-21,4089.12699983357,303.15423438830044,3367.13035429212,4173.457811097026,870.259424792995,3436.571297167902,0.0013223770313166,0.0012268944568917,7.245141963764527e-05,0.046507390945783184,0.000254693220114775,3.5657045374540575,1815.4002695229624,0.5901513614820066,302.17736053466797,2850689.53125,45.87557171860386,0.2349052974831386,0.0018074370814478,1.17975696046992,5.569177254987277,13.007167103532048,19.756101318989245,0.0,0.9995634207805145,-0.02954602913347677,8,379500.0,2048500.0,18.52362,73.85838,C1_shivajinagar_kasarwadi,4.29,True,37_204,4,test,train
c002_024,2020-21,4071.500518892344,301.4606589162671,3352.616092685921,4112.1427896292025,806.1234340505507,3386.0823615181203,0.0013166768284271,0.00120886934118,7.115918346952516e-05,0.04636970862653089,0.0002631089562089625,3.5657045374540575,1815.4002695229624,0.5901513614820066,302.17736053466797,2850689.53125,38.9853195847967,0.306234519972793,-0.0183437947445033,3.8248654702827576,5.428803248657088,8.588029025352945,17.84169774429279,0.0,0.9995634207805145,-0.02954602913347677,8,380500.0,2048500.0,18.52368,73.86785,C1_shivajinagar_kasarwadi,4.49,True,38_204,4,test,train
c002_025,2020-21,4015.5572532046726,297.0824798710376,3306.550448839972,3974.439812792712,753.5618578096448,3272.692908659013,0.0012985854143905,0.0011683880360788,6.960371770065168e-05,0.04630517117600926,0.0002607702901031125,3.5657045374540575,1815.4002695229624,0.5901513614820066,302.5755823542563,2860311.3418773413,32.48164718098799,0.3635907385322359,-0.0336575624636259,0.8974654328791065,8.201886097811963,3.8498184423699247,12.949169973060997,0.014992415162561,0.9995634207805145,-0.02954602913347677,8,381500.0,2048500.0,18.52374,73.87732,C1_shivajinagar_kasarwadi,4.89,True,38_204,4,test,train
c003_019,2020-21,3544.020832116784,262.23690716533895,2918.270848655404,4091.517303742746,725.8270352178567,3369.098614228506,0.0011460959141375,0.0012028059531094,6.971706478303569e-05,0.046416118887269237,0.0002363387782382875,3.5657045374540575,1815.4002695229624,0.5901513614820066,302.17736053466797,2850689.53125,13.040886095683513,0.3216118468990439,0.0537076220105994,0.0,0.3400413805256646,5.673911531133272,6.0139529116589365,0.0,0.9995634207805145,-0.02954602913347677,8,375500.0,2049500.0,18.53243,73.82042,C1_shivajinagar_kasarwadi,6.39,True,37_204,4,test,train
c003_020,2020-21,3669.568126105976,272.0764690104098,3021.650886621319,4058.7687589453694,776.362744394033,3342.1323157372567,0.0011866964770259,0.0011931786824141,7.074290486489167e-05,0.04650710031685165,0.0002346166431495625,3.5657045374540575,1815.4002695229624,0.5901513614820066,302.17736053466797,2850689.53125,23.39071331375755,0.3271652856602404,-0.028084364063717,2.0148435961633244,3.989321828984449,13.37337742556628,19.37754285071405,0.0,0.9995634207805145,-0.02954602913347677,8,376500.0,2049500.0,18.53248,73.8299,C1_shivajinagar_kasarwadi,5.89,True,37_204,4,test,train
c003_021,2020-21,3772.472609556168,280.6563548866886,3106.3860415411823,3844.911610677505,834.6652893075739,3166.03485154884,0.001219974613249,0.0011303099146793,7.121812246760964e-05,0.04653473123535154,0.0002371873251453125,3.5657045374540575,1815.4002695229624,0.5901513614820066,302.17736053466797,2850689.53125,21.078654000568392,0.4106329963060381,-0.0839448701599947,3.0623147449720136,4.23091659747169,8.130969775746763,15.424201118190467,0.0,0.9995634207805145,-0.02954602913347677,8,377500.0,2049500.0,18.53254,73.83937,C1_shivajinagar_kasarwadi,5.51,True,37_204,4,test,train
c003_022,2020-21,3857.55707590591,287.3188475935642,3176.4475704045863,3649.827487025019,844.8590525817539,3005.395753174664,0.0012474899591962,0.0010729599567379,7.144827256750437e-05,0.0464598826206563,0.00024530490612395,3.5657045374540575,1815.4002695229624,0.5901513614820066,302.17736053466797,2850689.53125,34.01651724424912,0.3617125409845111,-0.0506656377937001,7.270803208443361,1.0015497977105456,6.9657431837919965,15.238096189945905,0.0247987835916559,0.9995634207805145,-0.02954602913347677,8,378500.0,2049500.0,18.5326,73.84884,C1_shivajinagar_kasarwadi,5.31,True,37_204,4,test,train
c003_023,2020-21,3899.589156421463,290.6327719422869,3211.05825727338,3576.409599114989,822.4640799087844,2944.940893509034,0.0012610826546186,0.001051376894493,7.120395101395052e-05,0.046350920398371735,0.000253952573331,3.5657045374540575,1815.4002695229624,0.5901513614820066,302.17736053466797,2850689.53125,31.866539861925066,0.3465868452196209,-0.0737606499431769,7.828866335300509,0.0,2.7453138903992875,10.574180225699797,0.0062513801901463,0.9995634207805145,-0.02954602913347677,8,379500.0,2049500.0,18.53266,73.85832,C1_shivajinagar_kasarwadi,5.29,True,37_204,4,test,train
c003_024,2020-21,3879.283640266171,288.6639025286785,3194.337984264291,3540.324378924895,760.1079398477526,2915.2270596642243,0.001254516082298,0.0010407687228926,7.005637274926657e-05,0.04624015115479632,0.0002620605803286875,3.5657045374540575,1815.4002695229624,0.5901513614820066,302.17736053466797,2850689.53125,29.456836415812713,0.3655221242230757,-0.0578005548786116,2.4325759913141995,0.0,1.8596238767189148,4.292199868033114,0.040603420237507,0.9995634207805145,-0.02954602913347677,8,380500.0,2049500.0,18.53271,73.86779,C1_shivajinagar_kasarwadi,5.45,True,38_204,4,test,train
c003_025,2020-21,3833.627711522352,284.6602763287945,3156.74329387366,3464.054645883739,712.5731445652367,2852.423890858979,0.001239751475692,0.0010183472879741,6.868126717376701e-05,0.04621257703554359,0.000257222892412325,3.5657045374540575,1815.4002695229624,0.5901513614820066,302.58776945708905,2860605.8058915776,31.24509846282916,0.3369671550132516,-0.030056713689752,3.1885640195729934,3.870592689880167,6.123105957574874,13.182262667028034,0.0,0.9995634207805145,-0.02954602913347677,8,381500.0,2049500.0,18.53277,73.87726,C1_shivajinagar_kasarwadi,5.79,True,38_204,4,test,train
c004_019,2020-21,3393.4273788509145,250.78430334126517,2794.2669261384904,3711.928220382659,695.2131857104316,3056.531671506578,0.0010973957090146,0.001091216052516,6.835649495805353e-05,0.04628442203765532,0.0002341381415707375,3.5657045374540575,1815.4002695229624,0.5901513614820066,302.17736053466797,2850689.53125,14.186630104712354,0.4412228493545936,-0.0501468700805337,1.138446699459573,3.917745401323004,1.5697850427312443,6.625977143513822,0.0,0.9995634207805145,-0.02954602913347677,8,375500.0,2050500.0,18.54146,73.82036,C1_shivajinagar_kasarwadi,7.24,True,37_205,0,test,train
c004_020,2020-21,3493.5616171596157,258.5102023867464,2876.7209642074645,3584.439482621679,750.4257004951864,2951.552980758441,0.0011297779795563,0.0010537374837237,6.921029010293668e-05,0.04630951679359895,0.0002346850276096875,3.5657045374540575,1815.4002695229624,0.5901513614820066,302.17736053466797,2850689.53125,18.966146331783232,0.3994802873646167,-0.0267136828833073,7.107221916134072,0.9909669903497176,4.213245410726308,12.311434317210097,0.0,0.9995634207805145,-0.02954602913347677,8,376500.0,2050500.0,18.54152,73.82984,C1_shivajinagar_kasarwadi,6.8,True,37_205,0,test,train
c004_021,2020-21,3576.2739518414032,265.2548821364608,2944.8291967942127,3293.4443941734967,797.091339315663,2711.937435605729,0.0011565262051786,0.0009681920494197,6.983066884775446e-05,0.0462897663867327,0.000237576040066975,3.5657045374540575,1815.4002695229624,0.5901513614820066,302.17736053466797,2850689.53125,16.924044912961367,0.3594486703111077,-0.0056585269832884,0.7010100563694439,2.475330146444078,6.810246883690003,9.986587086503524,0.0,0.9995634207805145,-0.02954602913347677,8,377500.0,2050500.0,18.54158,73.83931,C1_shivajinagar_kasarwadi,6.48,True,37_205,0,test,train
c004_022,2020-21,3642.238371417503,270.94433876897904,2999.146609647124,3051.141351954024,806.5042558890158,2512.4166262917315,0.0011778583460818,0.0008969608850368,7.009241680729616e-05,0.04623914296113989,0.0002425743542551125,3.5657045374540575,1815.4002695229624,0.5901513614820066,302.17736053466797,2850689.53125,21.998500759956606,0.3322424254266079,-0.0137252223799707,2.030047731909886,4.41590485417465,3.377267564052706,9.823220150137244,0.1087823792172994,0.9995634207805145,-0.02954602913347677,8,378500.0,2050500.0,18.54164,73.84878,C1_shivajinagar_kasarwadi,6.3,True,37_205,0,test,train
c004_023,2020-21,3671.131547126962,273.84930555248,3022.938262233893,2951.2406932574377,793.51759309409,2430.154925854268,0.0011872020695517,0.0008675925363096,6.980959537134125e-05,0.04613715907365229,0.000248058187677975,3.5657045374540575,1815.4002695229624,0.5901513614820066,302.17736053466797,2850689.53125,15.651995015725854,0.3770968743559518,-0.034275282477297,0.0225033687612142,0.0,2.95618127319816,2.9786846419593744,0.0,0.9995634207805145,-0.02954602913347677,8,379500.0,2050500.0,18.54169,73.85826,C1_shivajinagar_kasarwadi,6.28,True,37_205,0,test,train
c004_024,2020-21,3652.9366463993274,272.23037915825967,3007.9559438720894,2910.1996773803803,740.8214843095456,2396.360316311388,0.0011813180461868,0.0008555274820635,6.884332459408171e-05,0.046057564945124835,0.00025464120340195,3.5657045374540575,1815.4002695229624,0.5901513614820066,302.17736053466797,2850689.53125,17.024182679011272,0.3515054528642179,-0.0253705381011852,2.159471788242409,0.0,3.2925735316907625,5.452045319933172,0.0,0.9995634207805145,-0.02954602913347677,8,380500.0,2050500.0,18.54175,73.86773,C1_shivajinagar_kasarwadi,6.42,True,38_205,4,test,train
c004_025,2020-21,3614.0351281377966,268.54677267859125,2975.92307158131,2878.0667016256352,706.9905737659286,2369.900898924269,0.0011687377388903,0.0008460811736015,6.768960888110975e-05,0.046089515293553526,0.000253241204092,3.5657045374540575,1815.4002695229624,0.5901513614820066,302.5480979470646,2859647.2653546715,25.36453475498366,0.352858041821213,-0.0881174036449112,3.180138116690494,0.328195193996187,9.192355154238829,12.70068846492551,0.0,0.9995634207805145,-0.02954602913347677,8,381500.0,2050500.0,18.54181,73.8772,C1_shivajinagar_kasarwadi,6.71,True,38_205,4,test,train
c005_019,2020-21,3231.723029725073,238.5391780434922,2661.1139029174383,3303.311231433662,669.5535247981186,2720.0621348975133,0.0010451023669011,0.0009710926580971,6.709950117556249e-05,0.046200182070143335,0.0002332005797434375,3.5657045374540575,1815.4002695229624,0.5901513614820066,302.17736053466797,2850689.53125,18.763040202531123,0.4024436978738265,-0.0362624202664455,3.379579485081584,0.2601104100537756,4.878189772571935,8.517879667707295,0.0029222226294266,0.9995634207805145,-0.02954602913347677,8,375500.0,2051500.0,18.5505,73.8203,C1_shivajinagar_kasarwadi,8.12,True,37_205,0,test,train
c005_020,2020-21,3301.3437392386163,243.67390193273783,2718.4420329314844,3092.152705923201,720.8766112522212,2546.186811181038,0.0010676169102665,0.000909017219408,6.783613314417721e-05,0.04616730703850079,0.000235107884035,3.5657045374540575,1815.4002695229624,0.5901513614820066,302.17736053466797,2850689.53125,18.005164400043746,0.4505432878046229,-0.0338237799065661,0.143954190428346,0.0,1.9431960322373325,2.087150222665678,0.001785482088019,0.9995634207805145,-0.02954602913347677,8,376500.0,2051500.0,18.55056,73.82977,C1_shivajinagar_kasarwadi,7.73,True,37_205,0,test,train
c005_021,2020-21,3360.1768512508365,248.5586935109848,2766.8872774303413,2715.2118853308066,755.8140534019334,2235.800540752145,0.001086642867643,0.0007982058432557,6.849499324284885e-05,0.04613405291168461,0.0002375656206370375,3.5657045374540575,1815.4002695229624,0.5901513614820066,302.17736053466797,2850689.53125,18.484722301008883,0.3563699406268177,0.0320606362018868,0.0,2.023496865712475,7.717482535788198,9.740979401500674,0.0,0.9995634207805145,-0.02954602913347677,8,377500.0,2051500.0,18.55062,73.83925,C1_shivajinagar_kasarwadi,7.45,True,37_205,0,test,train
c005_022,2020-21,3408.434481279144,253.3122640859706,2806.624299758366,2402.278185797811,768.424261179673,1978.11997504182,0.0011022488347695,0.0007062109942097,6.862851676363797e-05,0.04608518291259829,0.00023981004007432499,3.5657045374540575,1815.4002695229624,0.5901513614820066,302.17736053466797,2850689.53125,19.000150539741455,0.4559614592465171,-0.0588130971230941,2.2270719660991323,1.916104740253864,9.772316366158304,13.9154930725113,0.0,0.9995634207805145,-0.02954602913347677,8,378500.0,2051500.0,18.55067,73.84872,C1_shivajinagar_kasarwadi,7.3,True,37_205,0,test,train
c005_023,2020-21,3430.233025816737,255.94246034048712,2824.5739846165043,2249.705217868516,765.4320258544418,1852.486050837441,0.0011092982354395,0.0006613582756495,6.811746995892487e-05,0.045942385340807954,0.0002451070598697875,3.5657045374540575,1815.4002695229624,0.5901513614820066,302.17736053466797,2850689.53125,16.758073676666292,0.4291686581994521,-0.0607417877023751,0.3557821906628565,2.9608832839213908,2.002396394096285,5.319061868680532,0.0,0.9995634207805145,-0.02954602913347677,8,379500.0,2051500.0,18.55073,73.8582,C1_shivajinagar_kasarwadi,7.28,True,37_205,0,test,train
c005_024,2020-21,3420.308115921186,255.2011723091812,2816.401466283304,2182.484422375745,729.4584275746236,1797.1340940621728,0.0011060886327825,0.0006415970069101,6.722833557880184e-05,0.04587406236476023,0.0002519133364511125,3.5657045374540575,1815.4002695229624,0.5901513614820066,302.17736053466797,2850689.53125,20.039531865515038,0.3574342596687834,-0.0143380793397348,3.0392768671360155,1.82862309951742,1.0126995794760598,5.880599546129495,0.0,0.9995634207805145,-0.02954602913347677,8,380500.0,2051500.0,18.55079,73.86767,C1_shivajinagar_kasarwadi,7.4,True,38_205,4,test,train
c005_025,2020-21,3389.4790576511377,252.11368234754116,2791.015740210344,2172.401784621669,715.458401711825,1788.831697087351,0.001096118866973,0.0006386329581689,6.631791032057708e-05,0.045967763349087164,0.0002516226697005625,3.5657045374540575,1815.4002695229624,0.5901513614820066,302.55883737820295,2859906.7508162316,34.25632519019727,0.2981873791615859,0.0220343473981437,1.720406760255234,5.528207679269395,10.943812087428933,18.19242652695356,0.0142657088664962,0.9995634207805145,-0.02954602913347677,8,381500.0,2051500.0,18.55084,73.87714,C1_shivajinagar_kasarwadi,7.65,True,38_205,4,test,train
c006_018,2020-21,3061.791646596784,227.30483860943409,2521.1864518254583,2977.461514272173,672.2832787171953,2451.7460680116947,0.0009901484958284,0.0008753008159698,6.585758274333784e-05,0.04611097313705378,0.0002347637150542125,3.5657045374540575,1815.4002695229624,0.5901513614820066,302.17736053466797,2850689.53125,21.49201131196616,0.377559103762022,-0.0481232165409057,1.5515367874988903,4.448511480421868,7.268753474092978,13.268801742013736,0.0,0.9995634207805145,-0.02954602913347677,8,374500.0,2052500.0,18.55947,73.81076,C1_shivajinagar_kasarwadi,9.47,True,37_205,0,test,gap
c006_019,2020-21,3102.305944181576,229.4195148647177,2554.5473430832085,2936.424657574244,659.6214864480439,2417.954883282544,0.0010032503575627,0.0008632369844206,6.616106267980107e-05,0.046139299942341866,0.000233878267975,3.5657045374540575,1815.4002695229624,0.5901513614820066,302.17736053466797,2850689.53125,16.27202803267027,0.4022599912810126,-0.013647960092193,3.3559956665324706,0.1466881213670362,1.5452278972222682,5.047911685121775,0.0266158829932779,0.9995634207805145,-0.02954602913347677,8,375500.0,2052500.0,18.55953,73.82024,C1_shivajinagar_kasarwadi,9.03,True,37_205,0,test,gap
c006_020,2020-21,3139.363625743817,231.9343985652193,2585.061935673019,2675.9782240285585,697.6304540233637,2203.4941702515,0.0010152343891014,0.0007866721070221,6.673386182699882e-05,0.04611053816691334,0.00023647505596520002,3.5657045374540575,1815.4002695229624,0.5901513614820066,302.17736053466797,2850689.53125,16.527999851838246,0.41518346635269,-0.0379049363630038,2.020476838378804,0.6934754331161743,4.405049166342086,7.119001437837064,0.0,0.9995634207805145,-0.02954602913347677,8,376500.0,2052500.0,18.55959,73.82971,C1_shivajinagar_kasarwadi,8.68,True,37_205,0,test,train
c006_021,2020-21,3171.1846018321107,234.74069044875856,2611.2644416099724,2261.02696253545,717.309680371805,1861.808771832199,0.0010255249298195,0.0006646865914977,6.727244406804414e-05,0.04607788571441066,0.000238404432119225,3.5657045374540575,1815.4002695229624,0.5901513614820066,302.17736053466797,2850689.53125,19.567323457788337,0.3636283794571945,0.007063008793244,3.234698897491623,1.3017087427997809,3.2263966436398706,7.762804283931275,0.0,0.9995634207805145,-0.02954602913347677,8,377500.0,2052500.0,18.55965,73.83919,C1_shivajinagar_kasarwadi,8.43,True,37_205,0,test,train
c006_022,2020-21,3198.872041253383,238.07055584070255,2634.063248717647,1888.5300676210063,728.3647751628499,1555.0817854125958,0.0010344787319265,0.0005551816207358,6.723233987798868e-05,0.04603157633178043,0.000237644005864525,3.5657045374540575,1815.4002695229624,0.5901513614820066,302.17736053466797,2850689.53125,20.474439551828354,0.3684503487486381,0.0152674766784681,3.781773001939698,2.39742787088371,5.184125006026672,11.36332587885008,0.0,0.9995634207805145,-0.02954602913347677,8,378500.0,2052500.0,18.55971,73.84866,C1_shivajinagar_kasarwadi,8.29,True,37_205,0,test,train
c006_023,2020-21,3209.3771150257903,239.9737072827935,2642.713494301751,1653.1564009621795,724.6249919042328,1361.2668665704498,0.001037875952964,0.000485987523181,6.648557040017612e-05,0.045910464231534824,0.0002409920835836375,3.5657045374540575,1815.4002695229624,0.5901513614820066,302.17736053466797,2850689.53125,17.54554940557983,0.4876938860549255,-0.0623589798791992,2.5321732075281207,1.082620121839832,0.8858094528845185,4.500602782252472,0.0,0.9995634207805145,-0.02954602913347677,8,379500.0,2052500.0,18.55977,73.85814,C1_shivajinagar_kasarwadi,8.28,True,37_205,0,test,train
c006_024,2020-21,3201.3895797969203,239.6825007434264,2636.136278107145,1507.344066191405,698.4575918048828,1241.1998844354216,0.0010352928751765,0.0004431222653123,6.551463094484743e-05,0.04587737704938779,0.0002473783515271625,3.5657045374540575,1815.4002695229624,0.5901513614820066,302.17736053466797,2850689.53125,14.849912696306927,0.598939477791218,-0.1562354367531611,0.0,0.1231838535610657,0.0839814511337182,0.207165304694784,0.0,0.9995634207805145,-0.02954602913347677,8,380500.0,2052500.0,18.55982,73.86761,C1_shivajinagar_kasarwadi,8.39,True,38_205,4,test,train
c006_025,2020-21,3174.1299126905496,237.0297749461153,2613.689713702201,1458.3672715792502,700.4019079587847,1200.8706768071847,0.001026477409757,0.0004287242863352,6.464965537392762e-05,0.04599578171915005,0.0002508894587799875,3.5657045374540575,1815.4002695229624,0.5901513614820066,302.5527337487064,2859759.2753031715,20.855244841544636,0.4468253452727298,-0.0857997922555018,2.091060705385367,2.889550844603761,7.302373310345118,12.282984860334246,0.0,0.9995634207805145,-0.02954602913347677,8,381500.0,2052500.0,18.55988,73.87709,C1_shivajinagar_kasarwadi,8.61,True,38_205,4,test,train
c007_018,2020-21,3015.728543575401,224.4572547646557,2483.2564798772905,2836.011604393668,676.5461129439852,2335.271259285239,0.0009752522137053,0.0008337180042552,6.573884090825244e-05,0.04606792390205608,0.0002363190376618875,3.5657045374540575,1815.4002695229624,0.5901513614820066,302.17736053466797,2850689.53125,19.004077622683578,0.3806725350470509,-0.0470754248980105,3.276129994217284,1.9945292728122204,7.28351137428587,12.554170641315372,0.0075523300558943,0.9995634207805145,-0.02954602913347677,8,374500.0,2053500.0,18.56851,73.8107,C1_shivajinagar_kasarwadi,10.36,True,37_205,0,test,gap
c007_019,2020-21,3019.403119082056,223.8915444495015,2486.282254016391,2717.2877490666547,669.4190089336093,2237.5098796395487,0.0009764405295121,0.0007988160963902,6.5686662406344e-05,0.04609289315672764,0.000236704164998475,3.5657045374540575,1815.4002695229624,0.5901513614820066,302.17736053466797,2850689.53125,16.296493811107673,0.339153580215496,-0.0301893657659097,0.0,1.974036175149284,8.65073688186898,10.624773057018263,0.0,0.9995634207805145,-0.02954602913347677,8,375500.0,2053500.0,18.56857,73.82018,C1_shivajinagar_kasarwadi,9.95,True,37_205,0,test,gap
c007_020,2020-21,3023.629631775449,224.11735312554487,2489.7625125613827,2435.974807291706,689.8079034179956,2005.866953082317,0.0009778073355097,0.000716116976251,6.596346595862333e-05,0.04605646656823361,0.00024029941179891249,3.5657045374540575,1815.4002695229624,0.5901513614820066,302.17736053466797,2850689.53125,17.976096483750077,0.3802707497900686,-0.0559846676218318,0.0,3.744782605621488,10.048196641206356,13.792979246827844,0.0,0.9995634207805145,-0.02954602913347677,8,376500.0,2053500.0,18.56863,73.82965,C1_shivajinagar_kasarwadi,9.63,True,37_205,0,test,gap
c007_021,2020-21,3027.501263341583,224.5620719126523,2492.950549559866,2053.5498191545653,694.4721536827537,1690.9648270664757,0.0009790593769985,0.000603693389058,6.618211689812329e-05,0.046005670491830075,0.0002425930158009375,3.5657045374540575,1815.4002695229624,0.5901513614820066,302.17736053466797,2850689.53125,20.363329355697324,0.3529941620936314,-0.0011694344704473,3.241628874461827,0.1595516644027096,5.107532204909012,8.508712743773549,0.14822359745727,0.9995634207805145,-0.02954602913347677,8,377500.0,2053500.0,18.56869,73.83913,C1_shivajinagar_kasarwadi,9.41,True,37_205,0,test,train
c007_022,2020-21,3029.8185662562987,225.6445925339237,2494.858697921251,1682.0314395901246,702.1492508975737,1385.0435844492215,0.00097980876633,0.0004944760778612,6.582371581089267e-05,0.045975602845351925,0.0002407179400443375,3.5657045374540575,1815.4002695229624,0.5901513614820066,302.17736053466797,2850689.53125,24.83447974774896,0.3357504216598205,-0.0059299679640524,0.9304167601908322,0.1358207182530652,12.404328881756282,13.47056636020018,0.0,0.9995634207805145,-0.02954602913347677,8,378500.0,2053500.0,18.56875,73.8486,C1_shivajinagar_kasarwadi,9.29,True,37_205,0,test,train
c007_023,2020-21,3019.992069200442,226.17641719938223,2486.7672161662254,1374.6422730709262,693.0624483219719,1131.9285813667852,0.0009766309892628,0.0004041111858266,6.495938544187103e-05,0.04591152176980391,0.00023985971744328749,3.5657045374540575,1815.4002695229624,0.5901513614820066,302.17736053466797,2850689.53125,18.458308934503663,0.3675222549294901,0.0304197798258755,0.0,2.0055931280650388,2.968003147551772,4.973596275616811,0.0,0.9995634207805145,-0.02954602913347677,8,379500.0,2053500.0,18.5688,73.85808,C1_shivajinagar_kasarwadi,9.28,True,37_205,0,test,train
c007_024,2020-21,3003.191918597277,225.519927545575,2472.9333838947164,1135.9737338862635,670.9032103675098,935.4005491154164,0.0009711980121796,0.0003339484763866,6.407238273502132e-05,0.04589788543343686,0.00024324251108070002,3.5657045374540575,1815.4002695229624,0.5901513614820066,302.17736053466797,2850689.53125,14.577810669988281,0.4400427636923238,-0.0035470431879077,0.0,2.035821406458861,3.036086483374826,5.071907889833687,0.0,0.9995634207805145,-0.02954602913347677,8,380500.0,2053500.0,18.56886,73.86755,C1_shivajinagar_kasarwadi,9.37,True,38_205,4,test,train
c008_017,2020-21,3065.7987739982395,229.03125973654383,2524.486060839193,2808.6143799497213,709.0721949998928,2312.711425351903,0.0009914443551249,0.0008256638907776,6.611584265458832e-05,0.046011235683344885,0.0002418141558715625,3.5657045374540575,1815.4002695229624,0.5901513614820066,302.17736053466797,2850689.53125,14.547536556168296,0.2884503693703248,0.1112268079925972,2.905996145590806,0.6055280434827497,0.0,3.511524189073556,0.0413671506658314,0.9995634207805145,-0.02954602913347677,8,373500.0,2054500.0,18.57749,73.80116,C1_shivajinagar_kasarwadi,11.71,True,37_205,0,test,gap
c008_018,2020-21,3014.4022429359875,224.14759680908813,2482.164357489781,2812.1787101156515,683.2385091204878,2315.646419617161,0.0009748233032062,0.0008267117166144,6.581046041680547e-05,0.046079502692981215,0.0002407194201480875,3.5657045374540575,1815.4002695229624,0.5901513614820066,302.17736053466797,2850689.53125,17.833815058944673,0.2909576478509928,0.045941949292235,0.4784058092374953,2.23832849162404,9.910941678397146,12.62767597925868,0.0,0.9995634207805145,-0.02954602913347677,8,374500.0,2054500.0,18.57755,73.81064,C1_shivajinagar_kasarwadi,11.26,True,37_205,0,test,gap
c008_019,2020-21,2977.7961803877224,220.862922417458,2452.021643809723,2623.9203438265963,685.1223190036627,2160.627888863012,0.0009629853201055,0.0007713683642869,6.561883573686237e-05,0.046051462354836634,0.0002429697729633625,3.5657045374540575,1815.4002695229624,0.5901513614820066,302.17736053466797,2850689.53125,20.71012092595368,0.276957137482875,0.0023894661362445,0.0,4.166156494894586,10.753792254270037,14.919948749164622,0.1110706063677752,0.9995634207805145,-0.02954602913347677,8,375500.0,2054500.0,18.57761,73.82011,C1_shivajinagar_kasarwadi,10.89,True,37_205,0,test,gap
c008_020,2020-21,2950.17454490543,218.93981185661823,2429.277021969559,2332.2514602063825,689.0644792405755,1920.4575171724064,0.0009540527982419,0.0006856248506925,6.561979404686687e-05,0.04595889708504214,0.00024703321363420003,3.5657045374540575,1815.4002695229624,0.5901513614820066,302.17736053466797,2850689.53125,23.53970811970579,0.2847473962941508,-0.0037436502037223,0.2837198081695211,2.920009054979628,12.84671773955916,16.05044660270831,0.118939326553386,0.9995634207805145,-0.02954602913347677,8,376500.0,2054500.0,18.57767,73.82959,C1_shivajinagar_kasarwadi,10.6,True,37_205,0,test,gap
c008_021,2020-21,2924.649193152317,217.0776366484082,2408.258553554323,2016.0171004089516,683.95579480025,1660.0590722262348,0.0009457981906261,0.0005926596883078,6.533598374563676e-05,0.0459014287733982,0.0002496065157246125,3.5657045374540575,1815.4002695229624,0.5901513614820066,302.17736053466797,2850689.53125,17.119197621118804,0.4261140893049804,-0.0295681381317597,4.613298694348337,0.2627122187611281,0.6210830188281173,5.497093931937583,0.0032707942628241,0.9995634207805145,-0.02954602913347677,8,377500.0,2054500.0,18.57772,73.83906,C1_shivajinagar_kasarwadi,10.4,True,37_205,0,test,gap
c008_022,2020-21,2896.346622312244,215.64160000541384,2384.953225697303,1702.1103144163103,691.4944403902971,1401.5772330519756,0.0009366454620345,0.0005003787756576,6.44557734392729e-05,0.04588140974105815,0.0002499741618078,3.5657045374540575,1815.4002695229624,0.5901513614820066,302.17736053466797,2850689.53125,12.657853692495749,0.5460335738872806,-0.1142106110138804,0.0,0.0,0.5091339078550142,0.5091339078550142,0.0,0.9995634207805145,-0.02954602913347677,8,378500.0,2054500.0,18.57778,73.84854,C1_shivajinagar_kasarwadi,10.29,True,37_205,0,test,train
c008_023,2020-21,2861.9958292693664,214.5819557616466,2356.667579897261,1382.7774808096112,683.4691622356299,1138.6273962767928,0.0009255368073683,0.0004065027378039,6.352895985512487e-05,0.045822626399169064,0.0002485285586617625,3.5657045374540575,1815.4002695229624,0.5901513614820066,302.17736053466797,2850689.53125,14.72753329982735,0.4053712283872774,-0.017572217307316,0.0,0.4191313488486521,1.2196504811479454,1.6387818299965975,0.0,0.9995634207805145,-0.02954602913347677,8,379500.0,2054500.0,18.57784,73.85802,C1_shivajinagar_kasarwadi,10.28,True,37_205,0,test,train
c008_024,2020-21,2830.7447324361065,213.15846149527968,2330.934332493482,1111.042638800454,670.7919525998298,914.8714124482038,0.0009154305591013,0.0003266193445852,6.281940292711089e-05,0.04577596553652383,0.00024945292761396247,3.5657045374540575,1815.4002695229624,0.5901513614820066,302.17736053466797,2850689.53125,13.139252256408527,0.4669805128526828,-0.0737570159977473,0.0,0.0,2.4891609222270388,2.4891609222270388,0.0,0.9995634207805145,-0.02954602913347677,8,380500.0,2054500.0,18.5779,73.86749,C1_shivajinagar_kasarwadi,10.36,True,38_205,4,test,train
c009_017,2020-21,3143.519969727215,233.4548738795824,2588.4844148452107,2865.8284622875653,675.0602438319754,2359.823504125823,0.0010165785033386,0.0008424834307499,6.643035479577516e-05,0.045974800786329435,0.0002458115363090375,3.5657045374540575,1815.4002695229624,0.5901513614820066,302.17736053466797,2850689.53125,17.29229698788886,0.3217231542102408,0.0430608466384638,0.407487989284379,0.5953523596026165,5.161834542940624,6.16467489182762,0.0,0.9995634207805145,-0.02954602913347677,8,373500.0,2055500.0,18.58652,73.8011,C1_shivajinagar_kasarwadi,12.59,True,37_205,0,test,gap
c009_018,2020-21,3057.5766265071024,226.36632059818868,2517.715656692782,2791.4527665348155,670.9779200643922,2298.579951944423,0.0009887854064077,0.0008206187964403,6.596511023724016e-05,0.04602612153616008,0.00024533672937735,3.5657045374540575,1815.4002695229624,0.5901513614820066,302.17736053466797,2850689.53125,15.804376862107699,0.2321497188208521,0.1205349214233937,0.0,0.657300307020773,10.471987800481529,11.1292881075023,0.0,0.9995634207805145,-0.02954602913347677,8,374500.0,2055500.0,18.58658,73.81057,C1_shivajinagar_kasarwadi,12.18,True,37_205,0,test,gap
c009_019,2020-21,2988.604507984182,221.20810823871545,2460.921599211121,2562.9261014161016,681.0162922134562,2110.403093921258,0.0009664806099708,0.0007534375497674,6.574141566499745e-05,0.045971847457431776,0.0002476707289044125,3.5657045374540575,1815.4002695229624,0.5901513614820066,302.17736053466797,2850689.53125,19.72537889145744,0.2020769928740798,0.0414556699700864,0.0,4.26896761936219,20.464234485644184,24.733202105006374,0.0,0.9995634207805145,-0.02954602913347677,8,375500.0,2055500.0,18.58664,73.82005,C1_shivajinagar_kasarwadi,11.84,True,37_205,0,test,gap
c009_020,2020-21,2934.1730817696125,217.71335480018217,2416.100856925066,2290.4549065175515,675.691813851882,1886.0407713398145,0.0009488781075758,0.0006733376868204,6.554292884910386e-05,0.04588017841290645,0.00025184294407555,3.5657045374540575,1815.4002695229624,0.5901513614820066,302.17736053466797,2850689.53125,21.872134381636574,0.2791899449247387,0.0071745790803503,4.250444926037323,3.0761023055456302,9.994070347572258,17.32061757915521,0.0059482739655315,0.9995634207805145,-0.02954602913347677,8,376500.0,2055500.0,18.5867,73.82953,C1_shivajinagar_kasarwadi,11.57,True,37_205,0,test,gap
c009_021,2020-21,2874.67785736594,213.36543712232947,2367.110405898923,2039.8559553555544,667.8857605789979,1679.6888201175427,0.000929638030604,0.0005996677282393,6.481791560945518e-05,0.0458435034422434,0.0002548050663660375,3.5657045374540575,1815.4002695229624,0.5901513614820066,302.17736053466797,2850689.53125,15.558091509419855,0.3866323977236907,0.0409089838578508,0.0469761023312347,0.0,0.0,0.0469761023312347,0.0,0.9995634207805145,-0.02954602913347677,8,377500.0,2055500.0,18.58676,73.839,C1_shivajinagar_kasarwadi,11.39,True,37_205,0,test,gap
c009_022,2020-21,2807.5827138097525,208.96405553912544,2311.8619153279965,1775.9128506551715,675.8547067883962,1462.3488256202008,0.0009079402264626,0.0005220749150975,6.360295110411322e-05,0.04582039002373065,0.0002560383535248375,3.5657045374540575,1815.4002695229624,0.5901513614820066,302.17736053466797,2850689.53125,12.689210301879946,0.4939599354196711,-0.0408040602549273,0.0,0.0,0.8752062826804562,0.8752062826804562,0.0,0.9995634207805145,-0.02954602913347677,8,378500.0,2055500.0,18.58682,73.84848,C1_shivajinagar_kasarwadi,11.29,True,37_205,0,test,train
c009_023,2020-21,2744.4151635767385,206.0077369498136,2259.8475426258256,1471.547302376699,674.8314147681971,1211.7235756705363,0.000887512561204,0.0004325988928268,6.25386538763701e-05,0.04578629062592631,0.00025507454822485,3.5657045374540575,1815.4002695229624,0.5901513614820066,302.17736053466797,2850689.53125,15.475477819028612,0.3111599188645456,0.016397034659659,0.0,0.0,14.144903874434675,14.144903874434675,0.0,0.9995634207805145,-0.02954602913347677,8,379500.0,2055500.0,18.58688,73.85796,C1_shivajinagar_kasarwadi,11.28,True,37_205,0,test,train
c009_024,2020-21,2690.7071991705857,203.2035946345352,2215.622524125163,1204.4857792701512,676.1666201853559,991.8157662647288,0.0008701440181061,0.0003540893409925,6.1530974123308e-05,0.045752484209082574,0.0002567739493574375,3.5657045374540575,1815.4002695229624,0.5901513614820066,302.17736053466797,2850689.53125,11.5011473154634,0.3488200874696741,0.0318717056574267,0.0,0.0,2.839295761349037,2.839295761349037,0.0,0.9995634207805145,-0.02954602913347677,8,380500.0,2055500.0,18.58693,73.86743,C1_shivajinagar_kasarwadi,11.36,True,38_205,4,test,train
c010_016,2020-21,3314.3843431873893,245.46588562847856,2729.1801228455424,3083.9994294616167,641.8248759754387,2539.473117851911,0.0010718340928429,0.0009066203556684,6.791638545419102e-05,0.0460284990355953,0.0002476658131294,3.5657045374540575,1815.4002695229624,0.5901513614820066,302.17736053466797,2850689.53125,25.49069973464752,0.243001497819395,0.0074881846078088,2.5169703603370848,2.683838641354116,13.060383582187104,18.261192583878305,0.0,0.9995634207805145,-0.02954602913347677,8,372500.0,2056500.0,18.5955,73.79156,C2_pcmc,13.94,True,37_205,0,test,test
c010_017,2020-21,3234.009952724586,238.9329096009237,2662.9970353928798,3052.5623218133146,638.1601942402879,2513.5867026297733,0.0010458419317146,0.0008973786153992,6.702849761350126e-05,0.045998381432259636,0.000251661321384825,3.5657045374540575,1815.4002695229624,0.5901513614820066,302.17736053466797,2850689.53125,24.067129328728477,0.2100595761814414,0.0187547849792634,2.875247924888055,3.1247080319731806,12.93110374705576,18.931059703917,0.0,0.9995634207805145,-0.02954602913347677,8,373500.0,2056500.0,18.59556,73.80104,C1_shivajinagar_kasarwadi,13.5,True,37_205,0,test,gap
c010_018,2020-21,3138.832849113789,231.62227981056787,2584.62487561047,2897.2058861894207,641.4124056553177,2385.660773661284,0.0010150627419933,0.0008517076254583,6.649408847862134e-05,0.04595272016447829,0.0002516747233996,3.5657045374540575,1815.4002695229624,0.5901513614820066,302.17736053466797,2850689.53125,18.789245930435214,0.2300739698705931,0.1085899126245429,1.967368967904697,1.2601726055541345,7.630675775472495,10.858217348931326,0.0,0.9995634207805145,-0.02954602913347677,8,374500.0,2056500.0,18.59562,73.81051,C1_shivajinagar_kasarwadi,13.11,True,37_205,0,test,gap
c010_019,2020-21,3058.834606415632,226.128811252052,2518.7515213982,2624.200862311043,656.6003457796023,2160.8588776055863,0.0009891922227617,0.000771450829856,6.622977799168447e-05,0.04589057148657725,0.00025098054745008747,3.5657045374540575,1815.4002695229624,0.5901513614820066,302.17736053466797,2850689.53125,22.461145228540342,0.2635848030853219,0.0092494730264312,0.0,3.601261825532812,15.015455208769016,18.61671703430183,0.0,0.9995634207805145,-0.02954602913347677,8,375500.0,2056500.0,18.59568,73.81999,C1_shivajinagar_kasarwadi,12.79,True,37_205,0,test,gap
c010_020,2020-21,2984.6129917402127,221.5484152674144,2457.6348449710927,2379.288944486235,654.6696999346091,1959.1898287671984,0.0009651897991446,0.0006994527198938,6.546006587453461e-05,0.04585018516313739,0.0002536378791976125,3.5657045374540575,1815.4002695229624,0.5901513614820066,302.17736053466797,2850689.53125,20.18899084106694,0.3435517318647941,-0.002674271857266,4.57522036070846,0.0,5.387720286382891,9.96294064709135,0.1347154386439809,0.9995634207805145,-0.02954602913347677,8,376500.0,2056500.0,18.59574,73.82947,C1_shivajinagar_kasarwadi,12.55,True,37_205,0,test,gap
c010_021,2020-21,2889.723895522817,214.86213165469303,2379.499840561119,2213.742447653559,651.0591632831591,1822.8730465898009,0.0009345037477294,0.0006507861013451,6.41279346228479e-05,0.04581911130769585,0.0002558888774528875,3.5657045374540575,1815.4002695229624,0.5901513614820066,302.17736053466797,2850689.53125,10.732203815435742,0.4935780460316948,-0.008780604804102,0.0,0.0,0.0,0.0,0.0,0.9995634207805145,-0.02954602913347677,8,377500.0,2056500.0,18.5958,73.83894,C1_shivajinagar_kasarwadi,12.38,True,37_205,0,test,gap
c010_022,2020-21,2780.6325195511786,207.60815255629032,2289.6701817022604,1991.771730487544,658.7205654520523,1640.0945856703672,0.0008992248410323,0.0005855321429226,6.280575998079212e-05,0.04572763404399707,0.00025545666908450003,3.5657045374540575,1815.4002695229624,0.5901513614820066,302.17736053466797,2850689.53125,9.625559910671498,0.4141625917342356,0.0465028911741673,0.0,0.0,0.770512021305201,0.770512021305201,0.0,0.9995634207805145,-0.02954602913347677,8,378500.0,2056500.0,18.59585,73.84842,C1_shivajinagar_kasarwadi,12.29,True,37_205,0,test,gap
c010_023,2020-21,2679.005246927467,202.47879396446643,2205.986726899035,1670.1511788584878,665.2852223675534,1375.2609617700955,0.0008663597402227,0.000490983571959,6.16101160881499e-05,0.04567990348685249,0.000255208976054,3.5657045374540575,1815.4002695229624,0.5901513614820066,302.17736053466797,2850689.53125,10.261468279905262,0.2903810710503048,0.1161511799622462,0.0,0.0,6.468890686275909,6.468890686275909,0.0,0.9995634207805145,-0.02954602913347677,8,379500.0,2056500.0,18.59591,73.8579,C1_shivajinagar_kasarwadi,12.28,True,37_205,0,test,train
c011_015,2020-21,3428.9547335198704,254.59763354471045,2823.521393979282,3251.9334402821128,667.9057719901244,2677.7558626467603,0.0011088848502909,0.0009559888448984,6.902161050545034e-05,0.04608563316660193,0.000246934770305975,3.5657045374540575,1815.4002695229624,0.5901513614820066,302.17736053466797,2850689.53125,28.44325753869708,0.171340305919612,0.057647450418611,2.474952344234139,1.7928907732580472,21.185381553852505,25.45322467134469,0.0,0.9995634207805145,-0.02954602913347677,8,371500.0,2057500.0,18.60447,73.78202,C2_pcmc,15.3,True,37_205,0,test,test
c011_016,2020-21,3391.8526207262853,250.1205697540049,2792.9702151578035,3272.9940604744997,653.9424319372532,2695.0979147603016,0.0010968864501987,0.0009621801518056,6.848605038985629e-05,0.04604342743735014,0.0002502932702517625,3.5657045374540575,1815.4002695229624,0.5901513614820066,302.17736053466797,2850689.53125,25.47559908379181,0.2086896629500173,0.0337069190960015,0.0,2.1634490345656805,20.11549008819411,22.27893912275979,0.0,0.9995634207805145,-0.02954602913347677,8,372500.0,2057500.0,18.60453,73.7915,C2_pcmc,14.83,True,37_205,0,test,test
c011_017,2020-21,3321.1381240143405,244.6928322077688,2734.7414224651407,3167.2005073680643,636.2804396444812,2607.983798723409,0.001074018188529,0.0009310794363423,6.760604721204106e-05,0.04601623611053943,0.0002533177321950875,3.5657045374540575,1815.4002695229624,0.5901513614820066,302.17736053466797,2850689.53125,23.705314243004707,0.2516554612466852,0.0272825539251113,0.3036646312775459,3.522260485481433,8.587951576998412,12.413876693757391,0.0,0.9995634207805145,-0.02954602913347677,8,373500.0,2057500.0,18.60459,73.80097,C2_pcmc,14.41,True,37_205,0,test,test
c011_018,2020-21,3232.678353701646,238.65767501340784,2661.900550130849,2970.856477870388,627.4243989313497,2446.307249760131,0.0010454113077787,0.0008733590969168,6.721587057393202e-05,0.04601735108837987,0.0002554792784036375,3.5657045374540575,1815.4002695229624,0.5901513614820066,302.17736053466797,2850689.53125,16.452835077778484,0.3535902682114398,0.03473665428118,0.510996202271724,0.1443327584831022,4.041010626076944,4.696339586831771,0.0,0.9995634207805145,-0.02954602913347677,8,374500.0,2057500.0,18.60465,73.81045,C1_shivajinagar_kasarwadi,14.05,True,37_205,0,test,gap
c011_019,2020-21,3155.334721528464,233.4555338690247,2598.2130951772306,2715.309894836744,623.2913737968963,2235.8812452111806,0.0010203992593125,0.0007982346556518,6.698045253587688e-05,0.045982616382148775,0.00025772863090685,3.5657045374540575,1815.4002695229624,0.5901513614820066,302.17736053466797,2850689.53125,26.24121342054228,0.2861706050743323,-0.0036229682609495,8.581661934044797,2.0527113041918232,9.325115098713532,19.95948833695015,0.0231477164665112,0.9995634207805145,-0.02954602913347677,8,375500.0,2057500.0,18.60471,73.81993,C1_shivajinagar_kasarwadi,13.76,True,37_205,0,test,gap
c011_020,2020-21,3074.2831047324307,228.17923542685028,2531.4723558484,2556.0231341090603,613.7094052562267,2104.7189489301218,0.0009941880909123,0.0007514082463196,6.607046505781785e-05,0.045911153402466015,0.00026111425199775,3.5657045374540575,1815.4002695229624,0.5901513614820066,302.17736053466797,2850689.53125,18.38550078630996,0.3222373484205981,0.0105139725310536,2.197564856490728,0.6347824932766383,2.541199077483433,5.373546427250799,0.0002594028233591,0.9995634207805145,-0.02954602913347677,8,376500.0,2057500.0,18.60477,73.8294,C1_shivajinagar_kasarwadi,13.53,True,37_205,0,test,gap
c011_021,2020-21,2956.310416279476,219.97007975682635,2434.3295133092565,2505.635572882023,620.0999369253785,2063.2280666725605,0.0009560370690587,0.0007365955364843,6.453990246951832e-05,0.045836768233523124,0.0002626302173709,3.5657045374540575,1815.4002695229624,0.5901513614820066,302.17736053466797,2850689.53125,8.788907375275313,0.3600535994398643,-0.0482804074202193,0.0,0.0,0.0,0.0,0.0,0.9995634207805145,-0.02954602913347677,8,377500.0,2057500.0,18.60483,73.83888,C1_shivajinagar_kasarwadi,13.37,True,37_205,0,test,gap
c011_022,2020-21,2806.999802346156,210.3337348476144,2311.381925617963,2380.357172218826,642.7900535590272,1960.06944488669,0.000907751719544,0.0006997667527038,6.282252992556838e-05,0.04577106891246276,0.000259239792443325,3.5657045374540575,1815.4002695229624,0.5901513614820066,302.17736053466797,2850689.53125,8.368562930470143,0.3090418636360597,-0.0101519566419352,0.0,0.0,0.0,0.0,0.0,0.9995634207805145,-0.02954602913347677,8,378500.0,2057500.0,18.60489,73.84836,C1_shivajinagar_kasarwadi,13.29,True,37_205,0,test,gap
c011_023,2020-21,2654.614426617108,202.253253602102,2185.902471399894,2125.3623194746265,671.0946787443432,1750.097754377154,0.0008584720271351,0.0006248045066411,6.12101093607397e-05,0.045802876494045866,0.000257674880295975,3.5657045374540575,1815.4002695229624,0.5901513614820066,302.17736053466797,2850689.53125,9.507695697410345,0.2860076443611316,0.1498939721157984,0.0,0.0,0.0,0.0,0.0,0.9995634207805145,-0.02954602913347677,8,379500.0,2057500.0,18.60495,73.85783,C1_shivajinagar_kasarwadi,13.28,True,37_205,0,test,gap
c012_015,2020-21,3443.868588459675,256.09839026527527,2835.801984352085,3246.744360827239,695.9269489375835,2673.482992925656,0.0011137078208715,0.0009544633825342,6.990237842101616e-05,0.04607980706828834,0.0002534505346626375,3.5657045374540575,1815.4002695229624,0.5901513614820066,302.17736053466797,2850689.53125,27.53368391137782,0.2145258377464723,0.0374715198139835,2.030583424198469,2.385723516657277,18.07911061736704,22.495417558222783,0.0,0.9995634207805145,-0.02954602913347677,8,371500.0,2058500.0,18.61351,73.78195,C2_pcmc,16.18,True,37_205,0,test,test
c012_016,2020-21,3431.9282537158683,253.17390186018085,2825.9698946278195,3244.9258926889192,681.8877375049552,2671.9856025860804,0.0011098464528064,0.000953928797406,6.904072351483026e-05,0.046069497294717286,0.00025302467468425,3.5657045374540575,1815.4002695229624,0.5901513614820066,302.17736053466797,2850689.53125,26.247579159817846,0.18867241251807,0.0634237349014288,0.4163606721954682,1.8073303421065912,24.287669252272813,26.511360266574872,0.0,0.9995634207805145,-0.02954602913347677,8,372500.0,2058500.0,18.61357,73.79143,C2_pcmc,15.73,True,37_205,0,test,test
c012_017,2020-21,3378.7459462904408,249.15330031840065,2782.177720491203,3090.507535549072,660.3083684221136,2544.832120288597,0.0010926479011804,0.0009085335795812,6.80335720370098e-05,0.04607391220676413,0.00024942128739736247,3.5657045374540575,1815.4002695229624,0.5901513614820066,302.17736053466797,2850689.53125,26.6024318539785,0.2112204464356138,0.0430282695391827,0.0,1.9801937682735773,19.192464757125475,21.17265852539905,0.0,0.9995634207805145,-0.02954602913347677,8,373500.0,2058500.0,18.61363,73.80091,C2_pcmc,15.34,True,37_205,0,test,test
c012_018,2020-21,3302.508458205328,244.49402002316677,2719.4011033118354,2858.663179997824,645.5298440918415,2353.9233597928537,0.0010679935670956,0.0008403770131171,6.763214844564253e-05,0.04601975027881896,0.0002479551997532625,3.5657045374540575,1815.4002695229624,0.5901513614820066,302.17736053466797,2850689.53125,16.68076805319471,0.3614048176853509,0.0366357276818928,1.7852711011391025,0.2706523779834737,2.636751065129137,4.692674544251714,0.1144383922036825,0.9995634207805145,-0.02954602913347677,8,374500.0,2058500.0,18.61369,73.81039,C1_shivajinagar_kasarwadi,15.0,True,37_205,0,test,gap
c012_019,2020-21,3235.3093239777863,240.4657890518292,2664.066983180836,2624.8597655174594,617.123807873307,2161.401441577543,0.0010462621335573,0.000771644531273,6.730468394027835e-05,0.04594663307180185,0.0002520280811559875,3.5657045374540575,1815.4002695229624,0.5901513614820066,302.17736053466797,2850689.53125,20.100084505139773,0.3603830568620912,-0.0140640984833574,6.724110912587691,0.910633740053173,3.995140792695722,11.629885445336589,0.0,0.9995634207805145,-0.02954602913347677,8,375500.0,2058500.0,18.61375,73.81986,C1_shivajinagar_kasarwadi,14.72,True,37_205,0,test,gap
c012_020,2020-21,3156.9614799895767,235.1231940202944,2599.552625055793,2541.7618593345064,590.4198322560379,2092.9757159157757,0.001020925334444,0.0007472157805608,6.631068692778766e-05,0.04589809155743081,0.0002598397070163625,3.5657045374540575,1815.4002695229624,0.5901513614820066,302.17736053466797,2850689.53125,13.049488711376469,0.3461141125108625,0.0619007637644243,1.149278030072078,0.0,0.0,1.149278030072078,0.0,0.9995634207805145,-0.02954602913347677,8,376500.0,2058500.0,18.61381,73.82934,C1_shivajinagar_kasarwadi,14.51,True,37_205,0,test,gap
c012_021,2020-21,3029.340688812796,225.86586194717543,2494.465196901176,2599.1429717033056,601.4334938548809,2140.225333065816,0.0009796542262154,0.0007640844232743,6.471378314939596e-05,0.0458505915140497,0.0002653962423963,3.5657045374540575,1815.4002695229624,0.5901513614820066,302.17736053466797,2850689.53125,12.646724164389093,0.3491251094092102,0.0743079373649481,2.009548984942492,0.0,0.3665033568827851,2.376052341825277,0.0815531943333467,0.9995634207805145,-0.02954602913347677,8,377500.0,2058500.0,18.61387,73.83882,C1_shivajinagar_kasarwadi,14.36,True,37_205,0,test,gap
c012_022,2020-21,2855.980299887987,214.4135882493884,2351.714182368155,2599.9603755948783,639.5546949407668,2140.8984120519035,0.0009235914537793,0.0007643247200136,6.307982548802183e-05,0.04580586011519587,0.0002641659652586625,3.5657045374540575,1815.4002695229624,0.5901513614820066,302.17736053466797,2850689.53125,15.498720608137178,0.3124165227996965,0.0467377528310554,2.8721040877328807,0.0,6.246774716400197,9.11887880413308,0.0108288409425104,0.9995634207805145,-0.02954602913347677,8,378500.0,2058500.0,18.61393,73.8483,C1_shivajinagar_kasarwadi,14.28,True,37_205,0,test,gap
c013_014,2020-21,3386.0751310408423,254.7405006718396,2788.2128278493988,3079.3795053802733,698.4013951211493,2535.6689105946043,0.0010950180759323,0.0009052622110547,7.038574260772474e-05,0.046049379471259214,0.000254254613163375,3.5657045374540575,1815.4002695229624,0.5901513614820066,302.1597099304199,2856317.921875,22.087587426281484,0.2990916454153967,-0.0058699686992334,2.745716317047032,0.0,10.537840091225434,13.283556408272466,0.1185744910281187,0.9995634207805145,-0.02954602913347677,8,370500.0,2059500.0,18.62248,73.77241,C2_pcmc,17.53,True,37_205,0,test,test
c013_015,2020-21,3427.406533941757,255.29590092177824,2822.246552235756,3286.4534886401734,711.2262224084005,2706.180879199875,0.001108384180206,0.0009661368942856,7.018611599272832e-05,0.04598178306060196,0.0002560973625672375,3.5657045374540575,1815.4002695229624,0.5901513614820066,302.1597755460491,2856296.998489777,24.796579791907156,0.2949290545056426,-0.0044337804311003,0.0,1.1868349529233129,13.984696190344076,15.171531143267387,0.0,0.9995634207805145,-0.02954602913347677,8,371500.0,2059500.0,18.62255,73.78189,C2_pcmc,17.07,True,37_205,0,test,test
c013_016,2020-21,3446.681026517568,254.3708659186084,2838.117844327743,3180.9154466336527,703.2083642487698,2619.2771599494886,0.0011146173312609,0.0009351112928323,6.940796129414911e-05,0.04595760558989381,0.0002553496113072625,3.5657045374540575,1815.4002695229624,0.5901513614820066,302.15883365928704,2856597.3455230496,27.568058272492962,0.2347750188034875,0.0188540104862248,2.598805734504241,1.8941543114035373,15.997402570094629,20.490362616002407,0.0,0.9995634207805145,-0.02954602913347677,8,372500.0,2059500.0,18.62261,73.79137,C2_pcmc,16.64,True,37_205,0,test,test
c013_017,2020-21,3416.938099932979,251.41757134933945,2813.626477115982,2949.3202320832484,683.5841159283412,2428.573550877625,0.0011049988080501,0.000867027967725,6.868745911451966e-05,0.0459665358179078,0.0002486338228273875,3.5657045374540575,1815.4002695229624,0.5901513614820066,302.15640434022504,2857372.0020980565,30.595168650392402,0.2270063785767158,0.0371428539468119,0.4844394344087733,6.134290136205792,13.830887646551725,20.44961721716629,0.0988821116838035,0.9995634207805145,-0.02954602913347677,8,373500.0,2059500.0,18.62267,73.80085,C2_pcmc,16.27,True,37_205,0,test,test
c013_018,2020-21,3360.115660963998,247.69751346021292,2766.836891205553,2681.067522818558,665.6871738205324,2207.6848770792813,0.0010866230794022,0.0007881682363129,6.823658694832736e-05,0.04592399361380047,0.0002426091365281375,3.5657045374540575,1815.4002695229624,0.5901513614820066,302.1552807525749,2857730.2895599254,24.675648241654624,0.374685654893104,-0.010383161224721,5.166802717255594,0.6763312018383931,3.785652453122579,9.628786372216569,0.2734059033815109,0.9995634207805145,-0.02954602913347677,8,374500.0,2059500.0,18.62273,73.81032,C2_pcmc,15.95,True,37_205,0,test,test
c013_019,2020-21,3304.8064019574117,244.87244655311625,2721.29331066084,2445.795564736461,630.4327760682997,2013.953708640587,0.0010687366958948,0.0007190040385904,6.765870894880199e-05,0.04588280731438494,0.0002427591369625,3.5657045374540575,1815.4002695229624,0.5901513614820066,302.1552314188943,2857746.020988806,26.863996710579897,0.2716880554392065,0.024231632138337,0.0,3.35083595716236,13.765615247144249,17.116451204306607,0.006038506730527,0.9995634207805145,-0.02954602913347677,8,375500.0,2059500.0,18.62279,73.8198,C1_shivajinagar_kasarwadi,15.69,True,37_205,0,test,gap
c013_020,2020-21,3225.2269908498915,239.92368203885215,2655.7648370458783,2381.2459425108727,598.0726768924093,1960.8012894658548,0.0010430016220224,0.0007000280294182,6.651550341126525e-05,0.04586384248015065,0.0002485286021331375,3.5657045374540575,1815.4002695229624,0.5901513614820066,302.15531368326515,2857719.788684944,23.289407332609233,0.282157796384537,0.0240550550802946,1.5093573729989629,5.325702399322407,0.9127978143034612,7.747857586624831,0.7954279463758422,0.9995634207805145,-0.02954602913347677,8,376500.0,2059500.0,18.62285,73.82928,C1_shivajinagar_kasarwadi,15.49,True,37_205,0,test,gap
c013_021,2020-21,3086.482267159403,230.24473366186567,2541.517573349952,2467.876825306935,600.0860365880434,2032.1361917796287,0.000998133160898,0.00072549538879,6.477177295233604e-05,0.04581510529604855,0.0002550715342795625,3.5657045374540575,1815.4002695229624,0.5901513614820066,302.1552314188943,2857746.020988806,25.410361253886265,0.2535642777628916,0.0406556166431589,2.6737610455888703,5.43822056525049,2.751187799542654,10.863169410382016,0.7877637662354847,0.9995634207805145,-0.02954602913347677,8,377500.0,2059500.0,18.6229,73.83876,C1_shivajinagar_kasarwadi,15.36,True,37_205,0,test,gap
c013_022,2020-21,2895.8712326879872,217.6180974896858,2384.561773234708,2529.3838011206944,630.6781109915387,2082.7831893592224,0.0009364917264523,0.0007435769343816,6.29625849623693e-05,0.04577737376975818,0.0002578582826796875,3.5657045374540575,1815.4002695229624,0.5901513614820066,302.1552807525749,2857730.289559925,29.09092988039339,0.1862453977270724,0.0601901662638582,4.372134797934362,1.067618870618812,19.164677085550267,24.60443075410344,0.0001850658758723,0.9995634207805145,-0.02954602913347677,8,378500.0,2059500.0,18.62296,73.84824,C1_shivajinagar_kasarwadi,15.28,True,37_205,0,test,gap
c014_013,2020-21,3201.112064753544,242.53977852045253,2635.907762503114,2678.029648739225,675.3989624172652,2205.183385189825,0.0010352031299768,0.0007872751756813,6.982509369742154e-05,0.04596146446766949,0.0002553729191533875,3.5657045374540575,1815.4002695229624,0.5901513614820066,302.1420593261719,2861946.3125,16.78575500020227,0.2965981217467433,0.0147181141422589,2.007547051337049,0.3465531056987966,7.942936558563762,10.297036715599608,0.0,0.9995634207805145,-0.02954602913347677,8,369500.0,2060500.0,18.63146,73.76287,C2_pcmc,18.9,True,36_206,1,test,test
c014_014,2020-21,3311.5887830975903,249.35253387106377,2726.878160779803,3116.285211581393,697.9070668894101,2566.058361350581,0.0010709300405959,0.000916111585462,7.032751997388003e-05,0.045926383101442286,0.0002574545390089875,3.5657045374540575,1815.4002695229624,0.5901513614820066,302.1420593261719,2861946.3125,23.177576093778125,0.3069387911972558,0.0004055722058754,3.633180152421532,1.5767793320969394,13.801918661116163,19.01187814563464,0.0,0.9995634207805145,-0.02954602913347677,8,370500.0,2060500.0,18.63152,73.77235,C2_pcmc,18.41,True,37_206,3,test,test
c014_015,2020-21,3386.4546083601667,252.6643134466109,2788.5253027617,3314.8629369585915,717.6457727208552,2729.574213714928,0.0010951407945691,0.0009744885768095,7.00618789734472e-05,0.045868482953072026,0.0002608342177269375,3.5657045374540575,1815.4002695229624,0.5901513614820066,302.1420593261719,2861946.3125,27.086751310275744,0.2769456677389323,-0.0008708628780676,1.859313674093916,6.338343631745435,10.882033748253493,19.079691054092844,0.1189183262442569,0.9995634207805145,-0.02954602913347677,8,371500.0,2060500.0,18.63158,73.78183,C2_pcmc,17.97,True,37_206,3,test,test
c014_016,2020-21,3434.637567911554,253.66812968023925,2828.200838804408,3125.8494087790195,712.0641951379479,2573.9338562177923,0.0011107226141149,0.0009189232253677,6.948332854739376e-05,0.045838067720796266,0.0002601583117064,3.5657045374540575,1815.4002695229624,0.5901513614820066,302.1420593261719,2861946.3125,26.691166787759048,0.2692416728789357,-0.0091360666434203,2.242453347602172,2.6836631620764533,15.176474900732051,20.10259141041068,0.0433201683997592,0.9995634207805145,-0.02954602913347677,8,372500.0,2060500.0,18.63164,73.7913,C2_pcmc,17.57,True,37_206,3,test,test
c014_017,2020-21,3428.1204785993705,251.6989729874172,2822.8344392659296,2814.228422373036,693.8841796588501,2317.3342244614914,0.0011086150617651,0.0008273142818542,6.910724524615029e-05,0.045867320153929914,0.00025157674635095,3.5657045374540575,1815.4002695229624,0.5901513614820066,302.1420593261719,2861946.3125,30.572008666906974,0.2473158236744435,0.0208389709334355,9.617137023671276,1.953724674257086,8.359217844576195,19.93007954250456,0.0,0.9995634207805145,-0.02954602913347677,8,373500.0,2060500.0,18.6317,73.80078,C2_pcmc,17.21,True,37_206,3,test,test
c014_018,2020-21,3390.708624358513,248.7997543973927,2792.0282084910305,2500.542172587987,674.7119956323107,2059.033982522739,0.0010965164948218,0.0007350982014517,6.868968951379076e-05,0.04584766597879689,0.000245201371969825,3.5657045374540575,1815.4002695229624,0.5901513614820066,302.1420593261719,2861946.3125,25.497732728598663,0.2667510026875025,0.0118671964799256,0.0,2.41067263282865,11.195040444128962,13.605713076957612,0.0,0.9995634207805145,-0.02954602913347677,8,374500.0,2060500.0,18.63176,73.81026,C2_pcmc,16.91,True,37_206,3,test,test
c014_019,2020-21,3345.2853973553897,246.66782779456585,2754.625132861845,2237.87984827562,644.4969944571442,1842.7486274439927,0.0010818271413046,0.0006578819063987,6.801027513235967e-05,0.0458014997035393,0.00024524000393055,3.5657045374540575,1815.4002695229624,0.5901513614820066,302.1420593261719,2861946.3125,28.77112317066359,0.2396549796522581,0.0432463772410949,0.0,4.57846537794025,12.864605176553903,17.443070554494152,0.0,0.9995634207805145,-0.02954602913347677,8,375500.0,2060500.0,18.63182,73.81974,C2_pcmc,16.67,True,37_206,3,test,test
c014_020,2020-21,3265.6258303862387,242.09810664924552,2689.030656103723,2153.561044100459,618.2016820113201,1773.317571625146,0.0010560661459408,0.0006330942415566,6.66758946728498e-05,0.045780799674890175,0.00024860935245085,3.5657045374540575,1815.4002695229624,0.5901513614820066,302.1420593261719,2861946.3125,29.32447050977284,0.225869333988818,0.0463655133911966,2.3879043129099475,4.693528355007726,1.4193630034020812,8.500795671319755,0.8508148183786616,0.9995634207805145,-0.02954602913347677,8,376500.0,2060500.0,18.63188,73.82922,C1_shivajinagar_kasarwadi,16.48,True,37_206,3,test,gap
c014_021,2020-21,3122.607358957668,232.51046028534915,2571.2642388730524,2239.5178657689503,615.7500482749908,1844.0974284039232,0.0010098156035441,0.0006583634434535,6.45507670468106e-05,0.04573681748976591,0.00025347505308115,3.5657045374540575,1815.4002695229624,0.5901513614820066,302.1420593261719,2861946.3125,24.57217021478466,0.2282756579979671,0.0433230961987216,0.2458646165264027,4.067240797570554,5.291928026707221,9.605033440804178,0.6734289459256445,0.9995634207805145,-0.02954602913347677,8,377500.0,2060500.0,18.63194,73.8387,C1_shivajinagar_kasarwadi,16.35,True,37_206,3,test,gap
c015_011,2020-21,2650.539045962043,205.3145837854399,2182.5466602672186,2009.5797176264573,689.0000267726615,1654.7583058352632,0.0008571540955149,0.0005907672553157,6.638356603367486e-05,0.045754830179081524,0.0002593015672327125,3.5657045374540575,1815.4002695229624,0.5901513614820066,302.1420593261719,2861946.3125,17.97441032346218,0.3311094019808828,-0.0280253250819556,2.429579728943611,1.814283181223379,6.245262545321817,10.489125455488807,0.0151459628009796,0.9995634207805145,-0.02954602913347677,8,367500.0,2061500.0,18.64037,73.74385,C2_pcmc,20.81,True,36_206,1,test,test
c015_012,2020-21,2877.989024734626,221.07571524744975,2369.8369370523205,2208.08616026196,683.8804960408767,1818.2154614941,0.000930708824364,0.0006491232912817,6.776285480651242e-05,0.045816904457490565,0.0002568719977786625,3.5657045374540575,1815.4002695229624,0.5901513614820066,302.1420593261719,2861946.3125,19.11889317537303,0.3311357077320219,-0.0271511033773474,5.947358537994128,0.5510744996930054,4.712936656651893,11.211369694339028,0.0,0.9995634207805145,-0.02954602913347677,8,368500.0,2061500.0,18.64043,73.75332,C2_pcmc,20.27,True,36_206,1,test,test
c015_013,2020-21,3054.542370424313,232.6231143371254,2515.217143988366,2535.977771065523,684.2949268226174,2088.2128951026307,0.0009878041625992,0.0007455154001672,6.890763089942082e-05,0.045846943100031984,0.0002543318527250625,3.5657045374540575,1815.4002695229624,0.5901513614820066,302.1420593261719,2861946.3125,24.560063018136987,0.188349712600467,0.0473158765488482,0.6738920806048014,1.5890409627955842,22.301565242594883,24.56449828599527,0.0,0.9995634207805145,-0.02954602913347677,8,369500.0,2061500.0,18.64049,73.7628,C2_pcmc,19.77,True,36_206,1,test,test
c015_014,2020-21,3188.426638404985,241.26722508267517,2625.4621382617765,3008.728522807277,707.3639133138272,2477.492417667928,0.0010311008077852,0.0008844925512627,6.964855767520137e-05,0.04580200286329495,0.00025649753183102503,3.5657045374540575,1815.4002695229624,0.5901513614820066,302.1420593261719,2861946.3125,27.446816475385575,0.2369118485348336,0.0291786844783408,2.114382442808268,7.380284257334946,15.823605544042564,25.318272244185778,0.0004527010539015,0.9995634207805145,-0.02954602913347677,8,370500.0,2061500.0,18.64056,73.77228,C2_pcmc,19.3,True,37_206,3,test,test
c015_015,2020-21,3292.032458888488,246.9863019811926,2710.774798652501,3205.703651190647,712.6711082677614,2639.688635551898,0.0010646057484054,0.0009423984183153,6.955769160688569e-05,0.04577205294110475,0.000257733153033675,3.5657045374540575,1815.4002695229624,0.5901513614820066,302.1420593261719,2861946.3125,24.989475027126183,0.3107009488803014,0.0199446311319991,0.0594879969212925,3.012339234324453,7.259728654040607,10.331555885286352,0.3163057308763825,0.9995634207805145,-0.02954602913347677,8,371500.0,2061500.0,18.64062,73.78176,C2_pcmc,18.88,True,37_206,3,test,test
c015_016,2020-21,3363.324187374468,249.53852984531997,2769.478904199935,2980.1616860713425,694.7785615185518,2453.969484018866,0.001087660680247,0.0008760946003959,6.931323637333115e-05,0.04576700952454935,0.0002560906252034375,3.5657045374540575,1815.4002695229624,0.5901513614820066,302.1420593261719,2861946.3125,28.429582878451342,0.292110205115866,0.0013531933069698,5.917139024170323,1.381318605662635,7.656842043088255,14.955299672921214,0.154326366553012,0.9995634207805145,-0.02954602913347677,8,372500.0,2061500.0,18.64068,73.79124,C2_pcmc,18.5,True,37_206,3,test,test
c015_017,2020-21,3378.693962451237,248.5539493295299,2782.1349151777654,2638.3677825569066,675.9000883398032,2172.524415797143,0.0010926310901998,0.0007756155576926,6.909808237772465e-05,0.045797728777618674,0.00024908247411275,3.5657045374540575,1815.4002695229624,0.5901513614820066,302.1420593261719,2861946.3125,27.717118324860472,0.3092734686087017,-0.0014226227572032,5.207133344666272,2.3334090995952512,3.83524986214968,11.375792306411205,0.0,0.9995634207805145,-0.02954602913347677,8,373500.0,2061500.0,18.64074,73.80072,C2_pcmc,18.16,True,37_206,3,test,test
c015_018,2020-21,3362.3663182690684,246.70186784781345,2768.6901612383303,2311.2833612046848,665.0389647118064,1903.1916502469496,0.0010873509163037,0.000679460742751,6.85226319237707e-05,0.04579617552475411,0.0002439827279232875,3.5657045374540575,1815.4002695229624,0.5901513614820066,302.1420593261719,2861946.3125,19.285844901190373,0.4351594433734362,-0.0393388516841783,0.5331982729399187,2.171757092833408,2.51547004882195,5.220425414595276,0.0,0.9995634207805145,-0.02954602913347677,8,374500.0,2061500.0,18.6408,73.8102,C2_pcmc,17.88,True,37_206,3,test,test
c015_019,2020-21,3330.7348333681725,245.2478603073284,2742.6436889801994,2044.097913528998,649.6279415133627,1683.1817970116383,0.0010771216548743,0.0006009147601263,6.76948144360827e-05,0.045772642616460364,0.0002439119356159875,3.5657045374540575,1815.4002695229624,0.5901513614820066,302.1420593261719,2861946.3125,24.135678412777555,0.3922229080402414,-0.0161543234059922,2.123761970607495,2.103984918935894,2.9460367833194905,7.173783672862879,0.2202286640176645,0.9995634207805145,-0.02954602913347677,8,375500.0,2061500.0,18.64086,73.81968,C2_pcmc,17.65,True,37_206,3,test,test
c015_020,2020-21,3259.8345052717227,241.19696848472813,2684.261876218565,1958.4890487111863,636.4667394315902,1612.688460087577,0.0010541932974544,0.0005757478490277,6.62972793875081e-05,0.045749452063463085,0.000247443736898375,3.5657045374540575,1815.4002695229624,0.5901513614820066,302.1420593261719,2861946.3125,27.96321167643723,0.2310794751749298,0.0457611122305758,0.6850849033952475,5.824278552799087,1.7888313737196042,8.298194829913939,0.8531956741188417,0.9995634207805145,-0.02954602913347677,8,376500.0,2061500.0,18.64092,73.82916,C2_pcmc,17.47,True,37_206,3,test,test
c016_009,2020-21,2086.5548475885016,167.25277439185697,1718.1423231649594,1801.342725106795,629.1346223158557,1483.2886746822091,0.0006747680385435,0.0005295506758255,6.313298535438275e-05,0.04577409328107911,0.00026110903822675004,3.5657045374540575,1815.4002695229624,0.5901513614820066,302.1420593261719,2861946.3125,9.862710391699784,0.3879220027926048,-0.0399666642919653,0.0,0.6257441177616992,2.77979993229692,3.4055440500586185,0.0,0.9995634207805145,-0.02954602913347677,8,365500.0,2062500.0,18.64928,73.72482,C3_dehu_talegaon,22.79,True,36_206,1,test,gap
c016_010,2020-21,2269.5264368201288,178.8915214077395,1868.8075365711356,1803.908821439647,676.2114480606131,1485.401688255702,0.000733938963534,0.0005303050453457,6.409812857712583e-05,0.04564130419014682,0.0002584565456039625,3.5657045374540575,1815.4002695229624,0.5901513614820066,302.1420593261719,2861946.3125,16.22512502161468,0.2849016885566944,0.0151736919259997,5.020592315633383,1.1506922221930225,4.602170078814446,10.773454616640851,0.0,0.9995634207805145,-0.02954602913347677,8,366500.0,2062500.0,18.64934,73.7343,C2_pcmc,22.2,True,36_206,1,test,test
c016_011,2020-21,2469.336447618941,193.3127572922764,2033.3380959006693,1873.475290264313,711.8866799674743,1542.6851545872644,0.0007985552420008,0.0005507558846377,6.506708511365989e-05,0.045706070943780076,0.00026057998177555,3.5657045374540575,1815.4002695229624,0.5901513614820066,302.1420593261719,2861946.3125,17.87156885828457,0.2694085287240899,0.0265663381747636,1.7799170957841843,2.288770694197769,6.982118517460185,11.050806307442135,0.0,0.9995634207805145,-0.02954602913347677,8,367500.0,2062500.0,18.6494,73.74378,C2_pcmc,21.65,True,36_206,1,test,test
c016_012,2020-21,2687.2009491128783,208.31384714718527,2212.7353550547173,2073.752509945542,715.4316379030831,1707.6004300701104,0.0008690101368296,0.0006096324857178,6.638783112263077e-05,0.045746527861891324,0.0002558915796628875,3.5657045374540575,1815.4002695229624,0.5901513614820066,302.1420593261719,2861946.3125,19.579842584681263,0.2424251118445493,0.0433926086356486,0.2022644678591901,1.1423466460679204,9.79812806860624,11.14273918253335,0.0,0.9995634207805145,-0.02954602913347677,8,368500.0,2062500.0,18.64947,73.75326,C2_pcmc,21.13,True,36_206,1,test,test
c016_013,2020-21,2863.7770631743874,219.57660482860493,2358.134310265366,2446.8182085927583,719.964563965116,2014.7957894001984,0.0009261128380965,0.0007193046708564,6.784665337054796e-05,0.04573144042446651,0.00025309791847908747,3.5657045374540575,1815.4002695229624,0.5901513614820066,302.1420593261719,2861946.3125,23.296571694545275,0.2865245343067653,0.0026797761208458,2.541866187224005,4.589944157410735,10.49513851849587,17.626948863130607,0.0,0.9995634207805145,-0.02954602913347677,8,369500.0,2062500.0,18.64953,73.76274,C2_pcmc,20.65,True,36_206,1,test,test
c016_014,2020-21,3010.7164660928383,228.9542965810772,2479.129359777992,2904.9201413046108,723.8325969855646,2392.0129614412585,0.000973631365015,0.0008539754276665,6.862640460721018e-05,0.04568104797262484,0.0002547593056277625,3.5657045374540575,1815.4002695229624,0.5901513614820066,302.1420593261719,2861946.3125,26.2054377871175,0.3026847623693536,-0.0238457129191155,4.123895952279279,3.288951748008342,16.553843920760944,23.966691621048565,0.0,0.9995634207805145,-0.02954602913347677,8,370500.0,2062500.0,18.64959,73.77222,C2_pcmc,20.2,True,37_206,3,test,test
c016_015,2020-21,3132.9309790700268,236.0919873449259,2579.76506915979,3067.0048147054,696.1943696042597,2525.479156987529,0.0010131541445377,0.0009016243548496,6.876029550585363e-05,0.04566180928481117,0.000254437473709775,3.5657045374540575,1815.4002695229624,0.5901513614820066,302.1420593261719,2861946.3125,30.638182577728497,0.2323258986520926,0.0265616784402848,3.2013494695320666,5.512291909468436,11.088577970172148,19.802219349172653,0.1499347547057143,0.9995634207805145,-0.02954602913347677,8,371500.0,2062500.0,18.64965,73.7817,C2_pcmc,19.8,True,37_206,3,test,test
c016_016,2020-21,3218.7308583756994,240.06760744818013,2650.415694101615,2816.0202393285026,651.6629756751349,2318.809669283903,0.0010409008468749,0.0008278410321869,6.881983169235362e-05,0.04568447561597245,0.0002525231185232875,3.5657045374540575,1815.4002695229624,0.5901513614820066,302.1420593261719,2861946.3125,28.48662746327478,0.2722670616586592,0.0294101932806582,2.179441094622565,4.92976071168145,4.267305630625426,11.37650743692944,0.2570944470915086,0.9995634207805145,-0.02954602913347677,8,372500.0,2062500.0,18.64971,73.79118,C2_pcmc,19.43,True,37_206,3,test,test
c016_017,2020-21,3251.0456834233,240.33641777923583,2677.0248525640063,2471.758692563756,631.3797691379253,2035.332657204231,0.0010513510927136,0.0007266365627602,6.866241890337048e-05,0.0457017365466437,0.0002468201516620625,3.5657045374540575,1815.4002695229624,0.5901513614820066,302.1420593261719,2861946.3125,26.42282797939694,0.2626861335135591,0.0266619535770096,0.411630548312389,3.7209903012735976,6.989134157855017,11.121755007441005,0.0365984118868697,0.9995634207805145,-0.02954602913347677,8,373500.0,2062500.0,18.64978,73.80066,C2_pcmc,19.12,True,37_206,3,test,test
c016_018,2020-21,3251.5042592387613,239.5913437895252,2677.402459947697,2163.363843795753,634.2940709361152,1781.3895401437107,0.0010514993909018,0.0006359760247571,6.793160521154978e-05,0.0457018744875503,0.00024133056328634999,3.5657045374540575,1815.4002695229624,0.5901513614820066,302.1420593261719,2861946.3125,25.2527045776479,0.3036458410673492,-0.0082104388292199,4.186688184985418,5.742669715238662,1.1052526812066232,11.034610581430703,0.2978813716893335,0.9995634207805145,-0.02954602913347677,8,374500.0,2062500.0,18.64984,73.81014,C2_pcmc,18.85,True,37_206,3,test,test
c016_019,2020-21,3231.9099113676502,238.52602903474147,2661.2677878056816,1929.628071296901,635.7754028294966,1588.9233207044922,0.0010451628022927,0.0005672634280001,6.698412402513477e-05,0.04570215584926856,0.00024066259249805,3.5657045374540575,1815.4002695229624,0.5901513614820066,302.1420593261719,2861946.3125,19.986442942057202,0.1899327511957,0.0591555388908296,0.6110419777073901,1.7206334365502076,0.0,2.3316754142575977,0.9710694378279046,0.9995634207805145,-0.02954602913347677,8,375500.0,2062500.0,18.6499,73.81961,C2_pcmc,18.63,True,37_206,3,test,test
c017_008,2020-21,1733.7098340971895,142.8466590183564,1427.5973840286683,1585.189095302465,595.562445529084,1305.300207184329,0.0005606619857175,0.0004660067987223,5.9870789299032384e-05,0.04560317622777546,0.00025617377518105,3.5657045374540575,1815.4002695229624,0.5901513614820066,302.1420593261719,2861946.3125,8.690756116698429,0.3834754744713887,-0.0018274361991708,0.0,1.7557717361268843,0.9320146231009802,2.687786359227865,0.0,0.9995634207805145,-0.02954602913347677,8,364500.0,2063500.0,18.65825,73.71527,C3_dehu_talegaon,24.19,True,36_206,1,test,gap
c017_009,2020-21,1938.0996530234715,157.54543807478424,1595.8991177344112,1688.582242700775,640.2296750601273,1390.4377451098617,0.0006267593218956,0.000496401853654,6.122282541113098e-05,0.04567556569094985,0.0002586678555671125,3.5657045374540575,1815.4002695229624,0.5901513614820066,302.1420593261719,2861946.3125,14.942679817554527,0.2443080243981024,0.0455094712409687,1.0167152498286194,2.8783736718209414,6.019636109614713,9.914725031264274,0.0,0.9995634207805145,-0.02954602913347677,8,365500.0,2063500.0,18.65831,73.72475,C3_dehu_talegaon,23.6,True,36_206,1,test,gap
c017_010,2020-21,2098.6725757700324,167.839880098222,1728.1204848573582,1724.0775896631956,697.8752196399665,1419.6658566843275,0.0006786867736231,0.0005068366169617,6.224221372967491e-05,0.04555487902591016,0.00025666079764315,3.5657045374540575,1815.4002695229624,0.5901513614820066,302.1420593261719,2861946.3125,21.144554371647025,0.1698714653314735,0.1035413641687755,8.381883278600972,0.1823761025583209,5.331905816582167,13.89616519774146,0.0,0.9995634207805145,-0.02954602913347677,8,366500.0,2063500.0,18.65838,73.73423,C3_dehu_talegaon,23.03,True,36_206,1,test,gap
c017_011,2020-21,2287.1943205294674,181.61914864365357,1883.3558906663343,1850.395805798948,744.1803643431124,1523.6806989399083,0.0007396525556063,0.0005439710810431,6.34625265773309e-05,0.045639336975992414,0.0002600621652511625,3.5657045374540575,1815.4002695229624,0.5901513614820066,302.1420593261719,2861946.3125,16.995881668348453,0.1873543056491333,0.0739885015734147,0.0247590075680918,2.0109002326562377,13.98636048211748,16.02201972234181,0.0,0.9995634207805145,-0.02954602913347677,8,367500.0,2063500.0,18.65844,73.74371,C2_pcmc,22.5,True,36_206,1,test,test
c017_012,2020-21,2484.1568858510773,194.7497386195936,2045.54176368535,2092.444906105721,755.9667387281942,1722.992403591098,0.0008033480026837,0.0006151275927185,6.487250285747556e-05,0.04568505170484815,0.00025420770048745,3.5657045374540575,1815.4002695229624,0.5901513614820066,302.1420593261719,2861946.3125,14.600034553091614,0.2998819837319908,0.0282908218667675,2.5912088900977057,2.484333759594123,6.105732782087075,11.181275431778904,0.0,0.9995634207805145,-0.02954602913347677,8,368500.0,2063500.0,18.6585,73.75319,C2_pcmc,22.0,True,36_206,1,test,test
c017_013,2020-21,2653.773146899661,204.96920575178711,2185.2097322227587,2502.1148732882007,759.3941644791481,2060.3289993481203,0.0008581999668701,0.0007355605369679,6.65710751513152e-05,0.04563583787579599,0.0002513295292837,3.5657045374540575,1815.4002695229624,0.5901513614820066,302.1420593261719,2861946.3125,20.994651581045222,0.3036088480235008,0.0133607667233655,4.603249148801817,0.8273324526246006,9.598681859784431,15.02926346121085,0.0,0.9995634207805145,-0.02954602913347677,8,369500.0,2063500.0,18.65857,73.76267,C2_pcmc,21.54,True,36_206,1,test,test
c017_014,2020-21,2802.900642489648,214.30702489783755,2308.0065338581803,2906.446849182574,737.5164615411416,2393.27010616634,0.0009064260980012,0.0008544242424186,6.739453052010033e-05,0.04558229202058224,0.0002535828683269375,3.5657045374540575,1815.4002695229624,0.5901513614820066,302.1420593261719,2861946.3125,28.53835182819909,0.2944524825871819,-0.0225469009469639,7.472267100631443,1.1130701800403422,18.43354015412131,27.018877434793097,0.0,0.9995634207805145,-0.02954602913347677,8,370500.0,2063500.0,18.65863,73.77215,C2_pcmc,21.11,True,37_206,3,test,test
c017_015,2020-21,2934.626818742427,222.2764573040825,2416.474479836287,2991.5161613086384,674.3915428838892,2463.319156511335,0.0009490248409375,0.0008794325382306,6.772239455112665e-05,0.045534171077531216,0.000254697881605175,3.5657045374540575,1815.4002695229624,0.5901513614820066,302.1420593261719,2861946.3125,26.089593863797134,0.307604209255476,0.002712293272662,5.460412641969557,0.4542915629541942,4.700578857486416,10.615283062410168,0.6236493663835405,0.9995634207805145,-0.02954602913347677,8,371500.0,2063500.0,18.65869,73.78163,C2_pcmc,20.72,True,37_206,3,test,test
c017_016,2020-21,3028.2623380144337,227.5476814168377,2493.5772450948643,2700.439178391669,605.6784184152879,2223.636176585452,0.0009793054998669,0.0007938630289571,6.795179265884596e-05,0.045551942883077165,0.0002545915032468,3.5657045374540575,1815.4002695229624,0.5901513614820066,302.1420593261719,2861946.3125,24.352748779433227,0.25033831505347,0.0593387094326819,1.781774639063465,2.86388739429608,3.2830548503835275,7.928716883743073,0.7782451528740271,0.9995634207805145,-0.02954602913347677,8,372500.0,2063500.0,18.65875,73.79111,C2_pcmc,20.38,True,37_206,3,test,test
c017_017,2020-21,3070.056422184472,229.0720441594876,2527.9919574392115,2345.746165392243,590.1192623979513,1931.5695299456424,0.0009928212299857,0.000689591963753,6.784051776519515e-05,0.045541252222743814,0.0002498115527683875,3.5657045374540575,1815.4002695229624,0.5901513614820066,302.1420593261719,2861946.3125,22.47168190692498,0.2650833202600939,-0.0167648543588973,2.057826306867784,0.72422547449273,8.547986537837103,11.330038319197616,0.1566059440563484,0.9995634207805145,-0.02954602913347677,8,373500.0,2063500.0,18.65881,73.80059,C2_pcmc,20.07,True,37_206,3,test,test
c017_018,2020-21,3077.5466569498058,228.99554867686348,2534.159679018941,2066.2262039905954,607.7996109692998,1701.4030062098043,0.0009952434864755,0.0006074199359629,6.711882183687499e-05,0.04551366607843565,0.000242750264531125,3.5657045374540575,1815.4002695229624,0.5901513614820066,302.1420593261719,2861946.3125,24.753691077135443,0.2273315084970885,0.0213697102353871,1.0539031959255036,5.995083046377258,6.444895784241697,13.493882026544458,0.234788787074907,0.9995634207805145,-0.02954602913347677,8,374500.0,2063500.0,18.65887,73.81007,C2_pcmc,19.82,True,37_206,3,test,test
c017_019,2020-21,3063.7951922563584,227.97805485725564,2522.8362414766084,1890.2583223676236,620.0344238430984,1556.5048908865808,0.0009907964196423,0.0005556896853347,6.610089379730115e-05,0.04551264123500415,0.000240020893558075,3.5657045374540575,1815.4002695229624,0.5901513614820066,302.1420593261719,2861946.3125,27.957699394244543,0.1458624340676746,0.099951231475194,2.209674292654423,2.492224100136109,0.9971862657573816,5.699084658547914,0.8375306190411733,0.9995634207805145,-0.02954602913347677,8,375500.0,2063500.0,18.65893,73.81955,C2_pcmc,19.61,True,37_206,3,test,test
c018_007,2020-21,1464.625038639792,123.87662124125328,1206.0235413233756,1364.4988442105948,580.0043446334863,1123.5761268664446,0.0004736430320377,0.000401129265988,5.688332585008748e-05,0.04549561258907608,0.0002492205820160625,3.5657045374540575,1815.4002695229624,0.5901513614820066,302.1420593261719,2861946.3125,11.47958131406975,0.2657558942015422,0.0427363800859642,2.290355011343144,3.3741087516384853,7.08203270369183,12.74649646667346,0.0,0.9995634207805145,-0.02954602913347677,8,363500.0,2064500.0,18.66722,73.70573,C3_dehu_talegaon,25.59,True,36_206,1,test,gap
c018_008,2020-21,1630.6667444004486,135.07817196052486,1342.7480958720364,1431.908322259025,601.5016078612467,1179.0834514648482,0.0005273390258152,0.000420946002781,5.7865222555351395e-05,0.045585209829987976,0.00025420569447075003,3.5657045374540575,1815.4002695229624,0.5901513614820066,302.1420593261719,2861946.3125,15.622979325659434,0.240498375321917,0.0650344457054824,2.0391200451165674,2.3381681234840386,6.39788716599085,10.775175334591456,0.0,0.9995634207805145,-0.02954602913347677,8,364500.0,2064500.0,18.66728,73.71521,C3_dehu_talegaon,24.99,True,36_206,1,test,gap
c018_009,2020-21,1799.0578397692393,147.46100118610153,1481.4072200889736,1534.6944403205257,651.7323373469509,1263.7211401790453,0.0005817947853949,0.000451162605944,5.913151295142619e-05,0.04557250965978415,0.00025915652602967503,3.5657045374540575,1815.4002695229624,0.5901513614820066,302.1420593261719,2861946.3125,14.440291385800561,0.2799885855930871,0.0442605651082881,5.847881047736536,2.038494545653343,4.90412598302134,12.790501576411218,0.0,0.9995634207805145,-0.02954602913347677,8,365500.0,2064500.0,18.66735,73.72469,C3_dehu_talegaon,24.42,True,36_206,1,test,gap
c018_010,2020-21,1937.401825510205,157.07820550199307,1595.324502125242,1612.0909440413875,719.91430013877,1327.4521314163446,0.0006265336524372,0.0004739152838662,6.024960588028235e-05,0.04547625922999771,0.00025471374521775003,3.5657045374540575,1815.4002695229624,0.5901513614820066,302.1420593261719,2861946.3125,19.566227601024547,0.2465371664301703,0.02759328263058,1.1497514307625738,0.2803701189659532,18.77467717904777,20.2047987287763,0.0005165542645485,0.9995634207805145,-0.02954602913347677,8,366500.0,2064500.0,18.66741,73.73417,C3_dehu_talegaon,23.88,True,36_206,1,test,gap
c018_011,2020-21,2114.011072845736,171.10469585070146,1740.7507404338971,1804.6451957625077,771.8664774257475,1486.0080446576249,0.0006836470686271,0.0005305215213749,6.158776357018659e-05,0.04558374125110734,0.0002544822514509375,3.5657045374540575,1815.4002695229624,0.5901513614820066,302.1420593261719,2861946.3125,14.72723555501832,0.2874728183518388,0.0623962384870617,3.07571954112361,0.1346345815447995,4.131634499239668,7.341988621908078,0.0,0.9995634207805145,-0.02954602913347677,8,367500.0,2064500.0,18.66748,73.74365,C3_dehu_talegaon,23.36,True,36_206,1,test,gap
c018_012,2020-21,2286.938303244706,182.6195971756052,1883.1450770695008,2112.720051428156,788.4527761247448,1739.6876681929637,0.0007395697625366,0.0006210879892373,6.306293177835181e-05,0.0456301917723485,0.0002471574572604625,3.5657045374540575,1815.4002695229624,0.5901513614820066,302.1420593261719,2861946.3125,9.645079258638704,0.3853788606997988,0.0585183415001216,0.0822321246129005,0.0,0.0,0.0822321246129005,0.0,0.9995634207805145,-0.02954602913347677,8,368500.0,2064500.0,18.66754,73.75313,C3_dehu_talegaon,22.88,True,36_206,1,test,gap
c018_013,2020-21,2442.7156779548345,191.66392553170616,2011.4176220209683,2559.728809648527,786.4883262006297,2107.770331925222,0.0007899463887269,0.000752497624237,6.475659847354926e-05,0.04557249344041025,0.0002461160062942875,3.5657045374540575,1815.4002695229624,0.5901513614820066,302.1420593261719,2861946.3125,14.388208371255457,0.3760087677932087,0.0337429962964579,0.6518146833633761,0.0,6.238009111776434,6.889823795139811,0.0,0.9995634207805145,-0.02954602913347677,8,369500.0,2064500.0,18.6676,73.76261,C2_pcmc,22.44,True,36_206,1,test,test
c018_014,2020-21,2586.106326418767,200.53217448046723,2129.490502854503,2904.8761345329026,740.4886202527796,2391.976724724517,0.0008363172889318,0.0008539624907526,6.573421074287822e-05,0.0455057310442054,0.00025050178732919997,3.5657045374540575,1815.4002695229624,0.5901513614820066,302.1420593261719,2861946.3125,22.887406602671472,0.2112846383139859,0.106673742695465,8.242529217147036,0.2799781361607713,7.212813276608212,15.735320629916018,0.0,0.9995634207805145,-0.02954602913347677,8,370500.0,2064500.0,18.66766,73.77209,C2_pcmc,22.03,True,37_206,3,test,test
c018_015,2020-21,2719.5480099419924,208.4327252973628,2239.3710575883574,2904.612490043266,650.764055608671,2391.7596306201194,0.0008794708073523,0.000853884985725,6.629576618463927e-05,0.045425344261426095,0.000253585855006575,3.5657045374540575,1815.4002695229624,0.5901513614820066,302.1420593261719,2861946.3125,25.04592659349263,0.2324604413392735,0.0321751260168683,4.8381896663107895,2.307807667130089,22.834654360020664,29.980651693461542,0.0010083441841759,0.9995634207805145,-0.02954602913347677,8,371500.0,2064500.0,18.66773,73.78157,C2_pcmc,21.66,True,37_206,3,test,test
c018_016,2020-21,2816.72294957182,214.29799046341608,2319.388305503968,2584.741629451621,575.626221482567,2128.3667635862744,0.0009108960744549,0.0007598507811051,6.66676813252046e-05,0.04541030696938104,0.0002551661735309625,3.5657045374540575,1815.4002695229624,0.5901513614820066,302.1420593261719,2861946.3125,24.176405810534767,0.1982117920959911,0.0514334481484051,3.834683118989642,2.412105558079995,20.50484658994496,26.7516352670146,0.0097571703084535,0.9995634207805145,-0.02954602913347677,8,372500.0,2064500.0,18.66779,73.79105,C2_pcmc,21.32,True,37_206,3,test,test
c018_017,2020-21,2863.939066305501,216.6552298852032,2358.267709316138,2217.8103971303844,573.9456318128659,1826.2227386301076,0.0009261652280613,0.0006519819789339,6.664399562775085e-05,0.04535766378874076,0.000252636107849325,3.5657045374540575,1815.4002695229624,0.5901513614820066,302.1420593261719,2861946.3125,21.536941136502048,0.2536842720399535,9.912093671487683e-05,2.084400015729006,3.449549121695584,20.489107213801475,26.023056351226064,0.0,0.9995634207805145,-0.02954602913347677,8,373500.0,2064500.0,18.66785,73.80053,C2_pcmc,21.04,True,37_206,3,test,test
c018_018,2020-21,2874.0920559438146,216.8840306429205,2366.628036495844,1959.1475767203287,602.0072959583256,1613.2307151089608,0.0009294485891057,0.0005759414401458,6.602837108390963e-05,0.04529407873921537,0.0002464323432208,3.5657045374540575,1815.4002695229624,0.5901513614820066,302.1420593261719,2861946.3125,21.054064719199403,0.2247741632073723,0.0341419699549303,1.7632813434627672,2.9082661430117778,12.649152412674136,17.320699899148682,0.0,0.9995634207805145,-0.02954602913347677,8,374500.0,2064500.0,18.66791,73.81001,C2_pcmc,20.79,True,37_206,3,test,test
c019_006,2020-21,1343.401537778156,116.5806096918197,1106.2038660182593,975.141761021078,600.4006039522528,802.965871054037,0.0004344407345297,0.0002866678125029,5.453561074745604e-05,0.04540144331078741,0.0002609374377015,3.5657045374540575,1815.4002695229624,0.5901513614820066,302.1420593261719,2861946.3125,4.8534614526283875,0.28012174335368,0.0679911604798024,1.8270684701356403,1.154949759236091,4.480915626935035,7.462933856306765,0.0,0.9995634207805145,-0.02954602913347677,8,362500.0,2065500.0,18.67619,73.69618,C3_dehu_talegaon,26.99,True,36_206,1,test,gap
c019_007,2020-21,1431.8044346389706,121.40099404595615,1178.9979067608233,1218.0337098988273,598.8759900664605,1002.971606731292,0.0004630292230544,0.0003580721010306,5.5531815525909974e-05,0.045427122609884435,0.0002506492022296125,3.5657045374540575,1815.4002695229624,0.5901513614820066,302.1420593261719,2861946.3125,7.140792242751824,0.2839602257969323,0.0715945001840221,0.7703147292515613,0.0,3.1978645198239763,3.9681792490755377,0.0,0.9995634207805145,-0.02954602913347677,8,363500.0,2065500.0,18.67625,73.70566,C3_dehu_talegaon,26.39,True,36_206,1,test,gap
c019_008,2020-21,1560.682597434116,130.95107637998723,1285.120698733437,1330.018809661696,625.5529534074046,1095.1840590848954,0.0005047069509228,0.0003909929796814,5.6188045259328875e-05,0.04551890827824735,0.0002600178484779,3.5657045374540575,1815.4002695229624,0.5901513614820066,302.1420593261719,2861946.3125,13.247494022519172,0.2854804200243196,0.0322555815325826,0.0,1.015129687396728,13.394571209452849,14.409700896849577,0.0,0.9995634207805145,-0.02954602913347677,8,364500.0,2065500.0,18.67632,73.71514,C3_dehu_talegaon,25.81,True,36_206,1,test,gap
c019_009,2020-21,1683.8515562310774,139.84700699840772,1386.5423322235886,1443.176200946195,669.6604650136446,1188.3618173257264,0.0005445383873372,0.0004242584833494,5.729695100166519e-05,0.0454578269331933,0.000255432118991825,3.5657045374540575,1815.4002695229624,0.5901513614820066,302.1420593261719,2861946.3125,15.536786098241999,0.2334985813097046,0.0844241224000209,3.4944646067438847,2.184968169839981,6.501260039995712,12.180692816579578,0.0,0.9995634207805145,-0.02954602913347677,8,365500.0,2065500.0,18.67638,73.72462,C3_dehu_talegaon,25.26,True,36_206,1,test,gap
c019_010,2020-21,1793.5547567672852,148.38319485027188,1476.8757888522273,1511.3033534380754,737.9956550669785,1244.4601001905617,0.00058001515112,0.0004442861988648,5.813546118702125e-05,0.04539285729231979,0.000251451027986475,3.5657045374540575,1815.4002695229624,0.5901513614820066,302.1420593261719,2861946.3125,20.927473491275467,0.2596350557943462,0.0362009290870359,4.350311242791073,0.8209010679940609,10.50065267871594,15.671864989501074,0.0,0.9995634207805145,-0.02954602913347677,8,366500.0,2065500.0,18.67645,73.7341,C3_dehu_talegaon,24.73,True,36_206,1,test,gap
c019_011,2020-21,1946.1709445102508,161.39499229391825,1602.5453017645432,1678.7626448825251,786.9947881393493,1382.351944428661,0.0006293694855016,0.0004935151322164,5.934358799833137e-05,0.04547308099440636,0.0002522754195349125,3.5657045374540575,1815.4002695229624,0.5901513614820066,302.1420593261719,2861946.3125,13.426333247357377,0.3866014394780341,0.0177951701017308,2.9030652931179604,0.0,1.2204294474586437,4.123494740576604,0.0,0.9995634207805145,-0.02954602913347677,8,367500.0,2065500.0,18.67651,73.74358,C3_dehu_talegaon,24.24,True,36_206,1,test,gap
c019_012,2020-21,2086.673874433422,170.72795716599333,1718.2403340368455,1983.013524817443,801.3319886732882,1632.8827724490784,0.0006748065304676,0.0005829574448005,6.116071330562446e-05,0.045490136212016516,0.0002442178148758125,3.5657045374540575,1815.4002695229624,0.5901513614820066,302.1420593261719,2861946.3125,9.727601340990768,0.2899036586296767,0.1195604327870647,2.047571611586453,0.0,0.9471375018318938,2.994709113418347,0.0,0.9995634207805145,-0.02954602913347677,8,368500.0,2065500.0,18.67657,73.75306,C3_dehu_talegaon,23.77,True,36_206,1,test,gap
c019_013,2020-21,2218.7942116536506,178.2500391978858,1827.0328459572747,2433.58302530481,784.2266734127313,2003.89747604498,0.000717532740565,0.0007154138508824,6.263839623417583e-05,0.045461405650441336,0.0002454026897488125,3.5657045374540575,1815.4002695229624,0.5901513614820066,302.1420593261719,2861946.3125,8.15816383096187,0.2669157743272294,0.1337189703225085,1.8438835132738929,1.515705880619818,2.009054681411902,5.368644075305612,0.0,0.9995634207805145,-0.02954602913347677,8,369500.0,2065500.0,18.67664,73.76254,C2_pcmc,23.34,True,36_206,1,test,test
c019_014,2020-21,2349.3927052185927,185.83550010134783,1934.572218523898,2737.1993303399795,716.38034746991,2253.9057728730177,0.0007597668037823,0.0008046696139763,6.363258104593966e-05,0.045414602503763425,0.0002493432820682375,3.5657045374540575,1815.4002695229624,0.5901513614820066,302.1420593261719,2861946.3125,7.898633069142528,0.1913459056917866,0.1898523358761705,0.0,0.0,1.190193155663032,1.190193155663032,0.0,0.9995634207805145,-0.02954602913347677,8,370500.0,2065500.0,18.6767,73.77202,C2_pcmc,22.95,True,37_206,3,test,test
c019_015,2020-21,2474.9669976161254,192.3153689772223,2037.9744879246027,2686.932583808821,616.198355943573,2212.514373666424,0.000800376097648,0.0007898924207048,6.431259782257189e-05,0.04535285710007091,0.0002518376735833875,3.5657045374540575,1815.4002695229624,0.5901513614820066,302.1420593261719,2861946.3125,15.641578600370114,0.1880065110783277,0.0910616548093705,0.0,1.7924127611513814,19.202080439743707,20.99449320089509,0.0,0.9995634207805145,-0.02954602913347677,8,371500.0,2065500.0,18.67676,73.7815,C2_pcmc,22.59,True,37_206,3,test,test
c019_016,2020-21,2572.067318614382,197.45961286087945,2117.930292246172,2384.624565388749,558.5787549551202,1963.5833658475049,0.0008317772339362,0.0007010212618573,6.491306142379527e-05,0.04531840998272535,0.0002524023121152625,3.5657045374540575,1815.4002695229624,0.5901513614820066,302.1420593261719,2861946.3125,18.551415913544258,0.2055793075252086,0.0486752551225937,1.7314471509786602,2.352000132198757,14.395073707383691,18.47852099056111,0.0,0.9995634207805145,-0.02954602913347677,8,372500.0,2065500.0,18.67682,73.79098,C2_pcmc,22.28,True,37_206,3,test,test
c019_017,2020-21,2629.587772035416,200.4430059770703,2165.2946476977127,2031.8185945243208,577.3281672422937,1673.0705757772848,0.0008503786924965,0.0005973049408582,6.50975496896935e-05,0.045247690177855904,0.0002500338929630875,3.5657045374540575,1815.4002695229624,0.5901513614820066,302.1420593261719,2861946.3125,17.03655053308396,0.2337380000445402,0.0303574483916867,0.0,1.769756215982994,12.860691203181895,14.630447419164891,0.0,0.9995634207805145,-0.02954602913347677,8,373500.0,2065500.0,18.67688,73.80047,C2_pcmc,22.0,True,37_206,3,test,test
c020_005,2020-21,1327.9281377357186,114.04173934670564,1093.4625266152236,369.3705782537963,613.0975646159363,304.1526678118362,0.000429436813445,0.0001085859101758,5.3303135222398364e-05,0.045178892596650526,0.000251744904516175,3.5657045374540575,1815.4002695229624,0.5901513614820066,302.1420593261719,2861946.3125,5.584181744863254,0.3758647514997881,0.0026889146913057,1.7622615823980192,1.017364128576578,2.2451719441218123,5.0247976550964095,0.0,0.9995634207805145,-0.02954602913347677,8,361500.0,2066500.0,18.68516,73.68663,C3_dehu_talegaon,28.4,True,36_206,1,test,train
c020_006,2020-21,1359.212654819721,117.52232680114228,1119.2232934236893,746.5646897871729,625.2987107931021,614.7475068706309,0.00043955386944,0.0002194717476658,5.3880105390930404e-05,0.04537703553383012,0.000249117103415925,3.5657045374540575,1815.4002695229624,0.5901513614820066,302.1420593261719,2861946.3125,5.309959440504936,0.323141088026132,0.0898049863038546,1.176770758976469,0.0,2.4005459935266145,3.577316752503084,0.0,0.9995634207805145,-0.02954602913347677,8,362500.0,2066500.0,18.68522,73.69611,C3_dehu_talegaon,27.79,True,36_206,1,test,train
c020_007,2020-21,1430.007242191156,122.33984364342491,1177.5180355697876,959.8489819664428,632.6573929197577,790.3732612968832,0.0004624480315155,0.0002821721097303,5.426751058676626e-05,0.0453762938958318,0.0002472924786164625,3.5657045374540575,1815.4002695229624,0.5901513614820066,302.1420593261719,2861946.3125,4.834400359904031,0.3362268558287636,0.0838724080393784,0.0,0.0,0.8583459664864673,0.8583459664864673,0.0,0.9995634207805145,-0.02954602913347677,8,363500.0,2066500.0,18.68529,73.70559,C3_dehu_talegaon,27.2,True,36_206,1,test,gap
c020_008,2020-21,1526.5668107322206,130.94495437627484,1257.028565383413,1133.2611106164925,656.7373463081959,933.1668801313574,0.0004936742946268,0.0003331510315329,5.4833750850713746e-05,0.04548425872392351,0.0002620351535484875,3.5657045374540575,1815.4002695229624,0.5901513614820066,302.1420593261719,2861946.3125,9.571415484193668,0.2683949536661266,0.1125796756875982,0.8163911129952632,0.0,8.78400085901019,9.600391972005454,0.0,0.9995634207805145,-0.02954602913347677,8,364500.0,2066500.0,18.68535,73.71507,C3_dehu_talegaon,26.64,True,36_206,1,test,gap
c020_009,2020-21,1600.6052867594387,135.97881518474372,1317.9944390349094,1321.1718696589876,692.7864165856791,1087.8991789070644,0.0005176174932939,0.0003883921958372,5.5463671463926054e-05,0.04546354564946725,0.000255683010275075,3.5657045374540575,1815.4002695229624,0.5901513614820066,302.1420593261719,2861946.3125,13.481081650531912,0.2482024590873749,0.1229095408125277,3.72661523232658,0.9559265749188354,5.132647090724895,9.815188897970309,0.0,0.9995634207805145,-0.02954602913347677,8,365500.0,2066500.0,18.68542,73.72455,C3_dehu_talegaon,26.1,True,36_206,1,test,gap
c020_010,2020-21,1677.3588692430535,141.62096366633398,1381.1960264132815,1456.3494117847613,755.401562704868,1199.2091003961302,0.0005424387264206,0.00042813108494,5.6262648827458724e-05,0.045465182389386724,0.0002537510726936875,3.5657045374540575,1815.4002695229624,0.5901513614820066,302.1420593261719,2861946.3125,12.070149590525082,0.3155695218748727,0.0845748283806839,1.2610200327101682,0.7376328550086264,4.5020156780814,6.500668565800194,0.0,0.9995634207805145,-0.02954602913347677,8,366500.0,2066500.0,18.68548,73.73403,C3_dehu_talegaon,25.6,True,36_206,1,test,gap
c020_011,2020-21,1787.6728100223247,149.92182350365388,1472.0323879434045,1597.9399957884991,787.7912114770653,1315.7997451230704,0.000578112996632,0.0004697552514046,5.7487314476726995e-05,0.04549760409439491,0.00025268531726375,3.5657045374540575,1815.4002695229624,0.5901513614820066,302.1420593261719,2861946.3125,8.594494250359665,0.2926555410391384,0.1349101463172594,0.8961808106264633,0.0,1.2206661830406724,2.116846993667136,0.0,0.9995634207805145,-0.02954602913347677,8,367500.0,2066500.0,18.68555,73.74351,C3_dehu_talegaon,25.12,True,36_206,1,test,gap
c020_012,2020-21,1883.7678789277072,155.58758482153854,1551.1604324923449,1884.3115331813829,785.9619823170142,1551.6080964411206,0.0006091890458592,0.0005539414748533,5.905328727807084e-05,0.04546771582802711,0.0002461542927957875,3.5657045374540575,1815.4002695229624,0.5901513614820066,302.1420593261719,2861946.3125,8.198205651317691,0.3351858294896586,0.0882372375043783,0.3377099859783534,0.8262894294801902,4.852089538297238,6.016088953755782,0.0,0.9995634207805145,-0.02954602913347677,8,368500.0,2066500.0,18.68561,73.75299,C3_dehu_talegaon,24.67,True,36_206,1,test,gap
c020_013,2020-21,1983.9801816609247,161.64908606973142,1633.6787515419276,2256.8318589997943,748.5297143264235,1858.3543766874948,0.0006415965615454,0.0006634533337275,6.013178116478036e-05,0.0454169290915899,0.0002476856171172375,3.5657045374540575,1815.4002695229624,0.5901513614820066,302.1420593261719,2861946.3125,5.421093595008805,0.3201722511946442,0.1043364164833444,0.0,1.0406009868240051,0.3788952467229155,1.4194962335469206,0.0,0.9995634207805145,-0.02954602913347677,8,369500.0,2066500.0,18.68567,73.76248,C3_dehu_talegaon,24.26,True,36_206,1,test,gap
c020_014,2020-21,2096.9230970883696,168.36441675032742,1726.679902852091,2424.271436166357,658.9958712843337,1996.2299874988776,0.0006781210121719,0.0007126764715639,6.118307183774623e-05,0.04537170505347266,0.0002496930338415875,3.5657045374540575,1815.4002695229624,0.5901513614820066,302.1420593261719,2861946.3125,5.289922969933941,0.3123705036873845,0.0909110779949592,0.0,1.784256894387021,0.0463810274864423,1.8306379218734632,0.0,0.9995634207805145,-0.02954602913347677,8,370500.0,2066500.0,18.68574,73.77196,C2_pcmc,23.88,True,37_206,3,test,test
c020_015,2020-21,2214.988232710772,174.59195677322214,1823.8988696276365,2282.8701926390017,563.470437261513,1879.7952523500333,0.0007163019303857,0.0006711079665655,6.20164960124383e-05,0.04532248177827769,0.000252711738023675,3.5657045374540575,1815.4002695229624,0.5901513614820066,302.1420593261719,2861946.3125,7.673032070155265,0.2503147546338428,0.1349996284951725,0.0,1.29594947923132,0.4255914502927385,1.7215409295240585,0.0,0.9995634207805145,-0.02954602913347677,8,371500.0,2066500.0,18.6858,73.78144,C2_pcmc,23.54,True,37_206,3,test,test
c020_016,2020-21,2313.05619691218,179.59751641807458,1904.6514652451444,2010.8138302356656,552.0043625674699,1655.7745173706958,0.0007480159914489,0.0005911300542197,6.291813189096057e-05,0.045294315305391485,0.0002545802287250625,3.5657045374540575,1815.4002695229624,0.5901513614820066,302.1420593261719,2861946.3125,13.915461688169415,0.1776387934214801,0.0752149769143484,2.107193478994856,0.46863636615929,4.723557812196228,7.299387657350374,0.0,0.9995634207805145,-0.02954602913347677,8,372500.0,2066500.0,18.68586,73.79092,C2_pcmc,23.23,True,37_206,3,test,test
c021_004,2020-21,1346.8293993302843,111.76542741351696,1109.0264872484024,111.35877755193916,611.1025200953977,91.6967167141689,0.0004355492658576,3.273675524919401e-05,5.195580181165913e-05,0.04503137669523341,0.000252778993854525,3.5657045374540575,1815.4002695229624,0.5901513614820066,302.1420593261719,2861946.3125,4.745988236957944,0.3783468037164463,-0.0056449818713228,0.9167386259492424,0.0,2.3036981779358765,3.2204368038851188,0.0,0.9995634207805145,-0.02954602913347677,8,360500.0,2067500.0,18.69413,73.67708,C3_dehu_talegaon,29.8,True,36_206,1,test,train
c021_005,2020-21,1353.3772959388791,113.3406792306222,1114.418254593477,377.5560319792348,612.6883563087532,310.8928570267222,0.0004376667809358,0.0001109922332435,5.286415728101203e-05,0.0452136290441739,0.0002523462290146375,3.5657045374540575,1815.4002695229624,0.5901513614820066,302.1420593261719,2861946.3125,8.076074152312628,0.2810177616329726,0.0634835680015195,1.3651703037871248,1.044393191039024,3.770619725702801,6.180183220528949,0.0,0.9995634207805145,-0.02954602913347677,8,361500.0,2067500.0,18.69419,73.68656,C3_dehu_talegaon,29.19,True,36_206,1,test,train
c021_006,2020-21,1371.1757277537524,117.05550635488817,1129.0741065699742,719.2400579763472,625.5037462857947,592.2474482532702,0.0004434225907765,0.0002114389746457,5.331182627513778e-05,0.04536925495883961,0.000245612499491925,3.5657045374540575,1815.4002695229624,0.5901513614820066,302.1420593261719,2861946.3125,6.11006589491292,0.3277514741674185,0.0875946551098572,0.691152673774839,0.0,2.300132838049684,2.9912855118245227,0.0,0.9995634207805145,-0.02954602913347677,8,362500.0,2067500.0,18.69426,73.69604,C3_dehu_talegaon,28.6,True,36_206,1,test,train
c021_007,2020-21,1428.7010282186966,123.54610298945244,1176.442453247192,908.1054910801124,643.3507962939184,747.7658590793703,0.0004620256168154,0.0002669607897596,5.344596453656409e-05,0.0453606916017767,0.0002441557437558875,3.5657045374540575,1815.4002695229624,0.5901513614820066,302.1420593261719,2861946.3125,5.28064919498127,0.2687698564619877,0.1034317412938347,2.172596576872357,0.1759309880906969,1.4509739714166443,3.799501536379698,0.0,0.9995634207805145,-0.02954602913347677,8,363500.0,2067500.0,18.69432,73.70552,C3_dehu_talegaon,28.03,True,36_206,1,test,train
c021_008,2020-21,1494.973643972115,131.54332033216517,1231.013645624136,1130.873142561605,671.9123775824356,931.200543619183,0.0004834574248471,0.000332449027367,5.348286079470224e-05,0.045473623832564876,0.000253148061830225,3.5657045374540575,1815.4002695229624,0.5901513614820066,302.1420593261719,2861946.3125,5.439222946705859,0.3504449386087252,0.0829790042609923,1.8580447925913897,0.6735857161105245,0.8204721485802711,3.352102657282185,0.0,0.9995634207805145,-0.02954602913347677,8,364500.0,2067500.0,18.69439,73.715,C3_dehu_talegaon,27.48,True,36_206,1,test,gap
c021_009,2020-21,1531.5943903627767,133.19043833725323,1261.168450494185,1298.632285276858,708.8423301546176,1069.3392958930897,0.000495300156535,0.0003817661096538,5.4100520641541544e-05,0.045469550768018764,0.000246204321505875,3.5657045374540575,1815.4002695229624,0.5901513614820066,302.1420593261719,2861946.3125,4.973227006676553,0.2460538607637891,0.1857731963958267,0.0,0.0,1.8837400461413245,1.8837400461413245,0.0,0.9995634207805145,-0.02954602913347677,8,365500.0,2067500.0,18.69445,73.72448,C3_dehu_talegaon,26.96,True,36_206,1,test,gap
c021_010,2020-21,1589.1181978214834,135.6606126328904,1308.5355677777886,1417.9179593098268,758.2470398503166,1167.5632967335994,0.0005139026997527,0.0004168331784686,5.452344846977933e-05,0.04553530998171175,0.00025052661443425,3.5657045374540575,1815.4002695229624,0.5901513614820066,302.1420593261719,2861946.3125,5.64457470550541,0.3328083606421557,0.1052437735830003,0.0,0.0,1.227807447146294,1.227807447146294,0.0,0.9995634207805145,-0.02954602913347677,8,366500.0,2067500.0,18.69452,73.73397,C3_dehu_talegaon,26.47,True,36_206,1,test,gap
c021_011,2020-21,1664.0621712711131,139.62885739040178,1370.2470597133,1539.1126159355315,761.4812456795408,1267.3592206848562,0.0005381387259582,0.0004524614414461,5.518997962281432e-05,0.04553465761539147,0.000247621230201325,3.5657045374540575,1815.4002695229624,0.5901513614820066,302.1420593261719,2861946.3125,5.599859844418099,0.3016799181062883,0.1640258184099948,0.0,0.0,1.9360111415471184,1.9360111415471184,0.0,0.9995634207805145,-0.02954602913347677,8,367500.0,2067500.0,18.69458,73.74345,C3_dehu_talegaon,26.01,True,36_206,1,test,gap
c021_012,2020-21,1721.8244937665086,142.87839067247052,1417.8105786298247,1848.750454252861,739.8670691958305,1522.3258588641322,0.0005568184022183,0.0005434873879563,5.650460588311198e-05,0.045486379731368584,0.00024433650289165,3.5657045374540575,1815.4002695229624,0.5901513614820066,302.1420593261719,2861946.3125,6.538847423001349,0.2433842252311677,0.1797283292515447,1.2568922791276258,0.4668450556712934,5.588561285163816,7.312298619962736,0.0,0.9995634207805145,-0.02954602913347677,8,368500.0,2067500.0,18.69465,73.75293,C3_dehu_talegaon,25.58,True,36_206,1,test,gap
c021_013,2020-21,1794.097340490627,147.47707208529752,1477.3225712888411,2111.6005471109765,695.3639019602922,1738.7658291382484,0.0005801906165075,0.0006207588823664,5.772486210879003e-05,0.045437264764437296,0.00024998759779715,3.5657045374540575,1815.4002695229624,0.5901513614820066,302.1420593261719,2861946.3125,5.184707798474989,0.4205023834648763,0.0212210988836434,0.1516515371593326,1.0998593214722745,1.7644046345689357,3.0159154932005423,0.0,0.9995634207805145,-0.02954602913347677,8,369500.0,2067500.0,18.69471,73.76241,C3_dehu_talegaon,25.18,True,36_206,1,test,gap
c021_014,2020-21,1900.54143088096,153.89398852340534,1564.9723625041524,2123.0552626517047,611.1264614847943,1748.1980430065232,0.0006146134212424,0.0006241262883972,5.891269637711896e-05,0.045394806723105016,0.000250795785081775,3.5657045374540575,1815.4002695229624,0.5901513614820066,302.1420593261719,2861946.3125,4.766645711689414,0.3800897057845241,-0.0009972752901377,0.0,0.4408778452846184,2.979635958638668,3.420513803923286,0.0,0.9995634207805145,-0.02954602913347677,8,370500.0,2067500.0,18.69477,73.77189,C2_pcmc,24.82,True,37_206,3,test,test
c022_003,2020-21,1323.074423191125,112.54842215838934,1089.465808104198,187.3061829199844,654.2047231889252,154.2344696269255,0.0004278671775226,5.5063433720366985e-05,5.045666012359613e-05,0.04495304645955539,0.00024998102806595,3.5657045374540575,1815.4002695229624,0.5901513614820066,302.1420593261719,2861946.3125,5.733568503328772,0.3758342157556199,-0.003013188802909,2.178250855924775,1.0728389718836655,1.6526038817983586,4.903693709606799,0.0,0.9995634207805145,-0.02954602913347677,8,359500.0,2068500.0,18.70309,73.66752,C3_dehu_talegaon,31.21,True,35_206,3,test,train
c022_004,2020-21,1364.0103377728644,112.34265825913756,1123.173873560344,157.19575620254932,637.6544623905609,129.44048993759554,0.0004411053853848,4.621170517622314e-05,5.091708571497612e-05,0.045031658201005895,0.000254646176478975,3.5657045374540575,1815.4002695229624,0.5901513614820066,302.1420593261719,2861946.3125,7.409007055548781,0.3010990234044191,0.0530695454993744,2.878762723681703,1.023092088465617,5.648675503538607,9.550530315685927,0.0,0.9995634207805145,-0.02954602913347677,8,360500.0,2068500.0,18.70316,73.67701,C3_dehu_talegaon,30.59,True,36_206,1,test,train
c022_005,2020-21,1367.4288179647715,113.21895043629895,1125.9887698499886,460.31576665443686,621.3953489992697,379.0401204277799,0.0004422108828878,0.0001353215698087,5.170284344360825e-05,0.04517592304389935,0.0002569021408452875,3.5657045374540575,1815.4002695229624,0.5901513614820066,302.1420593261719,2861946.3125,9.939459343537964,0.2328104881374037,0.0828002746467722,2.4766826393858787,1.0954351047888458,4.641574782019118,8.213692526193842,0.0,0.9995634207805145,-0.02954602913347677,8,361500.0,2068500.0,18.70323,73.68649,C3_dehu_talegaon,29.99,True,36_206,1,test,train
c022_006,2020-21,1376.6161529852675,116.48097168698742,1133.553943204551,754.4953125947591,622.6919399698329,621.2778593847376,0.000445181962243,0.0002218031566802,5.213236398195614e-05,0.045240314751587664,0.0002543401023244,3.5657045374540575,1815.4002695229624,0.5901513614820066,302.1420593261719,2861946.3125,7.354835930368303,0.3323820679887364,0.0193674730131753,1.468739915523572,0.4677725915431894,4.435236827500529,6.371749334567291,0.0,0.9995634207805145,-0.02954602913347677,8,362500.0,2068500.0,18.70329,73.69597,C3_dehu_talegaon,29.41,True,36_206,1,test,train
c022_007,2020-21,1422.7566797280922,123.1984247616026,1171.5476685559806,887.401323733502,638.5628394954341,730.7173227203986,0.0004601032823146,0.0002608742712654,5.2177842117971315e-05,0.04535438396067784,0.0002596240217848125,3.5657045374540575,1815.4002695229624,0.5901513614820066,302.1420593261719,2861946.3125,7.360137796542777,0.449834207540262,-0.0189542144137293,0.0,1.439431741293647,5.8149598573247605,7.254391598618407,0.0,0.9995634207805145,-0.02954602913347677,8,363500.0,2068500.0,18.70336,73.70545,C3_dehu_talegaon,28.86,True,36_206,1,test,train
c022_008,2020-21,1462.7513103613976,129.7923772183106,1204.4806478495034,1108.2527976013432,666.649003366462,912.574159517306,0.0004730370896841,0.0003257991995501,5.192105835131432e-05,0.04538706215277057,0.0002600274141650875,3.5657045374540575,1815.4002695229624,0.5901513614820066,302.1420593261719,2861946.3125,6.15609679908141,0.3713023525336879,0.0029419254480691,0.0,0.4830470051209966,4.430879990052064,4.913926995173061,0.0,0.9995634207805145,-0.02954602913347677,8,364500.0,2068500.0,18.70343,73.71493,C3_dehu_talegaon,28.33,True,36_206,1,test,train
c022_009,2020-21,1468.978358325318,129.46900396305074,1209.6082171858932,1202.0215417558122,711.6394692540886,989.7866268090324,0.0004750508459702,0.0003533649154721,5.253692236528969e-05,0.0454505582055365,0.00024468378597495,3.5657045374540575,1815.4002695229624,0.5901513614820066,302.1420593261719,2861946.3125,3.5841368936746703,0.3131131318642991,0.078245853143682,0.0,0.0,2.190348328762796,2.190348328762796,0.0,0.9995634207805145,-0.02954602913347677,8,365500.0,2068500.0,18.70349,73.72442,C3_dehu_talegaon,27.83,True,36_206,1,test,gap
c022_010,2020-21,1518.242757889289,130.89241725470035,1250.1742488020725,1260.661792861026,754.8897905121963,1038.0730628839483,0.0004909823908813,0.0003706037141585,5.290495902784189e-05,0.04545193803293684,0.0002461126100047375,3.5657045374540575,1815.4002695229624,0.5901513614820066,302.1420593261719,2861946.3125,4.002277441577212,0.3733288751701571,-0.0088358224678238,0.0,0.0,3.4573249894130096,3.4573249894130096,0.0,0.9995634207805145,-0.02954602913347677,8,366500.0,2068500.0,18.70355,73.7339,C3_dehu_talegaon,27.35,True,36_206,1,test,gap
c022_011,2020-21,1580.7864619201266,133.83661364661737,1301.6749246971149,1335.8881309805558,739.7608781815404,1100.017063775782,0.0005112083113937,0.0003927184165057,5.3316311806616255e-05,0.04541060976049127,0.0002422134408726625,3.5657045374540575,1815.4002695229624,0.5901513614820066,302.1420593261719,2861946.3125,4.334925798357018,0.341468934382762,0.0285469817094494,0.0,0.0,1.7341426660490462,1.7341426660490462,0.0,0.9995634207805145,-0.02954602913347677,8,367500.0,2068500.0,18.70362,73.74338,C3_dehu_talegaon,26.91,True,36_206,1,test,gap
c022_012,2020-21,1621.1143656222582,136.11513831017726,1334.8823327052164,1615.7961252055588,701.4546875424425,1330.5031073255154,0.0005242498954724,0.0004750045164493,5.42965816901343e-05,0.04534762921113515,0.000241253394563075,3.5657045374540575,1815.4002695229624,0.5901513614820066,302.1420593261719,2861946.3125,4.378000797135928,0.215488422198281,0.1721451665667935,0.0,0.0,0.6652972915629766,0.6652972915629766,0.0,0.9995634207805145,-0.02954602913347677,8,368500.0,2068500.0,18.70368,73.75286,C3_dehu_talegaon,26.49,True,36_206,1,test,gap
c023_002,2020-21,1212.7489233826648,108.21376136256129,998.6199284646964,333.89482933363337,719.1745047475592,274.9406939515994,0.0003921891692531,9.815690821290106e-05,4.951548715939308e-05,0.044863998959370946,0.00024812007332104997,3.5657045374540575,1815.4002695229624,0.5901513614820066,302.1420593261719,2861946.3125,8.272411240159775,0.295584674600409,0.1189901780457576,1.6982160350127489,0.0,0.3804799279933097,2.078695963006058,0.0,0.9995634207805145,-0.02954602913347677,8,358500.0,2069500.0,18.71206,73.65797,C3_dehu_talegaon,32.61,True,35_206,3,test,train
c023_003,2020-21,1293.0045470422967,110.7046545201234,1064.7052191729551,65.46481280711008,677.750419256559,53.90601914536854,0.0004181429225519,1.9245052805119848e-05,4.970863498967447e-05,0.044949914125049284,0.0002521082517372875,3.5657045374540575,1815.4002695229624,0.5901513614820066,302.1420593261719,2861946.3125,5.554053639726163,0.2974513547025593,0.0964098231377561,0.0,0.0,1.3151923827472398,1.3151923827472398,0.0,0.9995634207805145,-0.02954602913347677,8,359500.0,2069500.0,18.71213,73.66745,C3_dehu_talegaon,31.99,True,35_206,3,test,train
c023_004,2020-21,1339.6418530781086,111.79273436948826,1103.108009989182,147.65365184899247,656.5342130271918,121.58318709178226,0.0004332248953806,4.340656002599946e-05,5.013963090899799e-05,0.04502916639924695,0.00025482803458063753,3.5657045374540575,1815.4002695229624,0.5901513614820066,302.1420593261719,2861946.3125,8.870024298805841,0.306176885064803,0.0812986503424517,2.4233473753958403,0.3276035338065093,4.017722698964897,6.768673608167246,0.0,0.9995634207805145,-0.02954602913347677,8,360500.0,2069500.0,18.7122,73.67694,C3_dehu_talegaon,31.39,True,36_206,1,test,train
c023_005,2020-21,1351.2795611587596,112.62140660532836,1112.6909063223957,515.6290194085972,630.7947882799635,424.5869895640884,0.0004369883974346,0.0001515823124036,5.0604039320700117e-05,0.04518739602222122,0.00025481391658685,3.5657045374540575,1815.4002695229624,0.5901513614820066,302.1420593261719,2861946.3125,9.069208939273024,0.2788971308917639,0.065168897974004,0.4390279576730095,0.0,2.8289208856139063,3.267948843286916,0.0,0.9995634207805145,-0.02954602913347677,8,361500.0,2069500.0,18.71226,73.68642,C3_dehu_talegaon,30.81,True,36_206,1,test,train
c023_006,2020-21,1364.0616487213815,115.27673147240814,1123.216124792029,790.0308673995227,629.6646274314764,650.5390795044846,0.0004411219787603,0.0002322497401096,5.108983725019223e-05,0.045224478229292916,0.0002549480705781125,3.5657045374540575,1815.4002695229624,0.5901513614820066,302.1420593261719,2861946.3125,5.83895512698725,0.412940106515728,0.0065363922580443,0.0,1.0142412503950726,1.337549478829969,2.351790729225042,0.0,0.9995634207805145,-0.02954602913347677,8,362500.0,2069500.0,18.71233,73.6959,C3_dehu_talegaon,30.25,True,36_206,1,test,train
c023_007,2020-21,1403.526755285318,121.21941548468304,1155.713075425309,851.7112158263368,642.7964350802321,701.3288381643874,0.0004538845440856,0.0002503822530064,5.130245740021563e-05,0.04527085626527834,0.0002601913497590125,3.5657045374540575,1815.4002695229624,0.5901513614820066,302.1420593261719,2861946.3125,5.181613103731363,0.4804837769765251,-0.0160901345151022,0.0,0.0,1.0528990618419414,1.0528990618419414,0.0,0.9995634207805145,-0.02954602913347677,8,363500.0,2069500.0,18.7124,73.70538,C3_dehu_talegaon,29.71,True,36_206,1,test,train
c023_008,2020-21,1425.4198521791432,125.700965038359,1173.7406180043624,977.3211315411417,668.4134667750394,804.7604410519007,0.0004609645219092,0.0002873084940987,5.120229418104549e-05,0.04529561886986382,0.000259133245279275,3.5657045374540575,1815.4002695229624,0.5901513614820066,302.1420593261719,2861946.3125,4.319928986201813,0.399518333044945,-0.032085454323159,0.0,0.8016479839531673,2.3275814233940264,3.129229407347194,0.0,0.9995634207805145,-0.02954602913347677,8,364500.0,2069500.0,18.71246,73.71487,C3_dehu_talegaon,29.19,True,36_206,1,test,train
c023_009,2020-21,1415.8138123674348,124.68977683792816,1165.830668463578,994.2115765226464,721.3933754785784,818.668624876233,0.0004578580382002,0.0002922738715532,5.1604537813218624e-05,0.04538292136929091,0.000247531521746025,3.5657045374540575,1815.4002695229624,0.5901513614820066,302.1420593261719,2861946.3125,3.339977690369471,0.3400076840837672,0.0153666489547307,0.0,1.4529091388612798,1.4583510905101258,2.911260229371406,0.0,0.9995634207805145,-0.02954602913347677,8,365500.0,2069500.0,18.71253,73.72435,C3_dehu_talegaon,28.71,True,36_206,1,test,train
c023_010,2020-21,1455.6771958251113,125.66196407759294,1198.655574237009,1002.2112557544322,758.7170842871834,825.2558408680675,0.0004707494017302,0.0002946255814663,5.175525983431642e-05,0.045394674076589384,0.0002468948852757125,3.5657045374540575,1815.4002695229624,0.5901513614820066,302.1420593261719,2861946.3125,3.446994832734023,0.3559011485649723,-0.0062813651657402,0.0,0.1863114799491574,5.335024682908905,5.521336162858063,0.0,0.9995634207805145,-0.02954602913347677,8,366500.0,2069500.0,18.71259,73.73383,C3_dehu_talegaon,28.25,True,36_206,1,test,gap
c023_011,2020-21,1503.577443357445,128.37387322615805,1238.0983153039388,1062.1431887985266,739.8745123893552,874.6058930802845,0.0004862397954337,0.0003122441030306,5.218068032162536e-05,0.04536189569232865,0.0002395933450001875,3.5657045374540575,1815.4002695229624,0.5901513614820066,302.1420593261719,2861946.3125,3.1677120032899673,0.3864406716191612,-0.0283608131869105,0.0,0.0,0.5372866863589858,0.5372866863589858,0.0,0.9995634207805145,-0.02954602913347677,8,367500.0,2069500.0,18.71265,73.74331,C3_dehu_talegaon,27.81,True,36_206,1,test,gap
c024_001,2020-21,1096.439458918266,104.29183325229198,902.8466427962696,425.49320558066194,750.5118686127938,350.36600431192653,0.0003545760150667,0.0001250845890867,4.8107602028624136e-05,0.04473046119393228,0.0002437983605063375,3.5657045374540575,1815.4002695229624,0.5901513614820066,302.1420593261719,2861946.3125,7.72379889462623,0.279032382534492,0.1063884951470386,1.075773921277423,0.0,0.4276215969747086,1.5033955182521317,0.0,0.9995634207805145,-0.02954602913347677,8,357500.0,2070500.0,18.72103,73.64842,C3_dehu_talegaon,34.02,True,35_207,4,test,train
c024_002,2020-21,1169.92522933743,105.39794609131934,963.3573992968576,145.10194736020617,700.6415241892663,119.48202426663022,0.0003783404750443,4.265642135571184e-05,4.878320725374578e-05,0.0448264650251723,0.0002477512800991625,3.5657045374540575,1815.4002695229624,0.5901513614820066,302.1420593261719,2861946.3125,7.622349699482599,0.3300006742642162,0.0396615034474732,0.950700487404496,0.0,0.0,0.950700487404496,0.0,0.9995634207805145,-0.02954602913347677,8,358500.0,2070500.0,18.7211,73.6579,C3_dehu_talegaon,33.4,True,35_207,4,test,train
c024_003,2020-21,1245.118301327311,107.87643630329192,1025.2740076927096,-41.13428771912696,676.7569315448432,-33.87141284359599,0.0004026570568764,-1.2092473884987766e-05,4.904318531782056e-05,0.0448707195366065,0.000252234561227225,3.5657045374540575,1815.4002695229624,0.5901513614820066,302.1420593261719,2861946.3125,8.894126728286015,0.2144925517471604,0.0811019497766817,2.397858397222187,0.6960258790652546,4.112927642977442,7.206811919264883,0.0,0.9995634207805145,-0.02954602913347677,8,359500.0,2070500.0,18.72117,73.66738,C3_dehu_talegaon,32.79,True,35_207,4,test,train
c024_004,2020-21,1290.3865764069396,109.53860364760344,1062.5494904823777,141.15193972139303,666.9770946026658,116.2294496655296,0.0004172963007089,4.1495215780839575e-05,4.944488195082352e-05,0.04497302192686101,0.00025362587156095,3.5657045374540575,1815.4002695229624,0.5901513614820066,302.1420593261719,2861946.3125,13.692803844446093,0.279516516041577,0.0335886061436339,0.3402054722942416,0.6726664211493366,11.425484899403065,12.43835679284664,0.0,0.9995634207805145,-0.02954602913347677,8,360500.0,2070500.0,18.72123,73.67686,C3_dehu_talegaon,32.2,True,36_207,2,test,train
c024_005,2020-21,1305.1730827219735,110.2185351158735,1074.725217538375,525.6373798710259,644.3618630522141,432.82822401611503,0.0004220780881969,0.0001545245254388,4.942650330128835e-05,0.04514805725558571,0.0002522801070087375,3.5657045374540575,1815.4002695229624,0.5901513614820066,302.1420593261719,2861946.3125,16.620394946645664,0.2725012460250903,0.0221692992049244,0.0,1.0711140854837755,11.307418808745744,12.37853289422952,0.0,0.9995634207805145,-0.02954602913347677,8,361500.0,2070500.0,18.7213,73.68635,C3_dehu_talegaon,31.63,True,36_207,2,test,train
c024_006,2020-21,1320.7997933580812,112.07028857463943,1087.5927982524784,767.017035605727,638.1901048867862,631.5886845657565,0.0004271315881789,0.0002254842367937,4.985913494591012e-05,0.045143514242042736,0.000252253895385725,3.5657045374540575,1815.4002695229624,0.5901513614820066,302.1420593261719,2861946.3125,9.017346686652576,0.4070332782685392,0.0040752308772995,0.0,1.23179528000131,2.918572041363185,4.150367321364495,0.0,0.9995634207805145,-0.02954602913347677,8,362500.0,2070500.0,18.72137,73.69583,C3_dehu_talegaon,31.09,True,36_207,2,test,train
c024_007,2020-21,1353.497421468322,116.8632624805012,1114.51717016067,804.1634760443075,641.4586014366675,662.1763643222764,0.0004377056281619,0.0002364043811752,5.019034005355012e-05,0.04519106086841504,0.00025762970929515,3.5657045374540575,1815.4002695229624,0.5901513614820066,302.1420593261719,2861946.3125,5.132105608296024,0.3994570270451543,0.024234736416522,0.0,0.0,0.6713919082702225,0.6713919082702225,0.0,0.9995634207805145,-0.02954602913347677,8,363500.0,2070500.0,18.72143,73.70531,C3_dehu_talegaon,30.56,True,36_207,2,test,train
c024_008,2020-21,1359.3358259061342,119.24196216754606,1119.3247168091334,844.9401647178058,666.345228852302,695.7533175902097,0.0004395937015644,0.0002483917296926,5.037760081449967e-05,0.045231977177951965,0.0002569176909060625,3.5657045374540575,1815.4002695229624,0.5901513614820066,302.1420593261719,2861946.3125,3.8135543157069933,0.4168347670125136,-0.0409285633043116,0.0,0.2749411711989774,0.0598454542696655,0.3347866254686429,0.0,0.9995634207805145,-0.02954602913347677,8,364500.0,2070500.0,18.7215,73.7148,C3_dehu_talegaon,30.06,True,36_207,2,test,train
c024_009,2020-21,1346.427494316249,117.82209854376843,1108.69554458696,813.2478796976827,720.2377767241954,669.6567803849634,0.0004354192943602,0.0002390749735212,5.0638038641802295e-05,0.04529394922347279,0.0002517357573581125,3.5657045374540575,1815.4002695229624,0.5901513614820066,302.1420593261719,2861946.3125,3.9157210148973953,0.2704091246259779,0.0595413127186933,0.0,1.8166445820121264,1.799033221968686,3.615677803980813,0.0,0.9995634207805145,-0.02954602913347677,8,365500.0,2070500.0,18.72156,73.72428,C3_dehu_talegaon,29.59,True,36_207,2,test,train
c024_010,2020-21,1385.4463504535263,118.50308672582736,1140.8250369932684,799.7219922164271,754.0680034517445,658.5190910178371,0.0004480375473874,0.000235098693629,5.077973158038008e-05,0.04528575134066332,0.0002471538184433625,3.5657045374540575,1815.4002695229624,0.5901513614820066,302.1420593261719,2861946.3125,3.565533100638711,0.2946310118654926,0.0485960953890045,0.0,0.8420549909820028,3.6843167290278953,4.526371720009898,0.0,0.9995634207805145,-0.02954602913347677,8,366500.0,2070500.0,18.72163,73.73376,C3_dehu_talegaon,29.14,True,36_207,2,test,gap
c025_001,2020-21,1059.0374668590762,103.2601047666357,872.0485328870844,218.41012438405505,703.1421246572503,179.84654414700276,0.0003424806374404,6.420723128513116e-05,4.793858615521714e-05,0.044663677417812186,0.0002399850235817625,3.5657045374540575,1815.4002695229624,0.5901513614820066,302.1420593261719,2861946.3125,7.454931983344445,0.2420928468817013,0.0974244356012712,2.322011292644271,0.9448446129820784,4.188924508959187,7.455780414585536,0.0,0.9995634207805145,-0.02954602913347677,8,357500.0,2071500.0,18.73007,73.64834,C3_dehu_talegaon,34.8,True,35_207,4,test,train
c025_002,2020-21,1130.5039724378703,104.15128658941656,930.8965560126412,-48.70503963244368,672.5371606826658,-40.1054350623193,0.0003655920902003,-1.4318089663887818e-05,4.828425741157944e-05,0.044750062457760614,0.00024448224749385003,3.5657045374540575,1815.4002695229624,0.5901513614820066,302.1420593261719,2861946.3125,9.920962815402778,0.2757193860845779,0.061096829060932,2.714420685037408,0.0,6.520580283990074,9.235000969027482,0.0,0.9995634207805145,-0.02954602913347677,8,358500.0,2071500.0,18.73013,73.65783,C3_dehu_talegaon,34.19,True,35_207,4,test,train
c025_003,2020-21,1199.7312760921384,105.83383426453206,987.9007418668764,-149.59989200424977,673.2467613103183,-123.18578938409938,0.0003879794105981,-4.397870700012636e-05,4.8651676627295966e-05,0.04479257657040684,0.00024894425127993747,3.5657045374540575,1815.4002695229624,0.5901513614820066,302.1420593261719,2861946.3125,12.138480105376864,0.2584111035761294,0.0444629007695554,1.207419698667142,0.1484275826586547,8.554718582891411,9.910565864217208,0.0,0.9995634207805145,-0.02954602913347677,8,359500.0,2071500.0,18.7302,73.66731,C3_dehu_talegaon,33.59,True,35_207,4,test,train
c025_004,2020-21,1238.46071888551,106.88751770639732,1019.791921191874,125.3591785143088,680.2545952359058,103.22513709694842,0.0004005040706509,3.685253049180481e-05,4.902498529693668e-05,0.0448908725587249,0.0002487431026816125,3.5657045374540575,1815.4002695229624,0.5901513614820066,302.1420593261719,2861946.3125,15.265915691196028,0.2953939473504491,0.0237538159917434,1.697229341772405,3.313566810924572,8.884893920903302,13.895690073600278,0.0,0.9995634207805145,-0.02954602913347677,8,360500.0,2071500.0,18.73027,73.67679,C3_dehu_talegaon,33.02,True,36_207,2,test,train
c025_005,2020-21,1250.0599014153313,106.77154899044376,1029.343094237545,505.7560424484931,668.6494629078206,416.4572346283903,0.0004042551139812,0.0001486798988046,4.8588128039314756e-05,0.045038493907276836,0.0002481111883728625,3.5657045374540575,1815.4002695229624,0.5901513614820066,302.1420593261719,2861946.3125,15.279697130657045,0.2488326447153141,0.0538512275328637,1.0033963359721154,0.9564026587606812,11.127514694556062,13.08731368928886,0.0,0.9995634207805145,-0.02954602913347677,8,361500.0,2071500.0,18.73034,73.68628,C3_dehu_talegaon,32.47,True,36_207,2,test,train
c025_006,2020-21,1257.0624942081463,107.33216271097896,1035.109274342099,699.9729052362248,660.1693782494024,576.3822000389964,0.0004065196726191,0.0002057749032769,4.899258236233474e-05,0.04500426407640772,0.00024916098241295,3.5657045374540575,1815.4002695229624,0.5901513614820066,302.1420593261719,2861946.3125,8.214421026774344,0.2602986467383956,0.1326362748906521,0.2665534189351036,1.11413807637851,3.4328774426848154,4.813568937998429,0.0,0.9995634207805145,-0.02954602913347677,8,362500.0,2071500.0,18.7304,73.69576,C3_dehu_talegaon,31.94,True,36_207,2,test,train
c025_007,2020-21,1273.7256626578355,110.6646490921136,1048.830310711944,724.9340903630454,652.5787552968645,596.9361138995938,0.0004119083512362,0.0002131128808139,4.922084753731068e-05,0.0450325986436957,0.0002559004735884,3.5657045374540575,1815.4002695229624,0.5901513614820066,302.1420593261719,2861946.3125,5.0507188783831385,0.3730659487204182,0.017683452710433,0.0533178904460848,0.0,1.834246167976154,1.887564058422239,0.0,0.9995634207805145,-0.02954602913347677,8,363500.0,2071500.0,18.73047,73.70525,C3_dehu_talegaon,31.43,True,36_207,2,test,train
c025_008,2020-21,1264.5592187309132,111.6168452221517,1041.2823398153412,693.905395324263,670.2525634766375,571.3859999208864,0.0004089440278224,0.0002039912038566,4.952400270306803e-05,0.04505465567665803,0.0002536464786227875,3.5657045374540575,1815.4002695229624,0.5901513614820066,302.1420593261719,2861946.3125,4.938328960620157,0.3472621954412832,-0.0049456560776599,1.0526403613785464,0.388348570391229,0.781012354749221,2.2220012865189966,0.0,0.9995634207805145,-0.02954602913347677,8,364500.0,2071500.0,18.73053,73.71473,C3_dehu_talegaon,30.94,True,36_207,2,test,train
c025_009,2020-21,1258.767288061952,110.4480813586198,1036.5130612954497,624.6490053082656,700.203247227811,514.3578633379312,0.0004070709835066,0.0001836315201456,4.983890677267506e-05,0.0451261071004851,0.000253327506234225,3.5657045374540575,1815.4002695229624,0.5901513614820066,302.1420593261719,2861946.3125,5.0081757114256735,0.2714850855069058,0.1061561610801444,0.0,1.5488746600264935,2.833944609845225,4.382819269871719,0.0,0.9995634207805145,-0.02954602913347677,8,365500.0,2071500.0,18.7306,73.72421,C3_dehu_talegaon,30.48,True,36_207,2,test,train
c026_001,2020-21,1010.821945322231,100.55410624392076,832.3461841653782,29.269240714609797,649.1821638427201,24.101317680095672,0.0003268882877199,8.604440446169748e-06,4.779659726603765e-05,0.04456253249706499,0.00023940516436525,3.5657045374540575,1815.4002695229624,0.5901513614820066,302.1420593261719,2861946.3125,6.637859590017261,0.2806253832884552,0.0803659121661921,0.6689225810165255,0.2947984958830799,3.0848791940446434,4.048600270944249,0.0,0.9995634207805145,-0.02954602913347677,8,357500.0,2072500.0,18.7391,73.64827,C3_dehu_talegaon,35.59,True,35_207,4,test,train
c026_002,2020-21,1083.372674380419,103.1501891051946,892.086994868443,-223.2363252442452,643.0130442116573,-183.8206069268867,0.0003503503659864,-6.562601622347879e-05,4.7978566319615044e-05,0.04462939650338034,0.0002432054501305125,3.5657045374540575,1815.4002695229624,0.5901513614820066,302.1420593261719,2861946.3125,7.736570902117367,0.2184722178098485,0.1293905139776426,0.0,2.217307287102884,2.794698239988602,5.012005527091485,0.0,0.9995634207805145,-0.02954602913347677,8,358500.0,2072500.0,18.73917,73.65776,C3_dehu_talegaon,34.99,True,35_207,4,test,train
c026_003,2020-21,1151.2799650328964,105.20008286786408,948.004235796152,-239.02670321517544,673.9562246923426,-196.8229570553686,0.0003723108092354,-7.026800089941066e-05,4.8284778720743054e-05,0.044704978885362866,0.0002459801604186,3.5657045374540575,1815.4002695229624,0.5901513614820066,302.1420593261719,2861946.3125,9.38942912474446,0.25425238120238,0.1080554103060849,0.0,0.4732183702092159,3.249180080397759,3.722398450606975,0.0,0.9995634207805145,-0.02954602913347677,8,359500.0,2072500.0,18.73924,73.66724,C3_dehu_talegaon,34.41,True,35_207,4,test,train
c026_004,2020-21,1189.921561365787,106.14797954696624,979.823079269606,85.2921399231761,700.9577913023177,70.23253455555323,0.0003848070607448,2.507380173101049e-05,4.837609434131957e-05,0.04479661587081146,0.0002449227574229,3.5657045374540575,1815.4002695229624,0.5901513614820066,302.1420593261719,2861946.3125,13.585414995789057,0.2669500548913769,0.0283645378215222,0.0,2.5323447472442067,11.691270037879752,14.223614785123958,0.0,0.9995634207805145,-0.02954602913347677,8,360500.0,2072500.0,18.7393,73.67672,C3_dehu_talegaon,33.85,True,36_207,2,test,train
c026_005,2020-21,1199.2511518703277,105.02068040962205,987.5053907708708,427.3466125140608,703.0963087348122,351.89216447876817,0.000387824143901,0.0001256294453656,4.7857503526443664e-05,0.04490190069578156,0.0002459975483858625,3.5657045374540575,1815.4002695229624,0.5901513614820066,302.1420593261719,2861946.3125,11.743792539288723,0.2765502437522098,0.0628087377966693,0.0,0.0750341058289997,6.400948392918197,6.475982498747197,0.0,0.9995634207805145,-0.02954602913347677,8,361500.0,2072500.0,18.73937,73.68621,C3_dehu_talegaon,33.31,True,36_207,2,test,train
c026_006,2020-21,1188.875245392745,103.36509806636396,978.9615060601768,548.083838918184,693.3220427585666,451.3114243684488,0.0003844686940934,0.0001611232350528,4.825266732207123e-05,0.0448593167354945,0.0002475123903686,3.5657045374540575,1815.4002695229624,0.5901513614820066,302.1420593261719,2861946.3125,7.483486818903831,0.3098003704503271,0.0350044452582184,0.7595786474832124,1.291503566913622,1.7994419686270802,3.8505241830239134,0.0,0.9995634207805145,-0.02954602913347677,8,362500.0,2072500.0,18.73944,73.69569,C3_dehu_talegaon,32.79,True,36_207,2,test,train
c026_007,2020-21,1181.1492606341362,104.3921556104038,972.5996596810918,534.6809565670811,683.1853655712472,440.2750217325704,0.0003819701987448,0.0001571831156585,4.847464095919355e-05,0.0448734808499109,0.00025382223660885,3.5657045374540575,1815.4002695229624,0.5901513614820066,302.1420593261719,2861946.3125,4.04823559539562,0.3935219645260425,-0.0071757329933664,0.9668242536716536,0.0819080765201114,0.2621831751443612,1.3109155053361263,0.0,0.9995634207805145,-0.02954602913347677,8,363500.0,2072500.0,18.7395,73.70518,C3_dehu_talegaon,32.3,True,36_207,2,test,train
c026_008,2020-21,1157.5495411160043,104.55053828803938,953.166824275022,432.1214639759134,695.8208754817067,355.82394436603863,0.0003743383186301,0.0001270331348375,4.877817966614901e-05,0.04488952976580439,0.0002521325571426375,3.5657045374540575,1815.4002695229624,0.5901513614820066,302.1420593261719,2861946.3125,4.55248274397734,0.3622227666182561,-0.0186786315649698,0.0192073722590045,1.5034416698204198,3.646754040130593,5.169403082210017,0.0,0.9995634207805145,-0.02954602913347677,8,364500.0,2072500.0,18.73957,73.71466,C3_dehu_talegaon,31.83,True,36_207,2,test,train
c027_001,2020-21,941.8027265517628,95.5869117579266,775.5133426906501,-83.41033133450281,617.9228707954848,-68.68298747126182,0.0003045682596001,-2.45205960605864e-05,4.721814333257527e-05,0.044445912180362715,0.0002409924597244125,3.5657045374540575,1815.4002695229624,0.5901513614820066,302.1420593261719,2861946.3125,3.152458266418728,0.2455954650894888,0.1466895223862719,0.0,0.0,2.1036509033313755,2.1036509033313755,0.0,0.9995634207805145,-0.02954602913347677,8,357500.0,2073500.0,18.74814,73.6482,C3_dehu_talegaon,36.39,True,35_207,4,test,train
c027_002,2020-21,1016.6912489555228,99.86695045467776,837.1791742933489,-338.2330523534233,627.1364185683923,-278.5129386909333,0.0003287863535698,-9.943223960874942e-05,4.7616336228638647e-05,0.044493448097237036,0.000243321348733475,3.5657045374540575,1815.4002695229624,0.5901513614820066,302.1420593261719,2861946.3125,4.71754057792487,0.2644734077911444,0.1009497163392846,0.0,1.4141352783769725,3.38001825160218,4.794153529979152,0.0,0.9995634207805145,-0.02954602913347677,8,358500.0,2073500.0,18.7482,73.65768,C3_dehu_talegaon,35.8,True,35_207,4,test,train
c027_003,2020-21,1088.4376915147673,103.48193986572528,896.2577073307283,-292.3222179774681,679.4776113923973,-240.70835007716596,0.0003519883347562,-8.593557790598492e-05,4.7883358490635806e-05,0.04457603907549373,0.00024397486787960002,3.5657045374540575,1815.4002695229624,0.5901513614820066,302.1420593261719,2861946.3125,7.68148941106417,0.2801333684997918,0.0644869440091513,0.0,3.5534948440122687,1.0656655963471104,4.619160440359379,0.0,0.9995634207805145,-0.02954602913347677,8,359500.0,2073500.0,18.74827,73.66717,C3_dehu_talegaon,35.24,True,35_207,4,test,train
c027_004,2020-21,1135.2790323802112,105.7858652176826,934.8285075700458,4.071163700496431,720.4470115687265,3.352338744624878,0.0003671362901215,1.196822491881187e-06,4.7468633723424574e-05,0.044688105390846375,0.00024297987026875001,3.5657045374540575,1815.4002695229624,0.5901513614820066,302.1420593261719,2861946.3125,8.282065096562794,0.2722871103325202,0.0547460528361975,0.0,0.8739557635386022,8.857028975270014,9.730984738808615,0.0,0.9995634207805145,-0.02954602913347677,8,360500.0,2073500.0,18.74834,73.67665,C3_dehu_talegaon,34.69,True,36_207,2,test,train
c027_005,2020-21,1147.3174143434946,104.76754293843484,944.741332807996,254.60044098266792,726.3427309192367,209.64691805458523,0.0003710293655391,7.484629865749925e-05,4.701473118177074e-05,0.04479207975447955,0.0002454318412080375,3.5657045374540575,1815.4002695229624,0.5901513614820066,302.1420593261719,2861946.3125,7.181784288847436,0.2210413778001068,0.1222122337080905,0.0,1.2532261262665716,2.5941543041362323,3.847380430402804,0.0,0.9995634207805145,-0.02954602913347677,8,361500.0,2073500.0,18.74841,73.68614,C3_dehu_talegaon,34.16,True,36_207,2,test,train
c027_006,2020-21,1122.2580586084537,101.39168828500476,924.1065818311016,303.04774865708777,713.8962494772481,249.5401275980668,0.0003629254557205,8.908862143335901e-05,4.732713774415502e-05,0.044742618115335274,0.0002452239748247125,3.5657045374540575,1815.4002695229624,0.5901513614820066,302.1420593261719,2861946.3125,5.614297685827282,0.3130328751577905,0.0362211080671209,0.0,1.5468131731006425,3.465711261503478,5.012524434604121,0.0,0.9995634207805145,-0.02954602913347677,8,362500.0,2073500.0,18.74847,73.69562,C3_dehu_talegaon,33.66,True,36_207,2,test,train
c028_002,2020-21,938.9584755927872,94.51146496142005,773.1712868582972,-399.3565998748993,639.4970925919292,-328.84420798874555,0.0003036484612814,-0.0001174010666663,4.7059361422209135e-05,0.044384497095684566,0.000239563684221525,3.5657045374540575,1815.4002695229624,0.5901513614820066,302.1420593261719,2861946.3125,3.093823002855273,0.2819866714401052,0.1271784778462616,0.0,0.0,3.339473492485166,3.339473492485166,0.0,0.9995634207805145,-0.02954602913347677,8,358500.0,2074500.0,18.75724,73.65761,C3_dehu_talegaon,36.63,True,35_207,4,test,train
c028_003,2020-21,1014.649135850944,98.95604834599622,835.4976268575257,-331.857641572358,699.4241349411392,-273.2632022159156,0.0003281259574841,-9.755802486842092e-05,4.75426787647119e-05,0.04445285424714319,0.0002394035628166,3.5657045374540575,1815.4002695229624,0.5901513614820066,302.1420593261719,2861946.3125,5.652331619874224,0.2661513621060846,0.1089046270063454,0.0,0.2084267804030366,3.619996700574707,3.828423480977744,0.0,0.9995634207805145,-0.02954602913347677,8,359500.0,2074500.0,18.75731,73.6671,C3_dehu_talegaon,36.07,True,35_207,4,test,train
c028_004,2020-21,1067.3097586124886,102.33510505572674,878.860227574877,-113.51642275063296,736.9964514953933,-93.47339732169472,0.0003451558022401,-3.337105013224705e-05,4.685695835150318e-05,0.04457658482992999,0.0002400577913406,3.5657045374540575,1815.4002695229624,0.5901513614820066,302.1420593261719,2861946.3125,6.109490763074085,0.3105480901006577,0.0652487207914448,0.0,3.798396471521511,2.603325473351261,6.401721944872772,0.0,0.9995634207805145,-0.02954602913347677,8,360500.0,2074500.0,18.75737,73.67658,C3_dehu_talegaon,35.54,True,36_207,2,test,train
c028_005,2020-21,1082.224264654178,102.23186925789356,891.1413540877708,26.074643119268583,732.988435383311,21.470774159813764,0.0003499789833796,7.665306936468897e-06,4.624055756146849e-05,0.044670437893610734,0.0002415970913818,3.5657045374540575,1815.4002695229624,0.5901513614820066,302.1420593261719,2861946.3125,4.214182660544001,0.3151507757763844,0.0771616174051928,0.0,0.0,0.7501414562305215,0.7501414562305215,0.0,0.9995634207805145,-0.02954602913347677,8,361500.0,2074500.0,18.75744,73.68607,C3_dehu_talegaon,35.02,True,36_207,2,test,train
c028_006,2020-21,1049.6505542733437,98.62078948440627,864.3190203770074,38.69916109938092,723.3001023788054,31.866244317838444,0.000339445016977,1.1376606255116903e-05,4.6322932097003796e-05,0.04461978024664631,0.0002384188454051625,3.5657045374540575,1815.4002695229624,0.5901513614820066,302.1420593261719,2861946.3125,3.5331849850737274,0.2633194987004086,0.1328124682336003,0.0,0.7448437836087627,1.547952771207722,2.2927965548164844,0.0,0.9995634207805145,-0.02954602913347677,8,362500.0,2074500.0,18.75751,73.69555,C3_dehu_talegaon,34.53,True,36_207,2,test,train
c029_004,2020-21,993.6238349928436,97.34823480461073,818.1846579205582,-196.62939886367585,741.8313754422197,-161.911532091579,0.0003213266150003,-5.780423103507938e-05,4.601633485598388e-05,0.04445689829998874,0.00023751739026021252,3.5657045374540575,1815.4002695229624,0.5901513614820066,302.1420593261719,2861946.3125,4.21020714677238,0.2546439251778842,0.1439294993046048,0.0,2.377702299193483,0.4320735552267851,2.809775854420268,0.0,0.9995634207805145,-0.02954602913347677,8,360500.0,2075500.0,18.76641,73.67651,C3_dehu_talegaon,36.39,True,36_207,2,test,train
c029_005,2020-21,1005.298796684228,97.49706118971592,827.7982301813018,-161.57828358122592,733.0956487828144,-133.0492164373738,0.0003251021644472,-4.750006096929667e-05,4.540520282762345e-05,0.044415475358874,0.00023676920088135,3.5657045374540575,1815.4002695229624,0.5901513614820066,302.1420593261719,2861946.3125,6.20635245537216,0.2924073731747853,0.0579618038249823,0.0,3.2287731859597733,1.2550712435386155,4.483844429498388,0.0,0.9995634207805145,-0.02954602913347677,8,361500.0,2075500.0,18.76648,73.686,C3_dehu_talegaon,35.89,True,36_207,2,test,train
c029_006,2020-21,966.5038126549496,93.7180748242733,795.8530819077026,-191.70331376195625,734.4687723296562,-157.8552211297279,0.0003125563091062,-5.6356082574249874e-05,4.51041882342872e-05,0.044384840561591254,0.0002305332371082375,3.5657045374540575,1815.4002695229624,0.5901513614820066,302.1420593261719,2861946.3125,6.388678892563263,0.222344905288191,0.0630557985847678,0.0,1.098896335949152,2.8032502959061767,3.902146631855329,0.0,0.9995634207805145,-0.02954602913347677,8,362500.0,2075500.0,18.76654,73.69548,C3_dehu_talegaon,35.41,True,36_207,2,test,train
c029_007,2020-21,907.6982875099797,89.21743064682259,747.430553401306,-267.4555001852284,764.1589045807575,-220.2322239276788,0.000293539273008,-7.862537145337152e-05,4.5152383813157096e-05,0.0444297005238645,0.0002311208716841625,3.5657045374540575,1815.4002695229624,0.5901513614820066,302.1420593261719,2861946.3125,3.972235993700818,0.3183611969582727,0.0462097048709975,0.0,0.0,0.0,0.0,0.0,0.9995634207805145,-0.02954602913347677,8,363500.0,2075500.0,18.76661,73.70497,C3_dehu_talegaon,34.95,True,36_207,2,test,train
c030_004,2020-21,924.2464580384118,93.04090570720734,761.0568964560838,-302.21292356885044,715.0670421821919,-248.85270338863455,0.0002988907626091,-8.884320328859923e-05,4.504681534626782e-05,0.04429081769867388,0.00023636323636403751,3.5657045374540575,1815.4002695229624,0.5901513614820066,302.1420593261719,2861946.3125,3.171896821013512,0.2184288998462984,0.154940004902654,0.0,0.0,0.0,0.0,0.0,0.9995634207805145,-0.02954602913347677,8,360500.0,2076500.0,18.77545,73.67644,C3_dehu_talegaon,37.26,True,36_207,2,test,train
c030_005,2020-21,938.4861615716152,93.81504115089731,772.7823669549756,-340.2166625672009,703.2391637755818,-280.1463127979655,0.0003034957203142,-0.0001000153724655,4.464313655755576e-05,0.04420714150464509,0.0002338303418918,3.5657045374540575,1815.4002695229624,0.5901513614820066,302.1420593261719,2861946.3125,7.954749209332719,0.2783684671423411,0.1022396675479543,0.0,0.7503648874146576,0.3823867722368949,1.1327516596515526,0.1292907676340472,0.9995634207805145,-0.02954602913347677,8,361500.0,2076500.0,18.77551,73.68593,C3_dehu_talegaon,36.77,True,36_207,2,test,train
c030_006,2020-21,896.732307216719,90.81929474359409,738.4007812490815,-417.76015137057226,723.3441680727792,-343.99833669895213,0.0002899930000587,-0.0001228112604047,4.392911051784546e-05,0.044143709071350075,0.0002254148214020625,3.5657045374540575,1815.4002695229624,0.5901513614820066,302.1420593261719,2861946.3125,20.34428549751522,0.2363498139692481,0.025357252392083,0.0,1.4828144628878497,4.217281636965968,5.700096099853817,0.5518072759106204,0.9995634207805145,-0.02954602913347677,8,362500.0,2076500.0,18.77558,73.69541,C3_dehu_talegaon,36.3,True,36_207,2,test,train
c030_007,2020-21,838.6086433326656,86.97633013920468,690.5397211806037,-526.0746594549629,771.5175643940623,-433.1882953370709,0.0002711964701149,-0.0001546530749347,4.401091063676853e-05,0.04417504989633371,0.0002240723022415,3.5657045374540575,1815.4002695229624,0.5901513614820066,302.1420593261719,2861946.3125,7.734892579949706,0.2529397737747419,0.1162887937640702,0.0,0.0,0.0,0.0,0.0091823566338231,0.9995634207805145,-0.02954602913347677,8,363500.0,2076500.0,18.77565,73.7049,C3_dehu_talegaon,35.85,True,36_207,2,test,train
c030_008,2020-21,803.0302295208951,84.0750788034342,661.2432094537597,-693.6390332545043,785.2750839060234,-571.1666680658589,0.0002596908168943,-0.0002039128999269,4.427142677884461e-05,0.04418928935870134,0.0002265058811474,3.5657045374540575,1815.4002695229624,0.5901513614820066,302.1420593261719,2861946.3125,3.534936722596547,0.2368336650328066,0.113726904700477,0.0,0.6515398168263842,0.1237766846023848,0.7753165014287691,0.0,0.9995634207805145,-0.02954602913347677,8,364500.0,2076500.0,18.77571,73.71439,C3_dehu_talegaon,35.43,True,36_207,2,test,train
c031_004,2020-21,845.8999918410925,86.49448577838615,696.5436728523043,-543.6229825496494,684.1176051162354,-447.6381990356964,0.0002735544090577,-0.0001598118524537,4.3737297068719184e-05,0.04417352663513846,0.00023640993426557498,3.5657045374540575,1815.4002695229624,0.5901513614820066,302.1420593261719,2861946.3125,4.124836932601878,0.2538698154520067,0.0927132488286435,0.0,0.6809068265270755,0.4050605834669963,1.0859674099940717,0.0,0.9995634207805145,-0.02954602913347677,8,360500.0,2077500.0,18.78448,73.67637,C3_dehu_talegaon,38.13,True,36_207,2,test,train
c031_005,2020-21,865.119149030633,87.97592914888955,712.3693998496432,-629.3663133967017,666.4596094879859,-518.2422599966233,0.0002797696652798,-0.0001850182932741,4.33117935765902e-05,0.04410217612876453,0.0002311877383147625,3.5657045374540575,1815.4002695229624,0.5901513614820066,302.1420593261719,2861946.3125,15.97357947828669,0.2349388090697914,0.101452196299175,0.0,0.0,0.4768321868392239,0.4768321868392239,0.6192206866258102,0.9995634207805145,-0.02954602913347677,8,361500.0,2077500.0,18.78455,73.68586,C3_dehu_talegaon,37.65,True,36_207,2,test,train
c031_006,2020-21,834.4858673471676,86.6724000593487,687.1448830732811,-685.1671515393382,701.835723409641,-564.1906240148257,0.0002698632113854,-0.0002014223740402,4.258952732215264e-05,0.04395210425498356,0.00022106330453842502,3.5657045374540575,1815.4002695229624,0.5901513614820066,302.1420593261719,2861946.3125,25.171199454421306,0.2585471010770996,0.0607809787469801,0.0,2.0235326716521422,2.2972430972662794,4.320775768918422,0.7711921662748861,0.9995634207805145,-0.02954602913347677,8,362500.0,2077500.0,18.78461,73.69534,C3_dehu_talegaon,37.19,True,36_207,2,test,train
c031_007,2020-21,795.1625567424763,84.903651278627,654.7646921978932,-748.7401877940785,761.7244363816267,-616.5388881055624,0.0002571465012561,-0.0002201112908375,4.266217267970003e-05,0.04391679591037126,0.00021592293948988748,3.5657045374540575,1815.4002695229624,0.5901513614820066,302.1420593261719,2861946.3125,8.28290543588602,0.2444506212371058,0.1246673451872886,0.0,0.0,0.0,0.0,0.0286704561131335,0.9995634207805145,-0.02954602913347677,8,363500.0,2077500.0,18.78468,73.70483,C3_dehu_talegaon,36.75,True,36_207,2,test,train
c031_008,2020-21,762.2876615998164,82.59087696581604,627.6943524081223,-876.1396027903619,782.7062761092117,-721.4440273615708,0.0002465151351368,-0.0002575636009231,4.256683749595164e-05,0.04397253203055548,0.000219443049296375,3.5657045374540575,1815.4002695229624,0.5901513614820066,302.1420593261719,2861946.3125,4.045058850440887,0.2463739863054165,0.0245182720308583,0.0,1.303336254181399,0.5266906189107121,1.830026873092112,0.0,0.9995634207805145,-0.02954602913347677,8,364500.0,2077500.0,18.78475,73.71432,C3_dehu_talegaon,36.34,True,36_207,2,test,train
c032_004,2020-21,764.6089418768012,80.22157155816969,629.6057758688692,-807.4412042151861,671.8867887087669,-664.8753604693105,0.0002472658107019,-0.0002373679530396,4.236231649221746e-05,0.04408804561276629,0.0002343694965903,3.5657045374540575,1815.4002695229624,0.5901513614820066,302.1420593261719,2861946.3125,4.075573264657485,0.2559110375325107,0.0983359247416682,0.0,0.3931532009657354,0.0190070233567142,0.4121602243224497,0.0,0.9995634207805145,-0.02954602913347677,8,360500.0,2078500.0,18.79352,73.6763,C3_dehu_talegaon,39.0,True,36_207,2,test,train
c032_005,2020-21,788.0130894328582,81.14425119836694,648.877570473326,-939.0770777496964,661.8330986265137,-773.2689480272046,0.0002548344450747,-0.000276065678254,4.165367516559022e-05,0.044130000798950575,0.0002257599881501875,3.5657045374540575,1815.4002695229624,0.5901513614820066,302.1420593261719,2861946.3125,12.671833323943734,0.2177377482065272,0.1044917140919875,0.0,1.0382071386127265,0.061417153050546,1.0996242916632724,0.2859625507399508,0.9995634207805145,-0.02954602913347677,8,361500.0,2078500.0,18.79358,73.68579,C3_dehu_talegaon,38.53,True,36_207,2,test,train
c032_006,2020-21,777.278109300051,80.76470286702823,640.0380119417937,-995.2718511601362,712.3886849977044,-819.5416921387375,0.0002513628749426,-0.0002925855663478,4.114223425133819e-05,0.043979586386480814,0.00022014989975131249,3.5657045374540575,1815.4002695229624,0.5901513614820066,302.1420593261719,2861946.3125,21.61218856241216,0.2032548099255415,0.0900904856560702,0.0,2.6076635722600887,1.279428240871059,3.887091813131148,0.590021429941323,0.9995634207805145,-0.02954602913347677,8,362500.0,2078500.0,18.79365,73.69528,C3_dehu_talegaon,38.09,True,36_207,2,test,train
c032_007,2020-21,760.0148711213501,80.58292010931305,625.8228571453678,-1019.2745618306626,775.0956253344784,-839.3063645706062,0.0002457801406194,-0.000299641775852,4.1152519416689925e-05,0.04395085551384642,0.0002140404822894625,3.5657045374540575,1815.4002695229624,0.5901513614820066,302.1420593261719,2861946.3125,10.992988969752176,0.1894997957449856,0.0890444633007256,0.0,1.1771380721689797,0.0,1.1771380721689797,0.4092012924321729,0.9995634207805145,-0.02954602913347677,8,363500.0,2078500.0,18.79372,73.70476,C3_dehu_talegaon,37.66,True,36_207,2,test,train
c033_005,2020-21,714.0610587108133,76.28659222361418,587.9828789130307,-1183.881390267037,657.5670747226735,-974.8493908875756,0.0002309192018333,-0.0003480321548893,4.0217201233124603e-05,0.04416130281321371,0.00022087450226931249,3.5657045374540575,1815.4002695229624,0.5901513614820066,302.1420593261719,2861946.3125,4.255482945639591,0.2674029793049907,0.0577407477623808,0.0,0.0,2.532654568113215,2.532654568113215,0.158728565639183,0.9995634207805145,-0.02954602913347677,8,361500.0,2079500.0,18.80262,73.68572,C3_dehu_talegaon,39.43,True,36_207,2,test,train
c033_006,2020-21,715.4717147130445,76.0969523551071,589.1444624600251,-1282.822733779381,720.1472792941133,-1056.3211576114793,0.0002313753918945,-0.0003771184884303,3.986186507742332e-05,0.04402657367643064,0.00021395495756505002,3.5657045374540575,1815.4002695229624,0.5901513614820066,302.1420593261719,2861946.3125,6.834869829017991,0.264081096106621,0.0459678809446936,0.0,0.5562907255665595,5.504135290209198,6.060426015775757,0.0,0.9995634207805145,-0.02954602913347677,8,362500.0,2079500.0,18.80269,73.69521,C3_dehu_talegaon,38.99,True,36_207,2,test,train
c000_021,2021-22,5142.332016746516,430.8298599443973,4234.376243667691,5464.908472273808,853.4855551349849,4499.996992309177,0.0013665486877754,0.0016065493448204,7.680929772628405e-05,0.04179399260525005,0.000227241716770025,4.068468418654701,1787.3566027998709,0.5433087027914614,302.09484481811523,2881544.9375,29.70417247531571,0.3677416303109042,-0.0609342142360137,0.6156187945942216,5.073243410295835,12.65317639355793,18.342038598447985,0.0,0.9410034930587133,-0.3383968469878229,8,377500.0,2046500.0,18.50543,73.83955,C1_shivajinagar_kasarwadi,2.79,True,37_204,4,test,train
c000_022,2021-22,5304.099228760464,443.769590322269,4367.581030391983,5350.234602441374,886.6763747051458,4405.5705125317945,0.0014095375050246,0.001572838033573,7.700830659102852e-05,0.041881147708701424,0.000230177590017925,4.068468418654701,1787.3566027998709,0.5433087027914614,302.09484481811523,2881544.9375,32.05686538477045,0.3161908702559072,-0.022390794351616,2.89687832849604,4.509041954597461,12.086926819604171,19.49284710269768,0.0,0.9410034930587133,-0.3383968469878229,8,378500.0,2046500.0,18.50549,73.84902,C1_shivajinagar_kasarwadi,2.35,True,37_204,4,test,train
c000_023,2021-22,5391.246268278263,450.19836506267353,4439.340954223895,5202.663927460463,869.0155160256835,4284.055651498663,0.0014326963893808,0.0015294558667155,7.643705478460525e-05,0.041814347983989524,0.0002366948366982,4.068468418654701,1787.3566027998709,0.5433087027914614,302.09484481811523,2881544.9375,40.11442564191423,0.2446370882954776,0.0137527253613714,1.9602886760174647,3.8515407533531154,17.5000421541537,23.31187158352428,0.0,0.9410034930587133,-0.3383968469878229,8,379500.0,2046500.0,18.50555,73.8585,C1_shivajinagar_kasarwadi,2.3,True,37_204,4,test,train
c001_020,2021-22,4794.2342848163335,401.8446157180025,3947.7403823970417,5161.627885531475,840.0962288841997,4250.265137678788,0.001274043478614,0.0015173922746884,7.514619525889721e-05,0.041635914389563475,0.0002351806461590875,4.068468418654701,1787.3566027998709,0.5433087027914614,302.09484481811523,2881544.9375,19.3517866029972,0.3776024163525514,-0.046986659849405,1.934134580507434,2.983184931696681,12.320570758259285,17.2378902704634,0.0,0.9410034930587133,-0.3383968469878229,8,376500.0,2047500.0,18.51441,73.83002,C1_shivajinagar_kasarwadi,4.19,True,37_204,4,test,train
c001_021,2021-22,4973.291888166087,417.3480848321742,4095.182682778099,5073.1110644294895,894.5206077067875,4177.377287726935,0.0013216271297856,0.0014913704956104,7.613250742821641e-05,0.04181561500669316,0.0002321855090953,4.068468418654701,1787.3566027998709,0.5433087027914614,302.09484481811523,2881544.9375,30.945152701594967,0.3588080210983663,-0.0543237635672795,4.387935602084497,5.318093262810974,10.516609051157264,20.222637916052733,0.0150171076452556,0.9410034930587133,-0.3383968469878229,8,377500.0,2047500.0,18.51447,73.83949,C1_shivajinagar_kasarwadi,3.65,True,37_204,4,test,train
c001_022,2021-22,5116.061005144421,428.81893531855343,4212.743772823186,4878.776959370718,915.8930679760635,4017.355780925064,0.0013595672995036,0.0014342410247798,7.610295139879766e-05,0.04187893182110261,0.000228754676606525,4.068468418654701,1787.3566027998709,0.5433087027914614,302.09484481811523,2881544.9375,35.64374497438426,0.1971329283950537,0.0388981563516271,0.1346309759247042,6.24924925764292,12.330343825133594,18.71422405870122,0.0,0.9410034930587133,-0.3383968469878229,8,378500.0,2047500.0,18.51453,73.84896,C1_shivajinagar_kasarwadi,3.33,True,37_204,4,test,train
c001_023,2021-22,5191.542346244028,435.0383512317815,4274.89775209786,4742.874543314287,891.1410033083879,3905.4489728597055,0.0013796260835913,0.0013942890404817,7.591092399974163e-05,0.04183049033248092,0.0002326390696368375,4.068468418654701,1787.3566027998709,0.5433087027914614,302.09484481811523,2881544.9375,45.07960546888957,0.141394728651519,0.0752379944253683,2.0700985747509257,6.432412671034408,16.116101609582614,24.61861285536795,0.0,0.9410034930587133,-0.3383968469878229,8,379500.0,2047500.0,18.51459,73.85844,C1_shivajinagar_kasarwadi,3.29,True,37_204,4,test,train
c001_024,2021-22,5170.715743838839,432.98591027358674,4257.748398424536,4628.408792682235,837.5951039827556,3811.1938657193054,0.0013740915194879,0.0013606389111858,7.539200888334046e-05,0.041812735034837165,0.0002400675459304375,4.068468418654701,1787.3566027998709,0.5433087027914614,302.09484481811523,2881544.9375,39.775175311775996,0.2148449844697177,0.030641673041696,2.027002261340112,3.74104532359654,15.827139122021634,21.595186706958287,0.0,0.9410034930587133,-0.3383968469878229,8,380500.0,2047500.0,18.51464,73.86791,C1_shivajinagar_kasarwadi,3.55,True,38_204,4,test,train
c001_025,2021-22,5084.284678874132,425.2883840348081,4186.578033109811,4413.733926261677,795.7802372112917,3634.423063771192,0.0013511229017429,0.0012975297543267,7.371127930327003e-05,0.041832715374925084,0.0002349878276181625,4.068468418654701,1787.3566027998709,0.5433087027914614,302.5495640199576,2884500.7616604473,32.18578054992834,0.273419290095625,0.0107353257604508,2.97068741736691,2.2265158105827623,13.758045766472224,18.955248994421897,0.0,0.9410034930587133,-0.3383968469878229,8,381500.0,2047500.0,18.5147,73.87738,C1_shivajinagar_kasarwadi,4.05,True,38_204,4,test,train
c002_020,2021-22,4633.3792218778735,389.4253462576929,3815.286691160819,4589.587949411592,809.3415747426941,3779.227424040895,0.0012312970603615,0.0013492265333503,7.393724822424707e-05,0.041733962788650915,0.00023834649424655,4.068468418654701,1787.3566027998709,0.5433087027914614,302.09484481811523,2881544.9375,19.87971070759864,0.3185834930518917,0.0261229157518007,2.241174687355649,2.231973106692205,7.637258777266378,12.110406571314233,0.0,0.9410034930587133,-0.3383968469878229,8,376500.0,2048500.0,18.52345,73.82996,C1_shivajinagar_kasarwadi,5.01,True,37_204,4,test,train
c002_021,2021-22,4783.989191792552,402.64928121206,3939.3042140647,4438.545826928387,877.3826235569381,3654.854051580072,0.0012713208970338,0.001304823845886,7.491921123757906e-05,0.04184697710239477,0.0002351226551434875,4.068468418654701,1787.3566027998709,0.5433087027914614,302.09484481811523,2881544.9375,22.87658399865031,0.3221282764717252,-0.0033117605427812,1.1813910236763987,3.921727991361015,7.58879689232283,12.691915907360244,0.0,0.9410034930587133,-0.3383968469878229,8,377500.0,2048500.0,18.52351,73.83943,C1_shivajinagar_kasarwadi,4.57,True,37_204,4,test,train
c002_022,2021-22,4907.830464431663,412.5024984170992,4041.2794543138502,4257.12200681734,895.8160524630099,3505.4633254636165,0.0013042310879873,0.0012514896828688,7.491714418552862e-05,0.04186385393250785,0.00023142857718469999,4.068468418654701,1787.3566027998709,0.5433087027914614,302.09484481811523,2881544.9375,33.83214404668977,0.3423691789861049,-0.044835916632802,2.522959223205437,5.857001662608793,10.121213896341942,18.50117478215617,0.0,0.9410034930587133,-0.3383968469878229,8,378500.0,2048500.0,18.52356,73.8489,C1_shivajinagar_kasarwadi,4.32,True,37_204,4,test,train
c002_023,2021-22,4976.11377273291,418.01743228019984,4097.506321339984,4173.457811097026,870.259424792995,3436.571297167902,0.0013223770313166,0.0012268944568917,7.472933615189299e-05,0.04183009578713781,0.0002333987596014875,4.068468418654701,1787.3566027998709,0.5433087027914614,302.09484481811523,2881544.9375,49.589111636257684,0.2468458243760947,-0.0063688002789723,1.17975696046992,5.569177254987277,13.007167103532048,19.756101318989245,0.0,0.9410034930587133,-0.3383968469878229,8,379500.0,2048500.0,18.52362,73.85838,C1_shivajinagar_kasarwadi,4.29,True,37_204,4,test,train
c002_024,2021-22,4954.663870448139,415.8001807505842,4079.8437207206857,4112.1427896292025,806.1234340505507,3386.0823615181203,0.0013166768284271,0.00120886934118,7.393245439675229e-05,0.04181816000817418,0.0002371348148392125,4.068468418654701,1787.3566027998709,0.5433087027914614,302.09484481811523,2881544.9375,41.29697783046131,0.3094070600566322,-0.0221579553551985,3.8248654702827576,5.428803248657088,8.588029025352945,17.84169774429279,0.0,0.9410034930587133,-0.3383968469878229,8,380500.0,2048500.0,18.52368,73.86785,C1_shivajinagar_kasarwadi,4.49,True,38_204,4,test,train
c002_025,2021-22,4886.585756246402,409.833588762688,4023.785817701052,3974.439812792712,753.5618578096448,3272.692908659013,0.0012985854143905,0.0011683880360788,7.184267332787609e-05,0.04187585790812379,0.00023031662973808752,4.068468418654701,1787.3566027998709,0.5433087027914614,302.5443515991897,2884466.8792134835,35.64253434972198,0.3611649895903847,-0.0363943195239058,0.8974654328791065,8.201886097811963,3.8498184423699247,12.949169973060997,0.014992415162561,0.9410034930587133,-0.3383968469878229,8,381500.0,2048500.0,18.52374,73.87732,C1_shivajinagar_kasarwadi,4.89,True,38_204,4,test,train
c003_019,2021-22,4312.766728513556,361.7508902348303,3551.283137733348,4091.517303742746,725.8270352178567,3369.098614228506,0.0011460959141375,0.0012028059531094,7.038584449714041e-05,0.0415048502650762,0.000238420120422075,4.068468418654701,1787.3566027998709,0.5433087027914614,302.09484481811523,2881544.9375,13.897977140596204,0.2736715500738003,0.1033456470937712,0.0,0.3400413805256646,5.673911531133272,6.0139529116589365,0.0,0.9410034930587133,-0.3383968469878229,8,375500.0,2049500.0,18.53243,73.82042,C1_shivajinagar_kasarwadi,6.39,True,37_204,4,test,train
c003_020,2021-22,4465.546923106288,375.1562891664623,3677.087699628536,4058.7687589453694,776.362744394033,3342.1323157372567,0.0011866964770259,0.0011931786824141,7.184040956064518e-05,0.041697774830707884,0.000241967338731675,4.068468418654701,1787.3566027998709,0.5433087027914614,302.09484481811523,2881544.9375,26.04104652382811,0.3105741443710827,-0.0144581456430521,2.0148435961633244,3.989321828984449,13.37337742556628,19.37754285071405,0.0,0.9410034930587133,-0.3383968469878229,8,376500.0,2049500.0,18.53248,73.8299,C1_shivajinagar_kasarwadi,5.89,True,37_204,4,test,train
c003_021,2021-22,4590.772776300211,386.697486139421,3780.203051988233,3844.911610677505,834.6652893075739,3166.03485154884,0.001219974613249,0.0011303099146793,7.263464851076222e-05,0.04183737505831106,0.00023889400933548748,4.068468418654701,1787.3566027998709,0.5433087027914614,302.09484481811523,2881544.9375,23.99131899681091,0.3968373798252814,-0.0725790463880734,3.0623147449720136,4.23091659747169,8.130969775746763,15.424201118190467,0.0,0.9410034930587133,-0.3383968469878229,8,377500.0,2049500.0,18.53254,73.83937,C1_shivajinagar_kasarwadi,5.51,True,37_204,4,test,train
c003_022,2021-22,4694.31321044809,395.77655101033855,3865.461870980672,3649.827487025019,844.8590525817539,3005.395753174664,0.0012474899591962,0.0010729599567379,7.279361310866099e-05,0.04182680368360791,0.000234346256652225,4.068468418654701,1787.3566027998709,0.5433087027914614,302.09484481811523,2881544.9375,36.73418864595706,0.3567780533070332,-0.0465532418126637,7.270803208443361,1.0015497977105456,6.9657431837919965,15.238096189945905,0.0247987835916559,0.9410034930587133,-0.3383968469878229,8,378500.0,2049500.0,18.5326,73.84884,C1_shivajinagar_kasarwadi,5.31,True,37_204,4,test,train
c003_023,2021-22,4745.462615873398,400.28600596647135,3907.580082427408,3576.409599114989,822.4640799087844,2944.940893509034,0.0012610826546186,0.001051376894493,7.281666644458512e-05,0.041735284423412386,0.0002329177225156875,4.068468418654701,1787.3566027998709,0.5433087027914614,302.09484481811523,2881544.9375,34.46715432226028,0.3444972786097446,-0.0675514557200864,7.828866335300509,0.0,2.7453138903992875,10.574180225699797,0.0062513801901463,0.9410034930587133,-0.3383968469878229,8,379500.0,2049500.0,18.53266,73.85832,C1_shivajinagar_kasarwadi,5.29,True,37_204,4,test,train
c003_024,2021-22,4720.752559519826,397.7119870597045,3887.232956792091,3540.324378924895,760.1079398477526,2915.2270596642243,0.001254516082298,0.0010407687228926,7.197094591524249e-05,0.04174631257086722,0.00023168260959975,4.068468418654701,1787.3566027998709,0.5433087027914614,302.09484481811523,2881544.9375,31.802580430763943,0.3568576501066973,-0.0653787134244585,2.4325759913141995,0.0,1.8596238767189148,4.292199868033114,0.040603420237507,0.9410034930587133,-0.3383968469878229,8,380500.0,2049500.0,18.53271,73.86779,C1_shivajinagar_kasarwadi,5.45,True,38_204,4,test,train
c003_025,2021-22,4665.193244331455,392.37973443805765,3841.483471231466,3464.054645883739,712.5731445652367,2852.423890858979,0.001239751475692,0.0010183472879741,6.987221060078196e-05,0.041876629716891836,0.0002257791277535875,4.068468418654701,1787.3566027998709,0.5433087027914614,302.5581082169728,2884556.3017473123,34.373997864928505,0.3283529412981705,-0.0349198730932616,3.1885640195729934,3.870592689880167,6.123105957574874,13.182262667028034,0.0,0.9410034930587133,-0.3383968469878229,8,381500.0,2049500.0,18.53277,73.87726,C1_shivajinagar_kasarwadi,5.79,True,38_204,4,test,train
c004_019,2021-22,4129.507525042937,346.0470036597627,3400.3810926918445,3711.928220382659,695.2131857104316,3056.531671506578,0.0010973957090146,0.001091216052516,6.847315562964552e-05,0.041469141957020936,0.0002414470292333,4.068468418654701,1787.3566027998709,0.5433087027914614,302.09484481811523,2881544.9375,16.058569141616665,0.39355355695088,-0.0127460186573491,1.138446699459573,3.917745401323004,1.5697850427312443,6.625977143513822,0.0,0.9410034930587133,-0.3383968469878229,8,375500.0,2050500.0,18.54146,73.82036,C1_shivajinagar_kasarwadi,7.24,True,37_205,0,test,train
c004_020,2021-22,4251.3622295777495,356.6078342362788,3500.720523203336,3584.439482621679,750.4257004951864,2951.552980758441,0.0011297779795563,0.0010537374837237,6.971679415790401e-05,0.041602941992295875,0.0002436924290578375,4.068468418654701,1787.3566027998709,0.5433087027914614,302.09484481811523,2881544.9375,22.549641255149993,0.3659713027843015,0.0001663892347204,7.107221916134072,0.9909669903497176,4.213245410726308,12.311434317210097,0.0,0.9410034930587133,-0.3383968469878229,8,376500.0,2050500.0,18.54152,73.82984,C1_shivajinagar_kasarwadi,6.8,True,37_205,0,test,train
c004_021,2021-22,4352.015984719542,365.7211052254914,3583.602349623794,3293.4443941734967,797.091339315663,2711.937435605729,0.0011565262051786,0.0009681920494197,7.01933038395022e-05,0.041685781927568,0.00023919950979406249,4.068468418654701,1787.3566027998709,0.5433087027914614,302.09484481811523,2881544.9375,18.698006646239342,0.3559225704359232,-0.0094048280498796,0.7010100563694439,2.475330146444078,6.810246883690003,9.986587086503524,0.0,0.9410034930587133,-0.3383968469878229,8,377500.0,2050500.0,18.54158,73.83931,C1_shivajinagar_kasarwadi,6.48,True,37_205,0,test,train
c004_022,2021-22,4432.288976186014,373.3229622614255,3649.701941592347,3051.141351954024,806.5042558890158,2512.4166262917315,0.0011778583460818,0.0008969608850368,7.017307557465405e-05,0.041643222776778004,0.00023538918044405,4.068468418654701,1787.3566027998709,0.5433087027914614,302.09484481811523,2881544.9375,21.035088612453254,0.3414308264944158,-0.0204041528969626,2.030047731909886,4.41590485417465,3.377267564052706,9.823220150137244,0.1087823792172994,0.9410034930587133,-0.3383968469878229,8,378500.0,2050500.0,18.54164,73.84878,C1_shivajinagar_kasarwadi,6.3,True,37_205,0,test,train
c004_023,2021-22,4467.44947122363,377.0968216748206,3678.654324366937,2951.2406932574377,793.51759309409,2430.154925854268,0.0011872020695517,0.0008675925363096,7.007636714214526e-05,0.041614965552298946,0.0002343230291818625,4.068468418654701,1787.3566027998709,0.5433087027914614,302.09484481811523,2881544.9375,16.20641263006179,0.3892240652288632,-0.0257741987634373,0.0225033687612142,0.0,2.95618127319816,2.9786846419593744,0.0,0.9410034930587133,-0.3383968469878229,8,379500.0,2050500.0,18.54169,73.85826,C1_shivajinagar_kasarwadi,6.28,True,37_205,0,test,train
c004_024,2021-22,4445.307851237756,374.9464731578012,3660.4221391717424,2910.1996773803803,740.8214843095456,2396.360316311388,0.0011813180461868,0.0008555274820635,6.925631359148435e-05,0.04163575384525625,0.0002323857792163875,4.068468418654701,1787.3566027998709,0.5433087027914614,302.09484481811523,2881544.9375,18.12979234924683,0.3593104310408683,-0.0279537398138408,2.159471788242409,0.0,3.2925735316907625,5.452045319933172,0.0,0.9410034930587133,-0.3383968469878229,8,380500.0,2050500.0,18.54175,73.86773,C1_shivajinagar_kasarwadi,6.42,True,38_205,4,test,train
c004_025,2021-22,4397.968069223331,370.1102827702205,3621.440905037213,2878.0667016256352,706.9905737659286,2369.900898924269,0.0011687377388903,0.0008460811736015,6.794731719376595e-05,0.04176108345043369,0.00022864350210285,4.068468418654701,1787.3566027998709,0.5433087027914614,302.5133276150713,2884265.213127163,25.47966608357082,0.3590373474595014,-0.0810079744233062,3.180138116690494,0.328195193996187,9.192355154238829,12.70068846492551,0.0,0.9410034930587133,-0.3383968469878229,8,381500.0,2050500.0,18.54181,73.8772,C1_shivajinagar_kasarwadi,6.71,True,38_205,4,test,train
c005_019,2021-22,3932.727322611304,329.24086789218563,3238.3453836619537,3303.311231433662,669.5535247981186,2720.0621348975133,0.0010451023669011,0.0009710926580971,6.654960656874266e-05,0.041379737482589954,0.000242376248631225,4.068468418654701,1787.3566027998709,0.5433087027914614,302.09484481811523,2881544.9375,20.684911566308305,0.3743777453899936,-0.0158899836726671,3.379579485081584,0.2601104100537756,4.878189772571935,8.517879667707295,0.0029222226294266,0.9410034930587133,-0.3383968469878229,8,375500.0,2051500.0,18.5505,73.8203,C1_shivajinagar_kasarwadi,8.12,True,37_205,0,test,train
c005_020,2021-22,4017.4497025940914,336.3292706748052,3308.1087579321897,3092.152705923201,720.8766112522212,2546.186811181038,0.0010676169102665,0.000909017219408,6.743187153046327e-05,0.041444493921841415,0.000242234196994525,4.068468418654701,1787.3566027998709,0.5433087027914614,302.09484481811523,2881544.9375,20.877631195232304,0.4267484556312746,-0.0144724782503669,0.143954190428346,0.0,1.9431960322373325,2.087150222665678,0.001785482088019,0.9410034930587133,-0.3383968469878229,8,376500.0,2051500.0,18.55056,73.82977,C1_shivajinagar_kasarwadi,7.73,True,37_205,0,test,train
c005_021,2021-22,4089.0445097469774,342.9049500969848,3367.0624290663923,2715.2118853308066,755.8140534019334,2235.800540752145,0.001086642867643,0.0007982058432557,6.762287165711344e-05,0.04150709176850785,0.0002371348204259125,4.068468418654701,1787.3566027998709,0.5433087027914614,302.09484481811523,2881544.9375,21.22346955789776,0.3483910736711635,0.029286808140232,0.0,2.023496865712475,7.717482535788198,9.740979401500674,0.0,0.9410034930587133,-0.3383968469878229,8,377500.0,2051500.0,18.55062,73.83925,C1_shivajinagar_kasarwadi,7.45,True,37_205,0,test,train
c005_022,2021-22,4147.769870302687,349.1010802609083,3415.418947242992,2402.278185797811,768.424261179673,1978.11997504182,0.0011022488347695,0.0007062109942097,6.751456635306395e-05,0.04148166908792829,0.00023523020008942502,4.068468418654701,1787.3566027998709,0.5433087027914614,302.09484481811523,2881544.9375,20.830197595763185,0.446682937384574,-0.0634532329450894,2.2270719660991323,1.916104740253864,9.772316366158304,13.9154930725113,0.0,0.9410034930587133,-0.3383968469878229,8,378500.0,2051500.0,18.55067,73.84872,C1_shivajinagar_kasarwadi,7.3,True,37_205,0,test,train
c005_023,2021-22,4174.296813022604,352.419664224489,3437.2621607314536,2249.705217868516,765.4320258544418,1852.486050837441,0.0011092982354395,0.0006613582756495,6.72748203400808e-05,0.04151154827079481,0.0002347820036821,4.068468418654701,1787.3566027998709,0.5433087027914614,302.09484481811523,2881544.9375,17.252167098996093,0.4392780605402466,-0.0690044682514675,0.3557821906628565,2.9608832839213908,2.002396394096285,5.319061868680532,0.0,0.9410034930587133,-0.3383968469878229,8,379500.0,2051500.0,18.55073,73.8582,C1_shivajinagar_kasarwadi,7.28,True,37_205,0,test,train
c005_024,2021-22,4162.2190563702925,351.39917572905046,3427.3169129958355,2182.484422375745,729.4584275746236,1797.1340940621728,0.0011060886327825,0.0006415970069101,6.631591094174032e-05,0.041547170269266284,0.0002334726564372375,4.068468418654701,1787.3566027998709,0.5433087027914614,302.09484481811523,2881544.9375,20.618741881450337,0.3545548377127863,-0.0233480695635752,3.0392768671360155,1.82862309951742,1.0126995794760598,5.880599546129495,0.0,0.9410034930587133,-0.3383968469878229,8,380500.0,2051500.0,18.55079,73.86767,C1_shivajinagar_kasarwadi,7.4,True,38_205,4,test,train
c005_025,2021-22,4124.702759746534,347.3854732967602,3396.4246807057584,2172.401784621669,715.458401711825,1788.831697087351,0.001096118866973,0.0006386329581689,6.546147365694937e-05,0.04171787396143139,0.00023252698481763748,4.068468418654701,1787.3566027998709,0.5433087027914614,302.5254501228902,2884344.013409515,34.581209337352455,0.2884448054398694,0.0123431068986133,1.720406760255234,5.528207679269395,10.943812087428933,18.19242652695356,0.0142657088664962,0.9410034930587133,-0.3383968469878229,8,381500.0,2051500.0,18.55084,73.87714,C1_shivajinagar_kasarwadi,7.65,True,38_205,4,test,train
c006_018,2021-22,3725.9355315912026,313.3335438041142,3068.065782028022,2977.461514272173,672.2832787171953,2451.7460680116947,0.0009901484958284,0.0008753008159698,6.466998599006909e-05,0.0412417572476749,0.0002302167491643625,4.068468418654701,1787.3566027998709,0.5433087027914614,302.09484481811523,2881544.9375,23.152697706094358,0.3727169376613533,-0.0430325369399032,1.5515367874988903,4.448511480421868,7.268753474092978,13.268801742013736,0.0,0.9410034930587133,-0.3383968469878229,8,374500.0,2052500.0,18.55947,73.81076,C1_shivajinagar_kasarwadi,9.47,True,37_205,0,test,gap
c006_019,2021-22,3775.237926506421,316.5206369341875,3108.663100346844,2936.424657574244,659.6214864480439,2417.954883282544,0.0010032503575627,0.0008632369844206,6.508649030729984e-05,0.04130707015921506,0.0002370079892534625,4.068468418654701,1787.3566027998709,0.5433087027914614,302.09484481811523,2881544.9375,18.25751437842617,0.3847874707428645,0.0050542870044594,3.3559956665324706,0.1466881213670362,1.5452278972222682,5.047911685121775,0.0266158829932779,0.9410034930587133,-0.3383968469878229,8,375500.0,2052500.0,18.55953,73.82024,C1_shivajinagar_kasarwadi,9.03,True,37_205,0,test,gap
c006_020,2021-22,3820.333918784219,320.05943775012304,3145.796719444924,2675.9782240285585,697.6304540233637,2203.4941702515,0.0010152343891014,0.0007866721070221,6.527780375189695e-05,0.041353467832443036,0.000236675186885925,4.068468418654701,1787.3566027998709,0.5433087027914614,302.09484481811523,2881544.9375,18.869152272014954,0.3997816773521365,-0.0294600855689059,2.020476838378804,0.6934754331161743,4.405049166342086,7.119001437837064,0.0,0.9410034930587133,-0.3383968469878229,8,376500.0,2052500.0,18.55959,73.82971,C1_shivajinagar_kasarwadi,8.68,True,37_205,0,test,train
c006_021,2021-22,3859.0572935733135,323.79238477382995,3177.682902162725,2261.02696253545,717.309680371805,1861.808771832199,0.0010255249298195,0.0006646865914977,6.507486492840557e-05,0.0414094170612725,0.00023356225381555,4.068468418654701,1787.3566027998709,0.5433087027914614,302.09484481811523,2881544.9375,22.177651168851106,0.356018872094303,0.0035382119058356,3.234698897491623,1.3017087427997809,3.2263966436398706,7.762804283931275,0.0,0.9410034930587133,-0.3383968469878229,8,377500.0,2052500.0,18.55965,73.83919,C1_shivajinagar_kasarwadi,8.43,True,37_205,0,test,train
c006_022,2021-22,3892.750511866975,327.9948060022179,3205.427077888986,1888.5300676210063,728.3647751628499,1555.0817854125958,0.0010344787319265,0.0005551816207358,6.490392159789773e-05,0.041383057271658565,0.0002341169669449375,4.068468418654701,1787.3566027998709,0.5433087027914614,302.09484481811523,2881544.9375,22.992879659930058,0.3412812769479115,0.0182323123448229,3.781773001939698,2.39742787088371,5.184125006026672,11.36332587885008,0.0,0.9410034930587133,-0.3383968469878229,8,378500.0,2052500.0,18.55971,73.84866,C1_shivajinagar_kasarwadi,8.29,True,37_205,0,test,train
c006_023,2021-22,3905.53427776238,330.27784768643056,3215.9536783566004,1653.1564009621795,724.6249919042328,1361.2668665704498,0.001037875952964,0.000485987523181,6.457013679217696e-05,0.04140951240628349,0.0002341229262832125,4.068468418654701,1787.3566027998709,0.5433087027914614,302.09484481811523,2881544.9375,20.04607532520201,0.4646898776605725,-0.0645293370130664,2.5321732075281207,1.082620121839832,0.8858094528845185,4.500602782252472,0.0,0.9410034930587133,-0.3383968469878229,8,379500.0,2052500.0,18.55977,73.85814,C1_shivajinagar_kasarwadi,8.28,True,37_205,0,test,train
c006_024,2021-22,3895.8141384602286,329.78518973165984,3207.94977530014,1507.344066191405,698.4575918048828,1241.1998844354216,0.0010352928751765,0.0004431222653123,6.36180288242398e-05,0.041494457785555314,0.0002332917526105375,4.068468418654701,1787.3566027998709,0.5433087027914614,302.09484481811523,2881544.9375,15.820338151592438,0.5753119466042225,-0.1472066607338115,0.0,0.1231838535610657,0.0839814511337182,0.207165304694784,0.0,0.9410034930587133,-0.3383968469878229,8,380500.0,2052500.0,18.55982,73.86761,C1_shivajinagar_kasarwadi,8.39,True,38_205,4,test,train
c006_025,2021-22,3862.6414820634855,326.3187589307828,3180.6342484675124,1458.3672715792502,700.4019079587847,1200.8706768071847,0.001026477409757,0.0004287242863352,6.303259891536834e-05,0.041684510385154847,0.0002347570665504125,4.068468418654701,1787.3566027998709,0.5433087027914614,302.51856043801376,2884299.2281949623,22.574279071062584,0.4387596586628143,-0.0866399023005713,2.091060705385367,2.889550844603761,7.302373310345118,12.282984860334246,0.0,0.9410034930587133,-0.3383968469878229,8,381500.0,2052500.0,18.55988,73.87709,C1_shivajinagar_kasarwadi,8.61,True,38_205,4,test,train
c007_018,2021-22,3669.880720535237,309.23437563627726,3021.9082878200084,2836.011604393668,676.5461129439852,2335.271259285239,0.0009752522137053,0.0008337180042552,6.417699126574912e-05,0.041192871556858565,0.00022462460990797502,4.068468418654701,1787.3566027998709,0.5433087027914614,302.09484481811523,2881544.9375,21.07911086662553,0.3601408085048482,-0.0254647012575139,3.276129994217284,1.9945292728122204,7.28351137428587,12.554170641315372,0.0075523300558943,0.9410034930587133,-0.3383968469878229,8,374500.0,2053500.0,18.56851,73.8107,C1_shivajinagar_kasarwadi,10.36,True,37_205,0,test,gap
c007_019,2021-22,3674.3523610072384,308.7094843144778,3025.5903931611656,2717.2877490666547,669.4190089336093,2237.5098796395487,0.0009764405295121,0.0007988160963902,6.417071871407011e-05,0.041269702199234204,0.0002279267049967625,4.068468418654701,1787.3566027998709,0.5433087027914614,302.09484481811523,2881544.9375,17.717949902207557,0.3227335562338503,-0.0197452674938828,0.0,1.974036175149284,8.65073688186898,10.624773057018263,0.0,0.9410034930587133,-0.3383968469878229,8,375500.0,2053500.0,18.56857,73.82018,C1_shivajinagar_kasarwadi,9.95,True,37_205,0,test,gap
c007_020,2021-22,3679.495661282599,309.0475415019327,3029.82556670288,2435.974807291706,689.8079034179956,2005.866953082317,0.0009778073355097,0.000716116976251,6.373370484755017e-05,0.04132230719883662,0.000228894848077025,4.068468418654701,1787.3566027998709,0.5433087027914614,302.09484481811523,2881544.9375,19.410801919010602,0.3557876477860653,-0.0348202869495422,0.0,3.744782605621488,10.048196641206356,13.792979246827844,0.0,0.9410034930587133,-0.3383968469878229,8,376500.0,2053500.0,18.56863,73.82965,C1_shivajinagar_kasarwadi,9.63,True,37_205,0,test,gap
c007_021,2021-22,3684.2071019299474,309.6126826793989,3033.7051319051293,2053.5498191545653,694.4721536827537,1690.9648270664757,0.0009790593769985,0.000603693389058,6.315313496613362e-05,0.04132526916276605,0.0002299338812642875,4.068468418654701,1787.3566027998709,0.5433087027914614,302.09484481811523,2881544.9375,22.6851605489002,0.3361642723240478,0.0012247870004578,3.241628874461827,0.1595516644027096,5.107532204909012,8.508712743773549,0.14822359745727,0.9410034930587133,-0.3383968469878229,8,377500.0,2053500.0,18.56869,73.83913,C1_shivajinagar_kasarwadi,9.41,True,37_205,0,test,train
c007_022,2021-22,3687.027059087057,310.82820001310927,3036.027183370367,1682.0314395901246,702.1492508975737,1385.0435844492215,0.00097980876633,0.0004944760778612,6.279435652686488e-05,0.04127408471656097,0.00023279527924785002,4.068468418654701,1787.3566027998709,0.5433087027914614,302.09484481811523,2881544.9375,27.03326009424722,0.3117917224749211,0.0021118404488619,0.9304167601908322,0.1358207182530652,12.404328881756282,13.47056636020018,0.0,0.9410034930587133,-0.3383968469878229,8,378500.0,2053500.0,18.56875,73.8486,C1_shivajinagar_kasarwadi,9.29,True,37_205,0,test,train
c007_023,2021-22,3675.0690623461,311.17940822910373,3026.180550139205,1374.6422730709262,693.0624483219719,1131.9285813667852,0.0009766309892628,0.0004041111858266,6.226126336925538e-05,0.04130555384535789,0.0002337555491417625,4.068468418654701,1787.3566027998709,0.5433087027914614,302.09484481811523,2881544.9375,20.30756744602954,0.3596560433333918,0.0226799054178315,0.0,2.0055931280650388,2.968003147551772,4.973596275616811,0.0,0.9410034930587133,-0.3383968469878229,8,379500.0,2053500.0,18.5688,73.85808,C1_shivajinagar_kasarwadi,9.28,True,37_205,0,test,train
c007_024,2021-22,3654.6247325897,310.0961821679017,3009.3459731503435,1135.9737338862635,670.9032103675098,935.4005491154164,0.0009711980121796,0.0003339484763866,6.14631498161407e-05,0.041440452459175964,0.0002338083657576625,4.068468418654701,1787.3566027998709,0.5433087027914614,302.09484481811523,2881544.9375,14.898996545274901,0.4304685539097277,-0.0098150221410178,0.0,2.035821406458861,3.036086483374826,5.071907889833687,0.0,0.9410034930587133,-0.3383968469878229,8,380500.0,2053500.0,18.56886,73.86755,C1_shivajinagar_kasarwadi,9.37,True,38_205,4,test,train
c008_017,2021-22,3730.8118589472106,315.27976779712674,3072.0811207197644,2808.6143799497213,709.0721949998928,2312.711425351903,0.0009914443551249,0.0008256638907776,6.387389015713799e-05,0.04096343380051457,0.00022616329019675,4.068468418654701,1787.3566027998709,0.5433087027914614,302.09484481811523,2881544.9375,16.9052316872085,0.3049860245991698,0.1096050305076985,2.905996145590806,0.6055280434827497,0.0,3.511524189073556,0.0413671506658314,0.9410034930587133,-0.3383968469878229,8,373500.0,2054500.0,18.57749,73.80116,C1_shivajinagar_kasarwadi,11.71,True,37_205,0,test,gap
c008_018,2021-22,3668.2667274069145,308.8716584458546,3020.579269363449,2812.1787101156515,683.2385091204878,2315.646419617161,0.0009748233032062,0.0008267117166144,6.380260760978674e-05,0.0411270442049933,0.000221983467447575,4.068468418654701,1787.3566027998709,0.5433087027914614,302.09484481811523,2881544.9375,20.896949201579986,0.2900320720670915,0.0414610253993329,0.4784058092374953,2.23832849162404,9.910941678397146,12.62767597925868,0.0,0.9410034930587133,-0.3383968469878229,8,374500.0,2054500.0,18.57755,73.81064,C1_shivajinagar_kasarwadi,11.26,True,37_205,0,test,gap
c008_019,2021-22,3623.720316395625,304.516271706259,2983.898194724048,2623.9203438265963,685.1223190036627,2160.627888863012,0.0009629853201055,0.0007713683642869,6.345674036268796e-05,0.04121188750996304,0.000221924287578825,4.068468418654701,1787.3566027998709,0.5433087027914614,302.09484481811523,2881544.9375,23.95919998654692,0.2587402407882053,0.0116659939722152,0.0,4.166156494894586,10.753792254270037,14.919948749164622,0.1110706063677752,0.9410034930587133,-0.3383968469878229,8,375500.0,2054500.0,18.57761,73.82011,C1_shivajinagar_kasarwadi,10.89,True,37_205,0,test,gap
c008_020,2021-22,3590.107175802429,301.82651426110874,2956.219957780308,2332.2514602063825,689.0644792405755,1920.4575171724064,0.0009540527982419,0.0006856248506925,6.269083232541749e-05,0.041245503890600464,0.00022416513939403748,4.068468418654701,1787.3566027998709,0.5433087027914614,302.09484481811523,2881544.9375,26.897638592892477,0.2663970629931184,0.0089069904437121,0.2837198081695211,2.920009054979628,12.84671773955916,16.05044660270831,0.118939326553386,0.9410034930587133,-0.3383968469878229,8,376500.0,2054500.0,18.57767,73.82959,C1_shivajinagar_kasarwadi,10.6,True,37_205,0,test,gap
c008_021,2021-22,3559.045031139842,299.24957524993056,2930.6423002101064,2016.0171004089516,683.95579480025,1660.0590722262348,0.0009457981906261,0.0005926596883078,6.1963455505807e-05,0.04120065900856092,0.0002279531956093,4.068468418654701,1787.3566027998709,0.5433087027914614,302.09484481811523,2881544.9375,19.218709776555105,0.3696727659051945,0.0010544967691446,4.613298694348337,0.2627122187611281,0.6210830188281173,5.497093931937583,0.0032707942628241,0.9410034930587133,-0.3383968469878229,8,377500.0,2054500.0,18.57772,73.83906,C1_shivajinagar_kasarwadi,10.4,True,37_205,0,test,gap
c008_022,2021-22,3524.603251129886,297.06792815024414,2902.281732555422,1702.1103144163103,691.4944403902971,1401.5772330519756,0.0009366454620345,0.0005003787756576,6.136110848229865e-05,0.04114971490512863,0.0002317865652796625,4.068468418654701,1787.3566027998709,0.5433087027914614,302.09484481811523,2881544.9375,14.176391882947618,0.487069428548175,-0.075873301616127,0.0,0.0,0.5091339078550142,0.5091339078550142,0.0,0.9410034930587133,-0.3383968469878229,8,378500.0,2054500.0,18.57778,73.84854,C1_shivajinagar_kasarwadi,10.29,True,37_205,0,test,train
c008_023,2021-22,3482.801307983608,295.1560957112397,2867.860548854853,1382.7774808096112,683.4691622356299,1138.6273962767928,0.0009255368073683,0.0004065027378039,6.059209198338133e-05,0.04120898676155413,0.00023350084268225,4.068468418654701,1787.3566027998709,0.5433087027914614,302.09484481811523,2881544.9375,15.456545707096094,0.3790702086822002,-0.0045522610359151,0.0,0.4191313488486521,1.2196504811479454,1.6387818299965975,0.0,0.9410034930587133,-0.3383968469878229,8,379500.0,2054500.0,18.57784,73.85802,C1_shivajinagar_kasarwadi,10.28,True,37_205,0,test,train
c008_024,2021-22,3444.77142694266,292.9237057314195,2836.545413172272,1111.042638800454,670.7919525998298,914.8714124482038,0.0009154305591013,0.0003266193445852,5.9925481820946354e-05,0.041374137331778096,0.0002339558578886125,4.068468418654701,1787.3566027998709,0.5433087027914614,302.09484481811523,2881544.9375,13.670223288915373,0.4563872723177419,-0.0613271957027046,0.0,0.0,2.4891609222270388,2.4891609222270388,0.0,0.9410034930587133,-0.3383968469878229,8,380500.0,2054500.0,18.5779,73.86749,C1_shivajinagar_kasarwadi,10.36,True,38_205,4,test,train
c009_017,2021-22,3825.391829810421,321.7860802649517,3149.9615804889377,2865.8284622875653,675.0602438319754,2359.823504125823,0.0010165785033386,0.0008424834307499,6.411634272419174e-05,0.04092166358683427,0.00022605154599682502,4.068468418654701,1787.3566027998709,0.5433087027914614,302.09484481811523,2881544.9375,21.21204019761553,0.3359392443003592,0.0350063250363608,0.407487989284379,0.5953523596026165,5.161834542940624,6.16467489182762,0.0,0.9410034930587133,-0.3383968469878229,8,373500.0,2055500.0,18.58652,73.8011,C1_shivajinagar_kasarwadi,12.59,True,37_205,0,test,gap
c009_018,2021-22,3720.806216820235,312.2303238664217,3063.8421246403336,2791.4527665348155,670.9779200643922,2298.579951944423,0.0009887854064077,0.0008206187964403,6.380232433361759e-05,0.04107482363071638,0.00022339282140435,4.068468418654701,1787.3566027998709,0.5433087027914614,302.09484481811523,2881544.9375,20.830280317139515,0.2455170468825832,0.1067938518578955,0.0,0.657300307020773,10.471987800481529,11.1292881075023,0.0,0.9410034930587133,-0.3383968469878229,8,374500.0,2055500.0,18.58658,73.81057,C1_shivajinagar_kasarwadi,12.18,True,37_205,0,test,gap
c009_019,2021-22,3636.873115957768,305.13139126078795,2994.7286704347343,2562.9261014161016,681.0162922134562,2110.403093921258,0.0009664806099708,0.0007534375497674,6.297903044665035e-05,0.04113923347885861,0.00022366757100135,4.068468418654701,1787.3566027998709,0.5433087027914614,302.09484481811523,2881544.9375,26.693438160904353,0.2018973488539301,0.0317308733448213,0.0,4.26896761936219,20.464234485644184,24.733202105006374,0.0,0.9410034930587133,-0.3383968469878229,8,375500.0,2055500.0,18.58664,73.82005,C1_shivajinagar_kasarwadi,11.84,True,37_205,0,test,gap
c009_020,2021-22,3570.6347795923675,300.14759838645926,2940.185704906193,2290.4549065175515,675.691813851882,1886.0407713398145,0.0009488781075758,0.0006733376868204,6.182119940921825e-05,0.041178652269653254,0.00022610255829055002,4.068468418654701,1787.3566027998709,0.5433087027914614,302.09484481811523,2881544.9375,27.07884817984894,0.265635458616074,0.0089214671656427,4.250444926037323,3.0761023055456302,9.994070347572258,17.32061757915521,0.0059482739655315,0.9410034930587133,-0.3383968469878229,8,376500.0,2055500.0,18.5867,73.82953,C1_shivajinagar_kasarwadi,11.57,True,37_205,0,test,gap
c009_021,2021-22,3498.234238944204,294.13312999307857,2880.5685645988574,2039.8559553555544,667.8857605789979,1679.6888201175427,0.000929638030604,0.0005996677282393,6.0923580267990206e-05,0.041150116818308914,0.0002285374128330125,4.068468418654701,1787.3566027998709,0.5433087027914614,302.09484481811523,2881544.9375,18.46334793794815,0.379963883047157,0.0349686087815635,0.0469761023312347,0.0,0.0,0.0469761023312347,0.0,0.9410034930587133,-0.3383968469878229,8,377500.0,2055500.0,18.58676,73.839,C1_shivajinagar_kasarwadi,11.39,True,37_205,0,test,gap
c009_022,2021-22,3416.5852542227653,287.8897671530365,2813.33593160314,1775.9128506551715,675.8547067883962,1462.3488256202008,0.0009079402264626,0.0005220749150975,6.002845504109497e-05,0.041101900462776474,0.0002294510759352,4.068468418654701,1787.3566027998709,0.5433087027914614,302.09484481811523,2881544.9375,14.129499903248579,0.4831077023099726,-0.0467922921796841,0.0,0.0,0.8752062826804562,0.8752062826804562,0.0,0.9410034930587133,-0.3383968469878229,8,378500.0,2055500.0,18.58682,73.84848,C1_shivajinagar_kasarwadi,11.29,True,37_205,0,test,train
c009_023,2021-22,3339.7158107652517,283.2901527854154,2750.0389402419346,1471.547302376699,674.8314147681971,1211.7235756705363,0.000887512561204,0.0004325988928268,5.9148499804592296e-05,0.04114511693214986,0.00023105581231878751,4.068468418654701,1787.3566027998709,0.5433087027914614,302.09484481811523,2881544.9375,16.182200612379358,0.2834523169129975,0.026049719350236,0.0,0.0,14.144903874434675,14.144903874434675,0.0,0.9410034930587133,-0.3383968469878229,8,379500.0,2055500.0,18.58688,73.85796,C1_shivajinagar_kasarwadi,11.28,True,37_205,0,test,train
c009_024,2021-22,3274.3578648277,279.0688432942564,2696.2209190189524,1204.4857792701512,676.1666201853559,991.8157662647288,0.0008701440181061,0.0003540893409925,5.86988007332163e-05,0.04134875250306636,0.000230208332017275,4.068468418654701,1787.3566027998709,0.5433087027914614,302.09484481811523,2881544.9375,12.669794699234691,0.3396068168531257,0.0344718302584496,0.0,0.0,2.839295761349037,2.839295761349037,0.0,0.9410034930587133,-0.3383968469878229,8,380500.0,2055500.0,18.58693,73.86743,C1_shivajinagar_kasarwadi,11.36,True,38_205,4,test,train
c010_016,2021-22,4033.3189893432896,338.5480625777838,3321.176084311724,3083.9994294616167,641.8248759754387,2539.473117851911,0.0010718340928429,0.0009066203556684,6.513725152854021e-05,0.04071131345878999,0.0002280111889520875,4.068468418654701,1787.3566027998709,0.5433087027914614,302.09484481811523,2881544.9375,31.223207601936917,0.2528637431019799,0.0005044267985887,2.5169703603370848,2.683838641354116,13.060383582187104,18.261192583878305,0.0,0.9410034930587133,-0.3383968469878229,8,372500.0,2056500.0,18.5955,73.79156,C2_pcmc,13.94,True,37_205,0,test,test
c010_017,2021-22,3935.510310040043,329.715210425192,3240.63699295834,3052.5623218133146,638.1601942402879,2513.5867026297733,0.0010458419317146,0.0008973786153992,6.489476158445192e-05,0.040960063345637565,0.0002220246808090625,4.068468418654701,1787.3566027998709,0.5433087027914614,302.09484481811523,2881544.9375,29.977379837930677,0.2121636925607573,0.0109774178370864,2.875247924888055,3.1247080319731806,12.93110374705576,18.931059703917,0.0,0.9410034930587133,-0.3383968469878229,8,373500.0,2056500.0,18.59556,73.80104,C1_shivajinagar_kasarwadi,13.5,True,37_205,0,test,gap
c010_018,2021-22,3819.688009547592,319.71249928321305,3145.2648551626817,2897.2058861894207,641.4124056553177,2385.660773661284,0.0010150627419933,0.0008517076254583,6.444775549553338e-05,0.04105773551406746,0.000220213092353,4.068468418654701,1787.3566027998709,0.5433087027914614,302.09484481811523,2881544.9375,25.03199777263936,0.2404205964401511,0.0975213064840582,1.967368967904697,1.2601726055541345,7.630675775472495,10.858217348931326,0.0,0.9410034930587133,-0.3383968469878229,8,374500.0,2056500.0,18.59562,73.81051,C1_shivajinagar_kasarwadi,13.11,True,37_205,0,test,gap
c010_019,2021-22,3722.337069530095,312.0038525846056,3065.1026823651314,2624.200862311043,656.6003457796023,2160.8588776055863,0.0009891922227617,0.000771450829856,6.334661650039135e-05,0.04103104583013074,0.0002237699678371625,4.068468418654701,1787.3566027998709,0.5433087027914614,302.09484481811523,2881544.9375,29.682024907057027,0.2561136516405984,0.0071276555114685,0.0,3.601261825532812,15.015455208769016,18.61671703430183,0.0,0.9410034930587133,-0.3383968469878229,8,375500.0,2056500.0,18.59568,73.81999,C1_shivajinagar_kasarwadi,12.79,True,37_205,0,test,gap
c010_020,2021-22,3632.0157860297622,305.4066063729128,2990.7289748904136,2379.288944486235,654.6696999346091,1959.1898287671984,0.0009651897991446,0.0006994527198938,6.196605598554175e-05,0.041060697523496836,0.0002290701866128375,4.068468418654701,1787.3566027998709,0.5433087027914614,302.09484481811523,2881544.9375,25.205744849860185,0.337104619145826,0.0073488349793456,4.57522036070846,0.0,5.387720286382891,9.96294064709135,0.1347154386439809,0.9410034930587133,-0.3383968469878229,8,376500.0,2056500.0,18.59574,73.82947,C1_shivajinagar_kasarwadi,12.55,True,37_205,0,test,gap
c010_021,2021-22,3516.5439656170493,296.08084678989627,2895.645434664629,2213.742447653559,651.0591632831591,1822.8730465898009,0.0009345037477294,0.0006507861013451,6.078876594823694e-05,0.0410850612543301,0.000231244993207975,4.068468418654701,1787.3566027998709,0.5433087027914614,302.09484481811523,2881544.9375,12.561684665248915,0.474107818726241,0.0103905686560218,0.0,0.0,0.0,0.0,0.0,0.9410034930587133,-0.3383968469878229,8,377500.0,2056500.0,18.5958,73.83894,C1_shivajinagar_kasarwadi,12.38,True,37_205,0,test,gap
c010_022,2021-22,3383.7891995065934,285.82516753755954,2786.330511781173,1991.771730487544,658.7205654520523,1640.0945856703672,0.0008992248410323,0.0005855321429226,5.935828730559409e-05,0.0411044812350664,0.0002288997250600125,4.068468418654701,1787.3566027998709,0.5433087027914614,302.09484481811523,2881544.9375,10.944793712026705,0.414811739642743,0.0386410451377003,0.0,0.0,0.770512021305201,0.770512021305201,0.0,0.9410034930587133,-0.3383968469878229,8,378500.0,2056500.0,18.59585,73.84842,C1_shivajinagar_kasarwadi,12.29,True,37_205,0,test,gap
c010_023,2021-22,3260.117601385841,278.0265619175049,2684.4949874716685,1670.1511788584878,665.2852223675534,1375.2609617700955,0.0008663597402227,0.000490983571959,5.795139670701699e-05,0.04121624183865075,0.000228949489318475,4.068468418654701,1787.3566027998709,0.5433087027914614,302.09484481811523,2881544.9375,12.39202083999628,0.3052702648889018,0.0937264248046046,0.0,0.0,6.468890686275909,6.468890686275909,0.0,0.9410034930587133,-0.3383968469878229,8,379500.0,2056500.0,18.59591,73.8579,C1_shivajinagar_kasarwadi,12.28,True,37_205,0,test,train
c011_015,2021-22,4172.741241893539,350.94529974498664,3435.981248994756,3251.9334402821128,667.9057719901244,2677.7558626467603,0.0011088848502909,0.0009559888448984,6.567074434976149e-05,0.0406039568094001,0.0002412864867778,4.068468418654701,1787.3566027998709,0.5433087027914614,302.09484481811523,2881544.9375,35.35667760986123,0.1678215391556346,0.0531729451171414,2.474952344234139,1.7928907732580472,21.185381553852505,25.45322467134469,0.0,0.9410034930587133,-0.3383968469878229,8,371500.0,2057500.0,18.60447,73.78202,C2_pcmc,15.3,True,37_205,0,test,test
c011_016,2021-22,4127.591180651332,345.2991333726235,3398.8031076181323,3272.9940604744997,653.9424319372532,2695.0979147603016,0.0010968864501987,0.0009621801518056,6.536855719593861e-05,0.04070411472875204,0.0002327809317005875,4.068468418654701,1787.3566027998709,0.5433087027914614,302.09484481811523,2881544.9375,33.471272371957895,0.2064394337251401,0.0242352223592893,0.0,2.1634490345656805,20.11549008819411,22.27893912275979,0.0,0.9410034930587133,-0.3383968469878229,8,372500.0,2057500.0,18.60453,73.7915,C2_pcmc,14.83,True,37_205,0,test,test
c011_017,2021-22,4041.5377562811655,337.8716103828831,3327.943704792208,3167.2005073680643,636.2804396444812,2607.983798723409,0.001074018188529,0.0009310794363423,6.514945405987146e-05,0.04098882382305561,0.00022488235307922502,4.068468418654701,1787.3566027998709,0.5433087027914614,302.09484481811523,2881544.9375,31.74697417646428,0.2542262019828796,0.0185841354082634,0.3036646312775459,3.522260485481433,8.587951576998412,12.413876693757391,0.0,0.9410034930587133,-0.3383968469878229,8,373500.0,2057500.0,18.60459,73.80097,C2_pcmc,14.41,True,37_205,0,test,test
c011_018,2021-22,3933.889869237377,329.38967685747235,3239.3026652609583,2970.856477870388,627.4243989313497,2446.307249760131,0.0010454113077787,0.0008733590969168,6.468289440966817e-05,0.04107530805446728,0.000220190712490075,4.068468418654701,1787.3566027998709,0.5433087027914614,302.09484481811523,2881544.9375,20.54482638806855,0.3598117575603574,0.0260879469129395,0.510996202271724,0.1443327584831022,4.041010626076944,4.696339586831771,0.0,0.9410034930587133,-0.3383968469878229,8,374500.0,2057500.0,18.60465,73.81045,C1_shivajinagar_kasarwadi,14.05,True,37_205,0,test,gap
c011_019,2021-22,3839.769360555249,322.05391029478903,3161.8005427399635,2715.309894836744,623.2913737968963,2235.8812452111806,0.0010203992593125,0.0007982346556518,6.345970673004756e-05,0.040996199674786675,0.0002222466499959875,4.068468418654701,1787.3566027998709,0.5433087027914614,302.09484481811523,2881544.9375,30.07031295202612,0.2764697199610226,-0.0028202335832665,8.581661934044797,2.0527113041918232,9.325115098713532,19.95948833695015,0.0231477164665112,0.9410034930587133,-0.3383968469878229,8,375500.0,2057500.0,18.60471,73.81993,C1_shivajinagar_kasarwadi,13.76,True,37_205,0,test,gap
c011_020,2021-22,3741.136555397223,314.5549866367431,3080.5828373006148,2556.0231341090603,613.7094052562267,2104.7189489301218,0.0009941880909123,0.0007514082463196,6.201678102081039e-05,0.040954682009860896,0.00022737389825299998,4.068468418654701,1787.3566027998709,0.5433087027914614,302.09484481811523,2881544.9375,22.12480239207618,0.3266503585737586,0.0220987214808017,2.197564856490728,0.6347824932766383,2.541199077483433,5.373546427250799,0.0002594028233591,0.9410034930587133,-0.3383968469878229,8,376500.0,2057500.0,18.60477,73.8294,C1_shivajinagar_kasarwadi,13.53,True,37_205,0,test,gap
c011_021,2021-22,3597.5740003968594,303.0720115558876,2962.368402605598,2505.635572882023,620.0999369253785,2063.2280666725605,0.0009560370690587,0.0007365955364843,6.076424881498201e-05,0.04089749402537135,0.0002299623993540375,4.068468418654701,1787.3566027998709,0.5433087027914614,302.09484481811523,2881544.9375,9.886666287711652,0.3806150998250531,-0.0736119370452819,0.0,0.0,0.0,0.0,0.0,0.9410034930587133,-0.3383968469878229,8,377500.0,2057500.0,18.60483,73.83888,C1_shivajinagar_kasarwadi,13.37,True,37_205,0,test,gap
c011_022,2021-22,3415.875901404327,289.35000993145513,2812.751825654129,2380.357172218826,642.7900535590272,1960.06944488669,0.000907751719544,0.0006997667527038,5.911582498535082e-05,0.0408909569705464,0.00023026989215341252,4.068468418654701,1787.3566027998709,0.5433087027914614,302.09484481811523,2881544.9375,9.402267777956364,0.3733898911816437,-0.0505583825977129,0.0,0.0,0.0,0.0,0.0,0.9410034930587133,-0.3383968469878229,8,378500.0,2057500.0,18.60489,73.84836,C1_shivajinagar_kasarwadi,13.29,True,37_205,0,test,gap
c011_023,2021-22,3230.43608333087,277.2416783129055,2660.054186193442,2125.3623194746265,671.0946787443432,1750.097754377154,0.0008584720271351,0.0006248045066411,5.747969307375306e-05,0.041082277329633286,0.00023070853369077502,4.068468418654701,1787.3566027998709,0.5433087027914614,302.09484481811523,2881544.9375,12.145998814396554,0.3197917491309587,0.1294253452933926,0.0,0.0,0.0,0.0,0.0,0.9410034930587133,-0.3383968469878229,8,379500.0,2057500.0,18.60495,73.85783,C1_shivajinagar_kasarwadi,13.28,True,37_205,0,test,gap
c012_015,2021-22,4190.890113027531,352.8944206017448,3450.9256649774065,3246.744360827239,695.9269489375835,2673.482992925656,0.0011137078208715,0.0009544633825342,6.556491826224608e-05,0.0406414010916945,0.00023555548178,4.068468418654701,1787.3566027998709,0.5433087027914614,302.09484481811523,2881544.9375,33.88950410083058,0.2157123242795839,0.0345774862755758,2.030583424198469,2.385723516657277,18.07911061736704,22.495417558222783,0.0,0.9410034930587133,-0.3383968469878229,8,371500.0,2058500.0,18.61351,73.78195,C2_pcmc,16.18,True,37_205,0,test,test
c012_016,2021-22,4176.359758706884,349.4841599088892,3438.9608624428656,3244.9258926889192,681.8877375049552,2671.9856025860804,0.0011098464528064,0.000953928797406,6.541980507770717e-05,0.04078325570316755,0.00022853321887303748,4.068468418654701,1787.3566027998709,0.5433087027914614,302.09484481811523,2881544.9375,33.00867505723253,0.1814864765538894,0.0580741996875058,0.4163606721954682,1.8073303421065912,24.287669252272813,26.511360266574872,0.0,0.9410034930587133,-0.3383968469878229,8,372500.0,2058500.0,18.61357,73.79143,C2_pcmc,15.73,True,37_205,0,test,test
c012_017,2021-22,4111.641491835703,343.9640229393269,3385.669575361784,3090.507535549072,660.3083684221136,2544.832120288597,0.0010926479011804,0.0009085335795812,6.529840022559309e-05,0.041015185222992474,0.00022422579421235,4.068468418654701,1787.3566027998709,0.5433087027914614,302.09484481811523,2881544.9375,33.85753742231202,0.2134705133753392,0.0397078597800901,0.0,1.9801937682735773,19.192464757125475,21.17265852539905,0.0,0.9410034930587133,-0.3383968469878229,8,373500.0,2058500.0,18.61363,73.80091,C2_pcmc,15.34,True,37_205,0,test,test
c012_018,2021-22,4018.867064806576,337.2358689013823,3309.275863607528,2858.663179997824,645.5298440918415,2353.9233597928537,0.0010679935670956,0.0008403770131171,6.468280595030721e-05,0.04102692461094066,0.00022385306308226252,4.068468418654701,1787.3566027998709,0.5433087027914614,302.09484481811523,2881544.9375,19.793870040623275,0.3663469081897201,0.0391945632643864,1.7852711011391025,0.2706523779834737,2.636751065129137,4.692674544251714,0.1144383922036825,0.9410034930587133,-0.3383968469878229,8,374500.0,2058500.0,18.61369,73.81039,C1_shivajinagar_kasarwadi,15.0,True,37_205,0,test,gap
c012_019,2021-22,3937.09153243524,331.39068378871343,3241.9390268457614,2624.8597655174594,617.123807873307,2161.401441577543,0.0010462621335573,0.000771644531273,6.341163908598358e-05,0.04093239983800485,0.0002262994882118875,4.068468418654701,1787.3566027998709,0.5433087027914614,302.09484481811523,2881544.9375,23.680423333439776,0.3645964267003145,-0.0187725569778474,6.724110912587691,0.910633740053173,3.995140792695722,11.629885445336589,0.0,0.9410034930587133,-0.3383968469878229,8,375500.0,2058500.0,18.61375,73.81986,C1_shivajinagar_kasarwadi,14.72,True,37_205,0,test,gap
c012_020,2021-22,3841.7489848573514,323.88216186194325,3163.430634707753,2541.7618593345064,590.4198322560379,2092.9757159157757,0.001020925334444,0.0007472157805608,6.206249729884222e-05,0.0409093441122803,0.000226518764554375,4.068468418654701,1787.3566027998709,0.5433087027914614,302.09484481811523,2881544.9375,15.16524362922102,0.3609625604844035,0.033538409036079,1.149278030072078,0.0,0.0,1.149278030072078,0.0,0.9410034930587133,-0.3383968469878229,8,376500.0,2058500.0,18.61381,73.82934,C1_shivajinagar_kasarwadi,14.51,True,37_205,0,test,gap
c012_021,2021-22,3686.4455235836617,311.0553426111536,3035.548326674143,2599.1429717033056,601.4334938548809,2140.225333065816,0.0009796542262154,0.0007640844232743,6.058485697649064e-05,0.04086580937118167,0.000224106082003175,4.068468418654701,1787.3566027998709,0.5433087027914614,302.09484481811523,2881544.9375,15.439399958964193,0.3454355775200328,0.0552276317339852,2.009548984942492,0.0,0.3665033568827851,2.376052341825277,0.0815531943333467,0.9410034930587133,-0.3383968469878229,8,377500.0,2058500.0,18.61387,73.83882,C1_shivajinagar_kasarwadi,14.36,True,37_205,0,test,gap
c012_022,2021-22,3475.480929182416,294.84007171062603,2861.8326926235814,2599.9603755948783,639.5546949407668,2140.8984120519035,0.0009235914537793,0.0007643247200136,5.863768257375446e-05,0.04089998477482345,0.00022435207717515,4.068468418654701,1787.3566027998709,0.5433087027914614,302.09484481811523,2881544.9375,20.530146246611057,0.3169887633739803,0.043122959297695,2.8721040877328807,0.0,6.246774716400197,9.11887880413308,0.0108288409425104,0.9410034930587133,-0.3383968469878229,8,378500.0,2058500.0,18.61393,73.8483,C1_shivajinagar_kasarwadi,14.28,True,37_205,0,test,gap
c013_014,2021-22,4120.560475565204,350.13572989903804,3393.0137788668994,3079.3795053802733,698.4013951211493,2535.6689105946043,0.0010950180759323,0.0009052622110547,6.544926543949963e-05,0.04054952568585864,0.0002379556121414,4.068468418654701,1787.3566027998709,0.5433087027914614,302.0618476867676,2885348.828125,26.241924344624174,0.2821792213787712,0.0036993030363708,2.745716317047032,0.0,10.537840091225434,13.283556408272466,0.1185744910281187,0.9410034930587133,-0.3383968469878229,8,370500.0,2059500.0,18.62248,73.77241,C2_pcmc,17.53,True,37_205,0,test,test
c013_015,2021-22,4170.857216955233,351.6608124936779,3434.4298768905705,3286.4534886401734,711.2262224084005,2706.180879199875,0.001108384180206,0.0009661368942856,6.538716087270803e-05,0.04057109225653316,0.0002311377201742,4.068468418654701,1787.3566027998709,0.5433087027914614,302.0619703526834,2885334.6872676583,29.65119139383907,0.2857048823600634,-0.0055307298345836,0.0,1.1868349529233129,13.984696190344076,15.171531143267387,0.0,0.9410034930587133,-0.3383968469878229,8,371500.0,2059500.0,18.62255,73.78189,C2_pcmc,17.07,True,37_205,0,test,test
c013_016,2021-22,4194.312606815423,351.1030443834511,3453.743866202524,3180.9154466336527,703.2083642487698,2619.2771599494886,0.0011146173312609,0.0009351112928323,6.537110633306245e-05,0.040814728297766334,0.0002253642130429125,4.068468418654701,1787.3566027998709,0.5433087027914614,302.0602095313106,2885537.673758865,33.18855979898909,0.210740310969579,0.0244870145915717,2.598805734504241,1.8941543114035373,15.997402570094629,20.490362616002407,0.0,0.9410034930587133,-0.3383968469878229,8,372500.0,2059500.0,18.62261,73.79137,C2_pcmc,16.64,True,37_205,0,test,test
c013_017,2021-22,4158.118038482139,347.2600175502596,3423.939991267736,2949.3202320832484,683.5841159283412,2428.573550877625,0.0011049988080501,0.000867027967725,6.522154419529921e-05,0.04100980564838131,0.000224665193197125,4.068468418654701,1787.3566027998709,0.5433087027914614,302.0556680119922,2886061.2175353356,38.066752243390624,0.2253103753872545,0.0393094089959725,0.4844394344087733,6.134290136205792,13.830887646551725,20.44961721716629,0.0988821116838035,0.9410034930587133,-0.3383968469878229,8,373500.0,2059500.0,18.62267,73.80085,C2_pcmc,16.27,True,37_205,0,test,test
c013_018,2021-22,4088.970046462001,341.97949861403777,3367.001113390176,2681.067522818558,665.6871738205324,2207.6848770792813,0.0010866230794022,0.0007881682363129,6.4391843624982e-05,0.040979213327159314,0.00022671795716193752,4.068468418654701,1787.3566027998709,0.5433087027914614,302.0535675077403,2886303.3624765924,30.009896429521703,0.3697818991317506,0.0063729220502853,5.166802717255594,0.6763312018383931,3.785652453122579,9.628786372216569,0.2734059033815109,0.9410034930587133,-0.3383968469878229,8,374500.0,2059500.0,18.62273,73.81032,C2_pcmc,15.95,True,37_205,0,test,test
c013_019,2021-22,4021.6634635376927,337.69418491616904,3311.578516239894,2445.795564736461,630.4327760682997,2013.953708640587,0.0010687366958948,0.0007190040385904,6.307661919468953e-05,0.04089295448947468,0.0002268183943499125,4.068468418654701,1787.3566027998709,0.5433087027914614,302.0534752803062,2886313.994402985,31.479937015319038,0.2782735254450427,0.0225147746323233,0.0,3.35083595716236,13.765615247144249,17.116451204306607,0.006038506730527,0.9410034930587133,-0.3383968469878229,8,375500.0,2059500.0,18.62279,73.8198,C1_shivajinagar_kasarwadi,15.69,True,37_205,0,test,gap
c013_020,2021-22,3924.822205329224,330.58069952945584,3231.836033290637,2381.2459425108727,598.0726768924093,1960.8012894658548,0.0010430016220224,0.0007000280294182,6.17105023904426e-05,0.040860676615240864,0.000221641825925025,4.068468418654701,1787.3566027998709,0.5433087027914614,302.0536290704096,2886296.2655669143,27.853299586223326,0.2937377744046968,0.0207549998000145,1.5093573729989629,5.325702399322407,0.9127978143034612,7.747857586624831,0.7954279463758422,0.9410034930587133,-0.3383968469878229,8,376500.0,2059500.0,18.62285,73.82928,C1_shivajinagar_kasarwadi,15.49,True,37_205,0,test,gap
c013_021,2021-22,3755.9818806148382,317.05004457874145,3092.806997900568,2467.876825306935,600.0860365880434,2032.1361917796287,0.000998133160898,0.00072549538879,6.007419855399384e-05,0.0408413730065113,0.0002172038993827625,4.068468418654701,1787.3566027998709,0.5433087027914614,302.0534752803062,2886313.9944029856,32.07769164868765,0.2558415741719189,0.0382064046800266,2.6737610455888703,5.43822056525049,2.751187799542654,10.863169410382016,0.7877637662354847,0.9410034930587133,-0.3383968469878229,8,377500.0,2059500.0,18.6229,73.83876,C1_shivajinagar_kasarwadi,15.36,True,37_205,0,test,gap
c013_022,2021-22,3524.0247430872714,299.1840921527965,2901.8053687764127,2529.3838011206944,630.6781109915387,2082.7831893592224,0.0009364917264523,0.0007435769343816,5.802626329153208e-05,0.04091829197300208,0.0002178524041572625,4.068468418654701,1787.3566027998709,0.5433087027914614,302.05356750774024,2886303.3624765915,38.162353378244156,0.1846753929138545,0.05407491025843,4.372134797934362,1.067618870618812,19.164677085550267,24.60443075410344,0.0001850658758723,0.9410034930587133,-0.3383968469878229,8,378500.0,2059500.0,18.62296,73.84824,C1_shivajinagar_kasarwadi,15.28,True,37_205,0,test,gap
c014_013,2021-22,3895.476426662688,332.8582027986648,3207.671691580914,2678.029648739225,675.3989624172652,2205.183385189825,0.0010352031299768,0.0007872751756813,6.443163047482624e-05,0.040596601616365746,0.00023031169932155,4.068468418654701,1787.3566027998709,0.5433087027914614,302.0288505554199,2889152.71875,19.268954192411876,0.3019266359625626,0.0051403559279884,2.007547051337049,0.3465531056987966,7.942936558563762,10.297036715599608,0.0,0.9410034930587133,-0.3383968469878229,8,369500.0,2060500.0,18.63146,73.76287,C2_pcmc,18.9,True,36_206,1,test,test
c014_014,2021-22,4029.9170345823054,342.665998699335,3318.374795640547,3116.285211581393,697.9070668894101,2566.058361350581,0.0010709300405959,0.000916111585462,6.478960880277578e-05,0.0405304784294345,0.0002314431159777625,4.068468418654701,1787.3566027998709,0.5433087027914614,302.0288505554199,2889152.71875,24.961235807469873,0.2855916636684432,0.006941369403906,3.633180152421532,1.5767793320969394,13.801918661116163,19.01187814563464,0.0,0.9410034930587133,-0.3383968469878229,8,370500.0,2060500.0,18.63152,73.77235,C2_pcmc,18.41,True,37_206,3,test,test
c014_015,2021-22,4121.022266630927,347.9093438602699,3393.394033800239,3314.8629369585915,717.6457727208552,2729.574213714928,0.0010951407945691,0.0009744885768095,6.500428419572024e-05,0.0405216843579798,0.00022342974479033748,4.068468418654701,1787.3566027998709,0.5433087027914614,302.0288505554199,2889152.71875,31.04259650989786,0.2757732221606589,0.0022218840333919,1.859313674093916,6.338343631745435,10.882033748253493,19.079691054092844,0.1189183262442569,0.9410034930587133,-0.3383968469878229,8,371500.0,2060500.0,18.63158,73.78183,C2_pcmc,17.97,True,37_206,3,test,test
c014_016,2021-22,4179.656759676618,350.0758838399581,3441.675728487323,3125.8494087790195,712.0641951379479,2573.9338562177923,0.0011107226141149,0.0009189232253677,6.526109698210367e-05,0.04075750329904165,0.0002202276978798,4.068468418654701,1787.3566027998709,0.5433087027914614,302.0288505554199,2889152.71875,32.28565966521764,0.2620714404361635,-0.0054718038127267,2.242453347602172,2.6836631620764533,15.176474900732051,20.10259141041068,0.0433201683997592,0.9410034930587133,-0.3383968469878229,8,372500.0,2060500.0,18.63164,73.7913,C2_pcmc,17.57,True,37_206,3,test,test
c014_017,2021-22,4171.726025833965,347.81614783868287,3435.145284543054,2814.228422373036,693.8841796588501,2317.3342244614914,0.0011086150617651,0.0008273142818542,6.503842223180087e-05,0.04091790662770516,0.0002223754410494625,4.068468418654701,1787.3566027998709,0.5433087027914614,302.0288505554199,2889152.71875,38.84389221038788,0.2433426283221964,0.023211616946459,9.617137023671276,1.953724674257086,8.359217844576195,19.93007954250456,0.0,0.9410034930587133,-0.3383968469878229,8,373500.0,2060500.0,18.6317,73.80078,C2_pcmc,17.21,True,37_206,3,test,test
c014_018,2021-22,4126.199036048864,343.8570753353757,3397.656767005887,2500.542172587987,674.7119956323107,2059.033982522739,0.0010965164948218,0.0007350982014517,6.396895143778283e-05,0.0409591470755396,0.000223596470156675,4.068468418654701,1787.3566027998709,0.5433087027914614,302.0288505554199,2889152.71875,30.69120440184828,0.269704484406855,0.0114021847353694,0.0,2.41067263282865,11.195040444128962,13.605713076957612,0.0,0.9410034930587133,-0.3383968469878229,8,374500.0,2060500.0,18.63176,73.81026,C2_pcmc,16.91,True,37_206,3,test,test
c014_019,2021-22,4070.922898745861,340.5383050223893,3352.1404600316764,2237.87984827562,644.4969944571442,1842.7486274439927,0.0010818271413046,0.0006578819063987,6.259564196014308e-05,0.040950714704061565,0.0002201855767216375,4.068468418654701,1787.3566027998709,0.5433087027914614,302.0288505554199,2889152.71875,32.73379574306043,0.2431302766685631,0.0346027402566619,0.0,4.57846537794025,12.864605176553903,17.443070554494152,0.0,0.9410034930587133,-0.3383968469878229,8,375500.0,2060500.0,18.63182,73.81974,C2_pcmc,16.67,True,37_206,3,test,test
c014_020,2021-22,3973.984097788769,333.8289004384119,3272.3176569677,2153.561044100459,618.2016820113201,1773.317571625146,0.0010560661459408,0.0006330942415566,6.125361572711596e-05,0.040875560070224165,0.00021340100343222502,4.068468418654701,1787.3566027998709,0.5433087027914614,302.0288505554199,2889152.71875,36.383110209967846,0.2275907650844938,0.041915704174651,2.3879043129099475,4.693528355007726,1.4193630034020812,8.500795671319755,0.8508148183786616,0.9410034930587133,-0.3383968469878229,8,376500.0,2060500.0,18.63188,73.82922,C1_shivajinagar_kasarwadi,16.48,True,37_206,3,test,gap
c014_021,2021-22,3799.942991836354,320.299491201929,3129.006116198533,2239.5178657689503,615.7500482749908,1844.0974284039232,0.0010098156035441,0.0006583634434535,5.9576895022508656e-05,0.04079510767272045,0.0002106060959125,4.068468418654701,1787.3566027998709,0.5433087027914614,302.0288505554199,2889152.71875,30.24434830824291,0.2250157491968695,0.0414025940869625,0.2458646165264027,4.067240797570554,5.291928026707221,9.605033440804178,0.6734289459256445,0.9410034930587133,-0.3383968469878229,8,377500.0,2060500.0,18.63194,73.8387,C1_shivajinagar_kasarwadi,16.35,True,37_206,3,test,gap
c015_011,2021-22,3225.476697670404,280.4651043152768,2655.970454385485,2009.5797176264573,689.0000267726615,1654.7583058352632,0.0008571540955149,0.0005907672553157,6.10864525002418e-05,0.04065484583661533,0.000221961067998375,4.068468418654701,1787.3566027998709,0.5433087027914614,302.0288505554199,2889152.71875,20.945145091702862,0.3195785521188021,-0.0250866072305733,2.429579728943611,1.814283181223379,6.245262545321817,10.489125455488807,0.0151459628009796,0.9410034930587133,-0.3383968469878229,8,367500.0,2061500.0,18.64037,73.74385,C2_pcmc,20.81,True,36_206,1,test,test
c015_012,2021-22,3502.263643153909,302.5206778936472,2883.8865171165376,2208.08616026196,683.8804960408767,1818.2154614941,0.000930708824364,0.0006491232912817,6.202455325431672e-05,0.040652246018282275,0.0002223914214512125,4.068468418654701,1787.3566027998709,0.5433087027914614,302.0288505554199,2889152.71875,21.679019000644512,0.3214769955453491,-0.0242719017410124,5.947358537994128,0.5510744996930054,4.712936656651893,11.211369694339028,0.0,0.9410034930587133,-0.3383968469878229,8,368500.0,2061500.0,18.64043,73.75332,C2_pcmc,20.27,True,36_206,1,test,test
c015_013,2021-22,3717.113789687455,318.900777462606,3060.8016508471987,2535.977771065523,684.2949268226174,2088.2128951026307,0.0009878041625992,0.0007455154001672,6.304748423655841e-05,0.04058721992948457,0.0002255408943212,4.068468418654701,1787.3566027998709,0.5433087027914614,302.0288505554199,2889152.71875,28.4671641623045,0.1930739779402324,0.0372356244032675,0.6738920806048014,1.5890409627955842,22.301565242594883,24.56449828599527,0.0,0.9410034930587133,-0.3383968469878229,8,369500.0,2061500.0,18.64049,73.7628,C2_pcmc,19.77,True,36_206,1,test,test
c015_014,2021-22,3880.039360323437,331.2031618307216,3194.960270621324,3008.728522807277,707.3639133138272,2477.492417667928,0.0010311008077852,0.0008844925512627,6.355339647334728e-05,0.0405677746412343,0.00022967314615571251,4.068468418654701,1787.3566027998709,0.5433087027914614,302.0288505554199,2889152.71875,29.982351805503342,0.2343445684232519,0.0288807038308987,2.114382442808268,7.380284257334946,15.823605544042564,25.318272244185778,0.0004527010539015,0.9410034930587133,-0.3383968469878229,8,370500.0,2061500.0,18.64056,73.77228,C2_pcmc,19.3,True,37_206,3,test,test
c015_015,2021-22,4006.118680008112,339.67972601068175,3298.77839717402,3205.703651190647,712.6711082677614,2639.688635551898,0.0010646057484054,0.0009423984183153,6.404417771980724e-05,0.04057683341528021,0.00022139904764785,4.068468418654701,1787.3566027998709,0.5433087027914614,302.0288505554199,2889152.71875,28.153650667684815,0.3080424655465377,0.0190375863422216,0.0594879969212925,3.012339234324453,7.259728654040607,10.331555885286352,0.3163057308763825,0.9410034930587133,-0.3383968469878229,8,371500.0,2061500.0,18.64062,73.78176,C2_pcmc,18.88,True,37_206,3,test,test
c015_016,2021-22,4092.87454550592,344.0282785608359,3370.216214620737,2980.1616860713425,694.7785615185518,2453.969484018866,0.001087660680247,0.0008760946003959,6.446404849711707e-05,0.040762408755385865,0.000217769645138075,4.068468418654701,1787.3566027998709,0.5433087027914614,302.0288505554199,2889152.71875,34.92860076601267,0.2971949911294875,-0.0031927933280333,5.917139024170323,1.381318605662635,7.656842043088255,14.955299672921214,0.154326366553012,0.9410034930587133,-0.3383968469878229,8,372500.0,2061500.0,18.64068,73.79124,C2_pcmc,18.5,True,37_206,3,test,test
c015_017,2021-22,4111.5782320009685,343.3200973837705,3385.617484998792,2638.3677825569066,675.9000883398032,2172.524415797143,0.0010926310901998,0.0007756155576926,6.427160582114478e-05,0.04082185815260776,0.0002186900138907,4.068468418654701,1787.3566027998709,0.5433087027914614,302.0288505554199,2889152.71875,34.54524750870429,0.3060955029594001,-0.007689436866815,5.207133344666272,2.3334090995952512,3.83524986214968,11.375792306411205,0.0,0.9410034930587133,-0.3383968469878229,8,373500.0,2061500.0,18.64074,73.80072,C2_pcmc,18.16,True,37_206,3,test,test
c015_018,2021-22,4091.7089016782666,340.96332002020813,3369.2563826775017,2311.2833612046848,665.0389647118064,1903.1916502469496,0.0010873509163037,0.000679460742751,6.326465973397841e-05,0.04083276070326239,0.0002178204834567375,4.068468418654701,1787.3566027998709,0.5433087027914614,302.0288505554199,2889152.71875,21.835064399077595,0.3908929990171416,0.0126398244510735,0.5331982729399187,2.171757092833408,2.51547004882195,5.220425414595276,0.0,0.9410034930587133,-0.3383968469878229,8,374500.0,2061500.0,18.6408,73.8102,C2_pcmc,17.88,True,37_206,3,test,test
c015_019,2021-22,4053.2161212696974,338.68487849901845,3337.560079446991,2044.097913528998,649.6279415133627,1683.1817970116383,0.0010771216548743,0.0006009147601263,6.203479126244146e-05,0.04085342215763281,0.0002131911143784,4.068468418654701,1787.3566027998709,0.5433087027914614,302.0288505554199,2889152.71875,25.043917818979683,0.3819053816747672,0.0052712044990535,2.123761970607495,2.103984918935894,2.9460367833194905,7.173783672862879,0.2202286640176645,0.9410034930587133,-0.3383968469878229,8,375500.0,2061500.0,18.64086,73.81968,C2_pcmc,17.65,True,37_206,3,test,test
c015_020,2021-22,3966.936556182483,332.73030199320044,3266.5144644362304,1958.4890487111863,636.4667394315902,1612.688460087577,0.0010541932974544,0.0005757478490277,6.0711180876561635e-05,0.04079601424231816,0.000206627699511325,4.068468418654701,1787.3566027998709,0.5433087027914614,302.0288505554199,2889152.71875,31.533459599283443,0.2342362288599039,0.0396457638151993,0.6850849033952475,5.824278552799087,1.7888313737196042,8.298194829913939,0.8531956741188417,0.9410034930587133,-0.3383968469878229,8,376500.0,2061500.0,18.64092,73.82916,C2_pcmc,17.47,True,37_206,3,test,test
c016_009,2021-22,2539.156723444968,226.90696475267464,2090.8305558043194,1801.342725106795,629.1346223158557,1483.2886746822091,0.0006747680385435,0.0005295506758255,5.851204266723995e-05,0.04059262066960233,0.0002154727811446625,4.068468418654701,1787.3566027998709,0.5433087027914614,302.0288505554199,2889152.71875,13.489000003415395,0.3798139836251962,-0.0343844154155654,0.0,0.6257441177616992,2.77979993229692,3.4055440500586185,0.0,0.9410034930587133,-0.3383968469878229,8,365500.0,2062500.0,18.64928,73.72482,C3_dehu_talegaon,22.79,True,36_206,1,test,gap
c016_010,2021-22,2761.8173170707923,243.5050781733489,2274.1770851570955,1803.908821439647,676.2114480606131,1485.401688255702,0.000733938963534,0.0005303050453457,5.957248614587205e-05,0.04065744186310138,0.000216343698685825,4.068468418654701,1787.3566027998709,0.5433087027914614,302.0288505554199,2889152.71875,21.685687965978452,0.2790599684372356,0.0104246010882022,5.020592315633383,1.1506922221930225,4.602170078814446,10.773454616640851,0.0,0.9410034930587133,-0.3383968469878229,8,366500.0,2062500.0,18.64934,73.7343,C2_pcmc,22.2,True,36_206,1,test,test
c016_011,2021-22,3004.9688129050737,263.4991020602069,2474.396540886513,1873.475290264313,711.8866799674743,1542.6851545872644,0.0007985552420008,0.0005507558846377,5.97780847426111e-05,0.040639933853262575,0.00021891664313859998,4.068468418654701,1787.3566027998709,0.5433087027914614,302.0288505554199,2889152.71875,22.95323511355297,0.2836877948586794,0.0080153164952036,1.7799170957841843,2.288770694197769,6.982118517460185,11.050806307442135,0.0,0.9410034930587133,-0.3383968469878229,8,367500.0,2062500.0,18.6494,73.74378,C2_pcmc,21.65,True,36_206,1,test,test
c016_012,2021-22,3270.091061863764,284.51725355000275,2692.707484054414,2073.752509945542,715.4316379030831,1707.6004300701104,0.0008690101368296,0.0006096324857178,6.072320956021664e-05,0.04064305445527986,0.0002184811094954375,4.068468418654701,1787.3566027998709,0.5433087027914614,302.0288505554199,2889152.71875,22.869891369275017,0.2544126265161207,0.0222485445734421,0.2022644678591901,1.1423466460679204,9.79812806860624,11.14273918253335,0.0,0.9410034930587133,-0.3383968469878229,8,368500.0,2062500.0,18.64947,73.75326,C2_pcmc,21.13,True,36_206,1,test,test
c016_013,2021-22,3484.968915535927,300.58597856777675,2869.645432813191,2446.8182085927583,719.964563965116,2014.7957894001984,0.0009261128380965,0.0007193046708564,6.167071140027256e-05,0.04059084459209024,0.000221230105495675,4.068468418654701,1787.3566027998709,0.5433087027914614,302.0288505554199,2889152.71875,29.05266789825688,0.2916780897445363,-0.0044656492780491,2.541866187224005,4.589944157410735,10.49513851849587,17.626948863130607,0.0,0.9410034930587133,-0.3383968469878229,8,369500.0,2062500.0,18.64953,73.76274,C2_pcmc,20.65,True,36_206,1,test,test
c016_014,2021-22,3663.781455877524,313.9675496194348,3016.8859397323395,2904.9201413046108,723.8325969855646,2392.0129614412585,0.000973631365015,0.0008539754276665,6.234906560605855e-05,0.04056997148198916,0.000223666254994,4.068468418654701,1787.3566027998709,0.5433087027914614,302.0288505554199,2889152.71875,31.608722192168052,0.2992243234128326,-0.0192816888010153,4.123895952279279,3.288951748008342,16.553843920760944,23.966691621048565,0.0,0.9410034930587133,-0.3383968469878229,8,370500.0,2062500.0,18.64959,73.77222,C2_pcmc,20.2,True,37_206,3,test,test
c016_015,2021-22,3812.505944326618,324.3861658694324,3139.350891176474,3067.0048147054,696.1943696042597,2525.479156987529,0.0010131541445377,0.0009016243548496,6.298267168176608e-05,0.04065142724328074,0.00021717252227735002,4.068468418654701,1787.3566027998709,0.5433087027914614,302.0288505554199,2889152.71875,36.33125776399864,0.2346447692118482,0.0225535978715077,3.2013494695320666,5.512291909468436,11.088577970172148,19.802219349172653,0.1499347547057143,0.9410034930587133,-0.3383968469878229,8,371500.0,2062500.0,18.64965,73.7817,C2_pcmc,19.8,True,37_206,3,test,test
c016_016,2021-22,3916.916974145247,330.5891135048132,3225.326589128509,2816.0202393285026,651.6629756751349,2318.809669283903,0.0010409008468749,0.0008278410321869,6.342537091579566e-05,0.04077563684679402,0.0002169201966744125,4.068468418654701,1787.3566027998709,0.5433087027914614,302.0288505554199,2889152.71875,35.48044308345272,0.2740626309959215,0.0217958095942374,2.179441094622565,4.92976071168145,4.267305630625426,11.37650743692944,0.2570944470915086,0.9410034930587133,-0.3383968469878229,8,372500.0,2062500.0,18.64971,73.79118,C2_pcmc,19.43,True,37_206,3,test,test
c016_017,2021-22,3956.2413203906353,331.6075381323454,3257.7076327867103,2471.758692563756,631.3797691379253,2035.332657204231,0.0010513510927136,0.0007266365627602,6.312867754009221e-05,0.0407710022616058,0.00021690130551143752,4.068468418654701,1787.3566027998709,0.5433087027914614,302.0288505554199,2889152.71875,31.943748081340523,0.2718300735211314,0.0170742143536687,0.411630548312389,3.7209903012735976,6.989134157855017,11.121755007441005,0.0365984118868697,0.9410034930587133,-0.3383968469878229,8,373500.0,2062500.0,18.64978,73.80066,C2_pcmc,19.12,True,37_206,3,test,test
c016_018,2021-22,3956.7993674826553,330.81855379884604,3258.1671483025507,2163.363843795753,634.2940709361152,1781.3895401437107,0.0010514993909018,0.0006359760247571,6.210998965206054e-05,0.04074969752116048,0.000212294062760975,4.068468418654701,1787.3566027998709,0.5433087027914614,302.0288505554199,2889152.71875,30.341215478092533,0.3009861922842808,-0.0037674509366475,4.186688184985418,5.742669715238662,1.1052526812066232,11.034610581430703,0.2978813716893335,0.9410034930587133,-0.3383968469878229,8,374500.0,2062500.0,18.64984,73.81014,C2_pcmc,18.85,True,37_206,3,test,test
c016_019,2021-22,3932.954741401557,329.2309997172071,3238.5326482570204,1929.628071296901,635.7754028294966,1588.9233207044922,0.0010451628022927,0.0005672634280001,6.104416131941481e-05,0.04075676864752075,0.00020668667243687501,4.068468418654701,1787.3566027998709,0.5433087027914614,302.0288505554199,2889152.71875,24.22398986583803,0.1971888103976103,0.0476089369578015,0.6110419777073901,1.7206334365502076,0.0,2.3316754142575977,0.9710694378279046,0.9410034930587133,-0.3383968469878229,8,375500.0,2062500.0,18.6499,73.81961,C2_pcmc,18.63,True,37_206,3,test,test
c017_008,2021-22,2109.774869727608,192.77931598303303,1737.2625024538645,1585.189095302465,595.562445529084,1305.300207184329,0.0005606619857175,0.0004660067987223,5.515138126278357e-05,0.04058060052677764,0.000217462459705825,4.068468418654701,1787.3566027998709,0.5433087027914614,302.0288505554199,2889152.71875,12.234921768622671,0.3881395234960185,-0.0165741766025897,0.0,1.7557717361268843,0.9320146231009802,2.687786359227865,0.0,0.9410034930587133,-0.3383968469878229,8,364500.0,2063500.0,18.65825,73.71527,C3_dehu_talegaon,24.19,True,36_206,1,test,gap
c017_009,2021-22,2358.499595813849,213.15931195352144,1942.07115112192,1688.582242700775,640.2296750601273,1390.4377451098617,0.0006267593218956,0.000496401853654,5.691159157269225e-05,0.040644640975546466,0.0002189509887946125,4.068468418654701,1787.3566027998709,0.5433087027914614,302.0288505554199,2889152.71875,23.304740143054676,0.243180453729083,0.0250795907164532,1.0167152498286194,2.8783736718209414,6.019636109614713,9.914725031264274,0.0,0.9410034930587133,-0.3383968469878229,8,365500.0,2063500.0,18.65831,73.72475,C3_dehu_talegaon,23.6,True,36_206,1,test,gap
c017_010,2021-22,2553.902950231469,227.80543113627076,2102.973115286117,1724.0775896631956,697.8752196399665,1419.6658566843275,0.0006786867736231,0.0005068366169617,5.773766201734143e-05,0.04070740848785981,0.0002175347038421625,4.068468418654701,1787.3566027998709,0.5433087027914614,302.0288505554199,2889152.71875,28.406600545255014,0.1744368252426198,0.0848337191965389,8.381883278600972,0.1823761025583209,5.331905816582167,13.89616519774146,0.0,0.9410034930587133,-0.3383968469878229,8,366500.0,2063500.0,18.65838,73.73423,C3_dehu_talegaon,23.03,True,36_206,1,test,gap
c017_011,2021-22,2783.3176029422425,246.85417028883327,2291.88117338587,1850.395805798948,744.1803643431124,1523.6806989399083,0.0007396525556063,0.0005439710810431,5.824594102795867e-05,0.04069665365034074,0.0002184692344467625,4.068468418654701,1787.3566027998709,0.5433087027914614,302.0288505554199,2889152.71875,22.56541053103376,0.1774643615529203,0.0546857394774233,0.0247590075680918,2.0109002326562377,13.98636048211748,16.02201972234181,0.0,0.9410034930587133,-0.3383968469878229,8,367500.0,2063500.0,18.65844,73.74371,C2_pcmc,22.5,True,36_206,1,test,test
c017_012,2021-22,3023.004003988128,265.3812900391871,2489.2473487346624,2092.444906105721,755.9667387281942,1722.992403591098,0.0008033480026837,0.0006151275927185,5.934590592737639e-05,0.04068961599004454,0.0002166585493318625,4.068468418654701,1787.3566027998709,0.5433087027914614,302.0288505554199,2889152.71875,17.971035148213666,0.308050357955729,0.0144374566851717,2.5912088900977057,2.484333759594123,6.105732782087075,11.181275431778904,0.0,0.9410034930587133,-0.3383968469878229,8,368500.0,2063500.0,18.6585,73.75319,C2_pcmc,22.0,True,36_206,1,test,test
c017_013,2021-22,3229.412318701188,280.1615146689461,2659.2111825497805,2502.1148732882007,759.3941644791481,2060.3289993481203,0.0008581999668701,0.0007355605369679,6.0401466636405494e-05,0.040612234808739114,0.0002156066182230375,4.068468418654701,1787.3566027998709,0.5433087027914614,302.0288505554199,2889152.71875,26.625104886209197,0.3073451163910702,0.0062472810062193,4.603249148801817,0.8273324526246006,9.598681859784431,15.02926346121085,0.0,0.9410034930587133,-0.3383968469878229,8,369500.0,2063500.0,18.65857,73.76267,C2_pcmc,21.54,True,36_206,1,test,test
c017_014,2021-22,3410.88757851305,293.54531808875265,2808.644265917072,2906.446849182574,737.5164615411416,2393.27010616634,0.0009064260980012,0.0008544242424186,6.12162649851981e-05,0.040568239686609484,0.0002135023579613875,4.068468418654701,1787.3566027998709,0.5433087027914614,302.0288505554199,2889152.71875,37.00914604314943,0.295252947948287,-0.0220669868413088,7.472267100631443,1.1130701800403422,18.43354015412131,27.018877434793097,0.0,0.9410034930587133,-0.3383968469878229,8,370500.0,2063500.0,18.65863,73.77215,C2_pcmc,21.11,True,37_206,3,test,test
c017_015,2021-22,3571.1869382315363,305.0703557093127,2940.6403716637687,2991.5161613086384,674.3915428838892,2463.319156511335,0.0009490248409375,0.0008794325382306,6.192565945251423e-05,0.04069061884682524,0.0002091574839211875,4.068468418654701,1787.3566027998709,0.5433087027914614,302.0288505554199,2889152.71875,31.96585483264381,0.3109346938910391,0.0002239997938946,5.460412641969557,0.4542915629541942,4.700578857486416,10.615283062410168,0.6236493663835405,0.9410034930587133,-0.3383968469878229,8,371500.0,2063500.0,18.65869,73.78163,C2_pcmc,20.72,True,37_206,3,test,test
c017_016,2021-22,3685.133263959594,312.84115528002184,3034.467766150322,2700.439178391669,605.6784184152879,2223.636176585452,0.0009793054998669,0.0007938630289571,6.24324526129954e-05,0.04075242043787172,0.0002132128768411,4.068468418654701,1787.3566027998709,0.5433087027914614,302.0288505554199,2889152.71875,30.52920898453769,0.2482020277462694,0.057232167506915,1.781774639063465,2.86388739429608,3.2830548503835275,7.928716883743073,0.7782451528740271,0.9410034930587133,-0.3383968469878229,8,372500.0,2063500.0,18.65875,73.79111,C2_pcmc,20.38,True,37_206,3,test,test
c017_017,2021-22,3735.993048423552,315.4193609530941,3076.3474935562745,2345.746165392243,590.1192623979513,1931.5695299456424,0.0009928212299857,0.000689591963753,6.201966339132716e-05,0.04076208034754749,0.00021288611264113751,4.068468418654701,1787.3566027998709,0.5433087027914614,302.0288505554199,2889152.71875,29.03584152721777,0.2708904677732687,-0.0168527892778339,2.057826306867784,0.72422547449273,8.547986537837103,11.330038319197616,0.1566059440563484,0.9410034930587133,-0.3383968469878229,8,373500.0,2063500.0,18.65881,73.80059,C2_pcmc,20.07,True,37_206,3,test,test
c017_018,2021-22,3745.108016087383,315.50578091203954,3083.853077095383,2066.2262039905954,607.7996109692998,1701.4030062098043,0.0009952434864755,0.0006074199359629,6.088832267824036e-05,0.0407780406087742,0.0002061023295552125,4.068468418654701,1787.3566027998709,0.5433087027914614,302.0288505554199,2889152.71875,32.063129938133365,0.2288640557526873,0.0181283062281594,1.0539031959255036,5.995083046377258,6.444895784241697,13.493882026544458,0.234788787074907,0.9410034930587133,-0.3383968469878229,8,374500.0,2063500.0,18.65887,73.81007,C2_pcmc,19.82,True,37_206,3,test,test
c017_019,2021-22,3728.3736733146834,314.1021605607723,3070.07343329577,1890.2583223676236,620.0344238430984,1556.5048908865808,0.0009907964196423,0.0005556896853347,5.980154876719248e-05,0.040768353719557976,0.0002019344117295125,4.068468418654701,1787.3566027998709,0.5433087027914614,302.0288505554199,2889152.71875,34.04882260609929,0.1475766513754987,0.1074216023344246,2.209674292654423,2.492224100136109,0.9971862657573816,5.699084658547914,0.8375306190411733,0.9410034930587133,-0.3383968469878229,8,375500.0,2063500.0,18.65893,73.81955,C2_pcmc,19.61,True,37_206,3,test,test
c018_007,2021-22,1782.3219545300435,166.3793481673651,1467.6263061684376,1364.4988442105948,580.0043446334863,1123.5761268664446,0.0004736430320377,0.000401129265988,5.188489980281581e-05,0.040491590490673815,0.0002195714064336375,4.068468418654701,1787.3566027998709,0.5433087027914614,302.0288505554199,2889152.71875,16.54135122388891,0.2654814827257066,0.0250471072770858,2.290355011343144,3.3741087516384853,7.08203270369183,12.74649646667346,0.0,0.9410034930587133,-0.3383968469878229,8,363500.0,2064500.0,18.66722,73.70573,C3_dehu_talegaon,25.59,True,36_206,1,test,gap
c018_008,2021-22,1984.3803447236703,182.11369500956087,1634.0082598196825,1431.908322259025,601.5016078612467,1179.0834514648482,0.0005273390258152,0.000420946002781,5.360424180676173e-05,0.04065324066100402,0.0002154151166789375,4.068468418654701,1787.3566027998709,0.5433087027914614,302.0288505554199,2889152.71875,19.39280864440956,0.2219371262990654,0.0446016252947684,2.0391200451165674,2.3381681234840386,6.39788716599085,10.775175334591456,0.0,0.9410034930587133,-0.3383968469878229,8,364500.0,2064500.0,18.66728,73.71521,C3_dehu_talegaon,24.99,True,36_206,1,test,gap
c018_009,2021-22,2189.2977388041986,199.2012407625485,1802.744417380714,1534.6944403205257,651.7323373469509,1263.7211401790453,0.0005817947853949,0.000451162605944,5.50590785353372e-05,0.04070215078105985,0.0002201725586540375,4.068468418654701,1787.3566027998709,0.5433087027914614,302.0288505554199,2889152.71875,20.462519211363208,0.2817084827077786,0.0325814024018976,5.847881047736536,2.038494545653343,4.90412598302134,12.790501576411218,0.0,0.9410034930587133,-0.3383968469878229,8,365500.0,2064500.0,18.66735,73.72469,C3_dehu_talegaon,24.42,True,36_206,1,test,gap
c018_010,2021-22,2357.6504001053518,212.6333690280738,1941.371893640572,1612.0909440413875,719.91430013877,1327.4521314163446,0.0006265336524372,0.0004739152838662,5.5756011235591294e-05,0.040757887922721184,0.0002203214082807125,4.068468418654701,1787.3566027998709,0.5433087027914614,302.0288505554199,2889152.71875,25.76495823733706,0.2382871028436907,0.0190546268409633,1.1497514307625738,0.2803701189659532,18.77467717904777,20.2047987287763,0.0005165542645485,0.9410034930587133,-0.3383968469878229,8,366500.0,2064500.0,18.66741,73.73417,C3_dehu_talegaon,23.88,True,36_206,1,test,gap
c018_011,2021-22,2572.568574105352,231.6967204530485,2118.3430435691243,1804.6451957625077,771.8664774257475,1486.0080446576249,0.0006836470686271,0.0005305215213749,5.639039105853909e-05,0.04077231375797202,0.00022014413590985002,4.068468418654701,1787.3566027998709,0.5433087027914614,302.0288505554199,2889152.71875,17.728037070025263,0.2766034954796914,0.0480616147996145,3.07571954112361,0.1346345815447995,4.131634499239668,7.341988621908078,0.0,0.9410034930587133,-0.3383968469878229,8,367500.0,2064500.0,18.66748,73.74365,C3_dehu_talegaon,23.36,True,36_206,1,test,gap
c018_012,2021-22,2783.006052056977,247.9393278779245,2291.6246314778477,2112.720051428156,788.4527761247448,1739.6876681929637,0.0007395697625366,0.0006210879892373,5.738049163921677e-05,0.04074584453671959,0.0002161637370027125,4.068468418654701,1787.3566027998709,0.5433087027914614,302.0288505554199,2889152.71875,11.418788598863989,0.3852605510959334,0.069162578154866,0.0822321246129005,0.0,0.0,0.0822321246129005,0.0,0.9410034930587133,-0.3383968469878229,8,368500.0,2064500.0,18.66754,73.75313,C3_dehu_talegaon,22.88,True,36_206,1,test,gap
c018_013,2021-22,2972.573639418973,261.13134473286954,2447.7212207064235,2559.728809648527,786.4883262006297,2107.770331925222,0.0007899463887269,0.000752497624237,5.8404127389421106e-05,0.040683905176889086,0.0002129246061010375,4.068468418654701,1787.3566027998709,0.5433087027914614,302.0288505554199,2889152.71875,18.42784760972349,0.3787111457856854,0.0270661539627788,0.6518146833633761,0.0,6.238009111776434,6.889823795139811,0.0,0.9410034930587133,-0.3383968469878229,8,369500.0,2064500.0,18.6676,73.76261,C2_pcmc,22.44,True,36_206,1,test,test
c018_014,2021-22,3147.06765262314,273.8734057217162,2591.4057011654345,2904.8761345329026,740.4886202527796,2391.976724724517,0.0008363172889318,0.0008539624907526,5.9315415921846996e-05,0.04063421267371499,0.00020982509549895,4.068468418654701,1787.3566027998709,0.5433087027914614,302.0288505554199,2889152.71875,33.219095406590434,0.221257590999559,0.0862191097286301,8.242529217147036,0.2799781361607713,7.212813276608212,15.735320629916018,0.0,0.9410034930587133,-0.3383968469878229,8,370500.0,2064500.0,18.66766,73.77209,C2_pcmc,22.03,True,37_206,3,test,test
c018_015,2021-22,3309.454636266254,285.3552347349719,2725.120829550765,2904.612490043266,650.764055608671,2391.7596306201194,0.0008794708073523,0.000853884985725,6.0119667372803164e-05,0.04071000349993769,0.00020818412386965,4.068468418654701,1787.3566027998709,0.5433087027914614,302.0288505554199,2889152.71875,32.46202185660285,0.2271633936872772,0.0290591490699981,4.8381896663107895,2.307807667130089,22.834654360020664,29.980651693461542,0.0010083441841759,0.9410034930587133,-0.3383968469878229,8,371500.0,2064500.0,18.66773,73.78157,C2_pcmc,21.66,True,37_206,3,test,test
c018_016,2021-22,3427.708130343634,293.8411632556461,2822.494897273596,2584.741629451621,575.626221482567,2128.3667635862744,0.0009108960744549,0.0007598507811051,6.084382688216441e-05,0.04072889475427294,0.00020997485943268748,4.068468418654701,1787.3566027998709,0.5433087027914614,302.0288505554199,2889152.71875,30.53298662229219,0.1951343070261622,0.0445283403915735,3.834683118989642,2.412105558079995,20.50484658994496,26.7516352670146,0.0097571703084535,0.9410034930587133,-0.3383968469878229,8,372500.0,2064500.0,18.66779,73.79105,C2_pcmc,21.32,True,37_206,3,test,test
c018_017,2021-22,3485.166059330188,297.4337712149507,2869.807767916464,2217.8103971303844,573.9456318128659,1826.2227386301076,0.0009261652280613,0.0006519819789339,6.0598874267494024e-05,0.04076851514826795,0.000206432213922025,4.068468418654701,1787.3566027998709,0.5433087027914614,302.0288505554199,2889152.71875,27.14241563121965,0.2592261053768679,-0.0095418301317638,2.084400015729006,3.449549121695584,20.489107213801475,26.023056351226064,0.0,0.9410034930587133,-0.3383968469878229,8,373500.0,2064500.0,18.66785,73.80053,C2_pcmc,21.04,True,37_206,3,test,test
c018_018,2021-22,3497.521369296271,297.9066588493554,2879.981562769297,1959.1475767203287,602.0072959583256,1613.2307151089608,0.0009294485891057,0.0005759414401458,5.9684094536302174e-05,0.040813175553642236,0.0002012483271143125,4.068468418654701,1787.3566027998709,0.5433087027914614,302.0288505554199,2889152.71875,26.464971091137976,0.2243036341761443,0.024606763180171,1.7632813434627672,2.9082661430117778,12.649152412674136,17.320699899148682,0.0,0.9410034930587133,-0.3383968469878229,8,374500.0,2064500.0,18.66791,73.81001,C2_pcmc,20.79,True,37_206,3,test,test
c019_006,2021-22,1634.8034420844676,155.87624509450578,1346.154397593396,975.141761021078,600.4006039522528,802.965871054037,0.0004344407345297,0.0002866678125029,4.936523515948177e-05,0.040255381253932264,0.000223209806836875,4.068468418654701,1787.3566027998709,0.5433087027914614,302.0288505554199,2889152.71875,6.432642832124159,0.2818322984028665,0.0575201916214989,1.8270684701356403,1.154949759236091,4.480915626935035,7.462933856306765,0.0,0.9410034930587133,-0.3383968469878229,8,362500.0,2065500.0,18.67619,73.69618,C3_dehu_talegaon,26.99,True,36_206,1,test,gap
c019_007,2021-22,1742.382119057937,162.98216101685185,1434.7384471293233,1218.0337098988273,598.8759900664605,1002.971606731292,0.0004630292230544,0.0003580721010306,5.07057438776423e-05,0.04050641566997953,0.00022024749051845,4.068468418654701,1787.3566027998709,0.5433087027914614,302.0288505554199,2889152.71875,10.461589274309008,0.2869059504305772,0.062173720775866,0.7703147292515613,0.0,3.1978645198239763,3.9681792490755377,0.0,0.9410034930587133,-0.3383968469878229,8,363500.0,2065500.0,18.67625,73.70566,C3_dehu_talegaon,26.39,True,36_206,1,test,gap
c019_008,2021-22,1899.2156928049835,176.13447098640162,1563.8807033510757,1330.018809661696,625.5529534074046,1095.1840590848954,0.0005047069509228,0.0003909929796814,5.2147623289944316e-05,0.04061145843057633,0.000219476756548575,4.068468418654701,1787.3566027998709,0.5433087027914614,302.0288505554199,2889152.71875,17.014693526381798,0.2774189810260292,0.0184127341513965,0.0,1.015129687396728,13.394571209452849,14.409700896849577,0.0,0.9410034930587133,-0.3383968469878229,8,364500.0,2065500.0,18.67632,73.71514,C3_dehu_talegaon,25.81,True,36_206,1,test,gap
c019_009,2021-22,2049.1016592393053,188.45244857716344,1687.3020564379217,1443.176200946195,669.6604650136446,1188.3618173257264,0.0005445383873372,0.0004242584833494,5.355379489817358e-05,0.040675544299204766,0.00022221565921175002,4.068468418654701,1787.3566027998709,0.5433087027914614,302.0288505554199,2889152.71875,18.221101746919384,0.242823953135647,0.0637287765017615,3.4944646067438847,2.184968169839981,6.501260039995712,12.180692816579578,0.0,0.9410034930587133,-0.3383968469878229,8,365500.0,2065500.0,18.67638,73.72462,C3_dehu_talegaon,25.26,True,36_206,1,test,gap
c019_010,2021-22,2182.6009629105583,200.09864168417167,1797.2300576192577,1511.3033534380754,737.9956550669785,1244.4601001905617,0.00058001515112,0.0004442861988648,5.432213434987733e-05,0.040710943056688584,0.000225372169775,4.068468418654701,1787.3566027998709,0.5433087027914614,302.0288505554199,2889152.71875,25.28299513730136,0.2622069347955807,0.0256947774915632,4.350311242791073,0.8209010679940609,10.50065267871594,15.671864989501074,0.0,0.9410034930587133,-0.3383968469878229,8,366500.0,2065500.0,18.67645,73.7341,C3_dehu_talegaon,24.73,True,36_206,1,test,gap
c019_011,2021-22,2368.321659235391,217.54892625764103,1950.158982067206,1678.7626448825251,786.9947881393493,1382.351944428661,0.0006293694855016,0.0004935151322164,5.460416548502666e-05,0.04077946409095017,0.0002213400356152375,4.068468418654701,1787.3566027998709,0.5433087027914614,302.0288505554199,2889152.71875,15.720056811129892,0.3948855311130509,0.0111049943907942,2.9030652931179604,0.0,1.2204294474586437,4.123494740576604,0.0,0.9410034930587133,-0.3383968469878229,8,367500.0,2065500.0,18.67651,73.74358,C3_dehu_talegaon,24.24,True,36_206,1,test,gap
c019_012,2021-22,2539.3015688171854,230.71037397812333,2090.949826555629,1983.013524817443,801.3319886732882,1632.8827724490784,0.0006748065304676,0.0005829574448005,5.5155060331883196e-05,0.04075059799837402,0.0002160631233746625,4.068468418654701,1787.3566027998709,0.5433087027914614,302.0288505554199,2889152.71875,10.952095532987721,0.3049364316532837,0.0999869399899275,2.047571611586453,0.0,0.9471375018318938,2.994709113418347,0.0,0.9410034930587133,-0.3383968469878229,8,368500.0,2065500.0,18.67657,73.75306,C3_dehu_talegaon,23.77,True,36_206,1,test,gap
c019_013,2021-22,2700.080588330753,241.7213957230445,2223.3409009731004,2433.58302530481,784.2266734127313,2003.89747604498,0.000717532740565,0.0007154138508824,5.5854695965350696e-05,0.040736332409020165,0.0002138650911589625,4.068468418654701,1787.3566027998709,0.5433087027914614,302.0288505554199,2889152.71875,9.621289727064024,0.2822077024602461,0.1192474323836026,1.8438835132738929,1.515705880619818,2.009054681411902,5.368644075305612,0.0,0.9410034930587133,-0.3383968469878229,8,369500.0,2065500.0,18.67664,73.76254,C2_pcmc,23.34,True,36_206,1,test,test
c019_014,2021-22,2859.007655783813,252.78013858481413,2354.2070132170124,2737.1993303399795,716.38034746991,2253.9057728730177,0.0007597668037823,0.0008046696139763,5.665680819244643e-05,0.04067818281379451,0.000212726681555975,4.068468418654701,1787.3566027998709,0.5433087027914614,302.0288505554199,2889152.71875,9.717579505681078,0.206019578920031,0.153046700202301,0.0,0.0,1.190193155663032,1.190193155663032,0.0,0.9410034930587133,-0.3383968469878229,8,370500.0,2065500.0,18.6767,73.77202,C2_pcmc,22.95,True,37_206,3,test,test
c019_015,2021-22,3011.8207051036275,262.53863748710154,2480.038628844902,2686.932583808821,616.198355943573,2212.514373666424,0.000800376097648,0.0007898924207048,5.7493734846502076e-05,0.040698713002708914,0.00021547379428193752,4.068468418654701,1787.3566027998709,0.5433087027914614,302.0288505554199,2889152.71875,19.778712661056232,0.1827944920057094,0.0804932051271983,0.0,1.7924127611513814,19.202080439743707,20.99449320089509,0.0,0.9410034930587133,-0.3383968469878229,8,371500.0,2065500.0,18.67676,73.7815,C2_pcmc,22.59,True,37_206,3,test,test
c019_016,2021-22,3129.983394762294,270.23765687110347,2577.337925029807,2384.624565388749,558.5787549551202,1963.5833658475049,0.0008317772339362,0.0007010212618573,5.8368634789055035e-05,0.040698009603430035,0.000216302342421,4.068468418654701,1787.3566027998709,0.5433087027914614,302.0288505554199,2889152.71875,23.150267414958467,0.2016155157669978,0.0350719147709782,1.7314471509786602,2.352000132198757,14.395073707383691,18.47852099056111,0.0,0.9410034930587133,-0.3383968469878229,8,372500.0,2065500.0,18.67682,73.79098,C2_pcmc,22.28,True,37_206,3,test,test
c019_017,2021-22,3199.9808099792585,274.7322279312194,2634.9762477105705,2031.8185945243208,577.3281672422937,1673.0705757772848,0.0008503786924965,0.0005973049408582,5.834997190235478e-05,0.040757772913517176,0.0002092498893092875,4.068468418654701,1787.3566027998709,0.5433087027914614,302.0288505554199,2889152.71875,21.22846047951864,0.2503261363086956,0.0106227970774749,0.0,1.769756215982994,12.860691203181895,14.630447419164891,0.0,0.9410034930587133,-0.3383968469878229,8,373500.0,2065500.0,18.67688,73.80047,C2_pcmc,22.0,True,37_206,3,test,test
c020_005,2021-22,1615.9736529717031,152.7573084548374,1330.6492899043735,369.3705782537963,613.0975646159363,304.1526678118362,0.000429436813445,0.0001085859101758,4.818681888862144e-05,0.040190134229516374,0.00022598430662525,4.068468418654701,1787.3566027998709,0.5433087027914614,302.0288505554199,2889152.71875,6.728065623945276,0.3808915415037633,-0.0082252575068686,1.7622615823980192,1.017364128576578,2.2451719441218123,5.0247976550964095,0.0,0.9410034930587133,-0.3383968469878229,8,361500.0,2066500.0,18.68516,73.68663,C3_dehu_talegaon,28.4,True,36_206,1,test,train
c020_006,2021-22,1654.044203566325,157.23431108047387,1361.9979143215126,746.5646897871729,625.2987107931021,614.7475068706309,0.00043955386944,0.0002194717476658,4.883654586885124e-05,0.040244250895603566,0.000227007097934175,4.068468418654701,1787.3566027998709,0.5433087027914614,302.0288505554199,2889152.71875,6.42722123230461,0.3275494076475664,0.0766788431911818,1.176770758976469,0.0,2.4005459935266145,3.577316752503084,0.0,0.9410034930587133,-0.3383968469878229,8,362500.0,2066500.0,18.68522,73.69611,C3_dehu_talegaon,27.79,True,36_206,1,test,train
c020_007,2021-22,1740.1950913397504,163.98224624177396,1432.9375719264049,959.8489819664428,632.6573929197577,790.3732612968832,0.0004624480315155,0.0002821721097303,4.9700216497718734e-05,0.040444034295313784,0.0002226389231039625,4.068468418654701,1787.3566027998709,0.5433087027914614,302.0288505554199,2889152.71875,5.630980132437951,0.3364292225116762,0.1027417268281318,0.0,0.0,0.8583459664864673,0.8583459664864673,0.0,0.9410034930587133,-0.3383968469878229,8,363500.0,2066500.0,18.68529,73.70559,C3_dehu_talegaon,27.2,True,36_206,1,test,gap
c020_008,2021-22,1857.6997320432292,175.4353834490659,1529.6950075597265,1133.2611106164925,656.7373463081959,933.1668801313574,0.0004936742946268,0.0003331510315329,5.0804315079543846e-05,0.040512925724527124,0.0002253522679574125,4.068468418654701,1787.3566027998709,0.5433087027914614,302.0288505554199,2889152.71875,10.96746653381351,0.2707143158782549,0.0934042154021854,0.8163911129952632,0.0,8.78400085901019,9.600391972005454,0.0,0.9410034930587133,-0.3383968469878229,8,364500.0,2066500.0,18.68535,73.71507,C3_dehu_talegaon,26.64,True,36_206,1,test,gap
c020_009,2021-22,1947.7981516536236,182.4895480564276,1603.8852011037893,1321.1718696589876,692.7864165856791,1087.8991789070644,0.0005176174932939,0.0003883921958372,5.191285573627231e-05,0.04059071523842765,0.000227927403852525,4.068468418654701,1787.3566027998709,0.5433087027914614,302.0288505554199,2889152.71875,14.668954948326213,0.2485573679576443,0.1001155198417975,3.72661523232658,0.9559265749188354,5.132647090724895,9.815188897970309,0.0,0.9410034930587133,-0.3383968469878229,8,365500.0,2066500.0,18.68542,73.72455,C3_dehu_talegaon,26.1,True,36_206,1,test,gap
c020_010,2021-22,2041.200620913896,190.27167963411628,1680.7960648223532,1456.3494117847613,755.401562704868,1199.2091003961302,0.0005424387264206,0.00042813108494,5.255809100247325e-05,0.04060648869789564,0.00023017645171795,4.068468418654701,1787.3566027998709,0.5433087027914614,302.0288505554199,2889152.71875,14.237902024355666,0.3282721457601483,0.0666185413492712,1.2610200327101682,0.7376328550086264,4.5020156780814,6.500668565800194,0.0,0.9410034930587133,-0.3383968469878229,8,366500.0,2066500.0,18.68548,73.73403,C3_dehu_talegaon,25.6,True,36_206,1,test,gap
c020_011,2021-22,2175.4431426204887,201.66923574829212,1791.3360577581034,1597.9399957884991,787.7912114770653,1315.7997451230704,0.000578112996632,0.0004697552514046,5.324728339945262e-05,0.04064756573821506,0.00022650836916935,4.068468418654701,1787.3566027998709,0.5433087027914614,302.0288505554199,2889152.71875,9.651333339917706,0.3133594007632029,0.115150355181536,0.8961808106264633,0.0,1.2206661830406724,2.116846993667136,0.0,0.9410034930587133,-0.3383968469878229,8,367500.0,2066500.0,18.68555,73.74351,C3_dehu_talegaon,25.12,True,36_206,1,test,gap
c020_012,2021-22,2292.38252745526,209.87885934256985,1887.6280419164411,1884.3115331813829,785.9619823170142,1551.6080964411206,0.0006091890458592,0.0005539414748533,5.3989112252090375e-05,0.040630244281709124,0.0002218830150259625,4.068468418654701,1787.3566027998709,0.5433087027914614,302.0288505554199,2889152.71875,9.260785353211213,0.3409946469847687,0.0716885955695732,0.3377099859783534,0.8262894294801902,4.852089538297238,6.016088953755782,0.0,0.9410034930587133,-0.3383968469878229,8,368500.0,2066500.0,18.68561,73.75299,C3_dehu_talegaon,24.67,True,36_206,1,test,gap
c020_013,2021-22,2414.332229640676,218.614950478474,1988.0456968198253,2256.8318589997943,748.5297143264235,1858.3543766874948,0.0006415965615454,0.0006634533337275,5.4860850342085394e-05,0.040647809571750584,0.0002206040124768375,4.068468418654701,1787.3566027998709,0.5433087027914614,302.0288505554199,2889152.71875,5.997285484550663,0.34187526100491,0.0934099501727107,0.0,1.0406009868240051,0.3788952467229155,1.4194962335469206,0.0,0.9410034930587133,-0.3383968469878229,8,369500.0,2066500.0,18.68567,73.76248,C3_dehu_talegaon,24.26,True,36_206,1,test,gap
c020_014,2021-22,2551.7739860385545,228.3407684978246,2101.220051623028,2424.271436166357,658.9958712843337,1996.2299874988776,0.0006781210121719,0.0007126764715639,5.55105603694466e-05,0.040644599218171734,0.0002207680095078125,4.068468418654701,1787.3566027998709,0.5433087027914614,302.0288505554199,2889152.71875,5.7933698240954605,0.3485088697005646,0.0888728359788794,0.0,1.784256894387021,0.0463810274864423,1.8306379218734632,0.0,0.9410034930587133,-0.3383968469878229,8,370500.0,2066500.0,18.68574,73.77196,C2_pcmc,23.88,True,37_206,3,test,test
c020_015,2021-22,2695.4490412457244,237.65274734435195,2219.527122927575,2282.8701926390017,563.470437261513,1879.7952523500333,0.0007163019303857,0.0006711079665655,5.612947784822618e-05,0.04071343422110196,0.00022434759978162499,4.068468418654701,1787.3566027998709,0.5433087027914614,302.0288505554199,2889152.71875,9.16819453404068,0.2904407855129328,0.1170033379225859,0.0,1.29594947923132,0.4255914502927385,1.7215409295240585,0.0,0.9410034930587133,-0.3383968469878229,8,371500.0,2066500.0,18.6858,73.78144,C2_pcmc,23.54,True,37_206,3,test,test
c020_016,2021-22,2814.789268963368,245.21524501135283,2317.796045182268,2010.8138302356656,552.0043625674699,1655.7745173706958,0.0007480159914489,0.0005911300542197,5.6566301614860685e-05,0.04069583001677751,0.0002215604432397,4.068468418654701,1787.3566027998709,0.5433087027914614,302.0288505554199,2889152.71875,17.55572854582366,0.1802639000928223,0.0612265756716674,2.107193478994856,0.46863636615929,4.723557812196228,7.299387657350374,0.0,0.9410034930587133,-0.3383968469878229,8,372500.0,2066500.0,18.68586,73.79092,C2_pcmc,23.23,True,37_206,3,test,test
c021_004,2021-22,1638.9748530191885,150.63348982552546,1349.5892834208832,111.35877755193916,611.1025200953977,91.6967167141689,0.0004355492658576,3.273675524919401e-05,4.754698152989311e-05,0.040195279776159186,0.000213271639732625,4.068468418654701,1787.3566027998709,0.5433087027914614,302.0288505554199,2889152.71875,5.6963829335260705,0.3914509762499796,-0.0155085196161711,0.9167386259492424,0.0,2.3036981779358765,3.2204368038851188,0.0,0.9410034930587133,-0.3383968469878229,8,360500.0,2067500.0,18.69413,73.67708,C3_dehu_talegaon,29.8,True,36_206,1,test,train
c021_005,2021-22,1646.943076676166,152.5005771619331,1356.1505977909897,377.5560319792348,612.6883563087532,310.8928570267222,0.0004376667809358,0.0001109922332435,4.787378404590345e-05,0.040239879985421674,0.00021615892968067499,4.068468418654701,1787.3566027998709,0.5433087027914614,302.0288505554199,2889152.71875,9.65568492577328,0.2763754395941371,0.0512021617943041,1.3651703037871248,1.044393191039024,3.770619725702801,6.180183220528949,0.0,0.9410034930587133,-0.3383968469878229,8,361500.0,2067500.0,18.69419,73.68656,C3_dehu_talegaon,29.19,True,36_206,1,test,train
c021_006,2021-22,1668.602228297195,156.95843423260453,1373.9855016407234,719.2400579763472,625.5037462857947,592.2474482532702,0.0004434225907765,0.0002114389746457,4.8277811251959204e-05,0.04031450671824069,0.00022140206389223752,4.068468418654701,1787.3566027998709,0.5433087027914614,302.0288505554199,2889152.71875,7.100959077513711,0.3256778758354366,0.0957027987034503,0.691152673774839,0.0,2.300132838049684,2.9912855118245227,0.0,0.9410034930587133,-0.3383968469878229,8,362500.0,2067500.0,18.69426,73.69604,C3_dehu_talegaon,28.6,True,36_206,1,test,train
c021_007,2021-22,1738.6055419472375,165.289985893938,1431.62868129782,908.1054910801124,643.3507962939184,747.7658590793703,0.0004620256168154,0.0002669607897596,4.870789342187387e-05,0.04039725865242736,0.000222066243721525,4.068468418654701,1787.3566027998709,0.5433087027914614,302.0288505554199,2889152.71875,6.118417942618192,0.2748216882526,0.107572349633571,2.172596576872357,0.1759309880906969,1.4509739714166443,3.799501536379698,0.0,0.9410034930587133,-0.3383968469878229,8,363500.0,2067500.0,18.69432,73.70552,C3_dehu_talegaon,28.03,True,36_206,1,test,train
c021_008,2021-22,1819.253581496766,175.46953657590473,1498.037100990439,1130.873142561605,671.9123775824356,931.200543619183,0.0004834574248471,0.000332449027367,4.928578171711734e-05,0.04046915149738531,0.00022282095524535,4.068468418654701,1787.3566027998709,0.5433087027914614,302.0288505554199,2889152.71875,6.0067546090664345,0.351780733783015,0.0736359642664438,1.8580447925913897,0.6735857161105245,0.8204721485802711,3.352102657282185,0.0,0.9410034930587133,-0.3383968469878229,8,364500.0,2067500.0,18.69439,73.715,C3_dehu_talegaon,27.48,True,36_206,1,test,gap
c021_009,2021-22,1863.817861473824,178.0208757512073,1534.732889561944,1298.632285276858,708.8423301546176,1069.3392958930897,0.000495300156535,0.0003817661096538,4.9971323530681276e-05,0.040488789821876314,0.00022597506855646249,4.068468418654701,1787.3566027998709,0.5433087027914614,302.0288505554199,2889152.71875,5.603839090569266,0.2725479871299062,0.1530917043008366,0.0,0.0,1.8837400461413245,1.8837400461413245,0.0,0.9410034930587133,-0.3383968469878229,8,365500.0,2067500.0,18.69445,73.72448,C3_dehu_talegaon,26.96,True,36_206,1,test,gap
c021_010,2021-22,1933.8193582644487,181.90590108548363,1592.3745731533777,1417.9179593098268,758.2470398503166,1167.5632967335994,0.0005139026997527,0.0004168331784686,5.058836009686994e-05,0.0405304308880443,0.0002288202883782,4.068468418654701,1787.3566027998709,0.5433087027914614,302.0288505554199,2889152.71875,6.435771066263106,0.3598216264895508,0.0763434063153871,0.0,0.0,1.227807447146294,1.227807447146294,0.0,0.9410034930587133,-0.3383968469878229,8,366500.0,2067500.0,18.69452,73.73397,C3_dehu_talegaon,26.47,True,36_206,1,test,gap
c021_011,2021-22,2025.0196898954327,187.80556094038067,1667.4721196391415,1539.1126159355315,761.4812456795408,1267.3592206848562,0.0005381387259582,0.0004524614414461,5.132965047252101e-05,0.04058456481072886,0.00022623108111505,4.068468418654701,1787.3566027998709,0.5433087027914614,302.0288505554199,2889152.71875,6.188317422310964,0.3263924991076529,0.1401310206321054,0.0,0.0,1.9360111415471184,1.9360111415471184,0.0,0.9410034930587133,-0.3383968469878229,8,367500.0,2067500.0,18.69458,73.74345,C3_dehu_talegaon,26.01,True,36_206,1,test,gap
c021_012,2021-22,2095.3114388496906,192.56785247674384,1725.3528070254213,1848.750454252861,739.8670691958305,1522.3258588641322,0.0005568184022183,0.0005434873879563,5.2024445723658064e-05,0.040525804041152275,0.0002237008100470375,4.068468418654701,1787.3566027998709,0.5433087027914614,302.0288505554199,2889152.71875,7.358442556209765,0.2631018810802194,0.1523509501677103,1.2568922791276258,0.4668450556712934,5.588561285163816,7.312298619962736,0.0,0.9410034930587133,-0.3383968469878229,8,368500.0,2067500.0,18.69465,73.75293,C3_dehu_talegaon,25.58,True,36_206,1,test,gap
c021_013,2021-22,2183.2612403582125,199.1154505317499,1797.773753189569,2111.6005471109765,695.3639019602922,1738.7658291382484,0.0005801906165075,0.0006207588823664,5.3014913424299134e-05,0.040517689396464523,0.0002225891031774375,4.068468418654701,1787.3566027998709,0.5433087027914614,302.0288505554199,2889152.71875,5.746495526283979,0.4278669987323504,0.0156234172089282,0.1516515371593326,1.0998593214722745,1.7644046345689357,3.0159154932005423,0.0,0.9410034930587133,-0.3383968469878229,8,369500.0,2067500.0,18.69471,73.76241,C3_dehu_talegaon,25.18,True,36_206,1,test,gap
c021_014,2021-22,2312.794488955999,208.37381429979064,1904.4359657502027,2123.0552626517047,611.1264614847943,1748.1980430065232,0.0006146134212424,0.0006241262883972,5.417804056757005e-05,0.040622508585502065,0.00022392855413151251,4.068468418654701,1787.3566027998709,0.5433087027914614,302.0288505554199,2889152.71875,5.209579963188667,0.3884704867275462,-0.0103262529976961,0.0,0.4408778452846184,2.979635958638668,3.420513803923286,0.0,0.9410034930587133,-0.3383968469878229,8,370500.0,2067500.0,18.69477,73.77189,C2_pcmc,24.82,True,37_206,3,test,test
c022_003,2021-22,1610.067102308139,151.00984358990726,1325.785629267455,187.3061829199844,654.2047231889252,154.2344696269255,0.0004278671775226,5.5063433720366985e-05,4.642944230533722e-05,0.04017204763199344,0.0002114676298912125,4.068468418654701,1787.3566027998709,0.5433087027914614,302.0288505554199,2889152.71875,6.996133384720059,0.3834622613404051,-0.0175183817410514,2.178250855924775,1.0728389718836655,1.6526038817983586,4.903693709606799,0.0,0.9410034930587133,-0.3383968469878229,8,359500.0,2068500.0,18.70309,73.66752,C3_dehu_talegaon,31.21,True,35_206,3,test,train
c022_004,2021-22,1659.8825686308776,151.62338920936168,1366.8054285486553,157.19575620254932,637.6544623905609,129.44048993759554,0.0004411053853848,4.621170517622314e-05,4.7215616436856835e-05,0.04018260326735411,0.00021291033683685,4.068468418654701,1787.3566027998709,0.5433087027914614,302.0288505554199,2889152.71875,10.122703738337062,0.3236381846512352,0.0331622984168818,2.878762723681703,1.023092088465617,5.648675503538607,9.550530315685927,0.0,0.9410034930587133,-0.3383968469878229,8,360500.0,2068500.0,18.70316,73.67701,C3_dehu_talegaon,30.59,True,36_206,1,test,train
c022_005,2021-22,1664.0425632618726,152.65627438884238,1370.2309137919078,460.31576665443686,621.3953489992697,379.0401204277799,0.0004422108828878,0.0001353215698087,4.785004637401036e-05,0.04021791624184745,0.0002183314037931875,4.068468418654701,1787.3566027998709,0.5433087027914614,302.0288505554199,2889152.71875,11.615479355346572,0.2368466590697842,0.0674801968780238,2.4766826393858787,1.0954351047888458,4.641574782019118,8.213692526193842,0.0,0.9410034930587133,-0.3383968469878229,8,361500.0,2068500.0,18.70323,73.68649,C3_dehu_talegaon,29.99,True,36_206,1,test,train
c022_006,2021-22,1675.2227551052808,156.43465417355094,1379.4370752352384,754.4953125947591,622.6919399698329,621.2778593847376,0.000445181962243,0.0002218031566802,4.817421553097499e-05,0.04026870802956014,0.000219350070852925,4.068468418654701,1787.3566027998709,0.5433087027914614,302.0288505554199,2889152.71875,8.667483707573995,0.34012893183152,0.0058938691152894,1.468739915523572,0.4677725915431894,4.435236827500529,6.371749334567291,0.0,0.9410034930587133,-0.3383968469878229,8,362500.0,2068500.0,18.70329,73.69597,C3_dehu_talegaon,29.41,True,36_206,1,test,train
c022_007,2021-22,1731.3717841316395,164.78642746240988,1425.672151819159,887.401323733502,638.5628394954341,730.7173227203986,0.0004601032823146,0.0002608742712654,4.8328886554727385e-05,0.04040237789551319,0.0002173640632645,4.068468418654701,1787.3566027998709,0.5433087027914614,302.0288505554199,2889152.71875,8.036502953073171,0.4643875937247748,-0.028930065836584,0.0,1.439431741293647,5.8149598573247605,7.254391598618407,0.0,0.9410034930587133,-0.3383968469878229,8,363500.0,2068500.0,18.70336,73.70545,C3_dehu_talegaon,28.86,True,36_206,1,test,train
c022_008,2021-22,1780.0417893278236,172.89211250078267,1465.7487382999152,1108.2527976013432,666.649003366462,912.574159517306,0.0004730370896841,0.0003257991995501,4.8323376737144144e-05,0.04047666680166439,0.00022085290898819998,4.068468418654701,1787.3566027998709,0.5433087027914614,302.0288505554199,2889152.71875,6.063126000200773,0.4001726375212322,-0.01071078072801,0.0,0.4830470051209966,4.430879990052064,4.913926995173061,0.0,0.9410034930587133,-0.3383968469878229,8,364500.0,2068500.0,18.70343,73.71493,C3_dehu_talegaon,28.33,True,36_206,1,test,train
c022_009,2021-22,1787.6195679436487,172.6549103780581,1471.988546551527,1202.0215417558122,711.6394692540886,989.7866268090324,0.0004750508459702,0.0003533649154721,4.869827334015463e-05,0.040500841928324566,0.0002283920724483375,4.068468418654701,1787.3566027998709,0.5433087027914614,302.0288505554199,2889152.71875,3.776866365263464,0.3346721491951064,0.0594299978439465,0.0,0.0,2.190348328762796,2.190348328762796,0.0,0.9410034930587133,-0.3383968469878229,8,365500.0,2068500.0,18.70349,73.72442,C3_dehu_talegaon,27.83,True,36_206,1,test,gap
c022_010,2021-22,1847.5700799198405,175.21024469144032,1521.3538973069828,1260.661792861026,754.8897905121963,1038.0730628839483,0.0004909823908813,0.0003706037141585,4.9282645892162935e-05,0.0405672621700511,0.0002288026873119625,4.068468418654701,1787.3566027998709,0.5433087027914614,302.0288505554199,2889152.71875,4.41842582303334,0.3843961422327185,-0.0163079096747041,0.0,0.0,3.4573249894130096,3.4573249894130096,0.0,0.9410034930587133,-0.3383968469878229,8,366500.0,2068500.0,18.70355,73.7339,C3_dehu_talegaon,27.35,True,36_206,1,test,gap
c022_011,2021-22,1923.6803565236853,179.7241689082474,1584.0257640983066,1335.8881309805558,739.7608781815404,1100.017063775782,0.0005112083113937,0.0003927184165057,4.981905894269356e-05,0.0405682762382896,0.0002255719272601375,4.068468418654701,1787.3566027998709,0.5433087027914614,302.0288505554199,2889152.71875,4.82450099975113,0.3495992514012701,0.0247051273132747,0.0,0.0,1.7341426660490462,1.7341426660490462,0.0,0.9410034930587133,-0.3383968469878229,8,367500.0,2068500.0,18.70362,73.74338,C3_dehu_talegaon,26.91,True,36_206,1,test,gap
c022_012,2021-22,1972.7559262102693,183.0575406480676,1624.4363065814823,1615.7961252055588,701.4546875424425,1330.5031073255154,0.0005242498954724,0.0004750045164493,5.041564845545151e-05,0.040526573824938614,0.0002275120347955875,4.068468418654701,1787.3566027998709,0.5433087027914614,302.0288505554199,2889152.71875,4.7448270300992155,0.2422480540529696,0.1396674044737982,0.0,0.0,0.6652972915629766,0.6652972915629766,0.0,0.9410034930587133,-0.3383968469878229,8,368500.0,2068500.0,18.70368,73.75286,C3_dehu_talegaon,26.49,True,36_206,1,test,gap
c023_002,2021-22,1475.8105142630948,144.01506012035637,1215.234053616085,333.89482933363337,719.1745047475592,274.9406939515994,0.0003921891692531,9.815690821290106e-05,4.5147115726338695e-05,0.04014465862953031,0.00021055477653895,4.068468418654701,1787.3566027998709,0.5433087027914614,302.0288505554199,2889152.71875,9.642058905809543,0.3097271471537927,0.1121544173659681,1.6982160350127489,0.0,0.3804799279933097,2.078695963006058,0.0,0.9410034930587133,-0.3383968469878229,8,358500.0,2069500.0,18.71206,73.65797,C3_dehu_talegaon,32.61,True,35_206,3,test,train
c023_003,2021-22,1573.4746646424346,148.3664662440285,1295.654134792779,65.46481280711008,677.750419256559,53.90601914536854,0.0004181429225519,1.9245052805119848e-05,4.5811202729163296e-05,0.040157216438743676,0.000209362075617575,4.068468418654701,1787.3566027998709,0.5433087027914614,302.0288505554199,2889152.71875,6.137564171593764,0.3273916990783105,0.0900973574249215,0.0,0.0,1.3151923827472398,1.3151923827472398,0.0,0.9410034930587133,-0.3383968469878229,8,359500.0,2069500.0,18.71213,73.66745,C3_dehu_talegaon,31.99,True,35_206,3,test,train
c023_004,2021-22,1630.228231087646,150.51533186155407,1342.387008655533,147.65365184899247,656.5342130271918,121.58318709178226,0.0004332248953806,4.340656002599946e-05,4.6632671566622255e-05,0.0401671604563733,0.0002151072220615,4.068468418654701,1787.3566027998709,0.5433087027914614,302.0288505554199,2889152.71875,9.82786255602147,0.3233616540838421,0.0667823758397212,2.4233473753958403,0.3276035338065093,4.017722698964897,6.768673608167246,0.0,0.9410034930587133,-0.3383968469878229,8,360500.0,2069500.0,18.7122,73.67694,C3_dehu_talegaon,31.39,True,36_206,1,test,train
c023_005,2021-22,1644.3903149421044,151.66617783887685,1354.048564393058,515.6290194085972,630.7947882799635,424.5869895640884,0.0004369883974346,0.0001515823124036,4.748857119521548e-05,0.04015677478375836,0.000218253147443875,4.068468418654701,1787.3566027998709,0.5433087027914614,302.0288505554199,2889152.71875,10.045497562079582,0.2931711857727079,0.0458580834492397,0.4390279576730095,0.0,2.8289208856139063,3.267948843286916,0.0,0.9410034930587133,-0.3383968469878229,8,361500.0,2069500.0,18.71226,73.68642,C3_dehu_talegaon,30.81,True,36_206,1,test,train
c023_006,2021-22,1659.9450096158648,154.8514875504545,1366.8568446420932,790.0308673995227,629.6646274314764,650.5390795044846,0.0004411219787603,0.0002322497401096,4.778950033834907e-05,0.04027196994693597,0.000218014680700575,4.068468418654701,1787.3566027998709,0.5433087027914614,302.0288505554199,2889152.71875,6.471587111899563,0.4383142468523243,-0.0214164415769468,0.0,1.0142412503950726,1.337549478829969,2.351790729225042,0.0,0.9410034930587133,-0.3383968469878229,8,362500.0,2069500.0,18.71233,73.6959,C3_dehu_talegaon,30.25,True,36_206,1,test,train
c023_007,2021-22,1707.9706298333758,162.21176594455872,1406.4028219679792,851.7112158263368,642.7964350802321,701.3288381643874,0.0004538845440856,0.0002503822530064,4.783736520932505e-05,0.04045340618751131,0.0002155502478298875,4.068468418654701,1787.3566027998709,0.5433087027914614,302.0288505554199,2889152.71875,5.538837482087295,0.5078732307596229,-0.0392581041281728,0.0,0.0,1.0528990618419414,1.0528990618419414,0.0,0.9410034930587133,-0.3383968469878229,8,363500.0,2069500.0,18.7124,73.70538,C3_dehu_talegaon,29.71,True,36_206,1,test,train
c023_008,2021-22,1734.612634590277,167.61416022292607,1428.3407815666435,977.3211315411417,668.4134667750394,804.7604410519007,0.0004609645219092,0.0002873084940987,4.775547846629429e-05,0.04043545613634826,0.0002146578929615375,4.068468418654701,1787.3566027998709,0.5433087027914614,302.0288505554199,2889152.71875,4.748906253486291,0.4051853639226521,-0.0411231982778905,0.0,0.8016479839531673,2.3275814233940264,3.129229407347194,0.0,0.9410034930587133,-0.3383968469878229,8,364500.0,2069500.0,18.71246,73.71487,C3_dehu_talegaon,29.19,True,36_206,1,test,train
c023_009,2021-22,1722.9229152417686,166.3023924309474,1418.715057334278,994.2115765226464,721.3933754785784,818.668624876233,0.0004578580382002,0.0002922738715532,4.7719306237624826e-05,0.040381692693713035,0.00022125387248716252,4.068468418654701,1787.3566027998709,0.5433087027914614,302.0288505554199,2889152.71875,3.805987242947925,0.3354704571577317,0.0015659095643053,0.0,1.4529091388612798,1.4583510905101258,2.911260229371406,0.0,0.9410034930587133,-0.3383968469878229,8,365500.0,2069500.0,18.71253,73.72435,C3_dehu_talegaon,28.71,True,36_206,1,test,train
c023_010,2021-22,1771.433203980551,168.17089252434823,1458.6601276914662,1002.2112557544322,758.7170842871834,825.2558408680675,0.0004707494017302,0.0002946255814663,4.81615960317263e-05,0.04045468628516297,0.00022455360095275,4.068468418654701,1787.3566027998709,0.5433087027914614,302.0288505554199,2889152.71875,3.8954773971959495,0.3607464047743773,-0.0128770168330228,0.0,0.1863114799491574,5.335024682908905,5.521336162858063,0.0,0.9410034930587133,-0.3383968469878229,8,366500.0,2069500.0,18.71259,73.73383,C3_dehu_talegaon,28.25,True,36_206,1,test,gap
c023_011,2021-22,1829.7236609589384,172.13146480180214,1506.658531034154,1062.1431887985266,739.8745123893552,874.6058930802845,0.0004862397954337,0.0003122441030306,4.863696425820934e-05,0.040497518051995376,0.0002253388281339875,4.068468418654701,1787.3566027998709,0.5433087027914614,302.0288505554199,2889152.71875,3.390754044581997,0.3985717896343919,-0.0330407557087456,0.0,0.0,0.5372866863589858,0.5372866863589858,0.0,0.9410034930587133,-0.3383968469878229,8,367500.0,2069500.0,18.71265,73.74331,C3_dehu_talegaon,27.81,True,36_206,1,test,gap
c024_001,2021-22,1334.2719589567812,137.4242946771793,1098.6862511404124,425.49320558066194,750.5118686127938,350.36600431192653,0.0003545760150667,0.0001250845890867,4.391903505707737e-05,0.040193186677691686,0.0002105680803355375,4.068468418654701,1787.3566027998709,0.5433087027914614,302.0288505554199,2889152.71875,9.100682522164531,0.3020009749933207,0.1028366342972685,1.075773921277423,0.0,0.4276215969747086,1.5033955182521317,0.0,0.9410034930587133,-0.3383968469878229,8,357500.0,2070500.0,18.72103,73.64842,C3_dehu_talegaon,34.02,True,35_207,4,test,train
c024_002,2021-22,1423.697783661559,140.04927536614704,1172.3226064879766,145.10194736020617,700.6415241892663,119.48202426663022,0.0003783404750443,4.265642135571184e-05,4.4435495428296855e-05,0.04016349693202074,0.00020895071830701251,4.068468418654701,1787.3566027998709,0.5433087027914614,302.0288505554199,2889152.71875,8.40317193816226,0.3405078733207995,0.0250122637489864,0.950700487404496,0.0,0.0,0.950700487404496,0.0,0.9410034930587133,-0.3383968469878229,8,358500.0,2070500.0,18.7211,73.6579,C3_dehu_talegaon,33.4,True,35_207,4,test,train
c024_003,2021-22,1515.2012466643405,144.27839347090566,1247.6697619595604,-41.13428771912696,676.7569315448432,-33.87141284359599,0.0004026570568764,-1.2092473884987766e-05,4.513460211002746e-05,0.04018694058187758,0.0002107320509240625,4.068468418654701,1787.3566027998709,0.5433087027914614,302.0288505554199,2889152.71875,9.131679535589983,0.2348867643334591,0.0691463609483226,2.397858397222187,0.6960258790652546,4.112927642977442,7.206811919264883,0.0,0.9410034930587133,-0.3383968469878229,8,359500.0,2070500.0,18.72117,73.66738,C3_dehu_talegaon,32.79,True,35_207,4,test,train
c024_004,2021-22,1570.288820882693,147.02607552628317,1293.030799487249,141.15193972139303,666.9770946026658,116.2294496655296,0.0004172963007089,4.1495215780839575e-05,4.573373492788407e-05,0.040144138824401016,0.00021970567286025,4.068468418654701,1787.3566027998709,0.5433087027914614,302.0288505554199,2889152.71875,15.142380067584964,0.2940554733616323,0.0170587897012614,0.3402054722942416,0.6726664211493366,11.425484899403065,12.43835679284664,0.0,0.9410034930587133,-0.3383968469878229,8,360500.0,2070500.0,18.72123,73.67686,C3_dehu_talegaon,32.2,True,36_207,2,test,train
c024_005,2021-22,1588.2827197583786,148.0764463106344,1307.8476058859862,525.6373798710259,644.3618630522141,432.82822401611503,0.0004220780881969,0.0001545245254388,4.6480268689561325e-05,0.040130382387367866,0.00022297736486294998,4.068468418654701,1787.3566027998709,0.5433087027914614,302.0288505554199,2889152.71875,18.950141139286114,0.2685686341073894,0.0114189819404007,0.0,1.0711140854837755,11.307418808745744,12.37853289422952,0.0,0.9410034930587133,-0.3383968469878229,8,361500.0,2070500.0,18.7213,73.68635,C3_dehu_talegaon,31.63,True,36_207,2,test,train
c024_006,2021-22,1607.2990745994025,150.43613884605736,1323.5063383283407,767.017035605727,638.1901048867862,631.5886845657565,0.0004271315881789,0.0002254842367937,4.693469013709425e-05,0.04025418191001798,0.0002181981739708625,4.068468418654701,1787.3566027998709,0.5433087027914614,302.0288505554199,2889152.71875,9.982858497180365,0.423882779404952,-0.0122950328263552,0.0,1.23179528000131,2.918572041363185,4.150367321364495,0.0,0.9410034930587133,-0.3383968469878229,8,362500.0,2070500.0,18.72137,73.69583,C3_dehu_talegaon,31.09,True,36_207,2,test,train
c024_007,2021-22,1647.0892590523904,156.39066591759874,1356.2709694782147,804.1634760443075,641.4586014366675,662.1763643222764,0.0004377056281619,0.0002364043811752,4.705691840270439e-05,0.040396101187601875,0.00021420947944195002,4.068468418654701,1787.3566027998709,0.5433087027914614,302.0288505554199,2889152.71875,5.636143401473068,0.4143206865004785,0.0117377738255592,0.0,0.0,0.6713919082702225,0.6713919082702225,0.0,0.9410034930587133,-0.3383968469878229,8,363500.0,2070500.0,18.72143,73.70531,C3_dehu_talegaon,30.56,True,36_207,2,test,train
c024_008,2021-22,1654.1940921218852,159.1425130556418,1362.1213378065763,844.9401647178058,666.345228852302,695.7533175902097,0.0004395937015644,0.0002483917296926,4.713108196938274e-05,0.04038195782732989,0.00021158486599111252,4.068468418654701,1787.3566027998709,0.5433087027914614,302.0288505554199,2889152.71875,4.181578097509038,0.4176631951150548,-0.0437600163817522,0.0,0.2749411711989774,0.0598454542696655,0.3347866254686429,0.0,0.9410034930587133,-0.3383968469878229,8,364500.0,2070500.0,18.7215,73.7148,C3_dehu_talegaon,30.06,True,36_207,2,test,train
c024_009,2021-22,1638.4857693894182,157.31230630689058,1349.1865548346464,813.2478796976827,720.2377767241954,669.6567803849634,0.0004354192943602,0.0002390749735212,4.6906122485554185e-05,0.040337740292608164,0.00021333013238085,4.068468418654701,1787.3566027998709,0.5433087027914614,302.0288505554199,2889152.71875,4.439493098131706,0.2897436119898072,0.040253249658265,0.0,1.8166445820121264,1.799033221968686,3.615677803980813,0.0,0.9410034930587133,-0.3383968469878229,8,365500.0,2070500.0,18.72156,73.72428,C3_dehu_talegaon,29.59,True,36_207,2,test,train
c024_010,2021-22,1685.9683414467036,158.84529146873228,1388.285367290326,799.7219922164271,754.0680034517445,658.5190910178371,0.0004480375473874,0.000235098693629,4.731501524584223e-05,0.04036727061753336,0.0002165131045756375,4.068468418654701,1787.3566027998709,0.5433087027914614,302.0288505554199,2889152.71875,4.412499978399975,0.3257007458300554,0.020162110434104,0.0,0.8420549909820028,3.6843167290278953,4.526371720009898,0.0,0.9410034930587133,-0.3383968469878229,8,366500.0,2070500.0,18.72163,73.73376,C3_dehu_talegaon,29.14,True,36_207,2,test,gap
c025_001,2021-22,1288.7569705935057,135.58028847254042,1061.2076159942123,218.41012438405505,703.1421246572503,179.84654414700276,0.0003424806374404,6.420723128513116e-05,4.319415313178543e-05,0.040176698335004736,0.00020641548031692498,4.068468418654701,1787.3566027998709,0.5433087027914614,302.0288505554199,2889152.71875,9.163059558740581,0.2641390816936185,0.0796820622854504,2.322011292644271,0.9448446129820784,4.188924508959187,7.455780414585536,0.0,0.9410034930587133,-0.3383968469878229,8,357500.0,2071500.0,18.73007,73.64834,C3_dehu_talegaon,34.8,True,35_207,4,test,train
c025_002,2021-22,1375.7255246917775,137.90346241223207,1132.8205686819392,-48.70503963244368,672.5371606826658,-40.1054350623193,0.0003655920902003,-1.4318089663887818e-05,4.364794618292763e-05,0.04013744395884751,0.0002055342765304,4.068468418654701,1787.3566027998709,0.5433087027914614,302.0288505554199,2889152.71875,11.82590405473655,0.2765193785073825,0.0416197603431803,2.714420685037408,0.0,6.520580283990074,9.235000969027482,0.0,0.9410034930587133,-0.3383968469878229,8,358500.0,2071500.0,18.73013,73.65783,C3_dehu_talegaon,34.19,True,35_207,4,test,train
c025_003,2021-22,1459.969163780803,141.1147594346415,1202.1897309369224,-149.59989200424977,673.2467613103183,-123.18578938409938,0.0003879794105981,-4.397870700012636e-05,4.426398756704644e-05,0.04011633262832481,0.000211056092727975,4.068468418654701,1787.3566027998709,0.5433087027914614,302.0288505554199,2889152.71875,14.02608461397422,0.2674888430386767,0.0377290504262604,1.207419698667142,0.1484275826586547,8.554718582891411,9.910565864217208,0.0,0.9410034930587133,-0.3383968469878229,8,359500.0,2071500.0,18.7302,73.66731,C3_dehu_talegaon,33.59,True,35_207,4,test,train
c025_004,2021-22,1507.0995448382291,143.0507891719838,1240.998536991191,125.3591785143088,680.2545952359058,103.22513709694842,0.0004005040706509,3.685253049180481e-05,4.470125016987812e-05,0.0400494002931428,0.0002222032703732875,4.068468418654701,1787.3566027998709,0.5433087027914614,302.0288505554199,2889152.71875,18.311293285724034,0.3090772194656034,0.0079466868619431,1.697229341772405,3.313566810924572,8.884893920903302,13.895690073600278,0.0,0.9410034930587133,-0.3383968469878229,8,360500.0,2071500.0,18.73027,73.67679,C3_dehu_talegaon,33.02,True,36_207,2,test,train
c025_005,2021-22,1521.2147464305094,143.15565662399075,1252.6214882324348,505.7560424484931,668.6494629078206,416.4572346283903,0.0004042551139812,0.0001486798988046,4.512390935306344e-05,0.04004773050098316,0.0002252662010185125,4.068468418654701,1787.3566027998709,0.5433087027914614,302.0288505554199,2889152.71875,18.544275370660735,0.2607263327081724,0.039069600675423,1.0033963359721154,0.9564026587606812,11.127514694556062,13.08731368928886,0.0,0.9410034930587133,-0.3383968469878229,8,361500.0,2071500.0,18.73034,73.68628,C3_dehu_talegaon,32.47,True,36_207,2,test,train
c025_006,2021-22,1529.7362960039482,143.91616953108763,1259.638430537112,699.9729052362248,660.1693782494024,576.3822000389964,0.0004065196726191,0.0002057749032769,4.564687541496845e-05,0.04017798156190699,0.000218959075217225,4.068468418654701,1787.3566027998709,0.5433087027914614,302.0288505554199,2889152.71875,10.051682387804327,0.2866074197440644,0.1028579673349472,0.2665534189351036,1.11413807637851,3.4328774426848154,4.813568937998429,0.0,0.9410034930587133,-0.3383968469878229,8,362500.0,2071500.0,18.7304,73.69576,C3_dehu_talegaon,31.94,True,36_207,2,test,train
c025_007,2021-22,1550.0139303310896,147.93625925105792,1276.3357446726068,724.9340903630454,652.5787552968645,596.9361138995938,0.0004119083512362,0.0002131128808139,4.569154954152753e-05,0.04024046910341993,0.000216437858517425,4.068468418654701,1787.3566027998709,0.5433087027914614,302.0288505554199,2889152.71875,5.691201792854861,0.3854290823257257,0.0036535505988395,0.0533178904460848,0.0,1.834246167976154,1.887564058422239,0.0,0.9410034930587133,-0.3383968469878229,8,363500.0,2071500.0,18.73047,73.70525,C3_dehu_talegaon,31.43,True,36_207,2,test,train
c025_008,2021-22,1538.859161141089,148.81129932337927,1267.1505171322783,693.905395324263,670.2525634766375,571.3859999208864,0.0004089440278224,0.0002039912038566,4.589443534460154e-05,0.040301811327762414,0.0002119108534250125,4.068468418654701,1787.3566027998709,0.5433087027914614,302.0288505554199,2889152.71875,5.9546712757414815,0.3453975174782015,-0.0115165274039997,1.0526403613785464,0.388348570391229,0.781012354749221,2.2220012865189966,0.0,0.9410034930587133,-0.3383968469878229,8,364500.0,2071500.0,18.73053,73.71473,C3_dehu_talegaon,30.94,True,36_207,2,test,train
c025_009,2021-22,1531.8108826274345,147.3997229613504,1261.3467178054786,624.6490053082656,700.203247227811,514.3578633379312,0.0004070709835066,0.0001836315201456,4.582809856237888e-05,0.04026365874464161,0.0002094614311983125,4.068468418654701,1787.3566027998709,0.5433087027914614,302.0288505554199,2889152.71875,6.141061253797311,0.2802770697901789,0.0799727291667322,0.0,1.5488746600264935,2.833944609845225,4.382819269871719,0.0,0.9410034930587133,-0.3383968469878229,8,365500.0,2071500.0,18.7306,73.72421,C3_dehu_talegaon,30.48,True,36_207,2,test,train
c026_001,2021-22,1230.0828524287338,131.66109034715996,1012.8932925965858,29.269240714609797,649.1821638427201,24.101317680095672,0.0003268882877199,8.604440446169748e-06,4.2648741035277393e-05,0.04014178166627873,0.000205053301073625,4.068468418654701,1787.3566027998709,0.5433087027914614,302.0288505554199,2889152.71875,8.43062098400715,0.3099901435170917,0.0552991939546306,0.6689225810165255,0.2947984958830799,3.0848791940446434,4.048600270944249,0.0,0.9410034930587133,-0.3383968469878229,8,357500.0,2072500.0,18.7391,73.64827,C3_dehu_talegaon,35.59,True,35_207,4,test,train
c026_002,2021-22,1318.3708126957922,135.90034295520854,1085.5926905232943,-223.2363252442452,643.0130442116573,-183.8206069268867,0.0003503503659864,-6.562601622347879e-05,4.3036364087167945e-05,0.04008553724615845,0.0002083764545269,4.068468418654701,1787.3566027998709,0.5433087027914614,302.0288505554199,2889152.71875,8.87550676229813,0.241869651510696,0.1155135759138297,0.0,2.217307287102884,2.794698239988602,5.012005527091485,0.0,0.9410034930587133,-0.3383968469878229,8,358500.0,2072500.0,18.73917,73.65776,C3_dehu_talegaon,34.99,True,35_207,4,test,train
c026_003,2021-22,1401.0081101674828,139.47068855735995,1153.639134843787,-239.02670321517544,673.9562246923426,-196.8229570553686,0.0003723108092354,-7.026800089941066e-05,4.347901227106943e-05,0.040022350543330046,0.00021572788254855,4.068468418654701,1787.3566027998709,0.5433087027914614,302.0288505554199,2889152.71875,10.452079478305876,0.2908016199258944,0.0932121831691483,0.0,0.4732183702092159,3.249180080397759,3.722398450606975,0.0,0.9410034930587133,-0.3383968469878229,8,359500.0,2072500.0,18.73924,73.66724,C3_dehu_talegaon,34.41,True,35_207,4,test,train
c026_004,2021-22,1448.0315896828683,141.27213998398244,1192.3599144251332,85.2921399231761,700.9577913023177,70.23253455555323,0.0003848070607448,2.507380173101049e-05,4.390893160808456e-05,0.039949486723197675,0.00022466496689462498,4.068468418654701,1787.3566027998709,0.5433087027914614,302.0288505554199,2889152.71875,15.820639368008248,0.2754487242170498,0.0189703365944343,0.0,2.5323447472442067,11.691270037879752,14.223614785123958,0.0,0.9410034930587133,-0.3383968469878229,8,360500.0,2072500.0,18.7393,73.67672,C3_dehu_talegaon,33.85,True,36_207,2,test,train
c026_005,2021-22,1459.3848941425954,140.2027328064175,1201.7086228583569,427.3466125140608,703.0963087348122,351.89216447876817,0.000387824143901,0.0001256294453656,4.412352452290363e-05,0.03993261099072301,0.0002254072451119125,4.068468418654701,1787.3566027998709,0.5433087027914614,302.0288505554199,2889152.71875,13.946972795984948,0.2827484259525867,0.0487451687455935,0.0,0.0750341058289997,6.400948392918197,6.475982498747197,0.0,0.9410034930587133,-0.3383968469878229,8,361500.0,2072500.0,18.73937,73.68621,C3_dehu_talegaon,33.31,True,36_207,2,test,train
c026_006,2021-22,1446.7583136696026,138.161641775185,1191.3114543714753,548.083838918184,693.3220427585666,451.3114243684488,0.0003844686940934,0.0001611232350528,4.452408854485392e-05,0.04006692031166638,0.0002188552263954125,4.068468418654701,1787.3566027998709,0.5433087027914614,302.0288505554199,2889152.71875,9.312841510385034,0.3196014666466223,0.0214632141816694,0.7595786474832124,1.291503566913622,1.7994419686270802,3.8505241830239134,0.0,0.9410034930587133,-0.3383968469878229,8,362500.0,2072500.0,18.73944,73.69569,C3_dehu_talegaon,32.79,True,36_207,2,test,train
c026_007,2021-22,1437.3564586607456,139.14852094899047,1183.5696377469822,534.6809565670811,683.1853655712472,440.2750217325704,0.0003819701987448,0.0001571831156585,4.440319566156183e-05,0.0401133530550443,0.000218391913092075,4.068468418654701,1787.3566027998709,0.5433087027914614,302.0288505554199,2889152.71875,4.65311181586381,0.3813307983139549,-0.0064186321077369,0.9668242536716536,0.0819080765201114,0.2621831751443612,1.3109155053361263,0.0,0.9410034930587133,-0.3383968469878229,8,363500.0,2072500.0,18.7395,73.70518,C3_dehu_talegaon,32.3,True,36_207,2,test,train
c026_008,2021-22,1408.6376418248808,138.86600446072427,1159.921558361986,432.1214639759134,695.8208754817067,355.82394436603863,0.0003743383186301,0.0001270331348375,4.460358803293799e-05,0.040157634602999474,0.0002132041466585875,4.068468418654701,1787.3566027998709,0.5433087027914614,302.0288505554199,2889152.71875,5.077033280939252,0.3601770583121352,-0.0215789294420261,0.0192073722590045,1.5034416698204198,3.646754040130593,5.169403082210017,0.0,0.9410034930587133,-0.3383968469878229,8,364500.0,2072500.0,18.73957,73.71466,C3_dehu_talegaon,31.83,True,36_207,2,test,train
c027_001,2021-22,1146.0924346400536,124.82153639879422,943.7326416269652,-83.41033133450281,617.9228707954848,-68.68298747126182,0.0003045682596001,-2.45205960605864e-05,4.233275866803547e-05,0.040096739591952965,0.000205922045552375,4.068468418654701,1787.3566027998709,0.5433087027914614,302.0288505554199,2889152.71875,4.321534352458041,0.2895195384227199,0.119063752264767,0.0,0.0,2.1036509033313755,2.1036509033313755,0.0,0.9410034930587133,-0.3383968469878229,8,357500.0,2073500.0,18.74814,73.6482,C3_dehu_talegaon,36.39,True,35_207,4,test,train
c027_002,2021-22,1237.225287145768,130.989299316665,1018.77462343817,-338.2330523534233,627.1364185683923,-278.5129386909333,0.0003287863535698,-9.943223960874942e-05,4.2653664956887865e-05,0.04004752466023849,0.0002154421004645,4.068468418654701,1787.3566027998709,0.5433087027914614,302.0288505554199,2889152.71875,5.6547331833703955,0.2930152830568762,0.0830127204305821,0.0,1.4141352783769725,3.38001825160218,4.794153529979152,0.0,0.9410034930587133,-0.3383968469878229,8,358500.0,2073500.0,18.7482,73.65768,C3_dehu_talegaon,35.8,True,35_207,4,test,train
c027_003,2021-22,1324.534500329457,136.36656327979543,1090.668086745161,-292.3222179774681,679.4776113923973,-240.70835007716596,0.0003519883347562,-8.593557790598492e-05,4.2893259491333664e-05,0.03997924029065091,0.0002218643664160375,4.068468418654701,1787.3566027998709,0.5433087027914614,302.0288505554199,2889152.71875,8.692064753987573,0.3029347198201637,0.0531806178009416,0.0,3.5534948440122687,1.0656655963471104,4.619160440359379,0.0,0.9410034930587133,-0.3383968469878229,8,359500.0,2073500.0,18.74827,73.66717,C3_dehu_talegaon,35.24,True,35_207,4,test,train
c027_004,2021-22,1381.5363595094966,139.82326229971832,1137.6054135398554,4.071163700496431,720.4470115687265,3.352338744624878,0.0003671362901215,1.196822491881187e-06,4.327113554912563e-05,0.039877451132515826,0.000225829876703375,4.068468418654701,1787.3566027998709,0.5433087027914614,302.0288505554199,2889152.71875,9.61246351560537,0.3026628871583506,0.0387714691995194,0.0,0.8739557635386022,8.857028975270014,9.730984738808615,0.0,0.9410034930587133,-0.3383968469878229,8,360500.0,2073500.0,18.74834,73.67665,C3_dehu_talegaon,34.69,True,36_207,2,test,train
c027_005,2021-22,1396.186028813324,138.9119548144196,1149.6684642094156,254.60044098266792,726.3427309192367,209.64691805458523,0.0003710293655391,7.484629865749925e-05,4.3520139749212714e-05,0.03987866267426784,0.0002249066964798,4.068468418654701,1787.3566027998709,0.5433087027914614,302.0288505554199,2889152.71875,8.283483351741683,0.252578672659432,0.1058143089835236,0.0,1.2532261262665716,2.5941543041362323,3.847380430402804,0.0,0.9410034930587133,-0.3383968469878229,8,361500.0,2073500.0,18.74841,73.68614,C3_dehu_talegaon,34.16,True,36_207,2,test,train
c027_006,2021-22,1365.690960987349,134.66424022490264,1124.5577575629316,303.04774865708777,713.8962494772481,249.5401275980668,0.0003629254557205,8.908862143335901e-05,4.371462347700187e-05,0.03999881485956889,0.0002175785687188125,4.068468418654701,1787.3566027998709,0.5433087027914614,302.0288505554199,2889152.71875,6.324461416607885,0.3179759812066741,0.0197182941286449,0.0,1.5468131731006425,3.465711261503478,5.012524434604121,0.0,0.9410034930587133,-0.3383968469878229,8,362500.0,2073500.0,18.74847,73.69562,C3_dehu_talegaon,33.66,True,36_207,2,test,train
c028_002,2021-22,1142.6312273039537,123.55282988125433,940.882562310682,-399.3565998748993,639.4970925919292,-328.84420798874555,0.0003036484612814,-0.0001174010666663,4.209341691315601e-05,0.039971666698647115,0.0002139265608348,4.068468418654701,1787.3566027998709,0.5433087027914614,302.0288505554199,2889152.71875,3.3985249504797457,0.3160808607005155,0.1080240730147097,0.0,0.0,3.339473492485166,3.339473492485166,0.0,0.9410034930587133,-0.3383968469878229,8,358500.0,2074500.0,18.75724,73.65761,C3_dehu_talegaon,36.63,True,35_207,4,test,train
c028_003,2021-22,1234.7402121785228,129.92463438860253,1016.7283256941176,-331.857641572358,699.4241349411392,-273.2632022159156,0.0003281259574841,-9.755802486842092e-05,4.2090581751385676e-05,0.03990636057853415,0.00021961850332185,4.068468418654701,1787.3566027998709,0.5433087027914614,302.0288505554199,2889152.71875,6.6578642319791115,0.2864086732989864,0.0914783232224295,0.0,0.2084267804030366,3.619996700574707,3.828423480977744,0.0,0.9410034930587133,-0.3383968469878229,8,359500.0,2074500.0,18.75731,73.6671,C3_dehu_talegaon,36.07,True,35_207,4,test,train
c028_004,2021-22,1298.8236339492528,134.68866983915714,1069.4968590900996,-113.51642275063296,736.9964514953933,-93.47339732169472,0.0003451558022401,-3.337105013224705e-05,4.230088856201452e-05,0.03980959039335084,0.000220418544311825,4.068468418654701,1787.3566027998709,0.5433087027914614,302.0288505554199,2889152.71875,7.205443652116774,0.322623494563748,0.0606907214473463,0.0,3.798396471521511,2.603325473351261,6.401721944872772,0.0,0.9410034930587133,-0.3383968469878229,8,360500.0,2074500.0,18.75737,73.67658,C3_dehu_talegaon,35.54,True,36_207,2,test,train
c028_005,2021-22,1316.9732974179049,134.84751608419498,1084.4419275088533,26.074643119268583,732.988435383311,21.470774159813764,0.0003499789833796,7.665306936468897e-06,4.2599473242641645e-05,0.039891238812386015,0.00022032363588490002,4.068468418654701,1787.3566027998709,0.5433087027914614,302.0288505554199,2889152.71875,4.5549289970926745,0.3334945406431976,0.0669996329438015,0.0,0.0,0.7501414562305215,0.7501414562305215,0.0,0.9410034930587133,-0.3383968469878229,8,361500.0,2074500.0,18.75744,73.68607,C3_dehu_talegaon,35.02,True,36_207,2,test,train
c028_006,2021-22,1277.333910120401,130.18946150233694,1051.8014680170352,38.69916109938092,723.3001023788054,31.866244317838444,0.000339445016977,1.1376606255116903e-05,4.2632101379060645e-05,0.040013166286026684,0.0002157071734391125,4.068468418654701,1787.3566027998709,0.5433087027914614,302.0288505554199,2889152.71875,3.849800695691131,0.2666231841479219,0.1206472635205601,0.0,0.7448437836087627,1.547952771207722,2.2927965548164844,0.0,0.9410034930587133,-0.3383968469878229,8,362500.0,2074500.0,18.75751,73.69555,C3_dehu_talegaon,34.53,True,36_207,2,test,train
c029_004,2021-22,1209.1542401164895,127.7318824119494,995.6599403938694,-196.62939886367585,741.8313754422197,-161.911532091579,0.0003213266150003,-5.780423103507938e-05,4.1028704047060656e-05,0.03982459298906025,0.00021456589681624998,4.068468418654701,1787.3566027998709,0.5433087027914614,302.0288505554199,2889152.71875,4.339022822527513,0.2638517705069047,0.12918873824333,0.0,2.377702299193483,0.4320735552267851,2.809775854420268,0.0,0.9410034930587133,-0.3383968469878229,8,360500.0,2075500.0,18.76641,73.67651,C3_dehu_talegaon,36.39,True,36_207,2,test,train
c029_005,2021-22,1223.361658392076,128.11053474073256,1007.3588260811562,-161.57828358122592,733.0956487828144,-133.0492164373738,0.0003251021644472,-4.750006096929667e-05,4.110284905655118e-05,0.03989813977953456,0.0002145742137958625,4.068468418654701,1787.3566027998709,0.5433087027914614,302.0288505554199,2889152.71875,6.262277789172027,0.2978582466741173,0.0455720644317809,0.0,3.2287731859597733,1.2550712435386155,4.483844429498388,0.0,0.9410034930587133,-0.3383968469878229,8,361500.0,2075500.0,18.76648,73.686,C3_dehu_talegaon,35.89,True,36_207,2,test,train
c029_006,2021-22,1176.1515193210946,123.14806044479518,968.4843444857636,-191.70331376195625,734.4687723296562,-157.8552211297279,0.0003125563091062,-5.6356082574249874e-05,4.1096833119518334e-05,0.040027306354311176,0.00021501851590033749,4.068468418654701,1787.3566027998709,0.5433087027914614,302.0288505554199,2889152.71875,6.67504261386869,0.2338881149572728,0.0601530211995099,0.0,1.098896335949152,2.8032502959061767,3.902146631855329,0.0,0.9410034930587133,-0.3383968469878229,8,362500.0,2075500.0,18.76654,73.69548,C3_dehu_talegaon,35.41,True,36_207,2,test,train
c029_007,2021-22,1104.5902829988709,117.01065458874882,909.558316749027,-267.4555001852284,764.1589045807575,-220.2322239276788,0.000293539273008,-7.862537145337152e-05,4.1135342273058825e-05,0.0399868337052327,0.0002119003704751625,4.068468418654701,1787.3566027998709,0.5433087027914614,302.0288505554199,2889152.71875,4.537058293335232,0.3276922444658539,0.0500295635402828,0.0,0.0,0.0,0.0,0.0,0.9410034930587133,-0.3383968469878229,8,363500.0,2075500.0,18.76661,73.70497,C3_dehu_talegaon,34.95,True,36_207,2,test,train
c030_004,2021-22,1124.7279748053163,121.62860396321148,926.14039731283,-302.21292356885044,715.0670421821919,-248.85270338863455,0.0002988907626091,-8.884320328859923e-05,4.007284648064331e-05,0.03970652418281191,0.0002122334114439625,4.068468418654701,1787.3566027998709,0.5433087027914614,302.0288505554199,2889152.71875,3.3365932182990665,0.2498167473902312,0.1603575558784125,0.0,0.0,0.0,0.0,0.0,0.9410034930587133,-0.3383968469878229,8,360500.0,2076500.0,18.77545,73.67644,C3_dehu_talegaon,37.26,True,36_207,2,test,train
c030_005,2021-22,1142.0564620041955,122.75596850597384,940.4092804371944,-340.2166625672009,703.2391637755818,-280.1463127979655,0.0003034957203142,-0.0001000153724655,3.978392513395585e-05,0.039868075953046485,0.0002084542802861,4.068468418654701,1787.3566027998709,0.5433087027914614,302.0288505554199,2889152.71875,8.140206102962711,0.2926073451702467,0.0972807531563814,0.0,0.7503648874146576,0.3823867722368949,1.1327516596515526,0.1292907676340472,0.9410034930587133,-0.3383968469878229,8,361500.0,2076500.0,18.77551,73.68593,C3_dehu_talegaon,36.77,True,36_207,2,test,train
c030_006,2021-22,1091.245633744633,118.6290086306208,898.5698652841656,-417.76015137057226,723.3441680727792,-343.99833669895213,0.0002899930000587,-0.0001228112604047,3.985948375359675e-05,0.03999389850483956,0.0002102322499287,4.068468418654701,1787.3566027998709,0.5433087027914614,302.0288505554199,2889152.71875,20.670890669419073,0.2304749184304793,0.0313725154446175,0.0,1.4828144628878497,4.217281636965968,5.700096099853817,0.5518072759106204,0.9410034930587133,-0.3383968469878229,8,362500.0,2076500.0,18.77558,73.69541,C3_dehu_talegaon,36.3,True,36_207,2,test,train
c030_007,2021-22,1020.5141635831764,113.26038849268672,840.3270960588414,-526.0746594549629,771.5175643940623,-433.1882953370709,0.0002711964701149,-0.0001546530749347,3.996780868682202e-05,0.0399839257308525,0.00020925290267175,4.068468418654701,1787.3566027998709,0.5433087027914614,302.0288505554199,2889152.71875,9.06274920653986,0.2674160934357624,0.1290865251778849,0.0,0.0,0.0,0.0,0.0091823566338231,0.9410034930587133,-0.3383968469878229,8,363500.0,2076500.0,18.77565,73.7049,C3_dehu_talegaon,35.85,True,36_207,2,test,train
c030_008,2021-22,977.2183121733405,109.35278599065784,804.6757759841864,-693.6390332545043,785.2750839060234,-571.1666680658589,0.0002596908168943,-0.0002039128999269,4.0270908923098196e-05,0.039896300399729315,0.000210544663004475,4.068468418654701,1787.3566027998709,0.5433087027914614,302.0288505554199,2889152.71875,3.710837816031067,0.2610744221651991,0.1156369573868939,0.0,0.6515398168263842,0.1237766846023848,0.7753165014287691,0.0,0.9410034930587133,-0.3383968469878229,8,364500.0,2076500.0,18.77571,73.71439,C3_dehu_talegaon,35.43,True,36_207,2,test,train
c031_004,2021-22,1029.3871038797372,112.83846639219485,847.6333857890424,-543.6229825496494,684.1176051162354,-447.6381990356964,0.0002735544090577,-0.0001598118524537,3.935641088799904e-05,0.0397953297129705,0.0002117218278771625,4.068468418654701,1787.3566027998709,0.5433087027914614,302.0288505554199,2889152.71875,4.448511128048667,0.2788762203402721,0.0854407115229498,0.0,0.6809068265270755,0.4050605834669963,1.0859674099940717,0.0,0.9410034930587133,-0.3383968469878229,8,360500.0,2077500.0,18.78448,73.67637,C3_dehu_talegaon,38.13,True,36_207,2,test,train
c031_005,2021-22,1052.7751553623846,114.85327599352584,866.8919263230425,-629.3663133967017,666.4596094879859,-518.2422599966233,0.0002797696652798,-0.0001850182932741,3.910752545161354e-05,0.0398895789840845,0.0002068082030351375,4.068468418654701,1787.3566027998709,0.5433087027914614,302.0288505554199,2889152.71875,15.856977930699271,0.2527227999082779,0.0987286682503355,0.0,0.0,0.4768321868392239,0.4768321868392239,0.6192206866258102,0.9410034930587133,-0.3383968469878229,8,361500.0,2077500.0,18.78455,73.68586,C3_dehu_talegaon,37.65,True,36_207,2,test,train
c031_006,2021-22,1015.4971019061572,112.84422166472908,836.1958717993027,-685.1671515393382,701.835723409641,-564.1906240148257,0.0002698632113854,-0.0002014223740402,3.8862173291309384e-05,0.03994400742479591,0.0002049592538665625,4.068468418654701,1787.3566027998709,0.5433087027914614,302.0288505554199,2889152.71875,25.76703198449495,0.264735445147908,0.0602497490446906,0.0,2.0235326716521422,2.2972430972662794,4.320775768918422,0.7711921662748861,0.9410034930587133,-0.3383968469878229,8,362500.0,2077500.0,18.78461,73.69534,C3_dehu_talegaon,37.19,True,36_207,2,test,train
c031_007,2021-22,967.6440351030418,110.16493358952782,796.7919809968658,-748.7401877940785,761.7244363816267,-616.5388881055624,0.0002571465012561,-0.0002201112908375,3.9004889319828975e-05,0.03990075407488554,0.00020587837399275001,4.068468418654701,1787.3566027998709,0.5433087027914614,302.0288505554199,2889152.71875,9.900171334146004,0.2695974418130695,0.1258282075766975,0.0,0.0,0.0,0.0,0.0286704561131335,0.9410034930587133,-0.3383968469878229,8,363500.0,2077500.0,18.78468,73.70483,C3_dehu_talegaon,36.75,True,36_207,2,test,train
c031_008,2021-22,927.6381320085184,106.9781691858026,763.8497195640659,-876.1396027903619,782.7062761092117,-721.4440273615708,0.0002465151351368,-0.0002575636009231,3.9135757727149326e-05,0.03992006754378498,0.00021015878498012499,4.068468418654701,1787.3566027998709,0.5433087027914614,302.0288505554199,2889152.71875,4.696964289267342,0.2501344223070029,0.0390576618571559,0.0,1.303336254181399,0.5266906189107121,1.830026873092112,0.0,0.9410034930587133,-0.3383968469878229,8,364500.0,2077500.0,18.78475,73.71432,C3_dehu_talegaon,36.34,True,36_207,2,test,train
c032_004,2021-22,930.4629292713934,104.31331297861914,766.1757565418693,-807.4412042151861,671.8867887087669,-664.8753604693105,0.0002472658107019,-0.0002373679530396,3.863307105948484e-05,0.03982532600464449,0.0002106079927552375,4.068468418654701,1787.3566027998709,0.5433087027914614,302.0288505554199,2889152.71875,4.732919031221953,0.2762996284204528,0.0979108507866022,0.0,0.3931532009657354,0.0190070233567142,0.4121602243224497,0.0,0.9410034930587133,-0.3383968469878229,8,360500.0,2078500.0,18.79352,73.6763,C3_dehu_talegaon,39.0,True,36_207,2,test,train
c032_005,2021-22,958.9437519500505,105.76261345013718,789.6278632043478,-939.0770777496964,661.8330986265137,-773.2689480272046,0.0002548344450747,-0.000276065678254,3.832025453886708e-05,0.03997376077464207,0.0002045847008253,4.068468418654701,1787.3566027998709,0.5433087027914614,302.0288505554199,2889152.71875,13.95970177282761,0.2329765731875425,0.101805997855291,0.0,1.0382071386127265,0.061417153050546,1.0996242916632724,0.2859625507399508,0.9410034930587133,-0.3383968469878229,8,361500.0,2078500.0,18.79358,73.68579,C3_dehu_talegaon,38.53,True,36_207,2,test,train
c032_006,2021-22,945.8802099052448,105.1470135015916,778.8708852588287,-995.2718511601362,712.3886849977044,-819.5416921387375,0.0002513628749426,-0.0002925855663478,3.8094552185466674e-05,0.040007750790652,0.0002043620318215,4.068468418654701,1787.3566027998709,0.5433087027914614,302.0288505554199,2889152.71875,24.215216155466326,0.2203537710491911,0.0816471087587994,0.0,2.6076635722600887,1.279428240871059,3.887091813131148,0.590021429941323,0.9410034930587133,-0.3383968469878229,8,362500.0,2078500.0,18.79365,73.69528,C3_dehu_talegaon,38.09,True,36_207,2,test,train
c032_007,2021-22,924.8723426351652,104.64764258332808,761.5722717486824,-1019.2745618306626,775.0956253344784,-839.3063645706062,0.0002457801406194,-0.000299641775852,3.825031512277201e-05,0.03992538150739292,0.0002066825364851375,4.068468418654701,1787.3566027998709,0.5433087027914614,302.0288505554199,2889152.71875,15.233705446522896,0.1965461249293198,0.0828062310928927,0.0,1.1771380721689797,0.0,1.1771380721689797,0.4092012924321729,0.9410034930587133,-0.3383968469878229,8,363500.0,2078500.0,18.79372,73.70476,C3_dehu_talegaon,37.66,True,36_207,2,test,train
c033_005,2021-22,868.9505287969145,98.97740236675376,715.5242921066927,-1183.881390267037,657.5670747226735,-974.8493908875756,0.0002309192018333,-0.0003480321548893,3.751037733010155e-05,0.04008640425152471,0.000204193282668425,4.068468418654701,1787.3566027998709,0.5433087027914614,302.0288505554199,2889152.71875,5.271817185637818,0.3052201384827459,0.0324825730209027,0.0,0.0,2.532654568113215,2.532654568113215,0.158728565639183,0.9410034930587133,-0.3383968469878229,8,361500.0,2079500.0,18.80262,73.68572,C3_dehu_talegaon,39.43,True,36_207,2,test,train
c033_006,2021-22,870.6671751034677,98.78457409044869,716.9378387846544,-1282.822733779381,720.1472792941133,-1056.3211576114793,0.0002313753918945,-0.0003771184884303,3.751264927125565e-05,0.04008633344448664,0.000207978080993575,4.068468418654701,1787.3566027998709,0.5433087027914614,302.0288505554199,2889152.71875,8.098402769247322,0.2856180788430619,0.0266742170213825,0.0,0.5562907255665595,5.504135290209198,6.060426015775757,0.0,0.9410034930587133,-0.3383968469878229,8,362500.0,2079500.0,18.80269,73.69521,C3_dehu_talegaon,38.99,True,36_207,2,test,train
c000_021,2022-23,4670.908765386446,234.08893107777945,3846.1898313996976,5464.908472273808,853.4855551349849,4499.996992309177,0.0013665486877754,0.0016065493448204,8.127422832020105e-05,0.041327054519223,0.00022694966522310002,3.876393637926105,1769.7655219852415,0.5322670376394285,301.9587173461914,2938439.4375,31.118123083842512,0.3663796114084994,-0.0671419958855979,0.6156187945942216,5.073243410295835,12.65317639355793,18.342038598447985,0.0,0.4958353092733837,-0.8684165740459862,8,377500.0,2046500.0,18.50543,73.83955,C1_shivajinagar_kasarwadi,2.79,True,37_204,4,test,train
c000_022,2022-23,4817.845969380158,240.5204612074433,3967.183070240697,5350.234602441374,886.6763747051458,4405.5705125317945,0.0014095375050246,0.001572838033573,8.212491705405825e-05,0.04145455328640401,0.0002260504520111125,3.876393637926105,1769.7655219852415,0.5322670376394285,301.9587173461914,2938439.4375,36.99404860123882,0.3071614589175154,-0.0255610113500869,2.89687832849604,4.509041954597461,12.086926819604171,19.49284710269768,0.0,0.4958353092733837,-0.8684165740459862,8,378500.0,2046500.0,18.50549,73.84902,C1_shivajinagar_kasarwadi,2.35,True,37_204,4,test,train
c000_023,2022-23,4897.003804664918,243.1571404985904,4032.36440356153,5202.663927460463,869.0155160256835,4284.055651498663,0.0014326963893808,0.0015294558667155,8.256034923657839e-05,0.04161137700202521,0.0002283805021549625,3.876393637926105,1769.7655219852415,0.5322670376394285,301.9587173461914,2938439.4375,46.97461652406548,0.2456813326018748,0.0128580806416223,1.9602886760174647,3.8515407533531154,17.5000421541537,23.31187158352428,0.0,0.4958353092733837,-0.8684165740459862,8,379500.0,2046500.0,18.50555,73.8585,C1_shivajinagar_kasarwadi,2.3,True,37_204,4,test,train
c001_020,2022-23,4354.722890575404,218.5141529116349,3585.8313106890423,5161.627885531475,840.0962288841997,4250.265137678788,0.001274043478614,0.0015173922746884,7.940112881445542e-05,0.04131260695700341,0.00022786084177025,3.876393637926105,1769.7655219852415,0.5322670376394285,301.9587173461914,2938439.4375,21.799841627066698,0.3803752946436776,-0.0660316070208039,1.934134580507434,2.983184931696681,12.320570758259285,17.2378902704634,0.0,0.4958353092733837,-0.8684165740459862,8,376500.0,2047500.0,18.51441,73.83002,C1_shivajinagar_kasarwadi,4.19,True,37_204,4,test,train
c001_021,2022-23,4517.365389401182,227.4258326825744,3719.756839222758,5073.1110644294895,894.5206077067875,4177.377287726935,0.0013216271297856,0.0014913704956104,8.049006557683659e-05,0.04136384048591923,0.0002285876303321125,3.876393637926105,1769.7655219852415,0.5322670376394285,301.9587173461914,2938439.4375,32.13730581485159,0.354411397909299,-0.0547229407103627,4.387935602084497,5.318093262810974,10.516609051157264,20.222637916052733,0.0150171076452556,0.4958353092733837,-0.8684165740459862,8,377500.0,2047500.0,18.51447,73.83949,C1_shivajinagar_kasarwadi,3.65,True,37_204,4,test,train
c001_022,2022-23,4647.046148587652,233.18155225651904,3826.540517167264,4878.776959370718,915.8930679760635,4017.355780925064,0.0013595672995036,0.0014342410247798,8.140130820492786e-05,0.041523134716874736,0.0002297163974057625,3.876393637926105,1769.7655219852415,0.5322670376394285,301.9587173461914,2938439.4375,39.95701273973157,0.1956511727882455,0.0373490156834672,0.1346309759247042,6.24924925764292,12.330343825133594,18.71422405870122,0.0,0.4958353092733837,-0.8684165740459862,8,378500.0,2047500.0,18.51453,73.84896,C1_shivajinagar_kasarwadi,3.33,True,37_204,4,test,train
c001_023,2022-23,4715.607738274414,236.4590381892397,3882.996530830379,4742.874543314287,891.1410033083879,3905.4489728597055,0.0013796260835913,0.0013942890404817,8.182930157401617e-05,0.04161647825111711,0.00023168441873755,3.876393637926105,1769.7655219852415,0.5322670376394285,301.9587173461914,2938439.4375,49.22088924384699,0.1458314543761663,0.0751809056677714,2.0700985747509257,6.432412671034408,16.116101609582614,24.61861285536795,0.0,0.4958353092733837,-0.8684165740459862,8,379500.0,2047500.0,18.51459,73.85844,C1_shivajinagar_kasarwadi,3.29,True,37_204,4,test,train
c001_024,2022-23,4696.690414497807,235.04380627673208,3867.4193440340823,4628.408792682235,837.5951039827556,3811.1938657193054,0.0013740915194879,0.0013606389111858,8.102557239977507e-05,0.041570461323990615,0.00023186061469429998,3.876393637926105,1769.7655219852415,0.5322670376394285,301.9587173461914,2938439.4375,42.585706734882926,0.2182438797555591,0.0309220865730543,2.027002261340112,3.74104532359654,15.827139122021634,21.595186706958287,0.0,0.4958353092733837,-0.8684165740459862,8,380500.0,2047500.0,18.51464,73.86791,C1_shivajinagar_kasarwadi,3.55,True,38_204,4,test,train
c001_025,2022-23,4618.182916804033,230.4151807473248,3802.773521457532,4413.733926261677,795.7802372112917,3634.423063771192,0.0013511229017429,0.0012975297543267,7.925671463266541e-05,0.04162027067013732,0.0002339909719408375,3.876393637926105,1769.7655219852415,0.5322670376394285,302.35435890083886,2943022.4048507465,33.56613652973497,0.2784175251671245,0.0148590750866775,2.97068741736691,2.2265158105827623,13.758045766472224,18.955248994421897,0.0,0.4958353092733837,-0.8684165740459862,8,381500.0,2047500.0,18.5147,73.87738,C1_shivajinagar_kasarwadi,4.05,True,38_204,4,test,train
c002_020,2022-23,4208.614214397119,212.7920438017652,3465.5203106625418,4589.587949411592,809.3415747426941,3779.227424040895,0.0012312970603615,0.0013492265333503,7.864019585551431e-05,0.041476460493262375,0.0002241443773258,3.876393637926105,1769.7655219852415,0.5322670376394285,301.9587173461914,2938439.4375,24.159481113079018,0.3359838468895275,0.0002040881208164,2.241174687355649,2.231973106692205,7.637258777266378,12.110406571314233,0.0,0.4958353092733837,-0.8684165740459862,8,376500.0,2048500.0,18.52345,73.82996,C1_shivajinagar_kasarwadi,5.01,True,37_204,4,test,train
c002_021,2022-23,4345.417016382306,220.56173681239517,3578.168528029057,4438.545826928387,877.3826235569381,3654.854051580072,0.0012713208970338,0.001304823845886,7.934392645576584e-05,0.041486752648352825,0.00022455169054285993,3.876393637926105,1769.7655219852415,0.5322670376394285,301.9587173461914,2938439.4375,26.310175814665854,0.3324296316236106,-0.0164945230161498,1.1813910236763987,3.921727991361015,7.58879689232283,12.691915907360244,0.0,0.4958353092733837,-0.8684165740459862,8,377500.0,2048500.0,18.52351,73.83943,C1_shivajinagar_kasarwadi,4.57,True,37_204,4,test,train
c002_022,2022-23,4457.905141225831,225.41175229560451,3670.7951888477232,4257.12200681734,895.8160524630099,3505.4633254636165,0.0013042310879873,0.0012514896828688,8.011938211438956e-05,0.041596142393560236,0.00022773782249296397,3.876393637926105,1769.7655219852415,0.5322670376394285,301.9587173461914,2938439.4375,38.59192335944128,0.3406368206926218,-0.04409738532138,2.522959223205437,5.857001662608793,10.121213896341942,18.50117478215617,0.0,0.4958353092733837,-0.8684165740459862,8,378500.0,2048500.0,18.52356,73.8489,C1_shivajinagar_kasarwadi,4.32,True,37_204,4,test,train
c002_023,2022-23,4519.928577720248,228.2091643867746,3721.8674582358735,4173.457811097026,870.259424792995,3436.571297167902,0.0013223770313166,0.0012268944568917,8.043388554237206e-05,0.041680651645671474,0.0002319420401512216,3.876393637926105,1769.7655219852415,0.5322670376394285,301.9587173461914,2938439.4375,53.76851303579253,0.2307866905170878,-0.0006635551063709,1.17975696046992,5.569177254987277,13.007167103532048,19.756101318989245,0.0,0.4958353092733837,-0.8684165740459862,8,379500.0,2048500.0,18.52362,73.85838,C1_shivajinagar_kasarwadi,4.29,True,37_204,4,test,train
c002_024,2022-23,4500.445095076121,226.59717783022623,3705.824076403753,4112.1427896292025,806.1234340505507,3386.0823615181203,0.0013166768284271,0.00120886934118,7.962987025407309e-05,0.041598948458940715,0.0002349499169432125,3.876393637926105,1769.7655219852415,0.5322670376394285,301.9587173461914,2938439.4375,46.49340078611917,0.3038216983352247,-0.0176610227047794,3.8248654702827576,5.428803248657088,8.588029025352945,17.84169774429279,0.0,0.4958353092733837,-0.8684165740459862,8,380500.0,2048500.0,18.52368,73.86785,C1_shivajinagar_kasarwadi,4.49,True,38_204,4,test,train
c002_025,2022-23,4438.608041513588,223.09982185160936,3654.905281247999,3974.439812792712,753.5618578096448,3272.692908659013,0.0012985854143905,0.0011683880360788,7.81361298558719e-05,0.041696437370598124,0.000233038918551125,3.876393637926105,1769.7655219852415,0.5322670376394285,302.34982368383515,2942969.8705524346,42.2066184769405,0.3562588448448399,-0.0314649299569817,0.8974654328791065,8.201886097811963,3.8498184423699247,12.949169973060997,0.014992415162561,0.4958353092733837,-0.8684165740459862,8,381500.0,2048500.0,18.52374,73.87732,C1_shivajinagar_kasarwadi,4.89,True,38_204,4,test,train
c003_019,2022-23,3917.393869100303,196.9669432778038,3225.7192811331947,4091.517303742746,725.8270352178567,3369.098614228506,0.0011460959141375,0.0012028059531094,7.737045053379977e-05,0.041565555247897235,0.0002274572351361375,3.876393637926105,1769.7655219852415,0.5322670376394285,301.9587173461914,2938439.4375,15.333051107812405,0.307544926211263,0.0541858251832338,0.0,0.3400413805256646,5.673911531133272,6.0139529116589365,0.0,0.4958353092733837,-0.8684165740459862,8,375500.0,2049500.0,18.53243,73.82042,C1_shivajinagar_kasarwadi,6.39,True,37_204,4,test,train
c003_020,2022-23,4056.1679404314914,204.83780412461044,3339.990710704093,4058.7687589453694,776.362744394033,3342.1323157372567,0.0011866964770259,0.0011931786824141,7.802196282789722e-05,0.041584210472049236,0.00022452343843871021,3.876393637926105,1769.7655219852415,0.5322670376394285,301.9587173461914,2938439.4375,31.486206515410345,0.3133337235045317,-0.0217104804792489,2.0148435961633244,3.989321828984449,13.37337742556628,19.37754285071405,0.0,0.4958353092733837,-0.8684165740459862,8,376500.0,2049500.0,18.53248,73.8299,C1_shivajinagar_kasarwadi,5.89,True,37_204,4,test,train
c003_021,2022-23,4169.913714417234,212.120941709614,3433.6529638636143,3844.911610677505,834.6652893075739,3166.03485154884,0.001219974613249,0.0011303099146793,7.864673847268167e-05,0.04157080373548298,0.00022452939489988182,3.876393637926105,1769.7655219852415,0.5322670376394285,301.9587173461914,2938439.4375,30.978694955825805,0.3929962903631689,-0.0688790076709294,3.0623147449720136,4.23091659747169,8.130969775746763,15.424201118190467,0.0,0.4958353092733837,-0.8684165740459862,8,377500.0,2049500.0,18.53254,73.83937,C1_shivajinagar_kasarwadi,5.51,True,37_204,4,test,train
c003_022,2022-23,4263.962079995004,217.44237592236863,3511.095681226357,3649.827487025019,844.8590525817539,3005.395753174664,0.0012474899591962,0.0010729599567379,7.926982865203168e-05,0.0416300194523349,0.00022807162418374456,3.876393637926105,1769.7655219852415,0.5322670376394285,301.9587173461914,2938439.4375,41.02999174314045,0.3503492859716747,-0.0396316315470182,7.270803208443361,1.0015497977105456,6.9657431837919965,15.238096189945905,0.0247987835916559,0.4958353092733837,-0.8684165740459862,8,378500.0,2049500.0,18.5326,73.84884,C1_shivajinagar_kasarwadi,5.31,True,37_204,4,test,train
c003_023,2022-23,4310.422364038765,220.1074374316598,3549.352705935825,3576.409599114989,822.4640799087844,2944.940893509034,0.0012610826546186,0.001051376894493,7.916840026543607e-05,0.041680942611015875,0.0002317280448268369,3.876393637926105,1769.7655219852415,0.5322670376394285,301.9587173461914,2938439.4375,35.950770054724856,0.326193408765247,-0.0593126609660342,7.828866335300509,0.0,2.7453138903992875,10.574180225699797,0.0062513801901463,0.4958353092733837,-0.8684165740459862,8,379500.0,2049500.0,18.53266,73.85832,C1_shivajinagar_kasarwadi,5.29,True,37_204,4,test,train
c003_024,2022-23,4287.977601927098,218.22577974363276,3530.8709028995927,3540.324378924895,760.1079398477526,2915.2270596642243,0.001254516082298,0.0010407687228926,7.828407288435965e-05,0.041653934298209364,0.0002349775683776875,3.876393637926105,1769.7655219852415,0.5322670376394285,301.9587173461914,2938439.4375,36.61797031323374,0.3371740035539737,-0.0440159077098918,2.4325759913141995,0.0,1.8596238767189148,4.292199868033114,0.040603420237507,0.4958353092733837,-0.8684165740459862,8,380500.0,2049500.0,18.53271,73.86779,C1_shivajinagar_kasarwadi,5.45,True,38_204,4,test,train
c003_025,2022-23,4237.511686566692,214.67637854564853,3489.3155011050108,3464.054645883739,712.5731445652367,2852.423890858979,0.001239751475692,0.0010183472879741,7.707280686257057e-05,0.04174992421913129,0.0002350923485216125,3.876393637926105,1769.7655219852415,0.5322670376394285,302.3617930258474,2943108.519041219,41.47043123349826,0.3296367772244772,-0.0290017251982829,3.1885640195729934,3.870592689880167,6.123105957574874,13.182262667028034,0.0,0.4958353092733837,-0.8684165740459862,8,381500.0,2049500.0,18.53277,73.87726,C1_shivajinagar_kasarwadi,5.79,True,38_204,4,test,train
c004_019,2022-23,3750.934951815101,188.09344629709847,3088.6511800063727,3711.928220382659,695.2131857104316,3056.531671506578,0.0010973957090146,0.001091216052516,7.614474157483296e-05,0.04148329753806676,0.00022731792907585,3.876393637926105,1769.7655219852415,0.5322670376394285,301.9587173461914,2938439.4375,23.337797760963436,0.4282763347365943,-0.0377245134729125,1.138446699459573,3.917745401323004,1.5697850427312443,6.625977143513822,0.0,0.4958353092733837,-0.8684165740459862,8,375500.0,2050500.0,18.54146,73.82036,C1_shivajinagar_kasarwadi,7.24,True,37_205,0,test,train
c004_020,2022-23,3861.6186271712754,194.1739181958962,3179.7919939335407,3584.439482621679,750.4257004951864,2951.552980758441,0.0011297779795563,0.0010537374837237,7.680102376533692e-05,0.041485576527313474,0.00022604982303171,3.876393637926105,1769.7655219852415,0.5322670376394285,301.9587173461914,2938439.4375,31.693198050328384,0.3893682698911759,-0.0215363740628958,7.107221916134072,0.9909669903497176,4.213245410726308,12.311434317210097,0.0,0.4958353092733837,-0.8684165740459862,8,376500.0,2050500.0,18.54152,73.82984,C1_shivajinagar_kasarwadi,6.8,True,37_205,0,test,train
c004_021,2022-23,3953.044950020479,199.78520020398557,3255.075629501571,3293.4443941734967,797.091339315663,2711.937435605729,0.0011565262051786,0.0009681920494197,7.739879740942924e-05,0.041536275265591324,0.00022636166851377495,3.876393637926105,1769.7655219852415,0.5322670376394285,301.9587173461914,2938439.4375,24.234883940539973,0.3470692338875045,-0.0068349218275005,0.7010100563694439,2.475330146444078,6.810246883690003,9.986587086503524,0.0,0.4958353092733837,-0.8684165740459862,8,377500.0,2050500.0,18.54158,73.83931,C1_shivajinagar_kasarwadi,6.48,True,37_205,0,test,train
c004_022,2022-23,4025.958915560525,204.76066068510943,3315.1155418426874,3051.141351954024,806.5042558890158,2512.4166262917315,0.0011778583460818,0.0008969608850368,7.783264103440168e-05,0.04160771400890491,0.00023095929575397815,3.876393637926105,1769.7655219852415,0.5322670376394285,301.9587173461914,2938439.4375,29.269828248159786,0.339617932665734,-0.0110520294978959,2.030047731909886,4.41590485417465,3.377267564052706,9.823220150137244,0.1087823792172994,0.4958353092733837,-0.8684165740459862,8,378500.0,2050500.0,18.54164,73.84878,C1_shivajinagar_kasarwadi,6.3,True,37_205,0,test,train
c004_023,2022-23,4057.896072463599,207.60469735617085,3341.4137151306545,2951.2406932574377,793.51759309409,2430.154925854268,0.0011872020695517,0.0008675925363096,7.750078195808367e-05,0.04162117076551721,0.0002347513082473293,3.876393637926105,1769.7655219852415,0.5322670376394285,301.9587173461914,2938439.4375,17.816128045950475,0.4005860866439366,-0.0225203784843434,0.0225033687612142,0.0,2.95618127319816,2.9786846419593744,0.0,0.4958353092733837,-0.8684165740459862,8,379500.0,2050500.0,18.54169,73.85826,C1_shivajinagar_kasarwadi,6.28,True,37_205,0,test,train
c004_024,2022-23,4037.784285333737,206.1538077799135,3324.8529653846144,2910.1996773803803,740.8214843095456,2396.360316311388,0.0011813180461868,0.0008555274820635,7.63998482273227e-05,0.041628998546361526,0.00023480124999362498,3.876393637926105,1769.7655219852415,0.5322670376394285,301.9587173461914,2938439.4375,20.448708587243008,0.3366817574926882,-0.006015317186115,2.159471788242409,0.0,3.2925735316907625,5.452045319933172,0.0,0.4958353092733837,-0.8684165740459862,8,380500.0,2050500.0,18.54175,73.86773,C1_shivajinagar_kasarwadi,6.42,True,38_205,4,test,train
c004_025,2022-23,3994.784377501539,202.69053858020035,3289.4453356143854,2878.0667016256352,706.9905737659286,2369.900898924269,0.0011687377388903,0.0008460811736015,7.524181328274586e-05,0.04167290141768315,0.0002353970889126125,3.876393637926105,1769.7655219852415,0.5322670376394285,302.3228303717907,2942657.189878893,30.469253670318437,0.3260076568797969,-0.0550806153646833,3.180138116690494,0.328195193996187,9.192355154238829,12.70068846492551,0.0,0.4958353092733837,-0.8684165740459862,8,381500.0,2050500.0,18.54181,73.8772,C1_shivajinagar_kasarwadi,6.71,True,38_205,4,test,train
c005_019,2022-23,3572.194573053255,178.6499590924488,2941.470093458761,3303.311231433662,669.5535247981186,2720.0621348975133,0.0010451023669011,0.0009710926580971,7.460568486658336e-05,0.04138588732794045,0.0002264718961468,3.876393637926105,1769.7655219852415,0.5322670376394285,301.9587173461914,2938439.4375,29.83339920288378,0.3902561071499564,-0.0263951398952822,3.379579485081584,0.2601104100537756,4.878189772571935,8.517879667707295,0.0029222226294266,0.4958353092733837,-0.8684165740459862,8,375500.0,2051500.0,18.5505,73.8203,C1_shivajinagar_kasarwadi,8.12,True,37_205,0,test,train
c005_020,2022-23,3649.150029448772,182.49190410167063,3004.8379108849,3092.152705923201,720.8766112522212,2546.186811181038,0.0010676169102665,0.000909017219408,7.511387891582654e-05,0.04140145667053239,0.0002259907481704625,3.876393637926105,1769.7655219852415,0.5322670376394285,301.9587173461914,2938439.4375,26.006221675603403,0.4447236099729265,-0.0245559325258454,0.143954190428346,0.0,1.9431960322373325,2.087150222665678,0.001785482088019,0.4958353092733837,-0.8684165740459862,8,376500.0,2051500.0,18.55056,73.82977,C1_shivajinagar_kasarwadi,7.73,True,37_205,0,test,train
c005_021,2022-23,3714.181383160964,186.6276547496648,3058.3870046337465,2715.2118853308066,755.8140534019334,2235.800540752145,0.001086642867643,0.0007982058432557,7.556239863142853e-05,0.041480899166447815,0.00022739263660420355,3.876393637926105,1769.7655219852415,0.5322670376394285,301.9587173461914,2938439.4375,22.801612117856763,0.3404897399797099,0.0343288209102054,0.0,2.023496865712475,7.717482535788198,9.740979401500674,0.0,0.4958353092733837,-0.8684165740459862,8,377500.0,2051500.0,18.55062,73.83925,C1_shivajinagar_kasarwadi,7.45,True,37_205,0,test,train
c005_022,2022-23,3767.523096701991,191.22914830080887,3102.3104393476247,2402.278185797811,768.424261179673,1978.11997504182,0.0011022488347695,0.0007062109942097,7.57280751282252e-05,0.041556753671527384,0.0002332285433152226,3.876393637926105,1769.7655219852415,0.5322670376394285,301.9587173461914,2938439.4375,22.962720755330437,0.4545857037473939,-0.0582103514992918,2.2270719660991323,1.916104740253864,9.772316366158304,13.9154930725113,0.0,0.4958353092733837,-0.8684165740459862,8,378500.0,2051500.0,18.55067,73.84872,C1_shivajinagar_kasarwadi,7.3,True,37_205,0,test,train
c005_023,2022-23,3791.6181821351856,194.0833619543568,3122.1511763936187,2249.705217868516,765.4320258544418,1852.486050837441,0.0011092982354395,0.0006613582756495,7.533381083270814e-05,0.041552813217839914,0.0002373417968186125,3.876393637926105,1769.7655219852415,0.5322670376394285,301.9587173461914,2938439.4375,19.27373652245938,0.432895381958861,-0.0617790444555817,0.3557821906628565,2.9608832839213908,2.002396394096285,5.319061868680532,0.0,0.4958353092733837,-0.8684165740459862,8,379500.0,2051500.0,18.55073,73.8582,C1_shivajinagar_kasarwadi,7.28,True,37_205,0,test,train
c005_024,2022-23,3780.647653738776,193.52059417398257,3113.117659174007,2182.484422375745,729.4584275746236,1797.1340940621728,0.0011060886327825,0.0006415970069101,7.440399747855047e-05,0.04160879333186575,0.00023603754200850002,3.876393637926105,1769.7655219852415,0.5322670376394285,301.9587173461914,2938439.4375,22.761217476390026,0.3488449060051131,-0.0091981395781903,3.0392768671360155,1.82862309951742,1.0126995794760598,5.880599546129495,0.0,0.4958353092733837,-0.8684165740459862,8,380500.0,2051500.0,18.55079,73.86767,C1_shivajinagar_kasarwadi,7.4,True,38_205,4,test,train
c005_025,2022-23,3746.570663343353,190.50565310697115,3085.057472061203,2172.401784621669,715.458401711825,1788.831697087351,0.001096118866973,0.0006386329581689,7.339077183757072e-05,0.041575779073000696,0.000237472822552675,3.876393637926105,1769.7655219852415,0.5322670376394285,302.3333779093045,2942779.3687033583,37.54667611254048,0.284172524579482,0.025305759640233,1.720406760255234,5.528207679269395,10.943812087428933,18.19242652695356,0.0142657088664962,0.4958353092733837,-0.8684165740459862,8,381500.0,2051500.0,18.55084,73.87714,C1_shivajinagar_kasarwadi,7.65,True,38_205,4,test,train
c006_018,2022-23,3384.360418016167,171.38377848748272,2786.8008731034297,2977.461514272173,672.2832787171953,2451.7460680116947,0.0009901484958284,0.0008753008159698,7.347651222231064e-05,0.041255301768326764,0.0002291345439119,3.876393637926105,1769.7655219852415,0.5322670376394285,301.9587173461914,2938439.4375,29.28015924452271,0.3752941848083029,-0.0483781094240481,1.5515367874988903,4.448511480421868,7.268753474092978,13.268801742013736,0.0,0.4958353092733837,-0.8684165740459862,8,374500.0,2052500.0,18.55947,73.81076,C1_shivajinagar_kasarwadi,9.47,True,37_205,0,test,gap
c006_019,2022-23,3429.143016225324,172.20111978441432,2823.6764325517565,2936.424657574244,659.6214864480439,2417.954883282544,0.0010032503575627,0.0008632369844206,7.321303408383412e-05,0.041296806626265115,0.000229102925447425,3.876393637926105,1769.7655219852415,0.5322670376394285,301.9587173461914,2938439.4375,21.95330392747134,0.3781273924564614,-4.23898508393224e-05,3.3559956665324706,0.1466881213670362,1.5452278972222682,5.047911685121775,0.0266158829932779,0.4958353092733837,-0.8684165740459862,8,375500.0,2052500.0,18.55953,73.82024,C1_shivajinagar_kasarwadi,9.03,True,37_205,0,test,gap
c006_020,2022-23,3470.104833729171,173.89069424896775,2857.4058273809683,2675.9782240285585,697.6304540233637,2203.4941702515,0.0010152343891014,0.0007866721070221,7.339035468290541e-05,0.041333970812353175,0.00022772869099455,3.876393637926105,1769.7655219852415,0.5322670376394285,301.9587173461914,2938439.4375,22.126027652300884,0.4007399308953126,-0.0265669331741068,2.020476838378804,0.6934754331161743,4.405049166342086,7.119001437837064,0.0,0.4958353092733837,-0.8684165740459862,8,376500.0,2052500.0,18.55959,73.82971,C1_shivajinagar_kasarwadi,8.68,True,37_205,0,test,train
c006_021,2022-23,3505.278243407638,176.39452672716547,2886.368844523048,2261.02696253545,717.309680371805,1861.808771832199,0.0010255249298195,0.0006646865914977,7.359643918158318e-05,0.041403180564983724,0.0002288829280874875,3.876393637926105,1769.7655219852415,0.5322670376394285,301.9587173461914,2938439.4375,23.745736601290762,0.3337683019911273,0.0135519139383004,3.234698897491623,1.3017087427997809,3.2263966436398706,7.762804283931275,0.0,0.4958353092733837,-0.8684165740459862,8,377500.0,2052500.0,18.55965,73.83919,C1_shivajinagar_kasarwadi,8.43,True,37_205,0,test,train
c006_022,2022-23,3535.8826361519086,180.00993085167866,2911.5695731353176,1888.5300676210063,728.3647751628499,1555.0817854125958,0.0010344787319265,0.0005551816207358,7.352470559272622e-05,0.04147452406057594,0.0002339004517870234,3.876393637926105,1769.7655219852415,0.5322670376394285,301.9587173461914,2938439.4375,24.77108855309475,0.3339601030696201,0.0310942286577245,3.781773001939698,2.39742787088371,5.184125006026672,11.36332587885008,0.0,0.4958353092733837,-0.8684165740459862,8,378500.0,2052500.0,18.55971,73.84866,C1_shivajinagar_kasarwadi,8.29,True,37_205,0,test,train
c006_023,2022-23,3547.4944503990314,182.40823626944524,2921.13114757932,1653.1564009621795,724.6249919042328,1361.2668665704498,0.001037875952964,0.000485987523181,7.30414701163715e-05,0.04146431791755097,0.0002379048149960875,3.876393637926105,1769.7655219852415,0.5322670376394285,301.9587173461914,2938439.4375,22.262552767725712,0.4902668434468296,-0.0604919775095583,2.5321732075281207,1.082620121839832,0.8858094528845185,4.500602782252472,0.0,0.4958353092733837,-0.8684165740459862,8,379500.0,2052500.0,18.55977,73.85814,C1_shivajinagar_kasarwadi,8.28,True,37_205,0,test,train
c006_024,2022-23,3538.665404798837,182.44583700759603,2913.8610022791,1507.344066191405,698.4575918048828,1241.1998844354216,0.0010352928751765,0.0004431222653123,7.234311014117546e-05,0.0415343127500371,0.0002380357735931,3.876393637926105,1769.7655219852415,0.5322670376394285,301.9587173461914,2938439.4375,16.614421197498455,0.5889678748640849,-0.14934239701037,0.0,0.1231838535610657,0.0839814511337182,0.207165304694784,0.0,0.4958353092733837,-0.8684165740459862,8,380500.0,2052500.0,18.55982,73.86761,C1_shivajinagar_kasarwadi,8.39,True,38_205,4,test,train
c006_025,2022-23,3508.5338514432574,179.90883876227184,2889.0496261761627,1458.3672715792502,700.4019079587847,1200.8706768071847,0.001026477409757,0.0004287242863352,7.156948099561547e-05,0.04147516032109609,0.0002394707044305375,3.876393637926105,1769.7655219852415,0.5322670376394285,302.32738334029466,2942709.9298041044,25.089225274387367,0.4425041381903512,-0.080576505855651,2.091060705385367,2.889550844603761,7.302373310345118,12.282984860334246,0.0,0.4958353092733837,-0.8684165740459862,8,381500.0,2052500.0,18.55988,73.87709,C1_shivajinagar_kasarwadi,8.61,True,38_205,4,test,train
c007_018,2022-23,3333.444431368334,169.73111691624362,2744.8748668513304,2836.011604393668,676.5461129439852,2335.271259285239,0.0009752522137053,0.0008337180042552,7.276522909985082e-05,0.04117421159986885,0.0002349304214245,3.876393637926105,1769.7655219852415,0.5322670376394285,301.9587173461914,2938439.4375,25.458261372495844,0.3590272380038141,-0.0258708840339518,3.276129994217284,1.9945292728122204,7.28351137428587,12.554170641315372,0.0075523300558943,0.4958353092733837,-0.8684165740459862,8,374500.0,2053500.0,18.56851,73.8107,C1_shivajinagar_kasarwadi,10.36,True,37_205,0,test,gap
c007_019,2022-23,3337.5061342316085,168.57908317407586,2748.219415211311,2717.2877490666547,669.4190089336093,2237.5098796395487,0.0009764405295121,0.0007988160963902,7.216824460590414e-05,0.041204458185622364,0.0002344262856449625,3.876393637926105,1769.7655219852415,0.5322670376394285,301.9587173461914,2938439.4375,20.103233203182953,0.3173521512990435,-0.0140533693312192,0.0,1.974036175149284,8.65073688186898,10.624773057018263,0.0,0.4958353092733837,-0.8684165740459862,8,375500.0,2053500.0,18.56857,73.82018,C1_shivajinagar_kasarwadi,9.95,True,37_205,0,test,gap
c007_020,2022-23,3342.177922490507,168.67289197482867,2752.0663292484646,2435.974807291706,689.8079034179956,2005.866953082317,0.0009778073355097,0.000716116976251,7.19544323672405e-05,0.04124211287431477,0.00023233333698971252,3.876393637926105,1769.7655219852415,0.5322670376394285,301.9587173461914,2938439.4375,22.002444175006904,0.3427936466488859,-0.0293773576005768,0.0,3.744782605621488,10.048196641206356,13.792979246827844,0.0,0.4958353092733837,-0.8684165740459862,8,376500.0,2053500.0,18.56863,73.82965,C1_shivajinagar_kasarwadi,9.63,True,37_205,0,test,gap
c007_021,2022-23,3346.457441849745,169.1448551202279,2755.5902353381653,2053.5498191545653,694.4721536827537,1690.9648270664757,0.0009790593769985,0.000603693389058,7.188563637746263e-05,0.0413119343728873,0.0002329701986074375,3.876393637926105,1769.7655219852415,0.5322670376394285,301.9587173461914,2938439.4375,25.05063305017425,0.3333018204733043,0.0023413735513949,3.241628874461827,0.1595516644027096,5.107532204909012,8.508712743773549,0.14822359745727,0.4958353092733837,-0.8684165740459862,8,377500.0,2053500.0,18.56869,73.83913,C1_shivajinagar_kasarwadi,9.41,True,37_205,0,test,train
c007_022,2022-23,3349.01887945437,170.7480496991578,2757.699412751708,1682.0314395901246,702.1492508975737,1385.0435844492215,0.00097980876633,0.0004944760778612,7.165222793901155e-05,0.041384760029206685,0.0002352647637532,3.876393637926105,1769.7655219852415,0.5322670376394285,301.9587173461914,2938439.4375,30.7531067005018,0.3148744836344637,0.0029711883321729,0.9304167601908322,0.1358207182530652,12.404328881756282,13.47056636020018,0.0,0.4958353092733837,-0.8684165740459862,8,378500.0,2053500.0,18.56875,73.8486,C1_shivajinagar_kasarwadi,9.29,True,37_205,0,test,train
c007_023,2022-23,3338.1571319802856,172.2281648400081,2748.7554695525523,1374.6422730709262,693.0624483219719,1131.9285813667852,0.0009766309892628,0.0004041111858266,7.108061547522102e-05,0.04138836141439356,0.0002359805149195375,3.876393637926105,1769.7655219852415,0.5322670376394285,301.9587173461914,2938439.4375,22.28663641653962,0.3575208653325,0.0284815476133263,0.0,2.0055931280650388,2.968003147551772,4.973596275616811,0.0,0.4958353092733837,-0.8684165740459862,8,379500.0,2053500.0,18.5688,73.85808,C1_shivajinagar_kasarwadi,9.28,True,37_205,0,test,train
c007_024,2022-23,3319.5870360100853,172.2341209667801,2733.46420229039,1135.9737338862635,670.9032103675098,935.4005491154164,0.0009711980121796,0.0003339484763866,7.05032438533454e-05,0.041457770549259386,0.00023856580771404999,3.876393637926105,1769.7655219852415,0.5322670376394285,301.9587173461914,2938439.4375,15.9501209441095,0.409939327955029,0.0186856998583842,0.0,2.035821406458861,3.036086483374826,5.071907889833687,0.0,0.4958353092733837,-0.8684165740459862,8,380500.0,2053500.0,18.56886,73.86755,C1_shivajinagar_kasarwadi,9.37,True,38_205,4,test,train
c008_017,2022-23,3388.789708096212,173.91538154108102,2790.448105648932,2808.6143799497213,709.0721949998928,2312.711425351903,0.0009914443551249,0.0008256638907776,7.308830042694988e-05,0.04115367201589148,0.0002403312665965625,3.876393637926105,1769.7655219852415,0.5322670376394285,301.9587173461914,2938439.4375,19.183364813114565,0.2647024418880639,0.1085510398462651,2.905996145590806,0.6055280434827497,0.0,3.511524189073556,0.0413671506658314,0.4958353092733837,-0.8684165740459862,8,373500.0,2054500.0,18.57749,73.80116,C1_shivajinagar_kasarwadi,11.71,True,37_205,0,test,gap
c008_018,2022-23,3331.9784010486646,169.31545665342134,2743.6676861524006,2812.1787101156515,683.2385091204878,2315.646419617161,0.0009748233032062,0.0008267117166144,7.211471054842107e-05,0.04114448382620549,0.00023854981448855002,3.876393637926105,1769.7655219852415,0.5322670376394285,301.9587173461914,2938439.4375,23.82446035989901,0.2786639730754139,0.0488572153499106,0.4784058092374953,2.23832849162404,9.910941678397146,12.62767597925868,0.0,0.4958353092733837,-0.8684165740459862,8,374500.0,2054500.0,18.57755,73.81064,C1_shivajinagar_kasarwadi,11.26,True,37_205,0,test,gap
c008_019,2022-23,3291.5157819525957,166.34787163079508,2710.3493487718106,2623.9203438265963,685.1223190036627,2160.627888863012,0.0009629853201055,0.0007713683642869,7.134469474728214e-05,0.041142263895111865,0.0002374446614107375,3.876393637926105,1769.7655219852415,0.5322670376394285,301.9587173461914,2938439.4375,28.00981721928409,0.2628696253585128,0.0121692763865275,0.0,4.166156494894586,10.753792254270037,14.919948749164622,0.1110706063677752,0.4958353092733837,-0.8684165740459862,8,375500.0,2054500.0,18.57761,73.82011,C1_shivajinagar_kasarwadi,10.89,True,37_205,0,test,gap
c008_020,2022-23,3260.984125786166,165.00850783966465,2685.2085140046397,2332.2514602063825,689.0644792405755,1920.4575171724064,0.0009540527982419,0.0006856248506925,7.082142807219082e-05,0.04117557314847615,0.0002368493903310375,3.876393637926105,1769.7655219852415,0.5322670376394285,301.9587173461914,2938439.4375,31.02498520751419,0.2596746672709464,0.0114431657008888,0.2837198081695211,2.920009054979628,12.84671773955916,16.05044660270831,0.118939326553386,0.4958353092733837,-0.8684165740459862,8,376500.0,2054500.0,18.57767,73.82959,C1_shivajinagar_kasarwadi,10.6,True,37_205,0,test,gap
c008_021,2022-23,3232.769603016402,163.63290389911882,2661.975688011755,2016.0171004089516,683.95579480025,1660.0590722262348,0.0009457981906261,0.0005926596883078,7.044691023617618e-05,0.04126227705460753,0.0002380426158975125,3.876393637926105,1769.7655219852415,0.5322670376394285,301.9587173461914,2938439.4375,21.0639484958049,0.3729467486936526,-0.0008220763149791,4.613298694348337,0.2627122187611281,0.6210830188281173,5.497093931937583,0.0032707942628241,0.4958353092733837,-0.8684165740459862,8,377500.0,2054500.0,18.57772,73.83906,C1_shivajinagar_kasarwadi,10.4,True,37_205,0,test,gap
c008_022,2022-23,3201.4852729458985,163.1248369091261,2636.2150751967524,1702.1103144163103,691.4944403902971,1401.5772330519756,0.0009366454620345,0.0005003787756576,7.005942629148547e-05,0.041320052216887136,0.00023820515093599999,3.876393637926105,1769.7655219852415,0.5322670376394285,301.9587173461914,2938439.4375,16.6264350821087,0.5014025742140729,-0.0858296477460288,0.0,0.0,0.5091339078550142,0.5091339078550142,0.0,0.4958353092733837,-0.8684165740459862,8,378500.0,2054500.0,18.57778,73.84854,C1_shivajinagar_kasarwadi,10.29,True,37_205,0,test,train
c008_023,2022-23,3163.5155226426746,163.59995966835427,2604.9494532691183,1382.7774808096112,683.4691622356299,1138.6273962767928,0.0009255368073683,0.0004065027378039,6.951119213449467e-05,0.04133998859804003,0.00023362394495615,3.876393637926105,1769.7655219852415,0.5322670376394285,301.9587173461914,2938439.4375,17.666343464885117,0.3811418420638631,0.0018230780941568,0.0,0.4191313488486521,1.2196504811479454,1.6387818299965975,0.0,0.4958353092733837,-0.8684165740459862,8,379500.0,2054500.0,18.57784,73.85802,C1_shivajinagar_kasarwadi,10.28,True,37_205,0,test,train
c008_024,2022-23,3128.972030677885,163.28377382202638,2576.5051324293345,1111.042638800454,670.7919525998298,914.8714124482038,0.0009154305591013,0.0003266193445852,6.901033384554422e-05,0.04143355503843365,0.00023654811808423748,3.876393637926105,1769.7655219852415,0.5322670376394285,301.9587173461914,2938439.4375,14.02933237537161,0.4536011824746177,-0.0472247805335356,0.0,0.0,2.4891609222270388,2.4891609222270388,0.0,0.4958353092733837,-0.8684165740459862,8,380500.0,2054500.0,18.5779,73.86749,C1_shivajinagar_kasarwadi,10.36,True,38_205,4,test,train
c009_017,2022-23,3474.699060797725,176.09233379502595,2861.1888748181523,2865.8284622875653,675.0602438319754,2359.823504125823,0.0010165785033386,0.0008424834307499,7.315925522310855e-05,0.041113951512934926,0.0002450921293401625,3.876393637926105,1769.7655219852415,0.5322670376394285,301.9587173461914,2938439.4375,26.137953856038113,0.2910554753339058,0.053085967027612,0.407487989284379,0.5953523596026165,5.161834542940624,6.16467489182762,0.0,0.4958353092733837,-0.8684165740459862,8,373500.0,2055500.0,18.58652,73.8011,C1_shivajinagar_kasarwadi,12.59,True,37_205,0,test,gap
c009_018,2022-23,3379.701333140644,170.13246439023192,2782.9644194769626,2791.4527665348155,670.9779200643922,2298.579951944423,0.0009887854064077,0.0008206187964403,7.175407319683621e-05,0.04107916815771771,0.0002415384417196625,3.876393637926105,1769.7655219852415,0.5322670376394285,301.9587173461914,2938439.4375,23.24165901189209,0.2219118515137413,0.1015701692354053,0.0,0.657300307020773,10.471987800481529,11.1292881075023,0.0,0.4958353092733837,-0.8684165740459862,8,374500.0,2055500.0,18.58658,73.81057,C1_shivajinagar_kasarwadi,12.18,True,37_205,0,test,gap
c009_019,2022-23,3303.46279870766,166.21028470822972,2720.1869406981195,2562.9261014161016,681.0162922134562,2110.403093921258,0.0009664806099708,0.0007534375497674,7.064498776781915e-05,0.04106172656297517,0.0002385739936298875,3.876393637926105,1769.7655219852415,0.5322670376394285,301.9587173461914,2938439.4375,31.28630558344738,0.2021326205237908,0.0366340768400894,0.0,4.26896761936219,20.464234485644184,24.733202105006374,0.0,0.4958353092733837,-0.8684165740459862,8,375500.0,2055500.0,18.58664,73.82005,C1_shivajinagar_kasarwadi,11.84,True,37_205,0,test,gap
c009_020,2022-23,3243.296861361299,164.05037000420782,2670.6442011496497,2290.4549065175515,675.691813851882,1886.0407713398145,0.0009488781075758,0.0006733376868204,6.9902916418086e-05,0.04113157081525062,0.0002384532479522875,3.876393637926105,1769.7655219852415,0.5322670376394285,301.9587173461914,2938439.4375,30.578442903214892,0.2692848158937537,0.0116039212673289,4.250444926037323,3.0761023055456302,9.994070347572258,17.32061757915521,0.0059482739655315,0.4958353092733837,-0.8684165740459862,8,376500.0,2055500.0,18.5867,73.82953,C1_shivajinagar_kasarwadi,11.57,True,37_205,0,test,gap
c009_021,2022-23,3177.533639766326,160.83191760190803,2616.4924617594365,2039.8559553555544,667.8857605789979,1679.6888201175427,0.000929638030604,0.0005996677282393,6.917298906046169e-05,0.04123743143648949,0.0002402395693970125,3.876393637926105,1769.7655219852415,0.5322670376394285,301.9587173461914,2938439.4375,20.755030442623827,0.3816360601945399,0.0341420916272908,0.0469761023312347,0.0,0.0,0.0469761023312347,0.0,0.4958353092733837,-0.8684165740459862,8,377500.0,2055500.0,18.58676,73.839,C1_shivajinagar_kasarwadi,11.39,True,37_205,0,test,gap
c009_022,2022-23,3103.3698251432547,158.01441747456045,2555.423379919327,1775.9128506551715,675.8547067883962,1462.3488256202008,0.0009079402264626,0.0005220749150975,6.857584777280903e-05,0.041247008841309024,0.00023905660427545001,3.876393637926105,1769.7655219852415,0.5322670376394285,301.9587173461914,2938439.4375,15.827444082837765,0.4915728491410931,-0.0424150555685006,0.0,0.0,0.8752062826804562,0.8752062826804562,0.0,0.4958353092733837,-0.8684165740459862,8,378500.0,2055500.0,18.58682,73.84848,C1_shivajinagar_kasarwadi,11.29,True,37_205,0,test,train
c009_023,2022-23,3033.5473873724536,157.26555280697016,2497.929139794649,1471.547302376699,674.8314147681971,1211.7235756705363,0.000887512561204,0.0004325988928268,6.804518597308161e-05,0.04124244785991293,0.00023380068510275,3.876393637926105,1769.7655219852415,0.5322670376394285,301.9587173461914,2938439.4375,18.183566376857165,0.2814557939352695,0.0255178558817256,0.0,0.0,14.144903874434675,14.144903874434675,0.0,0.4958353092733837,-0.8684165740459862,8,379500.0,2055500.0,18.58688,73.85796,C1_shivajinagar_kasarwadi,11.28,True,37_205,0,test,train
c009_024,2022-23,2974.181130667678,156.14587088340997,2449.04488528764,1204.4857792701512,676.1666201853559,991.8157662647288,0.0008701440181061,0.0003540893409925,6.733796415601877e-05,0.04133803510581794,0.00023603516472281248,3.876393637926105,1769.7655219852415,0.5322670376394285,301.9587173461914,2938439.4375,12.631314066948931,0.3393002805716316,0.039985676630715,0.0,0.0,2.839295761349037,2.839295761349037,0.0,0.4958353092733837,-0.8684165740459862,8,380500.0,2055500.0,18.58693,73.86743,C1_shivajinagar_kasarwadi,11.36,True,38_205,4,test,train
c010_016,2022-23,3663.564499447183,184.56326619440352,3016.7072902107698,3083.9994294616167,641.8248759754387,2539.473117851911,0.0010718340928429,0.0009066203556684,7.488623225417511e-05,0.04108992551502145,0.0002503528291721875,3.876393637926105,1769.7655219852415,0.5322670376394285,301.9587173461914,2938439.4375,40.791319091931655,0.2565755804459243,-0.0054047025392041,2.5169703603370848,2.683838641354116,13.060383582187104,18.261192583878305,0.0,0.4958353092733837,-0.8684165740459862,8,372500.0,2056500.0,18.5955,73.79156,C2_pcmc,13.94,True,37_205,0,test,test
c010_017,2022-23,3574.722430129097,179.14312604828183,2943.5516194890665,3052.5623218133146,638.1601942402879,2513.5867026297733,0.0010458419317146,0.0008973786153992,7.376346514267852e-05,0.041087701714122814,0.0002488489274414875,3.876393637926105,1769.7655219852415,0.5322670376394285,301.9587173461914,2938439.4375,39.89252396740481,0.2070504541541892,0.013394345680534,2.875247924888055,3.1247080319731806,12.93110374705576,18.931059703917,0.0,0.4958353092733837,-0.8684165740459862,8,373500.0,2056500.0,18.59556,73.80104,C1_shivajinagar_kasarwadi,13.5,True,37_205,0,test,gap
c010_018,2022-23,3469.518138217256,173.4162499621792,2856.922721753049,2897.2058861894207,641.4124056553177,2385.660773661284,0.0010150627419933,0.0008517076254583,7.211237167543804e-05,0.041077299264948075,0.0002455626170969875,3.876393637926105,1769.7655219852415,0.5322670376394285,301.9587173461914,2938439.4375,27.892577384545554,0.2335298352283278,0.0810510033488966,1.967368967904697,1.2601726055541345,7.630675775472495,10.858217348931326,0.0,0.4958353092733837,-0.8684165740459862,8,374500.0,2056500.0,18.59562,73.81051,C1_shivajinagar_kasarwadi,13.11,True,37_205,0,test,gap
c010_019,2022-23,3381.091844939127,169.66449453388356,2784.109415581232,2624.200862311043,656.6003457796023,2160.8588776055863,0.0009891922227617,0.000771450829856,7.076705705164178e-05,0.041066612083932426,0.0002446437671073,3.876393637926105,1769.7655219852415,0.5322670376394285,301.9587173461914,2938439.4375,33.93122356242528,0.2576548591158145,0.0062118737551615,0.0,3.601261825532812,15.015455208769016,18.61671703430183,0.0,0.4958353092733837,-0.8684165740459862,8,375500.0,2056500.0,18.59568,73.81999,C1_shivajinagar_kasarwadi,12.79,True,37_205,0,test,gap
c010_020,2022-23,3299.0507644665413,167.0203612505625,2716.5539172146105,2379.288944486235,654.6696999346091,1959.1898287671984,0.0009651897991446,0.0006994527198938,6.97722990491009e-05,0.041133434918287276,0.0002465723582973125,3.876393637926105,1769.7655219852415,0.5322670376394285,301.9587173461914,2938439.4375,27.86060559148711,0.354492450054909,-0.0037624188593969,4.57522036070846,0.0,5.387720286382891,9.96294064709135,0.1347154386439809,0.4958353092733837,-0.8684165740459862,8,376500.0,2056500.0,18.59574,73.82947,C1_shivajinagar_kasarwadi,12.55,True,37_205,0,test,gap
c010_021,2022-23,3194.1648223755988,162.28892943914667,2630.187159868284,2213.742447653559,651.0591632831591,1822.8730465898009,0.0009345037477294,0.0006507861013451,6.860854546903313e-05,0.0411857591954619,0.0002458937664709125,3.876393637926105,1769.7655219852415,0.5322670376394285,301.9587173461914,2938439.4375,12.705973048212087,0.4943851085930382,-0.0037618413038194,0.0,0.0,0.0,0.0,0.0,0.4958353092733837,-0.8684165740459862,8,377500.0,2056500.0,18.5958,73.83894,C1_shivajinagar_kasarwadi,12.38,True,37_205,0,test,gap
c010_022,2022-23,3073.580348511837,157.54594011336042,2530.8936817690364,1991.771730487544,658.7205654520523,1640.0945856703672,0.0008992248410323,0.0005855321429226,6.757977020266452e-05,0.04112114485804096,0.0002423885139890499,3.876393637926105,1769.7655219852415,0.5322670376394285,301.9587173461914,2938439.4375,11.09838416397087,0.4251484100689314,0.0364919275158907,0.0,0.0,0.770512021305201,0.770512021305201,0.0,0.4958353092733837,-0.8684165740459862,8,378500.0,2056500.0,18.59585,73.84842,C1_shivajinagar_kasarwadi,12.29,True,37_205,0,test,gap
c010_023,2022-23,2961.246343276398,155.71939548832134,2438.3939284322355,1670.1511788584878,665.2852223675534,1375.2609617700955,0.0008663597402227,0.000490983571959,6.678217168951966e-05,0.04112556579308658,0.00023792413704299667,3.876393637926105,1769.7655219852415,0.5322670376394285,301.9587173461914,2938439.4375,13.02574091403525,0.3055791732483724,0.104107500917823,0.0,0.0,6.468890686275909,6.468890686275909,0.0,0.4958353092733837,-0.8684165740459862,8,379500.0,2056500.0,18.59591,73.8579,C1_shivajinagar_kasarwadi,12.28,True,37_205,0,test,train
c011_015,2022-23,3790.205217978405,191.99230696923755,3120.987692231347,3251.9334402821128,667.9057719901244,2677.7558626467603,0.0011088848502909,0.0009559888448984,7.562105642988615e-05,0.04103471537871654,0.0002525967489751875,3.876393637926105,1769.7655219852415,0.5322670376394285,301.9587173461914,2938439.4375,41.19477750032922,0.1699690403291242,0.0479309547178053,2.474952344234139,1.7928907732580472,21.185381553852505,25.45322467134469,0.0,0.4958353092733837,-0.8684165740459862,8,371500.0,2057500.0,18.60447,73.78202,C2_pcmc,15.3,True,37_205,0,test,test
c011_016,2022-23,3749.194288282079,187.1133573831312,3087.217856703162,3272.9940604744997,653.9424319372532,2695.0979147603016,0.0010968864501987,0.0009621801518056,7.4870919838827e-05,0.0410464029762673,0.0002510758357899375,3.876393637926105,1769.7655219852415,0.5322670376394285,301.9587173461914,2938439.4375,41.099385892016016,0.1956193590663051,0.0273241432913375,0.0,2.1634490345656805,20.11549008819411,22.27893912275979,0.0,0.4958353092733837,-0.8684165740459862,8,372500.0,2057500.0,18.60453,73.7915,C2_pcmc,14.83,True,37_205,0,test,test
c011_017,2022-23,3671.0298109840064,182.86407076434568,3022.8544891314464,3167.2005073680643,636.2804396444812,2607.983798723409,0.001074018188529,0.0009310794363423,7.390468420064536e-05,0.04105250624910884,0.0002490788128912875,3.876393637926105,1769.7655219852415,0.5322670376394285,301.9587173461914,2938439.4375,37.81875004353225,0.2460289457638012,0.0195941961740409,0.3036646312775459,3.522260485481433,8.587951576998412,12.413876693757391,0.0,0.4958353092733837,-0.8684165740459862,8,373500.0,2057500.0,18.60459,73.80097,C2_pcmc,14.41,True,37_205,0,test,test
c011_018,2022-23,3573.2505432255853,178.7810390902862,2942.33961627393,2970.856477870388,627.4243989313497,2446.307249760131,0.0010454113077787,0.0008733590969168,7.241869645121117e-05,0.04101144838764944,0.000247971027586325,3.876393637926105,1769.7655219852415,0.5322670376394285,301.9587173461914,2938439.4375,21.58990573776533,0.3587434694878917,0.0153618527078353,0.510996202271724,0.1443327584831022,4.041010626076944,4.696339586831771,0.0,0.4958353092733837,-0.8684165740459862,8,374500.0,2057500.0,18.60465,73.81045,C1_shivajinagar_kasarwadi,14.05,True,37_205,0,test,gap
c011_019,2022-23,3487.7585315129445,175.3308957655826,2871.9425002883304,2715.309894836744,623.2913737968963,2235.8812452111806,0.0010203992593125,0.0007982346556518,7.113674919910144e-05,0.040991625097986775,0.00024950732600335,3.876393637926105,1769.7655219852415,0.5322670376394285,301.9587173461914,2938439.4375,33.76390572311433,0.2803628540430113,-0.0102511593900349,8.581661934044797,2.0527113041918232,9.325115098713532,19.95948833695015,0.0231477164665112,0.4958353092733837,-0.8684165740459862,8,375500.0,2057500.0,18.60471,73.81993,C1_shivajinagar_kasarwadi,13.76,True,37_205,0,test,gap
c011_020,2022-23,3398.167888072001,171.9971586691127,2798.1704274222056,2556.0231341090603,613.7094052562267,2104.7189489301218,0.0009941880909123,0.0007514082463196,7.008730454614e-05,0.04104833291021796,0.0002532284361275375,3.876393637926105,1769.7655219852415,0.5322670376394285,301.9587173461914,2938439.4375,22.61059195649505,0.3217153146217162,0.0221163945819842,2.197564856490728,0.6347824932766383,2.541199077483433,5.373546427250799,0.0002594028233591,0.4958353092733837,-0.8684165740459862,8,376500.0,2057500.0,18.60477,73.8294,C1_shivajinagar_kasarwadi,13.53,True,37_205,0,test,gap
c011_021,2022-23,3267.7664292885743,166.28230894380633,2690.793300193944,2505.635572882023,620.0999369253785,2063.2280666725605,0.0009560370690587,0.0007365955364843,6.886902625756117e-05,0.041098141716317996,0.0002524979374986125,3.876393637926105,1769.7655219852415,0.5322670376394285,301.9587173461914,2938439.4375,8.755206225792996,0.3626567067533595,-0.057228445372836,0.0,0.0,0.0,0.0,0.0,0.4958353092733837,-0.8684165740459862,8,377500.0,2057500.0,18.60483,73.83888,C1_shivajinagar_kasarwadi,13.37,True,37_205,0,test,gap
c011_022,2022-23,3102.725502239443,160.2561311191652,2554.892821879071,2380.357172218826,642.7900535590272,1960.06944488669,0.000907751719544,0.0006997667527038,6.790254906361237e-05,0.041095059701419724,0.00024559416554183753,3.876393637926105,1769.7655219852415,0.5322670376394285,301.9587173461914,2938439.4375,9.136911945121618,0.3536767010498767,-0.0364034972409608,0.0,0.0,0.0,0.0,0.0,0.4958353092733837,-0.8684165740459862,8,378500.0,2057500.0,18.60489,73.84836,C1_shivajinagar_kasarwadi,13.29,True,37_205,0,test,gap
c011_023,2022-23,2934.285878179736,156.8611560733471,2416.1937374387794,2125.3623194746265,671.0946787443432,1750.097754377154,0.0008584720271351,0.0006248045066411,6.676311683635424e-05,0.04114129371365205,0.00024066823370614998,3.876393637926105,1769.7655219852415,0.5322670376394285,301.9587173461914,2938439.4375,15.418227457249714,0.2857006698958972,0.1334732777619181,0.0,0.0,0.0,0.0,0.0,0.4958353092733837,-0.8684165740459862,8,379500.0,2057500.0,18.60495,73.85783,C1_shivajinagar_kasarwadi,13.28,True,37_205,0,test,gap
c012_015,2022-23,3806.6902914792136,193.464207779627,3134.5620789842087,3246.744360827239,695.9269489375835,2673.482992925656,0.0011137078208715,0.0009544633825342,7.56986086976419e-05,0.041000165825318485,0.000250287749286375,3.876393637926105,1769.7655219852415,0.5322670376394285,301.9587173461914,2938439.4375,38.88139849465068,0.2180528219716648,0.0295196869128403,2.030583424198469,2.385723516657277,18.07911061736704,22.495417558222783,0.0,0.4958353092733837,-0.8684165740459862,8,371500.0,2058500.0,18.61351,73.78195,C2_pcmc,16.18,True,37_205,0,test,test
c012_016,2022-23,3793.492007288413,189.48432023185276,3123.6941496376207,3244.9258926889192,681.8877375049552,2671.9856025860804,0.0011098464528064,0.000953928797406,7.484135713017058e-05,0.04103088432691534,0.0002524306299063,3.876393637926105,1769.7655219852415,0.5322670376394285,301.9587173461914,2938439.4375,37.50185247001277,0.1812459340190652,0.0554938867010028,0.4163606721954682,1.8073303421065912,24.287669252272813,26.511360266574872,0.0,0.4958353092733837,-0.8684165740459862,8,372500.0,2058500.0,18.61357,73.79143,C2_pcmc,15.73,True,37_205,0,test,test
c012_017,2022-23,3734.70678707611,186.38907526657223,3075.288340923768,3090.507535549072,660.3083684221136,2544.832120288597,0.0010926479011804,0.0009085335795812,7.383774799279927e-05,0.041040528761539415,0.00025045537443265,3.876393637926105,1769.7655219852415,0.5322670376394285,301.9587173461914,2938439.4375,38.43315786571913,0.2091883740771084,0.0332247622101533,0.0,1.9801937682735773,19.192464757125475,21.17265852539905,0.0,0.4958353092733837,-0.8684165740459862,8,373500.0,2058500.0,18.61363,73.80091,C2_pcmc,15.34,True,37_205,0,test,test
c012_018,2022-23,3650.4374549904255,183.75188667674132,3005.898022155685,2858.663179997824,645.5298440918415,2353.9233597928537,0.0010679935670956,0.0008403770131171,7.253263764331149e-05,0.04101510484125135,0.000248423953219075,3.876393637926105,1769.7655219852415,0.5322670376394285,301.9587173461914,2938439.4375,20.062008501838797,0.3199966544798487,0.0599243673383754,1.7852711011391025,0.2706523779834737,2.636751065129137,4.692674544251714,0.1144383922036825,0.4958353092733837,-0.8684165740459862,8,374500.0,2058500.0,18.61369,73.81039,C1_shivajinagar_kasarwadi,15.0,True,37_205,0,test,gap
c012_019,2022-23,3576.1586939723693,181.54847288348705,2944.734289429044,2624.8597655174594,617.123807873307,2161.401441577543,0.0010462621335573,0.000771644531273,7.131407645363149e-05,0.040993759679553377,0.0002497414714390625,3.876393637926105,1769.7655219852415,0.5322670376394285,301.9587173461914,2938439.4375,27.50616459234885,0.3523958171768632,-0.0080285691542501,6.724110912587691,0.910633740053173,3.995140792695722,11.629885445336589,0.0,0.4958353092733837,-0.8684165740459862,8,375500.0,2058500.0,18.61375,73.81986,C1_shivajinagar_kasarwadi,14.72,True,37_205,0,test,gap
c012_020,2022-23,3489.556673771115,177.92892960137226,2873.4231535864715,2541.7618593345064,590.4198322560379,2092.9757159157757,0.001020925334444,0.0007472157805608,7.018567101247801e-05,0.04100817608640023,0.0002534460742165,3.876393637926105,1769.7655219852415,0.5322670376394285,301.9587173461914,2938439.4375,15.94796064196082,0.3424599633982507,0.0231530482341352,1.149278030072078,0.0,0.0,1.149278030072078,0.0,0.4958353092733837,-0.8684165740459862,8,376500.0,2058500.0,18.61381,73.82934,C1_shivajinagar_kasarwadi,14.51,True,37_205,0,test,gap
c012_021,2022-23,3348.490656214145,171.1355821793537,2757.264455239732,2599.1429717033056,601.4334938548809,2140.225333065816,0.0009796542262154,0.0007640844232743,6.896877740535611e-05,0.0410083352461934,0.0002530832558925625,3.876393637926105,1769.7655219852415,0.5322670376394285,301.9587173461914,2938439.4375,15.277108076720776,0.3249514898171542,0.0604980671145176,2.009548984942492,0.0,0.3665033568827851,2.376052341825277,0.0815531943333467,0.4958353092733837,-0.8684165740459862,8,377500.0,2058500.0,18.61387,73.83882,C1_shivajinagar_kasarwadi,14.36,True,37_205,0,test,gap
c012_022,2022-23,3156.8662395164424,163.70873495752886,2599.4742007153263,2599.9603755948783,639.5546949407668,2140.8984120519035,0.0009235914537793,0.0007643247200136,6.806727016412024e-05,0.04096874456568854,0.00024510922931995,3.876393637926105,1769.7655219852415,0.5322670376394285,301.9587173461914,2938439.4375,21.76058984102998,0.3078043719037293,0.0437232520483065,2.8721040877328807,0.0,6.246774716400197,9.11887880413308,0.0108288409425104,0.4958353092733837,-0.8684165740459862,8,378500.0,2058500.0,18.61393,73.8483,C1_shivajinagar_kasarwadi,14.28,True,37_205,0,test,gap
c013_014,2022-23,3742.808123035125,194.94147158647172,3081.9592646243595,3079.3795053802733,698.4013951211493,2535.6689105946043,0.0010950180759323,0.0009052622110547,7.594666659235675e-05,0.040997970877982785,0.0002399909107068875,3.876393637926105,1769.7655219852415,0.5322670376394285,301.89576530456543,2944770.640625,29.39258739990357,0.2869047446633155,-0.0043402691772647,2.745716317047032,0.0,10.537840091225434,13.283556408272466,0.1185744910281187,0.4958353092733837,-0.8684165740459862,8,370500.0,2059500.0,18.62248,73.77241,C2_pcmc,17.53,True,37_205,0,test,test
c013_015,2022-23,3788.493911013028,193.2208105134848,3119.578542153869,3286.4534886401734,711.2262224084005,2706.180879199875,0.001108384180206,0.0009661368942856,7.574362352531329e-05,0.040941707328354324,0.0002461170018972,3.876393637926105,1769.7655219852415,0.5322670376394285,301.89599932702504,2944747.104553903,31.87244730822148,0.292693234593029,-0.0108452799903587,0.0,1.1868349529233129,13.984696190344076,15.171531143267387,0.0,0.4958353092733837,-0.8684165740459862,8,371500.0,2059500.0,18.62255,73.78189,C2_pcmc,17.07,True,37_205,0,test,test
c013_016,2022-23,3809.799028173245,190.47617683250263,3137.121921631894,3180.9154466336527,703.2083642487698,2619.2771599494886,0.0011146173312609,0.0009351112928323,7.496903202642712e-05,0.040989548147897986,0.0002472629262325375,3.876393637926105,1769.7655219852415,0.5322670376394285,301.8926400259031,2945084.955673759,35.337267395902096,0.2226599517889715,0.0120909478372031,2.598805734504241,1.8941543114035373,15.997402570094629,20.490362616002407,0.0,0.4958353092733837,-0.8684165740459862,8,372500.0,2059500.0,18.62261,73.79137,C2_pcmc,16.64,True,37_205,0,test,test
c013_017,2022-23,3776.922596636589,187.5931182753885,3110.0503167215097,2949.3202320832484,683.5841159283412,2428.573550877625,0.0011049988080501,0.000867027967725,7.385218225614255e-05,0.04100701211663455,0.000246245739305275,3.876393637926105,1769.7655219852415,0.5322670376394285,301.8839756995966,2945956.3429770316,43.054939340518615,0.2337796166785774,0.0250468402551546,0.4844394344087733,6.134290136205792,13.830887646551725,20.44961721716629,0.0988821116838035,0.4958353092733837,-0.8684165740459862,8,373500.0,2059500.0,18.62267,73.80085,C2_pcmc,16.27,True,37_205,0,test,test
c013_018,2022-23,3714.113746297113,185.2274393453537,3058.331310071716,2681.067522818558,665.6871738205324,2207.6848770792813,0.0010866230794022,0.0007881682363129,7.258326036322037e-05,0.04098876600138801,0.0002478032650183625,3.876393637926105,1769.7655219852415,0.5322670376394285,301.8799683502998,2946359.3694990645,31.526816122137117,0.3547067294371543,0.0078191395726285,5.166802717255594,0.6763312018383931,3.785652453122579,9.628786372216569,0.2734059033815109,0.4958353092733837,-0.8684165740459862,8,374500.0,2059500.0,18.62273,73.81032,C2_pcmc,15.95,True,37_205,0,test,test
c013_019,2022-23,3652.977493887594,184.2182141763901,3007.989579124222,2445.795564736461,630.4327760682997,2013.953708640587,0.0010687366958948,0.0007190040385904,7.14365115146392e-05,0.04097214092349183,0.00025177080977967497,3.876393637926105,1769.7655219852415,0.5322670376394285,301.87979239848124,2946377.0652985075,34.243128184954855,0.2740541605428884,0.0173160232604789,0.0,3.35083595716236,13.765615247144249,17.116451204306607,0.006038506730527,0.4958353092733837,-0.8684165740459862,8,375500.0,2059500.0,18.62279,73.8198,C1_shivajinagar_kasarwadi,15.69,True,37_205,0,test,gap
c013_020,2022-23,3565.014157342247,181.31796278888515,2935.5574877368167,2381.2459425108727,598.0726768924093,1960.8012894658548,0.0010430016220224,0.0007000280294182,7.026670598435912e-05,0.04096028446264411,0.00025567732837035,3.876393637926105,1769.7655219852415,0.5322670376394285,301.88008579977384,2946347.5573884756,31.35677469608846,0.2747651910080756,0.024565607654647,1.5093573729989629,5.325702399322407,0.9127978143034612,7.747857586624831,0.7954279463758422,0.4958353092733837,-0.8684165740459862,8,376500.0,2059500.0,18.62285,73.82928,C1_shivajinagar_kasarwadi,15.49,True,37_205,0,test,gap
c013_021,2022-23,3411.652268205015,174.55458044062837,2809.2739381853908,2467.876825306935,600.0860365880434,2032.1361917796287,0.000998133160898,0.00072549538879,6.910761715818828e-05,0.04094047840959851,0.0002563257216027,3.876393637926105,1769.7655219852415,0.5322670376394285,301.87979239848124,2946377.0652985075,36.60104694459347,0.2335406198635683,0.037353106640646,2.6737610455888703,5.43822056525049,2.751187799542654,10.863169410382016,0.7877637662354847,0.4958353092733837,-0.8684165740459862,8,377500.0,2059500.0,18.6229,73.83876,C1_shivajinagar_kasarwadi,15.36,True,37_205,0,test,gap
c013_022,2022-23,3200.959799624009,166.3307061251833,2635.782382063823,2529.3838011206944,630.6781109915387,2082.7831893592224,0.0009364917264523,0.0007435769343816,6.805409728504255e-05,0.0409370293438981,0.00025122118238815,3.876393637926105,1769.7655219852415,0.5322670376394285,301.87996835029975,2946359.3694990636,44.43349477831879,0.1727545664776453,0.0497296119992056,4.372134797934362,1.067618870618812,19.164677085550267,24.60443075410344,0.0001850658758723,0.4958353092733837,-0.8684165740459862,8,378500.0,2059500.0,18.62296,73.84824,C1_shivajinagar_kasarwadi,15.28,True,37_205,0,test,gap
c014_013,2022-23,3538.358652727954,187.0196161513365,2913.608411882872,2678.029648739225,675.3989624172652,2205.183385189825,0.0010352031299768,0.0007872751756813,7.437442119767902e-05,0.04097184634397107,0.0002304411410683625,3.876393637926105,1769.7655219852415,0.5322670376394285,301.83281326293945,2951101.84375,22.26821658955294,0.3213016479729007,-0.0041191166713323,2.007547051337049,0.3465531056987966,7.942936558563762,10.297036715599608,0.0,0.4958353092733837,-0.8684165740459862,8,369500.0,2060500.0,18.63146,73.76287,C2_pcmc,18.9,True,36_206,1,test,test
c014_014,2022-23,3660.474418864914,190.997523463217,3014.1628096587624,3116.285211581393,697.9070668894101,2566.058361350581,0.0010709300405959,0.000916111585462,7.508045603765849e-05,0.04090216796837243,0.0002359639944635,3.876393637926105,1769.7655219852415,0.5322670376394285,301.83281326293945,2951101.84375,26.902931867531425,0.3089543184397712,-0.0060630143914644,3.633180152421532,1.5767793320969394,13.801918661116163,19.01187814563464,0.0,0.4958353092733837,-0.8684165740459862,8,370500.0,2060500.0,18.63152,73.77235,C2_pcmc,18.41,True,37_206,3,test,test
c014_015,2022-23,3743.227579408156,191.58755581265007,3082.304659689368,3314.8629369585915,717.6457727208552,2729.574213714928,0.0010951407945691,0.0009744885768095,7.487575560133992e-05,0.04087938084052086,0.0002410117067157,3.876393637926105,1769.7655219852415,0.5322670376394285,301.83281326293945,2951101.84375,34.3224512183821,0.2810066312245095,-0.0106383746571259,1.859313674093916,6.338343631745435,10.882033748253493,19.079691054092844,0.1189183262442569,0.4958353092733837,-0.8684165740459862,8,371500.0,2060500.0,18.63158,73.78183,C2_pcmc,17.97,True,37_206,3,test,test
c014_016,2022-23,3796.486755717504,190.11411715588264,3126.160130356603,3125.8494087790195,712.0641951379479,2573.9338562177923,0.0011107226141149,0.0009189232253677,7.425531622979132e-05,0.0408703091604177,0.0002403031596756125,3.876393637926105,1769.7655219852415,0.5322670376394285,301.83281326293945,2951101.84375,36.83776700090278,0.2734698277198404,-0.0176401926379122,2.242453347602172,2.6836631620764533,15.176474900732051,20.10259141041068,0.0433201683997592,0.4958353092733837,-0.8684165740459862,8,372500.0,2060500.0,18.63164,73.7913,C2_pcmc,17.57,True,37_206,3,test,test
c014_017,2022-23,3789.2830718439295,187.31936580539644,3120.2283648148573,2814.228422373036,693.8841796588501,2317.3342244614914,0.0011086150617651,0.0008273142818542,7.315649620389243e-05,0.04086239617775415,0.000239996541265925,3.876393637926105,1769.7655219852415,0.5322670376394285,301.83281326293945,2951101.84375,42.11765220686249,0.2478329570099374,0.0149531970579963,9.617137023671276,1.953724674257086,8.359217844576195,19.93007954250456,0.0,0.4958353092733837,-0.8684165740459862,8,373500.0,2060500.0,18.6317,73.80078,C2_pcmc,17.21,True,37_206,3,test,test
c014_018,2022-23,3747.929768526221,185.02486368700627,3086.1766068584584,2500.542172587987,674.7119956323107,2059.033982522739,0.0010965164948218,0.0007350982014517,7.218799864896233e-05,0.040869099384424235,0.000244134120626,3.876393637926105,1769.7655219852415,0.5322670376394285,301.83281326293945,2951101.84375,32.03430135554167,0.2705243521189573,0.0048217541520668,0.0,2.41067263282865,11.195040444128962,13.605713076957612,0.0,0.4958353092733837,-0.8684165740459862,8,374500.0,2060500.0,18.63176,73.81026,C2_pcmc,16.91,True,37_206,3,test,test
c014_019,2022-23,3697.721070720541,184.513743424633,3044.8330070050256,2237.87984827562,644.4969944571442,1842.7486274439927,0.0010818271413046,0.0006578819063987,7.135433367803535e-05,0.0408903739786364,0.00024979985470525,3.876393637926105,1769.7655219852415,0.5322670376394285,301.83281326293945,2951101.84375,34.036652499205715,0.2377650860244483,0.0323497104948213,0.0,4.57846537794025,12.864605176553903,17.443070554494152,0.0,0.4958353092733837,-0.8684165740459862,8,375500.0,2060500.0,18.63182,73.81974,C2_pcmc,16.67,True,37_206,3,test,test
c014_020,2022-23,3609.669133657362,182.24327280584345,2972.3279588488517,2153.561044100459,618.2016820113201,1773.317571625146,0.0010560661459408,0.0006330942415566,7.02753088069867e-05,0.04090180514831857,0.0002549910258204625,3.876393637926105,1769.7655219852415,0.5322670376394285,301.83281326293945,2951101.84375,38.750400668917855,0.2144813673432177,0.0406100493064681,2.3879043129099475,4.693528355007726,1.4193630034020812,8.500795671319755,0.8508148183786616,0.4958353092733837,-0.8684165740459862,8,376500.0,2060500.0,18.63188,73.82922,C1_shivajinagar_kasarwadi,16.48,True,37_206,3,test,gap
c014_021,2022-23,3451.5832448654096,175.90531530768402,2842.154502568746,2239.5178657689503,615.7500482749908,1844.0974284039232,0.0010098156035441,0.0006583634434535,6.929235622722387e-05,0.040872223017424464,0.0002575279254784875,3.876393637926105,1769.7655219852415,0.5322670376394285,301.83281326293945,2951101.84375,33.87039429077342,0.206616997435624,0.041225484693849,0.2458646165264027,4.067240797570554,5.291928026707221,9.605033440804178,0.6734289459256445,0.4958353092733837,-0.8684165740459862,8,377500.0,2060500.0,18.63194,73.8387,C1_shivajinagar_kasarwadi,16.35,True,37_206,3,test,gap
c015_011,2022-23,2929.781144164708,161.8879787845915,2412.484381715509,2009.5797176264573,689.0000267726615,1654.7583058352632,0.0008571540955149,0.0005907672553157,7.071296705629662e-05,0.04090625935975169,0.0002312408290054,3.876393637926105,1769.7655219852415,0.5322670376394285,301.83281326293945,2951101.84375,26.74976903776969,0.3169530004510672,-0.0300718586334894,2.429579728943611,1.814283181223379,6.245262545321817,10.489125455488807,0.0151459628009796,0.4958353092733837,-0.8684165740459862,8,367500.0,2061500.0,18.64037,73.74385,C2_pcmc,20.81,True,36_206,1,test,test
c015_012,2022-23,3181.19364837353,172.89000377635247,2619.506241003463,2208.08616026196,683.8804960408767,1818.2154614941,0.000930708824364,0.0006491232912817,7.180516508322137e-05,0.040953119604302424,0.00022714907497306248,3.876393637926105,1769.7655219852415,0.5322670376394285,301.83281326293945,2951101.84375,26.29824951642127,0.3241701542495692,-0.0339111166885588,5.947358537994128,0.5510744996930054,4.712936656651893,11.211369694339028,0.0,0.4958353092733837,-0.8684165740459862,8,368500.0,2061500.0,18.64043,73.75332,C2_pcmc,20.27,True,36_206,1,test,test
c015_013,2022-23,3376.347409239216,180.3347336520172,2780.202681097366,2535.977771065523,684.2949268226174,2088.2128951026307,0.0009878041625992,0.0007455154001672,7.277181342734371e-05,0.04091221163531169,0.000230297935151825,3.876393637926105,1769.7655219852415,0.5322670376394285,301.83281326293945,2951101.84375,33.723756192760035,0.1938893433556973,0.0310589898394963,0.6738920806048014,1.5890409627955842,22.301565242594883,24.56449828599527,0.0,0.4958353092733837,-0.8684165740459862,8,369500.0,2061500.0,18.64049,73.7628,C2_pcmc,19.77,True,36_206,1,test,test
c015_014,2022-23,3524.3367793364578,185.78471589062457,2902.062310350083,3008.728522807277,707.3639133138272,2477.492417667928,0.0010311008077852,0.0008844925512627,7.340792173240273e-05,0.04085903583483304,0.00023698873825435,3.876393637926105,1769.7655219852415,0.5322670376394285,301.83281326293945,2951101.84375,32.1068562810543,0.2498039151678864,0.0137835414732225,2.114382442808268,7.380284257334946,15.823605544042564,25.318272244185778,0.0004527010539015,0.4958353092733837,-0.8684165740459862,8,370500.0,2061500.0,18.64056,73.77228,C2_pcmc,19.3,True,37_206,3,test,test
c015_015,2022-23,3638.857778278432,188.4412583699399,2996.362910883417,3205.703651190647,712.6711082677614,2639.688635551898,0.0010646057484054,0.0009423984183153,7.328404349857391e-05,0.040847479121554064,0.0002414937382633125,3.876393637926105,1769.7655219852415,0.5322670376394285,301.83281326293945,2951101.84375,30.01440684239521,0.3233040688404978,0.0104223334462637,0.0594879969212925,3.012339234324453,7.259728654040607,10.331555885286352,0.3163057308763825,0.4958353092733837,-0.8684165740459862,8,371500.0,2061500.0,18.64062,73.78176,C2_pcmc,18.88,True,37_206,3,test,test
c015_016,2022-23,3717.660300418723,188.0159376833197,3061.251666919645,2980.1616860713425,694.7785615185518,2453.969484018866,0.001087660680247,0.0008760946003959,7.289330296951816e-05,0.0408397572400344,0.0002404445297004875,3.876393637926105,1769.7655219852415,0.5322670376394285,301.83281326293945,2951101.84375,37.9812032596434,0.3075766488309014,-0.0065097544291049,5.917139024170323,1.381318605662635,7.656842043088255,14.955299672921214,0.154326366553012,0.4958353092733837,-0.8684165740459862,8,372500.0,2061500.0,18.64068,73.79124,C2_pcmc,18.5,True,37_206,3,test,test
c015_017,2022-23,3734.649326586278,185.4122059944893,3075.2410259444355,2638.3677825569066,675.9000883398032,2172.524415797143,0.0010926310901998,0.0007756155576926,7.211500103099085e-05,0.04081744440119915,0.0002391258436736,3.876393637926105,1769.7655219852415,0.5322670376394285,301.83281326293945,2951101.84375,36.17251537657954,0.30956042588221,-0.0140999367320127,5.207133344666272,2.3334090995952512,3.83524986214968,11.375792306411205,0.0,0.4958353092733837,-0.8684165740459862,8,373500.0,2061500.0,18.64074,73.80072,C2_pcmc,18.16,True,37_206,3,test,test
c015_018,2022-23,3716.601516980747,183.44834687741985,3060.3798275630347,2311.2833612046848,665.0389647118064,1903.1916502469496,0.0010873509163037,0.000679460742751,7.140638635064585e-05,0.0407969794685576,0.00024153256243836252,3.876393637926105,1769.7655219852415,0.5322670376394285,301.83281326293945,2951101.84375,20.726299952893026,0.3987045567939006,-0.0068450177662085,0.5331982729399187,2.171757092833408,2.51547004882195,5.220425414595276,0.0,0.4958353092733837,-0.8684165740459862,8,374500.0,2061500.0,18.6408,73.8102,C2_pcmc,17.88,True,37_206,3,test,test
c015_019,2022-23,3681.637561944597,183.1438203405634,3031.5892827075886,2044.097913528998,649.6279415133627,1683.1817970116383,0.0010771216548743,0.0006009147601263,7.097579940435005e-05,0.04080634155330068,0.0002473480834943,3.876393637926105,1769.7655219852415,0.5322670376394285,301.83281326293945,2951101.84375,23.745676514864527,0.3771078704905968,-0.0057183857313313,2.123761970607495,2.103984918935894,2.9460367833194905,7.173783672862879,0.2202286640176645,0.4958353092733837,-0.8684165740459862,8,375500.0,2061500.0,18.64086,73.81968,C2_pcmc,17.65,True,37_206,3,test,test
c015_020,2022-23,3603.267675378118,181.15344411504697,2967.056773951768,1958.4890487111863,636.4667394315902,1612.688460087577,0.0010541932974544,0.0005757478490277,7.041786695242608e-05,0.040813618606819285,0.0002540198602683,3.876393637926105,1769.7655219852415,0.5322670376394285,301.83281326293945,2951101.84375,31.34779142306938,0.2173393447760402,0.0414779330397091,0.6850849033952475,5.824278552799087,1.7888313737196042,8.298194829913939,0.8531956741188417,0.4958353092733837,-0.8684165740459862,8,376500.0,2061500.0,18.64092,73.82916,C2_pcmc,17.47,True,37_206,3,test,test
c016_009,2022-23,2306.379548734934,136.02078912744605,1899.153679350148,1801.342725106795,629.1346223158557,1483.2886746822091,0.0006747680385435,0.0005295506758255,6.706273402959031e-05,0.04075238181499133,0.0002395659075422375,3.876393637926105,1769.7655219852415,0.5322670376394285,301.83281326293945,2951101.84375,17.69808035439592,0.3620750823167219,-0.0342207392160063,0.0,0.6257441177616992,2.77979993229692,3.4055440500586185,0.0,0.4958353092733837,-0.8684165740459862,8,365500.0,2062500.0,18.64928,73.72482,C3_dehu_talegaon,22.79,True,36_206,1,test,gap
c016_010,2022-23,2508.6277340108086,143.3666929986788,2065.691916917876,1803.908821439647,676.2114480606131,1485.401688255702,0.000733938963534,0.0005303050453457,6.819276768436897e-05,0.04086362488063704,0.0002394501827248625,3.876393637926105,1769.7655219852415,0.5322670376394285,301.83281326293945,2951101.84375,28.740082199108315,0.2598096050752359,0.0162091319685584,5.020592315633383,1.1506922221930225,4.602170078814446,10.773454616640851,0.0,0.4958353092733837,-0.8684165740459862,8,366500.0,2062500.0,18.64934,73.7343,C2_pcmc,22.2,True,36_206,1,test,test
c016_011,2022-23,2729.4883181797272,153.95714637597877,2247.556255455692,1873.475290264313,711.8866799674743,1542.6851545872644,0.0007985552420008,0.0005507558846377,6.904351332286731e-05,0.040888360621768365,0.000237693367497225,3.876393637926105,1769.7655219852415,0.5322670376394285,301.83281326293945,2951101.84375,28.219684091842243,0.260954918883034,0.0124776583860558,1.7799170957841843,2.288770694197769,6.982118517460185,11.050806307442135,0.0,0.4958353092733837,-0.8684165740459862,8,367500.0,2062500.0,18.6494,73.74378,C2_pcmc,21.65,True,36_206,1,test,test
c016_012,2022-23,2970.305486835361,164.3740678232443,2445.8535444486906,2073.752509945542,715.4316379030831,1707.6004300701104,0.0008690101368296,0.0006096324857178,7.018841791321387e-05,0.04091032330358925,0.00023098143381743752,3.876393637926105,1769.7655219852415,0.5322670376394285,301.83281326293945,2951101.84375,27.380984883885574,0.2425952320766276,0.0244097354405884,0.2022644678591901,1.1423466460679204,9.79812806860624,11.14273918253335,0.0,0.4958353092733837,-0.8684165740459862,8,368500.0,2062500.0,18.64947,73.75326,C2_pcmc,21.13,True,36_206,1,test,test
c016_013,2022-23,3165.484414787926,171.3991558269831,2606.570708003166,2446.8182085927583,719.964563965116,2014.7957894001984,0.0009261128380965,0.0007193046708564,7.089685790403382e-05,0.04086996787560389,0.0002315689938462875,3.876393637926105,1769.7655219852415,0.5322670376394285,301.83281326293945,2951101.84375,34.600640234822215,0.2892854160516088,-0.0090575820323642,2.541866187224005,4.589944157410735,10.49513851849587,17.626948863130607,0.0,0.4958353092733837,-0.8684165740459862,8,369500.0,2062500.0,18.64953,73.76274,C2_pcmc,20.65,True,36_206,1,test,test
c016_014,2022-23,3327.9043167550917,177.22495765769074,2740.3129424891704,2904.9201413046108,723.8325969855646,2392.0129614412585,0.000973631365015,0.0008539754276665,7.162138675967806e-05,0.0408230921637891,0.00023831804434054998,3.876393637926105,1769.7655219852415,0.5322670376394285,301.83281326293945,2951101.84375,35.254832975326046,0.3030914116841343,-0.03208504792791,4.123895952279279,3.288951748008342,16.553843920760944,23.966691621048565,0.0,0.4958353092733837,-0.8684165740459862,8,370500.0,2062500.0,18.64959,73.77222,C2_pcmc,20.2,True,37_206,3,test,test
c016_015,2022-23,3462.994488774751,180.9992175336234,2851.5509203735583,3067.0048147054,696.1943696042597,2525.479156987529,0.0010131541445377,0.0009016243548496,7.173440903100059e-05,0.04082791121883798,0.0002440902268846375,3.876393637926105,1769.7655219852415,0.5322670376394285,301.83281326293945,2951101.84375,40.365448786071475,0.2367353759983267,0.0176258144813973,3.2013494695320666,5.512291909468436,11.088577970172148,19.802219349172653,0.1499347547057143,0.4958353092733837,-0.8684165740459862,8,371500.0,2062500.0,18.64965,73.7817,C2_pcmc,19.8,True,37_206,3,test,test
c016_016,2022-23,3557.833638171296,181.9652126152989,2929.644796822333,2816.0202393285026,651.6629756751349,2318.809669283903,0.0010409008468749,0.0008278410321869,7.153322360476274e-05,0.040844539477124124,0.00024412914890136248,3.876393637926105,1769.7655219852415,0.5322670376394285,301.83281326293945,2951101.84375,37.897860698729936,0.272241565173949,0.0188635713167769,2.179441094622565,4.92976071168145,4.267305630625426,11.37650743692944,0.2570944470915086,0.4958353092733837,-0.8684165740459862,8,372500.0,2062500.0,18.64971,73.79118,C2_pcmc,19.43,True,37_206,3,test,test
c016_017,2022-23,3593.5529252520405,180.32281575532525,2959.0573085315914,2471.758692563756,631.3797691379253,2035.332657204231,0.0010513510927136,0.0007266365627602,7.101040227091016e-05,0.04082648247899377,0.0002412118852205625,3.876393637926105,1769.7655219852415,0.5322670376394285,301.83281326293945,2951101.84375,33.995364495935135,0.2685945235661375,0.015881283808964,0.411630548312389,3.7209903012735976,6.989134157855017,11.121755007441005,0.0365984118868697,0.4958353092733837,-0.8684165740459862,8,373500.0,2062500.0,18.64978,73.80066,C2_pcmc,19.12,True,37_206,3,test,test
c016_018,2022-23,3594.0598133808367,179.07731765935478,2959.474697965759,2163.363843795753,634.2940709361152,1781.3895401437107,0.0010514993909018,0.0006359760247571,7.061526948262319e-05,0.0407965400732422,0.00024057065726964998,3.876393637926105,1769.7655219852415,0.5322670376394285,301.83281326293945,2951101.84375,31.68988093005718,0.2991493792711155,-0.0133281837705155,4.186688184985418,5.742669715238662,1.1052526812066232,11.034610581430703,0.2978813716893335,0.4958353092733837,-0.8684165740459862,8,374500.0,2062500.0,18.64984,73.81014,C2_pcmc,18.85,True,37_206,3,test,test
c016_019,2022-23,3572.401143227518,178.61633224715027,2941.6401905733965,1929.628071296901,635.7754028294966,1588.9233207044922,0.0010451628022927,0.0005672634280001,7.042866253847951e-05,0.04078671130898215,0.000245106445703675,3.876393637926105,1769.7655219852415,0.5322670376394285,301.83281326293945,2951101.84375,26.480045652583367,0.1937937710800188,0.0561434938538141,0.6110419777073901,1.7206334365502076,0.0,2.3316754142575977,0.9710694378279046,0.4958353092733837,-0.8684165740459862,8,375500.0,2062500.0,18.6499,73.81961,C2_pcmc,18.63,True,37_206,3,test,test
c017_008,2022-23,1916.361273428156,118.77824928645194,1577.9989747964469,1585.189095302465,595.562445529084,1305.300207184329,0.0005606619857175,0.0004660067987223,6.454648041894909e-05,0.04071392857976309,0.000243988382100775,3.876393637926105,1769.7655219852415,0.5322670376394285,301.83281326293945,2951101.84375,15.34200105167986,0.3667239338048565,-0.0094865684008187,0.0,1.7557717361268843,0.9320146231009802,2.687786359227865,0.0,0.4958353092733837,-0.8684165740459862,8,364500.0,2063500.0,18.65825,73.71527,C3_dehu_talegaon,24.19,True,36_206,1,test,gap
c017_009,2022-23,2142.2841620050017,129.617732056182,1764.0317920426255,1688.582242700775,640.2296750601273,1390.4377451098617,0.0006267593218956,0.000496401853654,6.540543463356757e-05,0.040802151303113834,0.0002459526582112875,3.876393637926105,1769.7655219852415,0.5322670376394285,301.83281326293945,2951101.84375,33.37167043980305,0.2259323817015723,0.0333074712079971,1.0167152498286194,2.8783736718209414,6.019636109614713,9.914725031264274,0.0,0.4958353092733837,-0.8684165740459862,8,365500.0,2063500.0,18.65831,73.72475,C3_dehu_talegaon,23.6,True,36_206,1,test,gap
c017_010,2022-23,2319.7739152848058,136.23294202630194,1910.183069777108,1724.0775896631956,697.8752196399665,1419.6658566843275,0.0006786867736231,0.0005068366169617,6.63117914942137e-05,0.04089809236107051,0.00024396116065135,3.876393637926105,1769.7655219852415,0.5322670376394285,301.83281326293945,2951101.84375,37.056033180200224,0.1686436207990642,0.081687400814481,8.381883278600972,0.1823761025583209,5.331905816582167,13.89616519774146,0.0,0.4958353092733837,-0.8684165740459862,8,366500.0,2063500.0,18.65838,73.73423,C3_dehu_talegaon,23.03,True,36_206,1,test,gap
c017_011,2022-23,2528.156981326661,146.51133576565329,2081.772982983165,1850.395805798948,744.1803643431124,1523.6806989399083,0.0007396525556063,0.0005439710810431,6.740580710878106e-05,0.04091241751093898,0.0002427819566092375,3.876393637926105,1769.7655219852415,0.5322670376394285,301.83281326293945,2951101.84375,28.927091296324797,0.1663637431412287,0.0497265195992744,0.0247590075680918,2.0109002326562377,13.98636048211748,16.02201972234181,0.0,0.4958353092733837,-0.8684165740459862,8,367500.0,2063500.0,18.65844,73.74371,C2_pcmc,22.5,True,36_206,1,test,test
c017_012,2022-23,2745.8701332474666,155.30547012755534,2261.0456155991237,2092.444906105721,755.9667387281942,1722.992403591098,0.0008033480026837,0.0006151275927185,6.847269746988413e-05,0.04090846835640281,0.0002344789712364375,3.876393637926105,1769.7655219852415,0.5322670376394285,301.83281326293945,2951101.84375,21.02748071223337,0.3001238801237595,0.0212529574265241,2.5912088900977057,2.484333759594123,6.105732782087075,11.181275431778904,0.0,0.4958353092733837,-0.8684165740459862,8,368500.0,2063500.0,18.6585,73.75319,C2_pcmc,22.0,True,36_206,1,test,test
c017_013,2022-23,2933.3559671652574,161.1608357826439,2415.428016148204,2502.1148732882007,759.3941644791481,2060.3289993481203,0.0008581999668701,0.0007355605369679,6.907473742617586e-05,0.040835908735139564,0.000232080654223875,3.876393637926105,1769.7655219852415,0.5322670376394285,301.83281326293945,2951101.84375,28.262823689489203,0.3120084309220179,0.0037786195312497,4.603249148801817,0.8273324526246006,9.598681859784431,15.02926346121085,0.0,0.4958353092733837,-0.8684165740459862,8,369500.0,2063500.0,18.65857,73.76267,C2_pcmc,21.54,True,36_206,1,test,test
c017_014,2022-23,3098.194483814035,166.8121232836992,2551.161822651933,2906.446849182574,737.5164615411416,2393.27010616634,0.0009064260980012,0.0008544242424186,6.996950465132787e-05,0.040782841446653624,0.0002382957879648375,3.876393637926105,1769.7655219852415,0.5322670376394285,301.83281326293945,2951101.84375,41.87462681405912,0.3024931992979399,-0.0332540116843009,7.472267100631443,1.1130701800403422,18.43354015412131,27.018877434793097,0.0,0.4958353092733837,-0.8684165740459862,8,370500.0,2063500.0,18.65863,73.77215,C2_pcmc,21.11,True,37_206,3,test,test
c017_015,2022-23,3243.798400861117,171.3358587187705,2671.057186335432,2991.5161613086384,674.3915428838892,2463.319156511335,0.0009490248409375,0.0008794325382306,7.034272520095752e-05,0.040789203360663176,0.0002444088882504875,3.876393637926105,1769.7655219852415,0.5322670376394285,301.83281326293945,2951101.84375,34.65921610588954,0.2923905756744686,0.0020903992977183,5.460412641969557,0.4542915629541942,4.700578857486416,10.615283062410168,0.6236493663835405,0.4958353092733837,-0.8684165740459862,8,371500.0,2063500.0,18.65869,73.78163,C2_pcmc,20.72,True,37_206,3,test,test
c017_016,2022-23,3347.298697981858,173.90401830473692,2756.28295509431,2700.439178391669,605.6784184152879,2223.636176585452,0.0009793054998669,0.0007938630289571,7.021429303404123e-05,0.040784276723581425,0.0002447291099642375,3.876393637926105,1769.7655219852415,0.5322670376394285,301.83281326293945,2951101.84375,32.86285731484501,0.2446400385665101,0.0475482698333271,1.781774639063465,2.86388739429608,3.2830548503835275,7.928716883743073,0.7782451528740271,0.4958353092733837,-0.8684165740459862,8,372500.0,2063500.0,18.65875,73.79111,C2_pcmc,20.38,True,37_206,3,test,test
c017_017,2022-23,3393.495912063859,173.71045202882692,2794.3233587857508,2345.746165392243,590.1192623979513,1931.5695299456424,0.0009928212299857,0.000689591963753,6.98878865616356e-05,0.04076330866536855,0.0002415193877705,3.876393637926105,1769.7655219852415,0.5322670376394285,301.83281326293945,2951101.84375,31.788774398865733,0.2692202494573866,-0.024436894706429,2.057826306867784,0.72422547449273,8.547986537837103,11.330038319197616,0.1566059440563484,0.4958353092733837,-0.8684165740459862,8,373500.0,2063500.0,18.65881,73.80059,C2_pcmc,20.07,True,37_206,3,test,test
c017_018,2022-23,3401.775265131408,173.10894431070452,2801.140868006858,2066.2262039905954,607.7996109692998,1701.4030062098043,0.0009952434864755,0.0006074199359629,6.978409517847322e-05,0.04076159623516875,0.0002403034516558125,3.876393637926105,1769.7655219852415,0.5322670376394285,301.83281326293945,2951101.84375,36.727473603613014,0.229549647200003,0.0135689569610947,1.0539031959255036,5.995083046377258,6.444895784241697,13.493882026544458,0.234788787074907,0.4958353092733837,-0.8684165740459862,8,374500.0,2063500.0,18.65887,73.81007,C2_pcmc,19.82,True,37_206,3,test,test
c017_019,2022-23,3386.575043114347,172.34470178155823,2788.6244729553696,1890.2583223676236,620.0344238430984,1556.5048908865808,0.0009907964196423,0.0005556896853347,6.960811847197824e-05,0.04075593757273891,0.00024318734837568752,3.876393637926105,1769.7655219852415,0.5322670376394285,301.83281326293945,2951101.84375,39.201135944341345,0.1479471462085952,0.109828700694734,2.209674292654423,2.492224100136109,0.9971862657573816,5.699084658547914,0.8375306190411733,0.4958353092733837,-0.8684165740459862,8,375500.0,2063500.0,18.65893,73.81955,C2_pcmc,19.61,True,37_206,3,test,test
c018_007,2022-23,1618.927601921402,105.00051186241028,1333.0816749034125,1364.4988442105948,580.0043446334863,1123.5761268664446,0.0004736430320377,0.000401129265988,6.162507434241109e-05,0.040582921584904647,0.00023443569167186249,3.876393637926105,1769.7655219852415,0.5322670376394285,301.83281326293945,2951101.84375,19.453928014173098,0.2451435397935171,0.0307105589390291,2.290355011343144,3.3741087516384853,7.08203270369183,12.74649646667346,0.0,0.4958353092733837,-0.8684165740459862,8,363500.0,2064500.0,18.66722,73.70573,C3_dehu_talegaon,25.59,True,36_206,1,test,gap
c018_008,2022-23,1802.4622906193936,112.77681571274692,1484.2105641273752,1431.908322259025,601.5016078612467,1179.0834514648482,0.0005273390258152,0.000420946002781,6.287616331141833e-05,0.04078487094377886,0.0002426318126339125,3.876393637926105,1769.7655219852415,0.5322670376394285,301.83281326293945,2951101.84375,22.68227191479659,0.1942814230446733,0.0450183355127341,2.0391200451165674,2.3381681234840386,6.39788716599085,10.775175334591456,0.0,0.4958353092733837,-0.8684165740459862,8,364500.0,2064500.0,18.66728,73.71521,C3_dehu_talegaon,24.99,True,36_206,1,test,gap
c018_009,2022-23,1988.5938840431224,122.12172957912568,1637.4778356343018,1534.6944403205257,651.7323373469509,1263.7211401790453,0.0005817947853949,0.000451162605944,6.384294450459962e-05,0.04086536706213181,0.00024790951266675,3.876393637926105,1769.7655219852415,0.5322670376394285,301.83281326293945,2951101.84375,25.131594115239714,0.2852796600280557,0.0201693127218328,5.847881047736536,2.038494545653343,4.90412598302134,12.790501576411218,0.0,0.4958353092733837,-0.8684165740459862,8,365500.0,2064500.0,18.66735,73.72469,C3_dehu_talegaon,24.42,True,36_206,1,test,gap
c018_010,2022-23,2141.51281630709,128.9607927318816,1763.3966389859468,1612.0909440413875,719.91430013877,1327.4521314163446,0.0006265336524372,0.0004739152838662,6.477175348948877e-05,0.04093225273956466,0.00024453374255405,3.876393637926105,1769.7655219852415,0.5322670376394285,301.83281326293945,2951101.84375,29.43564149686215,0.2253407881154436,0.0230574802727874,1.1497514307625738,0.2803701189659532,18.77467717904777,20.2047987287763,0.0005165542645485,0.4958353092733837,-0.8684165740459862,8,366500.0,2064500.0,18.66741,73.73417,C3_dehu_talegaon,23.88,True,36_206,1,test,gap
c018_011,2022-23,2336.7283682217217,140.28110614598089,1924.1439599931932,1804.6451957625077,771.8664774257475,1486.0080446576249,0.0006836470686271,0.0005305215213749,6.567078481762975e-05,0.04094325849747154,0.0002425496172370625,3.876393637926105,1769.7655219852415,0.5322670376394285,301.83281326293945,2951101.84375,20.72966937110907,0.2862262087373675,0.0416720367202956,3.07571954112361,0.1346345815447995,4.131634499239668,7.341988621908078,0.0,0.4958353092733837,-0.8684165740459862,8,367500.0,2064500.0,18.66748,73.74365,C3_dehu_talegaon,23.36,True,36_206,1,test,gap
c018_012,2022-23,2527.873991866604,148.0372133538492,2081.5399595527515,2112.720051428156,788.4527761247448,1739.6876681929637,0.0007395697625366,0.0006210879892373,6.652633253495906e-05,0.0409045779603282,0.0002356460248143125,3.876393637926105,1769.7655219852415,0.5322670376394285,301.83281326293945,2951101.84375,11.54559606860848,0.3999565254046029,0.0515316185338619,0.0822321246129005,0.0,0.0,0.0822321246129005,0.0,0.4958353092733837,-0.8684165740459862,8,368500.0,2064500.0,18.66754,73.75313,C3_dehu_talegaon,22.88,True,36_206,1,test,gap
c018_013,2022-23,2700.062971994442,152.9643337247653,2223.3263950649384,2559.728809648527,786.4883262006297,2107.770331925222,0.0007899463887269,0.000752497624237,6.742871338333264e-05,0.04083763771574025,0.00023452837274051252,3.876393637926105,1769.7655219852415,0.5322670376394285,301.83281326293945,2951101.84375,18.845791752648548,0.3709673437298539,0.0329611833720948,0.6518146833633761,0.0,6.238009111776434,6.889823795139811,0.0,0.4958353092733837,-0.8684165740459862,8,369500.0,2064500.0,18.6676,73.76261,C2_pcmc,22.44,True,36_206,1,test,test
c018_014,2022-23,2858.560247769037,158.27573768728882,2353.838601791452,2904.8761345329026,740.4886202527796,2391.976724724517,0.0008363172889318,0.0008539624907526,6.821578638147247e-05,0.040782307801327675,0.00024018793601968748,3.876393637926105,1769.7655219852415,0.5322670376394285,301.83281326293945,2951101.84375,36.16662798170151,0.213897704661167,0.0850172202089023,8.242529217147036,0.2799781361607713,7.212813276608212,15.735320629916018,0.0,0.4958353092733837,-0.8684165740459862,8,370500.0,2064500.0,18.66766,73.77209,C2_pcmc,22.03,True,37_206,3,test,test
c018_015,2022-23,3006.0604058321837,162.63340996199034,2475.2953967253143,2904.612490043266,650.764055608671,2391.7596306201194,0.0008794708073523,0.000853884985725,6.865479615629353e-05,0.0407630088976998,0.0002433707523543125,3.876393637926105,1769.7655219852415,0.5322670376394285,301.83281326293945,2951101.84375,36.49762102527479,0.2220312948993072,0.0285040240134398,4.8381896663107895,2.307807667130089,22.834654360020664,29.980651693461542,0.0010083441841759,0.4958353092733837,-0.8684165740459862,8,371500.0,2064500.0,18.66773,73.78157,C2_pcmc,21.66,True,37_206,3,test,test
c018_016,2022-23,3113.4730116742057,165.957413815003,2563.7426974765526,2584.741629451621,575.626221482567,2128.3667635862744,0.0009108960744549,0.0007598507811051,6.866568743529335e-05,0.04071592918582124,0.000242008389880425,3.876393637926105,1769.7655219852415,0.5322670376394285,301.83281326293945,2951101.84375,34.38523213007132,0.1922513945489177,0.0391336018567887,3.834683118989642,2.412105558079995,20.50484658994496,26.7516352670146,0.0097571703084535,0.4958353092733837,-0.8684165740459862,8,372500.0,2064500.0,18.66779,73.79105,C2_pcmc,21.32,True,37_206,3,test,test
c018_017,2022-23,3165.6634854262384,166.7850862157031,2606.718161036992,2217.8103971303844,573.9456318128659,1826.2227386301076,0.0009261652280613,0.0006519819789339,6.866573123980476e-05,0.04067237386410935,0.00023908004585765,3.876393637926105,1769.7655219852415,0.5322670376394285,301.83281326293945,2951101.84375,29.17909130161525,0.2536214244630761,-0.0066390675804285,2.084400015729006,3.449549121695584,20.489107213801475,26.023056351226064,0.0,0.4958353092733837,-0.8684165740459862,8,373500.0,2064500.0,18.66785,73.80053,C2_pcmc,21.04,True,37_206,3,test,test
c018_018,2022-23,3176.8861224383386,166.51933652676334,2615.95927331846,1959.1475767203287,602.0072959583256,1613.2307151089608,0.0009294485891057,0.0005759414401458,6.863413048205396e-05,0.040677407706957026,0.0002397424497463625,3.876393637926105,1769.7655219852415,0.5322670376394285,301.83281326293945,2951101.84375,28.86435542889769,0.2100881270654238,0.0331790371048313,1.7632813434627672,2.9082661430117778,12.649152412674136,17.320699899148682,0.0,0.4958353092733837,-0.8684165740459862,8,374500.0,2064500.0,18.66791,73.81001,C2_pcmc,20.79,True,37_206,3,test,test
c019_006,2022-23,1484.9328480636457,100.53496761643568,1222.7457026900977,975.141761021078,600.4006039522528,802.965871054037,0.0004344407345297,0.0002866678125029,5.8659777893930465e-05,0.0403733047495928,0.00022563774019722501,3.876393637926105,1769.7655219852415,0.5322670376394285,301.83281326293945,2951101.84375,7.490262638937475,0.2752509804876863,0.0489332299538929,1.8270684701356403,1.154949759236091,4.480915626935035,7.462933856306765,0.0,0.4958353092733837,-0.8684165740459862,8,362500.0,2065500.0,18.67619,73.69618,C3_dehu_talegaon,26.99,True,36_206,1,test,gap
c019_007,2022-23,1582.6492505844562,103.08007432112126,1303.2088101097106,1218.0337098988273,598.8759900664605,1002.971606731292,0.0004630292230544,0.0003580721010306,6.018992637700609e-05,0.04058761638146927,0.00022960637857161252,3.876393637926105,1769.7655219852415,0.5322670376394285,301.83281326293945,2951101.84375,10.852482674300166,0.2687869706033076,0.0504473368716506,0.7703147292515613,0.0,3.1978645198239763,3.9681792490755377,0.0,0.4958353092733837,-0.8684165740459862,8,363500.0,2065500.0,18.67625,73.70566,C3_dehu_talegaon,26.39,True,36_206,1,test,gap
c019_008,2022-23,1725.1051075645817,110.36917537100511,1420.5119509033325,1330.018809661696,625.5529534074046,1095.1840590848954,0.0005047069509228,0.0003909929796814,6.145365922370936e-05,0.04076942037573575,0.00023720813450721248,3.876393637926105,1769.7655219852415,0.5322670376394285,301.83281326293945,2951101.84375,17.635643217083697,0.270930872561786,0.0190056956443626,0.0,1.015129687396728,13.394571209452849,14.409700896849577,0.0,0.4958353092733837,-0.8684165740459862,8,364500.0,2065500.0,18.67632,73.71514,C3_dehu_talegaon,25.81,True,36_206,1,test,gap
c019_009,2022-23,1861.2502790833664,116.98608143863216,1532.6186523165836,1443.176200946195,669.6604650136446,1188.3618173257264,0.0005445383873372,0.0004242584833494,6.26473673145435e-05,0.0407988176338528,0.000241022812353075,3.876393637926105,1769.7655219852415,0.5322670376394285,301.83281326293945,2951101.84375,20.699975682699417,0.2338386253700853,0.0625332217488859,3.4944646067438847,2.184968169839981,6.501260039995712,12.180692816579578,0.0,0.4958353092733837,-0.8684165740459862,8,365500.0,2065500.0,18.67638,73.72462,C3_dehu_talegaon,25.26,True,36_206,1,test,gap
c019_010,2022-23,1982.511035032292,123.7668956799709,1632.4690047650777,1511.3033534380754,737.9956550669785,1244.4601001905617,0.00058001515112,0.0004442861988648,6.322037952156753e-05,0.04088517555999612,0.00023982766930082501,3.876393637926105,1769.7655219852415,0.5322670376394285,301.83281326293945,2951101.84375,27.60453422290164,0.2687676389223188,0.0192233528260656,4.350311242791073,0.8209010679940609,10.50065267871594,15.671864989501074,0.0,0.4958353092733837,-0.8684165740459862,8,366500.0,2065500.0,18.67645,73.7341,C3_dehu_talegaon,24.73,True,36_206,1,test,gap
c019_011,2022-23,2151.2057878316605,134.86280443851192,1771.378171143055,1678.7626448825251,786.9947881393493,1382.351944428661,0.0006293694855016,0.0004935151322164,6.400131337634604e-05,0.04092513099686808,0.0002400481919123,3.876393637926105,1769.7655219852415,0.5322670376394285,301.83281326293945,2951101.84375,16.8133148275219,0.4115158001506869,0.0055572619107317,2.9030652931179604,0.0,1.2204294474586437,4.123494740576604,0.0,0.4958353092733837,-0.8684165740459862,8,367500.0,2065500.0,18.67651,73.74358,C3_dehu_talegaon,24.24,True,36_206,1,test,gap
c019_012,2022-23,2306.5111154086744,141.19111654599402,1899.2620159561725,1983.013524817443,801.3319886732882,1632.8827724490784,0.0006748065304676,0.0005829574448005,6.462432856037068e-05,0.0408885901887273,0.0002349274015784375,3.876393637926105,1769.7655219852415,0.5322670376394285,301.83281326293945,2951101.84375,11.239946286850408,0.3088666233131637,0.1030409282074598,2.047571611586453,0.0,0.9471375018318938,2.994709113418347,0.0,0.4958353092733837,-0.8684165740459862,8,368500.0,2065500.0,18.67657,73.75306,C3_dehu_talegaon,23.77,True,36_206,1,test,gap
c019_013,2022-23,2452.550719442507,145.23768904971217,2019.5161395603388,2433.58302530481,784.2266734127313,2003.89747604498,0.000717532740565,0.0007154138508824,6.576523545420849e-05,0.04082890459661236,0.0002370313861056625,3.876393637926105,1769.7655219852415,0.5322670376394285,301.83281326293945,2951101.84375,9.26145380203213,0.2784510601564147,0.1259437401651329,1.8438835132738929,1.515705880619818,2.009054681411902,5.368644075305612,0.0,0.4958353092733837,-0.8684165740459862,8,369500.0,2065500.0,18.67664,73.76254,C2_pcmc,23.34,True,36_206,1,test,test
c019_014,2022-23,2596.908149107916,149.39923219539173,2138.3851018874493,2737.1993303399795,716.38034746991,2253.9057728730177,0.0007597668037823,0.0008046696139763,6.629634230851461e-05,0.04077730199691256,0.00024355149379422502,3.876393637926105,1769.7655219852415,0.5322670376394285,301.83281326293945,2951101.84375,9.068400337915312,0.1915437191241885,0.144127104766306,0.0,0.0,1.190193155663032,1.190193155663032,0.0,0.4958353092733837,-0.8684165740459862,8,370500.0,2065500.0,18.6767,73.77202,C2_pcmc,22.95,True,37_206,3,test,test
c019_015,2022-23,2735.7120632093133,152.09414853039314,2252.6811050402966,2686.932583808821,616.198355943573,2212.514373666424,0.000800376097648,0.0007898924207048,6.667899033436648e-05,0.040789987090972576,0.000247717221734025,3.876393637926105,1769.7655219852415,0.5322670376394285,301.83281326293945,2951101.84375,22.322098655810308,0.1732735880575943,0.0741124831927429,0.0,1.7924127611513814,19.202080439743707,20.99449320089509,0.0,0.4958353092733837,-0.8684165740459862,8,371500.0,2065500.0,18.67676,73.7815,C2_pcmc,22.59,True,37_206,3,test,test
c019_016,2022-23,2843.0421891270685,154.3303858842925,2341.060488933821,2384.624565388749,558.5787549551202,1963.5833658475049,0.0008317772339362,0.0007010212618573,6.69712292542721e-05,0.040718381281863,0.00024492028131045,3.876393637926105,1769.7655219852415,0.5322670376394285,301.83281326293945,2951101.84375,26.788700631042698,0.1815341483905727,0.0399706762554211,1.7314471509786602,2.352000132198757,14.395073707383691,18.47852099056111,0.0,0.4958353092733837,-0.8684165740459862,8,372500.0,2065500.0,18.67682,73.79098,C2_pcmc,22.28,True,37_206,3,test,test
c019_017,2022-23,2906.6225917977945,155.53434170230196,2393.4148187894198,2031.8185945243208,577.3281672422937,1673.0705757772848,0.0008503786924965,0.0005973049408582,6.707449808694029e-05,0.040649141719084625,0.0002397943106089125,3.876393637926105,1769.7655219852415,0.5322670376394285,301.83281326293945,2951101.84375,23.174555196692367,0.2485418744956627,0.0108549647665448,0.0,1.769756215982994,12.860691203181895,14.630447419164891,0.0,0.4958353092733837,-0.8684165740459862,8,373500.0,2065500.0,18.67688,73.80047,C2_pcmc,22.0,True,37_206,3,test,test
c020_005,2022-23,1467.829279734964,97.67662088657949,1208.6620256390895,369.3705782537963,613.0975646159363,304.1526678118362,0.000429436813445,0.0001085859101758,5.6742098987036355e-05,0.0403017118232045,0.0002189706475538375,3.876393637926105,1769.7655219852415,0.5322670376394285,301.83281326293945,2951101.84375,8.471954489363757,0.3548207034110696,0.0003320348486867,1.7622615823980192,1.017364128576578,2.2451719441218123,5.0247976550964095,0.0,0.4958353092733837,-0.8684165740459862,8,361500.0,2066500.0,18.68516,73.68663,C3_dehu_talegaon,28.4,True,36_206,1,test,train
c020_006,2022-23,1502.4097128723824,101.10773296840722,1237.1367651339278,746.5646897871729,625.2987107931021,614.7475068706309,0.00043955386944,0.0002194717476658,5.752258955733765e-05,0.040390969289291014,0.00022280107269433748,3.876393637926105,1769.7655219852415,0.5322670376394285,301.83281326293945,2951101.84375,7.2426176283384684,0.3033353783685876,0.0807291424738638,1.176770758976469,0.0,2.4005459935266145,3.577316752503084,0.0,0.4958353092733837,-0.8684165740459862,8,362500.0,2066500.0,18.68522,73.69611,C3_dehu_talegaon,27.79,True,36_206,1,test,train
c020_007,2022-23,1580.662718616907,104.51609459843192,1301.5730301283158,959.8489819664428,632.6573929197577,790.3732612968832,0.0004624480315155,0.0002821721097303,5.8679588749843195e-05,0.040597711808981626,0.00022929660896985,3.876393637926105,1769.7655219852415,0.5322670376394285,301.83281326293945,2951101.84375,5.682852080575637,0.3602279511847396,0.0784344145083229,0.0,0.0,0.8583459664864673,0.8583459664864673,0.0,0.4958353092733837,-0.8684165740459862,8,363500.0,2066500.0,18.68529,73.70559,C3_dehu_talegaon,27.2,True,36_206,1,test,gap
c020_008,2022-23,1687.3951222127985,112.06532940186176,1389.460228532501,1133.2611106164925,656.7373463081959,933.1668801313574,0.0004936742946268,0.0003331510315329,5.972760195341509e-05,0.040682948641907885,0.00023821839615685,3.876393637926105,1769.7655219852415,0.5322670376394285,301.83281326293945,2951101.84375,11.939764413864609,0.2814000424867862,0.0762319854366491,0.8163911129952632,0.0,8.78400085901019,9.600391972005454,0.0,0.4958353092733837,-0.8684165740459862,8,364500.0,2066500.0,18.68535,73.71507,C3_dehu_talegaon,26.64,True,36_206,1,test,gap
c020_009,2022-23,1769.2337698409838,115.61421388868582,1456.8490366067665,1321.1718696589876,692.7864165856791,1087.8991789070644,0.0005176174932939,0.0003883921958372,6.0930815080777674e-05,0.04071002203778301,0.0002432579017712125,3.876393637926105,1769.7655219852415,0.5322670376394285,301.83281326293945,2951101.84375,16.89299308876326,0.2478350911377218,0.1000150157789831,3.72661523232658,0.9559265749188354,5.132647090724895,9.815188897970309,0.0,0.4958353092733837,-0.8684165740459862,8,365500.0,2066500.0,18.68542,73.72455,C3_dehu_talegaon,26.1,True,36_206,1,test,gap
c020_010,2022-23,1854.0735683907028,119.89322235206676,1526.7090974364776,1456.3494117847613,755.401562704868,1199.2091003961302,0.0005424387264206,0.00042813108494,6.143706274115219e-05,0.04078096764919765,0.0002447799705366,3.876393637926105,1769.7655219852415,0.5322670376394285,301.83281326293945,2951101.84375,15.237756222579774,0.3499087869955029,0.0549175777734089,1.2610200327101682,0.7376328550086264,4.5020156780814,6.500668565800194,0.0,0.4958353092733837,-0.8684165740459862,8,366500.0,2066500.0,18.68548,73.73403,C3_dehu_talegaon,25.6,True,36_206,1,test,gap
c020_011,2022-23,1976.0094078668208,126.31261652112453,1627.115337299617,1597.9399957884991,787.7912114770653,1315.7997451230704,0.000578112996632,0.0004697552514046,6.192808510828824e-05,0.04085368582055704,0.00024091856672089998,3.876393637926105,1769.7655219852415,0.5322670376394285,301.83281326293945,2951101.84375,10.33442333831641,0.3313315443439696,0.0948083758071367,0.8961808106264633,0.0,1.2206661830406724,2.116846993667136,0.0,0.4958353092733837,-0.8684165740459862,8,367500.0,2066500.0,18.68555,73.74351,C3_dehu_talegaon,25.12,True,36_206,1,test,gap
c020_012,2022-23,2082.228375421782,129.61246766684135,1714.579754489505,1884.3115331813829,785.9619823170142,1551.6080964411206,0.0006091890458592,0.0005539414748533,6.246216427687758e-05,0.04080792945468331,0.0002369030319937375,3.876393637926105,1769.7655219852415,0.5322670376394285,301.83281326293945,2951101.84375,9.539371094670713,0.3334363298499401,0.0775523707694181,0.3377099859783534,0.8262894294801902,4.852089538297238,6.016088953755782,0.0,0.4958353092733837,-0.8684165740459862,8,368500.0,2066500.0,18.68561,73.75299,C3_dehu_talegaon,24.67,True,36_206,1,test,gap
c020_013,2022-23,2192.99833951961,133.24118449865466,1805.7916215879895,2256.8318589997943,748.5297143264235,1858.3543766874948,0.0006415965615454,0.0006634533337275,6.347949284058974e-05,0.040779119578050575,0.00024084290844527501,3.876393637926105,1769.7655219852415,0.5322670376394285,301.83281326293945,2951101.84375,5.590986336529877,0.3293740602651736,0.1120727692549832,0.0,1.0406009868240051,0.3788952467229155,1.4194962335469206,0.0,0.4958353092733837,-0.8684165740459862,8,369500.0,2066500.0,18.68567,73.76248,C3_dehu_talegaon,24.26,True,36_206,1,test,gap
c020_014,2022-23,2317.840123869258,137.11787375818307,1908.590718212966,2424.271436166357,658.9958712843337,1996.2299874988776,0.0006781210121719,0.0007126764715639,6.43411011703285e-05,0.040765325390555725,0.000247204246440325,3.876393637926105,1769.7655219852415,0.5322670376394285,301.83281326293945,2951101.84375,5.264551880972616,0.3301639748100109,0.1020045502191062,0.0,1.784256894387021,0.0463810274864423,1.8306379218734632,0.0,0.4958353092733837,-0.8684165740459862,8,370500.0,2066500.0,18.68574,73.77196,C2_pcmc,23.88,True,37_206,3,test,test
c020_015,2022-23,2448.3437694038266,139.9204542014879,2016.0519895902328,2282.8701926390017,563.470437261513,1879.7952523500333,0.0007163019303857,0.0006711079665655,6.491542909781839e-05,0.04074380382953524,0.0002523956157890625,3.876393637926105,1769.7655219852415,0.5322670376394285,301.83281326293945,2951101.84375,9.434130755940847,0.2622011121718194,0.1187131548791639,0.0,1.29594947923132,0.4255914502927385,1.7215409295240585,0.0,0.4958353092733837,-0.8684165740459862,8,371500.0,2066500.0,18.6858,73.78144,C2_pcmc,23.54,True,37_206,3,test,test
c020_016,2022-23,2556.7434825873083,141.93297673463172,2105.3121090904388,2010.8138302356656,552.0043625674699,1655.7745173706958,0.0007480159914489,0.0005911300542197,6.500107662311283e-05,0.04061844007509645,0.000249655525266025,3.876393637926105,1769.7655219852415,0.5322670376394285,301.83281326293945,2951101.84375,21.047508016906004,0.1651006942535543,0.0659034097791268,2.107193478994856,0.46863636615929,4.723557812196228,7.299387657350374,0.0,0.4958353092733837,-0.8684165740459862,8,372500.0,2066500.0,18.68586,73.79092,C2_pcmc,23.23,True,37_206,3,test,test
c021_004,2022-23,1488.7218449303518,93.43803347893024,1225.8656953835805,111.35877755193916,611.1025200953977,91.6967167141689,0.0004355492658576,3.273675524919401e-05,5.4923086913637483e-05,0.040180263146578674,0.0002129291397788375,3.876393637926105,1769.7655219852415,0.5322670376394285,301.83281326293945,2951101.84375,6.744830570316742,0.3828993950427896,-0.0129117265789137,0.9167386259492424,0.0,2.3036981779358765,3.2204368038851188,0.0,0.4958353092733837,-0.8684165740459862,8,360500.0,2067500.0,18.69413,73.67708,C3_dehu_talegaon,29.8,True,36_206,1,test,train
c021_005,2022-23,1495.9595817397856,95.39524916766032,1231.825501305092,377.5560319792348,612.6883563087532,310.8928570267222,0.0004376667809358,0.0001109922332435,5.5554276518762095e-05,0.040222104713819866,0.0002169396605717625,3.876393637926105,1769.7655219852415,0.5322670376394285,301.83281326293945,2951101.84375,13.482559011137583,0.2728977857682759,0.0474810580818209,1.3651703037871248,1.044393191039024,3.770619725702801,6.180183220528949,0.0,0.4958353092733837,-0.8684165740459862,8,361500.0,2067500.0,18.69419,73.68656,C3_dehu_talegaon,29.19,True,36_206,1,test,train
c021_006,2022-23,1515.6331307887451,99.85672558419805,1248.025390470213,719.2400579763472,625.5037462857947,592.2474482532702,0.0004434225907765,0.0002114389746457,5.6060286654370774e-05,0.040321662406287435,0.0002196207357558625,3.876393637926105,1769.7655219852415,0.5322670376394285,301.83281326293945,2951101.84375,8.906343323615927,0.3349170440967959,0.0766024379274631,0.691152673774839,0.0,2.300132838049684,2.9912855118245227,0.0,0.4958353092733837,-0.8684165740459862,8,362500.0,2067500.0,18.69426,73.69604,C3_dehu_talegaon,28.6,True,36_206,1,test,train
c021_007,2022-23,1579.2188911537396,106.29886897201337,1300.3841320388733,908.1054910801124,643.3507962939184,747.7658590793703,0.0004620256168154,0.0002669607897596,5.708277500706074e-05,0.040520465201847836,0.0002285272185594625,3.876393637926105,1769.7655219852415,0.5322670376394285,301.83281326293945,2951101.84375,6.672356755083257,0.2763589603131561,0.0803160543506172,2.172596576872357,0.1759309880906969,1.4509739714166443,3.799501536379698,0.0,0.4958353092733837,-0.8684165740459862,8,363500.0,2067500.0,18.69432,73.70552,C3_dehu_talegaon,28.03,True,36_206,1,test,train
c021_008,2022-23,1652.4735222464742,114.43017372675864,1360.7045603246313,1130.873142561605,671.9123775824356,931.200543619183,0.0004834574248471,0.000332449027367,5.778590027921418e-05,0.04062043954114874,0.000234796450329,3.876393637926105,1769.7655219852415,0.5322670376394285,301.83281326293945,2951101.84375,6.309999018587337,0.3487644600137735,0.0732025447774166,1.8580447925913897,0.6735857161105245,0.8204721485802711,3.352102657282185,0.0,0.4958353092733837,-0.8684165740459862,8,364500.0,2067500.0,18.69439,73.715,C3_dehu_talegaon,27.48,True,36_206,1,test,gap
c021_009,2022-23,1692.9523721710025,115.01279694066852,1394.0362627377044,1298.632285276858,708.8423301546176,1069.3392958930897,0.000495300156535,0.0003817661096538,5.853152069886215e-05,0.040688189703495775,0.0002350456478334375,3.876393637926105,1769.7655219852415,0.5322670376394285,301.83281326293945,2951101.84375,5.545176232477714,0.2563669840947979,0.1464972458889007,0.0,0.0,1.8837400461413245,1.8837400461413245,0.0,0.4958353092733837,-0.8684165740459862,8,365500.0,2067500.0,18.69445,73.72448,C3_dehu_talegaon,26.96,True,36_206,1,test,gap
c021_010,2022-23,1756.5364822371523,115.72800343922246,1446.3936453925105,1417.9179593098268,758.2470398503166,1167.5632967335994,0.0005139026997527,0.0004168331784686,5.845538629437199e-05,0.0407421816831009,0.0002356519890431375,3.876393637926105,1769.7655219852415,0.5322670376394285,301.83281326293945,2951101.84375,6.0903517400611955,0.3530708394302306,0.0815494883644833,0.0,0.0,1.227807447146294,1.227807447146294,0.0,0.4958353092733837,-0.8684165740459862,8,366500.0,2067500.0,18.69452,73.73397,C3_dehu_talegaon,26.47,True,36_206,1,test,gap
c021_011,2022-23,1839.3760241092136,117.68522383643284,1514.606624833947,1539.1126159355315,761.4812456795408,1267.3592206848562,0.0005381387259582,0.0004524614414461,5.9187402053002925e-05,0.04069033287296545,0.000232717393889575,3.876393637926105,1769.7655219852415,0.5322670376394285,301.83281326293945,2951101.84375,5.9806509224212245,0.3405538557805412,0.1280100502686667,0.0,0.0,1.9360111415471184,1.9360111415471184,0.0,0.4958353092733837,-0.8684165740459862,8,367500.0,2067500.0,18.69458,73.74345,C3_dehu_talegaon,26.01,True,36_206,1,test,gap
c021_012,2022-23,1903.2237774739435,119.44552052700084,1567.1811006123926,1848.750454252861,739.8670691958305,1522.3258588641322,0.0005568184022183,0.0005434873879563,6.0524212915253637e-05,0.040617615369141664,0.000235329821518525,3.876393637926105,1769.7655219852415,0.5322670376394285,301.83281326293945,2951101.84375,7.469957392566002,0.2627898834558012,0.1415865382346952,1.2568922791276258,0.4668450556712934,5.588561285163816,7.312298619962736,0.0,0.4958353092733837,-0.8684165740459862,8,368500.0,2067500.0,18.69465,73.75293,C3_dehu_talegaon,25.58,True,36_206,1,test,gap
c021_013,2022-23,1983.110781549589,122.40787059377465,1632.962857047816,2111.6005471109765,695.3639019602922,1738.7658291382484,0.0005801906165075,0.0006207588823664,6.149830626792869e-05,0.040576379639993526,0.00024129131268015,3.876393637926105,1769.7655219852415,0.5322670376394285,301.83281326293945,2951101.84375,5.813196029320554,0.4347812850596059,0.0221211124713574,0.1516515371593326,1.0998593214722745,1.7644046345689357,3.0159154932005423,0.0,0.4958353092733837,-0.8684165740459862,8,369500.0,2067500.0,18.69471,73.76241,C3_dehu_talegaon,25.18,True,36_206,1,test,gap
c021_014,2022-23,2100.769070495931,126.21583973979644,1729.846812024373,2123.0552626517047,611.1264614847943,1748.1980430065232,0.0006146134212424,0.0006241262883972,6.223239747351143e-05,0.04063057472969834,0.000244902108949975,3.876393637926105,1769.7655219852415,0.5322670376394285,301.83281326293945,2951101.84375,4.965365271047725,0.391467361812745,-0.0027341354441211,0.0,0.4408778452846184,2.979635958638668,3.420513803923286,0.0,0.4958353092733837,-0.8684165740459862,8,370500.0,2067500.0,18.69477,73.77189,C2_pcmc,24.82,True,37_206,3,test,test
c022_003,2022-23,1462.464212061816,95.77906919491888,1204.2442410567512,187.3061829199844,654.2047231889252,154.2344696269255,0.0004278671775226,5.5063433720366985e-05,5.3786428633198355e-05,0.04010448010584557,0.00021476949731803752,3.876393637926105,1769.7655219852415,0.5322670376394285,301.83281326293945,2951101.84375,8.161375736764843,0.3957879193777525,-0.0246142314709888,2.178250855924775,1.0728389718836655,1.6526038817983586,4.903693709606799,0.0,0.4958353092733837,-0.8684165740459862,8,359500.0,2068500.0,18.70309,73.66752,C3_dehu_talegaon,31.21,True,35_206,3,test,train
c022_004,2022-23,1507.712845860827,93.3863941963174,1241.5035505282103,157.19575620254932,637.6544623905609,129.44048993759554,0.0004411053853848,4.621170517622314e-05,5.4215897399789985e-05,0.04001820588355759,0.000207862881642525,3.876393637926105,1769.7655219852415,0.5322670376394285,301.83281326293945,2951101.84375,12.70255315150602,0.3098041075036222,0.036503619158515,2.878762723681703,1.023092088465617,5.648675503538607,9.550530315685927,0.0,0.4958353092733837,-0.8684165740459862,8,360500.0,2068500.0,18.70316,73.67701,C3_dehu_talegaon,30.59,True,36_206,1,test,train
c022_005,2022-23,1511.4914730133712,94.49283972098208,1244.615004435952,460.31576665443686,621.3953489992697,379.0401204277799,0.0004422108828878,0.0001353215698087,5.476161673257191e-05,0.040054349317837336,0.00021043611815105,3.876393637926105,1769.7655219852415,0.5322670376394285,301.83281326293945,2951101.84375,14.276043845831984,0.2244004214384115,0.0694952602127393,2.4766826393858787,1.0954351047888458,4.641574782019118,8.213692526193842,0.0,0.4958353092733837,-0.8684165740459862,8,361500.0,2068500.0,18.70323,73.68649,C3_dehu_talegaon,29.99,True,36_206,1,test,train
c022_006,2022-23,1521.6467208484028,98.7603282665705,1252.9771910939075,754.4953125947591,622.6919399698329,621.2778593847376,0.000445181962243,0.0002218031566802,5.5296978819893614e-05,0.040161054637272924,0.0002139440307482875,3.876393637926105,1769.7655219852415,0.5322670376394285,301.83281326293945,2951101.84375,10.470355892675434,0.3217373791814088,0.012394559646002,1.468739915523572,0.4677725915431894,4.435236827500529,6.371749334567291,0.0,0.4958353092733837,-0.8684165740459862,8,362500.0,2068500.0,18.70329,73.69597,C3_dehu_talegaon,29.41,True,36_206,1,test,train
c022_007,2022-23,1572.648288034858,106.09272418024176,1294.97366735815,887.401323733502,638.5628394954341,730.7173227203986,0.0004601032823146,0.0002608742712654,5.601384652259173e-05,0.04037058238042054,0.00022345746179155,3.876393637926105,1769.7655219852415,0.5322670376394285,301.83281326293945,2951101.84375,9.064370118163703,0.4604483194793925,-0.0293756503050237,0.0,1.439431741293647,5.8149598573247605,7.254391598618407,0.0,0.4958353092733837,-0.8684165740459862,8,363500.0,2068500.0,18.70336,73.70545,C3_dehu_talegaon,28.86,True,36_206,1,test,train
c022_008,2022-23,1616.8564708480108,113.48282800431134,1331.376233055992,1108.2527976013432,666.649003366462,912.574159517306,0.0004730370896841,0.0003257991995501,5.665962712871223e-05,0.04041488646050875,0.0002313117786582625,3.876393637926105,1769.7655219852415,0.5322670376394285,301.83281326293945,2951101.84375,6.892750606593954,0.3814026953216735,-0.0024657801994383,0.0,0.4830470051209966,4.430879990052064,4.913926995173061,0.0,0.4958353092733837,-0.8684165740459862,8,364500.0,2068500.0,18.70343,73.71493,C3_dehu_talegaon,28.33,True,36_206,1,test,train
c022_009,2022-23,1623.7395566626856,112.73944949403852,1337.0440069301544,1202.0215417558122,711.6394692540886,989.7866268090324,0.0004750508459702,0.0003533649154721,5.6975249622779304e-05,0.040512279580727964,0.000232227765147175,3.876393637926105,1769.7655219852415,0.5322670376394285,301.83281326293945,2951101.84375,3.7176289740952893,0.3163361240172964,0.0513329001650441,0.0,0.0,2.190348328762796,2.190348328762796,0.0,0.4958353092733837,-0.8684165740459862,8,365500.0,2068500.0,18.70349,73.72442,C3_dehu_talegaon,27.83,True,36_206,1,test,gap
c022_010,2022-23,1678.1941058763643,112.39702627880315,1381.883789503338,1260.661792861026,754.8897905121963,1038.0730628839483,0.0004909823908813,0.0003706037141585,5.702463066947968e-05,0.040632581698273024,0.0002339393117730875,3.876393637926105,1769.7655219852415,0.5322670376394285,301.83281326293945,2951101.84375,4.506209363540013,0.3759723672040561,-0.0210880070903231,0.0,0.0,3.4573249894130096,3.4573249894130096,0.0,0.4958353092733837,-0.8684165740459862,8,366500.0,2068500.0,18.70355,73.7339,C3_dehu_talegaon,27.35,True,36_206,1,test,gap
c022_011,2022-23,1747.3269734094506,113.52301503299223,1438.8102133486686,1335.8881309805558,739.7608781815404,1100.017063775782,0.0005112083113937,0.0003927184165057,5.76556454624983e-05,0.0406038838983141,0.000231464758997225,3.876393637926105,1769.7655219852415,0.5322670376394285,301.83281326293945,2951101.84375,4.665527425718501,0.3383384627750213,0.0215093924141811,0.0,0.0,1.7341426660490462,1.7341426660490462,0.0,0.4958353092733837,-0.8684165740459862,8,367500.0,2068500.0,18.70362,73.74338,C3_dehu_talegaon,26.91,True,36_206,1,test,gap
c022_012,2022-23,1791.903540591207,114.77826732454358,1475.5161196347642,1615.7961252055588,701.4546875424425,1330.5031073255154,0.0005242498954724,0.0004750045164493,5.8329207023540295e-05,0.040555256069465015,0.0002362000839372625,3.876393637926105,1769.7655219852415,0.5322670376394285,301.83281326293945,2951101.84375,4.9911534472616665,0.2146699813537278,0.1334844086922204,0.0,0.0,0.6652972915629766,0.6652972915629766,0.0,0.4958353092733837,-0.8684165740459862,8,368500.0,2068500.0,18.70368,73.75286,C3_dehu_talegaon,26.49,True,36_206,1,test,gap
c023_002,2022-23,1340.5155957787251,94.9305448975829,1103.8274803233649,333.89482933363337,719.1745047475592,274.9406939515994,0.0003921891692531,9.815690821290106e-05,5.2451468480294566e-05,0.04011057454765325,0.000225383675812575,3.876393637926105,1769.7655219852415,0.5322670376394285,301.83281326293945,2951101.84375,10.211992242437532,0.2844415630012984,0.1003933761068229,1.6982160350127489,0.0,0.3804799279933097,2.078695963006058,0.0,0.4958353092733837,-0.8684165740459862,8,358500.0,2069500.0,18.71206,73.65797,C3_dehu_talegaon,32.61,True,35_206,3,test,train
c023_003,2022-23,1429.2263858609836,94.62533326887387,1176.8750511254862,65.46481280711008,677.750419256559,53.90601914536854,0.0004181429225519,1.9245052805119848e-05,5.321713244386727e-05,0.040053198245930136,0.000215155643205175,3.876393637926105,1769.7655219852415,0.5322670376394285,301.83281326293945,2951101.84375,7.052900348358227,0.3063338428661468,0.0761233970933215,0.0,0.0,1.3151923827472398,1.3151923827472398,0.0,0.4958353092733837,-0.8684165740459862,8,359500.0,2069500.0,18.71213,73.66745,C3_dehu_talegaon,31.99,True,35_206,3,test,train
c023_004,2022-23,1480.777069502683,93.84908981702615,1219.3236891065371,147.65365184899247,656.5342130271918,121.58318709178226,0.0004332248953806,4.340656002599946e-05,5.364759475964111e-05,0.03992142170854757,0.00020743666738635,3.876393637926105,1769.7655219852415,0.5322670376394285,301.83281326293945,2951101.84375,12.513115261149816,0.3129437289524797,0.0579252825380252,2.4233473753958403,0.3276035338065093,4.017722698964897,6.768673608167246,0.0,0.4958353092733837,-0.8684165740459862,8,360500.0,2069500.0,18.7122,73.67694,C3_dehu_talegaon,31.39,True,36_206,1,test,train
c023_005,2022-23,1493.6408444196863,94.45689408836128,1229.9161718040878,515.6290194085972,630.7947882799635,424.5869895640884,0.0004369883974346,0.0001515823124036,5.4106780823912906e-05,0.03989979462988691,0.0002094390940471375,3.876393637926105,1769.7655219852415,0.5322670376394285,301.83281326293945,2951101.84375,11.596678473424564,0.2714230488715342,0.0277083414927238,0.4390279576730095,0.0,2.8289208856139063,3.267948843286916,0.0,0.4958353092733837,-0.8684165740459862,8,361500.0,2069500.0,18.71226,73.68642,C3_dehu_talegaon,30.81,True,36_206,1,test,train
c023_006,2022-23,1507.7695625689562,97.65500263750958,1241.550253051645,790.0308673995227,629.6646274314764,650.5390795044846,0.0004411219787603,0.0002322497401096,5.464706596195801e-05,0.04010308103650378,0.000215263858029375,3.876393637926105,1769.7655219852415,0.5322670376394285,301.83281326293945,2951101.84375,7.465895608709072,0.4136222373572963,-0.0079335435074631,0.0,1.0142412503950726,1.337549478829969,2.351790729225042,0.0,0.4958353092733837,-0.8684165740459862,8,362500.0,2069500.0,18.71233,73.6959,C3_dehu_talegaon,30.25,True,36_206,1,test,train
c023_007,2022-23,1551.3924343918102,104.21309432392805,1277.4708531851466,851.7112158263368,642.7964350802321,701.3288381643874,0.0004538845440856,0.0002503822530064,5.5092992677619304e-05,0.04025107612886774,0.0002216121026124875,3.876393637926105,1769.7655219852415,0.5322670376394285,301.83281326293945,2951101.84375,6.346553053140058,0.4905096107979957,-0.0275934588569748,0.0,0.0,1.0528990618419414,1.0528990618419414,0.0,0.4958353092733837,-0.8684165740459862,8,363500.0,2069500.0,18.7124,73.70538,C3_dehu_talegaon,29.71,True,36_206,1,test,train
c023_008,2022-23,1575.5920335505612,109.49608616119498,1297.3976504923587,977.3211315411417,668.4134667750394,804.7604410519007,0.0004609645219092,0.0002873084940987,5.5580332405967965e-05,0.040254697794079336,0.000227447838385275,3.876393637926105,1769.7655219852415,0.5322670376394285,301.83281326293945,2951101.84375,5.5219470476610715,0.3868119459896938,-0.0408812184139205,0.0,0.8016479839531673,2.3275814233940264,3.129229407347194,0.0,0.4958353092733837,-0.8684165740459862,8,364500.0,2069500.0,18.71246,73.71487,C3_dehu_talegaon,29.19,True,36_206,1,test,train
c023_009,2022-23,1564.9739691408656,108.52794981793468,1288.6543644610936,994.2115765226464,721.3933754785784,818.668624876233,0.0004578580382002,0.0002922738715532,5.577136629939553e-05,0.04033068051566685,0.0002261968014394375,3.876393637926105,1769.7655219852415,0.5322670376394285,301.83281326293945,2951101.84375,4.2789052389804025,0.3319492397848535,0.0026441411535479,0.0,1.4529091388612798,1.4583510905101258,2.911260229371406,0.0,0.4958353092733837,-0.8684165740459862,8,365500.0,2069500.0,18.71253,73.72435,C3_dehu_talegaon,28.71,True,36_206,1,test,train
c023_010,2022-23,1609.0370775017225,107.99779882597817,1324.9374707750676,1002.2112557544322,758.7170842871834,825.2558408680675,0.0004707494017302,0.0002946255814663,5.610824809538874e-05,0.0404027164942201,0.00022631660110495,3.876393637926105,1769.7655219852415,0.5322670376394285,301.83281326293945,2951101.84375,3.9104860006528765,0.3603827639524229,-0.0166665863807841,0.0,0.1863114799491574,5.335024682908905,5.521336162858063,0.0,0.4958353092733837,-0.8684165740459862,8,366500.0,2069500.0,18.71259,73.73383,C3_dehu_talegaon,28.25,True,36_206,1,test,gap
c023_011,2022-23,1661.9837572478102,109.52102268122212,1368.5356208299063,1062.1431887985266,739.8745123893552,874.6058930802845,0.0004862397954337,0.0003122441030306,5.66268227001495e-05,0.040392255756354974,0.00022673907089575002,3.876393637926105,1769.7655219852415,0.5322670376394285,301.83281326293945,2951101.84375,3.4994560599052624,0.3857495565351599,-0.0156134429997112,0.0,0.0,0.5372866863589858,0.5372866863589858,0.0,0.4958353092733837,-0.8684165740459862,8,367500.0,2069500.0,18.71265,73.74331,C3_dehu_talegaon,27.81,True,36_206,1,test,gap
c024_001,2022-23,1211.9525865316732,94.6604489631001,997.9641968174952,425.49320558066194,750.5118686127938,350.36600431192653,0.0003545760150667,0.0001250845890867,5.0855849171479824e-05,0.040191240383710525,0.0002314249871548375,3.876393637926105,1769.7655219852415,0.5322670376394285,301.83281326293945,2951101.84375,10.007426161387581,0.2923181426793492,0.0974078976300076,1.075773921277423,0.0,0.4276215969747086,1.5033955182521317,0.0,0.4958353092733837,-0.8684165740459862,8,357500.0,2070500.0,18.72103,73.64842,C3_dehu_talegaon,34.02,True,35_207,4,test,train
c024_002,2022-23,1293.18029938747,92.9747421320578,1064.8499398080187,145.10194736020617,700.6415241892663,119.48202426663022,0.0003783404750443,4.265642135571184e-05,5.1673517205472154e-05,0.04019264266879299,0.00022965729327753748,3.876393637926105,1769.7655219852415,0.5322670376394285,301.83281326293945,2951101.84375,9.134680228044758,0.348659301347919,0.0274518686516797,0.950700487404496,0.0,0.0,0.950700487404496,0.0,0.4958353092733837,-0.8684165740459862,8,358500.0,2070500.0,18.7211,73.6579,C3_dehu_talegaon,33.4,True,35_207,4,test,train
c024_003,2022-23,1376.2951830649574,92.9315646476316,1133.2896453332608,-41.13428771912696,676.7569315448432,-33.87141284359599,0.0004026570568764,-1.2092473884987766e-05,5.2196865389377596e-05,0.04014208686896966,0.00021836154302545,3.876393637926105,1769.7655219852415,0.5322670376394285,301.83281326293945,2951101.84375,11.130469195344988,0.2218931469814703,0.0684288905962752,2.397858397222187,0.6960258790652546,4.112927642977442,7.206811919264883,0.0,0.4958353092733837,-0.8684165740459862,8,359500.0,2070500.0,18.72117,73.66738,C3_dehu_talegaon,32.79,True,35_207,4,test,train
c024_004,2022-23,1426.3326043054428,93.0834493871791,1174.4922100655856,141.15193972139303,666.9770946026658,116.2294496655296,0.0004172963007089,4.1495215780839575e-05,5.2785549191568595e-05,0.04002096656392215,0.000212225300326425,3.876393637926105,1769.7655219852415,0.5322670376394285,301.83281326293945,2951101.84375,18.17292369933633,0.2778406826697398,0.0239841228186059,0.3402054722942416,0.6726664211493366,11.425484899403065,12.43835679284664,0.0,0.4958353092733837,-0.8684165740459862,8,360500.0,2070500.0,18.72123,73.67686,C3_dehu_talegaon,32.2,True,36_207,2,test,train
c024_005,2022-23,1442.6769126286329,93.3214734910412,1187.9506858422396,525.6373798710259,644.3618630522141,432.82822401611503,0.0004220780881969,0.0001545245254388,5.330377590801194e-05,0.039965498244140175,0.0002128883473919625,3.876393637926105,1769.7655219852415,0.5322670376394285,301.83281326293945,2951101.84375,22.688292952982223,0.2656057326627762,0.0081048616421556,0.0,1.0711140854837755,11.307418808745744,12.37853289422952,0.0,0.4958353092733837,-0.8684165740459862,8,361500.0,2070500.0,18.7213,73.68635,C3_dehu_talegaon,31.63,True,36_207,2,test,train
c024_006,2022-23,1459.9499432737518,95.20538386690303,1202.173904098402,767.017035605727,638.1901048867862,631.5886845657565,0.0004271315881789,0.0002254842367937,5.37604200864642e-05,0.04012726404773712,0.0002201680755168125,3.876393637926105,1769.7655219852415,0.5322670376394285,301.83281326293945,2951101.84375,11.312060298617538,0.4152992845625714,-0.0141106424127283,0.0,1.23179528000131,2.918572041363185,4.150367321364495,0.0,0.4958353092733837,-0.8684165740459862,8,362500.0,2070500.0,18.72137,73.69583,C3_dehu_talegaon,31.09,True,36_207,2,test,train
c024_007,2022-23,1496.092362847701,100.44829442922956,1231.9348379187402,804.1634760443075,641.4586014366675,662.1763643222764,0.0004377056281619,0.0002364043811752,5.405097319274534e-05,0.04019264616126609,0.00022659088714258748,3.876393637926105,1769.7655219852415,0.5322670376394285,301.83281326293945,2951101.84375,6.001464157580405,0.4026380803337188,0.0268682916898969,0.0,0.0,0.6713919082702225,0.6713919082702225,0.0,0.4958353092733837,-0.8684165740459862,8,363500.0,2070500.0,18.72143,73.70531,C3_dehu_talegaon,30.56,True,36_207,2,test,train
c024_008,2022-23,1502.5458603956688,103.53271846929668,1237.2488737718688,844.9401647178058,666.345228852302,695.7533175902097,0.0004395937015644,0.0002483917296926,5.430037844462288e-05,0.040257680682632274,0.0002309286230605625,3.876393637926105,1769.7655219852415,0.5322670376394285,301.83281326293945,2951101.84375,4.530425947053745,0.4162212471707618,-0.0432322218193462,0.0,0.2749411711989774,0.0598454542696655,0.3347866254686429,0.0,0.4958353092733837,-0.8684165740459862,8,364500.0,2070500.0,18.7215,73.7148,C3_dehu_talegaon,30.06,True,36_207,2,test,train
c024_009,2022-23,1488.2775980388906,102.1446417572806,1225.4998869376457,813.2478796976827,720.2377767241954,669.6567803849634,0.0004354192943602,0.0002390749735212,5.4538023734319765e-05,0.040308283076963464,0.0002257125652919625,3.876393637926105,1769.7655219852415,0.5322670376394285,301.83281326293945,2951101.84375,5.08682989149416,0.2700883985020387,0.044522304443166,0.0,1.8166445820121264,1.799033221968686,3.615677803980813,0.0,0.4958353092733837,-0.8684165740459862,8,365500.0,2070500.0,18.72156,73.72428,C3_dehu_talegaon,29.59,True,36_207,2,test,train
c024_010,2022-23,1531.4072056377777,101.22421270601032,1261.014316037263,799.7219922164271,754.0680034517445,658.5190910178371,0.0004480375473874,0.000235098693629,5.517825809216117e-05,0.04028585527106066,0.00022094790382612498,3.876393637926105,1769.7655219852415,0.5322670376394285,301.83281326293945,2951101.84375,4.68618096201813,0.3160284606289633,0.021391793093439,0.0,0.8420549909820028,3.6843167290278953,4.526371720009898,0.0,0.4958353092733837,-0.8684165740459862,8,366500.0,2070500.0,18.72163,73.73376,C3_dehu_talegaon,29.14,True,36_207,2,test,gap
c025_001,2022-23,1170.6101844055277,94.81167445033336,963.9214152839404,218.41012438405505,703.1421246572503,179.84654414700276,0.0003424806374404,6.420723128513116e-05,4.994557877042234e-05,0.040163885528659224,0.00023105162899255,3.876393637926105,1769.7655219852415,0.5322670376394285,301.83281326293945,2951101.84375,11.633688067344027,0.2393424352851612,0.0789429936543334,2.322011292644271,0.9448446129820784,4.188924508959187,7.455780414585536,0.0,0.4958353092733837,-0.8684165740459862,8,357500.0,2071500.0,18.73007,73.64834,C3_dehu_talegaon,34.8,True,35_207,4,test,train
c025_002,2022-23,1249.605896920336,93.01428295295402,1028.9692510391935,-48.70503963244368,672.5371606826658,-40.1054350623193,0.0003655920902003,-1.4318089663887818e-05,5.059836437843888e-05,0.04019430943839958,0.00022795374259905,3.876393637926105,1769.7655219852415,0.5322670376394285,301.83281326293945,2951101.84375,14.409677331807552,0.2659710048990259,0.0426791325551061,2.714420685037408,0.0,6.520580283990074,9.235000969027482,0.0,0.4958353092733837,-0.8684165740459862,8,358500.0,2071500.0,18.73013,73.65783,C3_dehu_talegaon,34.19,True,35_207,4,test,train
c025_003,2022-23,1326.126500990149,92.20888898859327,1091.978995833797,-149.59989200424977,673.2467613103183,-123.18578938409938,0.0003879794105981,-4.397870700012636e-05,5.097194610289973e-05,0.04014650404217274,0.0002186935965705875,3.876393637926105,1769.7655219852415,0.5322670376394285,301.83281326293945,2951101.84375,17.145005011519828,0.2432850340979087,0.0319338749504998,1.207419698667142,0.1484275826586547,8.554718582891411,9.910565864217208,0.0,0.4958353092733837,-0.8684165740459862,8,359500.0,2071500.0,18.7302,73.66731,C3_dehu_talegaon,33.59,True,35_207,4,test,train
c025_004,2022-23,1368.936204696604,91.84944398594908,1127.230004866807,125.3591785143088,680.2545952359058,103.22513709694842,0.0004005040706509,3.685253049180481e-05,5.1491932640251085e-05,0.04006817909632905,0.00021460229898345002,3.876393637926105,1769.7655219852415,0.5322670376394285,301.83281326293945,2951101.84375,21.46896435668579,0.297860447381623,0.0125695797742118,1.697229341772405,3.313566810924572,8.884893920903302,13.895690073600278,0.0,0.4958353092733837,-0.8684165740459862,8,360500.0,2071500.0,18.73027,73.67679,C3_dehu_talegaon,33.02,True,36_207,2,test,train
c025_005,2022-23,1381.7573952824837,91.115929704812,1137.7874221350005,505.7560424484931,668.6494629078206,416.4572346283903,0.0004042551139812,0.0001486798988046,5.184664314789137e-05,0.04004181836048777,0.0002159781873539875,3.876393637926105,1769.7655219852415,0.5322670376394285,301.83281326293945,2951101.84375,21.468550497951682,0.2536246242373492,0.0381846538061518,1.0033963359721154,0.9564026587606812,11.127514694556062,13.08731368928886,0.0,0.4958353092733837,-0.8684165740459862,8,361500.0,2071500.0,18.73034,73.68628,C3_dehu_talegaon,32.47,True,36_207,2,test,train
c025_006,2022-23,1389.4977318588903,91.57264730291456,1144.1610863033957,699.9729052362248,660.1693782494024,576.3822000389964,0.0004065196726191,0.0002057749032769,5.230220937257494e-05,0.04009121626445333,0.00022094504154536248,3.876393637926105,1769.7655219852415,0.5322670376394285,301.83281326293945,2951101.84375,11.092863288988,0.2662940886320711,0.1082006869843284,0.2665534189351036,1.11413807637851,3.4328774426848154,4.813568937998429,0.0,0.4958353092733837,-0.8684165740459862,8,362500.0,2071500.0,18.7304,73.69576,C3_dehu_talegaon,31.94,True,36_207,2,test,train
c025_007,2022-23,1407.916414202134,95.50555169438184,1159.3276742833052,724.9340903630454,652.5787552968645,596.9361138995938,0.0004119083512362,0.0002131128808139,5.283382393957953e-05,0.040171441625937915,0.0002274210607939,3.876393637926105,1769.7655219852415,0.5322670376394285,301.83281326293945,2951101.84375,5.9534176699128984,0.3753456308446913,0.0152316086961964,0.0533178904460848,0.0,1.834246167976154,1.887564058422239,0.0,0.4958353092733837,-0.8684165740459862,8,363500.0,2071500.0,18.73047,73.70525,C3_dehu_talegaon,31.43,True,36_207,2,test,train
c025_008,2022-23,1397.7842583989388,97.28150091444238,1150.9845024129415,693.905395324263,670.2525634766375,571.3859999208864,0.0004089440278224,0.0002039912038566,5.303987708284903e-05,0.04026675365923041,0.0002270923480939375,3.876393637926105,1769.7655219852415,0.5322670376394285,301.83281326293945,2951101.84375,6.481126223823854,0.3394733073576346,-0.0090933799804693,1.0526403613785464,0.388348570391229,0.781012354749221,2.2220012865189966,0.0,0.4958353092733837,-0.8684165740459862,8,364500.0,2071500.0,18.73053,73.71473,C3_dehu_talegaon,30.94,True,36_207,2,test,train
c025_009,2022-23,1391.382130768303,95.91248940275077,1145.7127663484853,624.6490053082656,700.203247227811,514.3578633379312,0.0004070709835066,0.0001836315201456,5.3296411507581373e-05,0.04028451498484953,0.0002219372574970625,3.876393637926105,1769.7655219852415,0.5322670376394285,301.83281326293945,2951101.84375,7.532775954379662,0.2619569591537323,0.0893071004157159,0.0,1.5488746600264935,2.833944609845225,4.382819269871719,0.0,0.4958353092733837,-0.8684165740459862,8,365500.0,2071500.0,18.7306,73.72421,C3_dehu_talegaon,30.48,True,36_207,2,test,train
c026_001,2022-23,1117.3150156096108,93.13834925894407,920.0363071429708,29.269240714609797,649.1821638427201,24.101317680095672,0.0003268882877199,8.604440446169748e-06,4.87854566049599e-05,0.04009340512943641,0.0002305713891403375,3.876393637926105,1769.7655219852415,0.5322670376394285,301.83281326293945,2951101.84375,9.723764058202505,0.2763733890667905,0.0601677739191204,0.6689225810165255,0.2947984958830799,3.0848791940446434,4.048600270944249,0.0,0.4958353092733837,-0.8684165740459862,8,357500.0,2072500.0,18.7391,73.64827,C3_dehu_talegaon,35.59,True,35_207,4,test,train
c026_002,2022-23,1197.50917774199,93.66859910342995,986.0709882775868,-223.2363252442452,643.0130442116573,-183.8206069268867,0.0003503503659864,-6.562601622347879e-05,4.9272546082243517e-05,0.04010494980196811,0.0002253910905671375,3.876393637926105,1769.7655219852415,0.5322670376394285,301.83281326293945,2951101.84375,10.299600580094873,0.2314010147280875,0.1074464689261649,0.0,2.217307287102884,2.794698239988602,5.012005527091485,0.0,0.4958353092733837,-0.8684165740459862,8,358500.0,2072500.0,18.73917,73.65776,C3_dehu_talegaon,34.99,True,35_207,4,test,train
c026_003,2022-23,1272.5707015509054,93.53730746559866,1047.8792752950128,-239.02670321517544,673.9562246923426,-196.8229570553686,0.0003723108092354,-7.026800089941066e-05,4.962884892408366e-05,0.04004845280024765,0.0002184746672079,3.876393637926105,1769.7655219852415,0.5322670376394285,301.83281326293945,2951101.84375,12.939321772988274,0.2747226176164891,0.0956196104706294,0.0,0.4732183702092159,3.249180080397759,3.722398450606975,0.0,0.4958353092733837,-0.8684165740459862,8,359500.0,2072500.0,18.73924,73.66724,C3_dehu_talegaon,34.41,True,35_207,4,test,train
c026_004,2022-23,1315.283303913432,93.10343931516547,1083.0503276813845,85.2921399231761,700.9577913023177,70.23253455555323,0.0003848070607448,2.507380173101049e-05,5.015619086769234e-05,0.040000523469104536,0.0002148016361743125,3.876393637926105,1769.7655219852415,0.5322670376394285,301.83281326293945,2951101.84375,19.090552286668256,0.2677147796410522,0.0117753439298237,0.0,2.5323447472442067,11.691270037879752,14.223614785123958,0.0,0.4958353092733837,-0.8684165740459862,8,360500.0,2072500.0,18.7393,73.67672,C3_dehu_talegaon,33.85,True,36_207,2,test,train
c026_005,2022-23,1325.5957942669024,91.08863437884304,1091.54199333494,427.3466125140608,703.0963087348122,351.89216447876817,0.000387824143901,0.0001256294453656,5.038898061355616e-05,0.04004343511031474,0.000218118015536,3.876393637926105,1769.7655219852415,0.5322670376394285,301.83281326293945,2951101.84375,17.24114954906659,0.2758509229134857,0.0418923398096148,0.0,0.0750341058289997,6.400948392918197,6.475982498747197,0.0,0.4958353092733837,-0.8684165740459862,8,361500.0,2072500.0,18.73937,73.68621,C3_dehu_talegaon,33.31,True,36_207,2,test,train
c026_006,2022-23,1314.1267554697006,89.245946393705,1082.0979851957495,548.083838918184,693.3220427585666,451.3114243684488,0.0003844686940934,0.0001611232350528,5.0659531872800215e-05,0.04008676841994465,0.0002207746698801375,3.876393637926105,1769.7655219852415,0.5322670376394285,301.83281326293945,2951101.84375,10.587919669519597,0.2950484364794976,0.0289523685484703,0.7595786474832124,1.291503566913622,1.7994419686270802,3.8505241830239134,0.0,0.4958353092733837,-0.8684165740459862,8,362500.0,2072500.0,18.73944,73.69569,C3_dehu_talegaon,32.79,True,36_207,2,test,train
c026_007,2022-23,1305.5868154524574,91.05755361679118,1075.065899555694,534.6809565670811,683.1853655712472,440.2750217325704,0.0003819701987448,0.0001571831156585,5.125561961765482e-05,0.04016559938057534,0.0002250131219572375,3.876393637926105,1769.7655219852415,0.5322670376394285,301.83281326293945,2951101.84375,5.2258898285640925,0.3737529400943045,-0.0073580567610501,0.9668242536716536,0.0819080765201114,0.2621831751443612,1.3109155053361263,0.0,0.4958353092733837,-0.8684165740459862,8,363500.0,2072500.0,18.7395,73.70518,C3_dehu_talegaon,32.3,True,36_207,2,test,train
c026_008,2022-23,1279.5007959474317,92.36148783823631,1053.5857576814983,432.1214639759134,695.8208754817067,355.82394436603863,0.0003743383186301,0.0001270331348375,5.160857177847363e-05,0.04024505308422838,0.0002222282743125625,3.876393637926105,1769.7655219852415,0.5322670376394285,301.83281326293945,2951101.84375,5.95310571707495,0.3474924496304216,-0.0199527651919194,0.0192073722590045,1.5034416698204198,3.646754040130593,5.169403082210017,0.0,0.4958353092733837,-0.8684165740459862,8,364500.0,2072500.0,18.73957,73.71466,C3_dehu_talegaon,31.83,True,36_207,2,test,train
c027_001,2022-23,1041.024418779221,89.27288245509955,857.2159583631156,-83.41033133450281,617.9228707954848,-68.68298747126182,0.0003045682596001,-2.45205960605864e-05,4.761949162930276e-05,0.03999716107725239,0.000232978169827125,3.876393637926105,1769.7655219852415,0.5322670376394285,301.83281326293945,2951101.84375,4.201678977781756,0.2744483910092633,0.1200138798204641,0.0,0.0,2.1036509033313755,2.1036509033313755,0.0,0.4958353092733837,-0.8684165740459862,8,357500.0,2073500.0,18.74814,73.6482,C3_dehu_talegaon,36.39,True,35_207,4,test,train
c027_002,2022-23,1123.8026676743452,91.9980195152101,925.3784670211412,-338.2330523534233,627.1364185683923,-278.5129386909333,0.0003287863535698,-9.943223960874942e-05,4.782857077141654e-05,0.03998516338397201,0.0002283773158824875,3.876393637926105,1769.7655219852415,0.5322670376394285,301.83281326293945,2951101.84375,5.678373589168315,0.2682829528158458,0.0905289660468751,0.0,1.4141352783769725,3.38001825160218,4.794153529979152,0.0,0.4958353092733837,-0.8684165740459862,8,358500.0,2073500.0,18.7482,73.65768,C3_dehu_talegaon,35.8,True,35_207,4,test,train
c027_003,2022-23,1203.1078093553183,93.90395514143997,990.6810975866164,-292.3222179774681,679.4776113923973,-240.70835007716596,0.0003519883347562,-8.593557790598492e-05,4.8243001195809347e-05,0.039939369464365326,0.0002224891645151875,3.876393637926105,1769.7655219852415,0.5322670376394285,301.83281326293945,2951101.84375,9.918252842331475,0.2851750987350893,0.0484264143768607,0.0,3.5534948440122687,1.0656655963471104,4.619160440359379,0.0,0.4958353092733837,-0.8684165740459862,8,359500.0,2073500.0,18.74827,73.66717,C3_dehu_talegaon,35.24,True,35_207,4,test,train
c027_004,2022-23,1254.884023497132,95.03669236197156,1033.3154452785138,4.071163700496431,720.4470115687265,3.352338744624878,0.0003671362901215,1.196822491881187e-06,4.890851161790361e-05,0.039904621688495796,0.000216599715218975,3.876393637926105,1769.7655219852415,0.5322670376394285,301.83281326293945,2951101.84375,11.778080796915054,0.2909472536086394,0.0348148337986021,0.0,0.8739557635386022,8.857028975270014,9.730984738808615,0.0,0.4958353092733837,-0.8684165740459862,8,360500.0,2073500.0,18.74834,73.67665,C3_dehu_talegaon,34.69,True,36_207,2,test,train
c027_005,2022-23,1268.190684470873,93.118530804197,1044.2726158630371,254.60044098266792,726.3427309192367,209.64691805458523,0.0003710293655391,7.484629865749925e-05,4.924917391404064e-05,0.04001424930836343,0.00021961000755055,3.876393637926105,1769.7655219852415,0.5322670376394285,301.83281326293945,2951101.84375,9.723171176943271,0.2289537226341438,0.0988555789940672,0.0,1.2532261262665716,2.5941543041362323,3.847380430402804,0.0,0.4958353092733837,-0.8684165740459862,8,361500.0,2073500.0,18.74841,73.68614,C3_dehu_talegaon,34.16,True,36_207,2,test,train
c027_006,2022-23,1240.4912517727253,89.58524791666925,1021.4639330712332,303.04774865708777,713.8962494772481,249.5401275980668,0.0003629254557205,8.908862143335901e-05,4.9199075037007824e-05,0.04014694619438395,0.0002209893634182375,3.876393637926105,1769.7655219852415,0.5322670376394285,301.83281326293945,2951101.84375,8.841276137775164,0.3033400040530998,0.0222780107291184,0.0,1.5468131731006425,3.465711261503478,5.012524434604121,0.0,0.4958353092733837,-0.8684165740459862,8,362500.0,2073500.0,18.74847,73.69562,C3_dehu_talegaon,33.66,True,36_207,2,test,train
c028_002,2022-23,1037.8805176012415,87.97228198858362,854.6271600480475,-399.3565998748993,639.4970925919292,-328.84420798874555,0.0003036484612814,-0.0001174010666663,4.659954540725462e-05,0.03986074553142462,0.00023124219576642498,3.876393637926105,1769.7655219852415,0.5322670376394285,301.83281326293945,2951101.84375,3.560159164212722,0.2973705804818634,0.1102972397690697,0.0,0.0,3.339473492485166,3.339473492485166,0.0,0.4958353092733837,-0.8684165740459862,8,358500.0,2074500.0,18.75724,73.65761,C3_dehu_talegaon,36.63,True,35_207,4,test,train
c028_003,2022-23,1121.5454119371918,90.86964930508796,923.5197636083396,-331.857641572358,699.4241349411392,-273.2632022159156,0.0003281259574841,-9.755802486842092e-05,4.711165024328005e-05,0.0398005231188455,0.0002269027790716625,3.876393637926105,1769.7655219852415,0.5322670376394285,301.83281326293945,2951101.84375,7.721468126764159,0.2759031850909459,0.0871870102371031,0.0,0.2084267804030366,3.619996700574707,3.828423480977744,0.0,0.4958353092733837,-0.8684165740459862,8,359500.0,2074500.0,18.75731,73.6671,C3_dehu_talegaon,36.07,True,35_207,4,test,train
c028_004,2022-23,1179.7539864691491,93.23926405625951,971.4507420774862,-113.51642275063296,736.9964514953933,-93.47339732169472,0.0003451558022401,-3.337105013224705e-05,4.7649830800043626e-05,0.03979726210554217,0.00022000734941638752,3.876393637926105,1769.7655219852415,0.5322670376394285,301.83281326293945,2951101.84375,8.08965283954217,0.3139370571461476,0.0544062220678149,0.0,3.798396471521511,2.603325473351261,6.401721944872772,0.0,0.4958353092733837,-0.8684165740459862,8,360500.0,2074500.0,18.75737,73.67658,C3_dehu_talegaon,35.54,True,36_207,2,test,train
c028_005,2022-23,1196.2397796673445,92.47876043347954,985.0257214543764,26.074643119268583,732.988435383311,21.470774159813764,0.0003499789833796,7.665306936468897e-06,4.807042917766925e-05,0.039944905289208285,0.000218929529556775,3.876393637926105,1769.7655219852415,0.5322670376394285,301.83281326293945,2951101.84375,4.908400802866641,0.3157948378374682,0.0670526199911479,0.0,0.0,0.7501414562305215,0.7501414562305215,0.0,0.4958353092733837,-0.8684165740459862,8,361500.0,2074500.0,18.75744,73.68607,C3_dehu_talegaon,35.02,True,36_207,2,test,train
c028_006,2022-23,1160.234332920714,88.97301356243005,955.3775758562176,38.69916109938092,723.3001023788054,31.866244317838444,0.000339445016977,1.1376606255116903e-05,4.799398705807919e-05,0.04010741045942519,0.00021802247698765001,3.876393637926105,1769.7655219852415,0.5322670376394285,301.83281326293945,2951101.84375,4.650988764115163,0.2640647375165057,0.1129893108502514,0.0,0.7448437836087627,1.547952771207722,2.2927965548164844,0.0,0.4958353092733837,-0.8684165740459862,8,362500.0,2074500.0,18.75751,73.69555,C3_dehu_talegaon,34.53,True,36_207,2,test,train
c029_004,2022-23,1098.3050336834565,89.57513602430306,904.3828223818706,-196.62939886367585,741.8313754422197,-161.911532091579,0.0003213266150003,-5.780423103507938e-05,4.680468751242005e-05,0.03968516041119486,0.0002235958694044375,3.876393637926105,1769.7655219852415,0.5322670376394285,301.83281326293945,2951101.84375,5.901495575736201,0.2451293523718863,0.1195245276347815,0.0,2.377702299193483,0.4320735552267851,2.809775854420268,0.0,0.4958353092733837,-0.8684165740459862,8,360500.0,2075500.0,18.76641,73.67651,C3_dehu_talegaon,36.39,True,36_207,2,test,train
c029_005,2022-23,1111.2099869888507,89.3034365348624,915.009212806302,-161.57828358122592,733.0956487828144,-133.0492164373738,0.0003251021644472,-4.750006096929667e-05,4.721502112124644e-05,0.039832210085480234,0.000219608323046125,3.876393637926105,1769.7655219852415,0.5322670376394285,301.83281326293945,2951101.84375,7.413928535803185,0.2995169003781001,0.0389300321531563,0.0,3.2287731859597733,1.2550712435386155,4.483844429498388,0.0,0.4958353092733837,-0.8684165740459862,8,361500.0,2075500.0,18.76648,73.686,C3_dehu_talegaon,35.89,True,36_207,2,test,train
c029_006,2022-23,1068.3278370841708,85.83512724495071,879.6985490369377,-191.70331376195625,734.4687723296562,-157.8552211297279,0.0003125563091062,-5.6356082574249874e-05,4.727922755728658e-05,0.03994448588049854,0.0002179100557827125,3.876393637926105,1769.7655219852415,0.5322670376394285,301.83281326293945,2951101.84375,9.656912038957655,0.2274865951378828,0.0404771687612601,0.0,1.098896335949152,2.8032502959061767,3.902146631855329,0.0,0.4958353092733837,-0.8684165740459862,8,362500.0,2075500.0,18.76654,73.69548,C3_dehu_talegaon,35.41,True,36_207,2,test,train
c029_007,2022-23,1003.3269765969778,82.21052856407243,826.174564477289,-267.4555001852284,764.1589045807575,-220.2322239276788,0.000293539273008,-7.862537145337152e-05,4.723253193475694e-05,0.03991925041015545,0.0002160268781246625,3.876393637926105,1769.7655219852415,0.5322670376394285,301.83281326293945,2951101.84375,5.435803206953744,0.3126607602392509,0.0337992176209272,0.0,0.0,0.0,0.0,0.0,0.4958353092733837,-0.8684165740459862,8,363500.0,2075500.0,18.76661,73.70497,C3_dehu_talegaon,34.95,True,36_207,2,test,train
c030_004,2022-23,1021.6185456491236,86.60739761208988,841.2364829223792,-302.21292356885044,715.0670421821919,-248.85270338863455,0.0002988907626091,-8.884320328859923e-05,4.624835502293526e-05,0.039562136327355196,0.0002225645958711625,3.876393637926105,1769.7655219852415,0.5322670376394285,301.83281326293945,2951101.84375,10.51251933293358,0.218985876802995,0.1319152836678647,0.0,0.0,0.0,0.0,0.0,0.4958353092733837,-0.8684165740459862,8,360500.0,2076500.0,18.77545,73.67644,C3_dehu_talegaon,37.26,True,36_207,2,test,train
c030_005,2022-23,1037.3584439062845,87.07507900872274,854.1972662869736,-340.2166625672009,703.2391637755818,-280.1463127979655,0.0003034957203142,-0.0001000153724655,4.606986871145292e-05,0.03978203719252936,0.00022056313248193748,3.876393637926105,1769.7655219852415,0.5322670376394285,301.83281326293945,2951101.84375,13.0487073557005,0.2912058809634674,0.0914956402956019,0.0,0.7503648874146576,0.3823867722368949,1.1327516596515526,0.1292907676340472,0.4958353092733837,-0.8684165740459862,8,361500.0,2076500.0,18.77551,73.68593,C3_dehu_talegaon,36.77,True,36_207,2,test,train
c030_006,2022-23,991.2056979689864,84.74775191164811,816.1934792229539,-417.76015137057226,723.3441680727792,-343.99833669895213,0.0002899930000587,-0.0001228112604047,4.636214804955093e-05,0.039870938425252626,0.00021780393792387502,3.876393637926105,1769.7655219852415,0.5322670376394285,301.83281326293945,2951101.84375,35.051092600353115,0.2366107048440057,0.0227675402584189,0.0,1.4828144628878497,4.217281636965968,5.700096099853817,0.5518072759106204,0.4958353092733837,-0.8684165740459862,8,362500.0,2076500.0,18.77558,73.69541,C3_dehu_talegaon,36.3,True,36_207,2,test,train
c030_007,2022-23,926.9585348356252,81.91796231969269,763.2901154555035,-526.0746594549629,771.5175643940623,-433.1882953370709,0.0002711964701149,-0.0001546530749347,4.631284285055698e-05,0.039880846047206146,0.000211735119036175,3.876393637926105,1769.7655219852415,0.5322670376394285,301.83281326293945,2951101.84375,12.443325369087464,0.2609183955096237,0.0774846492968609,0.0,0.0,0.0,0.0,0.0091823566338231,0.4958353092733837,-0.8684165740459862,8,363500.0,2076500.0,18.77565,73.7049,C3_dehu_talegaon,35.85,True,36_207,2,test,train
c030_008,2022-23,887.6318302983674,79.4639710276534,730.9071298972003,-693.6390332545043,785.2750839060234,-571.1666680658589,0.0002596908168943,-0.0002039128999269,4.6473760649462674e-05,0.03986230721564438,0.00020896499347653751,3.876393637926105,1769.7655219852415,0.5322670376394285,301.83281326293945,2951101.84375,3.9349405959568498,0.2476896367589628,0.0833431079313575,0.0,0.6515398168263842,0.1237766846023848,0.7753165014287691,0.0,0.4958353092733837,-0.8684165740459862,8,364500.0,2076500.0,18.77571,73.71439,C3_dehu_talegaon,35.43,True,36_207,2,test,train
c031_004,2022-23,935.0180483930906,81.01976023212055,769.9266011262287,-543.6229825496494,684.1176051162354,-447.6381990356964,0.0002735544090577,-0.0001598118524537,4.542563053360113e-05,0.03945840544541094,0.0002206898739331625,3.876393637926105,1769.7655219852415,0.5322670376394285,301.83281326293945,2951101.84375,6.640516151420355,0.2649699897669456,0.0716353049701729,0.0,0.6809068265270755,0.4050605834669963,1.0859674099940717,0.0,0.4958353092733837,-0.8684165740459862,8,360500.0,2077500.0,18.78448,73.67637,C3_dehu_talegaon,38.13,True,36_207,2,test,train
c031_005,2022-23,956.262000421051,82.22889862997987,787.4196150926284,-629.3663133967017,666.4596094879859,-518.2422599966233,0.0002797696652798,-0.0001850182932741,4.5218245590981626e-05,0.0396969273972429,0.000217356923819875,3.876393637926105,1769.7655219852415,0.5322670376394285,301.83281326293945,2951101.84375,18.11910729209582,0.2451370223868348,0.0831344809788822,0.0,0.0,0.4768321868392239,0.4768321868392239,0.6192206866258102,0.4958353092733837,-0.8684165740459862,8,361500.0,2077500.0,18.78455,73.68586,C3_dehu_talegaon,37.65,True,36_207,2,test,train
c031_006,2022-23,922.4014122524554,81.67561621478579,759.5376211508157,-685.1671515393382,701.835723409641,-564.1906240148257,0.0002698632113854,-0.0002014223740402,4.5361879583362466e-05,0.03976777394204451,0.00021145157518364998,3.876393637926105,1769.7655219852415,0.5322670376394285,301.83281326293945,2951101.84375,30.93393849761565,0.2614052632778177,0.0447492274568017,0.0,2.0235326716521422,2.2972430972662794,4.320775768918422,0.7711921662748861,0.4958353092733837,-0.8684165740459862,8,362500.0,2077500.0,18.78461,73.69534,C3_dehu_talegaon,37.19,True,36_207,2,test,train
c031_007,2022-23,878.9352750109492,80.81376539720235,723.7460817597281,-748.7401877940785,761.7244363816267,-616.5388881055624,0.0002571465012561,-0.0002201112908375,4.51832757276786e-05,0.0397993316583277,0.0002053484961921375,3.876393637926105,1769.7655219852415,0.5322670376394285,301.83281326293945,2951101.84375,12.819037903157657,0.2296749317939411,0.098161168748281,0.0,0.0,0.0,0.0,0.0286704561131335,0.4958353092733837,-0.8684165740459862,8,363500.0,2077500.0,18.78468,73.70483,C3_dehu_talegaon,36.75,True,36_207,2,test,train
c031_008,2022-23,842.5969128004058,79.00586042687274,693.823801911398,-876.1396027903619,782.7062761092117,-721.4440273615708,0.0002465151351368,-0.0002575636009231,4.555141899797948e-05,0.039808507634902714,0.000199837554377075,3.876393637926105,1769.7655219852415,0.5322670376394285,301.83281326293945,2951101.84375,5.79901381874723,0.2345772842877788,0.0191681826104403,0.0,1.303336254181399,0.5266906189107121,1.830026873092112,0.0,0.4958353092733837,-0.8684165740459862,8,364500.0,2077500.0,18.78475,73.71432,C3_dehu_talegaon,36.34,True,36_207,2,test,train
c032_004,2022-23,845.1627467941332,75.88049463853774,695.9365994656696,-807.4412042151861,671.8867887087669,-664.8753604693105,0.0002472658107019,-0.0002373679530396,4.421318742119192e-05,0.03941735979680401,0.00021670412329525,3.876393637926105,1769.7655219852415,0.5322670376394285,301.83281326293945,2951101.84375,4.519501827995887,0.2675367199164788,0.065716331870525,0.0,0.3931532009657354,0.0190070233567142,0.4121602243224497,0.0,0.4958353092733837,-0.8684165740459862,8,360500.0,2078500.0,18.79352,73.6763,C3_dehu_talegaon,39.0,True,36_207,2,test,train
c032_005,2022-23,871.0325902546347,76.21627449388563,717.238734415302,-939.0770777496964,661.8330986265137,-773.2689480272046,0.0002548344450747,-0.000276065678254,4.392357801356776e-05,0.03971820541595417,0.0002128164425754375,3.876393637926105,1769.7655219852415,0.5322670376394285,301.83281326293945,2951101.84375,14.340222240220035,0.22553334714784,0.0696515141017559,0.0,1.0382071386127265,0.061417153050546,1.0996242916632724,0.2859625507399508,0.4958353092733837,-0.8684165740459862,8,361500.0,2078500.0,18.79358,73.68579,C3_dehu_talegaon,38.53,True,36_207,2,test,train
c032_006,2022-23,859.1666483346332,76.12057568369906,707.467902347056,-995.2718511601362,712.3886849977044,-819.5416921387375,0.0002513628749426,-0.0002925855663478,4.3794184829157744e-05,0.03981475486723045,0.00020963124690072502,3.876393637926105,1769.7655219852415,0.5322670376394285,301.83281326293945,2951101.84375,28.321617321631354,0.2194477829836018,0.0694911337595547,0.0,2.6076635722600887,1.279428240871059,3.887091813131148,0.590021429941323,0.4958353092733837,-0.8684165740459862,8,362500.0,2078500.0,18.79365,73.69528,C3_dehu_talegaon,38.09,True,36_207,2,test,train
c032_007,2022-23,840.0846771483441,76.51185873739769,691.7551391084243,-1019.2745618306626,775.0956253344784,-839.3063645706062,0.0002457801406194,-0.000299641775852,4.3412979682660486e-05,0.03979632975403835,0.0002034153640983125,3.876393637926105,1769.7655219852415,0.5322670376394285,301.83281326293945,2951101.84375,20.839291436152063,0.1784879487864164,0.0689186379592295,0.0,1.1771380721689797,0.0,1.1771380721689797,0.4092012924321729,0.4958353092733837,-0.8684165740459862,8,363500.0,2078500.0,18.79372,73.70476,C3_dehu_talegaon,37.66,True,36_207,2,test,train
c033_005,2022-23,789.2894951992299,72.62591795386201,649.928607675281,-1183.881390267037,657.5670747226735,-974.8493908875756,0.0002309192018333,-0.0003480321548893,4.275146718478557e-05,0.03975797947287638,0.00021175595708927502,3.876393637926105,1769.7655219852415,0.5322670376394285,301.83281326293945,2951101.84375,5.947404646036492,0.2805143848804989,0.0270240727316099,0.0,0.0,2.532654568113215,2.532654568113215,0.158728565639183,0.4958353092733837,-0.8684165740459862,8,361500.0,2079500.0,18.80262,73.68572,C3_dehu_talegaon,39.43,True,36_207,2,test,train
c033_006,2022-23,790.8487679677396,72.33225491483914,651.2125674715122,-1282.822733779381,720.1472792941133,-1056.3211576114793,0.0002313753918945,-0.0003771184884303,4.250142851484079e-05,0.039896284773577824,0.0002109240367826625,3.876393637926105,1769.7655219852415,0.5322670376394285,301.83281326293945,2951101.84375,10.519324857557628,0.2667973596426941,0.0211599156892024,0.0,0.5562907255665595,5.504135290209198,6.060426015775757,0.0,0.4958353092733837,-0.8684165740459862,8,362500.0,2079500.0,18.80269,73.69521,C3_dehu_talegaon,38.99,True,36_207,2,test,train
c000_021,2023-24,4649.027840602247,276.24184931644686,3828.172311761922,5464.908472273808,853.4855551349849,4499.996992309177,0.0013665486877754,0.0016065493448204,8.190009910718787e-05,0.04436300182577136,0.0002837744638594375,3.5770468876436974,1853.516277982284,0.469836628888353,302.9234733581543,2930804.0,30.853109486934926,0.3991968613437463,-0.0796179001403436,0.6156187945942216,5.073243410295835,12.65317639355793,18.342038598447985,0.0,-0.7075080648165798,-0.7067052696984071,8,377500.0,2046500.0,18.50543,73.83955,C1_shivajinagar_kasarwadi,2.79,True,37_204,4,test,train
c000_022,2023-24,4795.276715606874,284.1495297384708,3948.598756411158,5350.234602441374,886.6763747051458,4405.5705125317945,0.0014095375050246,0.001572838033573,8.157842031122366e-05,0.04431462249246557,0.0002844407520578,3.5770468876436974,1853.516277982284,0.469836628888353,302.9234733581543,2930804.0,33.62268085444874,0.3288086625392769,-0.0350523211087617,2.89687832849604,4.509041954597461,12.086926819604171,19.49284710269768,0.0,-0.7075080648165798,-0.7067052696984071,8,378500.0,2046500.0,18.50549,73.84902,C1_shivajinagar_kasarwadi,2.35,True,37_204,4,test,train
c000_023,2023-24,4874.063735119597,287.7162337515041,4013.474747041015,5202.663927460463,869.0155160256835,4284.055651498663,0.0014326963893808,0.0015294558667155,8.083901350460049e-05,0.04432349918583056,0.0002819035495363375,3.5770468876436974,1853.516277982284,0.469836628888353,302.9234733581543,2930804.0,40.75684191852784,0.2592373749061307,0.0062560274394773,1.9602886760174647,3.8515407533531154,17.5000421541537,23.31187158352428,0.0,-0.7075080648165798,-0.7067052696984071,8,379500.0,2046500.0,18.50555,73.8585,C1_shivajinagar_kasarwadi,2.3,True,37_204,4,test,train
c001_020,2023-24,4334.323142087311,257.7701234077195,3569.0334434775377,5161.627885531475,840.0962288841997,4250.265137678788,0.001274043478614,0.0015173922746884,8.119984908557378e-05,0.04439386935656965,0.00028595260689225,3.5770468876436974,1853.516277982284,0.469836628888353,302.9234733581543,2930804.0,22.339539666873655,0.387413248100492,-0.0586711738042997,1.934134580507434,2.983184931696681,12.320570758259285,17.2378902704634,0.0,-0.7075080648165798,-0.7067052696984071,8,376500.0,2047500.0,18.51441,73.83002,C1_shivajinagar_kasarwadi,4.19,True,37_204,4,test,train
c001_021,2023-24,4496.203740293258,268.0280155137238,3702.3315963625914,5073.1110644294895,894.5206077067875,4177.377287726935,0.0013216271297856,0.0014913704956104,8.16115842639483e-05,0.04429725013086005,0.0002857901934080625,3.5770468876436974,1853.516277982284,0.469836628888353,302.9234733581543,2930804.0,30.987325351994215,0.3731349592274563,-0.0630108478688559,4.387935602084497,5.318093262810974,10.516609051157264,20.222637916052733,0.0150171076452556,-0.7075080648165798,-0.7067052696984071,8,377500.0,2047500.0,18.51447,73.83949,C1_shivajinagar_kasarwadi,3.65,True,37_204,4,test,train
c001_022,2023-24,4625.27700850094,275.0728508582404,3808.61504496359,4878.776959370718,915.8930679760635,4017.355780925064,0.0013595672995036,0.0014342410247798,8.125238957739182e-05,0.04416143199173546,0.000283719251832,3.5770468876436974,1853.516277982284,0.469836628888353,302.9234733581543,2930804.0,37.803686124343,0.2091950173744596,0.0335111324190997,0.1346309759247042,6.24924925764292,12.330343825133594,18.71422405870122,0.0,-0.7075080648165798,-0.7067052696984071,8,378500.0,2047500.0,18.51453,73.84896,C1_shivajinagar_kasarwadi,3.33,True,37_204,4,test,train
c001_023,2023-24,4693.517420647661,278.99449373427586,3864.80658979406,4742.874543314287,891.1410033083879,3905.4489728597055,0.0013796260835913,0.0013942890404817,8.057609171220971e-05,0.044155355755243215,0.000277121413182675,3.5770468876436974,1853.516277982284,0.469836628888353,302.9234733581543,2930804.0,46.25109033080621,0.1538851209474941,0.0726543089412829,2.0700985747509257,6.432412671034408,16.116101609582614,24.61861285536795,0.0,-0.7075080648165798,-0.7067052696984071,8,379500.0,2047500.0,18.51459,73.85844,C1_shivajinagar_kasarwadi,3.29,True,37_204,4,test,train
c001_024,2023-24,4674.688715287612,277.48357806677404,3849.3023745049695,4628.408792682235,837.5951039827556,3811.1938657193054,0.0013740915194879,0.0013606389111858,7.963212356872837e-05,0.04410801904869649,0.00027297529592847504,3.5770468876436974,1853.516277982284,0.469836628888353,302.9234733581543,2930804.0,42.61349245595632,0.2254456450876346,0.0281669426782796,2.027002261340112,3.74104532359654,15.827139122021634,21.595186706958287,0.0,-0.7075080648165798,-0.7067052696984071,8,380500.0,2047500.0,18.51464,73.86791,C1_shivajinagar_kasarwadi,3.55,True,38_204,4,test,train
c001_025,2023-24,4596.548986852095,272.2583724631384,3784.959386013276,4413.733926261677,795.7802372112917,3634.423063771192,0.0013511229017429,0.0012975297543267,7.901594647717496e-05,0.04395127666413526,0.0002707446618017375,3.5770468876436974,1853.516277982284,0.469836628888353,303.32760369599754,2934991.6599813434,32.758329759728156,0.2879080465254762,0.0102076783732767,2.97068741736691,2.2265158105827623,13.758045766472224,18.955248994421897,0.0,-0.7075080648165798,-0.7067052696984071,8,381500.0,2047500.0,18.5147,73.87738,C1_shivajinagar_kasarwadi,4.05,True,38_204,4,test,train
c002_020,2023-24,4188.898913650217,250.4745293620199,3449.2860416873805,4589.587949411592,809.3415747426941,3779.227424040895,0.0012312970603615,0.0013492265333503,7.947283967700043e-05,0.04439606402233791,0.000284345273555475,3.5770468876436974,1853.516277982284,0.469836628888353,302.9234733581543,2930804.0,24.692997571223156,0.31754730641925,0.0289476196186017,2.241174687355649,2.231973106692205,7.637258777266378,12.110406571314233,0.0,-0.7075080648165798,-0.7067052696984071,8,376500.0,2048500.0,18.52345,73.82996,C1_shivajinagar_kasarwadi,5.01,True,37_204,4,test,train
c002_021,2023-24,4325.060861366811,259.3344331163088,3561.4065572093346,4438.545826928387,877.3826235569381,3654.854051580072,0.0012713208970338,0.001304823845886,7.999952766321841e-05,0.044277356853068536,0.000286683673581675,3.5770468876436974,1853.516277982284,0.469836628888353,302.9234733581543,2930804.0,26.834590806812045,0.328593066280801,-0.0055729617827476,1.1813910236763987,3.921727991361015,7.58879689232283,12.691915907360244,0.0,-0.7075080648165798,-0.7067052696984071,8,377500.0,2048500.0,18.52351,73.83943,C1_shivajinagar_kasarwadi,4.57,True,37_204,4,test,train
c002_022,2023-24,4437.022034321004,265.32388123094364,3653.599307390866,4257.12200681734,895.8160524630099,3505.4633254636165,0.0013042310879873,0.0012514896828688,7.996109569328823e-05,0.04415587698672481,0.0002852757949683375,3.5770468876436974,1853.516277982284,0.469836628888353,302.9234733581543,2930804.0,37.47846386694305,0.3585702838111343,-0.050202975361814,2.522959223205437,5.857001662608793,10.121213896341942,18.50117478215617,0.0,-0.7075080648165798,-0.7067052696984071,8,378500.0,2048500.0,18.52356,73.8489,C1_shivajinagar_kasarwadi,4.32,True,37_204,4,test,train
c002_023,2023-24,4498.754921327739,268.730307431685,3704.432328157138,4173.457811097026,870.259424792995,3436.571297167902,0.0013223770313166,0.0012268944568917,7.954277695269424e-05,0.04406807471316584,0.000274990510419175,3.5770468876436974,1853.516277982284,0.469836628888353,302.9234733581543,2930804.0,49.27796901342783,0.2584024947810741,-0.0083254136472115,1.17975696046992,5.569177254987277,13.007167103532048,19.756101318989245,0.0,-0.7075080648165798,-0.7067052696984071,8,379500.0,2048500.0,18.52362,73.85838,C1_shivajinagar_kasarwadi,4.29,True,37_204,4,test,train
c002_024,2023-24,4479.362709277769,267.04358348058526,3688.464101728128,4112.1427896292025,806.1234340505507,3386.0823615181203,0.0013166768284271,0.00120886934118,7.874252915131322e-05,0.04397045554117634,0.000267908871886775,3.5770468876436974,1853.516277982284,0.469836628888353,302.9234733581543,2930804.0,47.482866152555125,0.320944281113543,-0.0281030162493898,3.8248654702827576,5.428803248657088,8.588029025352945,17.84169774429279,0.0,-0.7075080648165798,-0.7067052696984071,8,380500.0,2048500.0,18.52368,73.86785,C1_shivajinagar_kasarwadi,4.49,True,38_204,4,test,train
c002_025,2023-24,4417.815332089973,263.0517495214652,3637.78383624248,3974.439812792712,753.5618578096448,3272.692908659013,0.0012985854143905,0.0011683880360788,7.809583427279748e-05,0.04387403132983887,0.0002640514975339375,3.5770468876436974,1853.516277982284,0.469836628888353,303.3229711725471,2934943.6570692887,41.88700460264298,0.3694718268021412,-0.0357866661610174,0.8974654328791065,8.201886097811963,3.8498184423699247,12.949169973060997,0.014992415162561,-0.7075080648165798,-0.7067052696984071,8,381500.0,2048500.0,18.52374,73.87732,C1_shivajinagar_kasarwadi,4.89,True,38_204,4,test,train
c003_019,2023-24,3899.042793344968,232.21701114707676,3210.608362785044,4091.517303742746,725.8270352178567,3369.098614228506,0.0011460959141375,0.0012028059531094,7.715960148569462e-05,0.044403120614522236,0.0002742515904136625,3.5770468876436974,1853.516277982284,0.469836628888353,302.9234733581543,2930804.0,16.552474107610465,0.2499470898850083,0.1232349247660484,0.0,0.3400413805256646,5.673911531133272,6.0139529116589365,0.0,-0.7075080648165798,-0.7067052696984071,8,375500.0,2049500.0,18.53243,73.82042,C1_shivajinagar_kasarwadi,6.39,True,37_204,4,test,train
c003_020,2023-24,4037.1667759740826,241.1943986354532,3324.344486555506,4058.7687589453694,776.362744394033,3342.1323157372567,0.0011866964770259,0.0011931786824141,7.783128831866614e-05,0.04434221185540375,0.0002793322846466125,3.5770468876436974,1853.516277982284,0.469836628888353,302.9234733581543,2930804.0,31.444375993469343,0.3228998736657089,-0.022901391124295,2.0148435961633244,3.989321828984449,13.37337742556628,19.37754285071405,0.0,-0.7075080648165798,-0.7067052696984071,8,376500.0,2049500.0,18.53248,73.8299,C1_shivajinagar_kasarwadi,5.89,True,37_204,4,test,train
c003_021,2023-24,4150.379706598904,249.25422654065315,3417.5679778338936,3844.911610677505,834.6652893075739,3166.03485154884,0.001219974613249,0.0011303099146793,7.828953736300718e-05,0.044221159013007036,0.0002836676482073125,3.5770468876436974,1853.516277982284,0.469836628888353,302.9234733581543,2930804.0,31.297281956100463,0.408515368092654,-0.0790684650563027,3.0623147449720136,4.23091659747169,8.130969775746763,15.424201118190467,0.0,-0.7075080648165798,-0.7067052696984071,8,377500.0,2049500.0,18.53254,73.83937,C1_shivajinagar_kasarwadi,5.51,True,37_204,4,test,train
c003_022,2023-24,4243.987501547564,255.32901216731125,3494.647913913848,3649.827487025019,844.8590525817539,3005.395753174664,0.0012474899591962,0.0010729599567379,7.835604444233503e-05,0.04414525684158931,0.0002824333120798625,3.5770468876436974,1853.516277982284,0.469836628888353,302.9234733581543,2930804.0,47.257643217773186,0.3743312291453181,-0.0538561376480356,7.270803208443361,1.0015497977105456,6.9657431837919965,15.238096189945905,0.0247987835916559,-0.7075080648165798,-0.7067052696984071,8,378500.0,2049500.0,18.5326,73.84884,C1_shivajinagar_kasarwadi,5.31,True,37_204,4,test,train
c003_023,2023-24,4290.2301418668,258.36068833643765,3532.725723159648,3576.409599114989,822.4640799087844,2944.940893509034,0.0012610826546186,0.001051376894493,7.785293729765491e-05,0.044053178606766386,0.000273178567300075,3.5770468876436974,1853.516277982284,0.469836628888353,302.9234733581543,2930804.0,37.39239708323902,0.2936337911605404,-0.0376433808932392,7.828866335300509,0.0,2.7453138903992875,10.574180225699797,0.0062513801901463,-0.7075080648165798,-0.7067052696984071,8,379500.0,2049500.0,18.53266,73.85832,C1_shivajinagar_kasarwadi,5.29,True,37_204,4,test,train
c003_024,2023-24,4267.890522496348,256.3948981880842,3514.330498338153,3540.324378924895,760.1079398477526,2915.2270596642243,0.001254516082298,0.0010407687228926,7.707040143451965e-05,0.04394346214702914,0.00026907037100085,3.5770468876436974,1853.516277982284,0.469836628888353,302.9234733581543,2930804.0,42.42196165408684,0.3440575624377759,-0.054001583116264,2.4325759913141995,0.0,1.8596238767189148,4.292199868033114,0.040603420237507,-0.7075080648165798,-0.7067052696984071,8,380500.0,2049500.0,18.53271,73.86779,C1_shivajinagar_kasarwadi,5.45,True,38_204,4,test,train
c003_025,2023-24,4217.661015285541,252.55066610303103,3472.9697632918883,3464.054645883739,712.5731445652367,2852.423890858979,0.001239751475692,0.0010183472879741,7.655715582507183e-05,0.043842713971204775,0.000261528382165,3.5770468876436974,1853.516277982284,0.469836628888353,303.3351973256757,2935070.3463261654,44.85783135726334,0.3473579354565532,-0.0402328877419459,3.1885640195729934,3.870592689880167,6.123105957574874,13.182262667028034,0.0,-0.7075080648165798,-0.7067052696984071,8,381500.0,2049500.0,18.53277,73.87726,C1_shivajinagar_kasarwadi,5.79,True,38_204,4,test,train
c004_019,2023-24,3733.3636547349065,221.92631220294496,3074.1823587236354,3711.928220382659,695.2131857104316,3056.531671506578,0.0010973957090146,0.001091216052516,7.588206943937942e-05,0.04435715885105685,0.0002599357026214,3.5770468876436974,1853.516277982284,0.469836628888353,302.9234733581543,2930804.0,23.0538323328747,0.3935244177630627,-0.0095943327716207,1.138446699459573,3.917745401323004,1.5697850427312443,6.625977143513822,0.0,-0.7075080648165798,-0.7067052696984071,8,375500.0,2050500.0,18.54146,73.82036,C1_shivajinagar_kasarwadi,7.24,True,37_205,0,test,train
c004_020,2023-24,3843.528831165721,228.92028677867597,3164.896222480188,3584.439482621679,750.4257004951864,2951.552980758441,0.0011297779795563,0.0010537374837237,7.630279565996954e-05,0.04426595259648914,0.0002673667713549,3.5770468876436974,1853.516277982284,0.469836628888353,302.9234733581543,2930804.0,35.69752231942929,0.367618479947051,0.0047835171254225,7.107221916134072,0.9909669903497176,4.213245410726308,12.311434317210097,0.0,-0.7075080648165798,-0.7067052696984071,8,376500.0,2050500.0,18.54152,73.82984,C1_shivajinagar_kasarwadi,6.8,True,37_205,0,test,train
c004_021,2023-24,3934.5268663745433,235.19287153132836,3239.827191008443,3293.4443941734967,797.091339315663,2711.937435605729,0.0011565262051786,0.0009681920494197,7.660455101416154e-05,0.04415581627681416,0.000274269432047775,3.5770468876436974,1853.516277982284,0.469836628888353,302.9234733581543,2930804.0,27.685572708787912,0.3414789672113761,-0.005442295187355,0.7010100563694439,2.475330146444078,6.810246883690003,9.986587086503524,0.0,-0.7075080648165798,-0.7067052696984071,8,377500.0,2050500.0,18.54158,73.83931,C1_shivajinagar_kasarwadi,6.48,True,37_205,0,test,train
c004_022,2023-24,4007.099265620784,240.61788938008567,3299.585845703142,3051.141351954024,806.5042558890158,2512.4166262917315,0.0011778583460818,0.0008969608850368,7.662784494379569e-05,0.04409293587571043,0.0002731930060132375,3.5770468876436974,1853.516277982284,0.469836628888353,302.9234733581543,2930804.0,31.5338925787644,0.3477267444389923,-0.0122130982030499,2.030047731909886,4.41590485417465,3.377267564052706,9.823220150137244,0.1087823792172994,-0.7075080648165798,-0.7067052696984071,8,378500.0,2050500.0,18.54164,73.84878,C1_shivajinagar_kasarwadi,6.3,True,37_205,0,test,train
c004_023,2023-24,4038.886812552197,243.55576488180895,3325.7608249017835,2951.2406932574377,793.51759309409,2430.154925854268,0.0011872020695517,0.0008675925363096,7.59587366700657e-05,0.04400155870287122,0.000266573658045225,3.5770468876436974,1853.516277982284,0.469836628888353,302.9234733581543,2930804.0,20.491121910742624,0.335864027485165,0.0126094473525783,0.0225033687612142,0.0,2.95618127319816,2.9786846419593744,0.0,-0.7075080648165798,-0.7067052696984071,8,379500.0,2050500.0,18.54169,73.85826,C1_shivajinagar_kasarwadi,6.28,True,37_205,0,test,train
c004_024,2023-24,4018.869239315941,241.99244298307516,3309.2776541746803,2910.1996773803803,740.8214843095456,2396.360316311388,0.0011813180461868,0.0008555274820635,7.529219607904478e-05,0.04392817783645633,0.00026343911870931253,3.5770468876436974,1853.516277982284,0.469836628888353,302.9234733581543,2930804.0,24.548622031211856,0.3481394614809316,-0.0105294690627562,2.159471788242409,0.0,3.2925735316907625,5.452045319933172,0.0,-0.7075080648165798,-0.7067052696984071,8,380500.0,2050500.0,18.54175,73.86773,C1_shivajinagar_kasarwadi,6.42,True,38_205,4,test,train
c004_025,2023-24,3976.070765036884,238.34631653632965,3274.035891845393,2878.0667016256352,706.9905737659286,2369.900898924269,0.0011687377388903,0.0008460811736015,7.469673005425632e-05,0.04385714239349873,0.000256214307366275,3.5770468876436974,1853.516277982284,0.469836628888353,303.2953986989586,2934657.9469074397,30.866324956290825,0.3602241135760163,-0.0706631984385339,3.180138116690494,0.328195193996187,9.192355154238829,12.70068846492551,0.0,-0.7075080648165798,-0.7067052696984071,8,381500.0,2050500.0,18.54181,73.8772,C1_shivajinagar_kasarwadi,6.71,True,38_205,4,test,train
c005_019,2023-24,3555.460587292984,210.9478159966988,2927.690743635683,3303.311231433662,669.5535247981186,2720.0621348975133,0.0010451023669011,0.0009710926580971,7.45715393884441e-05,0.04426708052117785,0.000249154122851575,3.5770468876436974,1853.516277982284,0.469836628888353,302.9234733581543,2930804.0,27.659709081502342,0.3894812391519401,-0.0223269511692798,3.379579485081584,0.2601104100537756,4.878189772571935,8.517879667707295,0.0029222226294266,-0.7075080648165798,-0.7067052696984071,8,375500.0,2051500.0,18.5505,73.8203,C1_shivajinagar_kasarwadi,8.12,True,37_205,0,test,train
c005_020,2023-24,3632.055544985208,215.4866287470316,2990.7617138065048,3092.152705923201,720.8766112522212,2546.186811181038,0.0010676169102665,0.000909017219408,7.470315299724822e-05,0.04419137725461116,0.0002576158785439125,3.5770468876436974,1853.516277982284,0.469836628888353,302.9234733581543,2930804.0,28.022474820619628,0.4300680374957534,-0.0040656690959811,0.143954190428346,0.0,1.9431960322373325,2.087150222665678,0.001785482088019,-0.7075080648165798,-0.7067052696984071,8,376500.0,2051500.0,18.55056,73.82977,C1_shivajinagar_kasarwadi,7.73,True,37_205,0,test,train
c005_021,2023-24,3696.782258587592,220.0686016871127,3044.0599562218245,2715.2118853308066,755.8140534019334,2235.800540752145,0.001086642867643,0.0007982058432557,7.49775404415243e-05,0.0441325456290134,0.00026580158691410003,3.5770468876436974,1853.516277982284,0.469836628888353,302.9234733581543,2930804.0,24.705379488832858,0.3309853321594322,0.0468340758059986,0.0,2.023496865712475,7.717482535788198,9.740979401500674,0.0,-0.7075080648165798,-0.7067052696984071,8,377500.0,2051500.0,18.55062,73.83925,C1_shivajinagar_kasarwadi,7.45,True,37_205,0,test,train
c005_022,2023-24,3749.8740922700126,224.8455290686677,3087.777631110471,2402.278185797811,768.424261179673,1978.11997504182,0.0011022488347695,0.0007062109942097,7.512873760895318e-05,0.04407730091863769,0.000266849974810925,3.5770468876436974,1853.516277982284,0.469836628888353,302.9234733581543,2930804.0,24.639528059538563,0.4558917357643485,-0.0672339710906739,2.2270719660991323,1.916104740253864,9.772316366158304,13.9154930725113,0.0,-0.7075080648165798,-0.7067052696984071,8,378500.0,2051500.0,18.55067,73.84872,C1_shivajinagar_kasarwadi,7.3,True,37_205,0,test,train
c005_023,2023-24,3773.8563040037807,227.65952797180267,3107.525424000033,2249.705217868516,765.4320258544418,1852.486050837441,0.0011092982354395,0.0006613582756495,7.45333794940235e-05,0.04399239638987576,0.000262282666721025,3.5770468876436974,1853.516277982284,0.469836628888353,302.9234733581543,2930804.0,20.782282176332476,0.4324139084988884,-0.0594648618733794,0.3557821906628565,2.9608832839213908,2.002396394096285,5.319061868680532,0.0,-0.7075080648165798,-0.7067052696984071,8,379500.0,2051500.0,18.55073,73.8582,C1_shivajinagar_kasarwadi,7.28,True,37_205,0,test,train
c005_024,2023-24,3762.937167171356,226.9998008898691,3098.5342243937057,2182.484422375745,729.4584275746236,1797.1340940621728,0.0011060886327825,0.0006415970069101,7.398675333475927e-05,0.04393138994817632,0.0002581636834731375,3.5770468876436974,1853.516277982284,0.469836628888353,302.9234733581543,2930804.0,26.12904949618199,0.3739792032765534,-0.0206943479506588,3.0392768671360155,1.82862309951742,1.0126995794760598,5.880599546129495,0.0,-0.7075080648165798,-0.7067052696984071,8,380500.0,2051500.0,18.55079,73.86767,C1_shivajinagar_kasarwadi,7.4,True,38_205,4,test,train
c005_025,2023-24,3729.019810821719,223.8816198908464,3070.60548554386,2172.401784621669,715.458401711825,1788.831697087351,0.001096118866973,0.0006386329581689,7.328857367859773e-05,0.04384337544303881,0.0002522988959039,3.5770468876436974,1853.516277982284,0.469836628888353,303.306172541718,2934769.5871035447,35.90973759783877,0.2947060173814439,0.0197075145143832,1.720406760255234,5.528207679269395,10.943812087428933,18.19242652695356,0.0142657088664962,-0.7075080648165798,-0.7067052696984071,8,381500.0,2051500.0,18.55084,73.87714,C1_shivajinagar_kasarwadi,7.65,True,38_205,4,test,train
c006_018,2023-24,3368.5063434733283,201.64395724667008,2773.746072987274,2977.461514272173,672.2832787171953,2451.7460680116947,0.0009901484958284,0.0008753008159698,7.338175888597832e-05,0.04423027185769409,0.000240221595100775,3.5770468876436974,1853.516277982284,0.469836628888353,302.9234733581543,2930804.0,29.513557094765886,0.3719050524607714,-0.0430816856790144,1.5515367874988903,4.448511480421868,7.268753474092978,13.268801742013736,0.0,-0.7075080648165798,-0.7067052696984071,8,374500.0,2052500.0,18.55947,73.81076,C1_shivajinagar_kasarwadi,9.47,True,37_205,0,test,gap
c006_019,2023-24,3413.079157096172,203.0923545294596,2810.4488884615284,2936.424657574244,659.6214864480439,2417.954883282544,0.0010032503575627,0.0008632369844206,7.349968546033431e-05,0.04418970460229703,0.000243203967825,3.5770468876436974,1853.516277982284,0.469836628888353,302.9234733581543,2930804.0,23.86483588350432,0.3672971667688224,0.0200364768945097,3.3559956665324706,0.1466881213670362,1.5452278972222682,5.047911685121775,0.0266158829932779,-0.7075080648165798,-0.7067052696984071,8,375500.0,2052500.0,18.55953,73.82024,C1_shivajinagar_kasarwadi,9.03,True,37_205,0,test,gap
c006_020,2023-24,3453.849088504005,205.2098203474049,2844.0202775603043,2675.9782240285585,697.6304540233637,2203.4941702515,0.0010152343891014,0.0007866721070221,7.34075327726036e-05,0.044142301188802364,0.0002498524418979625,3.5770468876436974,1853.516277982284,0.469836628888353,302.9234733581543,2930804.0,24.73665692782273,0.3983050651598975,-0.0217684119442542,2.020476838378804,0.6934754331161743,4.405049166342086,7.119001437837064,0.0,-0.7075080648165798,-0.7067052696984071,8,376500.0,2052500.0,18.55959,73.82971,C1_shivajinagar_kasarwadi,8.68,True,37_205,0,test,train
c006_021,2023-24,3488.857727948192,207.91248372279875,2872.847617121973,2261.02696253545,717.309680371805,1861.808771832199,0.0010255249298195,0.0006646865914977,7.354821914360418e-05,0.044102614629972135,0.0002573731982247625,3.5770468876436974,1853.516277982284,0.469836628888353,302.9234733581543,2930804.0,25.855649299435797,0.3282022054895755,0.0154327705923932,3.234698897491623,1.3017087427997809,3.2263966436398706,7.762804283931275,0.0,-0.7075080648165798,-0.7067052696984071,8,377500.0,2052500.0,18.55965,73.83919,C1_shivajinagar_kasarwadi,8.43,True,37_205,0,test,train
c006_022,2023-24,3519.3187540695326,211.47490471431664,2897.930292636875,1888.5300676210063,728.3647751628499,1555.0817854125958,0.0010344787319265,0.0005551816207358,7.362709348898041e-05,0.04404908060113675,0.0002602044243501125,3.5770468876436974,1853.516277982284,0.469836628888353,302.9234733581543,2930804.0,26.614816266090088,0.3397390536534561,0.0251719355741706,3.781773001939698,2.39742787088371,5.184125006026672,11.36332587885008,0.0,-0.7075080648165798,-0.7067052696984071,8,378500.0,2052500.0,18.55971,73.84866,C1_shivajinagar_kasarwadi,8.29,True,37_205,0,test,train
c006_023,2023-24,3530.876172641872,213.69541562877868,2907.447075777572,1653.1564009621795,724.6249919042328,1361.2668665704498,0.001037875952964,0.000485987523181,7.31132354979743e-05,0.04398259838573801,0.0002572561728906625,3.5770468876436974,1853.516277982284,0.469836628888353,302.9234733581543,2930804.0,22.652397337045056,0.5111450050907694,-0.0773942312784714,2.5321732075281207,1.082620121839832,0.8858094528845185,4.500602782252472,0.0,-0.7075080648165798,-0.7067052696984071,8,379500.0,2052500.0,18.55977,73.85814,C1_shivajinagar_kasarwadi,8.28,True,37_205,0,test,train
c006_024,2023-24,3522.088486805354,213.5794098926597,2900.2109875549936,1507.344066191405,698.4575918048828,1241.1998844354216,0.0010352928751765,0.0004431222653123,7.26111315919027e-05,0.04393631934935741,0.000251966209154325,3.5770468876436974,1853.516277982284,0.469836628888353,302.9234733581543,2930804.0,18.182857397510986,0.5934813386557817,-0.1376570228317947,0.0,0.1231838535610657,0.0839814511337182,0.207165304694784,0.0,-0.7075080648165798,-0.7067052696984071,8,380500.0,2052500.0,18.55982,73.86761,C1_shivajinagar_kasarwadi,8.39,True,38_205,4,test,train
c006_025,2023-24,3492.098085051255,210.92915550982391,2875.515840623203,1458.3672715792502,700.4019079587847,1200.8706768071847,0.001026477409757,0.0004287242863352,7.206796337467383e-05,0.043841715999752014,0.0002484922870820875,3.5770468876436974,1853.516277982284,0.469836628888353,303.300049354781,2934706.1377098877,27.44965587506732,0.4692855129304196,-0.0928530749017957,2.091060705385367,2.889550844603761,7.302373310345118,12.282984860334246,0.0,-0.7075080648165798,-0.7067052696984071,8,381500.0,2052500.0,18.55988,73.87709,C1_shivajinagar_kasarwadi,8.61,True,38_205,4,test,train
c007_018,2023-24,3317.828873339115,199.39037728353992,2732.0164695842527,2836.011604393668,676.5461129439852,2335.271259285239,0.0009752522137053,0.0008337180042552,7.280608563719851e-05,0.04411759322959385,0.0002365312990447125,3.5770468876436974,1853.516277982284,0.469836628888353,302.9234733581543,2930804.0,26.94510636944551,0.3416509308480551,-0.0031791196062552,3.276129994217284,1.9945292728122204,7.28351137428587,12.554170641315372,0.0075523300558943,-0.7075080648165798,-0.7067052696984071,8,374500.0,2053500.0,18.56851,73.8107,C1_shivajinagar_kasarwadi,10.36,True,37_205,0,test,gap
c007_019,2023-24,3321.871549109524,198.4887224408659,2735.3453503697256,2717.2877490666547,669.4190089336093,2237.5098796395487,0.0009764405295121,0.0007988160963902,7.268912089647272e-05,0.04409120907559971,0.00023723117518625,3.5770468876436974,1853.516277982284,0.469836628888353,302.9234733581543,2930804.0,21.20032485106629,0.3111533533872844,-0.0100560276297937,0.0,1.974036175149284,8.65073688186898,10.624773057018263,0.0,-0.7075080648165798,-0.7067052696984071,8,375500.0,2053500.0,18.56857,73.82018,C1_shivajinagar_kasarwadi,9.95,True,37_205,0,test,gap
c007_020,2023-24,3326.521452323641,198.64696373491208,2739.1742434946914,2435.974807291706,689.8079034179956,2005.866953082317,0.0009778073355097,0.000716116976251,7.246609401168158e-05,0.044061306501405814,0.0002420961008725375,3.5770468876436974,1853.516277982284,0.469836628888353,302.9234733581543,2930804.0,23.249037709662588,0.3430345861987835,-0.0236717528621771,0.0,3.744782605621488,10.048196641206356,13.792979246827844,0.0,-0.7075080648165798,-0.7067052696984071,8,376500.0,2053500.0,18.56863,73.82965,C1_shivajinagar_kasarwadi,9.63,True,37_205,0,test,gap
c007_021,2023-24,3330.780924226182,199.11669653329207,2742.6816418065764,2053.5498191545653,694.4721536827537,1690.9648270664757,0.0009790593769985,0.000603693389058,7.236570620695152e-05,0.04402529948609185,0.00024764590396695,3.5770468876436974,1853.516277982284,0.469836628888353,302.9234733581543,2930804.0,25.492233851285484,0.3412102030669913,0.0046315396544313,3.241628874461827,0.1595516644027096,5.107532204909012,8.508712743773549,0.14822359745727,-0.7075080648165798,-0.7067052696984071,8,377500.0,2053500.0,18.56869,73.83913,C1_shivajinagar_kasarwadi,9.41,True,37_205,0,test,train
c007_022,2023-24,3333.330362747463,200.51082888651516,2744.780938754741,1682.0314395901246,702.1492508975737,1385.0435844492215,0.00097980876633,0.0004944760778612,7.214751971787304e-05,0.04398032693701815,0.0002503826695786,3.5770468876436974,1853.516277982284,0.469836628888353,302.9234733581543,2930804.0,29.867426775141467,0.3274720848277212,-0.0065704157887209,0.9304167601908322,0.1358207182530652,12.404328881756282,13.47056636020018,0.0,-0.7075080648165798,-0.7067052696984071,8,378500.0,2053500.0,18.56875,73.8486,C1_shivajinagar_kasarwadi,9.29,True,37_205,0,test,train
c007_023,2023-24,3322.519497251906,201.57918816260369,2735.87889355836,1374.6422730709262,693.0624483219719,1131.9285813667852,0.0009766309892628,0.0004041111858266,7.150890060213004e-05,0.04392804601713076,0.0002498143477393125,3.5770468876436974,1853.516277982284,0.469836628888353,302.9234733581543,2930804.0,22.50312757095017,0.3576680502653957,0.035796489242358,0.0,2.0055931280650388,2.968003147551772,4.973596275616811,0.0,-0.7075080648165798,-0.7067052696984071,8,379500.0,2053500.0,18.5688,73.85808,C1_shivajinagar_kasarwadi,9.28,True,37_205,0,test,train
c007_024,2023-24,3304.036393105689,201.274427279199,2720.659258410124,1135.9737338862635,670.9032103675098,935.4005491154164,0.0009711980121796,0.0003339484763866,7.078074405780621e-05,0.04390039577874154,0.000245853846417075,3.5770468876436974,1853.516277982284,0.469836628888353,302.9234733581543,2930804.0,17.74035986441424,0.4008033328408703,0.0302044569674538,0.0,2.035821406458861,3.036086483374826,5.071907889833687,0.0,-0.7075080648165798,-0.7067052696984071,8,380500.0,2053500.0,18.56886,73.86755,C1_shivajinagar_kasarwadi,9.37,True,38_205,4,test,train
c008_017,2023-24,3372.914884494046,203.85426064798784,2777.3762200307888,2808.6143799497213,709.0721949998928,2312.711425351903,0.0009914443551249,0.0008256638907776,7.23374978198404e-05,0.0440040853501515,0.00023893011518225,3.5770468876436974,1853.516277982284,0.469836628888353,302.9234733581543,2930804.0,22.957371002290305,0.2612810800112336,0.1366639182999748,2.905996145590806,0.6055280434827497,0.0,3.511524189073556,0.0413671506658314,-0.7075080648165798,-0.7067052696984071,8,373500.0,2054500.0,18.57749,73.80116,C1_shivajinagar_kasarwadi,11.71,True,37_205,0,test,gap
c008_018,2023-24,3316.3697106550107,199.0151937009989,2730.814943936921,2812.1787101156515,683.2385091204878,2315.646419617161,0.0009748233032062,0.0008267117166144,7.236505173452305e-05,0.04400056010985895,0.000233656282101775,3.5770468876436974,1853.516277982284,0.469836628888353,302.9234733581543,2930804.0,25.667860862103907,0.277974571108711,0.0488906973038918,0.4784058092374953,2.23832849162404,9.910941678397146,12.62767597925868,0.0,-0.7075080648165798,-0.7067052696984071,8,374500.0,2054500.0,18.57755,73.81064,C1_shivajinagar_kasarwadi,11.26,True,37_205,0,test,gap
c008_019,2023-24,3276.096639154384,195.83080721586808,2697.652686683513,2623.9203438265963,685.1223190036627,2160.627888863012,0.0009629853201055,0.0007713683642869,7.194354696254597e-05,0.04395612394576169,0.00023168809329281252,3.5770468876436974,1853.516277982284,0.469836628888353,302.9234733581543,2930804.0,27.55628960913125,0.2731936917174244,0.0148559697544092,0.0,4.166156494894586,10.753792254270037,14.919948749164622,0.1110706063677752,-0.7075080648165798,-0.7067052696984071,8,375500.0,2054500.0,18.57761,73.82011,C1_shivajinagar_kasarwadi,10.89,True,37_205,0,test,gap
c008_020,2023-24,3245.7080088755647,194.1857157272719,2672.629624440316,2332.2514602063825,689.0644792405755,1920.4575171724064,0.0009540527982419,0.0006856248506925,7.157020545174047e-05,0.04393442673832298,0.0002338890586152625,3.5770468876436974,1853.516277982284,0.469836628888353,302.9234733581543,2930804.0,30.024873327534152,0.2777394720493868,0.0090490612248237,0.2837198081695211,2.920009054979628,12.84671773955916,16.05044660270831,0.118939326553386,-0.7075080648165798,-0.7067052696984071,8,376500.0,2054500.0,18.57767,73.82959,C1_shivajinagar_kasarwadi,10.6,True,37_205,0,test,gap
c008_021,2023-24,3217.625657355884,192.5494302051893,2649.505632882786,2016.0171004089516,683.95579480025,1660.0590722262348,0.0009457981906261,0.0005926596883078,7.13076059873417e-05,0.043928055756399326,0.0002379718586429375,3.5770468876436974,1853.516277982284,0.469836628888353,302.9234733581543,2930804.0,21.977135818428792,0.3484614579014001,0.0300488825353878,4.613298694348337,0.2627122187611281,0.6210830188281173,5.497093931937583,0.0032707942628241,-0.7075080648165798,-0.7067052696984071,8,377500.0,2054500.0,18.57772,73.83906,C1_shivajinagar_kasarwadi,10.4,True,37_205,0,test,gap
c008_022,2023-24,3186.4878790823823,191.5923308023112,2623.865695949012,1702.1103144163103,691.4944403902971,1401.5772330519756,0.0009366454620345,0.0005003787756576,7.083186601331354e-05,0.04389148322799932,0.0002402739688393625,3.5770468876436974,1853.516277982284,0.469836628888353,302.9234733581543,2930804.0,15.826178053039717,0.4848770645438943,-0.0536461475515998,0.0,0.0,0.5091339078550142,0.5091339078550142,0.0,-0.7075080648165798,-0.7067052696984071,8,378500.0,2054500.0,18.57778,73.84854,C1_shivajinagar_kasarwadi,10.29,True,37_205,0,test,train
c008_023,2023-24,3148.69599850263,191.35683161191105,2592.7465381798734,1382.7774808096112,683.4691622356299,1138.6273962767928,0.0009255368073683,0.0004065027378039,6.998457553620119e-05,0.04384887383604391,0.00024083847466536252,3.5770468876436974,1853.516277982284,0.469836628888353,302.9234733581543,2930804.0,17.97059163544913,0.3760945168411123,0.0100798637395003,0.0,0.4191313488486521,1.2196504811479454,1.6387818299965975,0.0,-0.7075080648165798,-0.7067052696984071,8,379500.0,2054500.0,18.57784,73.85802,C1_shivajinagar_kasarwadi,10.28,True,37_205,0,test,train
c008_024,2023-24,3114.314325915488,190.5141014235876,2564.4354650818227,1111.042638800454,670.7919525998298,914.8714124482038,0.0009154305591013,0.0003266193445852,6.897031370366202e-05,0.043840559759081875,0.000240885721619175,3.5770468876436974,1853.516277982284,0.469836628888353,302.9234733581543,2930804.0,15.791444767605173,0.4674044524846444,-0.0478649582553281,0.0,0.0,2.4891609222270388,2.4891609222270388,0.0,-0.7075080648165798,-0.7067052696984071,8,380500.0,2054500.0,18.5779,73.86749,C1_shivajinagar_kasarwadi,10.36,True,38_205,4,test,train
c009_017,2023-24,3458.421793864049,207.1391149048308,2847.785603269109,2865.8284622875653,675.0602438319754,2359.823504125823,0.0010165785033386,0.0008424834307499,7.262700292423687e-05,0.04394930447974131,0.0002395782222267375,3.5770468876436974,1853.516277982284,0.469836628888353,302.9234733581543,2930804.0,29.458459726782408,0.2906480577982714,0.0710697738121905,0.407487989284379,0.5953523596026165,5.161834542940624,6.16467489182762,0.0,-0.7075080648165798,-0.7067052696984071,8,373500.0,2055500.0,18.58652,73.8011,C1_shivajinagar_kasarwadi,12.59,True,37_205,0,test,gap
c009_018,2023-24,3363.869084133445,200.5121513951023,2769.927591271084,2791.4527665348155,670.9779200643922,2298.579951944423,0.0009887854064077,0.0008206187964403,7.217470950279703e-05,0.04395141041862765,0.000234429049646325,3.5770468876436974,1853.516277982284,0.469836628888353,302.9234733581543,2930804.0,23.92397178775887,0.2230187591598388,0.1287293995195139,0.0,0.657300307020773,10.471987800481529,11.1292881075023,0.0,-0.7075080648165798,-0.7067052696984071,8,374500.0,2055500.0,18.58658,73.81057,C1_shivajinagar_kasarwadi,12.18,True,37_205,0,test,gap
c009_019,2023-24,3287.9876899747364,195.9181309030352,2707.444194299507,2562.9261014161016,681.0162922134562,2110.403093921258,0.0009664806099708,0.0007534375497674,7.14339667784775e-05,0.04393641817604164,0.0002322071868901875,3.5770468876436974,1853.516277982284,0.469836628888353,302.9234733581543,2930804.0,30.0097074508667,0.2000005338712553,0.0385259387467234,0.0,4.26896761936219,20.464234485644184,24.733202105006374,0.0,-0.7075080648165798,-0.7067052696984071,8,375500.0,2055500.0,18.58664,73.82005,C1_shivajinagar_kasarwadi,11.84,True,37_205,0,test,gap
c009_020,2023-24,3228.103600640351,193.07931617256347,2658.1335382731336,2290.4549065175515,675.691813851882,1886.0407713398145,0.0009488781075758,0.0006733376868204,7.086217841192568e-05,0.04390700498904107,0.000232965204467975,3.5770468876436974,1853.516277982284,0.469836628888353,302.9234733581543,2930804.0,30.519450161800897,0.2775157289549583,0.0125662967665812,4.250444926037323,3.0761023055456302,9.994070347572258,17.32061757915521,0.0059482739655315,-0.7075080648165798,-0.7067052696984071,8,376500.0,2055500.0,18.5867,73.82953,C1_shivajinagar_kasarwadi,11.57,True,37_205,0,test,gap
c009_021,2023-24,3162.648447598536,189.2551765850256,2604.2354733167504,2039.8559553555544,667.8857605789979,1679.6888201175427,0.000929638030604,0.0005996677282393,7.032101064614802e-05,0.043857320247985325,0.0002337873013955125,3.5770468876436974,1853.516277982284,0.469836628888353,302.9234733581543,2930804.0,21.05881205686529,0.3726417475883575,0.0419050189241094,0.0469761023312347,0.0,0.0,0.0469761023312347,0.0,-0.7075080648165798,-0.7067052696984071,8,377500.0,2055500.0,18.58676,73.839,C1_shivajinagar_kasarwadi,11.39,True,37_205,0,test,gap
c009_022,2023-24,3088.8320542013944,185.62688223231984,2543.4524702791823,1775.9128506551715,675.8547067883962,1462.3488256202008,0.0009079402264626,0.0005220749150975,6.944842380925256e-05,0.04378693218031937,0.0002314709389713875,3.5770468876436974,1853.516277982284,0.469836628888353,302.9234733581543,2930804.0,16.6881249666214,0.4961051731359408,-0.0481322359045336,0.0,0.0,0.8752062826804562,0.8752062826804562,0.0,-0.7075080648165798,-0.7067052696984071,8,378500.0,2055500.0,18.58682,73.84848,C1_shivajinagar_kasarwadi,11.29,True,37_205,0,test,train
c009_023,2023-24,3019.336700427703,183.82298366887744,2486.227562570718,1471.547302376699,674.8314147681971,1211.7235756705363,0.000887512561204,0.0004325988928268,6.845746410885428e-05,0.043769439933665936,0.000229091901733925,3.5770468876436974,1853.516277982284,0.469836628888353,302.9234733581543,2930804.0,18.33137484397981,0.288561311929122,0.030365571064932,0.0,0.0,14.144903874434675,14.144903874434675,0.0,-0.7075080648165798,-0.7067052696984071,8,379500.0,2055500.0,18.58688,73.85796,C1_shivajinagar_kasarwadi,11.28,True,37_205,0,test,train
c009_024,2023-24,2960.248545621919,181.88791134110008,2437.5723069052024,1204.4857792701512,676.1666201853559,991.8157662647288,0.0008701440181061,0.0003540893409925,6.764197860271968e-05,0.04380897188873845,0.0002311506888778125,3.5770468876436974,1853.516277982284,0.469836628888353,302.9234733581543,2930804.0,14.13786788267818,0.3497412922360918,0.051861168072658,0.0,0.0,2.839295761349037,2.839295761349037,0.0,-0.7075080648165798,-0.7067052696984071,8,380500.0,2055500.0,18.58693,73.86743,C1_shivajinagar_kasarwadi,11.36,True,38_205,4,test,train
c010_016,2023-24,3646.4024902363617,217.47204985175853,3002.575490891074,3083.9994294616167,641.8248759754387,2539.473117851911,0.0010718340928429,0.0009066203556684,7.312425659183632e-05,0.044041158300611276,0.000246498138041625,3.5770468876436974,1853.516277982284,0.469836628888353,302.9234733581543,2930804.0,41.537248264076894,0.2598065807314657,-0.0053426370337144,2.5169703603370848,2.683838641354116,13.060383582187104,18.261192583878305,0.0,-0.7075080648165798,-0.7067052696984071,8,372500.0,2056500.0,18.5955,73.79156,C2_pcmc,13.94,True,37_205,0,test,test
c010_017,2023-24,3557.9766025938484,211.4048747625744,2929.7625187338267,3052.5623218133146,638.1601942402879,2513.5867026297733,0.0010458419317146,0.0008973786153992,7.29231186522084e-05,0.04404719869096176,0.0002426245373233125,3.5770468876436974,1853.516277982284,0.469836628888353,302.9234733581543,2930804.0,39.02123321789437,0.2182322127651312,0.006505772167255,2.875247924888055,3.1247080319731806,12.93110374705576,18.931059703917,0.0,-0.7075080648165798,-0.7067052696984071,8,373500.0,2056500.0,18.59556,73.80104,C1_shivajinagar_kasarwadi,13.5,True,37_205,0,test,gap
c010_018,2023-24,3453.265141373832,204.8016668290624,2843.539435046147,2897.2058861894207,641.4124056553177,2385.660773661284,0.0010150627419933,0.0008517076254583,7.236047330954795e-05,0.04403590820447085,0.0002375049730657375,3.5770468876436974,1853.516277982284,0.469836628888353,302.9234733581543,2930804.0,26.4825293211433,0.2260186877041874,0.1107688783856537,1.967368967904697,1.2601726055541345,7.630675775472495,10.858217348931326,0.0,-0.7075080648165798,-0.7067052696984071,8,374500.0,2056500.0,18.59562,73.81051,C1_shivajinagar_kasarwadi,13.11,True,37_205,0,test,gap
c010_019,2023-24,3365.253082063727,200.14266034994728,2771.0672236281907,2624.200862311043,656.6003457796023,2160.8588776055863,0.0009891922227617,0.000771450829856,7.137195806211962e-05,0.044017323026781546,0.0002339243533321875,3.5770468876436974,1853.516277982284,0.469836628888353,302.9234733581543,2930804.0,32.709773279186955,0.2700747486979388,0.0031433874316813,0.0,3.601261825532812,15.015455208769016,18.61671703430183,0.0,-0.7075080648165798,-0.7067052696984071,8,375500.0,2056500.0,18.59568,73.81999,C1_shivajinagar_kasarwadi,12.79,True,37_205,0,test,gap
c010_020,2023-24,3283.596323957773,196.52462089663496,2703.828189755475,2379.288944486235,654.6696999346091,1959.1898287671984,0.0009651897991446,0.0006994527198938,7.051730736303203e-05,0.043938629019295836,0.000235235070389925,3.5770468876436974,1853.516277982284,0.469836628888353,302.9234733581543,2930804.0,28.394325185209755,0.341186653886312,0.014363686729207,4.57522036070846,0.0,5.387720286382891,9.96294064709135,0.1347154386439809,-0.7075080648165798,-0.7067052696984071,8,376500.0,2056500.0,18.59574,73.82947,C1_shivajinagar_kasarwadi,12.55,True,37_205,0,test,gap
c010_021,2023-24,3179.2017212453297,190.7639517344472,2617.866018457875,2213.742447653559,651.0591632831591,1822.8730465898009,0.0009345037477294,0.0006507861013451,6.96464671402647e-05,0.04384810590687911,0.00023536229345464998,3.5770468876436974,1853.516277982284,0.469836628888353,302.9234733581543,2930804.0,13.813955527563436,0.4737478097605679,0.0198191399563052,0.0,0.0,0.0,0.0,0.0,-0.7075080648165798,-0.7067052696984071,8,377500.0,2056500.0,18.5958,73.83894,C1_shivajinagar_kasarwadi,12.38,True,37_205,0,test,gap
c010_022,2023-24,3059.1821267091864,184.7299016486851,2519.0376817764927,1991.771730487544,658.7205654520523,1640.0945856703672,0.0008992248410323,0.0005855321429226,6.83640489052272e-05,0.04378503643968569,0.0002309089829534875,3.5770468876436974,1853.516277982284,0.469836628888353,302.9234733581543,2930804.0,12.579813929301938,0.4114247668413461,0.0526501190965644,0.0,0.0,0.770512021305201,0.770512021305201,0.0,-0.7075080648165798,-0.7067052696984071,8,378500.0,2056500.0,18.59585,73.84842,C1_shivajinagar_kasarwadi,12.29,True,37_205,0,test,gap
c010_023,2023-24,2947.3743513880368,181.31175257717956,2426.9712445772966,1670.1511788584878,665.2852223675534,1375.2609617700955,0.0008663597402227,0.000490983571959,6.711140737570069e-05,0.04375095040317108,0.0002282377143368375,3.5770468876436974,1853.516277982284,0.469836628888353,302.9234733581543,2930804.0,14.100450111412007,0.3102482101077549,0.1130662129932871,0.0,0.0,6.468890686275909,6.468890686275909,0.0,-0.7075080648165798,-0.7067052696984071,8,379500.0,2056500.0,18.59591,73.8579,C1_shivajinagar_kasarwadi,12.28,True,37_205,0,test,train
c011_015,2023-24,3772.449958893527,225.87227986627656,3106.367390192441,3251.9334402821128,667.9057719901244,2677.7558626467603,0.0011088848502909,0.0009559888448984,7.40494447375146e-05,0.043933445263839174,0.0002557557863517125,3.5770468876436974,1853.516277982284,0.469836628888353,302.9234733581543,2930804.0,41.91743076845071,0.1617652971010899,0.0515627232056809,2.474952344234139,1.7928907732580472,21.185381553852505,25.45322467134469,0.0,-0.7075080648165798,-0.7067052696984071,8,371500.0,2057500.0,18.60447,73.78202,C2_pcmc,15.3,True,37_205,0,test,test
c011_016,2023-24,3731.631145359833,221.07421913143517,3072.755749839602,3272.9940604744997,653.9424319372532,2695.0979147603016,0.0010968864501987,0.0009621801518056,7.332448423919692e-05,0.04401752904675026,0.0002508080628257875,3.5770468876436974,1853.516277982284,0.469836628888353,302.9234733581543,2930804.0,42.356799321217295,0.1896405658567691,0.0303602230001963,0.0,2.1634490345656805,20.11549008819411,22.27893912275979,0.0,-0.7075080648165798,-0.7067052696984071,8,372500.0,2057500.0,18.60453,73.7915,C2_pcmc,14.83,True,37_205,0,test,test
c011_017,2023-24,3653.8328304371066,216.1732434227393,3008.6938931890863,3167.2005073680643,636.2804396444812,2607.983798723409,0.001074018188529,0.0009310794363423,7.295230857592648e-05,0.04401965344173968,0.000244816231865825,3.5770468876436974,1853.516277982284,0.469836628888353,302.9234733581543,2930804.0,36.135304299479486,0.2574681786719151,0.0222580442903081,0.3036646312775459,3.522260485481433,8.587951576998412,12.413876693757391,0.0,-0.7075080648165798,-0.7067052696984071,8,373500.0,2057500.0,18.60459,73.80097,C2_pcmc,14.41,True,37_205,0,test,test
c011_018,2023-24,3556.511610761134,211.07584436649503,2928.556193161419,2970.856477870388,627.4243989313497,2446.307249760131,0.0010454113077787,0.0008733590969168,7.235126019047573e-05,0.044002923884037065,0.00024161306426122498,3.5770468876436974,1853.516277982284,0.469836628888353,302.9234733581543,2930804.0,23.08787779097243,0.3319031178985117,0.0464745445437366,0.510996202271724,0.1443327584831022,4.041010626076944,4.696339586831771,0.0,-0.7075080648165798,-0.7067052696984071,8,374500.0,2057500.0,18.60465,73.81045,C1_shivajinagar_kasarwadi,14.05,True,37_205,0,test,gap
c011_019,2023-24,3471.420087341434,206.7203780252077,2858.488853259505,2715.309894836744,623.2913737968963,2235.8812452111806,0.0010203992593125,0.0007982346556518,7.143862285254781e-05,0.04394149395974989,0.0002410277826219125,3.5770468876436974,1853.516277982284,0.469836628888353,302.9234733581543,2930804.0,34.03638934953426,0.2898455778706333,-0.0110803944008392,8.581661934044797,2.0527113041918232,9.325115098713532,19.95948833695015,0.0231477164665112,-0.7075080648165798,-0.7067052696984071,8,375500.0,2057500.0,18.60471,73.81993,C1_shivajinagar_kasarwadi,13.76,True,37_205,0,test,gap
c011_020,2023-24,3382.249132279983,202.39435965780757,2785.062366500632,2556.0231341090603,613.7094052562267,2104.7189489301218,0.0009941880909123,0.0007514082463196,7.036699400730764e-05,0.043876915321999235,0.000240999176139325,3.5770468876436974,1853.516277982284,0.469836628888353,302.9234733581543,2930804.0,23.022882837381896,0.2985144112098432,0.0440851226815628,2.197564856490728,0.6347824932766383,2.541199077483433,5.373546427250799,0.0002594028233591,-0.7075080648165798,-0.7067052696984071,8,376500.0,2057500.0,18.60477,73.8294,C1_shivajinagar_kasarwadi,13.53,True,37_205,0,test,gap
c011_021,2023-24,3252.4585406007336,195.37360597002476,2678.1882486357376,2505.635572882023,620.0999369253785,2063.2280666725605,0.0009560370690587,0.0007365955364843,6.899378656680414e-05,0.04384673193902566,0.00023720884577767498,3.5770468876436974,1853.516277982284,0.469836628888353,302.9234733581543,2930804.0,10.259493462689916,0.3443150017143253,-0.0293469159060899,0.0,0.0,0.0,0.0,0.0,-0.7075080648165798,-0.7067052696984071,8,377500.0,2057500.0,18.60483,73.83888,C1_shivajinagar_kasarwadi,13.37,True,37_205,0,test,gap
c011_022,2023-24,3088.190749635491,187.5102806369312,2542.9243976440484,2380.357172218826,642.7900535590272,1960.06944488669,0.000907751719544,0.0006997667527038,6.742763974729689e-05,0.04378883566316959,0.0002322516866433875,3.5770468876436974,1853.516277982284,0.469836628888353,302.9234733581543,2930804.0,10.965784736623785,0.3378631989607019,-0.0135438805721962,0.0,0.0,0.0,0.0,0.0,-0.7075080648165798,-0.7067052696984071,8,378500.0,2057500.0,18.60489,73.84836,C1_shivajinagar_kasarwadi,13.29,True,37_205,0,test,gap
c011_023,2023-24,2920.540182894147,181.84349154751905,2404.875050628896,2125.3623194746265,671.0946787443432,1750.097754377154,0.0008584720271351,0.0006248045066411,6.60672042367808e-05,0.04377713942545211,0.00023210151661425,3.5770468876436974,1853.516277982284,0.469836628888353,302.9234733581543,2930804.0,17.32814186373673,0.2758998851577842,0.142296122132362,0.0,0.0,0.0,0.0,0.0,-0.7075080648165798,-0.7067052696984071,8,379500.0,2057500.0,18.60495,73.85783,C1_shivajinagar_kasarwadi,13.28,True,37_205,0,test,gap
c012_015,2023-24,3788.857807881623,227.39120382004103,3119.878187577484,3246.744360827239,695.9269489375835,2673.482992925656,0.0011137078208715,0.0009544633825342,7.42301613815542e-05,0.04404127987588665,0.0002595527940574375,3.5770468876436974,1853.516277982284,0.469836628888353,302.9234733581543,2930804.0,38.63148066183416,0.2072084886674092,0.0353787170055241,2.030583424198469,2.385723516657277,18.07911061736704,22.495417558222783,0.0,-0.7075080648165798,-0.7067052696984071,8,371500.0,2058500.0,18.61351,73.78195,C2_pcmc,16.18,True,37_205,0,test,test
c012_016,2023-24,3775.721351201948,223.82058308122623,3109.0611691684744,3244.9258926889192,681.8877375049552,2671.9856025860804,0.0011098464528064,0.000953928797406,7.362960931886992e-05,0.04401301904619917,0.00025539520551975,3.5770468876436974,1853.516277982284,0.469836628888353,302.9234733581543,2930804.0,38.97849273236903,0.1708995587453181,0.0594954208953557,0.4163606721954682,1.8073303421065912,24.287669252272813,26.511360266574872,0.0,-0.7075080648165798,-0.7067052696984071,8,372500.0,2058500.0,18.61357,73.79143,C2_pcmc,15.73,True,37_205,0,test,test
c012_017,2023-24,3717.211511016636,220.21890785377985,3060.8821180114023,3090.507535549072,660.3083684221136,2544.832120288597,0.0010926479011804,0.0009085335795812,7.311811259815584e-05,0.04398673766032615,0.0002493743705570875,3.5770468876436974,1853.516277982284,0.469836628888353,302.9234733581543,2930804.0,38.93909748651649,0.2157280001232372,0.0352819048059798,0.0,1.9801937682735773,19.192464757125475,21.17265852539905,0.0,-0.7075080648165798,-0.7067052696984071,8,373500.0,2058500.0,18.61363,73.80091,C2_pcmc,15.34,True,37_205,0,test,test
c012_018,2023-24,3633.3369395673935,216.5666672891286,2991.8168589740867,2858.663179997824,645.5298440918415,2353.9233597928537,0.0010679935670956,0.0008403770131171,7.231486089490724e-05,0.0439506972764421,0.000245513944420625,3.5770468876436974,1853.516277982284,0.469836628888353,302.9234733581543,2930804.0,24.264796369178324,0.2778016546585497,0.0944857750361535,1.7852711011391025,0.2706523779834737,2.636751065129137,4.692674544251714,0.1144383922036825,-0.7075080648165798,-0.7067052696984071,8,374500.0,2058500.0,18.61369,73.81039,C1_shivajinagar_kasarwadi,15.0,True,37_205,0,test,gap
c012_019,2023-24,3559.40613824295,213.452261473972,2930.9396484431336,2624.8597655174594,617.123807873307,2161.401441577543,0.0010462621335573,0.000771644531273,7.13376056311285e-05,0.043877642593903324,0.000244250400508325,3.5770468876436974,1853.516277982284,0.469836628888353,302.9234733581543,2930804.0,27.81043675509832,0.3406676905104207,-0.0016445533698411,6.724110912587691,0.910633740053173,3.995140792695722,11.629885445336589,0.0,-0.7075080648165798,-0.7067052696984071,8,375500.0,2058500.0,18.61375,73.81986,C1_shivajinagar_kasarwadi,14.72,True,37_205,0,test,gap
c012_020,2023-24,3473.20980618192,208.9382257805742,2859.962570420575,2541.7618593345064,590.4198322560379,2092.9757159157757,0.001020925334444,0.0007472157805608,7.049498913686944e-05,0.043818557958254296,0.00024313080898417502,3.5770468876436974,1853.516277982284,0.469836628888353,302.9234733581543,2930804.0,17.293152378557565,0.3488682674853015,0.0330799605741165,1.149278030072078,0.0,0.0,1.149278030072078,0.0,-0.7075080648165798,-0.7067052696984071,8,376500.0,2058500.0,18.61381,73.82934,C1_shivajinagar_kasarwadi,14.51,True,37_205,0,test,gap
c012_021,2023-24,3332.804613974964,200.82896654791384,2744.3480188061344,2599.1429717033056,601.4334938548809,2140.225333065816,0.0009796542262154,0.0007640844232743,6.93849059058207e-05,0.043755049247713985,0.0002396713813695125,3.5770468876436974,1853.516277982284,0.469836628888353,302.9234733581543,2930804.0,19.049989886152176,0.3232845835930167,0.0691422348261653,2.009548984942492,0.0,0.3665033568827851,2.376052341825277,0.0815531943333467,-0.7075080648165798,-0.7067052696984071,8,377500.0,2058500.0,18.61387,73.83882,C1_shivajinagar_kasarwadi,14.36,True,37_205,0,test,gap
c012_022,2023-24,3142.077864018185,191.33813805155415,2587.2969345084125,2599.9603755948783,639.5546949407668,2140.8984120519035,0.0009235914537793,0.0007643247200136,6.766314050934523e-05,0.043698982942053065,0.0002366397649441875,3.5770468876436974,1853.516277982284,0.469836628888353,302.9234733581543,2930804.0,23.85203306002892,0.3070455758293755,0.0514570968127261,2.8721040877328807,0.0,6.246774716400197,9.11887880413308,0.0108288409425104,-0.7075080648165798,-0.7067052696984071,8,378500.0,2058500.0,18.61393,73.8483,C1_shivajinagar_kasarwadi,14.28,True,37_205,0,test,gap
c013_014,2023-24,3725.2748961759935,227.5704851341385,3067.521791694692,3079.3795053802733,698.4013951211493,2535.6689105946043,0.0010950180759323,0.0009052622110547,7.435291613474548e-05,0.04399657799612395,0.000259294116561825,3.5770468876436974,1853.516277982284,0.469836628888353,302.84271240234375,2936867.828125,30.904253799185234,0.2771954631889444,0.0042010223644422,2.745716317047032,0.0,10.537840091225434,13.283556408272466,0.1185744910281187,-0.7075080648165798,-0.7067052696984071,8,370500.0,2059500.0,18.62248,73.77241,C2_pcmc,17.53,True,37_205,0,test,test
c013_015,2023-24,3770.746668564926,226.87883714104817,3104.9648412943907,3286.4534886401734,711.2262224084005,2706.180879199875,0.001108384180206,0.0009661368942856,7.402226679891082e-05,0.04405774623865824,0.0002594167526448625,3.5770468876436974,1853.516277982284,0.469836628888353,302.84301262894525,2936845.2860130114,32.738925572736136,0.275655463212774,-0.0044970440954197,0.0,1.1868349529233129,13.984696190344076,15.171531143267387,0.0,-0.7075080648165798,-0.7067052696984071,8,371500.0,2059500.0,18.62255,73.78189,C2_pcmc,17.07,True,37_205,0,test,test
c013_016,2023-24,3791.9519816635534,224.9314541376292,3122.4260386134188,3180.9154466336527,703.2083642487698,2619.2771599494886,0.0011146173312609,0.0009351112928323,7.372425640705614e-05,0.04408345463088793,0.0002567637627242,3.5770468876436974,1853.516277982284,0.469836628888353,302.83870299319,2937168.8692375887,35.1394879075768,0.2122969866247497,0.0197051163550005,2.598805734504241,1.8941543114035373,15.997402570094629,20.490362616002407,0.0,-0.7075080648165798,-0.7067052696984071,8,372500.0,2059500.0,18.62261,73.79137,C2_pcmc,16.64,True,37_205,0,test,test
c013_017,2023-24,3759.229560141172,221.9517144609461,3095.481250941517,2949.3202320832484,683.5841159283412,2428.573550877625,0.0011049988080501,0.000867027967725,7.29555186227876e-05,0.044010819906135736,0.0002536725332375,3.5770468876436974,1853.516277982284,0.469836628888353,302.8275875590294,2938003.4567137808,44.28438677659954,0.2316944239486392,0.0289159530060874,0.4844394344087733,6.134290136205792,13.830887646551725,20.44961721716629,0.0988821116838035,-0.7075080648165798,-0.7067052696984071,8,373500.0,2059500.0,18.62267,73.80085,C2_pcmc,16.27,True,37_205,0,test,test
c013_018,2023-24,3696.714938569391,218.89237501722224,3044.0045225615977,2681.067522818558,665.6871738205324,2207.6848770792813,0.0010866230794022,0.0007881682363129,7.201942999068682e-05,0.04392368477361699,0.000252896684944725,3.5770468876436974,1853.516277982284,0.469836628888353,302.8224465445187,2938389.4628979405,33.36401894127394,0.3411836623434519,0.0297734025208664,5.166802717255594,0.6763312018383931,3.785652453122579,9.628786372216569,0.2734059033815109,-0.7075080648165798,-0.7067052696984071,8,374500.0,2059500.0,18.62273,73.81032,C2_pcmc,15.95,True,37_205,0,test,test
c013_019,2023-24,3635.865079623704,217.0019327012304,2993.898618020419,2445.795564736461,630.4327760682997,2013.953708640587,0.0010687366958948,0.0007190040385904,7.113284006434694e-05,0.043858870694087636,0.0002528559992389875,3.5770468876436974,1853.516277982284,0.469836628888353,302.82222081654106,2938406.411380597,33.672783423940864,0.276694352557162,0.0179920604849509,0.0,3.35083595716236,13.765615247144249,17.116451204306607,0.006038506730527,-0.7075080648165798,-0.7067052696984071,8,375500.0,2059500.0,18.62279,73.8198,C1_shivajinagar_kasarwadi,15.69,True,37_205,0,test,gap
c013_020,2023-24,3548.3138083203457,213.06962752889373,2921.805835581918,2381.2459425108727,598.0726768924093,1960.8012894658548,0.0010430016220224,0.0007000280294182,7.026374426948693e-05,0.0437650005316594,0.0002510872005475125,3.5770468876436974,1853.516277982284,0.469836628888353,302.82259722004153,2938378.1496282527,32.26634838732033,0.2810900548128921,0.0294705486331811,1.5093573729989629,5.325702399322407,0.9127978143034612,7.747857586624831,0.7954279463758422,-0.7075080648165798,-0.7067052696984071,8,376500.0,2059500.0,18.62285,73.82928,C1_shivajinagar_kasarwadi,15.49,True,37_205,0,test,gap
c013_021,2023-24,3395.670344682203,204.77833872316845,2796.1138627424352,2467.876825306935,600.0860365880434,2032.1361917796287,0.000998133160898,0.00072549538879,6.92437067031281e-05,0.04366674600968349,0.000246221023510225,3.5770468876436974,1853.516277982284,0.469836628888353,302.82222081654106,2938406.411380597,39.82902909950778,0.2322315056936304,0.0436948035430753,2.6737610455888703,5.43822056525049,2.751187799542654,10.863169410382016,0.7877637662354847,-0.7075080648165798,-0.7067052696984071,8,377500.0,2059500.0,18.6229,73.83876,C1_shivajinagar_kasarwadi,15.36,True,37_205,0,test,gap
c013_022,2023-24,3185.964867346196,194.29499249442568,2623.435029771944,2529.3838011206944,630.6781109915387,2082.7831893592224,0.0009364917264523,0.0007435769343816,6.772436732856228e-05,0.0436551255647893,0.0002420075490181875,3.5770468876436974,1853.516277982284,0.469836628888353,302.82244654451864,2938389.46289794,44.06725554283582,0.1798598880159489,0.0482447849485961,4.372134797934362,1.067618870618812,19.164677085550267,24.60443075410344,0.0001850658758723,-0.7075080648165798,-0.7067052696984071,8,378500.0,2059500.0,18.62296,73.84824,C1_shivajinagar_kasarwadi,15.28,True,37_205,0,test,gap
c014_013,2023-24,3521.783171718006,217.4581133455133,2899.9595804213254,2678.029648739225,675.3989624172652,2205.183385189825,0.0010352031299768,0.0007872751756813,7.39103016681743e-05,0.0438622983479676,0.000261927683176225,3.5770468876436974,1853.516277982284,0.469836628888353,302.7619514465332,2942931.65625,25.138736550110814,0.2968509767973655,0.0040543915966536,2.007547051337049,0.3465531056987966,7.942936558563762,10.297036715599608,0.0,-0.7075080648165798,-0.7067052696984071,8,369500.0,2060500.0,18.63146,73.76287,C2_pcmc,18.9,True,36_206,1,test,test
c014_014,2023-24,3643.3268851714274,222.85671200939532,3000.0429299869065,3116.285211581393,697.9070668894101,2566.058361350581,0.0010709300405959,0.000916111585462,7.384685428376562e-05,0.043912252224495574,0.0002596446015834375,3.5770468876436974,1853.516277982284,0.469836628888353,302.7619514465332,2942931.65625,30.598820030447538,0.2916818989055568,-0.0009914837614769,3.633180152421532,1.5767793320969394,13.801918661116163,19.01187814563464,0.0,-0.7075080648165798,-0.7067052696984071,8,370500.0,2060500.0,18.63152,73.77235,C2_pcmc,18.41,True,37_206,3,test,test
c014_015,2023-24,3725.692387600915,224.7381301465226,3067.8655687526225,3314.8629369585915,717.6457727208552,2729.574213714928,0.0010951407945691,0.0009744885768095,7.363452548096491e-05,0.04396407543470075,0.000259010955546825,3.5770468876436974,1853.516277982284,0.469836628888353,302.7619514465332,2942931.65625,38.94292320640056,0.2797673526238649,-0.0074416887275564,1.859313674093916,6.338343631745435,10.882033748253493,19.079691054092844,0.1189183262442569,-0.7075080648165798,-0.7067052696984071,8,371500.0,2060500.0,18.63158,73.78183,C2_pcmc,17.97,True,37_206,3,test,test
c014_016,2023-24,3778.702070698252,224.40016532980323,3111.51559797297,3125.8494087790195,712.0641951379479,2573.9338562177923,0.0011107226141149,0.0009189232253677,7.35342810095244e-05,0.0439884298256901,0.000256433891689375,3.5770468876436974,1853.516277982284,0.469836628888353,302.7619514465332,2942931.65625,40.835315650933744,0.2685039237878412,-0.0146461515173977,2.242453347602172,2.6836631620764533,15.176474900732051,20.10259141041068,0.0433201683997592,-0.7075080648165798,-0.7067052696984071,8,372500.0,2060500.0,18.63164,73.7913,C2_pcmc,17.57,True,37_206,3,test,test
c014_017,2023-24,3771.532132563018,221.9353459038373,3105.611619853796,2814.228422373036,693.8841796588501,2317.3342244614914,0.0011086150617651,0.0008273142818542,7.276680243845501e-05,0.04394933193603561,0.0002543388269727625,3.5770468876436974,1853.516277982284,0.469836628888353,302.7619514465332,2942931.65625,47.65465549140515,0.2483289333705994,0.0145200510180998,9.617137023671276,1.953724674257086,8.359217844576195,19.93007954250456,0.0,-0.7075080648165798,-0.7067052696984071,8,373500.0,2060500.0,18.6317,73.80078,C2_pcmc,17.21,True,37_206,3,test,test
c014_018,2023-24,3730.372549261032,219.3041189000766,3071.7193777415373,2500.542172587987,674.7119956323107,2059.033982522739,0.0010965164948218,0.0007350982014517,7.190785077566413e-05,0.04391015451581009,0.0002531057089005375,3.5770468876436974,1853.516277982284,0.469836628888353,302.7619514465332,2942931.65625,34.17587228386892,0.2745300658313301,0.0107597344688462,0.0,2.41067263282865,11.195040444128962,13.605713076957612,0.0,-0.7075080648165798,-0.7067052696984071,8,374500.0,2060500.0,18.63176,73.81026,C2_pcmc,16.91,True,37_206,3,test,test
c014_019,2023-24,3680.3990546664136,218.01331259588596,3030.5694524478404,2237.87984827562,644.4969944571442,1842.7486274439927,0.0010818271413046,0.0006578819063987,7.111681926207939e-05,0.04384078303481841,0.000253879560300975,3.5770468876436974,1853.516277982284,0.469836628888353,302.7619514465332,2942931.65625,36.16299149368038,0.218107892177185,0.0392945344479317,0.0,4.57846537794025,12.864605176553903,17.443070554494152,0.0,-0.7075080648165798,-0.7067052696984071,8,375500.0,2060500.0,18.63182,73.81974,C2_pcmc,16.67,True,37_206,3,test,test
c014_020,2023-24,3592.759597895349,214.60510217031623,2958.404055007376,2153.561044100459,618.2016820113201,1773.317571625146,0.0010560661459408,0.0006330942415566,7.0265439591581e-05,0.043692452793522976,0.000256955386607,3.5770468876436974,1853.516277982284,0.469836628888353,302.7619514465332,2942931.65625,40.47425933938162,0.2246419304041174,0.0384601806731428,2.3879043129099475,4.693528355007726,1.4193630034020812,8.500795671319755,0.8508148183786616,-0.7075080648165798,-0.7067052696984071,8,376500.0,2060500.0,18.63188,73.82922,C1_shivajinagar_kasarwadi,16.48,True,37_206,3,test,gap
c014_021,2023-24,3435.4142642321394,206.5908379950781,2828.8403977511502,2239.5178657689503,615.7500482749908,1844.0974284039232,0.0010098156035441,0.0006583634434535,6.932123952801593e-05,0.04357026791501418,0.0002576399320923625,3.5770468876436974,1853.516277982284,0.469836628888353,302.7619514465332,2942931.65625,36.533111640280744,0.2151043308674932,0.0371469392292619,0.2458646165264027,4.067240797570554,5.291928026707221,9.605033440804178,0.6734289459256445,-0.7075080648165798,-0.7067052696984071,8,377500.0,2060500.0,18.63194,73.8387,C1_shivajinagar_kasarwadi,16.35,True,37_206,3,test,gap
c015_011,2023-24,2916.0565513564115,186.08521609456736,2401.18307142434,2009.5797176264573,689.0000267726615,1654.7583058352632,0.0008571540955149,0.0005907672553157,7.072305081407771e-05,0.04363958525781455,0.0002606335409260125,3.5770468876436974,1853.516277982284,0.469836628888353,302.7619514465332,2942931.65625,30.11159270059678,0.2986235003695766,-0.0163674089558024,2.429579728943611,1.814283181223379,6.245262545321817,10.489125455488807,0.0151459628009796,-0.7075080648165798,-0.7067052696984071,8,367500.0,2061500.0,18.64037,73.74385,C2_pcmc,20.81,True,36_206,1,test,test
c015_012,2023-24,3166.2913108541466,199.56815876744392,2607.2351344779227,2208.08616026196,683.8804960408767,1818.2154614941,0.000930708824364,0.0006491232912817,7.191943195325545e-05,0.04379880439890984,0.00026208805540995,3.5770468876436974,1853.516277982284,0.469836628888353,302.7619514465332,2942931.65625,29.018570262760186,0.316458722470557,-0.0259661057279558,5.947358537994128,0.5510744996930054,4.712936656651893,11.211369694339028,0.0,-0.7075080648165798,-0.7067052696984071,8,368500.0,2061500.0,18.64043,73.75332,C2_pcmc,20.27,True,36_206,1,test,test
c015_013,2023-24,3360.5308717263533,209.10377457767547,2767.1787902860688,2535.977771065523,684.2949268226174,2088.2128951026307,0.0009878041625992,0.0007455154001672,7.269739169123575e-05,0.04385725245717069,0.00026099656250265,3.5770468876436974,1853.516277982284,0.469836628888353,302.7619514465332,2942931.65625,33.81838279923836,0.1849536437661817,0.0333272825582842,0.6738920806048014,1.5890409627955842,22.301565242594883,24.56449828599527,0.0,-0.7075080648165798,-0.7067052696984071,8,369500.0,2061500.0,18.64049,73.7628,C2_pcmc,19.77,True,36_206,1,test,test
c015_014,2023-24,3507.8269839505338,216.17582524076764,2888.467566731369,3008.728522807277,707.3639133138272,2477.492417667928,0.0010311008077852,0.0008844925512627,7.282866247835044e-05,0.043908977876347455,0.00025959074486295,3.5770468876436974,1853.516277982284,0.469836628888353,302.7619514465332,2942931.65625,36.42251022843981,0.2378834645216299,0.0260835856015549,2.114382442808268,7.380284257334946,15.823605544042564,25.318272244185778,0.0004527010539015,-0.7075080648165798,-0.7067052696984071,8,370500.0,2061500.0,18.64056,73.77228,C2_pcmc,19.3,True,37_206,3,test,test
c015_015,2023-24,3621.811507981538,220.3291898784103,2982.3264150381,3205.703651190647,712.6711082677614,2639.688635551898,0.0010646057484054,0.0009423984183153,7.29478967908984e-05,0.043961433920885314,0.0002568353464335375,3.5770468876436974,1853.516277982284,0.469836628888353,302.7619514465332,2942931.65625,33.51329610504627,0.2978957797161225,0.024482592284322,0.0594879969212925,3.012339234324453,7.259728654040607,10.331555885286352,0.3163057308763825,-0.7075080648165798,-0.7067052696984071,8,371500.0,2061500.0,18.64062,73.78176,C2_pcmc,18.88,True,37_206,3,test,test
c015_016,2023-24,3700.244878818225,221.29514001472987,3046.91119896494,2980.1616860713425,694.7785615185518,2453.969484018866,0.001087660680247,0.0008760946003959,7.289737306608007e-05,0.04398924676515554,0.0002543012335300125,3.5770468876436974,1853.516277982284,0.469836628888353,302.7619514465332,2942931.65625,40.877868595856306,0.3036188601469461,-0.0044469895570638,5.917139024170323,1.381318605662635,7.656842043088255,14.955299672921214,0.154326366553012,-0.7075080648165798,-0.7067052696984071,8,372500.0,2061500.0,18.64068,73.79124,C2_pcmc,18.5,True,37_206,3,test,test
c015_017,2023-24,3717.154319701117,219.3994706917127,3060.8350246796244,2638.3677825569066,675.9000883398032,2172.524415797143,0.0010926310901998,0.0007756155576926,7.211701503535442e-05,0.043970872436467204,0.0002548224715963125,3.5770468876436974,1853.516277982284,0.469836628888353,302.7619514465332,2942931.65625,44.40442363451595,0.2783912937274331,-0.0002590657444292,5.207133344666272,2.3334090995952512,3.83524986214968,11.375792306411205,0.0,-0.7075080648165798,-0.7067052696984071,8,373500.0,2061500.0,18.64074,73.80072,C2_pcmc,18.16,True,37_206,3,test,test
c015_018,2023-24,3699.191055263204,217.44598280899157,3046.043443749628,2311.2833612046848,665.0389647118064,1903.1916502469496,0.0010873509163037,0.000679460742751,7.142630136222614e-05,0.04395463646222541,0.000253702314952125,3.5770468876436974,1853.516277982284,0.469836628888353,302.7619514465332,2942931.65625,27.557769738400953,0.3807219071189328,0.0123541381995783,0.5331982729399187,2.171757092833408,2.51547004882195,5.220425414595276,0.0,-0.7075080648165798,-0.7067052696984071,8,374500.0,2061500.0,18.6408,73.8102,C2_pcmc,17.88,True,37_206,3,test,test
c015_019,2023-24,3664.390889268701,216.5895634976669,3017.387768526221,2044.097913528998,649.6279415133627,1683.1817970116383,0.0010771216548743,0.0006009147601263,7.080781481915205e-05,0.043857152098153114,0.0002540821007547375,3.5770468876436974,1853.516277982284,0.469836628888353,302.7619514465332,2942931.65625,27.925754219925693,0.3631152200808997,0.0146026370351187,2.123761970607495,2.103984918935894,2.9460367833194905,7.173783672862879,0.2202286640176645,-0.7075080648165798,-0.7067052696984071,8,375500.0,2061500.0,18.64086,73.81968,C2_pcmc,17.65,True,37_206,3,test,test
c015_020,2023-24,3586.388127319601,213.57996319213711,2953.157563035385,1958.4890487111863,636.4667394315902,1612.688460087577,0.0010541932974544,0.0005757478490277,7.00463949396506e-05,0.043679933730916436,0.0002588955862328125,3.5770468876436974,1853.516277982284,0.469836628888353,302.7619514465332,2942931.65625,38.731867324037346,0.2111181727106688,0.0458109669803854,0.6850849033952475,5.824278552799087,1.7888313737196042,8.298194829913939,0.8531956741188417,-0.7075080648165798,-0.7067052696984071,8,376500.0,2061500.0,18.64092,73.82916,C2_pcmc,17.47,True,37_206,3,test,test
c016_009,2023-24,2295.5752877303817,153.94320891475513,1890.25707252292,1801.342725106795,629.1346223158557,1483.2886746822091,0.0006747680385435,0.0005295506758255,6.604004610859533e-05,0.04335744228638664,0.0002520069213394625,3.5770468876436974,1853.516277982284,0.469836628888353,302.7619514465332,2942931.65625,18.37288920065252,0.3718454008216681,-0.0413006196452609,0.0,0.6257441177616992,2.77979993229692,3.4055440500586185,0.0,-0.7075080648165798,-0.7067052696984071,8,365500.0,2062500.0,18.64928,73.72482,C3_dehu_talegaon,22.79,True,36_206,1,test,gap
c016_010,2023-24,2496.876039101626,163.44643181364697,2056.015159838749,1803.908821439647,676.2114480606131,1485.401688255702,0.000733938963534,0.0005303050453457,6.759478392615296e-05,0.0434521848146929,0.000256176661094175,3.5770468876436974,1853.516277982284,0.469836628888353,302.7619514465332,2942931.65625,28.22379770269239,0.2632883480133562,0.0085482354403658,5.020592315633383,1.1506922221930225,4.602170078814446,10.773454616640851,0.0,-0.7075080648165798,-0.7067052696984071,8,366500.0,2062500.0,18.64934,73.7343,C2_pcmc,22.2,True,36_206,1,test,test
c016_011,2023-24,2716.7019993734125,176.0737185117333,2237.027552831843,1873.475290264313,711.8866799674743,1542.6851545872644,0.0007985552420008,0.0005507558846377,6.863967508768813e-05,0.043559430877594764,0.0002599533472787625,3.5770468876436974,1853.516277982284,0.469836628888353,302.7619514465332,2942931.65625,29.969579502008102,0.2511656954521212,0.0119034570666868,1.7799170957841843,2.288770694197769,6.982118517460185,11.050806307442135,0.0,-0.7075080648165798,-0.7067052696984071,8,367500.0,2062500.0,18.6494,73.74378,C2_pcmc,21.65,True,36_206,1,test,test
c016_012,2023-24,2956.39105728684,188.8719285243105,2434.395915938401,2073.752509945542,715.4316379030831,1707.6004300701104,0.0008690101368296,0.0006096324857178,6.993369177326157e-05,0.043708240659461925,0.00026018369869735,3.5770468876436974,1853.516277982284,0.469836628888353,302.7619514465332,2942931.65625,30.5764643102037,0.2473920698879067,0.0165896260855993,0.2022644678591901,1.1423466460679204,9.79812806860624,11.14273918253335,0.0,-0.7075080648165798,-0.7067052696984071,8,368500.0,2062500.0,18.64947,73.75326,C2_pcmc,21.13,True,36_206,1,test,test
c016_013,2023-24,3150.655667350424,198.03615499578817,2594.3601981278366,2446.8182085927583,719.964563965116,2014.7957894001984,0.0009261128380965,0.0007193046708564,7.07515242842528e-05,0.04378883053000166,0.00025818568963915,3.5770468876436974,1853.516277982284,0.469836628888353,302.7619514465332,2942931.65625,36.15168496708343,0.2883466947868715,-0.008439375014779,2.541866187224005,4.589944157410735,10.49513851849587,17.626948863130607,0.0,-0.7075080648165798,-0.7067052696984071,8,369500.0,2062500.0,18.64953,73.76274,C2_pcmc,20.65,True,36_206,1,test,test
c016_014,2023-24,3312.314711455253,205.65747995579815,2727.475915608211,2904.9201413046108,723.8325969855646,2392.0129614412585,0.000973631365015,0.0008539754276665,7.119886222353224e-05,0.04386609580271225,0.00025728986332405,3.5770468876436974,1853.516277982284,0.469836628888353,302.7619514465332,2942931.65625,34.69893041532344,0.3060022833459243,-0.0322048395775051,4.123895952279279,3.288951748008342,16.553843920760944,23.966691621048565,0.0,-0.7075080648165798,-0.7067052696984071,8,370500.0,2062500.0,18.64959,73.77222,C2_pcmc,20.2,True,37_206,3,test,test
c016_015,2023-24,3446.7720520407065,211.09350873405143,2838.192797930795,3067.0048147054,696.1943696042597,2525.479156987529,0.0010131541445377,0.0009016243548496,7.1589267378249e-05,0.04396484361483551,0.0002540372105021,3.5770468876436974,1853.516277982284,0.469836628888353,302.7619514465332,2942931.65625,39.79270948204527,0.2364913023015979,0.0136531719429349,3.2013494695320666,5.512291909468436,11.088577970172148,19.802219349172653,0.1499347547057143,-0.7075080648165798,-0.7067052696984071,8,371500.0,2062500.0,18.64965,73.7817,C2_pcmc,19.8,True,37_206,3,test,test
c016_016,2023-24,3541.166926372424,213.4946671992812,2915.920842734699,2816.0202393285026,651.6629756751349,2318.809669283903,0.0010409008468749,0.0008278410321869,7.172458114135702e-05,0.04400707053792839,0.0002524408605788375,3.5770468876436974,1853.516277982284,0.469836628888353,302.7619514465332,2942931.65625,37.32288414539781,0.272597850366079,0.01435684963341,2.179441094622565,4.92976071168145,4.267305630625426,11.37650743692944,0.2570944470915086,-0.7075080648165798,-0.7067052696984071,8,372500.0,2062500.0,18.64971,73.79118,C2_pcmc,19.43,True,37_206,3,test,test
c016_017,2023-24,3576.7188860500405,212.7166587242301,2945.195571201177,2471.758692563756,631.3797691379253,2035.332657204231,0.0010513510927136,0.0007266365627602,7.113838793026054e-05,0.0439915626781077,0.0002541424450211,3.5770468876436974,1853.516277982284,0.469836628888353,302.7619514465332,2942931.65625,40.2632564795298,0.2596896242547177,0.0181470946319893,0.411630548312389,3.7209903012735976,6.989134157855017,11.121755007441005,0.0365984118868697,-0.7075080648165798,-0.7067052696984071,8,373500.0,2062500.0,18.64978,73.80066,C2_pcmc,19.12,True,37_206,3,test,test
c016_018,2023-24,3577.223399655681,211.68043511221373,2945.611005369834,2163.363843795753,634.2940709361152,1781.3895401437107,0.0010514993909018,0.0006359760247571,7.065284176251946e-05,0.043958245241591073,0.0002531970750915,3.5770468876436974,1853.516277982284,0.469836628888353,302.7619514465332,2942931.65625,42.15091100286583,0.2919826124702612,-0.0085520366634347,4.186688184985418,5.742669715238662,1.1052526812066232,11.034610581430703,0.2978813716893335,-0.7075080648165798,-0.7067052696984071,8,374500.0,2062500.0,18.64984,73.81014,C2_pcmc,18.85,True,37_206,3,test,test
c016_019,2023-24,3555.666189786936,210.92313641321817,2927.8600439284664,1929.628071296901,635.7754028294966,1588.9233207044922,0.0010451628022927,0.0005672634280001,7.026868665320792e-05,0.04384432206646953,0.0002551078845374875,3.5770468876436974,1853.516277982284,0.469836628888353,302.7619514465332,2942931.65625,33.52099994256245,0.1968120134550791,0.0637151419252659,0.6110419777073901,1.7206334365502076,0.0,2.3316754142575977,0.9710694378279046,-0.7075080648165798,-0.7067052696984071,8,375500.0,2062500.0,18.6499,73.81961,C2_pcmc,18.63,True,37_206,3,test,test
c017_008,2023-24,1907.384057432424,132.97985488098902,1570.6068208042873,1585.189095302465,595.562445529084,1305.300207184329,0.0005606619857175,0.0004660067987223,6.295825731517695e-05,0.043284117168956825,0.0002496846944386875,3.5770468876436974,1853.516277982284,0.469836628888353,302.7619514465332,2942931.65625,16.444622936336007,0.3826261795754634,-0.010496228857592,0.0,1.7557717361268843,0.9320146231009802,2.687786359227865,0.0,-0.7075080648165798,-0.7067052696984071,8,364500.0,2063500.0,18.65825,73.71527,C3_dehu_talegaon,24.19,True,36_206,1,test,gap
c017_009,2023-24,2132.248607690051,145.86496735231168,1755.768165220227,1688.582242700775,640.2296750601273,1390.4377451098617,0.0006267593218956,0.000496401853654,6.411602264638609e-05,0.04327254635402554,0.000252625247879775,3.5770468876436974,1853.516277982284,0.469836628888353,302.7619514465332,2942931.65625,32.5918745399974,0.2240952976680902,0.0304569056802918,1.0167152498286194,2.8783736718209414,6.019636109614713,9.914725031264274,0.0,-0.7075080648165798,-0.7067052696984071,8,365500.0,2063500.0,18.65831,73.72475,C3_dehu_talegaon,23.6,True,36_206,1,test,gap
c017_010,2023-24,2308.9069082191054,154.33172931935616,1901.2347956460487,1724.0775896631956,697.8752196399665,1419.6658566843275,0.0006786867736231,0.0005068366169617,6.54517243293744e-05,0.043394736773641474,0.0002526927869017625,3.5770468876436974,1853.516277982284,0.469836628888353,302.7619514465332,2942931.65625,38.04064562471269,0.169570779818812,0.0736590712142879,8.381883278600972,0.1823761025583209,5.331905816582167,13.89616519774146,0.0,-0.7075080648165798,-0.7067052696984071,8,366500.0,2063500.0,18.65838,73.73423,C3_dehu_talegaon,23.03,True,36_206,1,test,gap
c017_011,2023-24,2516.3138014382,166.48445928516605,2072.0208939687136,1850.395805798948,744.1803643431124,1523.6806989399083,0.0007396525556063,0.0005439710810431,6.645213649267238e-05,0.0435155496927495,0.0002549628368864875,3.5770468876436974,1853.516277982284,0.469836628888353,302.7619514465332,2942931.65625,32.03096209447016,0.1713623438702054,0.0444135904890485,0.0247590075680918,2.0109002326562377,13.98636048211748,16.02201972234181,0.0,-0.7075080648165798,-0.7067052696984071,8,367500.0,2063500.0,18.65844,73.74371,C2_pcmc,22.5,True,36_206,1,test,test
c017_012,2023-24,2733.007073643733,177.49813843545246,2250.4537219155663,2092.444906105721,755.9667387281942,1722.992403591098,0.0008033480026837,0.0006151275927185,6.772597720946678e-05,0.0435989572497811,0.0002539117811179125,3.5770468876436974,1853.516277982284,0.469836628888353,302.7619514465332,2942931.65625,25.583240620008542,0.2931451154960677,0.0151382018356494,2.5912088900977057,2.484333759594123,6.105732782087075,11.181275431778904,0.0,-0.7075080648165798,-0.7067052696984071,8,368500.0,2063500.0,18.6585,73.75319,C2_pcmc,22.0,True,36_206,1,test,test
c017_013,2023-24,2919.6146280583016,185.51592629281964,2404.1129163683395,2502.1148732882007,759.3941644791481,2060.3289993481203,0.0008581999668701,0.0007355605369679,6.850630282667034e-05,0.043649439452191414,0.00025312943637495,3.5770468876436974,1853.516277982284,0.469836628888353,302.7619514465332,2942931.65625,30.683594963427055,0.3195659764609627,-0.0010599583707287,4.603249148801817,0.8273324526246006,9.598681859784431,15.02926346121085,0.0,-0.7075080648165798,-0.7067052696984071,8,369500.0,2063500.0,18.65857,73.76267,C2_pcmc,21.54,True,36_206,1,test,test
c017_014,2023-24,3083.6809568169924,193.0180224679777,2539.210876324864,2906.446849182574,737.5164615411416,2393.27010616634,0.0009064260980012,0.0008544242424186,6.923494904398214e-05,0.04375389941499324,0.00025271902659205,3.5770468876436974,1853.516277982284,0.469836628888353,302.7619514465332,2942931.65625,39.493443133579035,0.3106654890573408,-0.034041155499999,7.472267100631443,1.1130701800403422,18.43354015412131,27.018877434793097,0.0,-0.7075080648165798,-0.7067052696984071,8,370500.0,2063500.0,18.65863,73.77215,C2_pcmc,21.11,True,37_206,3,test,test
c017_015,2023-24,3228.6027906727263,199.2574217971459,2658.544588825156,2991.5161613086384,674.3915428838892,2463.319156511335,0.0009490248409375,0.0008794325382306,6.980705752999576e-05,0.04387055130328839,0.0002505278611502125,3.5770468876436974,1853.516277982284,0.469836628888353,302.7619514465332,2942931.65625,34.37588351960109,0.3039026119131174,-0.0022604772415435,5.460412641969557,0.4542915629541942,4.700578857486416,10.615283062410168,0.6236493663835405,-0.7075080648165798,-0.7067052696984071,8,371500.0,2063500.0,18.65869,73.78163,C2_pcmc,20.72,True,37_206,3,test,test
c017_016,2023-24,3331.618239484457,203.15144265523685,2743.371116509212,2700.439178391669,605.6784184152879,2223.636176585452,0.0009793054998669,0.0007938630289571,7.009890727709933e-05,0.043898306361949725,0.0002512279899928875,3.5770468876436974,1853.516277982284,0.469836628888353,302.7619514465332,2942931.65625,33.078146844836006,0.255510250269624,0.0482597175333033,1.781774639063465,2.86388739429608,3.2830548503835275,7.928716883743073,0.7782451528740271,-0.7075080648165798,-0.7067052696984071,8,372500.0,2063500.0,18.65875,73.79111,C2_pcmc,20.38,True,37_206,3,test,test
c017_017,2023-24,3377.5990421961355,203.76017262274837,2781.233319500587,2345.746165392243,590.1192623979513,1931.5695299456424,0.0009928212299857,0.000689591963753,6.987852256434829e-05,0.04391234356431276,0.0002525260871076375,3.5770468876436974,1853.516277982284,0.469836628888353,302.7619514465332,2942931.65625,32.22761671116681,0.2780425953858116,-0.0262428941797528,2.057826306867784,0.72422547449273,8.547986537837103,11.330038319197616,0.1566059440563484,-0.7075080648165798,-0.7067052696984071,8,373500.0,2063500.0,18.65881,73.80059,C2_pcmc,20.07,True,37_206,3,test,test
c017_018,2023-24,3385.8396105408747,203.3920768144056,2788.0188920228684,2066.2262039905954,607.7996109692998,1701.4030062098043,0.0009952434864755,0.0006074199359629,6.957440606632426e-05,0.043866259243051965,0.0002518870658194875,3.5770468876436974,1853.516277982284,0.469836628888353,302.7619514465332,2942931.65625,37.49645943447827,0.2438439430056748,0.0150031084803197,1.0539031959255036,5.995083046377258,6.444895784241697,13.493882026544458,0.234788787074907,-0.7075080648165798,-0.7067052696984071,8,374500.0,2063500.0,18.65887,73.81007,C2_pcmc,19.82,True,37_206,3,test,test
c017_019,2023-24,3370.7105941352625,202.4910666301068,2775.561130165144,1890.2583223676236,620.0344238430984,1556.5048908865808,0.0009907964196423,0.0005556896853347,6.92469777081527e-05,0.04372823516820469,0.0002573847836080625,3.5770468876436974,1853.516277982284,0.469836628888353,302.7619514465332,2942931.65625,40.34190942223547,0.1557795685452387,0.1143137202009993,2.209674292654423,2.492224100136109,0.9971862657573816,5.699084658547914,0.8375306190411733,-0.7075080648165798,-0.7067052696984071,8,375500.0,2063500.0,18.65893,73.81955,C2_pcmc,19.61,True,37_206,3,test,test
c018_007,2023-24,1611.343717313933,116.48097408332436,1326.8368387644769,1364.4988442105948,580.0043446334863,1123.5761268664446,0.0004736430320377,0.000401129265988,5.985917165473934e-05,0.0432025125904096,0.0002517984218497125,3.5770468876436974,1853.516277982284,0.469836628888353,302.7619514465332,2942931.65625,21.94666159509842,0.2623796650786866,0.0185447007655208,2.290355011343144,3.3741087516384853,7.08203270369183,12.74649646667346,0.0,-0.7075080648165798,-0.7067052696984071,8,363500.0,2064500.0,18.66722,73.70573,C3_dehu_talegaon,25.59,True,36_206,1,test,gap
c018_008,2023-24,1794.0186356930412,126.01343099144584,1477.2577630026249,1431.908322259025,601.5016078612467,1179.0834514648482,0.0005273390258152,0.000420946002781,6.115853363778033e-05,0.043228208390484864,0.000255804882206825,3.5770468876436974,1853.516277982284,0.469836628888353,302.7619514465332,2942931.65625,25.739135297529533,0.2150077248778688,0.0356656281425175,2.0391200451165674,2.3381681234840386,6.39788716599085,10.775175334591456,0.0,-0.7075080648165798,-0.7067052696984071,8,364500.0,2064500.0,18.66728,73.71521,C3_dehu_talegaon,24.99,True,36_206,1,test,gap
c018_009,2023-24,1979.2782935684136,136.99012930706704,1629.807052247818,1534.6944403205257,651.7323373469509,1263.7211401790453,0.0005817947853949,0.000451162605944,6.22047979115111e-05,0.04323633787164486,0.0002574723559306,3.5770468876436974,1853.516277982284,0.469836628888353,302.7619514465332,2942931.65625,27.23780486097365,0.2711547376542186,0.0230594845969584,5.847881047736536,2.038494545653343,4.90412598302134,12.790501576411218,0.0,-0.7075080648165798,-0.7067052696984071,8,365500.0,2064500.0,18.66735,73.72469,C3_dehu_talegaon,24.42,True,36_206,1,test,gap
c018_010,2023-24,2131.48087536976,145.27549859334738,1755.1359875452054,1612.0909440413875,719.91430013877,1327.4521314163446,0.0006265336524372,0.0004739152838662,6.342198431175466e-05,0.04338813884197109,0.00025602781790435,3.5770468876436974,1853.516277982284,0.469836628888353,302.7619514465332,2942931.65625,32.40711873035163,0.2188685869446075,0.0172750467769828,1.1497514307625738,0.2803701189659532,18.77467717904777,20.2047987287763,0.0005165542645485,-0.7075080648165798,-0.7067052696984071,8,366500.0,2064500.0,18.66741,73.73417,C3_dehu_talegaon,23.88,True,36_206,1,test,gap
c018_011,2023-24,2325.781937830048,158.1356715159557,1915.1302859144837,1804.6451957625077,771.8664774257475,1486.0080446576249,0.0006836470686271,0.0005305215213749,6.442127455868045e-05,0.0435054700249084,0.00025370091865716253,3.5770468876436974,1853.516277982284,0.469836628888353,302.7619514465332,2942931.65625,24.230671312190147,0.2870129731666976,0.0355768591064567,3.07571954112361,0.1346345815447995,4.131634499239668,7.341988621908078,0.0,-0.7075080648165798,-0.7067052696984071,8,367500.0,2064500.0,18.66748,73.74365,C3_dehu_talegaon,23.36,True,36_206,1,test,gap
c018_012,2023-24,2516.0321376454613,167.81202237561567,2071.788962139188,2112.720051428156,788.4527761247448,1739.6876681929637,0.0007395697625366,0.0006210879892373,6.549467139118351e-05,0.04355210248549196,0.000250333279634875,3.5770468876436974,1853.516277982284,0.469836628888353,302.7619514465332,2942931.65625,13.96765736570986,0.3901433803446957,0.0692530558798535,0.0822321246129005,0.0,0.0,0.0822321246129005,0.0,-0.7075080648165798,-0.7067052696984071,8,368500.0,2064500.0,18.66754,73.75313,C3_dehu_talegaon,22.88,True,36_206,1,test,gap
c018_013,2023-24,2687.414496554155,174.75355977963642,2212.911197495325,2559.728809648527,786.4883262006297,2107.770331925222,0.0007899463887269,0.000752497624237,6.628749347871186e-05,0.043564198028488,0.000248441481153925,3.5770468876436974,1853.516277982284,0.469836628888353,302.7619514465332,2942931.65625,19.453802848153,0.3794016340196051,0.037751620825616,0.6518146833633761,0.0,6.238009111776434,6.889823795139811,0.0,-0.7075080648165798,-0.7067052696984071,8,369500.0,2064500.0,18.6676,73.76261,C2_pcmc,22.44,True,36_206,1,test,test
c018_014,2023-24,2845.169290053047,181.840181905309,2342.812018317672,2904.8761345329026,740.4886202527796,2391.976724724517,0.0008363172889318,0.0008539624907526,6.716151153796967e-05,0.04368444551439781,0.0002468178555143875,3.5770468876436974,1853.516277982284,0.469836628888353,302.7619514465332,2942931.65625,35.82056795969241,0.2218277581200716,0.0848717284047013,8.242529217147036,0.2799781361607713,7.212813276608212,15.735320629916018,0.0,-0.7075080648165798,-0.7067052696984071,8,370500.0,2064500.0,18.66766,73.77209,C2_pcmc,22.03,True,37_206,3,test,test
c018_015,2023-24,2991.978481962421,187.94793700370084,2463.6998475260266,2904.612490043266,650.764055608671,2391.7596306201194,0.0008794708073523,0.000853884985725,6.790294727284154e-05,0.043750128275856864,0.000245264815978725,3.5770468876436974,1853.516277982284,0.469836628888353,302.7619514465332,2942931.65625,34.81921500185818,0.2288720920361638,0.0229045781876263,4.8381896663107895,2.307807667130089,22.834654360020664,29.980651693461542,0.0010083441841759,-0.7075080648165798,-0.7067052696984071,8,371500.0,2064500.0,18.66773,73.78157,C2_pcmc,21.66,True,37_206,3,test,test
c018_016,2023-24,3098.8879122411104,192.5357075531042,2551.7328158994965,2584.741629451621,575.626221482567,2128.3667635862744,0.0009108960744549,0.0007598507811051,6.811023749700313e-05,0.04372697142223394,0.00024799101815276253,3.5770468876436974,1853.516277982284,0.469836628888353,302.7619514465332,2942931.65625,33.519331179351624,0.1979866249804628,0.0395855252624553,3.834683118989642,2.412105558079995,20.50484658994496,26.7516352670146,0.0097571703084535,-0.7075080648165798,-0.7067052696984071,8,372500.0,2064500.0,18.66779,73.79105,C2_pcmc,21.32,True,37_206,3,test,test
c018_017,2023-24,3150.833899130312,194.09699315066163,2594.5069604162627,2217.8103971303844,573.9456318128659,1826.2227386301076,0.0009261652280613,0.0006519819789339,6.818482010959941e-05,0.043756688043691316,0.0002501845929332125,3.5770468876436974,1853.516277982284,0.469836628888353,302.7619514465332,2942931.65625,29.21046297151618,0.2625950498055991,-0.0069699392713075,2.084400015729006,3.449549121695584,20.489107213801475,26.023056351226064,0.0,-0.7075080648165798,-0.7067052696984071,8,373500.0,2064500.0,18.66785,73.80053,C2_pcmc,21.04,True,37_206,3,test,test
c018_018,2023-24,3162.003963572774,194.05604798079628,2603.7047826030384,1959.1475767203287,602.0072959583256,1613.2307151089608,0.0009294485891057,0.0005759414401458,6.81234844389669e-05,0.04369886208591344,0.0002513164271686125,3.5770468876436974,1853.516277982284,0.469836628888353,302.7619514465332,2942931.65625,29.99282628759822,0.2122887640601149,0.0315376702032888,1.7632813434627672,2.9082661430117778,12.649152412674136,17.320699899148682,0.0,-0.7075080648165798,-0.7067052696984071,8,374500.0,2064500.0,18.66791,73.81001,C2_pcmc,20.79,True,37_206,3,test,test
c019_006,2023-24,1477.9766633916508,110.6287777922307,1217.0177366572284,975.141761021078,600.4006039522528,802.965871054037,0.0004344407345297,0.0002866678125029,5.675622189794302e-05,0.043010072016312934,0.000261557732800275,3.5770468876436974,1853.516277982284,0.469836628888353,302.7619514465332,2942931.65625,8.588230461293568,0.2985966733566759,0.0427854108639962,1.8270684701356403,1.154949759236091,4.480915626935035,7.462933856306765,0.0,-0.7075080648165798,-0.7067052696984071,8,362500.0,2065500.0,18.67619,73.69618,C3_dehu_talegaon,26.99,True,36_206,1,test,gap
c019_007,2023-24,1575.2353123229277,114.25715801443128,1297.1039137427704,1218.0337098988273,598.8759900664605,1002.971606731292,0.0004630292230544,0.0003580721010306,5.8535457415245744e-05,0.043156408179176035,0.00025568429873205,3.5770468876436974,1853.516277982284,0.469836628888353,302.7619514465332,2942931.65625,15.126748160435408,0.2847865262698637,0.0533515236056534,0.7703147292515613,0.0,3.1978645198239763,3.9681792490755377,0.0,-0.7075080648165798,-0.7067052696984071,8,363500.0,2065500.0,18.67625,73.70566,C3_dehu_talegaon,26.39,True,36_206,1,test,gap
c019_008,2023-24,1717.023833234588,122.7667820108069,1413.857546650544,1330.018809661696,625.5529534074046,1095.1840590848954,0.0005047069509228,0.0003909929796814,5.967487463979723e-05,0.043112074685962065,0.0002577087091107375,3.5770468876436974,1853.516277982284,0.469836628888353,302.7619514465332,2942931.65625,18.167514169177455,0.2890663784494929,0.0021302718538829,0.0,1.015129687396728,13.394571209452849,14.409700896849577,0.0,-0.7075080648165798,-0.7067052696984071,8,364500.0,2065500.0,18.67632,73.71514,C3_dehu_talegaon,25.81,True,36_206,1,test,gap
c019_009,2023-24,1852.5312311621155,130.5944151019946,1525.439082956824,1443.176200946195,669.6604650136446,1188.3618173257264,0.0005445383873372,0.0004242584833494,6.051821392370987e-05,0.04317083339719095,0.00026040919347965,3.5770468876436974,1853.516277982284,0.469836628888353,302.7619514465332,2942931.65625,21.37056547601856,0.258984467090729,0.0503512893075903,3.4944646067438847,2.184968169839981,6.501260039995712,12.180692816579578,0.0,-0.7075080648165798,-0.7067052696984071,8,365500.0,2065500.0,18.67638,73.72462,C3_dehu_talegaon,25.26,True,36_206,1,test,gap
c019_010,2023-24,1973.2239397323688,138.3569928762669,1624.821685303284,1511.3033534380754,737.9956550669785,1244.4601001905617,0.00058001515112,0.0004442861988648,6.128920520695846e-05,0.0433266181943689,0.0002614469318116625,3.5770468876436974,1853.516277982284,0.469836628888353,302.7619514465332,2942931.65625,26.560238471085377,0.2815531171960382,0.0122845297437767,4.350311242791073,0.8209010679940609,10.50065267871594,15.671864989501074,0.0,-0.7075080648165798,-0.7067052696984071,8,366500.0,2065500.0,18.67645,73.7341,C3_dehu_talegaon,24.73,True,36_206,1,test,gap
c019_011,2023-24,2141.1284400599184,150.63037441231913,1763.080130124918,1678.7626448825251,786.9947881393493,1382.351944428661,0.0006293694855016,0.0004935151322164,6.215825928123926e-05,0.043435618769723086,0.0002607187910985625,3.5770468876436974,1853.516277982284,0.469836628888353,302.7619514465332,2942931.65625,17.448058073300047,0.4212788501690203,-0.001482528616879,2.9030652931179604,0.0,1.2204294474586437,4.123494740576604,0.0,-0.7075080648165798,-0.7067052696984071,8,367500.0,2065500.0,18.67651,73.74358,C3_dehu_talegaon,24.24,True,36_206,1,test,gap
c019_012,2023-24,2295.7062380785555,158.48975864671425,1890.364901624892,1983.013524817443,801.3319886732882,1632.8827724490784,0.0006748065304676,0.0005829574448005,6.307473099341906e-05,0.043446250739260124,0.000256257998970725,3.5770468876436974,1853.516277982284,0.469836628888353,302.7619514465332,2942931.65625,12.756514668174612,0.3310929331725153,0.100723282607454,2.047571611586453,0.0,0.9471375018318938,2.994709113418347,0.0,-0.7075080648165798,-0.7067052696984071,8,368500.0,2065500.0,18.67657,73.75306,C3_dehu_talegaon,23.77,True,36_206,1,test,gap
c019_013,2023-24,2441.061717940438,164.2218686838202,2010.0556934309573,2433.58302530481,784.2266734127313,2003.89747604498,0.000717532740565,0.0007154138508824,6.399187225582917e-05,0.04347599615754765,0.00024824557270145,3.5770468876436974,1853.516277982284,0.469836628888353,302.7619514465332,2942931.65625,11.772761042999184,0.2977634626781701,0.123312413505759,1.8438835132738929,1.515705880619818,2.009054681411902,5.368644075305612,0.0,-0.7075080648165798,-0.7067052696984071,8,369500.0,2065500.0,18.67664,73.76254,C2_pcmc,23.34,True,36_206,1,test,test
c019_014,2023-24,2584.7429035986934,170.05687205286804,2128.3678127635885,2737.1993303399795,716.38034746991,2253.9057728730177,0.0007597668037823,0.0008046696139763,6.499636740838399e-05,0.043621670561853475,0.00024263291359125002,3.5770468876436974,1853.516277982284,0.469836628888353,302.7619514465332,2942931.65625,10.724345804082938,0.2153272535483523,0.1614039086203384,0.0,0.0,1.190193155663032,1.190193155663032,0.0,-0.7075080648165798,-0.7067052696984071,8,370500.0,2065500.0,18.6767,73.77202,C2_pcmc,22.95,True,37_206,3,test,test
c019_015,2023-24,2722.8965891992234,174.5607264739786,2242.128395000777,2686.932583808821,616.198355943573,2212.514373666424,0.000800376097648,0.0007898924207048,6.567534528821799e-05,0.04365854882039308,0.00024026595374458752,3.5770468876436974,1853.516277982284,0.469836628888353,302.7619514465332,2942931.65625,22.519441451423475,0.176584315483645,0.0753296898238817,0.0,1.7924127611513814,19.202080439743707,20.99449320089509,0.0,-0.7075080648165798,-0.7067052696984071,8,371500.0,2065500.0,18.67676,73.7815,C2_pcmc,22.59,True,37_206,3,test,test
c019_016,2023-24,2829.7239259317807,178.1985480997293,2330.09376467382,2384.624565388749,558.5787549551202,1963.5833658475049,0.0008317772339362,0.0007010212618573,6.590828646507567e-05,0.043591573326328785,0.0002420830226288125,3.5770468876436974,1853.516277982284,0.469836628888353,302.7619514465332,2942931.65625,26.93532478780586,0.1743713829822124,0.036745260292033,1.7314471509786602,2.352000132198757,14.395073707383691,18.47852099056111,0.0,-0.7075080648165798,-0.7067052696984071,8,372500.0,2065500.0,18.67682,73.79098,C2_pcmc,22.28,True,37_206,3,test,test
c019_017,2023-24,2893.0064854892144,180.2590608637448,2382.202840080821,2031.8185945243208,577.3281672422937,1673.0705757772848,0.0008503786924965,0.0005973049408582,6.6291052929273e-05,0.04356505869554026,0.00024405698508575,3.5770468876436974,1853.516277982284,0.469836628888353,302.7619514465332,2942931.65625,25.21041540166017,0.2520580079372945,0.0139601918784041,0.0,1.769756215982994,12.860691203181895,14.630447419164891,0.0,-0.7075080648165798,-0.7067052696984071,8,373500.0,2065500.0,18.67688,73.80047,C2_pcmc,22.0,True,37_206,3,test,test
c020_005,2023-24,1460.953216921678,107.82617194187571,1203.000034750184,369.3705782537963,613.0975646159363,304.1526678118362,0.000429436813445,0.0001085859101758,5.462190374671167e-05,0.0428878264144191,0.0002629395969266,3.5770468876436974,1853.516277982284,0.469836628888353,302.7619514465332,2942931.65625,8.71662537564018,0.3909450678146924,-0.0165214249685913,1.7622615823980192,1.017364128576578,2.2451719441218123,5.0247976550964095,0.0,-0.7075080648165798,-0.7067052696984071,8,361500.0,2066500.0,18.68516,73.68663,C3_dehu_talegaon,28.4,True,36_206,1,test,train
c020_006,2023-24,1495.3716576301088,111.381529048565,1231.341384006756,746.5646897871729,625.2987107931021,614.7475068706309,0.00043955386944,0.0002194717476658,5.5877189207577225e-05,0.042985809952732615,0.0002624822483991125,3.5770468876436974,1853.516277982284,0.469836628888353,302.7619514465332,2942931.65625,7.878007934959751,0.3353957202289855,0.0711650718837512,1.176770758976469,0.0,2.4005459935266145,3.577316752503084,0.0,-0.7075080648165798,-0.7067052696984071,8,362500.0,2066500.0,18.68522,73.69611,C3_dehu_talegaon,27.79,True,36_206,1,test,train
c020_007,2023-24,1573.2580862867817,115.51484934484796,1295.475796591145,959.8489819664428,632.6573929197577,790.3732612968832,0.0004624480315155,0.0002821721097303,5.745059835299417e-05,0.04302433308713974,0.0002554263950542875,3.5770468876436974,1853.516277982284,0.469836628888353,302.7619514465332,2942931.65625,6.875587475570764,0.358274133283934,0.1304566303328811,0.0,0.0,0.8583459664864673,0.8583459664864673,0.0,-0.7075080648165798,-0.7067052696984071,8,363500.0,2066500.0,18.68529,73.70559,C3_dehu_talegaon,27.2,True,36_206,1,test,gap
c020_008,2023-24,1679.4905007344323,123.75594814537332,1382.9512864233227,1133.2611106164925,656.7373463081959,933.1668801313574,0.0004936742946268,0.0003331510315329,5.833321794457736e-05,0.0429975991284252,0.000260169386706675,3.5770468876436974,1853.516277982284,0.469836628888353,302.7619514465332,2942931.65625,13.033863801766374,0.2782636238106078,0.1075023229483292,0.8163911129952632,0.0,8.78400085901019,9.600391972005454,0.0,-0.7075080648165798,-0.7067052696984071,8,364500.0,2066500.0,18.68535,73.71507,C3_dehu_talegaon,26.64,True,36_206,1,test,gap
c020_009,2023-24,1760.9457742949278,128.0685637900209,1450.0244108662357,1321.1718696589876,692.7864165856791,1087.8991789070644,0.0005176174932939,0.0003883921958372,5.889112394842374e-05,0.0431004857651796,0.00026244357992025,3.5770468876436974,1853.516277982284,0.469836628888353,302.7619514465332,2942931.65625,17.490217129711986,0.2676780758800047,0.0921086187124358,3.72661523232658,0.9559265749188354,5.132647090724895,9.815188897970309,0.0,-0.7075080648165798,-0.7067052696984071,8,365500.0,2066500.0,18.68542,73.72455,C3_dehu_talegaon,26.1,True,36_206,1,test,gap
c020_010,2023-24,1845.3881398516223,133.07963599309812,1519.557211453195,1456.3494117847613,755.401562704868,1199.2091003961302,0.0005424387264206,0.00042813108494,5.952487900658206e-05,0.0432158915451781,0.0002612183210937375,3.5770468876436974,1853.516277982284,0.469836628888353,302.7619514465332,2942931.65625,16.09467817294952,0.3558032016679553,0.0509809155720042,1.2610200327101682,0.7376328550086264,4.5020156780814,6.500668565800194,0.0,-0.7075080648165798,-0.7067052696984071,8,366500.0,2066500.0,18.68548,73.73403,C3_dehu_talegaon,25.6,True,36_206,1,test,gap
c020_011,2023-24,1966.752769512673,140.52529574440098,1619.493097153438,1597.9399957884991,787.7912114770653,1315.7997451230704,0.000578112996632,0.0004697552514046,6.035048238042425e-05,0.04332392833024605,0.000258957733338475,3.5770468876436974,1853.516277982284,0.469836628888353,302.7619514465332,2942931.65625,11.926140798919503,0.3492814450900374,0.0972884804803997,0.8961808106264633,0.0,1.2206661830406724,2.116846993667136,0.0,-0.7075080648165798,-0.7067052696984071,8,367500.0,2066500.0,18.68555,73.74351,C3_dehu_talegaon,25.12,True,36_206,1,test,gap
c020_012,2023-24,2072.474153116316,144.97974421636152,1706.5477862946836,1884.3115331813829,785.9619823170142,1551.6080964411206,0.0006091890458592,0.0005539414748533,6.091590448061379e-05,0.043302279592329025,0.00025551544394575,3.5770468876436974,1853.516277982284,0.469836628888353,302.7619514465332,2942931.65625,10.482079536409422,0.3578165241673774,0.058938900260537,0.3377099859783534,0.8262894294801902,4.852089538297238,6.016088953755782,0.0,-0.7075080648165798,-0.7067052696984071,8,368500.0,2066500.0,18.68561,73.75299,C3_dehu_talegaon,24.67,True,36_206,1,test,gap
c020_013,2023-24,2182.7252140682003,149.80683051639647,1797.3323703731703,2256.8318589997943,748.5297143264235,1858.3543766874948,0.0006415965615454,0.0006634533337275,6.177186927149329e-05,0.043344633460161514,0.0002485577629728375,3.5770468876436974,1853.516277982284,0.469836628888353,302.7619514465332,2942931.65625,6.935264629560562,0.3451254864826049,0.0859014840649842,0.0,1.0406009868240051,0.3788952467229155,1.4194962335469206,0.0,-0.7075080648165798,-0.7067052696984071,8,369500.0,2066500.0,18.68567,73.76248,C3_dehu_talegaon,24.26,True,36_206,1,test,gap
c020_014,2023-24,2306.9821756712518,155.07696571990135,1899.649903470766,2424.271436166357,658.9958712843337,1996.2299874988776,0.0006781210121719,0.0007126764715639,6.305101783260797e-05,0.0434620692708542,0.0002416020387934625,3.5770468876436974,1853.516277982284,0.469836628888353,302.7619514465332,2942931.65625,6.5718846077949955,0.3529916412794185,0.0829909023633461,0.0,1.784256894387021,0.0463810274864423,1.8306379218734632,0.0,-0.7075080648165798,-0.7067052696984071,8,370500.0,2066500.0,18.68574,73.77196,C2_pcmc,23.88,True,37_206,3,test,test
c020_015,2023-24,2436.874475406654,159.5178005077129,2006.6077713104503,2282.8701926390017,563.470437261513,1879.7952523500333,0.0007163019303857,0.0006711079665655,6.400649786570272e-05,0.043500421906488534,0.0002383024173150625,3.5770468876436974,1853.516277982284,0.469836628888353,302.7619514465332,2942931.65625,10.755935154001856,0.2775504389816418,0.1146043430746863,0.0,1.29594947923132,0.4255914502927385,1.7215409295240585,0.0,-0.7075080648165798,-0.7067052696984071,8,371500.0,2066500.0,18.6858,73.78144,C2_pcmc,23.54,True,37_206,3,test,test
c020_016,2023-24,2544.766388911329,162.95875018184063,2095.449750774292,2010.8138302356656,552.0043625674699,1655.7745173706958,0.0007480159914489,0.0005911300542197,6.424515512120647e-05,0.0434567972673258,0.000239073478267675,3.5770468876436974,1853.516277982284,0.469836628888353,302.7619514465332,2942931.65625,20.728112805683125,0.1667034144342056,0.0626968405897151,2.107193478994856,0.46863636615929,4.723557812196228,7.299387657350374,0.0,-0.7075080648165798,-0.7067052696984071,8,372500.0,2066500.0,18.68586,73.79092,C2_pcmc,23.23,True,37_206,3,test,test
c021_004,2023-24,1481.747910659807,104.33769267525216,1220.123113709755,111.35877755193916,611.1025200953977,91.6967167141689,0.0004355492658576,3.273675524919401e-05,5.250143868372539e-05,0.042846118244078586,0.00026128926370573753,3.5770468876436974,1853.516277982284,0.469836628888353,302.7619514465332,2942931.65625,7.163721609280094,0.4024066921906274,-0.0252295502673658,0.9167386259492424,0.0,2.3036981779358765,3.2204368038851188,0.0,-0.7075080648165798,-0.7067052696984071,8,360500.0,2067500.0,18.69413,73.67708,C3_dehu_talegaon,29.8,True,36_206,1,test,train
c021_005,2023-24,1488.951742209539,106.18047868988806,1226.05500085322,377.5560319792348,612.6883563087532,310.8928570267222,0.0004376667809358,0.0001109922332435,5.383481037045022e-05,0.04286834237192226,0.000263254629763825,3.5770468876436974,1853.516277982284,0.469836628888353,302.7619514465332,2942931.65625,13.55642583719114,0.2860971438315108,0.0404131169835841,1.3651703037871248,1.044393191039024,3.770619725702801,6.180183220528949,0.0,-0.7075080648165798,-0.7067052696984071,8,361500.0,2067500.0,18.69419,73.68656,C3_dehu_talegaon,29.19,True,36_206,1,test,train
c021_006,2023-24,1508.5331302961251,110.44036371848686,1242.1790014548649,719.2400579763472,625.5037462857947,592.2474482532702,0.0004434225907765,0.0002114389746457,5.4947813765946576e-05,0.042882350171684576,0.0002639961574511875,3.5770468876436974,1853.516277982284,0.469836628888353,302.7619514465332,2942931.65625,9.289659357564004,0.3457692860361705,0.1079083360065906,0.691152673774839,0.0,2.300132838049684,2.9912855118245227,0.0,-0.7075080648165798,-0.7067052696984071,8,362500.0,2067500.0,18.69426,73.69604,C3_dehu_talegaon,28.6,True,36_206,1,test,train
c021_007,2023-24,1571.8210224496477,117.09567632372288,1294.2924679082091,908.1054910801124,643.3507962939184,747.7658590793703,0.0004620256168154,0.0002669607897596,5.614044834240525e-05,0.042888005451532187,0.0002584167501583,3.5770468876436974,1853.516277982284,0.469836628888353,302.7619514465332,2942931.65625,8.04533792790688,0.2920073946476378,0.1045960150756485,2.172596576872357,0.1759309880906969,1.4509739714166443,3.799501536379698,0.0,-0.7075080648165798,-0.7067052696984071,8,363500.0,2067500.0,18.69432,73.70552,C3_dehu_talegaon,28.03,True,36_206,1,test,train
c021_008,2023-24,1644.732491396953,125.41298175030848,1354.3303244674437,1130.873142561605,671.9123775824356,931.200543619183,0.0004834574248471,0.000332449027367,5.6732089866727915e-05,0.04287106657402985,0.000263141219687925,3.5770468876436974,1853.516277982284,0.469836628888353,302.7619514465332,2942931.65625,7.4868841472261245,0.3775162415422749,0.0650595150398112,1.8580447925913897,0.6735857161105245,0.8204721485802711,3.352102657282185,0.0,-0.7075080648165798,-0.7067052696984071,8,364500.0,2067500.0,18.69439,73.715,C3_dehu_talegaon,27.48,True,36_206,1,test,gap
c021_009,2023-24,1685.0217176925387,126.48141169250285,1387.505884144688,1298.632285276858,708.8423301546176,1069.3392958930897,0.000495300156535,0.0003817661096538,5.725946846072511e-05,0.04298862947255409,0.0002638063501889125,3.5770468876436974,1853.516277982284,0.469836628888353,302.7619514465332,2942931.65625,6.518654196107067,0.2776312302084244,0.155909170878241,0.0,0.0,1.8837400461413245,1.8837400461413245,0.0,-0.7075080648165798,-0.7067052696984071,8,365500.0,2067500.0,18.69445,73.72448,C3_dehu_talegaon,26.96,True,36_206,1,test,gap
c021_010,2023-24,1748.3079672780614,127.99391925669742,1439.6179980500262,1417.9179593098268,758.2470398503166,1167.5632967335994,0.0005139026997527,0.0004168331784686,5.785050890344422e-05,0.04312284490725711,0.0002602345916017875,3.5770468876436974,1853.516277982284,0.469836628888353,302.7619514465332,2942931.65625,7.039060018163039,0.3687751411198662,0.0760949010120972,0.0,0.0,1.227807447146294,1.227807447146294,0.0,-0.7075080648165798,-0.7067052696984071,8,366500.0,2067500.0,18.69452,73.73397,C3_dehu_talegaon,26.47,True,36_206,1,test,gap
c021_011,2023-24,1830.7594463820608,130.90347911718084,1507.5114330200472,1539.1126159355315,761.4812456795408,1267.3592206848562,0.0005381387259582,0.0004524614414461,5.828957855827416e-05,0.043179897440973926,0.000259149387857075,3.5770468876436974,1853.516277982284,0.469836628888353,302.7619514465332,2942931.65625,7.098344795254554,0.342293379548188,0.1229595147926538,0.0,0.0,1.9360111415471184,1.9360111415471184,0.0,-0.7075080648165798,-0.7067052696984071,8,367500.0,2067500.0,18.69458,73.74345,C3_dehu_talegaon,26.01,True,36_206,1,test,gap
c021_012,2023-24,1894.308104226157,133.38088536073124,1559.8396230738388,1848.750454252861,739.8670691958305,1522.3258588641322,0.0005568184022183,0.0005434873879563,5.855848907459679e-05,0.043102651599737474,0.0002577166662078,3.5770468876436974,1853.516277982284,0.469836628888353,302.7619514465332,2942931.65625,8.075997385547145,0.2823518393665004,0.1414481591170678,1.2568922791276258,0.4668450556712934,5.588561285163816,7.312298619962736,0.0,-0.7075080648165798,-0.7067052696984071,8,368500.0,2067500.0,18.69465,73.75293,C3_dehu_talegaon,25.58,True,36_206,1,test,gap
c021_013,2023-24,1973.8208767303431,137.16277861258038,1625.3132241294347,2111.6005471109765,695.3639019602922,1738.7658291382484,0.0005801906165075,0.0006207588823664,5.9269205532517605e-05,0.0431650082369755,0.0002483257278815,3.5770468876436974,1853.516277982284,0.469836628888353,302.7619514465332,2942931.65625,6.467621736276847,0.4520271909834494,0.0019918082799588,0.1516515371593326,1.0998593214722745,1.7644046345689357,3.0159154932005423,0.0,-0.7075080648165798,-0.7067052696984071,8,369500.0,2067500.0,18.69471,73.76241,C3_dehu_talegaon,25.18,True,36_206,1,test,gap
c021_014,2023-24,2090.9279940953106,142.2553529075101,1721.7433251263665,2123.0552626517047,611.1264614847943,1748.1980430065232,0.0006146134212424,0.0006241262883972,6.0368658796344716e-05,0.04327033826794991,0.00024386689162785,3.5770468876436974,1853.516277982284,0.469836628888353,302.7619514465332,2942931.65625,6.176886159200947,0.4174589196451679,-0.0182315250213667,0.0,0.4408778452846184,2.979635958638668,3.420513803923286,0.0,-0.7075080648165798,-0.7067052696984071,8,370500.0,2067500.0,18.69477,73.77189,C2_pcmc,24.82,True,37_206,3,test,test
c022_003,2023-24,1455.6132819685452,106.05164886157736,1198.6029453295398,187.3061829199844,654.2047231889252,154.2344696269255,0.0004278671775226,5.5063433720366985e-05,5.071953322637014e-05,0.042771349233388725,0.00025994375135716247,3.5770468876436974,1853.516277982284,0.469836628888353,302.7619514465332,2942931.65625,8.299039963629799,0.4089153635491702,-0.0194053594257177,2.178250855924775,1.0728389718836655,1.6526038817983586,4.903693709606799,0.0,-0.7075080648165798,-0.7067052696984071,8,359500.0,2068500.0,18.70309,73.66752,C3_dehu_talegaon,31.21,True,35_206,3,test,train
c022_004,2023-24,1500.6499480322664,104.56692275906076,1235.6877131456154,157.19575620254932,637.6544623905609,129.44048993759554,0.0004411053853848,4.621170517622314e-05,5.168237447178713e-05,0.04281893426776187,0.0002557343127849,3.5770468876436974,1853.516277982284,0.469836628888353,302.7619514465332,2942931.65625,13.799127605880601,0.3034366841538501,0.0485674549315181,2.878762723681703,1.023092088465617,5.648675503538607,9.550530315685927,0.0,-0.7075080648165798,-0.7067052696984071,8,360500.0,2068500.0,18.70316,73.67701,C3_dehu_talegaon,30.59,True,36_206,1,test,train
c022_005,2023-24,1504.410874163304,105.6015765653414,1238.784591412439,460.31576665443686,621.3953489992697,379.0401204277799,0.0004422108828878,0.0001353215698087,5.2944426778128164e-05,0.04285664892037815,0.00025325972990045,3.5770468876436974,1853.516277982284,0.469836628888353,302.7619514465332,2942931.65625,15.01956771378137,0.2252787941038172,0.0721475806403759,2.4766826393858787,1.0954351047888458,4.641574782019118,8.213692526193842,0.0,-0.7075080648165798,-0.7067052696984071,8,361500.0,2068500.0,18.70323,73.68649,C3_dehu_talegaon,29.99,True,36_206,1,test,train
c022_006,2023-24,1514.518549625334,109.54352658518404,1247.1076053126972,754.4953125947591,622.6919399698329,621.2778593847376,0.000445181962243,0.0002218031566802,5.408448243203055e-05,0.04280333745315117,0.000252798985636525,3.5770468876436974,1853.516277982284,0.469836628888353,302.7619514465332,2942931.65625,11.143067917316948,0.3432656551432044,0.0032686686287057,1.468739915523572,0.4677725915431894,4.435236827500529,6.371749334567291,0.0,-0.7075080648165798,-0.7067052696984071,8,362500.0,2068500.0,18.70329,73.69597,C3_dehu_talegaon,29.41,True,36_206,1,test,train
c022_007,2023-24,1565.2811993951716,116.82087710569336,1288.9073486102952,887.401323733502,638.5628394954341,730.7173227203986,0.0004601032823146,0.0002608742712654,5.4939141562881396e-05,0.04276350293731902,0.0002527386402234875,3.5770468876436974,1853.516277982284,0.469836628888353,302.7619514465332,2942931.65625,10.636414357198506,0.4804905745335322,-0.0353118324443636,0.0,1.439431741293647,5.8149598573247605,7.254391598618407,0.0,-0.7075080648165798,-0.7067052696984071,8,363500.0,2068500.0,18.70336,73.70545,C3_dehu_talegaon,28.86,True,36_206,1,test,train
c022_008,2023-24,1609.2822884774107,124.0845454617515,1325.1393860786225,1108.2527976013432,666.649003366462,912.574159517306,0.0004730370896841,0.0003257991995501,5.5264839243712494e-05,0.042760908270197864,0.0002625185098009625,3.5770468876436974,1853.516277982284,0.469836628888353,302.7619514465332,2942931.65625,7.951284491686852,0.4087613530995555,-0.0159927417725858,0.0,0.4830470051209966,4.430879990052064,4.913926995173061,0.0,-0.7075080648165798,-0.7067052696984071,8,364500.0,2068500.0,18.70343,73.71493,C3_dehu_talegaon,28.33,True,36_206,1,test,train
c022_009,2023-24,1616.1331303989675,123.50260804589657,1330.7806092021572,1202.0215417558122,711.6394692540886,989.7866268090324,0.0004750508459702,0.0003533649154721,5.5705258896061425e-05,0.042930372181143824,0.0002633810508302625,3.5770468876436974,1853.516277982284,0.469836628888353,302.7619514465332,2942931.65625,4.48265536467202,0.3594018956317504,0.0435910124715516,0.0,0.0,2.190348328762796,2.190348328762796,0.0,-0.7075080648165798,-0.7067052696984071,8,365500.0,2068500.0,18.70349,73.72442,C3_dehu_talegaon,27.83,True,36_206,1,test,gap
c022_010,2023-24,1670.3325866627836,123.92752704486584,1375.410339308229,1260.661792861026,754.8897905121963,1038.0730628839483,0.0004909823908813,0.0003706037141585,5.61496925332677e-05,0.042982712353717,0.00026346578364764997,3.5770468876436974,1853.516277982284,0.469836628888353,302.7619514465332,2942931.65625,5.137200222824646,0.4442422599382213,-0.0591747351106539,0.0,0.0,3.4573249894130096,3.4573249894130096,0.0,-0.7075080648165798,-0.7067052696984071,8,366500.0,2068500.0,18.70355,73.7339,C3_dehu_talegaon,27.35,True,36_206,1,test,gap
c022_011,2023-24,1739.1416004983162,125.89319996733866,1432.0700906791103,1335.8881309805558,739.7608781815404,1100.017063775782,0.0005112083113937,0.0003927184165057,5.6529487791825385e-05,0.04297484433633773,0.0002619799958901375,3.5770468876436974,1853.516277982284,0.469836628888353,302.7619514465332,2942931.65625,5.5348201225928175,0.4011368399871285,-0.0181595598073624,0.0,0.0,1.7341426660490462,1.7341426660490462,0.0,-0.7075080648165798,-0.7067052696984071,8,367500.0,2068500.0,18.70362,73.74338,C3_dehu_talegaon,26.91,True,36_206,1,test,gap
c022_012,2023-24,1783.50934824843,127.64112424391904,1468.6040477332847,1615.7961252055588,701.4546875424425,1330.5031073255154,0.0005242498954724,0.0004750045164493,5.702050838122528e-05,0.04295143928299339,0.00025263439113745,3.5770468876436974,1853.516277982284,0.469836628888353,302.7619514465332,2942931.65625,5.671772931960928,0.2487431867973003,0.1394733816188076,0.0,0.0,0.6652972915629766,0.6652972915629766,0.0,-0.7075080648165798,-0.7067052696984071,8,368500.0,2068500.0,18.70368,73.75286,C3_dehu_talegaon,26.49,True,36_206,1,test,gap
c023_002,2023-24,1334.2359353536183,103.6416155268327,1098.6565880441856,333.89482933363337,719.1745047475592,274.9406939515994,0.0003921891692531,9.815690821290106e-05,4.9799064786345575e-05,0.042675458040125076,0.00025062421381525,3.5770468876436974,1853.516277982284,0.469836628888353,302.7619514465332,2942931.65625,11.242489424819652,0.3017592344187196,0.1424015976700808,1.6982160350127489,0.0,0.3804799279933097,2.078695963006058,0.0,-0.7075080648165798,-0.7067052696984071,8,358500.0,2069500.0,18.71206,73.65797,C3_dehu_talegaon,32.61,True,35_206,3,test,train
c023_003,2023-24,1422.531158739366,104.55766295194636,1171.3619666771442,65.46481280711008,677.750419256559,53.90601914536854,0.0004181429225519,1.9245052805119848e-05,5.063073604107543e-05,0.04266389051044117,0.000257172960947725,3.5770468876436974,1853.516277982284,0.469836628888353,302.7619514465332,2942931.65625,7.605955970926759,0.3201653443910924,0.1232106307259055,0.0,0.0,1.3151923827472398,1.3151923827472398,0.0,-0.7075080648165798,-0.7067052696984071,8,359500.0,2069500.0,18.71213,73.66745,C3_dehu_talegaon,31.99,True,35_206,3,test,train
c023_004,2023-24,1473.8403526222207,104.58873994374989,1213.6117535348894,147.65365184899247,656.5342130271918,121.58318709178226,0.0004332248953806,4.340656002599946e-05,5.144548218588199e-05,0.04272076438536635,0.00025840564577621247,3.5770468876436974,1853.516277982284,0.469836628888353,302.7619514465332,2942931.65625,12.788461291122585,0.3177183798557844,0.0874150153274707,2.4233473753958403,0.3276035338065093,4.017722698964897,6.768673608167246,0.0,-0.7075080648165798,-0.7067052696984071,8,360500.0,2069500.0,18.7122,73.67694,C3_dehu_talegaon,31.39,True,36_206,1,test,train
c023_005,2023-24,1486.6438670405637,105.3129275802118,1224.154615627794,515.6290194085972,630.7947882799635,424.5869895640884,0.0004369883974346,0.0001515823124036,5.224174146327597e-05,0.04271320289726431,0.00025630496517280003,3.5770468876436974,1853.516277982284,0.469836628888353,302.7619514465332,2942931.65625,11.96083572441538,0.2903109106371573,0.0411862568990414,0.4390279576730095,0.0,2.8289208856139063,3.267948843286916,0.0,-0.7075080648165798,-0.7067052696984071,8,361500.0,2069500.0,18.71226,73.68642,C3_dehu_talegaon,30.81,True,36_206,1,test,train
c023_006,2023-24,1500.7063990503368,108.36176696441424,1235.7341968905523,790.0308673995227,629.6646274314764,650.5390795044846,0.0004411219787603,0.0002322497401096,5.337106227778787e-05,0.042681512682661876,0.0002537304649448,3.5770468876436974,1853.516277982284,0.469836628888353,302.7619514465332,2942931.65625,8.028182386044657,0.4337721344212492,-0.0068692862276214,0.0,1.0142412503950726,1.337549478829969,2.351790729225042,0.0,-0.7075080648165798,-0.7067052696984071,8,362500.0,2069500.0,18.71233,73.6959,C3_dehu_talegaon,30.25,True,36_206,1,test,train
c023_007,2023-24,1544.1249190382118,114.84111506659288,1271.4865265676606,851.7112158263368,642.7964350802321,701.3288381643874,0.0004538845440856,0.0002503822530064,5.3166105596119826e-05,0.042630781731576216,0.0002536640376871,3.5770468876436974,1853.516277982284,0.469836628888353,302.7619514465332,2942931.65625,7.131962989140954,0.5136408095850864,-0.0277535329952811,0.0,0.0,1.0528990618419414,1.0528990618419414,0.0,-0.7075080648165798,-0.7067052696984071,8,363500.0,2069500.0,18.7124,73.70538,C3_dehu_talegaon,29.71,True,36_206,1,test,train
c023_008,2023-24,1568.2111549018105,119.93056876824954,1291.3199765681773,977.3211315411417,668.4134667750394,804.7604410519007,0.0004609645219092,0.0002873084940987,5.3494509529878007e-05,0.04266548776788879,0.000264355744505925,3.5770468876436974,1853.516277982284,0.469836628888353,302.7619514465332,2942931.65625,6.827296059675418,0.4385940482246274,-0.0636165537669747,0.0,0.8016479839531673,2.3275814233940264,3.129229407347194,0.0,-0.7075080648165798,-0.7067052696984071,8,364500.0,2069500.0,18.71246,73.71487,C3_dehu_talegaon,29.19,True,36_206,1,test,train
c023_009,2023-24,1557.6428309345797,118.91414785845431,1282.6176485589212,994.2115765226464,721.3933754785784,818.668624876233,0.0004578580382002,0.0002922738715532,5.410979924701238e-05,0.0428359332477829,0.0002661991094184875,3.5770468876436974,1853.516277982284,0.469836628888353,302.7619514465332,2942931.65625,5.358193976151478,0.3524464242158476,-0.0010436326204117,0.0,1.4529091388612798,1.4583510905101258,2.911260229371406,0.0,-0.7075080648165798,-0.7067052696984071,8,365500.0,2069500.0,18.71253,73.72435,C3_dehu_talegaon,28.71,True,36_206,1,test,train
c023_010,2023-24,1601.4995251674306,119.02956882165697,1318.7307862522118,1002.2112557544322,758.7170842871834,825.2558408680675,0.0004707494017302,0.0002946255814663,5.4238980450275145e-05,0.04285488174022834,0.0002690659952499125,3.5770468876436974,1853.516277982284,0.469836628888353,302.7619514465332,2942931.65625,4.442091642896091,0.3792056231279677,-0.024568552819941,0.0,0.1863114799491574,5.335024682908905,5.521336162858063,0.0,-0.7075080648165798,-0.7067052696984071,8,366500.0,2069500.0,18.71259,73.73383,C3_dehu_talegaon,28.25,True,36_206,1,test,gap
c023_011,2023-24,1654.1981755951804,121.12432446295766,1362.124700281472,1062.1431887985266,739.8745123893552,874.6058930802845,0.0004862397954337,0.0003122441030306,5.4435030247929815e-05,0.042830100869119786,0.0002676239123884625,3.5770468876436974,1853.516277982284,0.469836628888353,302.7619514465332,2942931.65625,4.181742134225982,0.4425416501876096,-0.0571453278325033,0.0,0.0,0.5372866863589858,0.5372866863589858,0.0,-0.7075080648165798,-0.7067052696984071,8,367500.0,2069500.0,18.71265,73.74331,C3_dehu_talegaon,27.81,True,36_206,1,test,gap
c024_001,2023-24,1206.2751809731594,101.7820848712386,993.2892222836948,425.49320558066194,750.5118686127938,350.36600431192653,0.0003545760150667,0.0001250845890867,4.9098779296559964e-05,0.04273529069646244,0.0002397047162090375,3.5770468876436974,1853.516277982284,0.469836628888353,302.7619514465332,2942931.65625,10.527741535766724,0.3165734507950974,0.1161101194293131,1.075773921277423,0.0,0.4276215969747086,1.5033955182521317,0.0,-0.7075080648165798,-0.7067052696984071,8,357500.0,2070500.0,18.72103,73.64842,C3_dehu_talegaon,34.02,True,35_207,4,test,train
c024_002,2023-24,1287.1223816920974,101.25051002469262,1059.8616382569242,145.10194736020617,700.6415241892663,119.48202426663022,0.0003783404750443,4.265642135571184e-05,4.9581856092390336e-05,0.042671599055732375,0.0002465517646675,3.5770468876436974,1853.516277982284,0.469836628888353,302.7619514465332,2942931.65625,10.307864197470472,0.3564858285562097,0.0269588099923271,0.950700487404496,0.0,0.0,0.950700487404496,0.0,-0.7075080648165798,-0.7067052696984071,8,358500.0,2070500.0,18.7211,73.6579,C3_dehu_talegaon,33.4,True,35_207,4,test,train
c024_003,2023-24,1369.847912759731,102.31172683078462,1127.9807372098549,-41.13428771912696,676.7569315448432,-33.87141284359599,0.0004026570568764,-1.2092473884987766e-05,5.0544921076385535e-05,0.04266878093744966,0.000254551742337325,3.5770468876436974,1853.516277982284,0.469836628888353,302.7619514465332,2942931.65625,11.62806051659642,0.2433040444952297,0.0682521127379114,2.397858397222187,0.6960258790652546,4.112927642977442,7.206811919264883,0.0,-0.7075080648165798,-0.7067052696984071,8,359500.0,2070500.0,18.72117,73.66738,C3_dehu_talegaon,32.79,True,35_207,4,test,train
c024_004,2023-24,1419.6509331361544,103.13701250137196,1168.990288063059,141.15193972139303,666.9770946026658,116.2294496655296,0.0004172963007089,4.1495215780839575e-05,5.1258974507211325e-05,0.04270691688119789,0.00025782364017825,3.5770468876436974,1853.516277982284,0.469836628888353,302.7619514465332,2942931.65625,18.269583242501675,0.2991521308291915,0.0108229499648544,0.3402054722942416,0.6726664211493366,11.425484899403065,12.43835679284664,0.0,-0.7075080648165798,-0.7067052696984071,8,360500.0,2070500.0,18.72123,73.67686,C3_dehu_talegaon,32.2,True,36_207,2,test,train
c024_005,2023-24,1435.918676362694,103.5786359039544,1182.3857174581697,525.6373798710259,644.3618630522141,432.82822401611503,0.0004220780881969,0.0001545245254388,5.1758738879721406e-05,0.04262525055037696,0.000256774969700075,3.5770468876436974,1853.516277982284,0.469836628888353,302.7619514465332,2942931.65625,21.71386983266795,0.2784574416920345,-0.0042571285722333,0.0,1.0711140854837755,11.307418808745744,12.37853289422952,0.0,-0.7075080648165798,-0.7067052696984071,8,361500.0,2070500.0,18.7213,73.68635,C3_dehu_talegaon,31.63,True,36_207,2,test,train
c024_006,2023-24,1453.1107913009716,105.50352600044675,1196.5423068880186,767.017035605727,638.1901048867862,631.5886845657565,0.0004271315881789,0.0002254842367937,5.253829835565346e-05,0.0426006892080912,0.0002572395213854,3.5770468876436974,1853.516277982284,0.469836628888353,302.7619514465332,2942931.65625,11.515685394127903,0.4332806162248478,-0.0157067365949683,0.0,1.23179528000131,2.918572041363185,4.150367321364495,0.0,-0.7075080648165798,-0.7067052696984071,8,362500.0,2070500.0,18.72137,73.69583,C3_dehu_talegaon,31.09,True,36_207,2,test,train
c024_007,2023-24,1489.0839013028567,110.70253597077595,1226.1638252782684,804.1634760443075,641.4586014366675,662.1763643222764,0.0004377056281619,0.0002364043811752,5.210761159569111e-05,0.04255070489116247,0.0002579463312534125,3.5770468876436974,1853.516277982284,0.469836628888353,302.7619514465332,2942931.65625,7.034412779826527,0.4346713884325422,0.0043888012329676,0.0,0.0,0.6713919082702225,0.6713919082702225,0.0,-0.7075080648165798,-0.7067052696984071,8,363500.0,2070500.0,18.72143,73.70531,C3_dehu_talegaon,30.56,True,36_207,2,test,train
c024_008,2023-24,1495.507167368787,113.56878816937544,1231.4529674705182,844.9401647178058,666.345228852302,695.7533175902097,0.0004395937015644,0.0002483917296926,5.2316833100121636e-05,0.04262350257226856,0.000268619583194475,3.5770468876436974,1853.516277982284,0.469836628888353,302.7619514465332,2942931.65625,5.971477345604212,0.4694195558271034,-0.0716437941803427,0.0,0.2749411711989774,0.0598454542696655,0.3347866254686429,0.0,-0.7075080648165798,-0.7067052696984071,8,364500.0,2070500.0,18.7215,73.7148,C3_dehu_talegaon,30.06,True,36_207,2,test,train
c024_009,2023-24,1481.305744847919,112.12476985861348,1219.7590188976103,813.2478796976827,720.2377767241954,669.6567803849634,0.0004354192943602,0.0002390749735212,5.281090152633259e-05,0.042730938471008874,0.000267783175214475,3.5770468876436974,1853.516277982284,0.469836628888353,302.7619514465332,2942931.65625,6.427938763859086,0.2898090310311363,0.0460854330956146,0.0,1.8166445820121264,1.799033221968686,3.615677803980813,0.0,-0.7075080648165798,-0.7067052696984071,8,365500.0,2070500.0,18.72156,73.72428,C3_dehu_talegaon,29.59,True,36_207,2,test,train
c024_010,2023-24,1524.2333113136458,111.8838639420833,1255.1070802536224,799.7219922164271,754.0680034517445,658.5190910178371,0.0004480375473874,0.000235098693629,5.290269388509297e-05,0.04271949979195727,0.0002704569652749625,3.5770468876436974,1853.516277982284,0.469836628888353,302.7619514465332,2942931.65625,5.142727480391775,0.3416142655894398,0.0165050517877782,0.0,0.8420549909820028,3.6843167290278953,4.526371720009898,0.0,-0.7075080648165798,-0.7067052696984071,8,366500.0,2070500.0,18.72163,73.73376,C3_dehu_talegaon,29.14,True,36_207,2,test,gap
c025_001,2023-24,1165.1264477959826,101.43245897983093,959.4059145441262,218.41012438405505,703.1421246572503,179.84654414700276,0.0003424806374404,6.420723128513116e-05,4.850169240196674e-05,0.04271428522571226,0.0002337472632014875,3.5770468876436974,1853.516277982284,0.469836628888353,302.7619514465332,2942931.65625,13.485163489751562,0.245125986013063,0.0718297125681964,2.322011292644271,0.9448446129820784,4.188924508959187,7.455780414585536,0.0,-0.7075080648165798,-0.7067052696984071,8,357500.0,2071500.0,18.73007,73.64834,C3_dehu_talegaon,34.8,True,35_207,4,test,train
c025_002,2023-24,1243.7521040046993,100.73281923060652,1024.1490329792548,-48.70503963244368,672.5371606826658,-40.1054350623193,0.0003655920902003,-1.4318089663887818e-05,4.918850434098276e-05,0.04265751077355361,0.0002410073361601125,3.5770468876436974,1853.516277982284,0.469836628888353,302.7619514465332,2942931.65625,15.131261085535023,0.2627107240839856,0.0365060600184892,2.714420685037408,0.0,6.520580283990074,9.235000969027482,0.0,-0.7075080648165798,-0.7067052696984071,8,358500.0,2071500.0,18.73013,73.65783,C3_dehu_talegaon,34.19,True,35_207,4,test,train
c025_003,2023-24,1319.914246441842,100.9865431550524,1086.8636079138216,-149.59989200424977,673.2467613103183,-123.18578938409938,0.0003879794105981,-4.397870700012636e-05,5.024397935158028e-05,0.04264799160771687,0.0002493566596903375,3.5770468876436974,1853.516277982284,0.469836628888353,302.7619514465332,2942931.65625,16.96709611905473,0.2572311041526737,0.0315508471373811,1.207419698667142,0.1484275826586547,8.554718582891411,9.910565864217208,0.0,-0.7075080648165798,-0.7067052696984071,8,359500.0,2071500.0,18.7302,73.66731,C3_dehu_talegaon,33.59,True,35_207,4,test,train
c025_004,2023-24,1362.5234076085292,101.23837990278824,1121.9494831974987,125.3591785143088,680.2545952359058,103.22513709694842,0.0004005040706509,3.685253049180481e-05,5.085732040790698e-05,0.04266619463923229,0.0002506066957237875,3.5770468876436974,1853.516277982284,0.469836628888353,302.7619514465332,2942931.65625,21.512400606877218,0.308972336764776,0.0047973733297485,1.697229341772405,3.313566810924572,8.884893920903302,13.895690073600278,0.0,-0.7075080648165798,-0.7067052696984071,8,360500.0,2071500.0,18.73027,73.67679,C3_dehu_talegaon,33.02,True,36_207,2,test,train
c025_005,2023-24,1375.2845371825276,100.75642737728128,1132.457444125446,505.7560424484931,668.6494629078206,416.4572346283903,0.0004042551139812,0.0001486798988046,5.1467634776381415e-05,0.04255148640158581,0.0002508068028136125,3.5770468876436974,1853.516277982284,0.469836628888353,302.7619514465332,2942931.65625,21.132710954894314,0.2686098787703626,0.0311166763719789,1.0033963359721154,0.9564026587606812,11.127514694556062,13.08731368928886,0.0,-0.7075080648165798,-0.7067052696984071,8,361500.0,2071500.0,18.73034,73.68628,C3_dehu_talegaon,32.47,True,36_207,2,test,train
c025_006,2023-24,1382.9886140649562,101.27274344030712,1138.80125079217,699.9729052362248,660.1693782494024,576.3822000389964,0.0004065196726191,0.0002057749032769,5.172116127127032e-05,0.04250889685363821,0.0002539776961471125,3.5770468876436974,1853.516277982284,0.469836628888353,302.7619514465332,2942931.65625,11.745147667413839,0.2972014743474754,0.1058504177378168,0.2665534189351036,1.11413807637851,3.4328774426848154,4.813568937998429,0.0,-0.7075080648165798,-0.7067052696984071,8,362500.0,2071500.0,18.7304,73.69576,C3_dehu_talegaon,31.94,True,36_207,2,test,train
c025_007,2023-24,1401.3210138830595,105.05743643490544,1153.8967907196577,724.9340903630454,652.5787552968645,596.9361138995938,0.0004119083512362,0.0002131128808139,5.132294874841832e-05,0.0424723092038888,0.0002582715923676875,3.5770468876436974,1853.516277982284,0.469836628888353,302.7619514465332,2942931.65625,6.737822321236853,0.4206363699013746,-0.0032327795142212,0.0533178904460848,0.0,1.834246167976154,1.887564058422239,0.0,-0.7075080648165798,-0.7067052696984071,8,363500.0,2071500.0,18.73047,73.70525,C3_dehu_talegaon,31.43,True,36_207,2,test,train
c025_008,2023-24,1391.2363222779825,106.52486815928444,1145.5927025320048,693.905395324263,670.2525634766375,571.3859999208864,0.0004089440278224,0.0002039912038566,5.1487031349114084e-05,0.04255359434771268,0.00026856661346175,3.5770468876436974,1853.516277982284,0.469836628888353,302.7619514465332,2942931.65625,6.872592336897339,0.4104673208680925,-0.0492500205175413,1.0526403613785464,0.388348570391229,0.781012354749221,2.2220012865189966,0.0,-0.7075080648165798,-0.7067052696984071,8,364500.0,2071500.0,18.73053,73.71473,C3_dehu_talegaon,30.94,True,36_207,2,test,train
c025_009,2023-24,1384.864185486428,105.2022295012196,1140.3456619745907,624.6490053082656,700.203247227811,514.3578633379312,0.0004070709835066,0.0001836315201456,5.1679176889229234e-05,0.0425860779384819,0.0002661247976832625,3.5770468876436974,1853.516277982284,0.469836628888353,302.7619514465332,2942931.65625,8.532914929430593,0.2936035782252427,0.0812747782193675,0.0,1.5488746600264935,2.833944609845225,4.382819269871719,0.0,-0.7075080648165798,-0.7067052696984071,8,365500.0,2071500.0,18.7306,73.72421,C3_dehu_talegaon,30.48,True,36_207,2,test,train
c026_001,2023-24,1112.0809408192874,99.266767255335,915.7263866871256,29.269240714609797,649.1821638427201,24.101317680095672,0.0003268882877199,8.604440446169748e-06,4.76346306022468e-05,0.04264909218067564,0.0002273072906552375,3.5770468876436974,1853.516277982284,0.469836628888353,302.7619514465332,2942931.65625,11.317164500172323,0.2843299255360662,0.0607056730963421,0.6689225810165255,0.2947984958830799,3.0848791940446434,4.048600270944249,0.0,-0.7075080648165798,-0.7067052696984071,8,357500.0,2072500.0,18.7391,73.64827,C3_dehu_talegaon,35.59,True,35_207,4,test,train
c026_002,2023-24,1191.8994324948264,100.69465739392668,981.4517276133082,-223.2363252442452,643.0130442116573,-183.8206069268867,0.0003503503659864,-6.562601622347879e-05,4.85786871801855e-05,0.04258140397259495,0.00023505442657567501,3.5770468876436974,1853.516277982284,0.469836628888353,302.7619514465332,2942931.65625,11.04777198395053,0.2235918923882344,0.1215546346944559,0.0,2.217307287102884,2.794698239988602,5.012005527091485,0.0,-0.7075080648165798,-0.7067052696984071,8,358500.0,2072500.0,18.73917,73.65776,C3_dehu_talegaon,34.99,True,35_207,4,test,train
c026_003,2023-24,1266.609329749008,101.49990183802822,1042.9704730132037,-239.02670321517544,673.9562246923426,-196.8229570553686,0.0003723108092354,-7.026800089941066e-05,4.972064911588699e-05,0.042585122461532364,0.0002441483758877,3.5770468876436974,1853.516277982284,0.469836628888353,302.7619514465332,2942931.65625,13.25050859697934,0.2741319390972193,0.1048416560251861,0.0,0.4732183702092159,3.249180080397759,3.722398450606975,0.0,-0.7075080648165798,-0.7067052696984071,8,359500.0,2072500.0,18.73924,73.66724,C3_dehu_talegaon,34.41,True,35_207,4,test,train
c026_004,2023-24,1309.1218444441072,101.6542714044153,1077.976766208055,85.2921399231761,700.9577913023177,70.23253455555323,0.0003848070607448,2.507380173101049e-05,5.026359584213474e-05,0.042594788323272736,0.00024607670740905,3.5770468876436974,1853.516277982284,0.469836628888353,302.7619514465332,2942931.65625,20.034136270722854,0.2719846780619944,0.0134743895042259,0.0,2.5323447472442067,11.691270037879752,14.223614785123958,0.0,-0.7075080648165798,-0.7067052696984071,8,360500.0,2072500.0,18.7393,73.67672,C3_dehu_talegaon,33.85,True,36_207,2,test,train
c026_005,2023-24,1319.3860258202253,99.9671981634899,1086.4286525580987,427.3466125140608,703.0963087348122,351.89216447876817,0.000387824143901,0.0001256294453656,5.10470172125887e-05,0.042508730997210725,0.0002485408326892,3.5770468876436974,1853.516277982284,0.469836628888353,302.7619514465332,2942931.65625,17.27301608452639,0.2997713648058668,0.0256362159047007,0.0,0.0750341058289997,6.400948392918197,6.475982498747197,0.0,-0.7075080648165798,-0.7067052696984071,8,361500.0,2072500.0,18.73937,73.68621,C3_dehu_talegaon,33.31,True,36_207,2,test,train
c026_006,2023-24,1307.9707138646024,98.15133424991176,1077.028884981534,548.083838918184,693.3220427585666,451.3114243684488,0.0003844686940934,0.0001611232350528,5.075025134725007e-05,0.04242801702935757,0.0002502515081403375,3.5770468876436974,1853.516277982284,0.469836628888353,302.7619514465332,2942931.65625,11.091981756105657,0.3385359474315621,0.0048532107067122,0.7595786474832124,1.291503566913622,1.7994419686270802,3.8505241830239134,0.0,-0.7075080648165798,-0.7067052696984071,8,362500.0,2072500.0,18.73944,73.69569,C3_dehu_talegaon,32.79,True,36_207,2,test,train
c026_007,2023-24,1299.4707792926731,99.67289612486287,1070.0297412259586,534.6809565670811,683.1853655712472,440.2750217325704,0.0003819701987448,0.0001571831156585,5.043708721887021e-05,0.04240103397101499,0.00025650778060431253,3.5770468876436974,1853.516277982284,0.469836628888353,302.7619514465332,2942931.65625,5.810403813692658,0.4283734492926317,-0.0391656665329313,0.9668242536716536,0.0819080765201114,0.2621831751443612,1.3109155053361263,0.0,-0.7075080648165798,-0.7067052696984071,8,363500.0,2072500.0,18.7395,73.70518,C3_dehu_talegaon,32.3,True,36_207,2,test,train
c026_008,2023-24,1273.5069600401844,100.5163838712764,1048.650223318599,432.1214639759134,695.8208754817067,355.82394436603863,0.0003743383186301,0.0001270331348375,5.069181586438001e-05,0.0424878119222075,0.00026611705907365,3.5770468876436974,1853.516277982284,0.469836628888353,302.7619514465332,2942931.65625,6.910342952986431,0.4133130086665123,-0.0646247522962561,0.0192073722590045,1.5034416698204198,3.646754040130593,5.169403082210017,0.0,-0.7075080648165798,-0.7067052696984071,8,364500.0,2072500.0,18.73957,73.71466,C3_dehu_talegaon,31.83,True,36_207,2,test,train
c027_001,2023-24,1036.1477281500604,94.8111589601545,853.2003205395395,-83.41033133450281,617.9228707954848,-68.68298747126182,0.0003045682596001,-2.45205960605864e-05,4.644448275030367e-05,0.04256747016386489,0.0002248389593925875,3.5770468876436974,1853.516277982284,0.469836628888353,302.7619514465332,2942931.65625,5.029466231810566,0.2702711764349169,0.1361705004660281,0.0,0.0,2.1036509033313755,2.1036509033313755,0.0,-0.7075080648165798,-0.7067052696984071,8,357500.0,2073500.0,18.74814,73.6482,C3_dehu_talegaon,36.39,True,35_207,4,test,train
c027_002,2023-24,1118.5382014047643,98.28237514498596,921.0435211571036,-338.2330523534233,627.1364185683923,-278.5129386909333,0.0003287863535698,-9.943223960874942e-05,4.753040249648564e-05,0.0425259591457047,0.0002310945336132125,3.5770468876436974,1853.516277982284,0.469836628888353,302.7619514465332,2942931.65625,6.388226501546897,0.297563751622,0.0692026552947012,0.0,1.4141352783769725,3.38001825160218,4.794153529979152,0.0,-0.7075080648165798,-0.7067052696984071,8,358500.0,2073500.0,18.7482,73.65768,C3_dehu_talegaon,35.8,True,35_207,4,test,train
c027_003,2023-24,1197.471837255228,100.97878614003793,986.0402408132928,-292.3222179774681,679.4776113923973,-240.70835007716596,0.0003519883347562,-8.593557790598492e-05,4.874409509389895e-05,0.04256304540551035,0.0002401763192335375,3.5770468876436974,1853.516277982284,0.469836628888353,302.7619514465332,2942931.65625,9.332363049608546,0.3367750751428355,0.0128312176109473,0.0,3.5534948440122687,1.0656655963471104,4.619160440359379,0.0,-0.7075080648165798,-0.7067052696984071,8,359500.0,2073500.0,18.74827,73.66717,C3_dehu_talegaon,35.24,True,35_207,4,test,train
c027_004,2023-24,1249.005505138026,102.6508955917036,1028.47486742265,4.071163700496431,720.4470115687265,3.352338744624878,0.0003671362901215,1.196822491881187e-06,4.93319227406799e-05,0.042554655342668175,0.0002454785563856375,3.5770468876436974,1853.516277982284,0.469836628888353,302.7619514465332,2942931.65625,11.689303479442145,0.3122762812036284,0.0194271480679396,0.0,0.8739557635386022,8.857028975270014,9.730984738808615,0.0,-0.7075080648165798,-0.7067052696984071,8,360500.0,2073500.0,18.74834,73.67665,C3_dehu_talegaon,34.69,True,36_207,2,test,train
c027_005,2023-24,1262.2498309083794,101.06215694410491,1039.380709018009,254.60044098266792,726.3427309192367,209.64691805458523,0.0003710293655391,7.484629865749925e-05,5.0310749588100965e-05,0.04252273223688454,0.0002512097318309375,3.5770468876436974,1853.516277982284,0.469836628888353,302.7619514465332,2942931.65625,10.068031246596394,0.235869114532563,0.092266086153377,0.0,1.2532261262665716,2.5941543041362323,3.847380430402804,0.0,-0.7075080648165798,-0.7067052696984071,8,361500.0,2073500.0,18.74841,73.68614,C3_dehu_talegaon,34.16,True,36_207,2,test,train
c027_006,2023-24,1234.6801565150663,97.48795741392638,1016.6788737579514,303.04774865708777,713.8962494772481,249.5401275980668,0.0003629254557205,8.908862143335901e-05,4.9615431475492886e-05,0.04242371509574136,0.000251822083141925,3.5770468876436974,1853.516277982284,0.469836628888353,302.7619514465332,2942931.65625,8.474716663408511,0.3439588676757113,-2.350652396766305e-05,0.0,1.5468131731006425,3.465711261503478,5.012524434604121,0.0,-0.7075080648165798,-0.7067052696984071,8,362500.0,2073500.0,18.74847,73.69562,C3_dehu_talegaon,33.66,True,36_207,2,test,train
c028_002,2023-24,1033.0185546126024,93.5638159277217,850.6236494793716,-399.3565998748993,639.4970925919292,-328.84420798874555,0.0003036484612814,-0.0001174010666663,4.6172709710518e-05,0.04251738879791275,0.00022657315606535,3.5770468876436974,1853.516277982284,0.469836628888353,302.7619514465332,2942931.65625,4.164224458436896,0.3098386025169315,0.1001699768464253,0.0,0.0,3.339473492485166,3.339473492485166,0.0,-0.7075080648165798,-0.7067052696984071,8,358500.0,2074500.0,18.75724,73.65761,C3_dehu_talegaon,36.63,True,35_207,4,test,train
c028_003,2023-24,1116.2915198075666,97.21057134359393,919.1935248614,-331.857641572358,699.4241349411392,-273.2632022159156,0.0003281259574841,-9.755802486842092e-05,4.715093188188788e-05,0.04256032823884229,0.0002340489984155125,3.5770468876436974,1853.516277982284,0.469836628888353,302.7619514465332,2942931.65625,7.571595000998154,0.2686326620635302,0.0952450735456001,0.0,0.2084267804030366,3.619996700574707,3.828423480977744,0.0,-0.7075080648165798,-0.7067052696984071,8,359500.0,2074500.0,18.75731,73.6671,C3_dehu_talegaon,36.07,True,35_207,4,test,train
c028_004,2023-24,1174.2274156157246,100.08650891753362,966.8999701214012,-113.51642275063296,736.9964514953933,-93.47339732169472,0.0003451558022401,-3.337105013224705e-05,4.782111108007674e-05,0.04253196329127064,0.000242440822185825,3.5770468876436974,1853.516277982284,0.469836628888353,302.7619514465332,2942931.65625,8.305127347647039,0.3524889281770429,0.025649657075711,0.0,3.798396471521511,2.603325473351261,6.401721944872772,0.0,-0.7075080648165798,-0.7067052696984071,8,360500.0,2074500.0,18.75737,73.67658,C3_dehu_talegaon,35.54,True,36_207,2,test,train
c028_005,2023-24,1190.635980929777,99.58379148958691,980.4113573543189,26.074643119268583,732.988435383311,21.470774159813764,0.0003499789833796,7.665306936468897e-06,4.91221096831015e-05,0.0425337846588003,0.0002509603197444,3.5770468876436974,1853.516277982284,0.469836628888353,302.7619514465332,2942931.65625,5.818512090905665,0.3547599837477402,0.0467377783149253,0.0,0.0,0.7501414562305215,0.7501414562305215,0.0,-0.7075080648165798,-0.7067052696984071,8,361500.0,2074500.0,18.75744,73.68607,C3_dehu_talegaon,35.02,True,36_207,2,test,train
c028_006,2023-24,1154.7992021044556,95.92238289158232,950.9020988285496,38.69916109938092,723.3001023788054,31.866244317838444,0.000339445016977,1.1376606255116903e-05,4.8484527467935546e-05,0.042459958847329435,0.00025479800806063753,3.5770468876436974,1853.516277982284,0.469836628888353,302.7619514465332,2942931.65625,5.375641457782626,0.288217464337681,0.1133056828961912,0.0,0.7448437836087627,1.547952771207722,2.2927965548164844,0.0,-0.7075080648165798,-0.7067052696984071,8,362500.0,2074500.0,18.75751,73.69555,C3_dehu_talegaon,34.53,True,36_207,2,test,train
c029_004,2023-24,1093.1600113678371,95.74137740010212,900.146230851909,-196.62939886367585,741.8313754422197,-161.911532091579,0.0003213266150003,-5.780423103507938e-05,4.6119358007546714e-05,0.0425109874306002,0.0002325018784734125,3.5770468876436974,1853.516277982284,0.469836628888353,302.7619514465332,2942931.65625,6.125671969948033,0.2535869938408721,0.1278913673751859,0.0,2.377702299193483,0.4320735552267851,2.809775854420268,0.0,-0.7075080648165798,-0.7067052696984071,8,360500.0,2075500.0,18.76641,73.67651,C3_dehu_talegaon,36.39,True,36_207,2,test,train
c029_005,2023-24,1106.004511273946,95.64020227747416,910.7228418305656,-161.57828358122592,733.0956487828144,-133.0492164373738,0.0003251021644472,-4.750006096929667e-05,4.723886479496263e-05,0.04250946956847769,0.0002426733187595375,3.5770468876436974,1853.516277982284,0.469836628888353,302.7619514465332,2942931.65625,7.614042257382112,0.3001596363327586,0.038867528765933,0.0,3.2287731859597733,1.2550712435386155,4.483844429498388,0.0,-0.7075080648165798,-0.7067052696984071,8,361500.0,2075500.0,18.76648,73.686,C3_dehu_talegaon,35.89,True,36_207,2,test,train
c029_006,2023-24,1063.3232432840666,91.92900740099316,875.5775912638192,-191.70331376195625,734.4687723296562,-157.8552211297279,0.0003125563091062,-5.6356082574249874e-05,4.7136294283955945e-05,0.04243214546184446,0.0002484824353791,3.5770468876436974,1853.516277982284,0.469836628888353,302.7619514465332,2942931.65625,9.704309512356447,0.2247427940044437,0.0537290625632071,0.0,1.098896335949152,2.8032502959061767,3.902146631855329,0.0,-0.7075080648165798,-0.7067052696984071,8,362500.0,2075500.0,18.76654,73.69548,C3_dehu_talegaon,35.41,True,36_207,2,test,train
c029_007,2023-24,998.6268800608252,87.8157289701866,822.3043404134175,-267.4555001852284,764.1589045807575,-220.2322239276788,0.000293539273008,-7.862537145337152e-05,4.779743739264214e-05,0.042496496245975915,0.00025088611769315,3.5770468876436974,1853.516277982284,0.469836628888353,302.7619514465332,2942931.65625,6.247079621501129,0.3393799632673158,0.0337657471915264,0.0,0.0,0.0,0.0,0.0,-0.7075080648165798,-0.7067052696984071,8,363500.0,2075500.0,18.76661,73.70497,C3_dehu_talegaon,34.95,True,36_207,2,test,train
c030_004,2023-24,1016.8327620514764,92.1103953167302,837.295701131702,-302.21292356885044,715.0670421821919,-248.85270338863455,0.0002988907626091,-8.884320328859923e-05,4.5325931376810376e-05,0.0424488312495213,0.000232948471929875,3.5770468876436974,1853.516277982284,0.469836628888353,302.7619514465332,2942931.65625,8.935567601050526,0.2044968489025163,0.1467023743029319,0.0,0.0,0.0,0.0,0.0,-0.7075080648165798,-0.7067052696984071,8,360500.0,2076500.0,18.77545,73.67644,C3_dehu_talegaon,37.26,True,36_207,2,test,train
c030_005,2023-24,1032.4989265777567,92.7227530308599,850.1957695604692,-340.2166625672009,703.2391637755818,-280.1463127979655,0.0003034957203142,-0.0001000153724655,4.5991139495439045e-05,0.04245786768405055,0.0002345556666613125,3.5770468876436974,1853.516277982284,0.469836628888353,302.7619514465332,2942931.65625,12.432160905567638,0.29923051067765,0.0997671118546563,0.0,0.7503648874146576,0.3823867722368949,1.1327516596515526,0.1292907676340472,-0.7075080648165798,-0.7067052696984071,8,361500.0,2076500.0,18.77551,73.68593,C3_dehu_talegaon,36.77,True,36_207,2,test,train
c030_006,2023-24,986.5623836992556,90.03803530869274,812.3700116655108,-417.76015137057226,723.3441680727792,-343.99833669895213,0.0002899930000587,-0.0001228112604047,4.580181434014489e-05,0.042426388365177925,0.000239291831651,3.5770468876436974,1853.516277982284,0.469836628888353,302.7619514465332,2942931.65625,30.116928151836543,0.2401425903420095,0.0184844078826769,0.0,1.4828144628878497,4.217281636965968,5.700096099853817,0.5518072759106204,-0.7075080648165798,-0.7067052696984071,8,362500.0,2076500.0,18.77558,73.69541,C3_dehu_talegaon,36.3,True,36_207,2,test,train
c030_007,2023-24,922.616187126093,86.69038502365339,759.714474302208,-526.0746594549629,771.5175643940623,-433.1882953370709,0.0002711964701149,-0.0001546530749347,4.647739054555561e-05,0.042564926113935274,0.00023980857233005,3.5770468876436974,1853.516277982284,0.469836628888353,302.7619514465332,2942931.65625,13.115723757701781,0.2503125442572154,0.1259527277119068,0.0,0.0,0.0,0.0,0.0091823566338231,-0.7075080648165798,-0.7067052696984071,8,363500.0,2076500.0,18.77565,73.7049,C3_dehu_talegaon,35.85,True,36_207,2,test,train
c030_008,2023-24,883.4737089797179,83.96937916429522,727.483187204928,-693.6390332545043,785.2750839060234,-571.1666680658589,0.0002596908168943,-0.0002039128999269,4.691633831501116e-05,0.04256195279698466,0.0002444090134429625,3.5770468876436974,1853.516277982284,0.469836628888353,302.7619514465332,2942931.65625,4.800962433630337,0.2392106730263573,0.1184371252369297,0.0,0.6515398168263842,0.1237766846023848,0.7753165014287691,0.0,-0.7075080648165798,-0.7067052696984071,8,364500.0,2076500.0,18.77571,73.71439,C3_dehu_talegaon,35.43,True,36_207,2,test,train
c031_004,2023-24,930.637945801413,85.93828387221993,766.3198712809703,-543.6229825496494,684.1176051162354,-447.6381990356964,0.0002735544090577,-0.0001598118524537,4.424113294439549e-05,0.04228642803654389,0.0002342981901245375,3.5770468876436974,1853.516277982284,0.469836628888353,302.7619514465332,2942931.65625,6.632103799447041,0.2656231267067827,0.0894099230107623,0.0,0.6809068265270755,0.4050605834669963,1.0859674099940717,0.0,-0.7075080648165798,-0.7067052696984071,8,360500.0,2077500.0,18.78448,73.67637,C3_dehu_talegaon,38.13,True,36_207,2,test,train
c031_005,2023-24,951.7823802965352,87.30116164811923,783.7309390261798,-629.3663133967017,666.4596094879859,-518.2422599966233,0.0002797696652798,-0.0001850182932741,4.474377101467795e-05,0.04229103401973725,0.0002386528220287875,3.5770468876436974,1853.516277982284,0.469836628888353,302.7619514465332,2942931.65625,15.726542145813104,0.2241455166080493,0.0982468094030522,0.0,0.0,0.4768321868392239,0.4768321868392239,0.6192206866258102,-0.7075080648165798,-0.7067052696984071,8,361500.0,2077500.0,18.78455,73.68586,C3_dehu_talegaon,37.65,True,36_207,2,test,train
c031_006,2023-24,918.0804124350536,86.41434802546488,755.9795585994063,-685.1671515393382,701.835723409641,-564.1906240148257,0.0002698632113854,-0.0002014223740402,4.487772209021522e-05,0.04227036281767276,0.0002391088405959875,3.5770468876436974,1853.516277982284,0.469836628888353,302.7619514465332,2942931.65625,30.138140829818507,0.2319503420700766,0.0631313010116666,0.0,2.0235326716521422,2.2972430972662794,4.320775768918422,0.7711921662748861,-0.7075080648165798,-0.7067052696984071,8,362500.0,2077500.0,18.78461,73.69534,C3_dehu_talegaon,37.19,True,36_207,2,test,train
c031_007,2023-24,874.8178928036128,85.1449812374394,720.3556850782094,-748.7401877940785,761.7244363816267,-616.5388881055624,0.0002571465012561,-0.0002201112908375,4.5454689044159765e-05,0.04241273111322685,0.0002347927459027875,3.5770468876436974,1853.516277982284,0.469836628888353,302.7619514465332,2942931.65625,18.093071723603085,0.2194162393232815,0.1351144040581826,0.0,0.0,0.0,0.0,0.0286704561131335,-0.7075080648165798,-0.7067052696984071,8,363500.0,2077500.0,18.78468,73.70483,C3_dehu_talegaon,36.75,True,36_207,2,test,train
c031_008,2023-24,838.6497580606238,83.0679204782284,690.5735764872552,-876.1396027903619,782.7062761092117,-721.4440273615708,0.0002465151351368,-0.0002575636009231,4.6228911798971136e-05,0.042424191163243676,0.0002372969737801,3.5770468876436974,1853.516277982284,0.469836628888353,302.7619514465332,2942931.65625,9.870090341171274,0.262481887618872,0.0317205474560478,0.0,1.303336254181399,0.5266906189107121,1.830026873092112,0.0,-0.7075080648165798,-0.7067052696984071,8,364500.0,2077500.0,18.78475,73.71432,C3_dehu_talegaon,36.34,True,36_207,2,test,train
c032_004,2023-24,841.2035723760735,80.15671615732751,692.6764766175584,-807.4412042151861,671.8867887087669,-664.8753604693105,0.0002472658107019,-0.0002373679530396,4.3584778614476856e-05,0.04219125694005842,0.0002235688486572375,3.5770468876436974,1853.516277982284,0.469836628888353,302.7619514465332,2942931.65625,5.307502022787156,0.2513777193096694,0.1036768565804239,0.0,0.3931532009657354,0.0190070233567142,0.4121602243224497,0.0,-0.7075080648165798,-0.7067052696984071,8,360500.0,2078500.0,18.79352,73.6763,C3_dehu_talegaon,39.0,True,36_207,2,test,train
c032_005,2023-24,866.9522282631559,80.74968251865724,713.8788214757999,-939.0770777496964,661.8330986265137,-773.2689480272046,0.0002548344450747,-0.000276065678254,4.380688121176565e-05,0.04224546708592721,0.0002301747137962875,3.5770468876436974,1853.516277982284,0.469836628888353,302.7619514465332,2942931.65625,13.234454179255222,0.2213545466642524,0.0975822287287452,0.0,1.0382071386127265,0.061417153050546,1.0996242916632724,0.2859625507399508,-0.7075080648165798,-0.7067052696984071,8,361500.0,2078500.0,18.79358,73.68579,C3_dehu_talegaon,38.53,True,36_207,2,test,train
c032_006,2023-24,855.1418724818881,80.53163383548706,704.153760980561,-995.2718511601362,712.3886849977044,-819.5416921387375,0.0002513628749426,-0.0002925855663478,4.380950009837791e-05,0.042282489227704285,0.000232499270284825,3.5770468876436974,1853.516277982284,0.469836628888353,302.7619514465332,2942931.65625,26.366021829475837,0.2178798104012256,0.0844253937390613,0.0,2.6076635722600887,1.279428240871059,3.887091813131148,0.590021429941323,-0.7075080648165798,-0.7067052696984071,8,362500.0,2078500.0,18.79365,73.69528,C3_dehu_talegaon,38.09,True,36_207,2,test,train
c032_007,2023-24,836.149291004804,80.69557595766781,688.5146043585097,-1019.2745618306626,775.0956253344784,-839.3063645706062,0.0002457801406194,-0.000299641775852,4.39787701644237e-05,0.04241086540894126,0.00023553490931895,3.5770468876436974,1853.516277982284,0.469836628888353,302.7619514465332,2942931.65625,30.468077054375673,0.1926928169003012,0.0662199249187977,0.0,1.1771380721689797,0.0,1.1771380721689797,0.4092012924321729,-0.7075080648165798,-0.7067052696984071,8,363500.0,2078500.0,18.79372,73.70476,C3_dehu_talegaon,37.66,True,36_207,2,test,train
c033_005,2023-24,785.592059658336,76.51211532852564,646.8840097835331,-1183.881390267037,657.5670747226735,-974.8493908875756,0.0002309192018333,-0.0003480321548893,4.2715399386019164e-05,0.04233190689934546,0.000222048177020825,3.5770468876436974,1853.516277982284,0.469836628888353,302.7619514465332,2942931.65625,6.323704343651989,0.2753950876317702,0.0501768304312815,0.0,0.0,2.532654568113215,2.532654568113215,0.158728565639183,-0.7075080648165798,-0.7067052696984071,8,361500.0,2079500.0,18.80262,73.68572,C3_dehu_talegaon,39.43,True,36_207,2,test,train
c033_006,2023-24,787.1440279959779,76.25234450794626,648.1619548556199,-1282.822733779381,720.1472792941133,-1056.3211576114793,0.0002313753918945,-0.0003771184884303,4.26528835422095e-05,0.04238911499546079,0.0002181790001059375,3.5770468876436974,1853.516277982284,0.469836628888353,302.7619514465332,2942931.65625,12.02759363621841,0.2581772983382699,0.0354989588884589,0.0,0.5562907255665595,5.504135290209198,6.060426015775757,0.0,-0.7075080648165798,-0.7067052696984071,8,362500.0,2079500.0,18.80269,73.69521,C3_dehu_talegaon,38.99,True,36_207,2,test,train
