mean_no2,n_valid,time,valid_fraction
,0,2019-10-01T00:04,0.0
,0,2019-10-01T01:45,0.0
,0,2019-10-01T03:27,0.0
,0,2019-10-01T05:08,0.0
,0,2019-10-01T06:50,0.0
2.040485668848935e-05,95,2019-10-01T08:31,0.4298642533936652
,0,2019-10-01T10:13,0.0
,0,2019-10-01T11:54,0.0
,0,2019-10-01T13:36,0.0
,0,2019-10-01T15:17,0.0
,0,2019-10-01T16:59,0.0
,0,2019-10-01T18:40,0.0
,0,2019-10-01T20:21,0.0
,0,2019-10-01T22:03,0.0
,0,2019-10-01T23:44,0.0
,0,2019-10-02T01:26,0.0
,0,2019-10-02T03:07,0.0
,0,2019-10-02T04:49,0.0
,0,2019-10-02T06:30,0.0
3.0210443579568158e-05,271,2019-10-02T08:12,1.2262443438914028
,0,2019-10-02T09:53,0.0
,0,2019-10-02T11:35,0.0
,0,2019-10-02T13:16,0.0
,0,2019-10-02T14:58,0.0
,0,2019-10-02T16:39,0.0
,0,2019-10-02T18:21,0.0
,0,2019-10-02T20:02,0.0
,0,2019-10-02T21:44,0.0
,0,2019-10-02T23:25,0.0
,0,2019-10-03T01:07,0.0
,0,2019-10-03T02:48,0.0
,0,2019-10-03T04:30,0.0
,0,2019-10-03T06:11,0.0
4.422753740400527e-05,56,2019-10-03T07:53,0.25339366515837103
,0,2019-10-03T09:34,0.0
,0,2019-10-03T11:16,0.0
,0,2019-10-03T12:57,0.0
,0,2019-10-03T14:39,0.0
,0,2019-10-03T16:20,0.0
,0,2019-10-03T18:02,0.0
,0,2019-10-03T19:43,0.0
,0,2019-10-03T21:25,0.0
,0,2019-10-03T23:06,0.0
,0,2019-10-04T00:48,0.0
,0,2019-10-04T02:29,0.0
,0,2019-10-04T04:11,0.0
,0,2019-10-04T05:52,0.0
3.7790156513648114e-05,103,2019-10-04T07:34,0.4660633484162896
,0,2019-10-04T09:15,0.0
,0,2019-10-04T10:57,0.0
,0,2019-10-04T12:38,0.0
,0,2019-10-04T14:20,0.0
,0,2019-10-04T16:01,0.0
,0,2019-10-04T17:43,0.0
,0,2019-10-04T19:24,0.0
,0,2019-10-04T21:06,0.0
,0,2019-10-04T22:47,0.0
,0,2019-10-05T00:29,0.0
,0,2019-10-05T02:10,0.0
,0,2019-10-05T03:52,0.0
,0,2019-10-05T05:33,0.0
4.129526482422696e-05,271,2019-10-05T07:14,1.2262443438914028
,0,2019-10-05T08:56,0.0
,0,2019-10-05T10:37,0.0
,0,2019-10-05T12:19,0.0
,0,2019-10-05T14:00,0.0
,0,2019-10-05T15:42,0.0
,0,2019-10-05T17:23,0.0
,0,2019-10-05T19:05,0.0
,0,2019-10-05T20:46,0.0
,0,2019-10-05T22:28,0.0
,0,2019-10-06T00:09,0.0
,0,2019-10-06T01:51,0.0
,0,2019-10-06T03:32,0.0
,0,2019-10-06T05:14,0.0
2.9507524232030843e-05,9,2019-10-06T06:55,0.04072398190045249
,0,2019-10-06T08:37,0.0
,0,2019-10-06T10:18,0.0
,0,2019-10-06T12:00,0.0
,0,2019-10-06T13:41,0.0
,0,2019-10-06T15:23,0.0
,0,2019-10-06T17:04,0.0
,0,2019-10-06T18:46,0.0
,0,2019-10-06T20:27,0.0
,0,2019-10-06T22:09,0.0
,0,2019-10-06T23:50,0.0
,0,2019-10-07T01:32,0.0
,0,2019-10-07T03:13,0.0
,0,2019-10-07T04:55,0.0
,0,2019-10-07T06:36,0.0
3.7588069152807056e-05,14,2019-10-07T08:18,0.06334841628959276
,0,2019-10-07T09:59,0.0
,0,2019-10-07T11:41,0.0
,0,2019-10-07T13:22,0.0
,0,2019-10-07T15:04,0.0
,0,2019-10-07T16:45,0.0
,0,2019-10-07T18:27,0.0
,0,2019-10-07T20:08,0.0
,0,2019-10-07T21:50,0.0
,0,2019-10-07T23:31,0.0
,0,2019-10-08T01:13,0.0
,0,2019-10-08T02:54,0.0
,0,2019-10-08T04:36,0.0
,0,2019-10-08T06:17,0.0
3.3878474033242696e-05,271,2019-10-08T07:59,1.2262443438914028
,0,2019-10-08T09:40,0.0
,0,2019-10-08T11:22,0.0
,0,2019-10-08T13:03,0.0
,0,2019-10-08T14:45,0.0
,0,2019-10-08T16:26,0.0
,0,2019-10-08T18:08,0.0
,0,2019-10-08T19:49,0.0
,0,2019-10-08T21:30,0.0
,0,2019-10-08T23:12,0.0
,0,2019-10-09T00:53,0.0
,0,2019-10-09T02:35,0.0
,0,2019-10-09T04:16,0.0
,0,2019-10-09T05:58,0.0
4.369257806594118e-05,265,2019-10-09T07:39,1.1990950226244343
,0,2019-10-09T09:21,0.0
,0,2019-10-09T11:02,0.0
,0,2019-10-09T12:44,0.0
,0,2019-10-09T14:25,0.0
,0,2019-10-09T16:07,0.0
,0,2019-10-09T17:48,0.0
,0,2019-10-09T19:30,0.0
,0,2019-10-09T21:11,0.0
,0,2019-10-09T22:53,0.0
,0,2019-10-10T00:34,0.0
,0,2019-10-10T02:16,0.0
,0,2019-10-10T03:57,0.0
,0,2019-10-10T05:39,0.0
4.25350193482072e-05,237,2019-10-10T07:20,1.0723981900452488
,0,2019-10-10T09:02,0.0
,0,2019-10-10T10:43,0.0
,0,2019-10-10T12:25,0.0
,0,2019-10-10T14:06,0.0
,0,2019-10-10T15:48,0.0
,0,2019-10-10T17:29,0.0
,0,2019-10-10T19:11,0.0
,0,2019-10-10T20:52,0.0
,0,2019-10-10T22:34,0.0
,0,2019-10-11T00:15,0.0
,0,2019-10-11T01:57,0.0
,0,2019-10-11T03:38,0.0
,0,2019-10-11T05:20,0.0
3.3743019585163954e-05,271,2019-10-11T07:01,1.2262443438914028
,0,2019-10-11T08:43,0.0
,0,2019-10-11T10:24,0.0
,0,2019-10-11T12:06,0.0
,0,2019-10-11T13:47,0.0
,0,2019-10-11T15:29,0.0
,0,2019-10-11T17:10,0.0
,0,2019-10-11T18:52,0.0
,0,2019-10-11T20:33,0.0
,0,2019-10-11T22:15,0.0
,0,2019-10-11T23:56,0.0
,0,2019-10-12T01:38,0.0
,0,2019-10-12T03:19,0.0
,0,2019-10-12T05:01,0.0
,0,2019-10-12T06:42,0.0
3.894668845397261e-05,244,2019-10-12T08:24,1.1040723981900453
,0,2019-10-12T10:05,0.0
,0,2019-10-12T11:46,0.0
,0,2019-10-12T13:28,0.0
,0,2019-10-12T15:09,0.0
,0,2019-10-12T16:51,0.0
,0,2019-10-12T18:32,0.0
,0,2019-10-12T20:14,0.0
,0,2019-10-12T21:55,0.0
,0,2019-10-12T23:37,0.0
,0,2019-10-13T01:18,0.0
,0,2019-10-13T03:00,0.0
,0,2019-10-13T04:41,0.0
,0,2019-10-13T06:23,0.0
2.839761858803752e-05,149,2019-10-13T08:04,0.6742081447963801
,0,2019-10-13T09:46,0.0
,0,2019-10-13T11:27,0.0
,0,2019-10-13T13:09,0.0
,0,2019-10-13T14:50,0.0
,0,2019-10-13T16:32,0.0
,0,2019-10-13T18:13,0.0
,0,2019-10-13T19:55,0.0
,0,2019-10-13T21:36,0.0
,0,2019-10-13T23:18,0.0
,0,2019-10-14T00:59,0.0
,0,2019-10-14T02:41,0.0
,0,2019-10-14T04:22,0.0
,0,2019-10-14T06:04,0.0
3.809938372602562e-05,262,2019-10-14T07:45,1.1855203619909502
,0,2019-10-14T09:27,0.0
,0,2019-10-14T11:08,0.0
,0,2019-10-14T12:50,0.0
,0,2019-10-14T14:31,0.0
,0,2019-10-14T16:13,0.0
,0,2019-10-14T17:54,0.0
,0,2019-10-14T19:36,0.0
,0,2019-10-14T21:17,0.0
,0,2019-10-14T22:59,0.0
,0,2019-10-15T00:40,0.0
,0,2019-10-15T02:22,0.0
,0,2019-10-15T04:03,0.0
,0,2019-10-15T05:45,0.0
3.8433874793243936e-05,271,2019-10-15T07:26,1.2262443438914028
,0,2019-10-15T09:08,0.0
,0,2019-10-15T10:49,0.0
,0,2019-10-15T12:31,0.0
,0,2019-10-15T14:12,0.0
,0,2019-10-15T15:54,0.0
,0,2019-10-15T17:35,0.0
,0,2019-10-15T19:17,0.0
,0,2019-10-15T20:58,0.0
,0,2019-10-15T22:39,0.0
,0,2019-10-16T00:21,0.0
,0,2019-10-16T02:03,0.0
,0,2019-10-16T03:44,0.0
,0,2019-10-16T05:25,0.0
3.8183164556636726e-05,258,2019-10-16T07:07,1.167420814479638
,0,2019-10-16T08:48,0.0
,0,2019-10-16T10:30,0.0
,0,2019-10-16T12:11,0.0
,0,2019-10-16T13:53,0.0
,0,2019-10-16T15:34,0.0
,0,2019-10-16T17:16,0.0
,0,2019-10-16T18:57,0.0
,0,2019-10-16T20:39,0.0
,0,2019-10-16T22:20,0.0
,0,2019-10-17T00:02,0.0
,0,2019-10-17T01:43,0.0
,0,2019-10-17T03:25,0.0
,0,2019-10-17T05:06,0.0
,0,2019-10-17T06:48,0.0
4.472087788168723e-05,80,2019-10-17T08:29,0.36199095022624433
,0,2019-10-17T10:11,0.0
,0,2019-10-17T11:52,0.0
,0,2019-10-17T13:34,0.0
,0,2019-10-17T15:15,0.0
,0,2019-10-17T16:57,0.0
,0,2019-10-17T18:38,0.0
,0,2019-10-17T20:20,0.0
,0,2019-10-17T22:01,0.0
,0,2019-10-17T23:43,0.0
,0,2019-10-18T01:24,0.0
,0,2019-10-18T03:06,0.0
,0,2019-10-18T04:47,0.0
,0,2019-10-18T06:29,0.0
,0,2019-10-18T08:10,0.0
,0,2019-10-18T09:52,0.0
,0,2019-10-18T11:33,0.0
,0,2019-10-18T13:15,0.0
,0,2019-10-18T14:56,0.0
,0,2019-10-18T16:38,0.0
,0,2019-10-18T18:19,0.0
,0,2019-10-18T20:01,0.0
,0,2019-10-18T21:42,0.0
,0,2019-10-18T23:24,0.0
,0,2019-10-19T01:05,0.0
,0,2019-10-19T02:47,0.0
,0,2019-10-19T04:28,0.0
,0,2019-10-19T06:10,0.0
,0,2019-10-19T07:51,0.0
,0,2019-10-19T09:33,0.0
,0,2019-10-19T11:14,0.0
,0,2019-10-19T12:56,0.0
,0,2019-10-19T14:37,0.0
,0,2019-10-19T16:18,0.0
,0,2019-10-19T18:00,0.0
,0,2019-10-19T19:41,0.0
,0,2019-10-19T21:23,0.0
,0,2019-10-19T23:04,0.0
,0,2019-10-20T00:46,0.0
,0,2019-10-20T02:27,0.0
,0,2019-10-20T04:09,0.0
,0,2019-10-20T05:50,0.0
,0,2019-10-20T07:32,0.0
,0,2019-10-20T09:13,0.0
,0,2019-10-20T10:55,0.0
,0,2019-10-20T12:36,0.0
,0,2019-10-20T14:18,0.0
,0,2019-10-20T15:59,0.0
,0,2019-10-20T17:41,0.0
,0,2019-10-20T20:09,0.0
,0,2019-10-20T21:04,0.0
,0,2019-10-20T22:45,0.0
,0,2019-10-21T00:27,0.0
,0,2019-10-21T02:08,0.0
,0,2019-10-21T03:50,0.0
,0,2019-10-21T05:31,0.0
,0,2019-10-21T07:13,0.0
,0,2019-10-21T08:54,0.0
,0,2019-10-21T10:36,0.0
,0,2019-10-21T12:17,0.0
,0,2019-10-21T13:59,0.0
,0,2019-10-21T15:40,0.0
,0,2019-10-21T17:22,0.0
,0,2019-10-21T19:03,0.0
,0,2019-10-21T20:45,0.0
,0,2019-10-21T22:26,0.0
,0,2019-10-22T00:08,0.0
,0,2019-10-22T01:49,0.0
,0,2019-10-22T03:31,0.0
,0,2019-10-22T05:12,0.0
,0,2019-10-22T06:54,0.0
,0,2019-10-22T08:35,0.0
,0,2019-10-22T10:17,0.0
,0,2019-10-22T11:58,0.0
,0,2019-10-22T13:40,0.0
,0,2019-10-22T15:21,0.0
,0,2019-10-22T17:03,0.0
,0,2019-10-22T18:44,0.0
,0,2019-10-22T20:26,0.0
,0,2019-10-22T22:07,0.0
,0,2019-10-22T23:49,0.0
,0,2019-10-23T01:30,0.0
,0,2019-10-23T03:12,0.0
,0,2019-10-23T04:53,0.0
,0,2019-10-23T06:35,0.0
,0,2019-10-23T08:16,0.0
,0,2019-10-23T09:57,0.0
,0,2019-10-23T11:39,0.0
,0,2019-10-23T13:20,0.0
,0,2019-10-23T15:02,0.0
,0,2019-10-23T16:43,0.0
,0,2019-10-23T18:25,0.0
,0,2019-10-23T20:06,0.0
,0,2019-10-23T21:48,0.0
,0,2019-10-23T23:29,0.0
,0,2019-10-24T01:11,0.0
,0,2019-10-24T02:52,0.0
,0,2019-10-24T04:34,0.0
,0,2019-10-24T06:15,0.0
,0,2019-10-24T07:57,0.0
,0,2019-10-24T09:38,0.0
,0,2019-10-24T11:20,0.0
,0,2019-10-24T13:01,0.0
,0,2019-10-24T14:43,0.0
,0,2019-10-24T16:24,0.0
,0,2019-10-24T18:06,0.0
,0,2019-10-24T19:47,0.0
,0,2019-10-24T21:29,0.0
,0,2019-10-24T23:10,0.0
,0,2019-10-25T00:52,0.0
,0,2019-10-25T02:33,0.0
,0,2019-10-25T04:15,0.0
,0,2019-10-25T05:56,0.0
,0,2019-10-25T07:38,0.0
,0,2019-10-25T09:19,0.0
,0,2019-10-25T11:01,0.0
,0,2019-10-25T12:42,0.0
,0,2019-10-25T14:24,0.0
,0,2019-10-25T16:05,0.0
,0,2019-10-25T17:47,0.0
,0,2019-10-25T19:28,0.0
,0,2019-10-25T21:10,0.0
,0,2019-10-25T22:51,0.0
,0,2019-10-26T00:33,0.0
,0,2019-10-26T02:14,0.0
,0,2019-10-26T03:56,0.0
,0,2019-10-26T05:37,0.0
,0,2019-10-26T07:19,0.0
,0,2019-10-26T09:00,0.0
,0,2019-10-26T10:42,0.0
,0,2019-10-26T12:23,0.0
,0,2019-10-26T14:05,0.0
,0,2019-10-26T15:46,0.0
,0,2019-10-26T17:28,0.0
,0,2019-10-26T19:09,0.0
,0,2019-10-26T20:50,0.0
,0,2019-10-26T22:32,0.0
,0,2019-10-27T00:13,0.0
,0,2019-10-27T01:55,0.0
,0,2019-10-27T03:36,0.0
,0,2019-10-27T05:18,0.0
2.364073528903985e-05,75,2019-10-27T06:59,0.3393665158371041
,0,2019-10-27T08:41,0.0
,0,2019-10-27T10:22,0.0
,0,2019-10-27T12:04,0.0
,0,2019-10-27T13:45,0.0
,0,2019-10-27T15:27,0.0
,0,2019-10-27T17:08,0.0
,0,2019-10-27T18:50,0.0
,0,2019-10-27T20:31,0.0
,0,2019-10-27T22:13,0.0
,0,2019-10-27T23:54,0.0
,0,2019-10-28T01:36,0.0
,0,2019-10-28T03:17,0.0
,0,2019-10-28T04:59,0.0
,0,2019-10-28T06:40,0.0
,0,2019-10-28T08:22,0.0
,0,2019-10-28T10:03,0.0
,0,2019-10-28T11:45,0.0
,0,2019-10-28T13:26,0.0
,0,2019-10-28T15:08,0.0
,0,2019-10-28T16:49,0.0
,0,2019-10-28T18:31,0.0
,0,2019-10-28T20:12,0.0
,0,2019-10-28T21:54,0.0
,0,2019-10-28T23:35,0.0
,0,2019-10-29T01:17,0.0
,0,2019-10-29T02:58,0.0
,0,2019-10-29T04:40,0.0
,0,2019-10-29T06:21,0.0
2.841271692803781e-05,152,2019-10-29T08:03,0.6877828054298643
,0,2019-10-29T09:44,0.0
,0,2019-10-29T11:26,0.0
,0,2019-10-29T13:07,0.0
,0,2019-10-29T14:49,0.0
,0,2019-10-29T16:30,0.0
,0,2019-10-29T18:12,0.0
,0,2019-10-29T19:53,0.0
,0,2019-10-29T21:35,0.0
,0,2019-10-29T23:16,0.0
,0,2019-10-30T00:58,0.0
,0,2019-10-30T02:39,0.0
,0,2019-10-30T04:21,0.0
,0,2019-10-30T06:02,0.0
3.2408105914149764e-05,269,2019-10-30T07:44,1.2171945701357465
,0,2019-10-30T09:25,0.0
,0,2019-10-30T11:07,0.0
,0,2019-10-30T12:48,0.0
,0,2019-10-30T14:30,0.0
,0,2019-10-30T16:11,0.0
,0,2019-10-30T17:53,0.0
,0,2019-10-30T19:34,0.0
,0,2019-10-30T21:15,0.0
,0,2019-10-30T22:57,0.0
,0,2019-10-31T00:38,0.0
,0,2019-10-31T02:20,0.0
,0,2019-10-31T04:01,0.0
,0,2019-10-31T07:24,0.0
,0,2019-10-31T09:06,0.0
,0,2019-10-31T10:47,0.0
,0,2019-10-31T12:29,0.0
,0,2019-10-31T14:10,0.0
,0,2019-10-31T15:52,0.0
,0,2019-10-31T17:33,0.0
,0,2019-10-31T19:15,0.0
,0,2019-10-31T20:56,0.0
,0,2019-10-31T22:38,0.0
,0,2019-11-01T00:19,0.0
,0,2019-11-01T02:01,0.0
,0,2019-11-01T03:42,0.0
,0,2019-11-01T05:24,0.0
,0,2019-11-01T07:05,0.0
,0,2019-11-01T08:47,0.0
,0,2019-11-01T10:28,0.0
,0,2019-11-01T12:10,0.0
,0,2019-11-01T13:51,0.0
,0,2019-11-01T15:33,0.0
,0,2019-11-01T17:14,0.0
,0,2019-11-01T18:56,0.0
,0,2019-11-01T20:37,0.0
,0,2019-11-01T22:19,0.0
,0,2019-11-02T00:00,0.0
,0,2019-11-02T01:42,0.0
,0,2019-11-02T03:23,0.0
,0,2019-11-02T05:57,0.0
,0,2019-11-02T06:46,0.0
,0,2019-11-02T08:28,0.0
,0,2019-11-02T10:09,0.0
,0,2019-11-02T11:51,0.0
,0,2019-11-02T13:32,0.0
,0,2019-11-02T15:14,0.0
,0,2019-11-02T16:55,0.0
,0,2019-11-02T18:37,0.0
,0,2019-11-02T20:18,0.0
,0,2019-11-02T22:00,0.0
,0,2019-11-02T23:41,0.0
,0,2019-11-03T01:23,0.0
,0,2019-11-03T03:04,0.0
,0,2019-11-03T04:46,0.0
,0,2019-11-03T06:27,0.0
2.9746291485159255e-05,247,2019-11-03T08:09,1.1176470588235294
,0,2019-11-03T09:50,0.0
,0,2019-11-03T11:32,0.0
,0,2019-11-03T13:13,0.0
,0,2019-11-03T14:55,0.0
,0,2019-11-03T16:36,0.0
,0,2019-11-03T18:17,0.0
,0,2019-11-03T19:59,0.0
,0,2019-11-03T21:40,0.0
,0,2019-11-03T23:22,0.0
,0,2019-11-04T01:03,0.0
,0,2019-11-04T02:45,0.0
,0,2019-11-04T04:26,0.0
,0,2019-11-04T06:08,0.0
3.8000684386639735e-05,91,2019-11-04T07:49,0.4117647058823529
,0,2019-11-04T09:31,0.0
,0,2019-11-04T11:12,0.0
,0,2019-11-04T12:54,0.0
,0,2019-11-04T14:35,0.0
,0,2019-11-04T16:17,0.0
,0,2019-11-04T17:58,0.0
,0,2019-11-04T19:40,0.0
,0,2019-11-04T21:21,0.0
,0,2019-11-04T23:03,0.0
,0,2019-11-05T00:44,0.0
,0,2019-11-05T02:26,0.0
,0,2019-11-05T04:07,0.0
,0,2019-11-05T05:49,0.0
5.1272604609659206e-05,201,2019-11-05T07:30,0.9095022624434389
,0,2019-11-05T09:12,0.0
,0,2019-11-05T10:53,0.0
,0,2019-11-05T12:35,0.0
,0,2019-11-05T14:16,0.0
,0,2019-11-05T15:58,0.0
,0,2019-11-05T17:39,0.0
,0,2019-11-05T19:21,0.0
,0,2019-11-05T21:02,0.0
,0,2019-11-05T22:44,0.0
,0,2019-11-06T00:25,0.0
,0,2019-11-06T02:07,0.0
,0,2019-11-06T03:48,0.0
,0,2019-11-06T05:30,0.0
4.1052563390211375e-05,84,2019-11-06T07:11,0.38009049773755654
,0,2019-11-06T08:53,0.0
,0,2019-11-06T10:34,0.0
,0,2019-11-06T12:16,0.0
,0,2019-11-06T13:57,0.0
,0,2019-11-06T15:39,0.0
,0,2019-11-06T17:20,0.0
,0,2019-11-06T19:02,0.0
,0,2019-11-06T20:43,0.0
,0,2019-11-06T22:25,0.0
,0,2019-11-07T00:06,0.0
,0,2019-11-07T01:48,0.0
,0,2019-11-07T03:29,0.0
,0,2019-11-07T05:11,0.0
2.7677800771677103e-05,167,2019-11-07T06:52,0.755656108597285
2.0732496362352517e-05,249,2019-11-07T08:34,1.1266968325791855
,0,2019-11-07T10:15,0.0
,0,2019-11-07T11:57,0.0
,0,2019-11-07T13:38,0.0
,0,2019-11-07T15:20,0.0
,0,2019-11-07T17:01,0.0
,0,2019-11-07T18:42,0.0
,0,2019-11-07T20:24,0.0
,0,2019-11-07T22:05,0.0
,0,2019-11-07T23:47,0.0
,0,2019-11-08T01:28,0.0
,0,2019-11-08T03:10,0.0
,0,2019-11-08T04:51,0.0
,0,2019-11-08T06:33,0.0
2.2340983185827064e-05,264,2019-11-08T08:14,1.1945701357466063
,0,2019-11-08T09:56,0.0
,0,2019-11-08T11:37,0.0
,0,2019-11-08T13:19,0.0
,0,2019-11-08T15:00,0.0
,0,2019-11-08T16:42,0.0
,0,2019-11-08T18:23,0.0
,0,2019-11-08T20:05,0.0
,0,2019-11-08T21:46,0.0
,0,2019-11-08T23:28,0.0
,0,2019-11-09T01:09,0.0
,0,2019-11-09T02:51,0.0
,0,2019-11-09T04:32,0.0
,0,2019-11-09T06:14,0.0
7.506959763967189e-05,269,2019-11-09T07:55,1.2171945701357465
,0,2019-11-09T09:37,0.0
,0,2019-11-09T11:18,0.0
,0,2019-11-09T13:00,0.0
,0,2019-11-09T14:41,0.0
,0,2019-11-09T16:23,0.0
,0,2019-11-09T18:04,0.0
,0,2019-11-09T19:46,0.0
,0,2019-11-09T21:27,0.0
,0,2019-11-09T23:09,0.0
,0,2019-11-10T00:50,0.0
,0,2019-11-10T02:32,0.0
,0,2019-11-10T04:13,0.0
,0,2019-11-10T05:55,0.0
5.348397727103424e-05,269,2019-11-10T07:36,1.2171945701357465
,0,2019-11-10T09:18,0.0
,0,2019-11-10T10:59,0.0
,0,2019-11-10T12:41,0.0
,0,2019-11-10T14:22,0.0
,0,2019-11-10T16:04,0.0
,0,2019-11-10T17:45,0.0
,0,2019-11-10T19:27,0.0
,0,2019-11-10T21:08,0.0
,0,2019-11-10T22:50,0.0
,0,2019-11-11T00:31,0.0
,0,2019-11-11T02:13,0.0
,0,2019-11-11T03:54,0.0
,0,2019-11-11T05:36,0.0
4.992538645244739e-05,269,2019-11-11T07:17,1.2171945701357465
,0,2019-11-11T08:59,0.0
,0,2019-11-11T10:40,0.0
,0,2019-11-11T12:22,0.0
,0,2019-11-11T14:03,0.0
,0,2019-11-11T15:45,0.0
,0,2019-11-11T17:26,0.0
,0,2019-11-11T19:08,0.0
,0,2019-11-11T20:49,0.0
,0,2019-11-11T22:31,0.0
,0,2019-11-12T00:12,0.0
,0,2019-11-12T01:53,0.0
,0,2019-11-12T03:35,0.0
,0,2019-11-12T05:16,0.0
,0,2019-11-12T06:58,0.0
,0,2019-11-12T08:39,0.0
,0,2019-11-12T10:21,0.0
,0,2019-11-12T13:44,0.0
,0,2019-11-12T15:25,0.0
,0,2019-11-12T17:07,0.0
,0,2019-11-12T18:48,0.0
,0,2019-11-12T20:30,0.0
,0,2019-11-12T22:11,0.0
,0,2019-11-12T23:53,0.0
,0,2019-11-13T01:34,0.0
,0,2019-11-13T03:16,0.0
,0,2019-11-13T04:57,0.0
,0,2019-11-13T06:39,0.0
,0,2019-11-13T08:20,0.0
,0,2019-11-13T10:02,0.0
,0,2019-11-13T11:43,0.0
,0,2019-11-13T13:25,0.0
,0,2019-11-13T15:06,0.0
,0,2019-11-13T16:48,0.0
,0,2019-11-13T18:29,0.0
,0,2019-11-13T20:11,0.0
,0,2019-11-13T21:52,0.0
,0,2019-11-13T23:34,0.0
,0,2019-11-14T01:15,0.0
,0,2019-11-14T02:57,0.0
,0,2019-11-14T04:38,0.0
,0,2019-11-14T06:20,0.0
4.9861659303803734e-05,269,2019-11-14T08:01,1.2171945701357465
,0,2019-11-14T09:43,0.0
,0,2019-11-14T11:24,0.0
,0,2019-11-14T13:06,0.0
,0,2019-11-14T14:47,0.0
,0,2019-11-14T16:29,0.0
,0,2019-11-14T18:10,0.0
,0,2019-11-14T19:52,0.0
,0,2019-11-14T21:33,0.0
,0,2019-11-14T23:15,0.0
,0,2019-11-15T00:56,0.0
,0,2019-11-15T02:38,0.0
,0,2019-11-15T04:19,0.0
,0,2019-11-15T06:01,0.0
5.065825520499505e-05,73,2019-11-15T07:42,0.33031674208144796
,0,2019-11-15T09:24,0.0
,0,2019-11-15T11:05,0.0
,0,2019-11-15T12:47,0.0
,0,2019-11-15T14:28,0.0
,0,2019-11-15T16:10,0.0
,0,2019-11-15T17:51,0.0
,0,2019-11-15T19:33,0.0
,0,2019-11-15T21:14,0.0
,0,2019-11-15T22:56,0.0
,0,2019-11-16T00:37,0.0
,0,2019-11-16T02:19,0.0
,0,2019-11-16T04:00,0.0
,0,2019-11-16T05:42,0.0
4.785689252380995e-05,269,2019-11-16T07:23,1.2171945701357465
,0,2019-11-16T09:04,0.0
,0,2019-11-16T10:46,0.0
,0,2019-11-16T12:27,0.0
,0,2019-11-16T14:09,0.0
,0,2019-11-16T15:50,0.0
,0,2019-11-16T17:32,0.0
,0,2019-11-16T19:13,0.0
,0,2019-11-16T20:55,0.0
,0,2019-11-16T22:36,0.0
,0,2019-11-17T00:18,0.0
,0,2019-11-17T01:59,0.0
,0,2019-11-17T03:41,0.0
,0,2019-11-17T05:22,0.0
3.3274970823449524e-05,241,2019-11-17T07:04,1.090497737556561
,0,2019-11-17T08:45,0.0
,0,2019-11-17T10:27,0.0
,0,2019-11-17T12:08,0.0
,0,2019-11-17T15:31,0.0
,0,2019-11-17T17:13,0.0
,0,2019-11-17T18:54,0.0
,0,2019-11-17T20:36,0.0
,0,2019-11-17T22:17,0.0
,0,2019-11-17T23:59,0.0
,0,2019-11-18T01:40,0.0
,0,2019-11-18T03:22,0.0
,0,2019-11-18T05:03,0.0
,0,2019-11-18T06:45,0.0
4.895104129175557e-05,269,2019-11-18T08:26,1.2171945701357465
,0,2019-11-18T10:08,0.0
,0,2019-11-18T11:49,0.0
,0,2019-11-18T13:31,0.0
,0,2019-11-18T15:12,0.0
,0,2019-11-18T16:54,0.0
,0,2019-11-18T18:35,0.0
,0,2019-11-18T20:17,0.0
,0,2019-11-18T21:58,0.0
,0,2019-11-18T23:40,0.0
,0,2019-11-19T01:21,0.0
,0,2019-11-19T03:03,0.0
,0,2019-11-19T04:44,0.0
,0,2019-11-19T06:26,0.0
6.716209736850443e-05,269,2019-11-19T08:07,1.2171945701357465
,0,2019-11-19T09:49,0.0
,0,2019-11-19T11:30,0.0
,0,2019-11-19T13:12,0.0
,0,2019-11-19T14:53,0.0
,0,2019-11-19T16:35,0.0
,0,2019-11-19T18:16,0.0
,0,2019-11-19T19:58,0.0
,0,2019-11-19T21:39,0.0
,0,2019-11-19T23:21,0.0
,0,2019-11-20T01:02,0.0
,0,2019-11-20T02:44,0.0
,0,2019-11-20T04:25,0.0
,0,2019-11-20T06:07,0.0
6.419892238796101e-05,268,2019-11-20T07:48,1.2126696832579185
,0,2019-11-20T09:30,0.0
,0,2019-11-20T11:11,0.0
,0,2019-11-20T12:53,0.0
,0,2019-11-20T14:34,0.0
,0,2019-11-20T16:16,0.0
,0,2019-11-20T17:57,0.0
,0,2019-11-20T19:39,0.0
,0,2019-11-20T21:20,0.0
,0,2019-11-20T23:02,0.0
,0,2019-11-21T00:43,0.0
,0,2019-11-21T02:25,0.0
,0,2019-11-21T04:06,0.0
,0,2019-11-21T05:48,0.0
4.8928143738570176e-05,186,2019-11-21T07:29,0.8416289592760181
,0,2019-11-21T09:10,0.0
,0,2019-11-21T10:52,0.0
,0,2019-11-21T12:33,0.0
,0,2019-11-21T14:15,0.0
,0,2019-11-21T15:56,0.0
,0,2019-11-21T17:38,0.0
,0,2019-11-21T19:19,0.0
,0,2019-11-21T21:01,0.0
,0,2019-11-21T22:42,0.0
,0,2019-11-22T00:24,0.0
,0,2019-11-22T02:05,0.0
,0,2019-11-22T03:47,0.0
,0,2019-11-22T05:28,0.0
4.909159967754763e-05,212,2019-11-22T07:10,0.9592760180995475
,0,2019-11-22T08:51,0.0
,0,2019-11-22T10:33,0.0
,0,2019-11-22T12:14,0.0
,0,2019-11-22T13:56,0.0
,0,2019-11-22T15:37,0.0
,0,2019-11-22T17:19,0.0
,0,2019-11-22T19:00,0.0
,0,2019-11-22T20:42,0.0
,0,2019-11-22T22:23,0.0
,0,2019-11-23T00:05,0.0
,0,2019-11-23T01:46,0.0
,0,2019-11-23T03:28,0.0
,0,2019-11-23T05:09,0.0
4.181661134079075e-05,269,2019-11-23T06:51,1.2171945701357465
5.301304146433088e-05,269,2019-11-23T08:32,1.2171945701357465
,0,2019-11-23T10:14,0.0
,0,2019-11-23T11:55,0.0
,0,2019-11-23T13:37,0.0
,0,2019-11-23T15:18,0.0
,0,2019-11-23T17:00,0.0
,0,2019-11-23T18:41,0.0
,0,2019-11-23T20:23,0.0
,0,2019-11-23T22:04,0.0
,0,2019-11-23T23:46,0.0
,0,2019-11-24T01:27,0.0
,0,2019-11-24T03:09,0.0
,0,2019-11-24T04:50,0.0
,0,2019-11-24T06:32,0.0
5.5181662977127935e-05,269,2019-11-24T08:13,1.2171945701357465
,0,2019-11-24T09:55,0.0
,0,2019-11-24T11:36,0.0
,0,2019-11-24T13:18,0.0
,0,2019-11-24T14:59,0.0
,0,2019-11-24T16:41,0.0
,0,2019-11-24T18:22,0.0
,0,2019-11-24T20:04,0.0
,0,2019-11-24T21:45,0.0
,0,2019-11-24T23:27,0.0
,0,2019-11-25T01:08,0.0
,0,2019-11-25T02:50,0.0
,0,2019-11-25T04:31,0.0
,0,2019-11-25T06:13,0.0
6.425786927019363e-05,269,2019-11-25T07:54,1.2171945701357465
,0,2019-11-25T09:36,0.0
,0,2019-11-25T11:17,0.0
,0,2019-11-25T12:59,0.0
,0,2019-11-25T14:40,0.0
,0,2019-11-25T16:22,0.0
,0,2019-11-25T18:03,0.0
,0,2019-11-25T19:45,0.0
,0,2019-11-25T21:26,0.0
,0,2019-11-25T23:08,0.0
,0,2019-11-26T00:49,0.0
,0,2019-11-26T02:31,0.0
,0,2019-11-26T04:12,0.0
,0,2019-11-26T05:54,0.0
6.199707298447381e-05,269,2019-11-26T07:35,1.2171945701357465
,0,2019-11-26T09:17,0.0
,0,2019-11-26T10:58,0.0
,0,2019-11-26T12:40,0.0
,0,2019-11-26T14:21,0.0
,0,2019-11-26T16:03,0.0
,0,2019-11-26T17:44,0.0
,0,2019-11-26T19:25,0.0
,0,2019-11-26T21:07,0.0
,0,2019-11-26T22:48,0.0
,0,2019-11-27T00:30,0.0
,0,2019-11-27T02:11,0.0
,0,2019-11-27T03:53,0.0
,0,2019-11-27T05:34,0.0
4.73091049651579e-05,269,2019-11-27T07:16,1.2171945701357465
,0,2019-11-27T08:57,0.0
,0,2019-11-27T10:39,0.0
,0,2019-11-27T12:20,0.0
,0,2019-11-27T14:02,0.0
,0,2019-11-27T15:43,0.0
,0,2019-11-27T17:25,0.0
,0,2019-11-27T19:06,0.0
,0,2019-11-27T20:48,0.0
,0,2019-11-27T22:29,0.0
,0,2019-11-28T00:11,0.0
,0,2019-11-28T01:52,0.0
,0,2019-11-28T03:34,0.0
,0,2019-11-28T05:15,0.0
5.301578538946382e-05,269,2019-11-28T06:57,1.2171945701357465
,0,2019-11-28T08:38,0.0
,0,2019-11-28T10:20,0.0
,0,2019-11-28T12:01,0.0
,0,2019-11-28T13:43,0.0
,0,2019-11-28T15:24,0.0
,0,2019-11-28T17:06,0.0
,0,2019-11-28T18:47,0.0
,0,2019-11-28T20:29,0.0
,0,2019-11-28T22:10,0.0
,0,2019-11-28T23:52,0.0
,0,2019-11-29T01:33,0.0
,0,2019-11-29T03:15,0.0
,0,2019-11-29T04:56,0.0
,0,2019-11-29T06:38,0.0
4.379102763089083e-05,259,2019-11-29T08:19,1.1719457013574661
,0,2019-11-29T10:01,0.0
,0,2019-11-29T11:42,0.0
,0,2019-11-29T13:24,0.0
,0,2019-11-29T15:05,0.0
,0,2019-11-29T16:47,0.0
,0,2019-11-29T18:28,0.0
,0,2019-11-29T20:10,0.0
,0,2019-11-29T21:51,0.0
,0,2019-11-29T23:33,0.0
,0,2019-11-30T01:14,0.0
,0,2019-11-30T02:56,0.0
,0,2019-11-30T04:37,0.0
,0,2019-11-30T06:19,0.0
6.842492211324761e-05,53,2019-11-30T08:00,0.2398190045248869
,0,2019-11-30T09:42,0.0
,0,2019-11-30T11:23,0.0
,0,2019-11-30T13:05,0.0
,0,2019-11-30T14:46,0.0
,0,2019-11-30T16:28,0.0
,0,2019-11-30T18:09,0.0
,0,2019-11-30T19:51,0.0
,0,2019-11-30T21:32,0.0
,0,2019-11-30T23:14,0.0
,0,2019-12-01T00:55,0.0
,0,2019-12-01T02:37,0.0
,0,2019-12-01T04:18,0.0
,0,2019-12-01T06:00,0.0
5.188344513164442e-05,169,2019-12-01T07:41,0.7647058823529411
,0,2019-12-01T09:23,0.0
,0,2019-12-01T11:04,0.0
,0,2019-12-01T12:46,0.0
,0,2019-12-01T14:27,0.0
,0,2019-12-01T16:09,0.0
,0,2019-12-01T17:50,0.0
,0,2019-12-01T19:32,0.0
,0,2019-12-01T21:13,0.0
,0,2019-12-01T22:55,0.0
,0,2019-12-02T00:36,0.0
,0,2019-12-02T02:18,0.0
,0,2019-12-02T03:59,0.0
,0,2019-12-02T05:41,0.0
2.5891031327773817e-05,1,2019-12-02T07:22,0.004524886877828055
,0,2019-12-02T09:04,0.0
,0,2019-12-02T10:45,0.0
,0,2019-12-02T12:27,0.0
,0,2019-12-02T14:08,0.0
,0,2019-12-02T15:50,0.0
,0,2019-12-02T17:31,0.0
,0,2019-12-02T19:13,0.0
,0,2019-12-02T20:54,0.0
,0,2019-12-02T22:35,0.0
,0,2019-12-03T00:17,0.0
,0,2019-12-03T01:58,0.0
,0,2019-12-03T03:40,0.0
,0,2019-12-03T05:21,0.0
,0,2019-12-03T07:03,0.0
,0,2019-12-03T08:44,0.0
,0,2019-12-03T10:26,0.0
,0,2019-12-03T12:07,0.0
,0,2019-12-03T13:49,0.0
,0,2019-12-03T15:30,0.0
,0,2019-12-03T17:12,0.0
,0,2019-12-03T18:53,0.0
,0,2019-12-03T20:35,0.0
,0,2019-12-03T22:16,0.0
,0,2019-12-03T23:58,0.0
,0,2019-12-04T01:39,0.0
,0,2019-12-04T03:21,0.0
,0,2019-12-04T05:02,0.0
,0,2019-12-04T06:44,0.0
,0,2019-12-04T08:25,0.0
,0,2019-12-04T10:07,0.0
,0,2019-12-04T11:48,0.0
,0,2019-12-04T13:30,0.0
,0,2019-12-04T15:11,0.0
,0,2019-12-04T16:53,0.0
,0,2019-12-04T18:34,0.0
,0,2019-12-04T20:16,0.0
,0,2019-12-04T21:57,0.0
,0,2019-12-04T23:39,0.0
,0,2019-12-05T01:20,0.0
,0,2019-12-05T03:02,0.0
,0,2019-12-05T04:43,0.0
,0,2019-12-05T06:25,0.0
,0,2019-12-05T08:06,0.0
,0,2019-12-05T09:48,0.0
,0,2019-12-05T11:29,0.0
,0,2019-12-05T13:11,0.0
,0,2019-12-05T14:52,0.0
,0,2019-12-05T16:34,0.0
,0,2019-12-05T18:15,0.0
,0,2019-12-05T19:57,0.0
,0,2019-12-05T21:38,0.0
,0,2019-12-05T23:20,0.0
,0,2019-12-06T01:01,0.0
,0,2019-12-06T02:43,0.0
,0,2019-12-06T04:24,0.0
,0,2019-12-06T06:06,0.0
5.502010739839343e-05,269,2019-12-06T07:47,1.2171945701357465
,0,2019-12-06T09:29,0.0
,0,2019-12-06T11:10,0.0
,0,2019-12-06T12:52,0.0
,0,2019-12-06T14:33,0.0
,0,2019-12-06T16:15,0.0
,0,2019-12-06T17:56,0.0
,0,2019-12-06T19:38,0.0
,0,2019-12-06T21:19,0.0
,0,2019-12-06T23:01,0.0
,0,2019-12-07T00:42,0.0
,0,2019-12-07T02:24,0.0
,0,2019-12-07T04:05,0.0
,0,2019-12-07T05:47,0.0
5.1412382171704624e-05,269,2019-12-07T07:28,1.2171945701357465
,0,2019-12-07T09:10,0.0
,0,2019-12-07T10:51,0.0
,0,2019-12-07T12:33,0.0
,0,2019-12-07T14:14,0.0
,0,2019-12-07T15:56,0.0
,0,2019-12-07T17:37,0.0
,0,2019-12-07T19:19,0.0
,0,2019-12-07T21:00,0.0
,0,2019-12-07T22:42,0.0
,0,2019-12-08T00:23,0.0
,0,2019-12-08T02:05,0.0
,0,2019-12-08T03:46,0.0
,0,2019-12-08T05:28,0.0
5.489983538485054e-05,125,2019-12-08T07:09,0.5656108597285068
,0,2019-12-08T08:51,0.0
,0,2019-12-08T10:32,0.0
,0,2019-12-08T12:14,0.0
,0,2019-12-08T13:55,0.0
,0,2019-12-08T15:37,0.0
,0,2019-12-08T17:18,0.0
,0,2019-12-08T19:00,0.0
,0,2019-12-08T20:41,0.0
,0,2019-12-08T22:23,0.0
,0,2019-12-09T00:04,0.0
,0,2019-12-09T01:46,0.0
,0,2019-12-09T03:27,0.0
,0,2019-12-09T05:09,0.0
,0,2019-12-09T06:50,0.0
3.581352180690454e-05,79,2019-12-09T08:32,0.3574660633484163
,0,2019-12-09T10:13,0.0
,0,2019-12-09T11:55,0.0
,0,2019-12-09T13:36,0.0
,0,2019-12-09T15:18,0.0
,0,2019-12-09T16:59,0.0
,0,2019-12-09T18:41,0.0
,0,2019-12-09T20:22,0.0
,0,2019-12-09T22:04,0.0
,0,2019-12-09T23:45,0.0
,0,2019-12-10T01:27,0.0
,0,2019-12-10T03:08,0.0
,0,2019-12-10T04:50,0.0
,0,2019-12-10T06:31,0.0
4.620628400922414e-05,234,2019-12-10T08:13,1.0588235294117647
,0,2019-12-10T09:54,0.0
,0,2019-12-10T11:36,0.0
,0,2019-12-10T13:17,0.0
,0,2019-12-10T14:59,0.0
,0,2019-12-10T16:40,0.0
,0,2019-12-10T18:21,0.0
,0,2019-12-10T20:03,0.0
,0,2019-12-10T21:44,0.0
,0,2019-12-10T23:26,0.0
,0,2019-12-11T01:07,0.0
,0,2019-12-11T02:49,0.0
,0,2019-12-11T04:30,0.0
,0,2019-12-11T06:12,0.0
7.548551497523871e-05,245,2019-12-11T07:53,1.1085972850678734
,0,2019-12-11T09:35,0.0
,0,2019-12-11T11:16,0.0
,0,2019-12-11T12:58,0.0
,0,2019-12-11T14:39,0.0
,0,2019-12-11T16:21,0.0
,0,2019-12-11T18:02,0.0
,0,2019-12-11T19:44,0.0
,0,2019-12-11T21:25,0.0
,0,2019-12-11T23:07,0.0
,0,2019-12-12T00:48,0.0
,0,2019-12-12T02:30,0.0
,0,2019-12-12T04:11,0.0
,0,2019-12-12T05:53,0.0
0.0001034066873252161,52,2019-12-12T07:34,0.23529411764705882
,0,2019-12-12T09:16,0.0
,0,2019-12-12T10:57,0.0
,0,2019-12-12T12:39,0.0
,0,2019-12-12T14:20,0.0
,0,2019-12-12T16:02,0.0
,0,2019-12-12T17:43,0.0
,0,2019-12-12T19:25,0.0
,0,2019-12-12T21:06,0.0
,0,2019-12-12T22:48,0.0
,0,2019-12-13T00:29,0.0
,0,2019-12-13T02:11,0.0
,0,2019-12-13T03:52,0.0
,0,2019-12-13T05:34,0.0
5.224303500246838e-05,269,2019-12-13T07:15,1.2171945701357465
,0,2019-12-13T08:57,0.0
,0,2019-12-13T10:38,0.0
,0,2019-12-13T12:20,0.0
,0,2019-12-13T14:01,0.0
,0,2019-12-13T15:43,0.0
,0,2019-12-13T17:24,0.0
,0,2019-12-13T19:06,0.0
,0,2019-12-13T20:47,0.0
,0,2019-12-13T22:29,0.0
,0,2019-12-14T00:10,0.0
,0,2019-12-14T01:52,0.0
,0,2019-12-14T03:33,0.0
,0,2019-12-14T05:15,0.0
8.346727360343923e-05,269,2019-12-14T06:56,1.2171945701357465
,0,2019-12-14T08:38,0.0
,0,2019-12-14T10:19,0.0
,0,2019-12-14T12:01,0.0
,0,2019-12-14T13:42,0.0
,0,2019-12-14T15:24,0.0
,0,2019-12-14T17:05,0.0
,0,2019-12-14T18:47,0.0
,0,2019-12-14T20:28,0.0
,0,2019-12-14T22:10,0.0
,0,2019-12-14T23:51,0.0
,0,2019-12-15T01:33,0.0
,0,2019-12-15T03:14,0.0
,0,2019-12-15T04:56,0.0
,0,2019-12-15T06:37,0.0
8.063516725087538e-05,33,2019-12-15T08:19,0.1493212669683258
,0,2019-12-15T10:00,0.0
,0,2019-12-15T11:42,0.0
,0,2019-12-15T13:23,0.0
,0,2019-12-15T15:05,0.0
,0,2019-12-15T16:46,0.0
,0,2019-12-15T18:28,0.0
,0,2019-12-15T20:09,0.0
,0,2019-12-15T21:51,0.0
,0,2019-12-15T23:32,0.0
,0,2019-12-16T01:14,0.0
,0,2019-12-16T02:55,0.0
,0,2019-12-16T04:37,0.0
,0,2019-12-16T06:18,0.0
6.177556963557411e-05,248,2019-12-16T08:00,1.1221719457013575
,0,2019-12-16T09:41,0.0
,0,2019-12-16T11:23,0.0
,0,2019-12-16T13:04,0.0
,0,2019-12-16T14:46,0.0
,0,2019-12-16T16:27,0.0
,0,2019-12-16T18:09,0.0
,0,2019-12-16T19:50,0.0
,0,2019-12-16T21:32,0.0
,0,2019-12-16T23:13,0.0
,0,2019-12-17T00:55,0.0
,0,2019-12-17T02:36,0.0
,0,2019-12-17T04:18,0.0
,0,2019-12-17T05:59,0.0
6.454123447796263e-05,269,2019-12-17T07:41,1.2171945701357465
,0,2019-12-17T09:22,0.0
,0,2019-12-17T11:04,0.0
,0,2019-12-17T12:45,0.0
,0,2019-12-17T14:27,0.0
,0,2019-12-17T16:08,0.0
,0,2019-12-17T17:50,0.0
,0,2019-12-17T19:31,0.0
,0,2019-12-17T21:13,0.0
,0,2019-12-17T22:54,0.0
,0,2019-12-18T00:36,0.0
,0,2019-12-18T02:17,0.0
,0,2019-12-18T03:59,0.0
,0,2019-12-18T05:40,0.0
4.855817401395331e-05,254,2019-12-18T07:22,1.1493212669683257
,0,2019-12-18T09:03,0.0
,0,2019-12-18T10:45,0.0
,0,2019-12-18T12:26,0.0
,0,2019-12-18T14:08,0.0
,0,2019-12-18T15:49,0.0
,0,2019-12-18T17:31,0.0
,0,2019-12-18T19:12,0.0
,0,2019-12-18T20:54,0.0
,0,2019-12-18T22:35,0.0
,0,2019-12-19T00:17,0.0
,0,2019-12-19T01:58,0.0
,0,2019-12-19T03:40,0.0
,0,2019-12-19T05:21,0.0
4.805391598014278e-05,269,2019-12-19T07:03,1.2171945701357465
,0,2019-12-19T08:44,0.0
,0,2019-12-19T10:26,0.0
,0,2019-12-19T12:07,0.0
,0,2019-12-19T13:49,0.0
,0,2019-12-19T15:30,0.0
,0,2019-12-19T17:12,0.0
,0,2019-12-19T18:53,0.0
,0,2019-12-19T20:35,0.0
,0,2019-12-19T22:16,0.0
,0,2019-12-19T23:58,0.0
,0,2019-12-20T01:39,0.0
,0,2019-12-20T03:21,0.0
,0,2019-12-20T05:02,0.0
,0,2019-12-20T06:44,0.0
8.46129791916568e-05,269,2019-12-20T08:25,1.2171945701357465
,0,2019-12-20T10:07,0.0
,0,2019-12-20T11:48,0.0
,0,2019-12-20T13:30,0.0
,0,2019-12-20T15:11,0.0
,0,2019-12-20T16:53,0.0
,0,2019-12-20T18:34,0.0
,0,2019-12-20T20:16,0.0
,0,2019-12-20T21:57,0.0
,0,2019-12-20T23:39,0.0
,0,2019-12-21T01:20,0.0
,0,2019-12-21T03:02,0.0
,0,2019-12-21T04:43,0.0
,0,2019-12-21T06:25,0.0
9.578020122000781e-05,154,2019-12-21T08:06,0.6968325791855203
,0,2019-12-21T09:48,0.0
,0,2019-12-21T11:29,0.0
,0,2019-12-21T13:11,0.0
,0,2019-12-21T14:52,0.0
,0,2019-12-21T16:34,0.0
,0,2019-12-21T18:15,0.0
,0,2019-12-21T19:57,0.0
,0,2019-12-21T21:38,0.0
,0,2019-12-21T23:20,0.0
,0,2019-12-22T01:01,0.0
,0,2019-12-22T02:43,0.0
,0,2019-12-22T04:24,0.0
,0,2019-12-22T06:06,0.0
,0,2019-12-22T07:47,0.0
,0,2019-12-22T09:29,0.0
,0,2019-12-22T11:10,0.0
,0,2019-12-22T12:52,0.0
,0,2019-12-22T14:33,0.0
,0,2019-12-22T16:14,0.0
,0,2019-12-22T17:56,0.0
,0,2019-12-22T19:37,0.0
,0,2019-12-22T21:19,0.0
,0,2019-12-22T23:01,0.0
,0,2019-12-23T00:42,0.0
,0,2019-12-23T02:24,0.0
,0,2019-12-23T04:05,0.0
,0,2019-12-23T05:47,0.0
6.449303715321244e-05,269,2019-12-23T07:28,1.2171945701357465
,0,2019-12-23T09:09,0.0
,0,2019-12-23T10:51,0.0
,0,2019-12-23T12:32,0.0
,0,2019-12-23T14:14,0.0
,0,2019-12-23T15:55,0.0
,0,2019-12-23T17:37,0.0
,0,2019-12-23T19:18,0.0
,0,2019-12-23T21:00,0.0
,0,2019-12-23T22:41,0.0
,0,2019-12-24T00:23,0.0
,0,2019-12-24T02:04,0.0
,0,2019-12-24T03:46,0.0
,0,2019-12-24T05:27,0.0
5.822999640556659e-05,63,2019-12-24T07:09,0.2850678733031674
,0,2019-12-24T08:50,0.0
,0,2019-12-24T10:32,0.0
,0,2019-12-24T12:13,0.0
,0,2019-12-24T13:55,0.0
,0,2019-12-24T15:36,0.0
,0,2019-12-24T17:18,0.0
,0,2019-12-24T18:59,0.0
,0,2019-12-24T20:41,0.0
,0,2019-12-24T22:22,0.0
,0,2019-12-25T00:04,0.0
,0,2019-12-25T01:45,0.0
,0,2019-12-25T03:27,0.0
,0,2019-12-25T05:08,0.0
,0,2019-12-25T06:50,0.0
,0,2019-12-25T08:31,0.0
,0,2019-12-25T10:13,0.0
,0,2019-12-25T11:54,0.0
,0,2019-12-25T13:36,0.0
,0,2019-12-25T15:17,0.0
,0,2019-12-25T16:59,0.0
,0,2019-12-25T18:40,0.0
,0,2019-12-25T20:22,0.0
,0,2019-12-25T22:03,0.0
,0,2019-12-25T23:45,0.0
,0,2019-12-26T01:26,0.0
,0,2019-12-26T03:08,0.0
,0,2019-12-26T04:49,0.0
,0,2019-12-26T06:31,0.0
,0,2019-12-26T08:12,0.0
,0,2019-12-26T09:54,0.0
,0,2019-12-26T11:35,0.0
,0,2019-12-26T13:17,0.0
,0,2019-12-26T14:58,0.0
,0,2019-12-26T16:40,0.0
,0,2019-12-26T18:21,0.0
,0,2019-12-26T20:03,0.0
,0,2019-12-26T21:44,0.0
,0,2019-12-26T23:26,0.0
,0,2019-12-27T01:07,0.0
,0,2019-12-27T02:49,0.0
,0,2019-12-27T04:30,0.0
,0,2019-12-27T06:12,0.0
6.615481070336536e-05,259,2019-12-27T07:53,1.1719457013574661
,0,2019-12-27T09:35,0.0
,0,2019-12-27T11:16,0.0
,0,2019-12-27T12:58,0.0
,0,2019-12-27T14:39,0.0
,0,2019-12-27T16:21,0.0
,0,2019-12-27T18:02,0.0
,0,2019-12-27T19:44,0.0
,0,2019-12-27T21:25,0.0
,0,2019-12-27T23:07,0.0
,0,2019-12-28T00:48,0.0
,0,2019-12-28T02:30,0.0
,0,2019-12-28T04:11,0.0
,0,2019-12-28T05:53,0.0
5.639014194830128e-05,257,2019-12-28T07:34,1.16289592760181
,0,2019-12-28T09:16,0.0
,0,2019-12-28T10:57,0.0
,0,2019-12-28T12:39,0.0
,0,2019-12-28T14:20,0.0
,0,2019-12-28T16:02,0.0
,0,2019-12-28T17:43,0.0
,0,2019-12-28T19:25,0.0
,0,2019-12-28T21:06,0.0
,0,2019-12-28T22:48,0.0
,0,2019-12-29T00:29,0.0
,0,2019-12-29T02:11,0.0
,0,2019-12-29T03:52,0.0
,0,2019-12-29T05:34,0.0
5.372914529289119e-05,2,2019-12-29T07:15,0.00904977375565611
,0,2019-12-29T08:57,0.0
,0,2019-12-29T10:38,0.0
,0,2019-12-29T12:20,0.0
,0,2019-12-29T14:01,0.0
,0,2019-12-29T15:43,0.0
,0,2019-12-29T17:24,0.0
,0,2019-12-29T19:06,0.0
,0,2019-12-29T20:47,0.0
,0,2019-12-29T22:29,0.0
,0,2019-12-30T00:10,0.0
,0,2019-12-30T01:52,0.0
,0,2019-12-30T03:33,0.0
,0,2019-12-30T05:15,0.0
6.993271908883478e-05,214,2019-12-30T06:56,0.9683257918552036
,0,2019-12-30T08:38,0.0
,0,2019-12-30T10:19,0.0
,0,2019-12-30T12:01,0.0
,0,2019-12-30T13:42,0.0
,0,2019-12-30T15:24,0.0
,0,2019-12-30T17:05,0.0
,0,2019-12-30T18:47,0.0
,0,2019-12-30T20:28,0.0
,0,2019-12-30T22:10,0.0
,0,2019-12-30T23:51,0.0
,0,2019-12-31T01:33,0.0
,0,2019-12-31T03:14,0.0
,0,2019-12-31T04:56,0.0
,0,2019-12-31T06:37,0.0
4.57263969061113e-05,269,2019-12-31T08:19,1.2171945701357465
,0,2019-12-31T10:00,0.0
,0,2019-12-31T11:42,0.0
,0,2019-12-31T13:23,0.0
,0,2019-12-31T15:05,0.0
,0,2019-12-31T16:46,0.0
,0,2019-12-31T18:28,0.0
,0,2019-12-31T20:09,0.0
,0,2019-12-31T21:51,0.0
,0,2019-12-31T23:32,0.0
,0,2020-01-01T01:14,0.0
,0,2020-01-01T02:55,0.0
,0,2020-01-01T04:37,0.0
,0,2020-01-01T06:18,0.0
8.513351354501519e-05,269,2020-01-01T08:00,1.2171945701357465
,0,2020-01-01T09:41,0.0
,0,2020-01-01T11:23,0.0
,0,2020-01-01T13:04,0.0
,0,2020-01-01T14:46,0.0
,0,2020-01-01T16:27,0.0
,0,2020-01-01T18:09,0.0
,0,2020-01-01T19:50,0.0
,0,2020-01-01T21:32,0.0
,0,2020-01-01T23:13,0.0
,0,2020-01-02T00:55,0.0
,0,2020-01-02T02:36,0.0
,0,2020-01-02T04:18,0.0
,0,2020-01-02T05:59,0.0
5.756439950761866e-05,241,2020-01-02T07:41,1.090497737556561
,0,2020-01-02T09:22,0.0
,0,2020-01-02T11:04,0.0
,0,2020-01-02T12:45,0.0
,0,2020-01-02T14:27,0.0
,0,2020-01-02T16:08,0.0
,0,2020-01-02T17:50,0.0
,0,2020-01-02T19:31,0.0
,0,2020-01-02T21:13,0.0
,0,2020-01-02T22:54,0.0
,0,2020-01-03T00:36,0.0
,0,2020-01-03T02:17,0.0
,0,2020-01-03T03:59,0.0
,0,2020-01-03T05:40,0.0
6.745148704688159e-05,269,2020-01-03T07:22,1.2171945701357465
,0,2020-01-03T09:03,0.0
,0,2020-01-03T10:45,0.0
,0,2020-01-03T12:26,0.0
,0,2020-01-03T14:08,0.0
,0,2020-01-03T15:49,0.0
,0,2020-01-03T17:31,0.0
,0,2020-01-03T19:12,0.0
,0,2020-01-03T20:54,0.0
,0,2020-01-03T22:35,0.0
,0,2020-01-04T00:17,0.0
,0,2020-01-04T01:58,0.0
,0,2020-01-04T03:40,0.0
,0,2020-01-04T05:21,0.0
,0,2020-01-04T07:03,0.0
,0,2020-01-04T08:44,0.0
,0,2020-01-04T10:26,0.0
,0,2020-01-04T12:07,0.0
,0,2020-01-04T13:49,0.0
,0,2020-01-04T15:30,0.0
,0,2020-01-04T17:12,0.0
,0,2020-01-04T18:53,0.0
,0,2020-01-04T20:35,0.0
,0,2020-01-04T22:16,0.0
,0,2020-01-04T23:58,0.0
,0,2020-01-05T01:39,0.0
,0,2020-01-05T03:21,0.0
,0,2020-01-05T05:02,0.0
,0,2020-01-05T06:44,0.0
4.8610513689878595e-05,269,2020-01-05T08:25,1.2171945701357465
,0,2020-01-05T10:07,0.0
,0,2020-01-05T11:48,0.0
,0,2020-01-05T13:30,0.0
,0,2020-01-05T15:11,0.0
,0,2020-01-05T16:53,0.0
,0,2020-01-05T18:34,0.0
,0,2020-01-05T20:16,0.0
,0,2020-01-05T21:57,0.0
,0,2020-01-05T23:39,0.0
,0,2020-01-06T01:20,0.0
,0,2020-01-06T03:02,0.0
,0,2020-01-06T04:43,0.0
,0,2020-01-06T06:25,0.0
6.575451745869469e-05,268,2020-01-06T08:06,1.2126696832579185
,0,2020-01-06T09:48,0.0
,0,2020-01-06T11:29,0.0
,0,2020-01-06T13:11,0.0
,0,2020-01-06T14:52,0.0
,0,2020-01-06T16:34,0.0
,0,2020-01-06T18:15,0.0
,0,2020-01-06T19:57,0.0
,0,2020-01-06T21:38,0.0
,0,2020-01-06T23:20,0.0
,0,2020-01-07T01:01,0.0
,0,2020-01-07T02:43,0.0
,0,2020-01-07T04:24,0.0
,0,2020-01-07T06:06,0.0
7.324508758136929e-05,68,2020-01-07T07:47,0.3076923076923077
,0,2020-01-07T09:29,0.0
,0,2020-01-07T11:10,0.0
,0,2020-01-07T12:52,0.0
,0,2020-01-07T14:33,0.0
,0,2020-01-07T16:15,0.0
,0,2020-01-07T17:56,0.0
,0,2020-01-07T19:38,0.0
,0,2020-01-07T21:19,0.0
,0,2020-01-07T23:01,0.0
,0,2020-01-08T00:42,0.0
,0,2020-01-08T02:24,0.0
,0,2020-01-08T04:05,0.0
,0,2020-01-08T05:47,0.0
3.1334148622423344e-05,90,2020-01-08T07:28,0.4072398190045249
,0,2020-01-08T09:10,0.0
,0,2020-01-08T10:51,0.0
,0,2020-01-08T12:33,0.0
,0,2020-01-08T14:14,0.0
,0,2020-01-08T15:56,0.0
,0,2020-01-08T17:37,0.0
,0,2020-01-08T19:19,0.0
,0,2020-01-08T21:00,0.0
,0,2020-01-08T22:42,0.0
,0,2020-01-09T00:23,0.0
,0,2020-01-09T02:05,0.0
,0,2020-01-09T03:46,0.0
,0,2020-01-09T05:28,0.0
7.530473000637907e-05,269,2020-01-09T07:09,1.2171945701357465
,0,2020-01-09T08:51,0.0
,0,2020-01-09T10:32,0.0
,0,2020-01-09T12:14,0.0
,0,2020-01-09T13:55,0.0
,0,2020-01-09T15:37,0.0
,0,2020-01-09T17:18,0.0
,0,2020-01-09T19:00,0.0
,0,2020-01-09T20:41,0.0
,0,2020-01-09T22:23,0.0
,0,2020-01-10T00:04,0.0
,0,2020-01-10T01:46,0.0
,0,2020-01-10T03:27,0.0
,0,2020-01-10T05:09,0.0
6.204490170056123e-05,64,2020-01-10T06:50,0.2895927601809955
4.718861342118379e-05,269,2020-01-10T08:32,1.2171945701357465
,0,2020-01-10T10:13,0.0
,0,2020-01-10T11:55,0.0
,0,2020-01-10T13:36,0.0
,0,2020-01-10T15:18,0.0
,0,2020-01-10T16:59,0.0
,0,2020-01-10T18:41,0.0
,0,2020-01-10T20:22,0.0
,0,2020-01-10T22:04,0.0
,0,2020-01-10T23:45,0.0
,0,2020-01-11T01:27,0.0
,0,2020-01-11T03:08,0.0
,0,2020-01-11T04:50,0.0
,0,2020-01-11T06:31,0.0
5.3384076816166135e-05,269,2020-01-11T08:13,1.2171945701357465
,0,2020-01-11T09:54,0.0
,0,2020-01-11T11:36,0.0
,0,2020-01-11T13:17,0.0
,0,2020-01-11T14:59,0.0
,0,2020-01-11T16:40,0.0
,0,2020-01-11T18:22,0.0
,0,2020-01-11T20:03,0.0
,0,2020-01-11T21:45,0.0
,0,2020-01-11T23:26,0.0
,0,2020-01-12T01:08,0.0
,0,2020-01-12T02:49,0.0
,0,2020-01-12T04:31,0.0
,0,2020-01-12T06:12,0.0
6.0450749368115804e-05,269,2020-01-12T07:54,1.2171945701357465
,0,2020-01-12T09:35,0.0
,0,2020-01-12T11:17,0.0
,0,2020-01-12T12:58,0.0
,0,2020-01-12T14:40,0.0
,0,2020-01-12T16:21,0.0
,0,2020-01-12T18:03,0.0
,0,2020-01-12T19:44,0.0
,0,2020-01-12T21:26,0.0
,0,2020-01-12T23:07,0.0
,0,2020-01-13T00:49,0.0
,0,2020-01-13T02:30,0.0
,0,2020-01-13T04:12,0.0
,0,2020-01-13T05:53,0.0
5.0468401876233035e-05,54,2020-01-13T07:35,0.24434389140271492
,0,2020-01-13T09:16,0.0
,0,2020-01-13T10:58,0.0
,0,2020-01-13T12:39,0.0
,0,2020-01-13T14:21,0.0
,0,2020-01-13T16:02,0.0
,0,2020-01-13T17:44,0.0
,0,2020-01-13T19:25,0.0
,0,2020-01-13T21:07,0.0
,0,2020-01-13T22:48,0.0
,0,2020-01-14T00:30,0.0
,0,2020-01-14T02:11,0.0
,0,2020-01-14T03:53,0.0
,0,2020-01-14T05:34,0.0
5.133299207078849e-05,269,2020-01-14T07:16,1.2171945701357465
,0,2020-01-14T08:57,0.0
,0,2020-01-14T10:39,0.0
,0,2020-01-14T12:20,0.0
,0,2020-01-14T14:02,0.0
,0,2020-01-14T15:43,0.0
,0,2020-01-14T17:25,0.0
,0,2020-01-14T19:06,0.0
,0,2020-01-14T20:48,0.0
,0,2020-01-14T22:29,0.0
,0,2020-01-15T00:11,0.0
,0,2020-01-15T01:52,0.0
,0,2020-01-15T03:34,0.0
,0,2020-01-15T05:15,0.0
5.997163180140769e-05,91,2020-01-15T06:57,0.4117647058823529
,0,2020-01-15T08:38,0.0
,0,2020-01-15T10:20,0.0
,0,2020-01-15T12:01,0.0
,0,2020-01-15T13:43,0.0
,0,2020-01-15T15:25,0.0
,0,2020-01-15T17:06,0.0
,0,2020-01-15T18:48,0.0
,0,2020-01-15T20:29,0.0
,0,2020-01-15T22:11,0.0
,0,2020-01-15T23:52,0.0
,0,2020-01-16T01:34,0.0
,0,2020-01-16T03:15,0.0
,0,2020-01-16T04:57,0.0
,0,2020-01-16T06:38,0.0
3.9327276096945645e-05,269,2020-01-16T08:20,1.2171945701357465
,0,2020-01-16T10:01,0.0
,0,2020-01-16T11:43,0.0
,0,2020-01-16T13:24,0.0
,0,2020-01-16T15:06,0.0
,0,2020-01-16T16:47,0.0
,0,2020-01-16T18:29,0.0
,0,2020-01-16T20:10,0.0
,0,2020-01-16T21:52,0.0
,0,2020-01-16T23:33,0.0
,0,2020-01-17T01:15,0.0
,0,2020-01-17T02:56,0.0
,0,2020-01-17T04:38,0.0
,0,2020-01-17T06:19,0.0
0.0001464875845553887,269,2020-01-17T08:01,1.2171945701357465
,0,2020-01-17T09:42,0.0
,0,2020-01-17T11:24,0.0
,0,2020-01-17T13:05,0.0
,0,2020-01-17T14:47,0.0
,0,2020-01-17T16:28,0.0
,0,2020-01-17T18:10,0.0
,0,2020-01-17T19:51,0.0
,0,2020-01-17T21:33,0.0
,0,2020-01-17T23:14,0.0
,0,2020-01-18T00:56,0.0
,0,2020-01-18T02:37,0.0
,0,2020-01-18T04:19,0.0
,0,2020-01-18T06:00,0.0
9.420589604261094e-05,269,2020-01-18T07:42,1.2171945701357465
,0,2020-01-18T09:23,0.0
,0,2020-01-18T11:05,0.0
,0,2020-01-18T12:46,0.0
,0,2020-01-18T14:28,0.0
,0,2020-01-18T16:09,0.0
,0,2020-01-18T17:51,0.0
,0,2020-01-18T19:32,0.0
,0,2020-01-18T21:14,0.0
,0,2020-01-18T22:55,0.0
,0,2020-01-19T00:37,0.0
,0,2020-01-19T02:18,0.0
,0,2020-01-19T05:41,0.0
5.831541705634388e-05,269,2020-01-19T07:23,1.2171945701357465
,0,2020-01-19T09:04,0.0
,0,2020-01-19T10:46,0.0
,0,2020-01-19T12:27,0.0
,0,2020-01-19T14:09,0.0
,0,2020-01-19T15:50,0.0
,0,2020-01-19T17:32,0.0
,0,2020-01-19T19:13,0.0
,0,2020-01-19T20:55,0.0
,0,2020-01-19T22:36,0.0
,0,2020-01-20T00:18,0.0
,0,2020-01-20T01:59,0.0
,0,2020-01-20T03:41,0.0
,0,2020-01-20T05:22,0.0
5.9815269965626625e-05,269,2020-01-20T07:04,1.2171945701357465
,0,2020-01-20T08:45,0.0
,0,2020-01-20T10:27,0.0
,0,2020-01-20T12:08,0.0
,0,2020-01-20T13:50,0.0
,0,2020-01-20T15:31,0.0
,0,2020-01-20T17:13,0.0
,0,2020-01-20T18:54,0.0
,0,2020-01-20T20:36,0.0
,0,2020-01-20T22:17,0.0
,0,2020-01-20T23:59,0.0
,0,2020-01-21T01:40,0.0
,0,2020-01-21T03:22,0.0
,0,2020-01-21T05:03,0.0
,0,2020-01-21T06:45,0.0
4.671164796393506e-05,40,2020-01-21T08:26,0.18099547511312217
,0,2020-01-21T10:08,0.0
,0,2020-01-21T11:49,0.0
,0,2020-01-21T13:31,0.0
,0,2020-01-21T15:12,0.0
,0,2020-01-21T16:54,0.0
,0,2020-01-21T18:35,0.0
,0,2020-01-21T20:17,0.0
,0,2020-01-21T21:58,0.0
,0,2020-01-21T23:40,0.0
,0,2020-01-22T01:21,0.0
,0,2020-01-22T03:03,0.0
,0,2020-01-22T04:44,0.0
,0,2020-01-22T06:26,0.0
6.872749900221193e-05,269,2020-01-22T08:07,1.2171945701357465
,0,2020-01-22T09:49,0.0
,0,2020-01-22T11:30,0.0
,0,2020-01-22T13:12,0.0
,0,2020-01-22T14:53,0.0
,0,2020-01-22T16:35,0.0
,0,2020-01-22T18:16,0.0
,0,2020-01-22T19:58,0.0
,0,2020-01-22T21:39,0.0
,0,2020-01-22T23:21,0.0
,0,2020-01-23T01:02,0.0
,0,2020-01-23T02:44,0.0
,0,2020-01-23T04:25,0.0
,0,2020-01-23T06:07,0.0
7.93126191691731e-05,269,2020-01-23T07:48,1.2171945701357465
,0,2020-01-23T09:30,0.0
,0,2020-01-23T11:11,0.0
,0,2020-01-23T12:53,0.0
,0,2020-01-23T14:34,0.0
,0,2020-01-23T16:16,0.0
,0,2020-01-23T17:57,0.0
,0,2020-01-23T19:39,0.0
,0,2020-01-23T21:20,0.0
,0,2020-01-23T23:02,0.0
,0,2020-01-24T00:43,0.0
,0,2020-01-24T02:25,0.0
,0,2020-01-24T04:06,0.0
,0,2020-01-24T05:48,0.0
8.025632315403052e-05,269,2020-01-24T07:29,1.2171945701357465
,0,2020-01-24T09:11,0.0
,0,2020-01-24T10:52,0.0
,0,2020-01-24T12:34,0.0
,0,2020-01-24T14:15,0.0
,0,2020-01-24T15:57,0.0
,0,2020-01-24T17:38,0.0
,0,2020-01-24T19:20,0.0
,0,2020-01-24T21:01,0.0
,0,2020-01-24T22:43,0.0
,0,2020-01-25T00:24,0.0
,0,2020-01-25T02:06,0.0
,0,2020-01-25T03:47,0.0
,0,2020-01-25T05:29,0.0
7.793547347249635e-05,269,2020-01-25T07:10,1.2171945701357465
,0,2020-01-25T08:52,0.0
,0,2020-01-25T10:33,0.0
,0,2020-01-25T12:15,0.0
,0,2020-01-25T13:56,0.0
,0,2020-01-25T15:38,0.0
,0,2020-01-25T17:19,0.0
,0,2020-01-25T19:01,0.0
,0,2020-01-25T20:42,0.0
,0,2020-01-25T22:24,0.0
,0,2020-01-26T00:05,0.0
,0,2020-01-26T01:47,0.0
,0,2020-01-26T03:28,0.0
,0,2020-01-26T05:10,0.0
5.383649747357093e-05,269,2020-01-26T06:51,1.2171945701357465
6.689171149565445e-05,269,2020-01-26T08:33,1.2171945701357465
,0,2020-01-26T10:14,0.0
,0,2020-01-26T11:56,0.0
,0,2020-01-26T13:37,0.0
,0,2020-01-26T15:19,0.0
,0,2020-01-26T17:00,0.0
,0,2020-01-26T18:42,0.0
,0,2020-01-26T20:23,0.0
,0,2020-01-26T22:05,0.0
,0,2020-01-26T23:46,0.0
,0,2020-01-27T01:28,0.0
,0,2020-01-27T03:09,0.0
,0,2020-01-27T04:51,0.0
,0,2020-01-27T06:32,0.0
3.7625765414695255e-05,269,2020-01-27T08:14,1.2171945701357465
,0,2020-01-27T09:55,0.0
,0,2020-01-27T11:37,0.0
,0,2020-01-27T13:18,0.0
,0,2020-01-27T15:00,0.0
,0,2020-01-27T16:41,0.0
,0,2020-01-27T18:23,0.0
,0,2020-01-27T20:04,0.0
,0,2020-01-27T21:46,0.0
,0,2020-01-27T23:27,0.0
,0,2020-01-28T01:09,0.0
,0,2020-01-28T02:50,0.0
,0,2020-01-28T04:32,0.0
,0,2020-01-28T06:13,0.0
1.897920503739077e-05,214,2020-01-28T07:55,0.9683257918552036
,0,2020-01-28T09:36,0.0
,0,2020-01-28T11:18,0.0
,0,2020-01-28T12:59,0.0
,0,2020-01-28T14:41,0.0
,0,2020-01-28T16:22,0.0
,0,2020-01-28T18:04,0.0
,0,2020-01-28T19:45,0.0
,0,2020-01-28T21:27,0.0
,0,2020-01-28T23:08,0.0
,0,2020-01-29T00:50,0.0
,0,2020-01-29T02:32,0.0
,0,2020-01-29T04:13,0.0
,0,2020-01-29T05:55,0.0
4.8769457167997164e-05,269,2020-01-29T07:36,1.2171945701357465
,0,2020-01-29T09:18,0.0
,0,2020-01-29T10:59,0.0
,0,2020-01-29T12:41,0.0
,0,2020-01-29T14:22,0.0
,0,2020-01-29T16:04,0.0
,0,2020-01-29T17:45,0.0
,0,2020-01-29T19:27,0.0
,0,2020-01-29T21:08,0.0
,0,2020-01-29T22:50,0.0
,0,2020-01-30T00:31,0.0
,0,2020-01-30T02:13,0.0
,0,2020-01-30T03:54,0.0
,0,2020-01-30T05:36,0.0
9.578633260631111e-05,269,2020-01-30T07:17,1.2171945701357465
,0,2020-01-30T08:59,0.0
,0,2020-01-30T10:40,0.0
,0,2020-01-30T12:22,0.0
,0,2020-01-30T14:03,0.0
,0,2020-01-30T15:45,0.0
,0,2020-01-30T17:26,0.0
,0,2020-01-30T19:08,0.0
,0,2020-01-30T20:49,0.0
,0,2020-01-30T22:31,0.0
,0,2020-01-31T00:12,0.0
,0,2020-01-31T01:54,0.0
,0,2020-01-31T03:35,0.0
,0,2020-01-31T05:17,0.0
9.492813325402673e-05,269,2020-01-31T06:58,1.2171945701357465
,0,2020-01-31T08:40,0.0
,0,2020-01-31T10:21,0.0
,0,2020-01-31T12:03,0.0
,0,2020-01-31T13:44,0.0
,0,2020-01-31T15:26,0.0
,0,2020-01-31T17:07,0.0
,0,2020-01-31T18:49,0.0
,0,2020-01-31T20:30,0.0
,0,2020-01-31T22:12,0.0
,0,2020-01-31T23:53,0.0
,0,2020-02-01T01:35,0.0
,0,2020-02-01T03:16,0.0
,0,2020-02-01T04:58,0.0
,0,2020-02-01T06:39,0.0
7.557337590655346e-05,269,2020-02-01T08:21,1.2171945701357465
,0,2020-02-01T10:02,0.0
,0,2020-02-01T11:44,0.0
,0,2020-02-01T13:25,0.0
,0,2020-02-01T15:07,0.0
,0,2020-02-01T16:48,0.0
,0,2020-02-01T18:30,0.0
,0,2020-02-01T20:11,0.0
,0,2020-02-01T21:53,0.0
,0,2020-02-01T23:34,0.0
,0,2020-02-02T01:16,0.0
,0,2020-02-02T02:57,0.0
,0,2020-02-02T04:39,0.0
,0,2020-02-02T06:20,0.0
7.247904210930425e-05,269,2020-02-02T08:02,1.2171945701357465
,0,2020-02-02T09:43,0.0
,0,2020-02-02T11:25,0.0
,0,2020-02-02T13:06,0.0
,0,2020-02-02T14:48,0.0
,0,2020-02-02T16:29,0.0
,0,2020-02-02T18:11,0.0
,0,2020-02-02T19:52,0.0
,0,2020-02-02T21:34,0.0
,0,2020-02-02T23:15,0.0
,0,2020-02-03T00:57,0.0
,0,2020-02-03T02:38,0.0
,0,2020-02-03T04:20,0.0
,0,2020-02-03T06:01,0.0
5.2843709698500273e-05,269,2020-02-03T07:43,1.2171945701357465
,0,2020-02-03T09:24,0.0
,0,2020-02-03T11:06,0.0
,0,2020-02-03T12:47,0.0
,0,2020-02-03T14:29,0.0
,0,2020-02-03T16:10,0.0
,0,2020-02-03T17:52,0.0
,0,2020-02-03T19:33,0.0
,0,2020-02-03T21:15,0.0
,0,2020-02-03T22:56,0.0
,0,2020-02-04T00:38,0.0
,0,2020-02-04T02:19,0.0
,0,2020-02-04T04:01,0.0
,0,2020-02-04T05:42,0.0
6.895893084687179e-05,269,2020-02-04T07:24,1.2171945701357465
,0,2020-02-04T09:05,0.0
,0,2020-02-04T10:47,0.0
,0,2020-02-04T12:28,0.0
,0,2020-02-04T14:10,0.0
,0,2020-02-04T15:51,0.0
,0,2020-02-04T17:33,0.0
,0,2020-02-04T19:14,0.0
,0,2020-02-04T20:56,0.0
,0,2020-02-04T22:37,0.0
,0,2020-02-05T00:19,0.0
,0,2020-02-05T02:00,0.0
,0,2020-02-05T03:42,0.0
,0,2020-02-05T05:23,0.0
4.422541215950091e-05,269,2020-02-05T07:05,1.2171945701357465
,0,2020-02-05T08:46,0.0
,0,2020-02-05T10:28,0.0
,0,2020-02-05T12:09,0.0
,0,2020-02-05T13:51,0.0
,0,2020-02-05T15:32,0.0
,0,2020-02-05T17:14,0.0
,0,2020-02-05T18:55,0.0
,0,2020-02-05T20:37,0.0
,0,2020-02-05T22:18,0.0
,0,2020-02-06T00:00,0.0
,0,2020-02-06T01:41,0.0
,0,2020-02-06T03:23,0.0
,0,2020-02-06T05:04,0.0
,0,2020-02-06T06:46,0.0
3.3859923977426867e-05,269,2020-02-06T08:27,1.2171945701357465
,0,2020-02-06T10:09,0.0
,0,2020-02-06T11:50,0.0
,0,2020-02-06T13:32,0.0
,0,2020-02-06T15:13,0.0
,0,2020-02-06T16:55,0.0
,0,2020-02-06T18:36,0.0
,0,2020-02-06T20:18,0.0
,0,2020-02-06T21:59,0.0
,0,2020-02-06T23:41,0.0
,0,2020-02-07T01:23,0.0
,0,2020-02-07T03:04,0.0
,0,2020-02-07T04:46,0.0
,0,2020-02-07T06:27,0.0
6.175235743702707e-05,269,2020-02-07T08:09,1.2171945701357465
,0,2020-02-07T09:50,0.0
,0,2020-02-07T11:32,0.0
,0,2020-02-07T13:13,0.0
,0,2020-02-07T14:55,0.0
,0,2020-02-07T16:36,0.0
,0,2020-02-07T18:18,0.0
,0,2020-02-07T19:59,0.0
,0,2020-02-07T21:41,0.0
,0,2020-02-07T23:22,0.0
,0,2020-02-08T01:04,0.0
,0,2020-02-08T02:45,0.0
,0,2020-02-08T04:27,0.0
,0,2020-02-08T06:08,0.0
4.5409402771630045e-05,100,2020-02-08T07:50,0.45248868778280543
,0,2020-02-08T09:31,0.0
,0,2020-02-08T11:13,0.0
,0,2020-02-08T12:54,0.0
,0,2020-02-08T14:36,0.0
,0,2020-02-08T16:17,0.0
,0,2020-02-08T17:59,0.0
,0,2020-02-08T19:40,0.0
,0,2020-02-08T21:22,0.0
,0,2020-02-09T00:45,0.0
,0,2020-02-09T02:26,0.0
,0,2020-02-09T04:08,0.0
,0,2020-02-09T05:49,0.0
4.571849709392375e-05,269,2020-02-09T07:31,1.2171945701357465
,0,2020-02-09T09:12,0.0
,0,2020-02-09T10:54,0.0
,0,2020-02-09T12:35,0.0
,0,2020-02-09T14:17,0.0
,0,2020-02-09T15:58,0.0
,0,2020-02-09T17:40,0.0
,0,2020-02-09T19:21,0.0
,0,2020-02-09T21:03,0.0
,0,2020-02-09T22:44,0.0
,0,2020-02-10T00:26,0.0
,0,2020-02-10T02:07,0.0
,0,2020-02-10T03:49,0.0
,0,2020-02-10T05:30,0.0
3.909328995426893e-05,269,2020-02-10T07:12,1.2171945701357465
,0,2020-02-10T08:53,0.0
,0,2020-02-10T10:35,0.0
,0,2020-02-10T15:39,0.0
,0,2020-02-10T17:21,0.0
,0,2020-02-10T19:02,0.0
,0,2020-02-10T20:44,0.0
,0,2020-02-10T22:25,0.0
,0,2020-02-11T00:07,0.0
,0,2020-02-11T01:48,0.0
,0,2020-02-11T03:30,0.0
,0,2020-02-11T05:11,0.0
3.0108152911596857e-05,199,2020-02-11T06:53,0.9004524886877828
2.8156582471610582e-05,18,2020-02-11T08:34,0.08144796380090498
,0,2020-02-11T10:16,0.0
,0,2020-02-11T11:57,0.0
,0,2020-02-11T13:39,0.0
,0,2020-02-11T15:20,0.0
,0,2020-02-11T17:02,0.0
,0,2020-02-11T18:43,0.0
,0,2020-02-11T20:25,0.0
,0,2020-02-11T22:06,0.0
,0,2020-02-11T23:48,0.0
,0,2020-02-12T01:29,0.0
,0,2020-02-12T03:11,0.0
,0,2020-02-12T04:52,0.0
,0,2020-02-12T06:34,0.0
,0,2020-02-12T08:15,0.0
,0,2020-02-12T09:57,0.0
,0,2020-02-12T11:38,0.0
,0,2020-02-12T13:20,0.0
,0,2020-02-12T15:01,0.0
,0,2020-02-12T16:43,0.0
,0,2020-02-12T18:24,0.0
,0,2020-02-12T20:06,0.0
,0,2020-02-12T21:47,0.0
,0,2020-02-12T23:29,0.0
,0,2020-02-13T01:10,0.0
,0,2020-02-13T02:52,0.0
,0,2020-02-13T04:33,0.0
,0,2020-02-13T06:15,0.0
,0,2020-02-13T07:56,0.0
,0,2020-02-13T09:38,0.0
,0,2020-02-13T11:19,0.0
,0,2020-02-13T13:01,0.0
,0,2020-02-13T14:42,0.0
,0,2020-02-13T16:24,0.0
,0,2020-02-13T18:05,0.0
,0,2020-02-13T19:47,0.0
,0,2020-02-13T21:28,0.0
,0,2020-02-13T23:10,0.0
,0,2020-02-14T00:51,0.0
,0,2020-02-14T02:33,0.0
,0,2020-02-14T04:14,0.0
,0,2020-02-14T05:56,0.0
9.555325495342621e-05,269,2020-02-14T07:37,1.2171945701357465
,0,2020-02-14T09:19,0.0
,0,2020-02-14T11:00,0.0
,0,2020-02-14T12:42,0.0
,0,2020-02-14T14:24,0.0
,0,2020-02-14T16:05,0.0
,0,2020-02-14T17:47,0.0
,0,2020-02-14T19:28,0.0
,0,2020-02-14T21:10,0.0
,0,2020-02-14T22:51,0.0
,0,2020-02-15T00:33,0.0
,0,2020-02-15T02:14,0.0
,0,2020-02-15T03:56,0.0
,0,2020-02-15T05:37,0.0
7.941311106770158e-05,269,2020-02-15T07:19,1.2171945701357465
,0,2020-02-15T09:00,0.0
,0,2020-02-15T10:42,0.0
,0,2020-02-15T12:23,0.0
,0,2020-02-15T14:05,0.0
,0,2020-02-15T15:46,0.0
,0,2020-02-15T17:28,0.0
,0,2020-02-15T19:09,0.0
,0,2020-02-15T20:51,0.0
,0,2020-02-15T22:32,0.0
,0,2020-02-16T00:14,0.0
,0,2020-02-16T01:55,0.0
,0,2020-02-16T03:37,0.0
,0,2020-02-16T05:18,0.0
5.068312240335042e-05,269,2020-02-16T07:00,1.2171945701357465
,0,2020-02-16T08:41,0.0
,0,2020-02-16T10:23,0.0
,0,2020-02-16T12:04,0.0
,0,2020-02-16T13:46,0.0
,0,2020-02-16T15:27,0.0
,0,2020-02-16T17:09,0.0
,0,2020-02-16T18:50,0.0
,0,2020-02-16T20:32,0.0
,0,2020-02-16T22:13,0.0
,0,2020-02-16T23:55,0.0
,0,2020-02-17T01:36,0.0
,0,2020-02-17T03:18,0.0
,0,2020-02-17T04:59,0.0
,0,2020-02-17T06:41,0.0
6.822613186852602e-05,269,2020-02-17T08:22,1.2171945701357465
,0,2020-02-17T10:04,0.0
,0,2020-02-17T11:45,0.0
,0,2020-02-17T13:27,0.0
,0,2020-02-17T15:08,0.0
,0,2020-02-17T16:50,0.0
,0,2020-02-17T18:31,0.0
,0,2020-02-17T20:13,0.0
,0,2020-02-17T21:54,0.0
,0,2020-02-17T23:36,0.0
,0,2020-02-18T01:17,0.0
,0,2020-02-18T02:59,0.0
,0,2020-02-18T04:40,0.0
,0,2020-02-18T06:22,0.0
8.192643959289053e-05,269,2020-02-18T08:03,1.2171945701357465
,0,2020-02-18T09:45,0.0
,0,2020-02-18T11:26,0.0
,0,2020-02-18T13:08,0.0
,0,2020-02-18T14:49,0.0
,0,2020-02-18T16:31,0.0
,0,2020-02-18T18:12,0.0
,0,2020-02-18T19:54,0.0
,0,2020-02-18T21:35,0.0
,0,2020-02-18T23:17,0.0
,0,2020-02-19T02:40,0.0
,0,2020-02-19T04:21,0.0
,0,2020-02-19T06:03,0.0
9.58719694687019e-05,269,2020-02-19T07:44,1.2171945701357465
,0,2020-02-19T09:26,0.0
,0,2020-02-19T11:07,0.0
,0,2020-02-19T12:49,0.0
,0,2020-02-19T14:30,0.0
,0,2020-02-19T16:12,0.0
,0,2020-02-19T17:53,0.0
,0,2020-02-19T19:35,0.0
,0,2020-02-19T21:16,0.0
,0,2020-02-19T22:58,0.0
,0,2020-02-20T00:39,0.0
,0,2020-02-20T02:21,0.0
,0,2020-02-20T04:02,0.0
,0,2020-02-20T05:44,0.0
0.00011657043708185909,261,2020-02-20T07:25,1.1809954751131222
,0,2020-02-20T09:07,0.0
,0,2020-02-20T10:48,0.0
,0,2020-02-20T12:30,0.0
,0,2020-02-20T14:11,0.0
,0,2020-02-20T15:53,0.0
,0,2020-02-20T17:34,0.0
,0,2020-02-20T19:16,0.0
,0,2020-02-20T20:57,0.0
,0,2020-02-20T22:39,0.0
,0,2020-02-21T00:20,0.0
,0,2020-02-21T02:02,0.0
,0,2020-02-21T03:43,0.0
,0,2020-02-21T05:25,0.0
5.555454145687752e-05,269,2020-02-21T07:06,1.2171945701357465
,0,2020-02-21T08:48,0.0
,0,2020-02-21T10:30,0.0
,0,2020-02-21T12:11,0.0
,0,2020-02-21T13:53,0.0
,0,2020-02-21T15:34,0.0
,0,2020-02-21T17:16,0.0
,0,2020-02-21T18:57,0.0
,0,2020-02-21T20:39,0.0
,0,2020-02-21T22:20,0.0
,0,2020-02-22T00:02,0.0
,0,2020-02-22T01:43,0.0
,0,2020-02-22T03:25,0.0
,0,2020-02-22T05:06,0.0
,0,2020-02-22T06:48,0.0
6.752364645921908e-05,269,2020-02-22T08:29,1.2171945701357465
,0,2020-02-22T10:11,0.0
,0,2020-02-22T11:52,0.0
,0,2020-02-22T13:34,0.0
,0,2020-02-22T15:15,0.0
,0,2020-02-22T16:57,0.0
,0,2020-02-22T18:38,0.0
,0,2020-02-22T20:20,0.0
,0,2020-02-22T22:01,0.0
,0,2020-02-22T23:43,0.0
,0,2020-02-23T01:24,0.0
,0,2020-02-23T03:06,0.0
,0,2020-02-23T04:47,0.0
,0,2020-02-23T06:29,0.0
7.671480236887078e-05,269,2020-02-23T08:10,1.2171945701357465
,0,2020-02-23T09:52,0.0
,0,2020-02-23T11:33,0.0
,0,2020-02-23T13:15,0.0
,0,2020-02-23T14:56,0.0
,0,2020-02-23T16:38,0.0
,0,2020-02-23T18:19,0.0
,0,2020-02-23T20:01,0.0
,0,2020-02-23T21:42,0.0
,0,2020-02-23T23:24,0.0
,0,2020-02-24T01:05,0.0
,0,2020-02-24T02:47,0.0
,0,2020-02-24T04:28,0.0
,0,2020-02-24T06:10,0.0
6.325651196664936e-05,269,2020-02-24T07:51,1.2171945701357465
,0,2020-02-24T09:33,0.0
,0,2020-02-24T11:14,0.0
,0,2020-02-24T12:56,0.0
,0,2020-02-24T14:37,0.0
,0,2020-02-24T16:19,0.0
,0,2020-02-24T18:00,0.0
,0,2020-02-24T19:42,0.0
,0,2020-02-24T21:23,0.0
,0,2020-02-24T23:05,0.0
,0,2020-02-25T00:46,0.0
,0,2020-02-25T02:28,0.0
,0,2020-02-25T04:09,0.0
,0,2020-02-25T05:51,0.0
5.638831385030834e-05,269,2020-02-25T07:32,1.2171945701357465
,0,2020-02-25T09:14,0.0
,0,2020-02-25T10:55,0.0
,0,2020-02-25T12:37,0.0
,0,2020-02-25T14:18,0.0
,0,2020-02-25T16:00,0.0
,0,2020-02-25T17:41,0.0
,0,2020-02-25T19:23,0.0
,0,2020-02-25T21:04,0.0
,0,2020-02-25T22:46,0.0
,0,2020-02-26T00:27,0.0
,0,2020-02-26T02:09,0.0
,0,2020-02-26T03:50,0.0
,0,2020-02-26T05:32,0.0
6.278517501865779e-05,269,2020-02-26T07:13,1.2171945701357465
,0,2020-02-26T08:55,0.0
,0,2020-02-26T10:36,0.0
,0,2020-02-26T12:18,0.0
,0,2020-02-26T13:59,0.0
,0,2020-02-26T15:41,0.0
,0,2020-02-26T17:22,0.0
,0,2020-02-26T19:04,0.0
,0,2020-02-26T20:45,0.0
,0,2020-02-26T22:27,0.0
,0,2020-02-27T00:08,0.0
,0,2020-02-27T01:50,0.0
,0,2020-02-27T03:31,0.0
,0,2020-02-27T05:13,0.0
5.663726120627438e-05,271,2020-02-27T06:54,1.2262443438914028
7.318230013781646e-05,271,2020-02-27T08:36,1.2262443438914028
,0,2020-02-27T10:17,0.0
,0,2020-02-27T11:59,0.0
,0,2020-02-27T13:40,0.0
,0,2020-02-27T15:22,0.0
,0,2020-02-27T17:04,0.0
,0,2020-02-27T18:45,0.0
,0,2020-02-27T20:27,0.0
,0,2020-02-27T22:08,0.0
,0,2020-02-27T23:50,0.0
,0,2020-02-28T01:31,0.0
,0,2020-02-28T03:13,0.0
,0,2020-02-28T04:54,0.0
,0,2020-02-28T06:36,0.0
8.544417640236436e-05,271,2020-02-28T08:17,1.2262443438914028
,0,2020-02-28T09:59,0.0
,0,2020-02-28T11:40,0.0
,0,2020-02-28T13:22,0.0
,0,2020-02-28T15:03,0.0
,0,2020-02-28T16:45,0.0
,0,2020-02-28T18:26,0.0
,0,2020-02-28T20:08,0.0
,0,2020-02-28T21:49,0.0
,0,2020-02-28T23:31,0.0
,0,2020-02-29T01:12,0.0
,0,2020-02-29T02:54,0.0
,0,2020-02-29T04:35,0.0
,0,2020-02-29T06:17,0.0
0.00010079338099942863,245,2020-02-29T07:58,1.1085972850678734
,0,2020-02-29T09:40,0.0
,0,2020-02-29T11:21,0.0
,0,2020-02-29T13:03,0.0
,0,2020-02-29T14:44,0.0
,0,2020-02-29T16:26,0.0
,0,2020-02-29T18:07,0.0
,0,2020-02-29T19:49,0.0
,0,2020-02-29T21:30,0.0
,0,2020-02-29T23:12,0.0
,0,2020-03-01T00:53,0.0
,0,2020-03-01T02:35,0.0
,0,2020-03-01T04:16,0.0
,0,2020-03-01T05:58,0.0
6.27426218822344e-05,270,2020-03-01T07:39,1.2217194570135748
,0,2020-03-01T09:21,0.0
,0,2020-03-01T11:02,0.0
,0,2020-03-01T12:44,0.0
,0,2020-03-01T14:25,0.0
,0,2020-03-01T16:07,0.0
,0,2020-03-01T17:48,0.0
,0,2020-03-01T19:30,0.0
,0,2020-03-01T21:11,0.0
,0,2020-03-01T22:53,0.0
,0,2020-03-02T00:34,0.0
,0,2020-03-02T02:16,0.0
,0,2020-03-02T03:57,0.0
,0,2020-03-02T05:39,0.0
6.54737476567216e-05,271,2020-03-02T07:20,1.2262443438914028
,0,2020-03-02T09:02,0.0
,0,2020-03-02T10:43,0.0
,0,2020-03-02T12:25,0.0
,0,2020-03-02T14:06,0.0
,0,2020-03-02T15:48,0.0
,0,2020-03-02T17:29,0.0
,0,2020-03-02T19:11,0.0
,0,2020-03-02T20:52,0.0
,0,2020-03-02T22:34,0.0
,0,2020-03-03T00:15,0.0
,0,2020-03-03T01:57,0.0
,0,2020-03-03T03:38,0.0
,0,2020-03-03T05:20,0.0
3.633985257455638e-05,271,2020-03-03T07:01,1.2262443438914028
,0,2020-03-03T08:43,0.0
,0,2020-03-03T10:24,0.0
,0,2020-03-03T12:06,0.0
,0,2020-03-03T13:47,0.0
,0,2020-03-03T15:29,0.0
,0,2020-03-03T17:10,0.0
,0,2020-03-03T18:52,0.0
,0,2020-03-03T20:33,0.0
,0,2020-03-03T22:15,0.0
,0,2020-03-03T23:56,0.0
,0,2020-03-04T01:38,0.0
,0,2020-03-04T03:19,0.0
,0,2020-03-04T05:01,0.0
,0,2020-03-04T06:42,0.0
3.4430949106781707e-05,271,2020-03-04T08:24,1.2262443438914028
,0,2020-03-04T10:05,0.0
,0,2020-03-04T11:47,0.0
,0,2020-03-04T13:28,0.0
,0,2020-03-04T15:10,0.0
,0,2020-03-04T16:52,0.0
,0,2020-03-04T18:33,0.0
,0,2020-03-04T20:15,0.0
,0,2020-03-04T21:56,0.0
,0,2020-03-04T23:38,0.0
,0,2020-03-05T01:19,0.0
,0,2020-03-05T03:01,0.0
,0,2020-03-05T04:42,0.0
,0,2020-03-05T06:24,0.0
7.907037015913956e-05,271,2020-03-05T08:05,1.2262443438914028
,0,2020-03-05T09:47,0.0
,0,2020-03-05T11:28,0.0
,0,2020-03-05T13:10,0.0
,0,2020-03-05T14:51,0.0
,0,2020-03-05T16:33,0.0
,0,2020-03-05T18:14,0.0
,0,2020-03-05T19:56,0.0
,0,2020-03-05T21:37,0.0
,0,2020-03-05T23:19,0.0
,0,2020-03-06T01:00,0.0
,0,2020-03-06T02:42,0.0
,0,2020-03-06T04:23,0.0
,0,2020-03-06T06:05,0.0
2.9341487283267744e-05,271,2020-03-06T07:46,1.2262443438914028
,0,2020-03-06T09:28,0.0
,0,2020-03-06T11:09,0.0
,0,2020-03-06T12:51,0.0
,0,2020-03-06T14:32,0.0
,0,2020-03-06T16:14,0.0
,0,2020-03-06T17:55,0.0
,0,2020-03-06T19:37,0.0
,0,2020-03-06T21:18,0.0
,0,2020-03-06T23:00,0.0
,0,2020-03-07T00:41,0.0
,0,2020-03-07T02:23,0.0
,0,2020-03-07T04:04,0.0
,0,2020-03-07T05:46,0.0
5.529690715613821e-05,271,2020-03-07T07:27,1.2262443438914028
,0,2020-03-07T09:09,0.0
,0,2020-03-07T10:50,0.0
,0,2020-03-07T12:32,0.0
,0,2020-03-07T14:13,0.0
,0,2020-03-07T15:55,0.0
,0,2020-03-07T17:36,0.0
,0,2020-03-07T19:18,0.0
,0,2020-03-07T20:59,0.0
,0,2020-03-07T22:41,0.0
,0,2020-03-08T00:22,0.0
,0,2020-03-08T02:04,0.0
,0,2020-03-08T03:45,0.0
,0,2020-03-08T05:27,0.0
7.195816889217925e-05,271,2020-03-08T07:08,1.2262443438914028
,0,2020-03-08T08:50,0.0
,0,2020-03-08T10:31,0.0
,0,2020-03-08T12:13,0.0
,0,2020-03-08T13:54,0.0
,0,2020-03-08T15:36,0.0
,0,2020-03-08T17:17,0.0
,0,2020-03-08T18:59,0.0
,0,2020-03-08T20:40,0.0
,0,2020-03-08T22:22,0.0
,0,2020-03-09T00:03,0.0
,0,2020-03-09T01:45,0.0
,0,2020-03-09T03:26,0.0
,0,2020-03-09T05:08,0.0
,0,2020-03-09T06:49,0.0
4.611578318723265e-05,271,2020-03-09T08:31,1.2262443438914028
,0,2020-03-09T10:12,0.0
,0,2020-03-09T11:54,0.0
,0,2020-03-09T13:35,0.0
,0,2020-03-09T15:17,0.0
,0,2020-03-09T16:58,0.0
,0,2020-03-09T18:40,0.0
,0,2020-03-09T20:21,0.0
,0,2020-03-09T22:03,0.0
,0,2020-03-09T23:44,0.0
,0,2020-03-10T01:26,0.0
,0,2020-03-10T03:07,0.0
,0,2020-03-10T04:49,0.0
,0,2020-03-10T06:30,0.0
4.1679976661880695e-05,267,2020-03-10T08:12,1.2081447963800904
,0,2020-03-10T09:53,0.0
,0,2020-03-10T11:35,0.0
,0,2020-03-10T13:16,0.0
,0,2020-03-10T14:58,0.0
,0,2020-03-10T16:40,0.0
,0,2020-03-10T18:21,0.0
,0,2020-03-10T20:03,0.0
,0,2020-03-10T21:44,0.0
,0,2020-03-10T23:26,0.0
,0,2020-03-11T01:07,0.0
,0,2020-03-11T02:49,0.0
,0,2020-03-11T04:30,0.0
,0,2020-03-11T06:12,0.0
3.608232100619267e-05,271,2020-03-11T07:53,1.2262443438914028
,0,2020-03-11T09:35,0.0
,0,2020-03-11T11:16,0.0
,0,2020-03-11T12:58,0.0
,0,2020-03-11T14:39,0.0
,0,2020-03-11T16:21,0.0
,0,2020-03-11T18:02,0.0
,0,2020-03-11T19:44,0.0
,0,2020-03-11T21:25,0.0
,0,2020-03-11T23:07,0.0
,0,2020-03-12T00:48,0.0
,0,2020-03-12T02:30,0.0
,0,2020-03-12T04:11,0.0
,0,2020-03-12T05:53,0.0
2.617838534873998e-05,224,2020-03-12T07:34,1.0135746606334841
,0,2020-03-12T09:16,0.0
,0,2020-03-12T10:57,0.0
,0,2020-03-12T12:39,0.0
,0,2020-03-12T14:20,0.0
,0,2020-03-12T16:02,0.0
,0,2020-03-12T17:43,0.0
,0,2020-03-12T19:25,0.0
,0,2020-03-12T21:06,0.0
,0,2020-03-12T22:48,0.0
,0,2020-03-13T00:29,0.0
,0,2020-03-13T02:11,0.0
,0,2020-03-13T03:52,0.0
,0,2020-03-13T05:34,0.0
6.546866724439588e-05,271,2020-03-13T07:15,1.2262443438914028
,0,2020-03-13T08:57,0.0
,0,2020-03-13T10:38,0.0
,0,2020-03-13T12:20,0.0
,0,2020-03-13T14:01,0.0
,0,2020-03-13T15:43,0.0
,0,2020-03-13T17:24,0.0
,0,2020-03-13T19:06,0.0
,0,2020-03-13T20:47,0.0
,0,2020-03-13T22:29,0.0
,0,2020-03-14T00:10,0.0
,0,2020-03-14T01:52,0.0
,0,2020-03-14T03:33,0.0
,0,2020-03-14T05:15,0.0
4.91800873977628e-05,271,2020-03-14T06:56,1.2262443438914028
7.005786093669887e-05,271,2020-03-14T08:38,1.2262443438914028
,0,2020-03-14T10:19,0.0
,0,2020-03-14T12:01,0.0
,0,2020-03-14T13:42,0.0
,0,2020-03-14T15:24,0.0
,0,2020-03-14T17:05,0.0
,0,2020-03-14T18:47,0.0
,0,2020-03-14T20:28,0.0
,0,2020-03-14T22:10,0.0
,0,2020-03-14T23:51,0.0
,0,2020-03-15T01:33,0.0
,0,2020-03-15T03:14,0.0
,0,2020-03-15T04:56,0.0
,0,2020-03-15T06:37,0.0
7.443390962644727e-05,271,2020-03-15T08:19,1.2262443438914028
,0,2020-03-15T10:00,0.0
,0,2020-03-15T11:42,0.0
,0,2020-03-15T13:23,0.0
,0,2020-03-15T15:05,0.0
,0,2020-03-15T16:46,0.0
,0,2020-03-15T18:28,0.0
,0,2020-03-15T20:09,0.0
,0,2020-03-15T21:51,0.0
,0,2020-03-15T23:32,0.0
,0,2020-03-16T01:14,0.0
,0,2020-03-16T02:55,0.0
,0,2020-03-16T04:37,0.0
,0,2020-03-16T06:18,0.0
8.165511810122474e-05,271,2020-03-16T08:00,1.2262443438914028
,0,2020-03-16T09:42,0.0
,0,2020-03-16T11:23,0.0
,0,2020-03-16T13:05,0.0
,0,2020-03-16T14:46,0.0
,0,2020-03-16T16:28,0.0
,0,2020-03-16T18:09,0.0
,0,2020-03-16T19:51,0.0
,0,2020-03-16T21:32,0.0
,0,2020-03-16T23:14,0.0
,0,2020-03-17T00:55,0.0
,0,2020-03-17T02:37,0.0
,0,2020-03-17T04:18,0.0
,0,2020-03-17T06:00,0.0
8.153338405424428e-05,271,2020-03-17T07:41,1.2262443438914028
,0,2020-03-17T09:23,0.0
,0,2020-03-17T11:04,0.0
,0,2020-03-17T12:46,0.0
,0,2020-03-17T14:27,0.0
,0,2020-03-17T16:09,0.0
,0,2020-03-17T17:50,0.0
,0,2020-03-17T19:32,0.0
,0,2020-03-17T21:13,0.0
,0,2020-03-17T22:55,0.0
,0,2020-03-18T00:36,0.0
,0,2020-03-18T02:18,0.0
,0,2020-03-18T03:59,0.0
,0,2020-03-18T05:41,0.0
6.48133519789604e-05,271,2020-03-18T07:22,1.2262443438914028
,0,2020-03-18T09:04,0.0
,0,2020-03-18T10:45,0.0
,0,2020-03-18T12:27,0.0
,0,2020-03-18T14:08,0.0
,0,2020-03-18T15:50,0.0
,0,2020-03-18T17:31,0.0
,0,2020-03-18T19:13,0.0
,0,2020-03-18T20:54,0.0
,0,2020-03-18T22:36,0.0
,0,2020-03-19T00:17,0.0
,0,2020-03-19T01:59,0.0
,0,2020-03-19T03:40,0.0
,0,2020-03-19T05:22,0.0
4.007409970732193e-05,271,2020-03-19T07:03,1.2262443438914028
,0,2020-03-19T08:45,0.0
,0,2020-03-19T10:26,0.0
,0,2020-03-19T12:08,0.0
,0,2020-03-19T13:49,0.0
,0,2020-03-19T15:31,0.0
,0,2020-03-19T17:12,0.0
,0,2020-03-19T18:54,0.0
,0,2020-03-19T20:35,0.0
,0,2020-03-19T22:17,0.0
,0,2020-03-19T23:58,0.0
,0,2020-03-20T01:40,0.0
,0,2020-03-20T03:21,0.0
,0,2020-03-20T05:03,0.0
,0,2020-03-20T06:44,0.0
4.0340615070069004e-05,271,2020-03-20T08:26,1.2262443438914028
,0,2020-03-20T10:07,0.0
,0,2020-03-20T11:49,0.0
,0,2020-03-20T13:30,0.0
,0,2020-03-20T15:12,0.0
,0,2020-03-20T16:53,0.0
,0,2020-03-20T18:35,0.0
,0,2020-03-20T20:16,0.0
,0,2020-03-20T21:58,0.0
,0,2020-03-20T23:39,0.0
,0,2020-03-21T01:21,0.0
,0,2020-03-21T03:02,0.0
,0,2020-03-21T04:44,0.0
,0,2020-03-21T06:25,0.0
4.12644152103396e-05,271,2020-03-21T08:07,1.2262443438914028
,0,2020-03-21T09:48,0.0
,0,2020-03-21T11:30,0.0
,0,2020-03-21T13:11,0.0
,0,2020-03-21T14:53,0.0
,0,2020-03-21T16:34,0.0
,0,2020-03-21T18:16,0.0
,0,2020-03-21T19:57,0.0
,0,2020-03-21T21:39,0.0
,0,2020-03-21T23:21,0.0
,0,2020-03-22T01:02,0.0
,0,2020-03-22T02:44,0.0
,0,2020-03-22T04:25,0.0
,0,2020-03-22T06:07,0.0
3.820070288308028e-05,271,2020-03-22T07:48,1.2262443438914028
,0,2020-03-22T09:30,0.0
,0,2020-03-22T11:11,0.0
,0,2020-03-22T12:53,0.0
,0,2020-03-22T14:34,0.0
,0,2020-03-22T16:16,0.0
,0,2020-03-22T17:57,0.0
,0,2020-03-22T19:39,0.0
,0,2020-03-22T21:20,0.0
,0,2020-03-22T23:02,0.0
,0,2020-03-23T00:43,0.0
,0,2020-03-23T02:25,0.0
,0,2020-03-23T04:06,0.0
,0,2020-03-23T05:48,0.0
5.586471928981671e-05,271,2020-03-23T07:29,1.2262443438914028
,0,2020-03-23T09:11,0.0
,0,2020-03-23T10:52,0.0
,0,2020-03-23T12:34,0.0
,0,2020-03-23T14:15,0.0
,0,2020-03-23T15:57,0.0
,0,2020-03-23T17:38,0.0
,0,2020-03-23T19:20,0.0
,0,2020-03-23T21:01,0.0
,0,2020-03-23T22:43,0.0
,0,2020-03-24T00:24,0.0
,0,2020-03-24T02:06,0.0
,0,2020-03-24T03:47,0.0
,0,2020-03-24T05:29,0.0
3.840571071567105e-05,271,2020-03-24T07:10,1.2262443438914028
,0,2020-03-24T08:52,0.0
,0,2020-03-24T10:33,0.0
,0,2020-03-24T12:15,0.0
,0,2020-03-24T13:56,0.0
,0,2020-03-24T15:38,0.0
,0,2020-03-24T17:19,0.0
,0,2020-03-24T19:01,0.0
,0,2020-03-24T20:42,0.0
,0,2020-03-24T22:24,0.0
,0,2020-03-25T00:05,0.0
,0,2020-03-25T01:47,0.0
,0,2020-03-25T03:28,0.0
,0,2020-03-25T05:10,0.0
,0,2020-03-25T06:51,0.0
,0,2020-03-25T08:33,0.0
,0,2020-03-25T10:14,0.0
,0,2020-03-25T11:56,0.0
,0,2020-03-25T13:37,0.0
,0,2020-03-25T15:19,0.0
,0,2020-03-25T17:00,0.0
,0,2020-03-25T18:42,0.0
,0,2020-03-25T20:23,0.0
,0,2020-03-25T22:05,0.0
,0,2020-03-25T23:46,0.0
,0,2020-03-26T01:28,0.0
,0,2020-03-26T03:09,0.0
,0,2020-03-26T04:51,0.0
,0,2020-03-26T06:32,0.0
4.031334466136592e-05,271,2020-03-26T08:14,1.2262443438914028
,0,2020-03-26T09:55,0.0
,0,2020-03-26T11:37,0.0
,0,2020-03-26T13:18,0.0
,0,2020-03-26T15:00,0.0
,0,2020-03-26T16:41,0.0
,0,2020-03-26T18:23,0.0
,0,2020-03-26T20:04,0.0
,0,2020-03-26T21:46,0.0
,0,2020-03-26T23:27,0.0
,0,2020-03-27T01:09,0.0
,0,2020-03-27T02:50,0.0
,0,2020-03-27T04:32,0.0
,0,2020-03-27T06:13,0.0
2.52604058914585e-05,2,2020-03-27T07:55,0.00904977375565611
,0,2020-03-27T09:36,0.0
,0,2020-03-27T11:18,0.0
,0,2020-03-27T13:00,0.0
,0,2020-03-27T14:41,0.0
,0,2020-03-27T16:22,0.0
,0,2020-03-27T18:04,0.0
,0,2020-03-27T19:46,0.0
,0,2020-03-27T21:27,0.0
,0,2020-03-27T23:09,0.0
,0,2020-03-28T00:50,0.0
,0,2020-03-28T02:32,0.0
,0,2020-03-28T04:13,0.0
,0,2020-03-28T05:55,0.0
3.4450256555368215e-05,161,2020-03-28T07:36,0.7285067873303167
,0,2020-03-28T09:18,0.0
,0,2020-03-28T10:59,0.0
,0,2020-03-28T12:41,0.0
,0,2020-03-28T14:22,0.0
,0,2020-03-28T16:04,0.0
,0,2020-03-28T17:45,0.0
,0,2020-03-28T19:27,0.0
,0,2020-03-28T21:08,0.0
,0,2020-03-28T22:50,0.0
,0,2020-03-29T00:31,0.0
,0,2020-03-29T02:13,0.0
,0,2020-03-29T03:54,0.0
,0,2020-03-29T05:36,0.0
4.310646109063387e-05,271,2020-03-29T07:17,1.2262443438914028
,0,2020-03-29T08:59,0.0
,0,2020-03-29T10:40,0.0
,0,2020-03-29T12:22,0.0
,0,2020-03-29T14:03,0.0
,0,2020-03-29T15:45,0.0
,0,2020-03-29T17:26,0.0
,0,2020-03-29T19:08,0.0
,0,2020-03-29T20:49,0.0
,0,2020-03-29T22:31,0.0
,0,2020-03-30T00:12,0.0
,0,2020-03-30T01:54,0.0
,0,2020-03-30T03:35,0.0
,0,2020-03-30T05:17,0.0
3.260938980723304e-05,271,2020-03-30T06:58,1.2262443438914028
3.391408658321726e-05,271,2020-03-30T08:40,1.2262443438914028
,0,2020-03-30T10:21,0.0
,0,2020-03-30T12:03,0.0
,0,2020-03-30T13:44,0.0
,0,2020-03-30T15:26,0.0
,0,2020-03-30T17:07,0.0
,0,2020-03-30T18:49,0.0
,0,2020-03-30T20:30,0.0
,0,2020-03-30T22:12,0.0
,0,2020-03-30T23:53,0.0
,0,2020-03-31T01:35,0.0
,0,2020-03-31T03:16,0.0
,0,2020-03-31T04:58,0.0
,0,2020-03-31T06:39,0.0
4.3813043427733715e-05,262,2020-03-31T08:21,1.1855203619909502
,0,2020-03-31T10:02,0.0
,0,2020-03-31T11:44,0.0
,0,2020-03-31T13:25,0.0
,0,2020-03-31T15:07,0.0
,0,2020-03-31T16:48,0.0
,0,2020-03-31T18:30,0.0
,0,2020-03-31T20:11,0.0
,0,2020-03-31T21:53,0.0
,0,2020-03-31T23:34,0.0
,0,2020-04-01T01:16,0.0
,0,2020-04-01T02:57,0.0
,0,2020-04-01T04:39,0.0
,0,2020-04-01T06:20,0.0
3.7929958189583046e-05,271,2020-04-01T08:02,1.2262443438914028
,0,2020-04-01T09:43,0.0
,0,2020-04-01T11:25,0.0
,0,2020-04-01T13:06,0.0
,0,2020-04-01T14:48,0.0
,0,2020-04-01T16:29,0.0
,0,2020-04-01T18:11,0.0
,0,2020-04-01T19:52,0.0
,0,2020-04-01T21:34,0.0
,0,2020-04-01T23:15,0.0
,0,2020-04-02T00:57,0.0
,0,2020-04-02T02:38,0.0
,0,2020-04-02T04:20,0.0
,0,2020-04-02T06:01,0.0
4.757255484345979e-05,271,2020-04-02T07:43,1.2262443438914028
,0,2020-04-02T09:24,0.0
,0,2020-04-02T11:06,0.0
,0,2020-04-02T12:48,0.0
,0,2020-04-02T14:29,0.0
,0,2020-04-02T16:11,0.0
,0,2020-04-02T17:52,0.0
,0,2020-04-02T19:34,0.0
,0,2020-04-02T21:15,0.0
,0,2020-04-02T22:57,0.0
,0,2020-04-03T00:38,0.0
,0,2020-04-03T02:20,0.0
,0,2020-04-03T04:01,0.0
,0,2020-04-03T05:43,0.0
2.8982262023940215e-05,271,2020-04-03T07:24,1.2262443438914028
,0,2020-04-03T09:06,0.0
,0,2020-04-03T10:47,0.0
,0,2020-04-03T12:29,0.0
,0,2020-04-03T14:10,0.0
,0,2020-04-03T15:52,0.0
,0,2020-04-03T17:33,0.0
,0,2020-04-03T19:15,0.0
,0,2020-04-03T20:56,0.0
,0,2020-04-03T22:38,0.0
,0,2020-04-04T00:19,0.0
,0,2020-04-04T02:01,0.0
,0,2020-04-04T03:42,0.0
,0,2020-04-04T06:09,0.0
3.5923190664512886e-05,271,2020-04-04T07:05,1.2262443438914028
,0,2020-04-04T08:47,0.0
,0,2020-04-04T10:28,0.0
,0,2020-04-04T12:10,0.0
,0,2020-04-04T13:51,0.0
,0,2020-04-04T15:33,0.0
,0,2020-04-04T17:14,0.0
,0,2020-04-04T18:56,0.0
,0,2020-04-04T20:37,0.0
,0,2020-04-04T22:19,0.0
,0,2020-04-05T00:00,0.0
,0,2020-04-05T01:42,0.0
,0,2020-04-05T03:23,0.0
,0,2020-04-05T05:05,0.0
,0,2020-04-05T06:46,0.0
3.600469574007163e-05,271,2020-04-05T08:28,1.2262443438914028
,0,2020-04-05T10:09,0.0
,0,2020-04-05T11:51,0.0
,0,2020-04-05T13:32,0.0
,0,2020-04-05T15:14,0.0
,0,2020-04-05T16:55,0.0
,0,2020-04-05T18:37,0.0
,0,2020-04-05T20:18,0.0
,0,2020-04-05T22:00,0.0
,0,2020-04-05T23:41,0.0
,0,2020-04-06T01:23,0.0
,0,2020-04-06T03:04,0.0
,0,2020-04-06T04:46,0.0
,0,2020-04-06T06:27,0.0
3.0425914908874722e-05,271,2020-04-06T08:09,1.2262443438914028
,0,2020-04-06T09:50,0.0
,0,2020-04-06T11:32,0.0
,0,2020-04-06T13:13,0.0
,0,2020-04-06T14:55,0.0
,0,2020-04-06T16:36,0.0
,0,2020-04-06T18:18,0.0
,0,2020-04-06T19:59,0.0
,0,2020-04-06T21:41,0.0
,0,2020-04-06T23:22,0.0
,0,2020-04-07T01:04,0.0
,0,2020-04-07T02:45,0.0
,0,2020-04-07T04:27,0.0
,0,2020-04-07T06:08,0.0
2.7773359245121288e-05,271,2020-04-07T07:50,1.2262443438914028
,0,2020-04-07T09:31,0.0
,0,2020-04-07T11:13,0.0
,0,2020-04-07T12:54,0.0
,0,2020-04-07T14:36,0.0
,0,2020-04-07T16:17,0.0
,0,2020-04-07T17:59,0.0
,0,2020-04-07T19:40,0.0
,0,2020-04-07T21:22,0.0
,0,2020-04-07T23:03,0.0
,0,2020-04-08T00:45,0.0
,0,2020-04-08T02:26,0.0
,0,2020-04-08T04:08,0.0
,0,2020-04-08T05:49,0.0
3.176868284202959e-05,271,2020-04-08T07:31,1.2262443438914028
,0,2020-04-08T09:12,0.0
,0,2020-04-08T10:54,0.0
,0,2020-04-08T12:35,0.0
,0,2020-04-08T14:17,0.0
,0,2020-04-08T15:59,0.0
,0,2020-04-08T17:40,0.0
,0,2020-04-08T19:22,0.0
,0,2020-04-08T21:03,0.0
,0,2020-04-08T22:45,0.0
,0,2020-04-09T00:26,0.0
,0,2020-04-09T02:08,0.0
,0,2020-04-09T03:49,0.0
,0,2020-04-09T05:31,0.0
4.251771149005553e-05,271,2020-04-09T07:12,1.2262443438914028
,0,2020-04-09T08:54,0.0
,0,2020-04-09T10:35,0.0
,0,2020-04-09T12:17,0.0
,0,2020-04-09T13:58,0.0
,0,2020-04-09T15:40,0.0
,0,2020-04-09T17:21,0.0
,0,2020-04-09T19:03,0.0
,0,2020-04-09T20:44,0.0
,0,2020-04-09T22:26,0.0
,0,2020-04-10T00:07,0.0
,0,2020-04-10T01:49,0.0
,0,2020-04-10T03:30,0.0
,0,2020-04-10T05:12,0.0
,0,2020-04-10T06:53,0.0
2.5177922695757574e-05,230,2020-04-10T08:35,1.0407239819004526
,0,2020-04-10T10:16,0.0
,0,2020-04-10T11:58,0.0
,0,2020-04-10T13:39,0.0
,0,2020-04-10T15:21,0.0
,0,2020-04-10T17:02,0.0
,0,2020-04-10T18:44,0.0
,0,2020-04-10T20:25,0.0
,0,2020-04-10T22:07,0.0
,0,2020-04-10T23:48,0.0
,0,2020-04-11T01:30,0.0
,0,2020-04-11T03:11,0.0
,0,2020-04-11T04:53,0.0
,0,2020-04-11T06:34,0.0
3.480118346704247e-05,222,2020-04-11T08:16,1.004524886877828
,0,2020-04-11T09:57,0.0
,0,2020-04-11T11:39,0.0
,0,2020-04-11T13:20,0.0
,0,2020-04-11T15:02,0.0
,0,2020-04-11T16:43,0.0
,0,2020-04-11T18:25,0.0
,0,2020-04-11T20:06,0.0
,0,2020-04-11T21:48,0.0
,0,2020-04-11T23:29,0.0
,0,2020-04-12T01:11,0.0
,0,2020-04-12T02:52,0.0
,0,2020-04-12T04:34,0.0
,0,2020-04-12T06:15,0.0
3.928178270623454e-05,271,2020-04-12T07:57,1.2262443438914028
,0,2020-04-12T09:38,0.0
,0,2020-04-12T11:20,0.0
,0,2020-04-12T13:01,0.0
,0,2020-04-12T14:43,0.0
,0,2020-04-12T16:24,0.0
,0,2020-04-12T18:06,0.0
,0,2020-04-12T19:47,0.0
,0,2020-04-12T21:29,0.0
,0,2020-04-12T23:10,0.0
,0,2020-04-13T00:52,0.0
,0,2020-04-13T02:33,0.0
,0,2020-04-13T04:15,0.0
,0,2020-04-13T05:56,0.0
3.967316641266142e-05,269,2020-04-13T07:38,1.2171945701357465
,0,2020-04-13T09:19,0.0
,0,2020-04-13T11:01,0.0
,0,2020-04-13T12:42,0.0
,0,2020-04-13T14:24,0.0
,0,2020-04-13T16:05,0.0
,0,2020-04-13T17:47,0.0
,0,2020-04-13T19:28,0.0
,0,2020-04-13T21:10,0.0
,0,2020-04-13T22:51,0.0
,0,2020-04-14T00:33,0.0
,0,2020-04-14T02:14,0.0
,0,2020-04-14T03:56,0.0
,0,2020-04-14T05:37,0.0
3.570439359681987e-05,269,2020-04-14T07:19,1.2171945701357465
,0,2020-04-14T09:00,0.0
,0,2020-04-14T10:42,0.0
,0,2020-04-14T12:23,0.0
,0,2020-04-14T14:05,0.0
,0,2020-04-14T15:46,0.0
,0,2020-04-14T17:28,0.0
,0,2020-04-14T19:09,0.0
,0,2020-04-14T20:51,0.0
,0,2020-04-14T22:33,0.0
,0,2020-04-15T00:14,0.0
,0,2020-04-15T01:55,0.0
,0,2020-04-15T03:37,0.0
,0,2020-04-15T05:18,0.0
3.849692095636443e-05,269,2020-04-15T07:00,1.2171945701357465
3.911486886265864e-05,174,2020-04-15T08:42,0.7873303167420814
,0,2020-04-15T10:23,0.0
,0,2020-04-15T12:05,0.0
,0,2020-04-15T13:46,0.0
,0,2020-04-15T15:28,0.0
,0,2020-04-15T17:09,0.0
,0,2020-04-15T18:51,0.0
,0,2020-04-15T20:32,0.0
,0,2020-04-15T22:14,0.0
,0,2020-04-15T23:55,0.0
,0,2020-04-16T01:37,0.0
,0,2020-04-16T03:18,0.0
,0,2020-04-16T05:00,0.0
,0,2020-04-16T06:41,0.0
4.4330384407551727e-05,161,2020-04-16T08:23,0.7285067873303167
,0,2020-04-16T10:04,0.0
,0,2020-04-16T11:46,0.0
,0,2020-04-16T13:27,0.0
,0,2020-04-16T15:09,0.0
,0,2020-04-16T16:50,0.0
,0,2020-04-16T18:32,0.0
,0,2020-04-16T20:13,0.0
,0,2020-04-16T21:55,0.0
,0,2020-04-16T23:36,0.0
,0,2020-04-17T01:18,0.0
,0,2020-04-17T02:59,0.0
,0,2020-04-17T04:41,0.0
,0,2020-04-17T06:22,0.0
3.8233927234529024e-05,269,2020-04-17T08:04,1.2171945701357465
,0,2020-04-17T09:45,0.0
,0,2020-04-17T11:27,0.0
,0,2020-04-17T13:08,0.0
,0,2020-04-17T14:50,0.0
,0,2020-04-17T16:31,0.0
,0,2020-04-17T18:13,0.0
,0,2020-04-17T19:54,0.0
,0,2020-04-17T21:36,0.0
,0,2020-04-17T23:17,0.0
,0,2020-04-18T00:59,0.0
,0,2020-04-18T02:40,0.0
,0,2020-04-18T04:22,0.0
,0,2020-04-18T06:03,0.0
3.596663558048768e-05,269,2020-04-18T07:45,1.2171945701357465
,0,2020-04-18T09:26,0.0
,0,2020-04-18T11:08,0.0
,0,2020-04-18T12:49,0.0
,0,2020-04-18T14:31,0.0
,0,2020-04-18T16:12,0.0
,0,2020-04-18T17:54,0.0
,0,2020-04-18T19:35,0.0
,0,2020-04-18T21:17,0.0
,0,2020-04-18T22:58,0.0
,0,2020-04-19T00:40,0.0
,0,2020-04-19T02:21,0.0
,0,2020-04-19T04:03,0.0
,0,2020-04-19T05:44,0.0
3.690102005043735e-05,269,2020-04-19T07:26,1.2171945701357465
,0,2020-04-19T09:07,0.0
,0,2020-04-19T10:49,0.0
,0,2020-04-19T12:30,0.0
,0,2020-04-19T14:12,0.0
,0,2020-04-19T15:53,0.0
,0,2020-04-19T17:35,0.0
,0,2020-04-19T19:16,0.0
,0,2020-04-19T20:58,0.0
,0,2020-04-19T22:39,0.0
,0,2020-04-20T00:21,0.0
,0,2020-04-20T02:02,0.0
,0,2020-04-20T03:44,0.0
,0,2020-04-20T05:25,0.0
4.0543395532537835e-05,269,2020-04-20T07:07,1.2171945701357465
,0,2020-04-20T08:48,0.0
,0,2020-04-20T10:30,0.0
,0,2020-04-20T12:11,0.0
,0,2020-04-20T13:53,0.0
,0,2020-04-20T15:34,0.0
,0,2020-04-20T17:16,0.0
,0,2020-04-20T18:57,0.0
,0,2020-04-20T20:39,0.0
,0,2020-04-20T22:20,0.0
,0,2020-04-21T00:02,0.0
,0,2020-04-21T01:43,0.0
,0,2020-04-21T03:25,0.0
,0,2020-04-21T05:06,0.0
,0,2020-04-21T06:48,0.0
3.378623279160895e-05,269,2020-04-21T08:29,1.2171945701357465
,0,2020-04-21T10:11,0.0
,0,2020-04-21T11:52,0.0
,0,2020-04-21T13:34,0.0
,0,2020-04-21T15:15,0.0
,0,2020-04-21T16:57,0.0
,0,2020-04-21T18:38,0.0
,0,2020-04-21T20:20,0.0
,0,2020-04-21T22:01,0.0
,0,2020-04-21T23:43,0.0
,0,2020-04-22T01:25,0.0
,0,2020-04-22T03:06,0.0
,0,2020-04-22T04:48,0.0
,0,2020-04-22T06:29,0.0
3.848142921358506e-05,269,2020-04-22T08:11,1.2171945701357465
,0,2020-04-22T09:52,0.0
,0,2020-04-22T11:34,0.0
,0,2020-04-22T13:15,0.0
,0,2020-04-22T14:57,0.0
,0,2020-04-22T16:38,0.0
,0,2020-04-22T18:20,0.0
,0,2020-04-22T20:01,0.0
,0,2020-04-22T21:43,0.0
,0,2020-04-22T23:24,0.0
,0,2020-04-23T01:06,0.0
,0,2020-04-23T02:47,0.0
,0,2020-04-23T04:29,0.0
,0,2020-04-23T06:10,0.0
3.950021382683896e-05,269,2020-04-23T07:52,1.2171945701357465
,0,2020-04-23T09:33,0.0
,0,2020-04-23T11:15,0.0
,0,2020-04-23T12:56,0.0
,0,2020-04-23T14:38,0.0
,0,2020-04-23T16:19,0.0
,0,2020-04-23T18:01,0.0
,0,2020-04-23T19:42,0.0
,0,2020-04-23T21:24,0.0
,0,2020-04-23T23:05,0.0
,0,2020-04-24T00:47,0.0
,0,2020-04-24T02:28,0.0
,0,2020-04-24T04:10,0.0
,0,2020-04-24T05:51,0.0
2.9097528978537344e-05,269,2020-04-24T07:33,1.2171945701357465
,0,2020-04-24T09:14,0.0
,0,2020-04-24T10:56,0.0
,0,2020-04-24T12:37,0.0
,0,2020-04-24T14:19,0.0
,0,2020-04-24T16:00,0.0
,0,2020-04-24T17:42,0.0
,0,2020-04-24T19:23,0.0
,0,2020-04-24T21:05,0.0
,0,2020-04-24T22:46,0.0
,0,2020-04-25T00:28,0.0
,0,2020-04-25T02:09,0.0
,0,2020-04-25T03:51,0.0
,0,2020-04-25T05:32,0.0
1.6986521430100784e-05,269,2020-04-25T07:14,1.2171945701357465
,0,2020-04-25T08:55,0.0
,0,2020-04-25T10:37,0.0
,0,2020-04-25T12:18,0.0
,0,2020-04-25T14:00,0.0
,0,2020-04-25T15:41,0.0
,0,2020-04-25T17:23,0.0
,0,2020-04-25T19:04,0.0
,0,2020-04-25T20:46,0.0
,0,2020-04-25T22:27,0.0
,0,2020-04-26T00:09,0.0
,0,2020-04-26T01:50,0.0
,0,2020-04-26T03:32,0.0
,0,2020-04-26T05:13,0.0
,0,2020-04-26T06:55,0.0
2.805435199530254e-05,269,2020-04-26T08:36,1.2171945701357465
,0,2020-04-26T10:18,0.0
,0,2020-04-26T11:59,0.0
,0,2020-04-26T13:41,0.0
,0,2020-04-26T15:22,0.0
,0,2020-04-26T17:04,0.0
,0,2020-04-26T18:45,0.0
,0,2020-04-26T20:27,0.0
,0,2020-04-26T22:08,0.0
,0,2020-04-26T23:50,0.0
,0,2020-04-27T01:31,0.0
,0,2020-04-27T03:13,0.0
,0,2020-04-27T04:54,0.0
,0,2020-04-27T06:36,0.0
3.119312268791812e-05,269,2020-04-27T08:17,1.2171945701357465
,0,2020-04-27T09:59,0.0
,0,2020-04-27T11:40,0.0
,0,2020-04-27T13:22,0.0
,0,2020-04-27T15:03,0.0
,0,2020-04-27T16:45,0.0
,0,2020-04-27T18:26,0.0
,0,2020-04-27T20:08,0.0
,0,2020-04-27T21:49,0.0
,0,2020-04-27T23:31,0.0
,0,2020-04-28T01:12,0.0
,0,2020-04-28T02:54,0.0
,0,2020-04-28T04:35,0.0
,0,2020-04-28T06:17,0.0
3.750352390525821e-05,217,2020-04-28T07:58,0.9819004524886877
,0,2020-04-28T09:40,0.0
,0,2020-04-28T11:21,0.0
,0,2020-04-28T13:03,0.0
,0,2020-04-28T14:44,0.0
,0,2020-04-28T16:26,0.0
,0,2020-04-28T18:07,0.0
,0,2020-04-28T19:49,0.0
,0,2020-04-28T21:30,0.0
,0,2020-04-28T23:12,0.0
,0,2020-04-29T00:53,0.0
,0,2020-04-29T02:35,0.0
,0,2020-04-29T04:16,0.0
,0,2020-04-29T05:58,0.0
3.3739793319547177e-05,269,2020-04-29T07:39,1.2171945701357465
,0,2020-04-29T09:21,0.0
,0,2020-04-29T11:02,0.0
,0,2020-04-29T12:44,0.0
,0,2020-04-29T14:25,0.0
,0,2020-04-29T16:07,0.0
,0,2020-04-29T17:48,0.0
,0,2020-04-29T19:30,0.0
,0,2020-04-29T21:11,0.0
,0,2020-04-29T22:53,0.0
,0,2020-04-30T00:34,0.0
,0,2020-04-30T02:16,0.0
,0,2020-04-30T03:57,0.0
,0,2020-04-30T05:39,0.0
3.0948942175424785e-05,142,2020-04-30T07:20,0.6425339366515838
,0,2020-04-30T09:02,0.0
,0,2020-04-30T10:44,0.0
,0,2020-04-30T12:25,0.0
,0,2020-04-30T14:07,0.0
,0,2020-04-30T15:48,0.0
,0,2020-04-30T17:30,0.0
,0,2020-04-30T19:11,0.0
,0,2020-04-30T20:53,0.0
,0,2020-04-30T22:34,0.0
,0,2020-05-01T00:16,0.0
,0,2020-05-01T01:57,0.0
,0,2020-05-01T03:39,0.0
,0,2020-05-01T05:20,0.0
2.8668002168443506e-05,269,2020-05-01T07:02,1.2171945701357465
3.0212080007444674e-05,269,2020-05-01T08:43,1.2171945701357465
,0,2020-05-01T10:25,0.0
,0,2020-05-01T12:06,0.0
,0,2020-05-01T13:48,0.0
,0,2020-05-01T15:29,0.0
,0,2020-05-01T17:11,0.0
,0,2020-05-01T18:52,0.0
,0,2020-05-01T20:34,0.0
,0,2020-05-01T22:15,0.0
,0,2020-05-01T23:57,0.0
,0,2020-05-02T01:38,0.0
,0,2020-05-02T03:20,0.0
,0,2020-05-02T05:01,0.0
,0,2020-05-02T06:43,0.0
3.161478921856299e-05,269,2020-05-02T08:24,1.2171945701357465
,0,2020-05-02T10:06,0.0
,0,2020-05-02T11:47,0.0
,0,2020-05-02T13:29,0.0
,0,2020-05-02T15:10,0.0
,0,2020-05-02T16:52,0.0
,0,2020-05-02T18:33,0.0
,0,2020-05-02T20:15,0.0
,0,2020-05-02T21:56,0.0
,0,2020-05-02T23:38,0.0
,0,2020-05-03T01:19,0.0
,0,2020-05-03T03:01,0.0
,0,2020-05-03T04:42,0.0
,0,2020-05-03T06:24,0.0
2.6360863995329256e-05,269,2020-05-03T08:05,1.2171945701357465
,0,2020-05-03T09:47,0.0
,0,2020-05-03T11:28,0.0
,0,2020-05-03T13:10,0.0
,0,2020-05-03T14:51,0.0
,0,2020-05-03T16:33,0.0
,0,2020-05-03T18:14,0.0
,0,2020-05-03T19:56,0.0
,0,2020-05-03T21:37,0.0
,0,2020-05-03T23:19,0.0
,0,2020-05-04T01:00,0.0
,0,2020-05-04T02:42,0.0
,0,2020-05-04T04:23,0.0
,0,2020-05-04T06:05,0.0
3.268480070348961e-05,269,2020-05-04T07:46,1.2171945701357465
,0,2020-05-04T09:28,0.0
,0,2020-05-04T11:09,0.0
,0,2020-05-04T12:51,0.0
,0,2020-05-04T14:32,0.0
,0,2020-05-04T16:14,0.0
,0,2020-05-04T17:55,0.0
,0,2020-05-04T19:37,0.0
,0,2020-05-04T21:18,0.0
,0,2020-05-04T23:00,0.0
,0,2020-05-05T00:41,0.0
,0,2020-05-05T02:23,0.0
,0,2020-05-05T04:04,0.0
,0,2020-05-05T05:46,0.0
3.637431336842674e-05,269,2020-05-05T07:27,1.2171945701357465
,0,2020-05-05T09:09,0.0
,0,2020-05-05T10:50,0.0
,0,2020-05-05T12:32,0.0
,0,2020-05-05T14:13,0.0
,0,2020-05-05T15:55,0.0
,0,2020-05-05T17:39,0.0
,0,2020-05-05T19:18,0.0
,0,2020-05-05T20:59,0.0
,0,2020-05-05T22:41,0.0
,0,2020-05-06T00:22,0.0
,0,2020-05-06T02:04,0.0
,0,2020-05-06T03:45,0.0
,0,2020-05-06T05:27,0.0
3.698704034216447e-05,269,2020-05-06T07:08,1.2171945701357465
,0,2020-05-06T08:50,0.0
,0,2020-05-06T10:31,0.0
,0,2020-05-06T12:13,0.0
,0,2020-05-06T13:54,0.0
,0,2020-05-06T15:36,0.0
,0,2020-05-06T17:17,0.0
,0,2020-05-06T18:59,0.0
,0,2020-05-06T20:40,0.0
,0,2020-05-06T22:22,0.0
,0,2020-05-07T00:03,0.0
,0,2020-05-07T01:45,0.0
,0,2020-05-07T03:26,0.0
,0,2020-05-07T05:08,0.0
,0,2020-05-07T06:49,0.0
3.179194442665817e-05,269,2020-05-07T08:31,1.2171945701357465
,0,2020-05-07T10:12,0.0
,0,2020-05-07T11:54,0.0
,0,2020-05-07T13:35,0.0
,0,2020-05-07T15:17,0.0
,0,2020-05-07T16:58,0.0
,0,2020-05-07T18:40,0.0
,0,2020-05-07T20:21,0.0
,0,2020-05-07T22:03,0.0
,0,2020-05-07T23:44,0.0
,0,2020-05-08T01:26,0.0
,0,2020-05-08T03:07,0.0
,0,2020-05-08T04:49,0.0
,0,2020-05-08T06:30,0.0
5.1926671437806203e-05,269,2020-05-08T08:12,1.2171945701357465
,0,2020-05-08T09:53,0.0
,0,2020-05-08T11:35,0.0
,0,2020-05-08T13:16,0.0
,0,2020-05-08T14:58,0.0
,0,2020-05-08T16:39,0.0
,0,2020-05-08T18:21,0.0
,0,2020-05-08T20:02,0.0
,0,2020-05-08T21:44,0.0
,0,2020-05-08T23:25,0.0
,0,2020-05-09T01:07,0.0
,0,2020-05-09T02:48,0.0
,0,2020-05-09T04:30,0.0
,0,2020-05-09T06:11,0.0
4.4829165939776684e-05,269,2020-05-09T07:53,1.2171945701357465
,0,2020-05-09T09:34,0.0
,0,2020-05-09T11:16,0.0
,0,2020-05-09T12:57,0.0
,0,2020-05-09T14:39,0.0
,0,2020-05-09T16:20,0.0
,0,2020-05-09T18:02,0.0
,0,2020-05-09T19:43,0.0
,0,2020-05-09T21:25,0.0
,0,2020-05-09T23:06,0.0
,0,2020-05-10T00:48,0.0
,0,2020-05-10T02:29,0.0
,0,2020-05-10T04:11,0.0
,0,2020-05-10T05:52,0.0
3.7954390005836575e-05,269,2020-05-10T07:34,1.2171945701357465
,0,2020-05-10T09:15,0.0
,0,2020-05-10T10:57,0.0
,0,2020-05-10T12:38,0.0
,0,2020-05-10T14:20,0.0
,0,2020-05-10T16:01,0.0
,0,2020-05-10T17:43,0.0
,0,2020-05-10T19:24,0.0
,0,2020-05-10T21:06,0.0
,0,2020-05-10T22:47,0.0
,0,2020-05-11T00:29,0.0
,0,2020-05-11T02:11,0.0
,0,2020-05-11T03:52,0.0
,0,2020-05-11T05:34,0.0
4.0755866250406406e-05,269,2020-05-11T07:15,1.2171945701357465
,0,2020-05-11T08:57,0.0
,0,2020-05-11T10:38,0.0
,0,2020-05-11T12:20,0.0
,0,2020-05-11T14:01,0.0
,0,2020-05-11T15:43,0.0
,0,2020-05-11T17:24,0.0
,0,2020-05-11T19:06,0.0
,0,2020-05-11T20:47,0.0
,0,2020-05-11T22:29,0.0
,0,2020-05-12T00:10,0.0
,0,2020-05-12T01:52,0.0
,0,2020-05-12T03:33,0.0
,0,2020-05-12T05:15,0.0
,0,2020-05-12T06:56,0.0
3.5134689904132994e-05,269,2020-05-12T08:38,1.2171945701357465
,0,2020-05-12T10:19,0.0
,0,2020-05-12T12:01,0.0
,0,2020-05-12T13:42,0.0
,0,2020-05-12T15:24,0.0
,0,2020-05-12T17:05,0.0
,0,2020-05-12T18:47,0.0
,0,2020-05-12T20:28,0.0
,0,2020-05-12T22:10,0.0
,0,2020-05-12T23:51,0.0
,0,2020-05-13T01:33,0.0
,0,2020-05-13T03:14,0.0
,0,2020-05-13T04:56,0.0
,0,2020-05-13T06:37,0.0
5.944341419647565e-05,192,2020-05-13T08:19,0.8687782805429864
,0,2020-05-13T10:00,0.0
,0,2020-05-13T11:42,0.0
,0,2020-05-13T13:23,0.0
,0,2020-05-13T15:05,0.0
,0,2020-05-13T16:46,0.0
,0,2020-05-13T18:28,0.0
,0,2020-05-13T20:09,0.0
,0,2020-05-13T21:51,0.0
,0,2020-05-13T23:32,0.0
,0,2020-05-14T01:14,0.0
,0,2020-05-14T02:55,0.0
,0,2020-05-14T04:37,0.0
,0,2020-05-14T06:18,0.0
4.8614053579403425e-05,230,2020-05-14T08:00,1.0407239819004526
,0,2020-05-14T09:41,0.0
,0,2020-05-14T11:23,0.0
,0,2020-05-14T13:04,0.0
,0,2020-05-14T14:46,0.0
,0,2020-05-14T16:27,0.0
,0,2020-05-14T18:09,0.0
,0,2020-05-14T19:50,0.0
,0,2020-05-14T21:32,0.0
,0,2020-05-14T23:13,0.0
,0,2020-05-15T00:55,0.0
,0,2020-05-15T02:36,0.0
,0,2020-05-15T04:18,0.0
,0,2020-05-15T05:59,0.0
3.1391322642308986e-05,40,2020-05-15T07:41,0.18099547511312217
,0,2020-05-15T09:22,0.0
,0,2020-05-15T11:04,0.0
,0,2020-05-15T12:45,0.0
,0,2020-05-15T14:27,0.0
,0,2020-05-15T16:08,0.0
,0,2020-05-15T17:50,0.0
,0,2020-05-15T19:31,0.0
,0,2020-05-15T21:13,0.0
,0,2020-05-15T22:54,0.0
,0,2020-05-16T00:36,0.0
,0,2020-05-16T02:17,0.0
,0,2020-05-16T03:59,0.0
,0,2020-05-16T05:40,0.0
4.3076513911893596e-05,8,2020-05-16T07:22,0.03619909502262444
,0,2020-05-16T09:03,0.0
,0,2020-05-16T10:45,0.0
,0,2020-05-16T12:26,0.0
,0,2020-05-16T14:08,0.0
,0,2020-05-16T15:49,0.0
,0,2020-05-16T17:31,0.0
,0,2020-05-16T19:12,0.0
,0,2020-05-16T20:54,0.0
,0,2020-05-16T22:35,0.0
,0,2020-05-17T00:17,0.0
,0,2020-05-17T01:58,0.0
,0,2020-05-17T03:40,0.0
,0,2020-05-17T05:21,0.0
5.881445224009734e-05,152,2020-05-17T07:03,0.6877828054298643
4.730545667232683e-05,189,2020-05-17T08:44,0.8552036199095022
,0,2020-05-17T10:26,0.0
,0,2020-05-17T16:13,0.0
,0,2020-05-17T17:12,0.0
,0,2020-05-17T18:53,0.0
,0,2020-05-17T20:35,0.0
,0,2020-05-17T22:16,0.0
,0,2020-05-17T23:58,0.0
,0,2020-05-18T01:39,0.0
,0,2020-05-18T03:21,0.0
,0,2020-05-18T05:02,0.0
,0,2020-05-18T06:44,0.0
3.6018008653001756e-05,269,2020-05-18T08:25,1.2171945701357465
,0,2020-05-18T10:07,0.0
,0,2020-05-18T11:48,0.0
,0,2020-05-18T13:30,0.0
,0,2020-05-18T15:11,0.0
,0,2020-05-18T16:53,0.0
,0,2020-05-18T18:34,0.0
,0,2020-05-18T20:16,0.0
,0,2020-05-18T21:57,0.0
,0,2020-05-18T23:39,0.0
,0,2020-05-19T01:20,0.0
,0,2020-05-19T03:02,0.0
,0,2020-05-19T04:43,0.0
,0,2020-05-19T06:25,0.0
3.5970743783003926e-05,262,2020-05-19T08:06,1.1855203619909502
,0,2020-05-19T09:48,0.0
,0,2020-05-19T11:29,0.0
,0,2020-05-19T13:11,0.0
,0,2020-05-19T14:52,0.0
,0,2020-05-19T16:34,0.0
,0,2020-05-19T18:15,0.0
,0,2020-05-19T19:57,0.0
,0,2020-05-19T21:38,0.0
,0,2020-05-19T23:20,0.0
,0,2020-05-20T01:01,0.0
,0,2020-05-20T02:43,0.0
,0,2020-05-20T04:24,0.0
,0,2020-05-20T06:06,0.0
3.9388509275829674e-05,269,2020-05-20T07:47,1.2171945701357465
,0,2020-05-20T09:29,0.0
,0,2020-05-20T11:10,0.0
,0,2020-05-20T12:52,0.0
,0,2020-05-20T14:33,0.0
,0,2020-05-20T16:15,0.0
,0,2020-05-20T17:56,0.0
,0,2020-05-20T19:38,0.0
,0,2020-05-20T21:19,0.0
,0,2020-05-20T23:01,0.0
,0,2020-05-21T00:42,0.0
,0,2020-05-21T02:24,0.0
,0,2020-05-21T04:05,0.0
,0,2020-05-21T05:47,0.0
2.401487879690517e-05,89,2020-05-21T07:28,0.40271493212669685
,0,2020-05-21T09:10,0.0
,0,2020-05-21T10:51,0.0
,0,2020-05-21T12:33,0.0
,0,2020-05-21T14:14,0.0
,0,2020-05-21T15:56,0.0
,0,2020-05-21T17:37,0.0
,0,2020-05-21T19:19,0.0
,0,2020-05-21T21:00,0.0
,0,2020-05-21T22:42,0.0
,0,2020-05-22T00:23,0.0
,0,2020-05-22T02:05,0.0
,0,2020-05-22T03:46,0.0
,0,2020-05-22T05:28,0.0
3.2052845771560606e-05,269,2020-05-22T07:09,1.2171945701357465
,0,2020-05-22T08:51,0.0
,0,2020-05-22T10:32,0.0
,0,2020-05-22T12:14,0.0
,0,2020-05-22T13:55,0.0
,0,2020-05-22T15:37,0.0
,0,2020-05-22T17:18,0.0
,0,2020-05-22T19:00,0.0
,0,2020-05-22T20:41,0.0
,0,2020-05-22T22:23,0.0
,0,2020-05-23T00:04,0.0
,0,2020-05-23T01:46,0.0
,0,2020-05-23T03:27,0.0
,0,2020-05-23T05:09,0.0
,0,2020-05-23T06:50,0.0
3.053233004894033e-05,269,2020-05-23T08:32,1.2171945701357465
,0,2020-05-23T10:13,0.0
,0,2020-05-23T11:55,0.0
,0,2020-05-23T13:36,0.0
,0,2020-05-23T15:18,0.0
,0,2020-05-23T16:59,0.0
,0,2020-05-23T18:41,0.0
,0,2020-05-23T20:22,0.0
,0,2020-05-23T22:04,0.0
,0,2020-05-23T23:45,0.0
,0,2020-05-24T01:27,0.0
,0,2020-05-24T03:08,0.0
,0,2020-05-24T04:50,0.0
,0,2020-05-24T06:31,0.0
3.255487298685859e-05,269,2020-05-24T08:13,1.2171945701357465
,0,2020-05-24T09:54,0.0
,0,2020-05-24T11:36,0.0
,0,2020-05-24T13:17,0.0
,0,2020-05-24T14:59,0.0
,0,2020-05-24T16:40,0.0
,0,2020-05-24T18:22,0.0
,0,2020-05-24T20:03,0.0
,0,2020-05-24T21:45,0.0
,0,2020-05-24T23:26,0.0
,0,2020-05-25T01:08,0.0
,0,2020-05-25T02:49,0.0
,0,2020-05-25T04:31,0.0
,0,2020-05-25T06:12,0.0
3.781232797048339e-05,269,2020-05-25T07:54,1.2171945701357465
,0,2020-05-25T09:35,0.0
,0,2020-05-25T11:17,0.0
,0,2020-05-25T12:58,0.0
,0,2020-05-25T14:40,0.0
,0,2020-05-25T16:21,0.0
,0,2020-05-25T18:03,0.0
,0,2020-05-25T19:44,0.0
,0,2020-05-25T21:26,0.0
,0,2020-05-25T23:07,0.0
,0,2020-05-26T00:49,0.0
,0,2020-05-26T02:30,0.0
,0,2020-05-26T04:12,0.0
,0,2020-05-26T05:53,0.0
4.104558454288188e-05,269,2020-05-26T07:35,1.2171945701357465
,0,2020-05-26T09:16,0.0
,0,2020-05-26T10:58,0.0
,0,2020-05-26T12:39,0.0
,0,2020-05-26T14:21,0.0
,0,2020-05-26T16:02,0.0
,0,2020-05-26T17:44,0.0
,0,2020-05-26T19:25,0.0
,0,2020-05-26T21:07,0.0
,0,2020-05-26T22:48,0.0
,0,2020-05-27T00:30,0.0
,0,2020-05-27T02:11,0.0
,0,2020-05-27T03:53,0.0
,0,2020-05-27T05:34,0.0
2.8006703817733626e-05,269,2020-05-27T07:16,1.2171945701357465
,0,2020-05-27T08:57,0.0
,0,2020-05-27T10:39,0.0
,0,2020-05-27T12:20,0.0
,0,2020-05-27T14:02,0.0
,0,2020-05-27T15:43,0.0
,0,2020-05-27T17:25,0.0
,0,2020-05-27T19:06,0.0
,0,2020-05-27T20:48,0.0
,0,2020-05-27T22:29,0.0
,0,2020-05-28T00:11,0.0
,0,2020-05-28T01:52,0.0
,0,2020-05-28T03:34,0.0
,0,2020-05-28T05:15,0.0
,0,2020-05-28T06:57,0.0
3.198360262294859e-05,269,2020-05-28T08:38,1.2171945701357465
,0,2020-05-28T10:20,0.0
,0,2020-05-28T12:01,0.0
,0,2020-05-28T13:43,0.0
,0,2020-05-28T15:24,0.0
,0,2020-05-28T17:06,0.0
,0,2020-05-28T18:47,0.0
,0,2020-05-28T20:29,0.0
,0,2020-05-28T22:10,0.0
,0,2020-05-28T23:52,0.0
,0,2020-05-29T01:33,0.0
,0,2020-05-29T03:15,0.0
,0,2020-05-29T04:56,0.0
,0,2020-05-29T06:38,0.0
2.1459585256374047e-05,269,2020-05-29T08:19,1.2171945701357465
,0,2020-05-29T10:01,0.0
,0,2020-05-29T11:42,0.0
,0,2020-05-29T13:24,0.0
,0,2020-05-29T15:05,0.0
,0,2020-05-29T16:47,0.0
,0,2020-05-29T18:28,0.0
,0,2020-05-29T20:10,0.0
,0,2020-05-29T21:51,0.0
,0,2020-05-29T23:33,0.0
,0,2020-05-30T01:14,0.0
,0,2020-05-30T02:56,0.0
,0,2020-05-30T04:37,0.0
,0,2020-05-30T06:19,0.0
2.35058942383757e-05,269,2020-05-30T08:00,1.2171945701357465
,0,2020-05-30T09:42,0.0
,0,2020-05-30T11:23,0.0
,0,2020-05-30T13:05,0.0
,0,2020-05-30T14:46,0.0
,0,2020-05-30T16:28,0.0
,0,2020-05-30T18:09,0.0
,0,2020-05-30T19:51,0.0
,0,2020-05-30T21:32,0.0
,0,2020-05-30T23:14,0.0
,0,2020-05-31T00:55,0.0
,0,2020-05-31T02:37,0.0
,0,2020-05-31T04:18,0.0
,0,2020-05-31T06:00,0.0
4.396867596550847e-05,265,2020-05-31T07:41,1.1990950226244343
,0,2020-05-31T09:23,0.0
,0,2020-05-31T11:04,0.0
,0,2020-05-31T12:46,0.0
,0,2020-05-31T14:27,0.0
,0,2020-05-31T16:09,0.0
,0,2020-05-31T17:50,0.0
,0,2020-05-31T19:32,0.0
,0,2020-05-31T21:13,0.0
,0,2020-05-31T22:55,0.0
,0,2020-10-01T00:41,0.0
,0,2020-10-01T02:23,0.0
,0,2020-10-01T04:04,0.0
,0,2020-10-01T05:46,0.0
2.2466039437893003e-05,75,2020-10-01T07:27,0.3393665158371041
,0,2020-10-01T09:09,0.0
,0,2020-10-01T10:50,0.0
,0,2020-10-01T12:32,0.0
,0,2020-10-01T14:13,0.0
,0,2020-10-01T15:55,0.0
,0,2020-10-01T17:36,0.0
,0,2020-10-01T19:18,0.0
,0,2020-10-01T20:59,0.0
,0,2020-10-01T22:41,0.0
,0,2020-10-02T00:22,0.0
,0,2020-10-02T02:04,0.0
,0,2020-10-02T03:45,0.0
,0,2020-10-02T05:27,0.0
,0,2020-10-02T07:08,0.0
,0,2020-10-02T08:50,0.0
,0,2020-10-02T10:31,0.0
,0,2020-10-02T12:13,0.0
,0,2020-10-02T13:54,0.0
,0,2020-10-02T15:36,0.0
,0,2020-10-02T17:17,0.0
,0,2020-10-02T18:59,0.0
,0,2020-10-02T20:40,0.0
,0,2020-10-02T22:22,0.0
,0,2020-10-03T00:03,0.0
,0,2020-10-03T01:45,0.0
,0,2020-10-03T03:26,0.0
,0,2020-10-03T05:08,0.0
,0,2020-10-03T06:49,0.0
,0,2020-10-03T08:31,0.0
,0,2020-10-03T10:12,0.0
,0,2020-10-03T11:53,0.0
,0,2020-10-03T13:35,0.0
,0,2020-10-03T15:16,0.0
,0,2020-10-03T16:58,0.0
,0,2020-10-03T18:39,0.0
,0,2020-10-03T20:21,0.0
,0,2020-10-03T22:02,0.0
,0,2020-10-03T23:44,0.0
,0,2020-10-04T01:25,0.0
,0,2020-10-04T03:07,0.0
,0,2020-10-04T04:48,0.0
,0,2020-10-04T06:30,0.0
,0,2020-10-04T08:11,0.0
,0,2020-10-04T09:53,0.0
,0,2020-10-04T11:34,0.0
,0,2020-10-04T13:16,0.0
,0,2020-10-04T14:57,0.0
,0,2020-10-04T16:39,0.0
,0,2020-10-04T18:20,0.0
,0,2020-10-04T20:02,0.0
,0,2020-10-04T21:43,0.0
,0,2020-10-04T23:25,0.0
,0,2020-10-05T01:06,0.0
,0,2020-10-05T02:48,0.0
,0,2020-10-05T04:29,0.0
,0,2020-10-05T06:11,0.0
2.792758737288599e-05,215,2020-10-05T07:52,0.9728506787330317
,0,2020-10-05T09:34,0.0
,0,2020-10-05T11:15,0.0
,0,2020-10-05T12:57,0.0
,0,2020-10-05T14:38,0.0
,0,2020-10-05T16:20,0.0
,0,2020-10-05T18:01,0.0
,0,2020-10-05T19:43,0.0
,0,2020-10-05T21:24,0.0
,0,2020-10-05T23:06,0.0
,0,2020-10-06T00:47,0.0
,0,2020-10-06T02:29,0.0
,0,2020-10-06T04:10,0.0
,0,2020-10-06T05:52,0.0
4.266674198860007e-05,241,2020-10-06T07:33,1.090497737556561
,0,2020-10-06T09:15,0.0
,0,2020-10-06T10:56,0.0
,0,2020-10-06T12:38,0.0
,0,2020-10-06T14:19,0.0
,0,2020-10-06T16:01,0.0
,0,2020-10-06T17:42,0.0
,0,2020-10-06T19:24,0.0
,0,2020-10-06T21:05,0.0
,0,2020-10-06T22:46,0.0
,0,2020-10-07T00:28,0.0
,0,2020-10-07T02:09,0.0
,0,2020-10-07T03:51,0.0
,0,2020-10-07T05:32,0.0
5.59703100919093e-05,3,2020-10-07T07:14,0.013574660633484163
,0,2020-10-07T08:55,0.0
,0,2020-10-07T10:37,0.0
,0,2020-10-07T12:18,0.0
,0,2020-10-07T14:00,0.0
,0,2020-10-07T15:41,0.0
,0,2020-10-07T17:23,0.0
,0,2020-10-07T19:04,0.0
,0,2020-10-07T20:46,0.0
,0,2020-10-07T22:27,0.0
,0,2020-10-08T00:09,0.0
,0,2020-10-08T01:50,0.0
,0,2020-10-08T03:32,0.0
,0,2020-10-08T05:13,0.0
,0,2020-10-08T06:55,0.0
,0,2020-10-08T08:36,0.0
,0,2020-10-08T10:18,0.0
,0,2020-10-08T11:59,0.0
,0,2020-10-08T13:41,0.0
,0,2020-10-08T15:22,0.0
,0,2020-10-08T17:04,0.0
,0,2020-10-08T18:45,0.0
,0,2020-10-08T20:27,0.0
,0,2020-10-08T22:08,0.0
,0,2020-10-08T23:50,0.0
,0,2020-10-09T01:31,0.0
,0,2020-10-09T03:13,0.0
,0,2020-10-09T04:54,0.0
,0,2020-10-09T06:36,0.0
3.585262769343974e-05,166,2020-10-09T08:17,0.751131221719457
,0,2020-10-09T09:59,0.0
,0,2020-10-09T11:40,0.0
,0,2020-10-09T13:22,0.0
,0,2020-10-09T15:03,0.0
,0,2020-10-09T16:45,0.0
,0,2020-10-09T18:26,0.0
,0,2020-10-09T20:08,0.0
,0,2020-10-09T21:49,0.0
,0,2020-10-09T23:31,0.0
,0,2020-10-10T01:12,0.0
,0,2020-10-10T02:54,0.0
,0,2020-10-10T04:35,0.0
,0,2020-10-10T06:17,0.0
1.5637219453175944e-05,12,2020-10-10T07:58,0.05429864253393665
,0,2020-10-10T09:39,0.0
,0,2020-10-10T11:21,0.0
,0,2020-10-10T13:02,0.0
,0,2020-10-10T14:44,0.0
,0,2020-10-10T16:25,0.0
,0,2020-10-10T18:07,0.0
,0,2020-10-10T19:48,0.0
,0,2020-10-10T21:30,0.0
,0,2020-10-10T23:11,0.0
,0,2020-10-11T00:53,0.0
,0,2020-10-11T02:34,0.0
,0,2020-10-11T04:16,0.0
,0,2020-10-11T05:57,0.0
,0,2020-10-11T07:39,0.0
,0,2020-10-11T09:20,0.0
,0,2020-10-11T11:02,0.0
,0,2020-10-11T12:43,0.0
,0,2020-10-11T14:25,0.0
,0,2020-10-11T16:06,0.0
,0,2020-10-11T17:48,0.0
,0,2020-10-11T19:29,0.0
,0,2020-10-11T21:11,0.0
,0,2020-10-11T22:52,0.0
,0,2020-10-12T00:34,0.0
,0,2020-10-12T02:15,0.0
,0,2020-10-12T03:57,0.0
,0,2020-10-12T05:38,0.0
,0,2020-10-12T07:20,0.0
,0,2020-10-12T09:01,0.0
,0,2020-10-12T10:43,0.0
,0,2020-10-12T12:24,0.0
,0,2020-10-12T14:06,0.0
,0,2020-10-12T15:47,0.0
,0,2020-10-12T17:29,0.0
,0,2020-10-12T19:10,0.0
,0,2020-10-12T20:52,0.0
,0,2020-10-12T22:33,0.0
,0,2020-10-13T00:15,0.0
,0,2020-10-13T01:56,0.0
,0,2020-10-13T03:38,0.0
,0,2020-10-13T05:19,0.0
,0,2020-10-13T07:01,0.0
,0,2020-10-13T08:42,0.0
,0,2020-10-13T10:24,0.0
,0,2020-10-13T12:05,0.0
,0,2020-10-13T13:47,0.0
,0,2020-10-13T15:28,0.0
,0,2020-10-13T17:10,0.0
,0,2020-10-13T18:51,0.0
,0,2020-10-13T20:33,0.0
,0,2020-10-13T22:14,0.0
,0,2020-10-13T23:56,0.0
,0,2020-10-14T01:37,0.0
,0,2020-10-14T03:18,0.0
,0,2020-10-14T05:00,0.0
,0,2020-10-14T06:41,0.0
,0,2020-10-14T08:23,0.0
,0,2020-10-14T10:04,0.0
,0,2020-10-14T11:46,0.0
,0,2020-10-14T13:27,0.0
,0,2020-10-14T15:09,0.0
,0,2020-10-14T16:50,0.0
,0,2020-10-14T18:32,0.0
,0,2020-10-14T20:13,0.0
,0,2020-10-14T21:55,0.0
,0,2020-10-14T23:36,0.0
,0,2020-10-15T01:18,0.0
,0,2020-10-15T02:59,0.0
,0,2020-10-15T04:41,0.0
,0,2020-10-15T06:22,0.0
1.9795928995302647e-05,11,2020-10-15T08:04,0.049773755656108594
,0,2020-10-15T09:45,0.0
,0,2020-10-15T11:27,0.0
,0,2020-10-15T13:08,0.0
,0,2020-10-15T14:50,0.0
,0,2020-10-15T16:31,0.0
,0,2020-10-15T18:13,0.0
,0,2020-10-15T19:54,0.0
,0,2020-10-15T21:36,0.0
,0,2020-10-15T23:17,0.0
,0,2020-10-16T00:59,0.0
,0,2020-10-16T02:40,0.0
,0,2020-10-16T04:22,0.0
,0,2020-10-16T06:03,0.0
,0,2020-10-16T07:45,0.0
,0,2020-10-16T09:26,0.0
,0,2020-10-16T11:08,0.0
,0,2020-10-16T12:49,0.0
,0,2020-10-16T14:31,0.0
,0,2020-10-16T16:12,0.0
,0,2020-10-16T17:54,0.0
,0,2020-10-16T19:35,0.0
,0,2020-10-16T21:17,0.0
,0,2020-10-16T22:58,0.0
,0,2020-10-17T00:40,0.0
,0,2020-10-17T02:21,0.0
,0,2020-10-17T04:03,0.0
,0,2020-10-17T05:44,0.0
,0,2020-10-17T07:26,0.0
,0,2020-10-17T09:07,0.0
,0,2020-10-17T10:49,0.0
,0,2020-10-17T12:30,0.0
,0,2020-10-17T14:12,0.0
,0,2020-10-17T15:53,0.0
,0,2020-10-17T17:34,0.0
,0,2020-10-17T19:16,0.0
,0,2020-10-17T20:57,0.0
,0,2020-10-17T22:39,0.0
,0,2020-10-18T00:20,0.0
,0,2020-10-18T02:02,0.0
,0,2020-10-18T03:43,0.0
,0,2020-10-18T05:25,0.0
,0,2020-10-18T07:06,0.0
,0,2020-10-18T08:48,0.0
,0,2020-10-18T10:29,0.0
,0,2020-10-18T12:11,0.0
,0,2020-10-18T13:52,0.0
,0,2020-10-18T15:34,0.0
,0,2020-10-18T17:15,0.0
,0,2020-10-18T18:57,0.0
,0,2020-10-18T20:38,0.0
,0,2020-10-18T22:20,0.0
,0,2020-10-19T00:01,0.0
,0,2020-10-19T01:43,0.0
,0,2020-10-19T03:24,0.0
,0,2020-10-19T05:06,0.0
,0,2020-10-19T06:47,0.0
3.891723248355629e-05,144,2020-10-19T08:29,0.6515837104072398
,0,2020-10-19T10:10,0.0
,0,2020-10-19T11:52,0.0
,0,2020-10-19T13:33,0.0
,0,2020-10-19T15:15,0.0
,0,2020-10-19T16:56,0.0
,0,2020-10-19T18:38,0.0
,0,2020-10-19T20:19,0.0
,0,2020-10-19T22:01,0.0
,0,2020-10-19T23:42,0.0
,0,2020-10-20T01:24,0.0
,0,2020-10-20T03:05,0.0
,0,2020-10-20T04:47,0.0
,0,2020-10-20T06:28,0.0
2.9897124457743663e-05,28,2020-10-20T08:10,0.12669683257918551
,0,2020-10-20T09:51,0.0
,0,2020-10-20T11:33,0.0
,0,2020-10-20T13:14,0.0
,0,2020-10-20T14:56,0.0
,0,2020-10-20T16:37,0.0
,0,2020-10-20T18:19,0.0
,0,2020-10-20T20:00,0.0
,0,2020-10-20T21:42,0.0
,0,2020-10-20T23:23,0.0
,0,2020-10-21T01:05,0.0
,0,2020-10-21T02:46,0.0
,0,2020-10-21T04:28,0.0
,0,2020-10-21T06:09,0.0
3.810483897581699e-05,201,2020-10-21T07:50,0.9095022624434389
,0,2020-10-21T09:32,0.0
,0,2020-10-21T11:13,0.0
,0,2020-10-21T12:55,0.0
,0,2020-10-21T14:36,0.0
,0,2020-10-21T16:18,0.0
,0,2020-10-21T17:59,0.0
,0,2020-10-21T19:41,0.0
,0,2020-10-21T21:22,0.0
,0,2020-10-21T23:04,0.0
,0,2020-10-22T00:45,0.0
,0,2020-10-22T02:27,0.0
,0,2020-10-22T04:08,0.0
,0,2020-10-22T05:50,0.0
4.353171877952362e-05,252,2020-10-22T07:31,1.1402714932126696
,0,2020-10-22T09:13,0.0
,0,2020-10-22T10:54,0.0
,0,2020-10-22T12:36,0.0
,0,2020-10-22T14:17,0.0
,0,2020-10-22T15:59,0.0
,0,2020-10-22T18:28,0.0
,0,2020-10-22T19:22,0.0
,0,2020-10-22T21:03,0.0
,0,2020-10-22T22:45,0.0
,0,2020-10-23T00:26,0.0
,0,2020-10-23T02:08,0.0
,0,2020-10-23T03:49,0.0
,0,2020-10-23T05:31,0.0
4.479786090749051e-05,87,2020-10-23T07:12,0.3936651583710407
,0,2020-10-23T08:54,0.0
,0,2020-10-23T10:35,0.0
,0,2020-10-23T12:17,0.0
,0,2020-10-23T13:58,0.0
,0,2020-10-23T15:40,0.0
,0,2020-10-23T17:21,0.0
,0,2020-10-23T19:03,0.0
,0,2020-10-23T20:44,0.0
,0,2020-10-23T22:26,0.0
,0,2020-10-24T00:07,0.0
,0,2020-10-24T01:49,0.0
,0,2020-10-24T03:30,0.0
,0,2020-10-24T05:12,0.0
,0,2020-10-24T06:53,0.0
,0,2020-10-24T08:35,0.0
,0,2020-10-24T10:16,0.0
,0,2020-10-24T11:58,0.0
,0,2020-10-24T13:39,0.0
,0,2020-10-24T15:21,0.0
,0,2020-10-24T17:02,0.0
,0,2020-10-24T18:44,0.0
,0,2020-10-24T20:25,0.0
,0,2020-10-24T22:06,0.0
,0,2020-10-24T23:48,0.0
,0,2020-10-25T01:29,0.0
,0,2020-10-25T03:11,0.0
,0,2020-10-25T04:52,0.0
,0,2020-10-25T06:34,0.0
2.64452372284387e-05,157,2020-10-25T08:15,0.7104072398190046
,0,2020-10-25T09:57,0.0
,0,2020-10-25T11:38,0.0
,0,2020-10-25T13:20,0.0
,0,2020-10-25T15:01,0.0
,0,2020-10-25T16:43,0.0
,0,2020-10-25T18:24,0.0
,0,2020-10-25T20:06,0.0
,0,2020-10-25T21:47,0.0
,0,2020-10-25T23:29,0.0
,0,2020-10-26T01:10,0.0
,0,2020-10-26T02:52,0.0
,0,2020-10-26T04:33,0.0
,0,2020-10-26T06:15,0.0
3.331392008821188e-05,142,2020-10-26T07:56,0.6425339366515838
,0,2020-10-26T09:38,0.0
,0,2020-10-26T11:19,0.0
,0,2020-10-26T13:01,0.0
,0,2020-10-26T14:42,0.0
,0,2020-10-26T16:24,0.0
,0,2020-10-26T18:05,0.0
,0,2020-10-26T19:47,0.0
,0,2020-10-26T21:28,0.0
,0,2020-10-26T23:10,0.0
,0,2020-10-27T00:51,0.0
,0,2020-10-27T02:33,0.0
,0,2020-10-27T04:14,0.0
,0,2020-10-27T05:56,0.0
4.760097453484005e-05,269,2020-10-27T07:37,1.2171945701357465
,0,2020-10-27T09:19,0.0
,0,2020-10-27T11:00,0.0
,0,2020-10-27T12:42,0.0
,0,2020-10-27T14:23,0.0
,0,2020-10-27T16:05,0.0
,0,2020-10-27T17:46,0.0
,0,2020-10-27T19:28,0.0
,0,2020-10-27T21:09,0.0
,0,2020-10-27T22:51,0.0
,0,2020-10-28T00:32,0.0
,0,2020-10-28T02:14,0.0
,0,2020-10-28T03:55,0.0
,0,2020-10-28T05:37,0.0
5.119998742299151e-05,269,2020-10-28T07:18,1.2171945701357465
,0,2020-10-28T09:00,0.0
,0,2020-10-28T10:41,0.0
,0,2020-10-28T12:23,0.0
,0,2020-10-28T14:04,0.0
,0,2020-10-28T15:45,0.0
,0,2020-10-28T17:27,0.0
,0,2020-10-28T19:08,0.0
,0,2020-10-28T20:50,0.0
,0,2020-10-28T22:31,0.0
,0,2020-10-29T00:13,0.0
,0,2020-10-29T01:54,0.0
,0,2020-10-29T03:36,0.0
,0,2020-10-29T05:17,0.0
4.743564697695382e-05,269,2020-10-29T06:59,1.2171945701357465
,0,2020-10-29T08:40,0.0
,0,2020-10-29T10:22,0.0
,0,2020-10-29T12:03,0.0
,0,2020-10-29T13:45,0.0
,0,2020-10-29T15:26,0.0
,0,2020-10-29T17:08,0.0
,0,2020-10-29T18:49,0.0
,0,2020-10-29T20:31,0.0
,0,2020-10-29T22:12,0.0
,0,2020-10-29T23:54,0.0
,0,2020-10-30T01:35,0.0
,0,2020-10-30T03:17,0.0
,0,2020-10-30T04:58,0.0
,0,2020-10-30T06:40,0.0
5.7505117900829954e-05,269,2020-10-30T08:21,1.2171945701357465
,0,2020-10-30T10:03,0.0
,0,2020-10-30T11:44,0.0
,0,2020-10-30T13:26,0.0
,0,2020-10-30T15:07,0.0
,0,2020-10-30T16:49,0.0
,0,2020-10-30T18:30,0.0
,0,2020-10-30T20:12,0.0
,0,2020-10-30T21:53,0.0
,0,2020-10-30T23:35,0.0
,0,2020-10-31T01:16,0.0
,0,2020-10-31T02:58,0.0
,0,2020-10-31T04:39,0.0
,0,2020-10-31T06:21,0.0
5.593503122360367e-05,257,2020-10-31T08:02,1.16289592760181
,0,2020-10-31T09:44,0.0
,0,2020-10-31T11:25,0.0
,0,2020-10-31T13:07,0.0
,0,2020-10-31T14:48,0.0
,0,2020-10-31T16:30,0.0
,0,2020-10-31T18:11,0.0
,0,2020-10-31T19:53,0.0
,0,2020-10-31T21:34,0.0
,0,2020-10-31T23:16,0.0
,0,2020-11-01T00:57,0.0
,0,2020-11-01T02:39,0.0
,0,2020-11-01T04:20,0.0
,0,2020-11-01T06:02,0.0
5.406567148609799e-05,269,2020-11-01T07:43,1.2171945701357465
,0,2020-11-01T09:25,0.0
,0,2020-11-01T11:06,0.0
,0,2020-11-01T12:48,0.0
,0,2020-11-01T14:29,0.0
,0,2020-11-01T16:10,0.0
,0,2020-11-01T17:52,0.0
,0,2020-11-01T19:33,0.0
,0,2020-11-01T21:15,0.0
,0,2020-11-01T22:56,0.0
,0,2020-11-02T00:38,0.0
,0,2020-11-02T02:19,0.0
,0,2020-11-02T04:01,0.0
,0,2020-11-02T05:42,0.0
4.755409247180765e-05,269,2020-11-02T07:24,1.2171945701357465
,0,2020-11-02T09:05,0.0
,0,2020-11-02T10:47,0.0
,0,2020-11-02T12:28,0.0
,0,2020-11-02T14:10,0.0
,0,2020-11-02T15:51,0.0
,0,2020-11-02T17:33,0.0
,0,2020-11-02T19:14,0.0
,0,2020-11-02T20:56,0.0
,0,2020-11-02T22:37,0.0
,0,2020-11-03T00:19,0.0
,0,2020-11-03T02:00,0.0
,0,2020-11-03T03:42,0.0
,0,2020-11-03T05:23,0.0
3.5872249717114376e-05,269,2020-11-03T07:05,1.2171945701357465
,0,2020-11-03T08:46,0.0
,0,2020-11-03T10:28,0.0
,0,2020-11-03T12:09,0.0
,0,2020-11-03T13:51,0.0
,0,2020-11-03T15:32,0.0
,0,2020-11-03T17:14,0.0
,0,2020-11-03T18:55,0.0
,0,2020-11-03T20:37,0.0
,0,2020-11-03T22:18,0.0
,0,2020-11-04T00:00,0.0
,0,2020-11-04T01:41,0.0
,0,2020-11-04T03:23,0.0
,0,2020-11-04T05:04,0.0
,0,2020-11-04T06:46,0.0
4.830428450018462e-05,269,2020-11-04T08:27,1.2171945701357465
,0,2020-11-04T10:09,0.0
,0,2020-11-04T11:50,0.0
,0,2020-11-04T13:32,0.0
,0,2020-11-04T15:13,0.0
,0,2020-11-04T16:55,0.0
,0,2020-11-04T18:36,0.0
,0,2020-11-04T20:18,0.0
,0,2020-11-04T21:59,0.0
,0,2020-11-04T23:41,0.0
,0,2020-11-05T01:22,0.0
,0,2020-11-05T03:04,0.0
,0,2020-11-05T04:45,0.0
,0,2020-11-05T06:27,0.0
6.485389214138381e-05,269,2020-11-05T08:08,1.2171945701357465
,0,2020-11-05T09:50,0.0
,0,2020-11-05T11:31,0.0
,0,2020-11-05T13:13,0.0
,0,2020-11-05T14:54,0.0
,0,2020-11-05T16:35,0.0
,0,2020-11-05T18:17,0.0
,0,2020-11-05T19:58,0.0
,0,2020-11-05T21:40,0.0
,0,2020-11-05T23:21,0.0
,0,2020-11-06T01:03,0.0
,0,2020-11-06T02:44,0.0
,0,2020-11-06T04:26,0.0
,0,2020-11-06T06:07,0.0
5.4636460243726326e-05,269,2020-11-06T07:49,1.2171945701357465
,0,2020-11-06T09:30,0.0
,0,2020-11-06T11:12,0.0
,0,2020-11-06T12:53,0.0
,0,2020-11-06T14:35,0.0
,0,2020-11-06T16:16,0.0
,0,2020-11-06T17:58,0.0
,0,2020-11-06T19:39,0.0
,0,2020-11-06T21:21,0.0
,0,2020-11-06T23:02,0.0
,0,2020-11-07T00:44,0.0
,0,2020-11-07T02:25,0.0
,0,2020-11-07T04:07,0.0
,0,2020-11-07T05:48,0.0
5.012726703575109e-05,269,2020-11-07T07:30,1.2171945701357465
,0,2020-11-07T09:11,0.0
,0,2020-11-07T10:53,0.0
,0,2020-11-07T12:34,0.0
,0,2020-11-07T14:16,0.0
,0,2020-11-07T15:57,0.0
,0,2020-11-07T17:39,0.0
,0,2020-11-07T19:20,0.0
,0,2020-11-07T21:02,0.0
,0,2020-11-07T22:43,0.0
,0,2020-11-08T00:25,0.0
,0,2020-11-08T03:48,0.0
,0,2020-11-08T05:29,0.0
4.3878323317647756e-05,269,2020-11-08T07:11,1.2171945701357465
,0,2020-11-08T08:52,0.0
,0,2020-11-08T10:34,0.0
,0,2020-11-08T12:15,0.0
,0,2020-11-08T13:57,0.0
,0,2020-11-08T15:38,0.0
,0,2020-11-08T17:20,0.0
,0,2020-11-08T19:01,0.0
,0,2020-11-08T20:43,0.0
,0,2020-11-08T22:24,0.0
,0,2020-11-09T00:06,0.0
,0,2020-11-09T01:47,0.0
,0,2020-11-09T03:29,0.0
,0,2020-11-09T05:10,0.0
4.051343308081112e-05,269,2020-11-09T06:52,1.2171945701357465
5.3327233647282185e-05,269,2020-11-09T08:33,1.2171945701357465
,0,2020-11-09T10:15,0.0
,0,2020-11-09T11:56,0.0
,0,2020-11-09T13:38,0.0
,0,2020-11-09T15:19,0.0
,0,2020-11-09T17:01,0.0
,0,2020-11-09T18:42,0.0
,0,2020-11-09T20:23,0.0
,0,2020-11-09T22:05,0.0
,0,2020-11-09T23:46,0.0
,0,2020-11-10T01:28,0.0
,0,2020-11-10T03:09,0.0
,0,2020-11-10T04:51,0.0
,0,2020-11-10T06:32,0.0
5.6718668379046006e-05,269,2020-11-10T08:14,1.2171945701357465
,0,2020-11-10T09:55,0.0
,0,2020-11-10T11:37,0.0
,0,2020-11-10T13:18,0.0
,0,2020-11-10T15:00,0.0
,0,2020-11-10T16:41,0.0
,0,2020-11-10T18:23,0.0
,0,2020-11-10T20:04,0.0
,0,2020-11-10T21:46,0.0
,0,2020-11-10T23:27,0.0
,0,2020-11-11T01:09,0.0
,0,2020-11-11T02:50,0.0
,0,2020-11-11T04:32,0.0
,0,2020-11-11T06:13,0.0
6.344210868174943e-05,269,2020-11-11T07:55,1.2171945701357465
,0,2020-11-11T09:36,0.0
,0,2020-11-11T11:18,0.0
,0,2020-11-11T12:59,0.0
,0,2020-11-11T14:41,0.0
,0,2020-11-11T16:22,0.0
,0,2020-11-11T18:04,0.0
,0,2020-11-11T19:45,0.0
,0,2020-11-11T21:27,0.0
,0,2020-11-11T23:08,0.0
,0,2020-11-12T00:50,0.0
,0,2020-11-12T02:31,0.0
,0,2020-11-12T04:13,0.0
,0,2020-11-12T05:54,0.0
6.716907178331834e-05,269,2020-11-12T07:36,1.2171945701357465
,0,2020-11-12T09:17,0.0
,0,2020-11-12T10:59,0.0
,0,2020-11-12T12:40,0.0
,0,2020-11-12T14:22,0.0
,0,2020-11-12T16:03,0.0
,0,2020-11-12T17:45,0.0
,0,2020-11-12T19:26,0.0
,0,2020-11-12T21:08,0.0
,0,2020-11-12T22:49,0.0
,0,2020-11-13T00:31,0.0
,0,2020-11-13T02:12,0.0
,0,2020-11-13T03:54,0.0
,0,2020-11-13T05:35,0.0
3.227295632667688e-05,109,2020-11-13T07:17,0.49321266968325794
,0,2020-11-13T08:58,0.0
,0,2020-11-13T10:40,0.0
,0,2020-11-13T12:21,0.0
,0,2020-11-13T14:03,0.0
,0,2020-11-13T15:44,0.0
,0,2020-11-13T17:26,0.0
,0,2020-11-13T19:07,0.0
,0,2020-11-13T20:49,0.0
,0,2020-11-13T22:30,0.0
,0,2020-11-14T00:12,0.0
,0,2020-11-14T01:53,0.0
,0,2020-11-14T03:35,0.0
,0,2020-11-14T05:16,0.0
3.200933831319023e-05,139,2020-11-14T06:57,0.6289592760180995
,0,2020-11-14T08:39,0.0
,0,2020-11-14T10:20,0.0
,0,2020-11-14T12:02,0.0
,0,2020-11-14T13:43,0.0
,0,2020-11-14T15:25,0.0
,0,2020-11-14T17:06,0.0
,0,2020-11-14T18:48,0.0
,0,2020-11-14T20:29,0.0
,0,2020-11-14T22:11,0.0
,0,2020-11-14T23:52,0.0
,0,2020-11-15T01:34,0.0
,0,2020-11-15T03:15,0.0
,0,2020-11-15T04:57,0.0
,0,2020-11-15T06:38,0.0
3.303035752346249e-05,118,2020-11-15T08:20,0.5339366515837104
,0,2020-11-15T10:01,0.0
,0,2020-11-15T11:43,0.0
,0,2020-11-15T13:24,0.0
,0,2020-11-15T15:06,0.0
,0,2020-11-15T16:47,0.0
,0,2020-11-15T18:29,0.0
,0,2020-11-15T20:10,0.0
,0,2020-11-15T21:52,0.0
,0,2020-11-15T23:33,0.0
,0,2020-11-16T01:15,0.0
,0,2020-11-16T02:56,0.0
,0,2020-11-16T04:38,0.0
,0,2020-11-16T06:19,0.0
4.29745471968225e-05,269,2020-11-16T08:01,1.2171945701357465
,0,2020-11-16T09:42,0.0
,0,2020-11-16T11:24,0.0
,0,2020-11-16T13:05,0.0
,0,2020-11-16T14:47,0.0
,0,2020-11-16T16:28,0.0
,0,2020-11-16T18:10,0.0
,0,2020-11-16T19:51,0.0
,0,2020-11-16T21:33,0.0
,0,2020-11-16T23:14,0.0
,0,2020-11-17T00:56,0.0
,0,2020-11-17T02:37,0.0
,0,2020-11-17T04:19,0.0
,0,2020-11-17T06:00,0.0
3.583033098150375e-05,251,2020-11-17T07:42,1.1357466063348416
,0,2020-11-17T09:23,0.0
,0,2020-11-17T11:05,0.0
,0,2020-11-17T12:46,0.0
,0,2020-11-17T14:28,0.0
,0,2020-11-17T16:09,0.0
,0,2020-11-17T17:51,0.0
,0,2020-11-17T20:22,0.0
,0,2020-11-17T21:14,0.0
,0,2020-11-17T22:55,0.0
,0,2020-11-18T00:37,0.0
,0,2020-11-18T02:18,0.0
,0,2020-11-18T04:00,0.0
,0,2020-11-18T05:41,0.0
,0,2020-11-18T07:23,0.0
,0,2020-11-18T09:04,0.0
,0,2020-11-18T10:46,0.0
,0,2020-11-18T12:27,0.0
,0,2020-11-18T14:09,0.0
,0,2020-11-18T15:50,0.0
,0,2020-11-18T17:32,0.0
,0,2020-11-18T19:13,0.0
,0,2020-11-18T20:55,0.0
,0,2020-11-18T22:36,0.0
,0,2020-11-19T00:17,0.0
,0,2020-11-19T01:59,0.0
,0,2020-11-19T03:40,0.0
,0,2020-11-19T05:22,0.0
3.4137822270492034e-05,92,2020-11-19T07:03,0.416289592760181
,0,2020-11-19T08:45,0.0
,0,2020-11-19T10:26,0.0
,0,2020-11-19T12:08,0.0
,0,2020-11-19T13:49,0.0
,0,2020-11-19T15:31,0.0
,0,2020-11-19T17:12,0.0
,0,2020-11-19T18:54,0.0
,0,2020-11-19T20:35,0.0
,0,2020-11-19T22:17,0.0
,0,2020-11-19T23:58,0.0
,0,2020-11-20T01:40,0.0
,0,2020-11-20T03:21,0.0
,0,2020-11-20T05:03,0.0
,0,2020-11-20T06:44,0.0
5.60122170144674e-05,42,2020-11-20T08:26,0.19004524886877827
,0,2020-11-20T10:07,0.0
,0,2020-11-20T11:49,0.0
,0,2020-11-20T13:30,0.0
,0,2020-11-20T15:12,0.0
,0,2020-11-20T16:53,0.0
,0,2020-11-20T18:35,0.0
,0,2020-11-20T20:16,0.0
,0,2020-11-20T21:58,0.0
,0,2020-11-20T23:39,0.0
,0,2020-11-21T01:21,0.0
,0,2020-11-21T03:02,0.0
,0,2020-11-21T04:44,0.0
,0,2020-11-21T06:25,0.0
4.640686829107361e-05,146,2020-11-21T08:07,0.6606334841628959
,0,2020-11-21T09:48,0.0
,0,2020-11-21T11:30,0.0
,0,2020-11-21T13:11,0.0
,0,2020-11-21T14:53,0.0
,0,2020-11-21T16:34,0.0
,0,2020-11-21T18:16,0.0
,0,2020-11-21T19:57,0.0
,0,2020-11-21T21:39,0.0
,0,2020-11-21T23:20,0.0
,0,2020-11-22T01:02,0.0
,0,2020-11-22T02:43,0.0
,0,2020-11-22T04:25,0.0
,0,2020-11-22T06:06,0.0
4.40750320603146e-05,237,2020-11-22T07:48,1.0723981900452488
,0,2020-11-22T09:29,0.0
,0,2020-11-22T11:11,0.0
,0,2020-11-22T12:52,0.0
,0,2020-11-22T14:34,0.0
,0,2020-11-22T16:15,0.0
,0,2020-11-22T17:57,0.0
,0,2020-11-22T19:38,0.0
,0,2020-11-22T21:20,0.0
,0,2020-11-22T23:01,0.0
,0,2020-11-23T00:43,0.0
,0,2020-11-23T02:24,0.0
,0,2020-11-23T04:06,0.0
,0,2020-11-23T05:47,0.0
5.886218507530542e-05,218,2020-11-23T07:29,0.9864253393665159
,0,2020-11-23T09:10,0.0
,0,2020-11-23T10:52,0.0
,0,2020-11-23T12:33,0.0
,0,2020-11-23T14:15,0.0
,0,2020-11-23T15:56,0.0
,0,2020-11-23T17:38,0.0
,0,2020-11-23T19:19,0.0
,0,2020-11-23T21:01,0.0
,0,2020-11-23T22:42,0.0
,0,2020-11-24T00:24,0.0
,0,2020-11-24T02:05,0.0
,0,2020-11-24T03:47,0.0
,0,2020-11-24T05:28,0.0
,0,2020-11-24T07:09,0.0
,0,2020-11-24T08:51,0.0
,0,2020-11-24T10:32,0.0
,0,2020-11-24T12:14,0.0
,0,2020-11-24T13:55,0.0
,0,2020-11-24T15:37,0.0
,0,2020-11-24T17:18,0.0
,0,2020-11-24T19:00,0.0
,0,2020-11-24T20:41,0.0
,0,2020-11-24T22:23,0.0
,0,2020-11-25T00:04,0.0
,0,2020-11-25T01:46,0.0
,0,2020-11-25T03:27,0.0
,0,2020-11-25T05:09,0.0
3.936398710775221e-05,269,2020-11-25T06:50,1.2171945701357465
5.004714982457321e-05,269,2020-11-25T08:32,1.2171945701357465
,0,2020-11-25T10:13,0.0
,0,2020-11-25T11:55,0.0
,0,2020-11-25T13:36,0.0
,0,2020-11-25T15:18,0.0
,0,2020-11-25T16:59,0.0
,0,2020-11-25T18:41,0.0
,0,2020-11-25T20:22,0.0
,0,2020-11-25T22:04,0.0
,0,2020-11-25T23:45,0.0
,0,2020-11-26T01:27,0.0
,0,2020-11-26T03:08,0.0
,0,2020-11-26T04:50,0.0
,0,2020-11-26T06:31,0.0
4.201935197626447e-05,174,2020-11-26T08:13,0.7873303167420814
,0,2020-11-26T09:54,0.0
,0,2020-11-26T11:36,0.0
,0,2020-11-26T13:17,0.0
,0,2020-11-26T14:59,0.0
,0,2020-11-26T16:40,0.0
,0,2020-11-26T18:22,0.0
,0,2020-11-26T20:03,0.0
,0,2020-11-26T21:45,0.0
,0,2020-11-26T23:26,0.0
,0,2020-11-27T01:08,0.0
,0,2020-11-27T02:49,0.0
,0,2020-11-27T04:31,0.0
,0,2020-11-27T06:12,0.0
3.268416237914427e-05,190,2020-11-27T07:54,0.8597285067873304
,0,2020-11-27T09:35,0.0
,0,2020-11-27T11:17,0.0
,0,2020-11-27T12:58,0.0
,0,2020-11-27T14:40,0.0
,0,2020-11-27T16:21,0.0
,0,2020-11-27T18:03,0.0
,0,2020-11-27T19:44,0.0
,0,2020-11-27T21:26,0.0
,0,2020-11-27T23:07,0.0
,0,2020-11-28T00:49,0.0
,0,2020-11-28T02:30,0.0
,0,2020-11-28T04:12,0.0
,0,2020-11-28T05:53,0.0
1.9819294217451195e-05,31,2020-11-28T07:35,0.14027149321266968
,0,2020-11-28T09:16,0.0
,0,2020-11-28T10:58,0.0
,0,2020-11-28T12:39,0.0
,0,2020-11-28T14:21,0.0
,0,2020-11-28T16:02,0.0
,0,2020-11-28T17:44,0.0
,0,2020-11-28T19:25,0.0
,0,2020-11-28T21:07,0.0
,0,2020-11-28T22:48,0.0
,0,2020-11-29T00:30,0.0
,0,2020-11-29T02:11,0.0
,0,2020-11-29T03:53,0.0
,0,2020-11-29T05:34,0.0
3.4427566700182157e-05,105,2020-11-29T07:16,0.4751131221719457
,0,2020-11-29T08:57,0.0
,0,2020-11-29T10:39,0.0
,0,2020-11-29T12:20,0.0
,0,2020-11-29T14:02,0.0
,0,2020-11-29T15:43,0.0
,0,2020-11-29T17:25,0.0
,0,2020-11-29T19:06,0.0
,0,2020-11-29T20:48,0.0
,0,2020-11-29T22:29,0.0
,0,2020-11-30T00:11,0.0
,0,2020-11-30T01:52,0.0
,0,2020-11-30T03:34,0.0
,0,2020-11-30T05:15,0.0
4.697103680058167e-05,63,2020-11-30T06:56,0.2850678733031674
,0,2020-11-30T08:38,0.0
,0,2020-11-30T10:19,0.0
,0,2020-11-30T12:01,0.0
,0,2020-11-30T13:42,0.0
,0,2020-11-30T15:24,0.0
,0,2020-11-30T17:05,0.0
,0,2020-11-30T18:47,0.0
,0,2020-11-30T20:28,0.0
,0,2020-11-30T22:10,0.0
,0,2020-11-30T23:51,0.0
,0,2020-12-01T01:33,0.0
,0,2020-12-01T03:14,0.0
,0,2020-12-01T04:56,0.0
,0,2020-12-01T06:37,0.0
,0,2020-12-01T08:19,0.0
,0,2020-12-01T10:00,0.0
,0,2020-12-01T11:42,0.0
,0,2020-12-01T13:23,0.0
,0,2020-12-01T15:05,0.0
,0,2020-12-01T16:46,0.0
,0,2020-12-01T18:28,0.0
,0,2020-12-01T20:09,0.0
,0,2020-12-01T21:51,0.0
,0,2020-12-01T23:32,0.0
,0,2020-12-02T01:14,0.0
,0,2020-12-02T02:55,0.0
,0,2020-12-02T04:37,0.0
,0,2020-12-02T06:18,0.0
5.495436802486548e-05,269,2020-12-02T08:00,1.2171945701357465
,0,2020-12-02T09:41,0.0
,0,2020-12-02T11:23,0.0
,0,2020-12-02T13:04,0.0
,0,2020-12-02T14:46,0.0
,0,2020-12-02T16:27,0.0
,0,2020-12-02T18:09,0.0
,0,2020-12-02T19:50,0.0
,0,2020-12-02T21:32,0.0
,0,2020-12-02T23:13,0.0
,0,2020-12-03T00:55,0.0
,0,2020-12-03T02:36,0.0
,0,2020-12-03T04:18,0.0
,0,2020-12-03T05:59,0.0
6.136220522001241e-05,235,2020-12-03T07:41,1.0633484162895928
,0,2020-12-03T09:22,0.0
,0,2020-12-03T11:04,0.0
,0,2020-12-03T12:45,0.0
,0,2020-12-03T14:27,0.0
,0,2020-12-03T16:08,0.0
,0,2020-12-03T17:50,0.0
,0,2020-12-03T19:31,0.0
,0,2020-12-03T21:13,0.0
,0,2020-12-03T22:54,0.0
,0,2020-12-04T00:36,0.0
,0,2020-12-04T02:17,0.0
,0,2020-12-04T03:59,0.0
7.274271475825138e-05,269,2020-12-04T07:22,1.2171945701357465
,0,2020-12-04T09:03,0.0
,0,2020-12-04T10:45,0.0
,0,2020-12-04T12:26,0.0
,0,2020-12-04T14:08,0.0
,0,2020-12-04T15:49,0.0
,0,2020-12-04T17:31,0.0
,0,2020-12-04T19:12,0.0
,0,2020-12-04T20:54,0.0
,0,2020-12-04T22:35,0.0
,0,2020-12-05T00:17,0.0
,0,2020-12-05T01:58,0.0
,0,2020-12-05T03:40,0.0
,0,2020-12-05T05:21,0.0
6.459575874426508e-05,269,2020-12-05T07:03,1.2171945701357465
,0,2020-12-05T08:44,0.0
,0,2020-12-05T10:26,0.0
,0,2020-12-05T12:07,0.0
,0,2020-12-05T13:49,0.0
,0,2020-12-05T15:30,0.0
,0,2020-12-05T17:12,0.0
,0,2020-12-05T18:53,0.0
,0,2020-12-05T20:35,0.0
,0,2020-12-05T22:16,0.0
,0,2020-12-05T23:58,0.0
,0,2020-12-06T01:39,0.0
,0,2020-12-06T03:21,0.0
,0,2020-12-06T05:02,0.0
,0,2020-12-06T06:44,0.0
5.000020393653273e-05,269,2020-12-06T08:25,1.2171945701357465
,0,2020-12-06T10:07,0.0
,0,2020-12-06T11:48,0.0
,0,2020-12-06T13:30,0.0
,0,2020-12-06T15:11,0.0
,0,2020-12-06T16:53,0.0
,0,2020-12-06T18:34,0.0
,0,2020-12-06T20:16,0.0
,0,2020-12-06T21:57,0.0
,0,2020-12-06T23:39,0.0
,0,2020-12-07T01:20,0.0
,0,2020-12-07T03:02,0.0
,0,2020-12-07T04:43,0.0
,0,2020-12-07T06:24,0.0
5.147850991173437e-05,269,2020-12-07T08:06,1.2171945701357465
,0,2020-12-07T09:48,0.0
,0,2020-12-07T11:29,0.0
,0,2020-12-07T13:10,0.0
,0,2020-12-07T14:52,0.0
,0,2020-12-07T16:33,0.0
,0,2020-12-07T18:15,0.0
,0,2020-12-07T19:56,0.0
,0,2020-12-07T21:38,0.0
,0,2020-12-07T23:19,0.0
,0,2020-12-08T01:01,0.0
,0,2020-12-08T02:42,0.0
,0,2020-12-08T04:24,0.0
,0,2020-12-08T06:05,0.0
6.407349483410118e-05,269,2020-12-08T07:47,1.2171945701357465
,0,2020-12-08T09:28,0.0
,0,2020-12-08T11:10,0.0
,0,2020-12-08T12:51,0.0
,0,2020-12-08T14:33,0.0
,0,2020-12-08T16:14,0.0
,0,2020-12-08T17:56,0.0
,0,2020-12-08T19:37,0.0
,0,2020-12-08T21:19,0.0
,0,2020-12-08T23:00,0.0
,0,2020-12-09T00:42,0.0
,0,2020-12-09T02:23,0.0
,0,2020-12-09T04:05,0.0
,0,2020-12-09T05:46,0.0
7.389530705042906e-05,269,2020-12-09T07:28,1.2171945701357465
,0,2020-12-09T09:09,0.0
,0,2020-12-09T10:51,0.0
,0,2020-12-09T12:32,0.0
,0,2020-12-09T14:14,0.0
,0,2020-12-09T15:55,0.0
,0,2020-12-09T17:37,0.0
,0,2020-12-09T19:18,0.0
,0,2020-12-09T21:00,0.0
,0,2020-12-09T22:41,0.0
,0,2020-12-10T00:23,0.0
,0,2020-12-10T02:04,0.0
,0,2020-12-10T03:46,0.0
,0,2020-12-10T05:27,0.0
0.00010721910986354862,269,2020-12-10T07:09,1.2171945701357465
,0,2020-12-10T08:50,0.0
,0,2020-12-10T10:32,0.0
,0,2020-12-10T12:13,0.0
,0,2020-12-10T13:55,0.0
,0,2020-12-10T15:36,0.0
,0,2020-12-10T17:18,0.0
,0,2020-12-10T18:59,0.0
,0,2020-12-10T20:41,0.0
,0,2020-12-10T22:22,0.0
,0,2020-12-11T00:04,0.0
,0,2020-12-11T01:45,0.0
,0,2020-12-11T03:27,0.0
,0,2020-12-11T05:08,0.0
,0,2020-12-11T06:50,0.0
7.373661460106234e-05,87,2020-12-11T08:31,0.3936651583710407
,0,2020-12-11T10:13,0.0
,0,2020-12-11T11:54,0.0
,0,2020-12-11T13:36,0.0
,0,2020-12-11T15:17,0.0
,0,2020-12-11T16:59,0.0
,0,2020-12-11T18:40,0.0
,0,2020-12-11T20:22,0.0
,0,2020-12-11T22:03,0.0
,0,2020-12-11T23:45,0.0
,0,2020-12-12T01:26,0.0
,0,2020-12-12T03:08,0.0
,0,2020-12-12T04:49,0.0
,0,2020-12-12T06:31,0.0
0.0001286733834068134,73,2020-12-12T08:12,0.33031674208144796
,0,2020-12-12T09:54,0.0
,0,2020-12-12T11:35,0.0
,0,2020-12-12T13:17,0.0
,0,2020-12-12T14:58,0.0
,0,2020-12-12T16:40,0.0
,0,2020-12-12T18:21,0.0
,0,2020-12-12T20:03,0.0
,0,2020-12-12T21:44,0.0
,0,2020-12-12T23:26,0.0
,0,2020-12-13T01:07,0.0
,0,2020-12-13T02:49,0.0
,0,2020-12-13T04:30,0.0
,0,2020-12-13T06:12,0.0
,0,2020-12-13T07:53,0.0
,0,2020-12-13T09:35,0.0
,0,2020-12-13T11:16,0.0
,0,2020-12-13T12:58,0.0
,0,2020-12-13T14:39,0.0
,0,2020-12-13T16:21,0.0
,0,2020-12-13T18:02,0.0
,0,2020-12-13T19:44,0.0
,0,2020-12-13T21:25,0.0
,0,2020-12-13T23:07,0.0
,0,2020-12-14T00:48,0.0
,0,2020-12-14T02:30,0.0
,0,2020-12-14T04:11,0.0
,0,2020-12-14T05:53,0.0
,0,2020-12-14T07:34,0.0
,0,2020-12-14T09:16,0.0
,0,2020-12-14T10:57,0.0
,0,2020-12-14T12:39,0.0
,0,2020-12-14T14:20,0.0
,0,2020-12-14T16:02,0.0
,0,2020-12-14T17:43,0.0
,0,2020-12-14T19:25,0.0
,0,2020-12-14T21:06,0.0
,0,2020-12-14T22:48,0.0
,0,2020-12-15T00:29,0.0
,0,2020-12-15T02:11,0.0
,0,2020-12-15T03:52,0.0
,0,2020-12-15T05:34,0.0
9.290873040197818e-05,269,2020-12-15T07:15,1.2171945701357465
,0,2020-12-15T08:57,0.0
,0,2020-12-15T10:38,0.0
,0,2020-12-15T12:20,0.0
,0,2020-12-15T14:01,0.0
,0,2020-12-15T15:43,0.0
,0,2020-12-15T17:24,0.0
,0,2020-12-15T19:06,0.0
,0,2020-12-15T20:47,0.0
,0,2020-12-15T22:29,0.0
,0,2020-12-16T00:10,0.0
,0,2020-12-16T01:52,0.0
,0,2020-12-16T03:33,0.0
,0,2020-12-16T05:15,0.0
6.433659252063439e-05,269,2020-12-16T06:56,1.2171945701357465
,0,2020-12-16T08:38,0.0
,0,2020-12-16T10:19,0.0
,0,2020-12-16T12:01,0.0
,0,2020-12-16T13:42,0.0
,0,2020-12-16T15:24,0.0
,0,2020-12-16T17:05,0.0
,0,2020-12-16T18:47,0.0
,0,2020-12-16T20:28,0.0
,0,2020-12-16T22:10,0.0
,0,2020-12-16T23:51,0.0
,0,2020-12-17T01:33,0.0
,0,2020-12-17T03:14,0.0
,0,2020-12-17T04:56,0.0
,0,2020-12-17T06:37,0.0
7.3881112601593e-05,269,2020-12-17T08:18,1.2171945701357465
,0,2020-12-17T10:00,0.0
,0,2020-12-17T11:42,0.0
,0,2020-12-17T13:23,0.0
,0,2020-12-17T15:04,0.0
,0,2020-12-17T16:46,0.0
,0,2020-12-17T18:27,0.0
,0,2020-12-17T20:09,0.0
,0,2020-12-17T21:50,0.0
,0,2020-12-17T23:32,0.0
,0,2020-12-18T01:13,0.0
,0,2020-12-18T02:55,0.0
,0,2020-12-18T04:36,0.0
,0,2020-12-18T06:18,0.0
7.252314368579653e-05,269,2020-12-18T07:59,1.2171945701357465
,0,2020-12-18T09:41,0.0
,0,2020-12-18T11:22,0.0
,0,2020-12-18T13:04,0.0
,0,2020-12-18T14:45,0.0
,0,2020-12-18T16:27,0.0
,0,2020-12-18T18:08,0.0
,0,2020-12-18T19:50,0.0
,0,2020-12-18T21:31,0.0
,0,2020-12-18T23:13,0.0
,0,2020-12-19T00:54,0.0
,0,2020-12-19T02:36,0.0
,0,2020-12-19T04:17,0.0
,0,2020-12-19T05:59,0.0
7.96654161482286e-05,269,2020-12-19T07:40,1.2171945701357465
,0,2020-12-19T09:22,0.0
,0,2020-12-19T11:03,0.0
,0,2020-12-19T12:45,0.0
,0,2020-12-19T14:26,0.0
,0,2020-12-19T16:08,0.0
,0,2020-12-19T17:49,0.0
,0,2020-12-19T19:31,0.0
,0,2020-12-19T21:12,0.0
,0,2020-12-19T22:54,0.0
,0,2020-12-20T00:35,0.0
,0,2020-12-20T02:17,0.0
,0,2020-12-20T03:58,0.0
,0,2020-12-20T05:40,0.0
5.360673792038867e-05,269,2020-12-20T07:21,1.2171945701357465
,0,2020-12-20T09:03,0.0
,0,2020-12-20T10:44,0.0
,0,2020-12-20T12:26,0.0
,0,2020-12-20T14:07,0.0
,0,2020-12-20T15:49,0.0
,0,2020-12-20T17:30,0.0
,0,2020-12-20T19:12,0.0
,0,2020-12-20T20:53,0.0
,0,2020-12-20T22:35,0.0
,0,2020-12-21T00:16,0.0
,0,2020-12-21T01:58,0.0
,0,2020-12-21T03:39,0.0
,0,2020-12-21T05:21,0.0
6.525195072628524e-05,269,2020-12-21T07:02,1.2171945701357465
,0,2020-12-21T08:44,0.0
,0,2020-12-21T10:25,0.0
,0,2020-12-21T12:07,0.0
,0,2020-12-21T13:48,0.0
,0,2020-12-21T15:30,0.0
,0,2020-12-21T17:11,0.0
,0,2020-12-21T18:53,0.0
,0,2020-12-21T20:34,0.0
,0,2020-12-21T22:16,0.0
,0,2020-12-21T23:57,0.0
,0,2020-12-22T01:39,0.0
,0,2020-12-22T03:20,0.0
,0,2020-12-22T05:02,0.0
,0,2020-12-22T06:43,0.0
9.00863272753216e-05,80,2020-12-22T08:25,0.36199095022624433
,0,2020-12-22T10:06,0.0
,0,2020-12-22T11:48,0.0
,0,2020-12-22T13:29,0.0
,0,2020-12-22T15:11,0.0
,0,2020-12-22T16:52,0.0
,0,2020-12-22T18:34,0.0
,0,2020-12-22T20:15,0.0
,0,2020-12-22T21:57,0.0
,0,2020-12-22T23:38,0.0
,0,2020-12-23T01:20,0.0
,0,2020-12-23T03:01,0.0
,0,2020-12-23T04:43,0.0
,0,2020-12-23T06:24,0.0
9.017801884156718e-05,269,2020-12-23T08:06,1.2171945701357465
,0,2020-12-23T09:47,0.0
,0,2020-12-23T11:29,0.0
,0,2020-12-23T13:10,0.0
,0,2020-12-23T14:52,0.0
,0,2020-12-23T16:33,0.0
,0,2020-12-23T18:15,0.0
,0,2020-12-23T19:56,0.0
,0,2020-12-23T21:38,0.0
,0,2020-12-23T23:19,0.0
,0,2020-12-24T01:01,0.0
,0,2020-12-24T02:42,0.0
,0,2020-12-24T04:24,0.0
,0,2020-12-24T06:05,0.0
7.896680566480945e-05,269,2020-12-24T07:47,1.2171945701357465
,0,2020-12-24T09:28,0.0
,0,2020-12-24T11:10,0.0
,0,2020-12-24T12:51,0.0
,0,2020-12-24T14:33,0.0
,0,2020-12-24T16:14,0.0
,0,2020-12-24T17:56,0.0
,0,2020-12-24T19:37,0.0
,0,2020-12-24T21:19,0.0
,0,2020-12-24T23:00,0.0
,0,2020-12-25T00:42,0.0
,0,2020-12-25T02:23,0.0
,0,2020-12-25T04:05,0.0
,0,2020-12-25T05:46,0.0
8.376772410305472e-05,269,2020-12-25T07:28,1.2171945701357465
,0,2020-12-25T09:09,0.0
,0,2020-12-25T10:51,0.0
,0,2020-12-25T12:32,0.0
,0,2020-12-25T14:14,0.0
,0,2020-12-25T15:55,0.0
,0,2020-12-25T17:37,0.0
,0,2020-12-25T19:18,0.0
,0,2020-12-25T21:00,0.0
,0,2020-12-25T22:41,0.0
,0,2020-12-26T00:23,0.0
,0,2020-12-26T02:04,0.0
,0,2020-12-26T03:46,0.0
,0,2020-12-26T05:27,0.0
8.047882755537141e-05,269,2020-12-26T07:09,1.2171945701357465
,0,2020-12-26T08:50,0.0
,0,2020-12-26T10:32,0.0
,0,2020-12-26T12:13,0.0
,0,2020-12-26T13:55,0.0
,0,2020-12-26T15:36,0.0
,0,2020-12-26T17:18,0.0
,0,2020-12-26T18:59,0.0
,0,2020-12-26T20:41,0.0
,0,2020-12-26T22:22,0.0
,0,2020-12-27T00:04,0.0
,0,2020-12-27T01:45,0.0
,0,2020-12-27T03:27,0.0
,0,2020-12-27T05:08,0.0
7.39150672908237e-05,269,2020-12-27T06:50,1.2171945701357465
6.684751929587656e-05,269,2020-12-27T08:31,1.2171945701357465
,0,2020-12-27T10:13,0.0
,0,2020-12-27T11:54,0.0
,0,2020-12-27T13:36,0.0
,0,2020-12-27T15:17,0.0
,0,2020-12-27T16:59,0.0
,0,2020-12-27T18:40,0.0
,0,2020-12-27T20:22,0.0
,0,2020-12-27T22:03,0.0
,0,2020-12-27T23:45,0.0
,0,2020-12-28T01:26,0.0
,0,2020-12-28T03:08,0.0
,0,2020-12-28T04:49,0.0
,0,2020-12-28T06:31,0.0
6.768908407740186e-05,269,2020-12-28T08:12,1.2171945701357465
,0,2020-12-28T09:54,0.0
,0,2020-12-28T11:35,0.0
,0,2020-12-28T13:17,0.0
,0,2020-12-28T14:58,0.0
,0,2020-12-28T16:40,0.0
,0,2020-12-28T18:21,0.0
,0,2020-12-28T20:03,0.0
,0,2020-12-28T21:44,0.0
,0,2020-12-28T23:26,0.0
,0,2020-12-29T01:07,0.0
,0,2020-12-29T02:49,0.0
,0,2020-12-29T04:30,0.0
,0,2020-12-29T06:12,0.0
0.00011808080896256429,269,2020-12-29T07:53,1.2171945701357465
,0,2020-12-29T09:35,0.0
,0,2020-12-29T11:16,0.0
,0,2020-12-29T12:58,0.0
,0,2020-12-29T14:39,0.0
,0,2020-12-29T16:21,0.0
,0,2020-12-29T18:02,0.0
,0,2020-12-29T19:44,0.0
,0,2020-12-29T21:25,0.0
,0,2020-12-29T23:07,0.0
,0,2020-12-30T00:48,0.0
,0,2020-12-30T02:30,0.0
,0,2020-12-30T04:11,0.0
,0,2020-12-30T05:53,0.0
9.93768514515064e-05,269,2020-12-30T07:34,1.2171945701357465
,0,2020-12-30T09:16,0.0
,0,2020-12-30T10:57,0.0
,0,2020-12-30T12:39,0.0
,0,2020-12-30T14:20,0.0
,0,2020-12-30T16:02,0.0
,0,2020-12-30T17:43,0.0
,0,2020-12-30T19:25,0.0
,0,2020-12-30T21:06,0.0
,0,2020-12-30T22:48,0.0
,0,2020-12-31T00:29,0.0
,0,2020-12-31T02:11,0.0
,0,2020-12-31T03:52,0.0
,0,2020-12-31T05:34,0.0
5.197034863236834e-05,263,2020-12-31T07:15,1.1900452488687783
,0,2020-12-31T08:57,0.0
,0,2020-12-31T10:38,0.0
,0,2020-12-31T12:20,0.0
,0,2020-12-31T14:01,0.0
,0,2020-12-31T15:43,0.0
,0,2020-12-31T17:24,0.0
,0,2020-12-31T19:06,0.0
,0,2020-12-31T20:47,0.0
,0,2020-12-31T22:29,0.0
,0,2021-01-01T00:10,0.0
,0,2021-01-01T01:52,0.0
,0,2021-01-01T03:33,0.0
,0,2021-01-01T05:15,0.0
5.5630130039193715e-05,150,2021-01-01T06:56,0.6787330316742082
,0,2021-01-01T08:38,0.0
,0,2021-01-01T10:19,0.0
,0,2021-01-01T12:01,0.0
,0,2021-01-01T13:42,0.0
,0,2021-01-01T15:24,0.0
,0,2021-01-01T17:05,0.0
,0,2021-01-01T18:47,0.0
,0,2021-01-01T20:28,0.0
,0,2021-01-01T22:10,0.0
,0,2021-01-01T23:51,0.0
,0,2021-01-02T01:33,0.0
,0,2021-01-02T03:14,0.0
,0,2021-01-02T04:56,0.0
,0,2021-01-02T06:37,0.0
7.27676748362035e-05,11,2021-01-02T08:19,0.049773755656108594
,0,2021-01-02T10:00,0.0
,0,2021-01-02T11:42,0.0
,0,2021-01-02T13:23,0.0
,0,2021-01-02T15:05,0.0
,0,2021-01-02T16:46,0.0
,0,2021-01-02T18:28,0.0
,0,2021-01-02T20:09,0.0
,0,2021-01-02T21:51,0.0
,0,2021-01-02T23:32,0.0
,0,2021-01-03T01:14,0.0
,0,2021-01-03T02:55,0.0
,0,2021-01-03T04:37,0.0
,0,2021-01-03T06:18,0.0
8.829247207559585e-05,215,2021-01-03T08:00,0.9728506787330317
,0,2021-01-03T09:41,0.0
,0,2021-01-03T11:23,0.0
,0,2021-01-03T13:04,0.0
,0,2021-01-03T14:46,0.0
,0,2021-01-03T16:27,0.0
,0,2021-01-03T18:09,0.0
,0,2021-01-03T19:50,0.0
,0,2021-01-03T21:32,0.0
,0,2021-01-03T23:13,0.0
,0,2021-01-04T00:55,0.0
,0,2021-01-04T02:36,0.0
,0,2021-01-04T04:18,0.0
,0,2021-01-04T05:59,0.0
,0,2021-01-04T07:41,0.0
,0,2021-01-04T09:22,0.0
,0,2021-01-04T11:04,0.0
,0,2021-01-04T12:45,0.0
,0,2021-01-04T14:27,0.0
,0,2021-01-04T16:08,0.0
,0,2021-01-04T17:50,0.0
,0,2021-01-04T19:31,0.0
,0,2021-01-04T21:13,0.0
,0,2021-01-04T22:54,0.0
,0,2021-01-05T00:36,0.0
,0,2021-01-05T02:17,0.0
,0,2021-01-05T03:59,0.0
,0,2021-01-05T05:40,0.0
,0,2021-01-05T07:22,0.0
,0,2021-01-05T09:03,0.0
,0,2021-01-05T10:45,0.0
,0,2021-01-05T12:26,0.0
,0,2021-01-05T14:08,0.0
,0,2021-01-05T15:49,0.0
,0,2021-01-05T17:31,0.0
,0,2021-01-05T20:03,0.0
,0,2021-01-05T20:54,0.0
,0,2021-01-05T22:35,0.0
,0,2021-01-06T00:17,0.0
,0,2021-01-06T01:58,0.0
,0,2021-01-06T03:40,0.0
,0,2021-01-06T05:21,0.0
7.904925071536064e-05,269,2021-01-06T07:03,1.2171945701357465
,0,2021-01-06T08:44,0.0
,0,2021-01-06T10:26,0.0
,0,2021-01-06T12:07,0.0
,0,2021-01-06T13:49,0.0
,0,2021-01-06T15:30,0.0
,0,2021-01-06T19:43,0.0
,0,2021-01-06T20:35,0.0
,0,2021-01-06T22:16,0.0
,0,2021-01-06T23:58,0.0
,0,2021-01-07T01:39,0.0
,0,2021-01-07T03:21,0.0
,0,2021-01-07T05:02,0.0
,0,2021-01-07T06:44,0.0
,0,2021-01-07T08:25,0.0
,0,2021-01-07T10:07,0.0
,0,2021-01-07T11:48,0.0
,0,2021-01-07T13:30,0.0
,0,2021-01-07T15:11,0.0
,0,2021-01-07T16:53,0.0
,0,2021-01-07T18:34,0.0
,0,2021-01-07T20:16,0.0
,0,2021-01-07T21:57,0.0
,0,2021-01-07T23:39,0.0
,0,2021-01-08T01:20,0.0
,0,2021-01-08T03:02,0.0
,0,2021-01-08T04:43,0.0
,0,2021-01-08T06:25,0.0
,0,2021-01-08T08:06,0.0
,0,2021-01-08T09:48,0.0
,0,2021-01-08T11:29,0.0
,0,2021-01-08T13:11,0.0
,0,2021-01-08T14:52,0.0
,0,2021-01-08T16:34,0.0
,0,2021-01-08T18:15,0.0
,0,2021-01-08T19:57,0.0
,0,2021-01-08T21:38,0.0
,0,2021-01-08T23:20,0.0
,0,2021-01-09T01:01,0.0
,0,2021-01-09T02:43,0.0
,0,2021-01-09T04:24,0.0
,0,2021-01-09T06:06,0.0
6.296981154382511e-05,144,2021-01-09T07:47,0.6515837104072398
,0,2021-01-09T09:29,0.0
,0,2021-01-09T11:10,0.0
,0,2021-01-09T12:52,0.0
,0,2021-01-09T14:33,0.0
,0,2021-01-09T16:15,0.0
,0,2021-01-09T17:56,0.0
,0,2021-01-09T19:38,0.0
,0,2021-01-09T21:19,0.0
,0,2021-01-09T23:01,0.0
,0,2021-01-10T00:42,0.0
,0,2021-01-10T02:24,0.0
,0,2021-01-10T04:05,0.0
,0,2021-01-10T05:47,0.0
7.059016391120781e-05,190,2021-01-10T07:28,0.8597285067873304
,0,2021-01-10T09:10,0.0
,0,2021-01-10T10:51,0.0
,0,2021-01-10T12:33,0.0
,0,2021-01-10T14:14,0.0
,0,2021-01-10T15:56,0.0
,0,2021-01-10T17:37,0.0
,0,2021-01-10T19:19,0.0
,0,2021-01-10T21:00,0.0
,0,2021-01-10T22:42,0.0
,0,2021-01-11T00:23,0.0
,0,2021-01-11T02:05,0.0
,0,2021-01-11T03:46,0.0
,0,2021-01-11T05:28,0.0
7.468660156349979e-05,269,2021-01-11T07:09,1.2171945701357465
,0,2021-01-11T08:51,0.0
,0,2021-01-11T10:32,0.0
,0,2021-01-11T12:14,0.0
,0,2021-01-11T13:55,0.0
,0,2021-01-11T15:37,0.0
,0,2021-01-11T17:18,0.0
,0,2021-01-11T19:00,0.0
,0,2021-01-11T20:41,0.0
,0,2021-01-11T22:23,0.0
,0,2021-01-12T00:04,0.0
,0,2021-01-12T01:46,0.0
,0,2021-01-12T03:27,0.0
,0,2021-01-12T05:09,0.0
6.210315192613777e-05,238,2021-01-12T06:50,1.0769230769230769
5.637926691013134e-05,269,2021-01-12T08:32,1.2171945701357465
,0,2021-01-12T10:13,0.0
,0,2021-01-12T11:55,0.0
,0,2021-01-12T13:36,0.0
,0,2021-01-12T15:18,0.0
,0,2021-01-12T16:59,0.0
,0,2021-01-12T18:41,0.0
,0,2021-01-12T20:22,0.0
,0,2021-01-12T22:04,0.0
,0,2021-01-12T23:45,0.0
,0,2021-01-13T01:27,0.0
,0,2021-01-13T03:08,0.0
,0,2021-01-13T04:50,0.0
,0,2021-01-13T06:31,0.0
7.34386239928659e-05,118,2021-01-13T08:13,0.5339366515837104
,0,2021-01-13T09:54,0.0
,0,2021-01-13T11:36,0.0
,0,2021-01-13T13:17,0.0
,0,2021-01-13T14:59,0.0
,0,2021-01-13T16:40,0.0
,0,2021-01-13T18:22,0.0
,0,2021-01-13T20:03,0.0
,0,2021-01-13T21:45,0.0
,0,2021-01-13T23:26,0.0
,0,2021-01-14T01:08,0.0
,0,2021-01-14T02:49,0.0
,0,2021-01-14T04:31,0.0
,0,2021-01-14T06:12,0.0
6.981531790566366e-05,269,2021-01-14T07:54,1.2171945701357465
,0,2021-01-14T09:35,0.0
,0,2021-01-14T11:17,0.0
,0,2021-01-14T12:58,0.0
,0,2021-01-14T14:40,0.0
,0,2021-01-14T16:21,0.0
,0,2021-01-14T18:03,0.0
,0,2021-01-14T19:44,0.0
,0,2021-01-14T21:26,0.0
,0,2021-01-14T23:07,0.0
,0,2021-01-15T00:49,0.0
,0,2021-01-15T02:30,0.0
,0,2021-01-15T04:12,0.0
,0,2021-01-15T05:53,0.0
7.993076874569345e-05,269,2021-01-15T07:35,1.2171945701357465
,0,2021-01-15T09:16,0.0
,0,2021-01-15T10:58,0.0
,0,2021-01-15T12:39,0.0
,0,2021-01-15T14:21,0.0
,0,2021-01-15T16:02,0.0
,0,2021-01-15T17:44,0.0
,0,2021-01-15T19:25,0.0
,0,2021-01-15T21:07,0.0
,0,2021-01-15T22:48,0.0
,0,2021-01-16T00:30,0.0
,0,2021-01-16T02:11,0.0
,0,2021-01-16T03:53,0.0
,0,2021-01-16T05:34,0.0
0.0001106804383785012,269,2021-01-16T07:16,1.2171945701357465
,0,2021-01-16T08:57,0.0
,0,2021-01-16T10:39,0.0
,0,2021-01-16T12:20,0.0
,0,2021-01-16T14:02,0.0
,0,2021-01-16T15:43,0.0
,0,2021-01-16T17:25,0.0
,0,2021-01-16T19:06,0.0
,0,2021-01-16T20:48,0.0
,0,2021-01-16T22:29,0.0
,0,2021-01-17T00:11,0.0
,0,2021-01-17T01:52,0.0
,0,2021-01-17T03:34,0.0
,0,2021-01-17T05:15,0.0
8.7689544454686e-05,240,2021-01-17T06:57,1.085972850678733
,0,2021-01-17T08:38,0.0
,0,2021-01-17T10:20,0.0
,0,2021-01-17T12:01,0.0
,0,2021-01-17T13:43,0.0
,0,2021-01-17T15:24,0.0
,0,2021-01-17T17:06,0.0
,0,2021-01-17T18:47,0.0
,0,2021-01-17T20:29,0.0
,0,2021-01-17T22:10,0.0
,0,2021-01-17T23:52,0.0
,0,2021-01-18T01:33,0.0
,0,2021-01-18T03:15,0.0
,0,2021-01-18T04:56,0.0
,0,2021-01-18T06:38,0.0
0.00011889678732205131,37,2021-01-18T08:19,0.167420814479638
,0,2021-01-18T10:01,0.0
,0,2021-01-18T11:42,0.0
,0,2021-01-18T13:24,0.0
,0,2021-01-18T18:28,0.0
,0,2021-01-18T20:10,0.0
,0,2021-01-18T21:51,0.0
,0,2021-01-18T23:33,0.0
,0,2021-01-19T01:14,0.0
,0,2021-01-19T02:56,0.0
,0,2021-01-19T04:37,0.0
,0,2021-01-19T06:19,0.0
8.255354190148126e-05,73,2021-01-19T08:00,0.33031674208144796
,0,2021-01-19T09:42,0.0
,0,2021-01-19T11:23,0.0
,0,2021-01-19T13:05,0.0
,0,2021-01-19T14:46,0.0
,0,2021-01-19T16:28,0.0
,0,2021-01-19T18:09,0.0
,0,2021-01-19T19:51,0.0
,0,2021-01-19T21:32,0.0
,0,2021-01-19T23:14,0.0
,0,2021-01-20T00:55,0.0
,0,2021-01-20T02:37,0.0
,0,2021-01-20T04:18,0.0
,0,2021-01-20T06:00,0.0
6.84864416326899e-05,269,2021-01-20T07:41,1.2171945701357465
,0,2021-01-20T09:23,0.0
,0,2021-01-20T11:04,0.0
,0,2021-01-20T12:46,0.0
,0,2021-01-20T14:27,0.0
,0,2021-01-20T16:09,0.0
,0,2021-01-20T17:50,0.0
,0,2021-01-20T19:32,0.0
,0,2021-01-20T21:13,0.0
,0,2021-01-20T22:55,0.0
,0,2021-01-21T00:37,0.0
,0,2021-01-21T02:18,0.0
,0,2021-01-21T03:59,0.0
,0,2021-01-21T05:41,0.0
7.747152601493177e-05,269,2021-01-21T07:23,1.2171945701357465
,0,2021-01-21T09:04,0.0
,0,2021-01-21T10:46,0.0
,0,2021-01-21T12:27,0.0
,0,2021-01-21T14:09,0.0
,0,2021-01-21T15:50,0.0
,0,2021-01-21T17:32,0.0
,0,2021-01-21T19:13,0.0
,0,2021-01-21T20:55,0.0
,0,2021-01-21T22:36,0.0
,0,2021-01-22T00:18,0.0
,0,2021-01-22T01:59,0.0
,0,2021-01-22T03:41,0.0
,0,2021-01-22T05:22,0.0
8.53094839691445e-05,269,2021-01-22T07:04,1.2171945701357465
,0,2021-01-22T08:45,0.0
,0,2021-01-22T10:27,0.0
,0,2021-01-22T12:08,0.0
,0,2021-01-22T13:50,0.0
,0,2021-01-22T15:31,0.0
,0,2021-01-22T17:13,0.0
,0,2021-01-22T18:54,0.0
,0,2021-01-22T20:36,0.0
,0,2021-01-22T22:17,0.0
,0,2021-01-22T23:59,0.0
,0,2021-01-23T01:40,0.0
,0,2021-01-23T03:22,0.0
,0,2021-01-23T05:03,0.0
,0,2021-01-23T06:45,0.0
6.9871636931199e-05,269,2021-01-23T08:26,1.2171945701357465
,0,2021-01-23T10:08,0.0
,0,2021-01-23T11:49,0.0
,0,2021-01-23T13:31,0.0
,0,2021-01-23T15:12,0.0
,0,2021-01-23T16:54,0.0
,0,2021-01-23T18:35,0.0
,0,2021-01-23T20:17,0.0
,0,2021-01-23T21:58,0.0
,0,2021-01-23T23:40,0.0
,0,2021-01-24T01:21,0.0
,0,2021-01-24T03:03,0.0
,0,2021-01-24T04:44,0.0
,0,2021-01-24T06:26,0.0
5.6833227981776594e-05,269,2021-01-24T08:07,1.2171945701357465
,0,2021-01-24T09:49,0.0
,0,2021-01-24T11:30,0.0
,0,2021-01-24T13:12,0.0
,0,2021-01-24T14:53,0.0
,0,2021-01-24T16:35,0.0
,0,2021-01-24T18:16,0.0
,0,2021-01-24T19:58,0.0
,0,2021-01-24T21:39,0.0
,0,2021-01-24T23:21,0.0
,0,2021-01-25T01:02,0.0
,0,2021-01-25T02:44,0.0
,0,2021-01-25T04:25,0.0
,0,2021-01-25T06:07,0.0
0.00010260261512419823,269,2021-01-25T07:48,1.2171945701357465
,0,2021-01-25T09:30,0.0
,0,2021-01-25T11:11,0.0
,0,2021-01-25T12:53,0.0
,0,2021-01-25T14:34,0.0
,0,2021-01-25T16:16,0.0
,0,2021-01-25T17:57,0.0
,0,2021-01-25T19:39,0.0
,0,2021-01-25T21:20,0.0
,0,2021-01-25T23:02,0.0
,0,2021-01-26T00:43,0.0
,0,2021-01-26T02:25,0.0
,0,2021-01-26T04:06,0.0
,0,2021-01-26T05:48,0.0
7.66535795754506e-05,269,2021-01-26T07:29,1.2171945701357465
,0,2021-01-26T09:11,0.0
,0,2021-01-26T10:52,0.0
,0,2021-01-26T12:34,0.0
,0,2021-01-26T14:15,0.0
,0,2021-01-26T15:57,0.0
,0,2021-01-26T17:38,0.0
,0,2021-01-26T19:20,0.0
,0,2021-01-26T21:01,0.0
,0,2021-01-26T22:43,0.0
,0,2021-01-27T00:24,0.0
,0,2021-01-27T02:06,0.0
,0,2021-01-27T03:47,0.0
,0,2021-01-27T05:29,0.0
0.00012798752339230417,269,2021-01-27T07:10,1.2171945701357465
,0,2021-01-27T08:52,0.0
,0,2021-01-27T10:33,0.0
,0,2021-01-27T12:15,0.0
,0,2021-01-27T13:56,0.0
,0,2021-01-27T15:38,0.0
,0,2021-01-27T17:19,0.0
,0,2021-01-27T19:01,0.0
,0,2021-01-27T20:42,0.0
,0,2021-01-27T22:24,0.0
,0,2021-01-28T00:05,0.0
,0,2021-01-28T01:47,0.0
,0,2021-01-28T03:28,0.0
,0,2021-01-28T05:10,0.0
8.737764685781669e-05,269,2021-01-28T06:51,1.2171945701357465
7.656004665120534e-05,269,2021-01-28T08:33,1.2171945701357465
,0,2021-01-28T10:14,0.0
,0,2021-01-28T11:56,0.0
,0,2021-01-28T13:37,0.0
,0,2021-01-28T15:19,0.0
,0,2021-01-28T17:00,0.0
,0,2021-01-28T18:42,0.0
,0,2021-01-28T20:23,0.0
,0,2021-01-28T22:05,0.0
,0,2021-01-28T23:46,0.0
,0,2021-01-29T01:28,0.0
,0,2021-01-29T03:09,0.0
,0,2021-01-29T04:51,0.0
,0,2021-01-29T06:32,0.0
8.442643912170691e-05,269,2021-01-29T08:14,1.2171945701357465
,0,2021-01-29T09:55,0.0
,0,2021-01-29T11:37,0.0
,0,2021-01-29T13:18,0.0
,0,2021-01-29T15:00,0.0
,0,2021-01-29T16:41,0.0
,0,2021-01-29T18:23,0.0
,0,2021-01-29T20:04,0.0
,0,2021-01-29T21:46,0.0
,0,2021-01-29T23:27,0.0
,0,2021-01-30T01:09,0.0
,0,2021-01-30T02:50,0.0
,0,2021-01-30T04:32,0.0
,0,2021-01-30T06:13,0.0
8.392303942701287e-05,269,2021-01-30T07:55,1.2171945701357465
,0,2021-01-30T09:36,0.0
,0,2021-01-30T11:18,0.0
,0,2021-01-30T12:59,0.0
,0,2021-01-30T14:41,0.0
,0,2021-01-30T16:22,0.0
,0,2021-01-30T18:04,0.0
,0,2021-01-30T19:45,0.0
,0,2021-01-30T21:27,0.0
,0,2021-01-30T23:08,0.0
,0,2021-01-31T00:50,0.0
,0,2021-01-31T02:31,0.0
,0,2021-01-31T04:13,0.0
,0,2021-01-31T05:54,0.0
8.590829379763576e-05,269,2021-01-31T07:36,1.2171945701357465
,0,2021-01-31T09:17,0.0
,0,2021-01-31T10:59,0.0
,0,2021-01-31T12:40,0.0
,0,2021-01-31T14:22,0.0
,0,2021-01-31T16:03,0.0
,0,2021-01-31T17:45,0.0
,0,2021-01-31T19:26,0.0
,0,2021-01-31T21:08,0.0
,0,2021-01-31T22:49,0.0
,0,2021-02-01T00:31,0.0
,0,2021-02-01T02:12,0.0
,0,2021-02-01T03:54,0.0
,0,2021-02-01T05:35,0.0
5.316868201779989e-05,269,2021-02-01T07:17,1.2171945701357465
,0,2021-02-01T08:59,0.0
,0,2021-02-01T10:40,0.0
,0,2021-02-01T12:21,0.0
,0,2021-02-01T14:03,0.0
,0,2021-02-01T15:45,0.0
,0,2021-02-01T17:26,0.0
,0,2021-02-01T19:08,0.0
,0,2021-02-01T20:49,0.0
,0,2021-02-01T22:31,0.0
,0,2021-02-02T00:12,0.0
,0,2021-02-02T01:54,0.0
,0,2021-02-02T03:35,0.0
,0,2021-02-02T05:17,0.0
5.250559254849056e-05,269,2021-02-02T06:58,1.2171945701357465
,0,2021-02-02T08:40,0.0
,0,2021-02-02T10:21,0.0
,0,2021-02-02T12:03,0.0
,0,2021-02-02T13:44,0.0
,0,2021-02-02T15:26,0.0
,0,2021-02-02T17:07,0.0
,0,2021-02-02T18:49,0.0
,0,2021-02-02T20:30,0.0
,0,2021-02-02T22:12,0.0
,0,2021-02-02T23:53,0.0
,0,2021-02-03T01:35,0.0
,0,2021-02-03T03:16,0.0
,0,2021-02-03T04:58,0.0
,0,2021-02-03T06:39,0.0
6.614836439933275e-05,269,2021-02-03T08:21,1.2171945701357465
,0,2021-02-03T10:02,0.0
,0,2021-02-03T11:44,0.0
,0,2021-02-03T13:25,0.0
,0,2021-02-03T15:07,0.0
,0,2021-02-03T16:48,0.0
,0,2021-02-03T18:30,0.0
,0,2021-02-03T20:11,0.0
,0,2021-02-03T21:53,0.0
,0,2021-02-03T23:34,0.0
,0,2021-02-04T01:16,0.0
,0,2021-02-04T02:57,0.0
,0,2021-02-04T04:39,0.0
,0,2021-02-04T06:20,0.0
9.814637483503212e-05,269,2021-02-04T08:02,1.2171945701357465
,0,2021-02-04T09:43,0.0
,0,2021-02-04T11:25,0.0
,0,2021-02-04T13:06,0.0
,0,2021-02-04T14:48,0.0
,0,2021-02-04T16:29,0.0
,0,2021-02-04T18:11,0.0
,0,2021-02-04T19:52,0.0
,0,2021-02-04T21:34,0.0
,0,2021-02-04T23:15,0.0
,0,2021-02-05T00:57,0.0
,0,2021-02-05T02:38,0.0
,0,2021-02-05T04:20,0.0
,0,2021-02-05T06:01,0.0
0.00010186488823163394,269,2021-02-05T07:43,1.2171945701357465
,0,2021-02-05T09:24,0.0
,0,2021-02-05T11:06,0.0
,0,2021-02-05T12:47,0.0
,0,2021-02-05T14:29,0.0
,0,2021-02-05T16:10,0.0
,0,2021-02-05T17:52,0.0
,0,2021-02-05T19:33,0.0
,0,2021-02-05T21:15,0.0
,0,2021-02-05T22:56,0.0
,0,2021-02-06T00:38,0.0
,0,2021-02-06T02:19,0.0
,0,2021-02-06T04:01,0.0
,0,2021-02-06T05:42,0.0
6.881208301532654e-05,269,2021-02-06T07:24,1.2171945701357465
,0,2021-02-06T09:05,0.0
,0,2021-02-06T10:47,0.0
,0,2021-02-06T12:28,0.0
,0,2021-02-06T14:10,0.0
,0,2021-02-06T15:51,0.0
,0,2021-02-06T17:33,0.0
,0,2021-02-06T19:14,0.0
,0,2021-02-06T20:56,0.0
,0,2021-02-06T22:37,0.0
,0,2021-02-07T00:19,0.0
,0,2021-02-07T02:00,0.0
,0,2021-02-07T03:42,0.0
,0,2021-02-07T05:23,0.0
6.452710592604189e-05,269,2021-02-07T07:05,1.2171945701357465
,0,2021-02-07T08:46,0.0
,0,2021-02-07T10:28,0.0
,0,2021-02-07T12:09,0.0
,0,2021-02-07T13:51,0.0
,0,2021-02-07T15:32,0.0
,0,2021-02-07T17:14,0.0
,0,2021-02-07T18:55,0.0
,0,2021-02-07T20:37,0.0
,0,2021-02-07T22:18,0.0
,0,2021-02-08T00:00,0.0
,0,2021-02-08T01:41,0.0
,0,2021-02-08T03:23,0.0
,0,2021-02-08T05:04,0.0
,0,2021-02-08T06:46,0.0
5.895799998568454e-05,269,2021-02-08T08:27,1.2171945701357465
,0,2021-02-08T10:09,0.0
,0,2021-02-08T11:50,0.0
,0,2021-02-08T13:32,0.0
,0,2021-02-08T15:13,0.0
,0,2021-02-08T16:55,0.0
,0,2021-02-08T18:36,0.0
,0,2021-02-08T20:18,0.0
,0,2021-02-08T21:59,0.0
,0,2021-02-08T23:41,0.0
,0,2021-02-09T01:22,0.0
,0,2021-02-09T03:04,0.0
,0,2021-02-09T04:45,0.0
,0,2021-02-09T06:27,0.0
7.114733939454853e-05,269,2021-02-09T08:08,1.2171945701357465
,0,2021-02-09T09:50,0.0
,0,2021-02-09T11:31,0.0
,0,2021-02-09T13:13,0.0
,0,2021-02-09T14:54,0.0
,0,2021-02-09T16:36,0.0
,0,2021-02-09T18:18,0.0
,0,2021-02-09T19:59,0.0
,0,2021-02-09T21:41,0.0
,0,2021-02-09T23:22,0.0
,0,2021-02-10T01:04,0.0
,0,2021-02-10T02:45,0.0
,0,2021-02-10T04:27,0.0
,0,2021-02-10T06:08,0.0
0.00010054969417764793,269,2021-02-10T07:50,1.2171945701357465
,0,2021-02-10T09:31,0.0
,0,2021-02-10T11:13,0.0
,0,2021-02-10T12:54,0.0
,0,2021-02-10T14:36,0.0
,0,2021-02-10T16:17,0.0
,0,2021-02-10T17:59,0.0
,0,2021-02-10T19:40,0.0
,0,2021-02-10T21:22,0.0
,0,2021-02-10T23:03,0.0
,0,2021-02-11T00:45,0.0
,0,2021-02-11T02:26,0.0
,0,2021-02-11T04:08,0.0
,0,2021-02-11T05:49,0.0
8.814798617893571e-05,269,2021-02-11T07:31,1.2171945701357465
,0,2021-02-11T09:12,0.0
,0,2021-02-11T10:54,0.0
,0,2021-02-11T12:35,0.0
,0,2021-02-11T14:17,0.0
,0,2021-02-11T15:58,0.0
,0,2021-02-11T17:40,0.0
,0,2021-02-11T19:21,0.0
,0,2021-02-11T21:03,0.0
,0,2021-02-11T22:44,0.0
,0,2021-02-12T00:26,0.0
,0,2021-02-12T02:07,0.0
,0,2021-02-12T03:49,0.0
,0,2021-02-12T05:30,0.0
9.798424579106422e-05,269,2021-02-12T07:12,1.2171945701357465
,0,2021-02-12T08:53,0.0
,0,2021-02-12T10:35,0.0
,0,2021-02-12T12:16,0.0
,0,2021-02-12T13:58,0.0
,0,2021-02-12T15:39,0.0
,0,2021-02-12T17:21,0.0
,0,2021-02-12T19:02,0.0
,0,2021-02-12T20:44,0.0
,0,2021-02-12T22:25,0.0
,0,2021-02-13T00:07,0.0
,0,2021-02-13T01:48,0.0
,0,2021-02-13T03:30,0.0
,0,2021-02-13T05:11,0.0
8.17713413352854e-05,269,2021-02-13T06:53,1.2171945701357465
8.338765304318828e-05,269,2021-02-13T08:34,1.2171945701357465
,0,2021-02-13T10:16,0.0
,0,2021-02-13T11:57,0.0
,0,2021-02-13T13:39,0.0
,0,2021-02-13T15:20,0.0
,0,2021-02-13T17:02,0.0
,0,2021-02-13T18:43,0.0
,0,2021-02-13T20:25,0.0
,0,2021-02-13T22:06,0.0
,0,2021-02-13T23:48,0.0
,0,2021-02-14T01:29,0.0
,0,2021-02-14T03:11,0.0
,0,2021-02-14T04:52,0.0
,0,2021-02-14T06:34,0.0
7.198804369293703e-05,269,2021-02-14T08:15,1.2171945701357465
,0,2021-02-14T09:57,0.0
,0,2021-02-14T11:38,0.0
,0,2021-02-14T13:20,0.0
,0,2021-02-14T15:01,0.0
,0,2021-02-14T16:43,0.0
,0,2021-02-14T18:24,0.0
,0,2021-02-14T20:06,0.0
,0,2021-02-14T21:47,0.0
,0,2021-02-14T23:29,0.0
,0,2021-02-15T01:10,0.0
,0,2021-02-15T02:52,0.0
,0,2021-02-15T04:33,0.0
,0,2021-02-15T06:15,0.0
9.638481139295948e-05,241,2021-02-15T07:56,1.090497737556561
,0,2021-02-15T09:38,0.0
,0,2021-02-15T11:19,0.0
,0,2021-02-15T13:01,0.0
,0,2021-02-15T14:42,0.0
,0,2021-02-15T16:24,0.0
,0,2021-02-15T18:05,0.0
,0,2021-02-15T19:47,0.0
,0,2021-02-15T21:28,0.0
,0,2021-02-15T23:10,0.0
,0,2021-02-16T00:51,0.0
,0,2021-02-16T02:33,0.0
,0,2021-02-16T04:14,0.0
,0,2021-02-16T05:56,0.0
0.00011493858269363515,258,2021-02-16T07:37,1.167420814479638
,0,2021-02-16T09:19,0.0
,0,2021-02-16T11:00,0.0
,0,2021-02-16T12:42,0.0
,0,2021-02-16T14:23,0.0
,0,2021-02-16T16:05,0.0
,0,2021-02-16T17:46,0.0
,0,2021-02-16T19:28,0.0
,0,2021-02-16T21:09,0.0
,0,2021-02-16T22:51,0.0
,0,2021-02-17T00:32,0.0
,0,2021-02-17T02:14,0.0
,0,2021-02-17T03:56,0.0
,0,2021-02-17T05:37,0.0
7.393037649553285e-05,269,2021-02-17T07:19,1.2171945701357465
,0,2021-02-17T09:00,0.0
,0,2021-02-17T10:42,0.0
,0,2021-02-17T12:23,0.0
,0,2021-02-17T14:05,0.0
,0,2021-02-17T15:46,0.0
,0,2021-02-17T17:28,0.0
,0,2021-02-17T19:09,0.0
,0,2021-02-17T20:51,0.0
,0,2021-02-17T22:32,0.0
,0,2021-02-18T00:14,0.0
,0,2021-02-18T01:55,0.0
,0,2021-02-18T03:37,0.0
,0,2021-02-18T05:18,0.0
6.969027129958994e-05,269,2021-02-18T07:00,1.2171945701357465
,0,2021-02-18T08:41,0.0
,0,2021-02-18T10:23,0.0
,0,2021-02-18T12:04,0.0
,0,2021-02-18T13:46,0.0
,0,2021-02-18T15:27,0.0
,0,2021-02-18T17:09,0.0
,0,2021-02-18T18:50,0.0
,0,2021-02-18T20:32,0.0
,0,2021-02-18T22:13,0.0
,0,2021-02-18T23:55,0.0
,0,2021-02-19T01:36,0.0
,0,2021-02-19T03:18,0.0
,0,2021-02-19T04:59,0.0
,0,2021-02-19T06:41,0.0
4.8890702155022305e-05,2,2021-02-19T08:22,0.00904977375565611
,0,2021-02-19T10:04,0.0
,0,2021-02-19T11:45,0.0
,0,2021-02-19T13:27,0.0
,0,2021-02-19T15:08,0.0
,0,2021-02-19T16:50,0.0
,0,2021-02-19T18:31,0.0
,0,2021-02-19T20:13,0.0
,0,2021-02-19T21:54,0.0
,0,2021-02-19T23:36,0.0
,0,2021-02-20T01:17,0.0
,0,2021-02-20T02:59,0.0
,0,2021-02-20T04:40,0.0
,0,2021-02-20T06:22,0.0
4.955862175743798e-05,266,2021-02-20T08:03,1.2036199095022624
,0,2021-02-20T09:45,0.0
,0,2021-02-20T11:26,0.0
,0,2021-02-20T13:08,0.0
,0,2021-02-20T14:49,0.0
,0,2021-02-20T16:31,0.0
,0,2021-02-20T18:12,0.0
,0,2021-02-20T19:54,0.0
,0,2021-02-20T21:35,0.0
,0,2021-02-20T23:17,0.0
,0,2021-02-21T00:58,0.0
,0,2021-02-21T02:40,0.0
,0,2021-02-21T04:21,0.0
,0,2021-02-21T06:03,0.0
5.4275213228579024e-05,266,2021-02-21T07:44,1.2036199095022624
,0,2021-02-21T09:26,0.0
,0,2021-02-21T11:07,0.0
,0,2021-02-21T12:49,0.0
,0,2021-02-21T14:30,0.0
,0,2021-02-21T16:12,0.0
,0,2021-02-21T17:53,0.0
,0,2021-02-21T19:35,0.0
,0,2021-02-21T21:16,0.0
,0,2021-02-21T22:58,0.0
,0,2021-02-22T00:39,0.0
,0,2021-02-22T02:21,0.0
,0,2021-02-22T04:02,0.0
,0,2021-02-22T05:44,0.0
6.163135057297733e-05,269,2021-02-22T07:25,1.2171945701357465
,0,2021-02-22T09:07,0.0
,0,2021-02-22T10:48,0.0
,0,2021-02-22T12:30,0.0
,0,2021-02-22T14:11,0.0
,0,2021-02-22T15:53,0.0
,0,2021-02-22T17:34,0.0
,0,2021-02-22T19:16,0.0
,0,2021-02-22T20:57,0.0
,0,2021-02-22T22:39,0.0
,0,2021-02-23T00:20,0.0
,0,2021-02-23T02:02,0.0
,0,2021-02-23T03:43,0.0
,0,2021-02-23T05:25,0.0
8.079709644498028e-05,269,2021-02-23T07:06,1.2171945701357465
,0,2021-02-23T08:48,0.0
,0,2021-02-23T10:29,0.0
,0,2021-02-23T12:11,0.0
,0,2021-02-23T13:52,0.0
,0,2021-02-23T15:34,0.0
,0,2021-02-23T17:15,0.0
,0,2021-02-23T18:57,0.0
,0,2021-02-23T20:39,0.0
,0,2021-02-23T22:20,0.0
,0,2021-02-24T00:02,0.0
,0,2021-02-24T01:43,0.0
,0,2021-02-24T03:25,0.0
,0,2021-02-24T05:06,0.0
,0,2021-02-24T06:48,0.0
7.216293270289886e-05,269,2021-02-24T08:29,1.2171945701357465
,0,2021-02-24T10:11,0.0
,0,2021-02-24T11:52,0.0
,0,2021-02-24T13:34,0.0
,0,2021-02-24T15:15,0.0
,0,2021-02-24T16:57,0.0
,0,2021-02-24T18:38,0.0
,0,2021-02-24T20:20,0.0
,0,2021-02-24T22:01,0.0
,0,2021-02-24T23:43,0.0
,0,2021-02-25T01:24,0.0
,0,2021-02-25T03:06,0.0
,0,2021-02-25T04:47,0.0
,0,2021-02-25T06:29,0.0
8.201659365724207e-05,217,2021-02-25T08:10,0.9819004524886877
,0,2021-02-25T09:52,0.0
,0,2021-02-25T11:33,0.0
,0,2021-02-25T13:15,0.0
,0,2021-02-25T14:56,0.0
,0,2021-02-25T16:38,0.0
,0,2021-02-25T18:19,0.0
,0,2021-02-25T20:01,0.0
,0,2021-02-25T21:42,0.0
,0,2021-02-25T23:24,0.0
,0,2021-02-26T01:05,0.0
,0,2021-02-26T02:47,0.0
,0,2021-02-26T04:28,0.0
,0,2021-02-26T06:10,0.0
7.213499841723578e-05,269,2021-02-26T07:51,1.2171945701357465
,0,2021-02-26T09:33,0.0
,0,2021-02-26T11:14,0.0
,0,2021-02-26T12:56,0.0
,0,2021-02-26T14:37,0.0
,0,2021-02-26T16:19,0.0
,0,2021-02-26T18:00,0.0
,0,2021-02-26T19:42,0.0
,0,2021-02-26T21:23,0.0
,0,2021-02-26T23:05,0.0
,0,2021-02-27T00:46,0.0
,0,2021-02-27T02:28,0.0
,0,2021-02-27T04:09,0.0
,0,2021-02-27T05:51,0.0
0.00010042675570228271,271,2021-02-27T07:32,1.2262443438914028
,0,2021-02-27T09:14,0.0
,0,2021-02-27T10:55,0.0
,0,2021-02-27T12:37,0.0
,0,2021-02-27T14:18,0.0
,0,2021-02-27T16:00,0.0
,0,2021-02-27T17:41,0.0
,0,2021-02-27T19:23,0.0
,0,2021-02-27T21:04,0.0
,0,2021-02-27T22:46,0.0
,0,2021-02-28T00:27,0.0
,0,2021-02-28T02:09,0.0
,0,2021-02-28T03:50,0.0
,0,2021-02-28T05:32,0.0
5.398152616899985e-05,271,2021-02-28T07:13,1.2262443438914028
,0,2021-02-28T08:55,0.0
,0,2021-02-28T10:36,0.0
,0,2021-02-28T12:18,0.0
,0,2021-02-28T13:59,0.0
,0,2021-02-28T15:41,0.0
,0,2021-02-28T17:22,0.0
,0,2021-02-28T19:04,0.0
,0,2021-02-28T20:45,0.0
,0,2021-02-28T22:27,0.0
,0,2021-03-01T00:08,0.0
,0,2021-03-01T01:50,0.0
,0,2021-03-01T03:31,0.0
,0,2021-03-01T05:13,0.0
5.864494153455641e-05,271,2021-03-01T06:54,1.2262443438914028
6.647825976841057e-05,191,2021-03-01T08:36,0.8642533936651584
,0,2021-03-01T10:17,0.0
,0,2021-03-01T11:59,0.0
,0,2021-03-01T13:40,0.0
,0,2021-03-01T15:22,0.0
,0,2021-03-01T17:03,0.0
,0,2021-03-01T18:45,0.0
,0,2021-03-01T20:26,0.0
,0,2021-03-01T22:08,0.0
,0,2021-03-01T23:49,0.0
,0,2021-03-02T01:31,0.0
,0,2021-03-02T03:13,0.0
,0,2021-03-02T04:54,0.0
,0,2021-03-02T06:36,0.0
6.408309433611587e-05,271,2021-03-02T08:17,1.2262443438914028
,0,2021-03-02T09:59,0.0
,0,2021-03-02T11:40,0.0
,0,2021-03-02T13:22,0.0
,0,2021-03-02T15:03,0.0
,0,2021-03-02T16:45,0.0
,0,2021-03-02T18:26,0.0
,0,2021-03-02T20:08,0.0
,0,2021-03-02T21:49,0.0
,0,2021-03-02T23:31,0.0
,0,2021-03-03T01:12,0.0
,0,2021-03-03T02:54,0.0
,0,2021-03-03T04:35,0.0
,0,2021-03-03T06:17,0.0
7.917374508487125e-05,271,2021-03-03T07:58,1.2262443438914028
,0,2021-03-03T09:40,0.0
,0,2021-03-03T11:21,0.0
,0,2021-03-03T13:03,0.0
,0,2021-03-03T14:44,0.0
,0,2021-03-03T16:26,0.0
,0,2021-03-03T18:07,0.0
,0,2021-03-03T19:49,0.0
,0,2021-03-03T21:30,0.0
,0,2021-03-03T23:12,0.0
,0,2021-03-04T00:53,0.0
,0,2021-03-04T02:35,0.0
,0,2021-03-04T04:16,0.0
,0,2021-03-04T05:58,0.0
9.889389643144081e-05,271,2021-03-04T07:39,1.2262443438914028
,0,2021-03-04T09:21,0.0
,0,2021-03-04T11:02,0.0
,0,2021-03-04T12:44,0.0
,0,2021-03-04T14:25,0.0
,0,2021-03-04T16:07,0.0
,0,2021-03-04T17:48,0.0
,0,2021-03-04T19:30,0.0
,0,2021-03-04T21:11,0.0
,0,2021-03-04T22:53,0.0
,0,2021-03-05T00:34,0.0
,0,2021-03-05T02:16,0.0
,0,2021-03-05T03:57,0.0
,0,2021-03-05T05:39,0.0
6.639105308186477e-05,271,2021-03-05T07:20,1.2262443438914028
,0,2021-03-05T09:02,0.0
,0,2021-03-05T10:43,0.0
,0,2021-03-05T12:25,0.0
,0,2021-03-05T14:06,0.0
,0,2021-03-05T15:48,0.0
,0,2021-03-05T17:29,0.0
,0,2021-03-05T19:11,0.0
,0,2021-03-05T20:52,0.0
,0,2021-03-05T22:34,0.0
,0,2021-03-06T00:15,0.0
,0,2021-03-06T01:57,0.0
,0,2021-03-06T03:38,0.0
,0,2021-03-06T05:20,0.0
9.10374530628041e-05,271,2021-03-06T07:01,1.2262443438914028
,0,2021-03-06T08:43,0.0
,0,2021-03-06T10:24,0.0
,0,2021-03-06T12:06,0.0
,0,2021-03-06T13:47,0.0
,0,2021-03-06T15:29,0.0
,0,2021-03-06T17:10,0.0
,0,2021-03-06T18:52,0.0
,0,2021-03-06T20:33,0.0
,0,2021-03-06T22:15,0.0
,0,2021-03-06T23:56,0.0
,0,2021-03-07T01:38,0.0
,0,2021-03-07T03:19,0.0
,0,2021-03-07T05:01,0.0
,0,2021-03-07T06:42,0.0
6.411915858116326e-05,271,2021-03-07T08:24,1.2262443438914028
,0,2021-03-07T10:05,0.0
,0,2021-03-07T11:47,0.0
,0,2021-03-07T13:28,0.0
,0,2021-03-07T15:10,0.0
,0,2021-03-07T16:51,0.0
,0,2021-03-07T18:33,0.0
,0,2021-03-07T20:14,0.0
,0,2021-03-07T21:56,0.0
,0,2021-03-07T23:37,0.0
,0,2021-03-08T01:19,0.0
,0,2021-03-08T03:01,0.0
,0,2021-03-08T04:42,0.0
,0,2021-03-08T06:24,0.0
8.073457577088537e-05,271,2021-03-08T08:05,1.2262443438914028
,0,2021-03-08T09:47,0.0
,0,2021-03-08T11:28,0.0
,0,2021-03-08T13:10,0.0
,0,2021-03-08T14:51,0.0
,0,2021-03-08T16:33,0.0
,0,2021-03-08T18:14,0.0
,0,2021-03-08T19:56,0.0
,0,2021-03-08T21:37,0.0
,0,2021-03-08T23:19,0.0
,0,2021-03-09T01:00,0.0
,0,2021-03-09T02:42,0.0
,0,2021-03-09T04:23,0.0
,0,2021-03-09T06:05,0.0
7.85909457518292e-05,271,2021-03-09T07:46,1.2262443438914028
,0,2021-03-09T09:28,0.0
,0,2021-03-09T11:09,0.0
,0,2021-03-09T12:51,0.0
,0,2021-03-09T14:32,0.0
,0,2021-03-09T16:14,0.0
,0,2021-03-09T17:55,0.0
,0,2021-03-09T19:37,0.0
,0,2021-03-09T21:18,0.0
,0,2021-03-09T23:00,0.0
,0,2021-03-10T00:41,0.0
,0,2021-03-10T02:23,0.0
,0,2021-03-10T04:04,0.0
,0,2021-03-10T05:46,0.0
8.673844437461917e-05,271,2021-03-10T07:27,1.2262443438914028
,0,2021-03-10T09:09,0.0
,0,2021-03-10T10:50,0.0
,0,2021-03-10T12:32,0.0
,0,2021-03-10T14:13,0.0
,0,2021-03-10T15:55,0.0
,0,2021-03-10T17:36,0.0
,0,2021-03-10T19:18,0.0
,0,2021-03-10T20:59,0.0
,0,2021-03-10T22:41,0.0
,0,2021-03-11T00:22,0.0
,0,2021-03-11T02:04,0.0
,0,2021-03-11T03:45,0.0
,0,2021-03-11T05:27,0.0
0.00011075456058206825,271,2021-03-11T07:08,1.2262443438914028
,0,2021-03-11T08:50,0.0
,0,2021-03-11T10:31,0.0
,0,2021-03-11T12:13,0.0
,0,2021-03-11T13:54,0.0
,0,2021-03-11T15:36,0.0
,0,2021-03-11T17:17,0.0
,0,2021-03-11T18:59,0.0
,0,2021-03-11T20:40,0.0
,0,2021-03-11T22:22,0.0
,0,2021-03-12T00:03,0.0
,0,2021-03-12T01:45,0.0
,0,2021-03-12T03:26,0.0
,0,2021-03-12T05:08,0.0
,0,2021-03-12T06:49,0.0
8.194609984343876e-05,254,2021-03-12T08:31,1.1493212669683257
,0,2021-03-12T10:12,0.0
,0,2021-03-12T11:54,0.0
,0,2021-03-12T13:35,0.0
,0,2021-03-12T15:17,0.0
,0,2021-03-12T16:58,0.0
,0,2021-03-12T18:40,0.0
,0,2021-03-12T20:21,0.0
,0,2021-03-12T22:03,0.0
,0,2021-03-12T23:44,0.0
,0,2021-03-13T01:26,0.0
,0,2021-03-13T03:07,0.0
,0,2021-03-13T04:49,0.0
,0,2021-03-13T06:30,0.0
6.513293663454115e-05,271,2021-03-13T08:12,1.2262443438914028
,0,2021-03-13T09:53,0.0
,0,2021-03-13T11:35,0.0
,0,2021-03-13T13:16,0.0
,0,2021-03-13T14:58,0.0
,0,2021-03-13T16:39,0.0
,0,2021-03-13T18:21,0.0
,0,2021-03-13T20:02,0.0
,0,2021-03-13T21:44,0.0
,0,2021-03-13T23:26,0.0
,0,2021-03-14T01:07,0.0
,0,2021-03-14T02:49,0.0
,0,2021-03-14T04:30,0.0
,0,2021-03-14T06:12,0.0
8.750994709869444e-05,271,2021-03-14T07:53,1.2262443438914028
,0,2021-03-14T09:35,0.0
,0,2021-03-14T11:16,0.0
,0,2021-03-14T12:58,0.0
,0,2021-03-14T14:39,0.0
,0,2021-03-14T16:21,0.0
,0,2021-03-14T18:02,0.0
,0,2021-03-14T19:44,0.0
,0,2021-03-14T21:25,0.0
,0,2021-03-14T23:07,0.0
,0,2021-03-15T00:48,0.0
,0,2021-03-15T02:30,0.0
,0,2021-03-15T04:11,0.0
,0,2021-03-15T05:53,0.0
0.00011625157271462149,271,2021-03-15T07:34,1.2262443438914028
,0,2021-03-15T09:16,0.0
,0,2021-03-15T10:57,0.0
,0,2021-03-15T12:39,0.0
,0,2021-03-15T15:11,0.0
,0,2021-03-15T16:02,0.0
,0,2021-03-15T17:43,0.0
,0,2021-03-15T19:25,0.0
,0,2021-03-15T21:06,0.0
,0,2021-03-15T22:48,0.0
,0,2021-03-16T00:29,0.0
,0,2021-03-16T02:11,0.0
,0,2021-03-16T03:52,0.0
,0,2021-03-16T05:34,0.0
7.970393785345861e-05,271,2021-03-16T07:15,1.2262443438914028
,0,2021-03-16T08:57,0.0
,0,2021-03-16T10:38,0.0
,0,2021-03-16T12:20,0.0
,0,2021-03-16T14:01,0.0
,0,2021-03-16T15:43,0.0
,0,2021-03-16T17:24,0.0
,0,2021-03-16T19:06,0.0
,0,2021-03-16T20:47,0.0
,0,2021-03-16T22:29,0.0
,0,2021-03-17T00:10,0.0
,0,2021-03-17T01:52,0.0
,0,2021-03-17T03:33,0.0
,0,2021-03-17T05:15,0.0
,0,2021-03-17T06:56,0.0
6.970714458183365e-05,23,2021-03-17T08:38,0.10407239819004525
,0,2021-03-17T10:19,0.0
,0,2021-03-17T12:01,0.0
,0,2021-03-17T13:42,0.0
,0,2021-03-17T15:24,0.0
,0,2021-03-17T17:05,0.0
,0,2021-03-17T18:47,0.0
,0,2021-03-17T20:28,0.0
,0,2021-03-17T22:10,0.0
,0,2021-03-17T23:51,0.0
,0,2021-03-18T01:33,0.0
,0,2021-03-18T03:14,0.0
,0,2021-03-18T04:56,0.0
,0,2021-03-18T06:37,0.0
8.755589217422505e-05,205,2021-03-18T08:19,0.9276018099547512
,0,2021-03-18T10:00,0.0
,0,2021-03-18T11:42,0.0
,0,2021-03-18T13:23,0.0
,0,2021-03-18T15:05,0.0
,0,2021-03-18T16:46,0.0
,0,2021-03-18T18:28,0.0
,0,2021-03-18T20:09,0.0
,0,2021-03-18T21:51,0.0
,0,2021-03-18T23:32,0.0
,0,2021-03-19T01:14,0.0
,0,2021-03-19T02:55,0.0
,0,2021-03-19T04:37,0.0
,0,2021-03-19T06:18,0.0
5.5029027515403534e-05,260,2021-03-19T08:00,1.1764705882352942
,0,2021-03-19T09:41,0.0
,0,2021-03-19T11:23,0.0
,0,2021-03-19T13:04,0.0
,0,2021-03-19T14:46,0.0
,0,2021-03-19T16:27,0.0
,0,2021-03-19T18:09,0.0
,0,2021-03-19T19:51,0.0
,0,2021-03-19T21:32,0.0
,0,2021-03-19T23:14,0.0
,0,2021-03-20T00:55,0.0
,0,2021-03-20T02:37,0.0
,0,2021-03-20T04:18,0.0
,0,2021-03-20T06:00,0.0
8.072936739298373e-05,271,2021-03-20T07:41,1.2262443438914028
,0,2021-03-20T09:23,0.0
,0,2021-03-20T11:04,0.0
,0,2021-03-20T12:46,0.0
,0,2021-03-20T14:27,0.0
,0,2021-03-20T16:09,0.0
,0,2021-03-20T17:50,0.0
,0,2021-03-20T19:32,0.0
,0,2021-03-20T21:13,0.0
,0,2021-03-20T22:55,0.0
,0,2021-03-21T00:36,0.0
,0,2021-03-21T02:18,0.0
,0,2021-03-21T03:59,0.0
,0,2021-03-21T05:41,0.0
6.66397634969866e-05,271,2021-03-21T07:22,1.2262443438914028
,0,2021-03-21T09:04,0.0
,0,2021-03-21T10:45,0.0
,0,2021-03-21T12:27,0.0
,0,2021-03-21T14:08,0.0
,0,2021-03-21T15:50,0.0
,0,2021-03-21T17:31,0.0
,0,2021-03-21T19:13,0.0
,0,2021-03-21T20:54,0.0
,0,2021-03-21T22:36,0.0
,0,2021-03-22T00:17,0.0
,0,2021-03-22T01:59,0.0
,0,2021-03-22T03:40,0.0
,0,2021-03-22T05:22,0.0
5.858369472383422e-05,193,2021-03-22T07:03,0.8733031674208145
,0,2021-03-22T08:45,0.0
,0,2021-03-22T10:26,0.0
,0,2021-03-22T12:08,0.0
,0,2021-03-22T13:49,0.0
,0,2021-03-22T15:31,0.0
,0,2021-03-22T17:12,0.0
,0,2021-03-22T18:54,0.0
,0,2021-03-22T20:35,0.0
,0,2021-03-22T22:17,0.0
,0,2021-03-22T23:58,0.0
,0,2021-03-23T01:40,0.0
,0,2021-03-23T03:21,0.0
,0,2021-03-23T05:03,0.0
,0,2021-03-23T06:44,0.0
5.2076482403561515e-05,271,2021-03-23T08:26,1.2262443438914028
,0,2021-03-23T10:07,0.0
,0,2021-03-23T11:49,0.0
,0,2021-03-23T13:30,0.0
,0,2021-03-23T15:12,0.0
,0,2021-03-23T16:53,0.0
,0,2021-03-23T18:35,0.0
,0,2021-03-23T20:16,0.0
,0,2021-03-23T21:58,0.0
,0,2021-03-23T23:39,0.0
,0,2021-03-24T01:21,0.0
,0,2021-03-24T03:02,0.0
,0,2021-03-24T04:44,0.0
,0,2021-03-24T06:25,0.0
6.311824251601469e-05,271,2021-03-24T08:07,1.2262443438914028
,0,2021-03-24T09:48,0.0
,0,2021-03-24T11:30,0.0
,0,2021-03-24T13:11,0.0
,0,2021-03-24T14:53,0.0
,0,2021-03-24T16:34,0.0
,0,2021-03-24T18:16,0.0
,0,2021-03-24T19:57,0.0
,0,2021-03-24T21:39,0.0
,0,2021-03-24T23:20,0.0
,0,2021-03-25T01:02,0.0
,0,2021-03-25T02:43,0.0
,0,2021-03-25T04:25,0.0
,0,2021-03-25T06:06,0.0
5.6886088416763755e-05,250,2021-03-25T07:48,1.1312217194570136
,0,2021-03-25T09:29,0.0
,0,2021-03-25T11:11,0.0
,0,2021-03-25T12:53,0.0
,0,2021-03-25T14:34,0.0
,0,2021-03-25T16:16,0.0
,0,2021-03-25T17:57,0.0
,0,2021-03-25T19:39,0.0
,0,2021-03-25T21:20,0.0
,0,2021-03-25T23:02,0.0
,0,2021-03-26T00:43,0.0
,0,2021-03-26T02:25,0.0
,0,2021-03-26T04:06,0.0
,0,2021-03-26T05:48,0.0
6.401599627301553e-05,271,2021-03-26T07:29,1.2262443438914028
,0,2021-03-26T09:11,0.0
,0,2021-03-26T10:52,0.0
,0,2021-03-26T12:34,0.0
,0,2021-03-26T14:15,0.0
,0,2021-03-26T15:57,0.0
,0,2021-03-26T17:38,0.0
,0,2021-03-26T19:20,0.0
,0,2021-03-26T21:01,0.0
,0,2021-03-26T22:43,0.0
,0,2021-03-27T00:24,0.0
,0,2021-03-27T02:06,0.0
,0,2021-03-27T03:47,0.0
,0,2021-03-27T05:29,0.0
5.309131049386449e-05,271,2021-03-27T07:10,1.2262443438914028
,0,2021-03-27T08:52,0.0
,0,2021-03-27T10:33,0.0
,0,2021-03-27T12:15,0.0
,0,2021-03-27T13:56,0.0
,0,2021-03-27T15:38,0.0
,0,2021-03-27T17:19,0.0
,0,2021-03-27T19:01,0.0
,0,2021-03-27T20:42,0.0
,0,2021-03-27T22:24,0.0
,0,2021-03-28T00:05,0.0
,0,2021-03-28T01:47,0.0
,0,2021-03-28T03:28,0.0
,0,2021-03-28T05:10,0.0
,0,2021-03-28T06:51,0.0
5.9957919231479924e-05,271,2021-03-28T08:33,1.2262443438914028
,0,2021-03-28T10:14,0.0
,0,2021-03-28T11:56,0.0
,0,2021-03-28T13:37,0.0
,0,2021-03-28T15:19,0.0
,0,2021-03-28T17:00,0.0
,0,2021-03-28T18:42,0.0
,0,2021-03-28T20:23,0.0
,0,2021-03-28T22:05,0.0
,0,2021-03-28T23:46,0.0
,0,2021-03-29T01:28,0.0
,0,2021-03-29T03:09,0.0
,0,2021-03-29T04:51,0.0
,0,2021-03-29T06:32,0.0
7.113571946684605e-05,271,2021-03-29T08:14,1.2262443438914028
,0,2021-03-29T09:55,0.0
,0,2021-03-29T11:37,0.0
,0,2021-03-29T13:18,0.0
,0,2021-03-29T15:00,0.0
,0,2021-03-29T16:41,0.0
,0,2021-03-29T18:23,0.0
,0,2021-03-29T20:04,0.0
,0,2021-03-29T21:46,0.0
,0,2021-03-29T23:27,0.0
,0,2021-03-30T01:09,0.0
,0,2021-03-30T02:50,0.0
,0,2021-03-30T04:32,0.0
,0,2021-03-30T06:13,0.0
4.5790537084897505e-05,271,2021-03-30T07:55,1.2262443438914028
,0,2021-03-30T09:36,0.0
,0,2021-03-30T11:18,0.0
,0,2021-03-30T12:59,0.0
,0,2021-03-30T14:41,0.0
,0,2021-03-30T16:22,0.0
,0,2021-03-30T18:04,0.0
,0,2021-03-30T19:45,0.0
,0,2021-03-30T21:27,0.0
,0,2021-03-30T23:08,0.0
,0,2021-03-31T00:50,0.0
,0,2021-03-31T02:31,0.0
,0,2021-03-31T04:13,0.0
,0,2021-03-31T05:54,0.0
6.744306616315407e-05,271,2021-03-31T07:36,1.2262443438914028
,0,2021-03-31T09:17,0.0
,0,2021-03-31T10:59,0.0
,0,2021-03-31T12:41,0.0
,0,2021-03-31T14:22,0.0
,0,2021-03-31T16:04,0.0
,0,2021-03-31T17:45,0.0
,0,2021-03-31T19:27,0.0
,0,2021-03-31T21:08,0.0
,0,2021-03-31T22:50,0.0
,0,2021-04-01T00:31,0.0
,0,2021-04-01T02:13,0.0
,0,2021-04-01T03:54,0.0
,0,2021-04-01T05:36,0.0
3.689946741121114e-05,271,2021-04-01T07:17,1.2262443438914028
,0,2021-04-01T08:59,0.0
,0,2021-04-01T10:40,0.0
,0,2021-04-01T12:22,0.0
,0,2021-04-01T14:03,0.0
,0,2021-04-01T15:45,0.0
,0,2021-04-01T17:26,0.0
,0,2021-04-01T19:08,0.0
,0,2021-04-01T20:49,0.0
,0,2021-04-01T22:31,0.0
,0,2021-04-02T00:12,0.0
,0,2021-04-02T01:54,0.0
,0,2021-04-02T03:35,0.0
,0,2021-04-02T05:17,0.0
4.05503830520603e-05,271,2021-04-02T06:58,1.2262443438914028
3.8336255177547346e-05,271,2021-04-02T08:40,1.2262443438914028
,0,2021-04-02T10:21,0.0
,0,2021-04-02T12:03,0.0
,0,2021-04-02T13:44,0.0
,0,2021-04-02T15:26,0.0
,0,2021-04-02T17:07,0.0
,0,2021-04-02T18:49,0.0
,0,2021-04-02T20:30,0.0
,0,2021-04-02T22:12,0.0
,0,2021-04-02T23:53,0.0
,0,2021-04-03T01:35,0.0
,0,2021-04-03T03:16,0.0
,0,2021-04-03T04:58,0.0
,0,2021-04-03T06:39,0.0
6.47834742466609e-05,271,2021-04-03T08:21,1.2262443438914028
,0,2021-04-03T10:02,0.0
,0,2021-04-03T11:44,0.0
,0,2021-04-03T13:25,0.0
,0,2021-04-03T15:07,0.0
,0,2021-04-03T16:48,0.0
,0,2021-04-03T18:30,0.0
,0,2021-04-03T20:11,0.0
,0,2021-04-03T21:53,0.0
,0,2021-04-03T23:34,0.0
,0,2021-04-04T01:16,0.0
,0,2021-04-04T02:57,0.0
,0,2021-04-04T04:39,0.0
,0,2021-04-04T06:20,0.0
6.4399413393571e-05,258,2021-04-04T08:02,1.167420814479638
,0,2021-04-04T09:43,0.0
,0,2021-04-04T11:25,0.0
,0,2021-04-04T13:06,0.0
,0,2021-04-04T14:48,0.0
,0,2021-04-04T16:29,0.0
,0,2021-04-04T18:11,0.0
,0,2021-04-04T19:52,0.0
,0,2021-04-04T21:34,0.0
,0,2021-04-04T23:15,0.0
,0,2021-04-05T00:57,0.0
,0,2021-04-05T02:38,0.0
,0,2021-04-05T04:20,0.0
,0,2021-04-05T06:01,0.0
9.143735811215541e-05,271,2021-04-05T07:43,1.2262443438914028
,0,2021-04-05T09:24,0.0
,0,2021-04-05T11:06,0.0
,0,2021-04-05T12:47,0.0
,0,2021-04-05T14:29,0.0
,0,2021-04-05T16:10,0.0
,0,2021-04-05T17:52,0.0
,0,2021-04-05T19:33,0.0
,0,2021-04-05T21:15,0.0
,0,2021-04-05T22:56,0.0
,0,2021-04-06T00:38,0.0
,0,2021-04-06T02:19,0.0
,0,2021-04-06T04:01,0.0
,0,2021-04-06T05:42,0.0
6.472128333886155e-05,271,2021-04-06T07:24,1.2262443438914028
,0,2021-04-06T09:05,0.0
,0,2021-04-06T10:47,0.0
,0,2021-04-06T12:28,0.0
,0,2021-04-06T14:10,0.0
,0,2021-04-06T15:52,0.0
,0,2021-04-06T17:33,0.0
,0,2021-04-06T19:15,0.0
,0,2021-04-06T20:56,0.0
,0,2021-04-06T22:38,0.0
,0,2021-04-07T00:19,0.0
,0,2021-04-07T02:01,0.0
,0,2021-04-07T03:42,0.0
,0,2021-04-07T05:24,0.0
6.09126713221605e-05,271,2021-04-07T07:05,1.2262443438914028
,0,2021-04-07T08:47,0.0
,0,2021-04-07T10:28,0.0
,0,2021-04-07T12:10,0.0
,0,2021-04-07T13:51,0.0
,0,2021-04-07T15:33,0.0
,0,2021-04-07T17:14,0.0
,0,2021-04-07T18:56,0.0
,0,2021-04-07T20:37,0.0
,0,2021-04-07T22:19,0.0
,0,2021-04-08T00:00,0.0
,0,2021-04-08T01:42,0.0
,0,2021-04-08T03:23,0.0
,0,2021-04-08T05:05,0.0
,0,2021-04-08T06:46,0.0
,0,2021-04-08T08:28,0.0
,0,2021-04-08T10:09,0.0
,0,2021-04-08T11:51,0.0
,0,2021-04-08T13:32,0.0
,0,2021-04-08T15:14,0.0
,0,2021-04-08T16:55,0.0
,0,2021-04-08T18:37,0.0
,0,2021-04-08T20:18,0.0
,0,2021-04-08T22:00,0.0
,0,2021-04-08T23:41,0.0
,0,2021-04-09T01:23,0.0
,0,2021-04-09T03:04,0.0
,0,2021-04-09T04:46,0.0
,0,2021-04-09T06:27,0.0
6.94617765684662e-05,242,2021-04-09T08:09,1.0950226244343892
,0,2021-04-09T09:50,0.0
,0,2021-04-09T11:32,0.0
,0,2021-04-09T13:13,0.0
,0,2021-04-09T14:55,0.0
,0,2021-04-09T16:36,0.0
,0,2021-04-09T18:18,0.0
,0,2021-04-09T19:59,0.0
,0,2021-04-09T21:41,0.0
,0,2021-04-09T23:22,0.0
,0,2021-04-10T01:04,0.0
,0,2021-04-10T02:45,0.0
,0,2021-04-10T04:27,0.0
,0,2021-04-10T06:08,0.0
6.325377352428643e-05,30,2021-04-10T07:50,0.13574660633484162
,0,2021-04-10T09:31,0.0
,0,2021-04-10T11:13,0.0
,0,2021-04-10T12:54,0.0
,0,2021-04-10T14:36,0.0
,0,2021-04-10T16:17,0.0
,0,2021-04-10T17:59,0.0
,0,2021-04-10T19:40,0.0
,0,2021-04-10T21:22,0.0
,0,2021-04-10T23:03,0.0
,0,2021-04-11T00:45,0.0
,0,2021-04-11T02:26,0.0
,0,2021-04-11T04:08,0.0
,0,2021-04-11T05:49,0.0
4.389281642598452e-05,271,2021-04-11T07:31,1.2262443438914028
,0,2021-04-11T09:12,0.0
,0,2021-04-11T10:54,0.0
,0,2021-04-11T12:35,0.0
,0,2021-04-11T14:17,0.0
,0,2021-04-11T15:58,0.0
,0,2021-04-11T17:40,0.0
,0,2021-04-11T19:21,0.0
,0,2021-04-11T21:03,0.0
,0,2021-04-11T22:44,0.0
,0,2021-04-12T00:26,0.0
,0,2021-04-12T02:07,0.0
,0,2021-04-12T03:49,0.0
,0,2021-04-12T05:30,0.0
6.188612967956987e-05,209,2021-04-12T07:12,0.9457013574660633
,0,2021-04-12T08:53,0.0
,0,2021-04-12T10:35,0.0
,0,2021-04-12T12:16,0.0
,0,2021-04-12T13:58,0.0
,0,2021-04-12T15:39,0.0
,0,2021-04-12T17:21,0.0
,0,2021-04-12T19:02,0.0
,0,2021-04-12T20:44,0.0
,0,2021-04-12T22:25,0.0
,0,2021-04-13T00:07,0.0
,0,2021-04-13T01:48,0.0
,0,2021-04-13T07:36,0.0
4.176288235831066e-05,195,2021-04-13T08:35,0.8823529411764706
,0,2021-04-13T10:16,0.0
,0,2021-04-13T11:58,0.0
,0,2021-04-13T13:39,0.0
,0,2021-04-13T15:21,0.0
,0,2021-04-13T17:02,0.0
,0,2021-04-13T18:44,0.0
,0,2021-04-13T20:25,0.0
,0,2021-04-13T22:07,0.0
,0,2021-04-13T23:48,0.0
,0,2021-04-14T01:30,0.0
,0,2021-04-14T03:11,0.0
,0,2021-04-14T04:53,0.0
,0,2021-04-14T06:34,0.0
,0,2021-04-14T08:16,0.0
,0,2021-04-14T09:57,0.0
,0,2021-04-14T11:39,0.0
,0,2021-04-14T13:20,0.0
,0,2021-04-14T15:02,0.0
,0,2021-04-14T16:43,0.0
,0,2021-04-14T18:25,0.0
,0,2021-04-14T20:06,0.0
,0,2021-04-14T21:48,0.0
,0,2021-04-14T23:29,0.0
,0,2021-04-15T01:11,0.0
,0,2021-04-15T02:52,0.0
,0,2021-04-15T04:34,0.0
,0,2021-04-15T06:15,0.0
6.857977322362493e-05,269,2021-04-15T07:57,1.2171945701357465
,0,2021-04-15T09:38,0.0
,0,2021-04-15T11:20,0.0
,0,2021-04-15T13:01,0.0
,0,2021-04-15T14:43,0.0
,0,2021-04-15T16:24,0.0
,0,2021-04-15T18:06,0.0
,0,2021-04-15T19:47,0.0
,0,2021-04-15T21:29,0.0
,0,2021-04-15T23:10,0.0
,0,2021-04-16T00:52,0.0
,0,2021-04-16T02:33,0.0
,0,2021-04-16T04:15,0.0
,0,2021-04-16T05:56,0.0
6.885027470201915e-05,269,2021-04-16T07:38,1.2171945701357465
,0,2021-04-16T09:19,0.0
,0,2021-04-16T11:01,0.0
,0,2021-04-16T12:42,0.0
,0,2021-04-16T14:24,0.0
,0,2021-04-16T16:05,0.0
,0,2021-04-16T17:47,0.0
,0,2021-04-16T19:28,0.0
,0,2021-04-16T21:10,0.0
,0,2021-04-16T22:51,0.0
,0,2021-04-17T00:33,0.0
,0,2021-04-17T02:14,0.0
,0,2021-04-17T03:56,0.0
,0,2021-04-17T05:37,0.0
7.715100529343295e-05,256,2021-04-17T07:19,1.158371040723982
,0,2021-04-17T09:00,0.0
,0,2021-04-17T10:42,0.0
,0,2021-04-17T12:23,0.0
,0,2021-04-17T14:05,0.0
,0,2021-04-17T15:46,0.0
,0,2021-04-17T17:28,0.0
,0,2021-04-17T19:09,0.0
,0,2021-04-17T20:51,0.0
,0,2021-04-17T22:32,0.0
,0,2021-04-18T00:14,0.0
,0,2021-04-18T01:55,0.0
,0,2021-04-18T03:37,0.0
,0,2021-04-18T05:18,0.0
5.243393551971031e-05,235,2021-04-18T07:00,1.0633484162895928
5.4167207970113656e-05,190,2021-04-18T08:41,0.8597285067873304
,0,2021-04-18T10:23,0.0
,0,2021-04-18T12:04,0.0
,0,2021-04-18T13:46,0.0
,0,2021-04-18T15:27,0.0
,0,2021-04-18T17:09,0.0
,0,2021-04-18T18:50,0.0
,0,2021-04-18T20:32,0.0
,0,2021-04-18T22:13,0.0
,0,2021-04-18T23:55,0.0
,0,2021-04-19T01:36,0.0
,0,2021-04-19T03:18,0.0
,0,2021-04-19T04:59,0.0
,0,2021-04-19T06:41,0.0
3.7888542126694705e-05,269,2021-04-19T08:22,1.2171945701357465
,0,2021-04-19T10:04,0.0
,0,2021-04-19T11:45,0.0
,0,2021-04-19T13:27,0.0
,0,2021-04-19T15:08,0.0
,0,2021-04-19T16:50,0.0
,0,2021-04-19T18:31,0.0
,0,2021-04-19T20:13,0.0
,0,2021-04-19T21:54,0.0
,0,2021-04-19T23:36,0.0
,0,2021-04-20T01:17,0.0
,0,2021-04-20T02:59,0.0
,0,2021-04-20T04:40,0.0
,0,2021-04-20T06:22,0.0
4.377351348527132e-05,269,2021-04-20T08:04,1.2171945701357465
,0,2021-04-20T09:45,0.0
,0,2021-04-20T11:27,0.0
,0,2021-04-20T13:08,0.0
,0,2021-04-20T14:50,0.0
,0,2021-04-20T16:31,0.0
,0,2021-04-20T18:13,0.0
,0,2021-04-20T19:54,0.0
,0,2021-04-20T21:36,0.0
,0,2021-04-20T23:17,0.0
,0,2021-04-21T00:59,0.0
,0,2021-04-21T02:40,0.0
,0,2021-04-21T04:22,0.0
,0,2021-04-21T06:03,0.0
3.3186799285439034e-05,269,2021-04-21T07:45,1.2171945701357465
,0,2021-04-21T09:26,0.0
,0,2021-04-21T11:08,0.0
,0,2021-04-21T12:49,0.0
,0,2021-04-21T14:31,0.0
,0,2021-04-21T16:12,0.0
,0,2021-04-21T17:54,0.0
,0,2021-04-21T19:35,0.0
,0,2021-04-21T21:17,0.0
,0,2021-04-21T22:58,0.0
,0,2021-04-22T00:40,0.0
,0,2021-04-22T02:21,0.0
,0,2021-04-22T04:03,0.0
,0,2021-04-22T05:44,0.0
5.106681117827471e-05,256,2021-04-22T07:26,1.158371040723982
,0,2021-04-22T09:07,0.0
,0,2021-04-22T10:49,0.0
,0,2021-04-22T12:30,0.0
,0,2021-04-22T14:12,0.0
,0,2021-04-22T15:53,0.0
,0,2021-04-22T17:35,0.0
,0,2021-04-22T19:16,0.0
,0,2021-04-22T20:58,0.0
,0,2021-04-22T22:39,0.0
,0,2021-04-23T00:21,0.0
,0,2021-04-23T02:02,0.0
,0,2021-04-23T03:44,0.0
,0,2021-04-23T05:25,0.0
3.11966799925472e-05,8,2021-04-23T07:07,0.03619909502262444
,0,2021-04-23T08:48,0.0
,0,2021-04-23T10:30,0.0
,0,2021-04-23T12:11,0.0
,0,2021-04-23T13:53,0.0
,0,2021-04-23T15:34,0.0
,0,2021-04-23T17:16,0.0
,0,2021-04-23T18:57,0.0
,0,2021-04-23T20:39,0.0
,0,2021-04-23T22:20,0.0
,0,2021-04-24T00:02,0.0
,0,2021-04-24T01:43,0.0
,0,2021-04-24T03:25,0.0
,0,2021-04-24T05:06,0.0
,0,2021-04-24T06:48,0.0
5.277994016245254e-05,269,2021-04-24T08:29,1.2171945701357465
,0,2021-04-24T10:11,0.0
,0,2021-04-24T11:52,0.0
,0,2021-04-24T13:34,0.0
,0,2021-04-24T15:15,0.0
,0,2021-04-24T16:57,0.0
,0,2021-04-24T18:38,0.0
,0,2021-04-24T20:20,0.0
,0,2021-04-24T22:01,0.0
,0,2021-04-24T23:43,0.0
,0,2021-04-25T01:24,0.0
,0,2021-04-25T03:06,0.0
,0,2021-04-25T04:47,0.0
,0,2021-04-25T06:29,0.0
5.396747659429191e-05,252,2021-04-25T08:10,1.1402714932126696
,0,2021-04-25T09:52,0.0
,0,2021-04-25T11:33,0.0
,0,2021-04-25T13:15,0.0
,0,2021-04-25T14:56,0.0
,0,2021-04-25T16:38,0.0
,0,2021-04-25T18:19,0.0
,0,2021-04-25T20:01,0.0
,0,2021-04-25T21:42,0.0
,0,2021-04-25T23:24,0.0
,0,2021-04-26T01:05,0.0
,0,2021-04-26T02:47,0.0
,0,2021-04-26T04:28,0.0
,0,2021-04-26T06:10,0.0
6.958435038845839e-05,269,2021-04-26T07:51,1.2171945701357465
,0,2021-04-26T09:33,0.0
,0,2021-04-26T11:14,0.0
,0,2021-04-26T12:56,0.0
,0,2021-04-26T14:37,0.0
,0,2021-04-26T16:19,0.0
,0,2021-04-26T18:00,0.0
,0,2021-04-26T19:42,0.0
,0,2021-04-26T21:23,0.0
,0,2021-04-26T23:05,0.0
,0,2021-04-27T00:46,0.0
,0,2021-04-27T02:28,0.0
,0,2021-04-27T04:09,0.0
,0,2021-04-27T05:51,0.0
5.995055328143498e-05,269,2021-04-27T07:32,1.2171945701357465
,0,2021-04-27T09:14,0.0
,0,2021-04-27T10:55,0.0
,0,2021-04-27T12:37,0.0
,0,2021-04-27T14:18,0.0
,0,2021-04-27T16:00,0.0
,0,2021-04-27T17:41,0.0
,0,2021-04-27T19:23,0.0
,0,2021-04-27T21:04,0.0
,0,2021-04-27T22:46,0.0
,0,2021-04-28T00:27,0.0
,0,2021-04-28T02:09,0.0
,0,2021-04-28T03:50,0.0
,0,2021-04-28T05:32,0.0
4.5927100047385994e-05,268,2021-04-28T07:13,1.2126696832579185
,0,2021-04-28T08:55,0.0
,0,2021-04-28T10:37,0.0
,0,2021-04-28T12:18,0.0
,0,2021-04-28T14:00,0.0
,0,2021-04-28T15:41,0.0
,0,2021-04-28T17:23,0.0
,0,2021-04-28T19:04,0.0
,0,2021-04-28T20:46,0.0
,0,2021-04-28T22:27,0.0
,0,2021-04-29T00:09,0.0
,0,2021-04-29T01:50,0.0
,0,2021-04-29T03:32,0.0
,0,2021-04-29T05:13,0.0
,0,2021-04-29T06:55,0.0
,0,2021-04-29T08:36,0.0
,0,2021-04-29T10:18,0.0
,0,2021-04-29T11:59,0.0
,0,2021-04-29T13:41,0.0
,0,2021-04-29T15:22,0.0
,0,2021-04-29T17:04,0.0
,0,2021-04-29T18:45,0.0
,0,2021-04-29T20:27,0.0
,0,2021-04-29T22:08,0.0
,0,2021-04-29T23:50,0.0
,0,2021-04-30T01:31,0.0
,0,2021-04-30T03:13,0.0
,0,2021-04-30T04:54,0.0
,0,2021-04-30T06:36,0.0
5.205571080906218e-05,137,2021-04-30T08:17,0.6199095022624435
,0,2021-04-30T09:59,0.0
,0,2021-04-30T11:40,0.0
,0,2021-04-30T13:22,0.0
,0,2021-04-30T15:03,0.0
,0,2021-04-30T16:45,0.0
,0,2021-04-30T18:26,0.0
,0,2021-04-30T20:08,0.0
,0,2021-04-30T21:49,0.0
,0,2021-04-30T23:31,0.0
,0,2021-05-01T01:12,0.0
,0,2021-05-01T02:54,0.0
,0,2021-05-01T04:35,0.0
,0,2021-05-01T06:17,0.0
,0,2021-05-01T07:58,0.0
,0,2021-05-01T09:40,0.0
,0,2021-05-01T11:21,0.0
,0,2021-05-01T13:03,0.0
,0,2021-05-01T14:44,0.0
,0,2021-05-01T16:26,0.0
,0,2021-05-01T18:07,0.0
,0,2021-05-01T19:49,0.0
,0,2021-05-01T21:30,0.0
,0,2021-05-01T23:12,0.0
,0,2021-05-02T00:53,0.0
,0,2021-05-02T02:35,0.0
,0,2021-05-02T04:16,0.0
,0,2021-05-02T05:58,0.0
5.966027298261717e-05,234,2021-05-02T07:39,1.0588235294117647
,0,2021-05-02T09:21,0.0
,0,2021-05-02T11:02,0.0
,0,2021-05-02T12:44,0.0
,0,2021-05-02T14:25,0.0
,0,2021-05-02T16:07,0.0
,0,2021-05-02T17:48,0.0
,0,2021-05-02T19:30,0.0
,0,2021-05-02T21:11,0.0
,0,2021-05-02T22:53,0.0
,0,2021-05-03T00:34,0.0
,0,2021-05-03T02:16,0.0
,0,2021-05-03T03:57,0.0
,0,2021-05-03T05:39,0.0
5.7018929649341146e-05,269,2021-05-03T07:20,1.2171945701357465
,0,2021-05-03T09:02,0.0
,0,2021-05-03T10:43,0.0
,0,2021-05-03T12:25,0.0
,0,2021-05-03T14:06,0.0
,0,2021-05-03T15:48,0.0
,0,2021-05-03T17:29,0.0
,0,2021-05-03T19:11,0.0
,0,2021-05-03T20:52,0.0
,0,2021-05-03T22:34,0.0
,0,2021-05-04T00:15,0.0
,0,2021-05-04T01:57,0.0
,0,2021-05-04T03:38,0.0
,0,2021-05-04T05:20,0.0
,0,2021-05-04T08:43,0.0
,0,2021-05-04T10:24,0.0
,0,2021-05-04T12:06,0.0
,0,2021-05-04T13:47,0.0
,0,2021-05-04T15:29,0.0
,0,2021-05-04T17:10,0.0
,0,2021-05-04T18:52,0.0
,0,2021-05-04T20:33,0.0
,0,2021-05-04T22:15,0.0
,0,2021-05-04T23:56,0.0
,0,2021-05-05T01:38,0.0
,0,2021-05-05T03:19,0.0
,0,2021-05-05T05:01,0.0
,0,2021-05-05T06:42,0.0
5.232292574579027e-05,108,2021-05-05T08:24,0.48868778280542985
,0,2021-05-05T10:05,0.0
,0,2021-05-05T11:47,0.0
,0,2021-05-05T13:28,0.0
,0,2021-05-05T15:10,0.0
,0,2021-05-05T16:51,0.0
,0,2021-05-05T18:33,0.0
,0,2021-05-05T20:14,0.0
,0,2021-05-05T21:56,0.0
,0,2021-05-05T23:37,0.0
,0,2021-05-06T01:19,0.0
,0,2021-05-06T03:00,0.0
,0,2021-05-06T04:42,0.0
,0,2021-05-06T06:23,0.0
6.604729807370968e-05,189,2021-05-06T08:05,0.8552036199095022
,0,2021-05-06T09:46,0.0
,0,2021-05-06T11:28,0.0
,0,2021-05-06T13:09,0.0
,0,2021-05-06T14:51,0.0
,0,2021-05-06T16:32,0.0
,0,2021-05-06T18:14,0.0
,0,2021-05-06T19:55,0.0
,0,2021-05-06T21:37,0.0
,0,2021-05-06T23:18,0.0
,0,2021-05-07T01:00,0.0
,0,2021-05-07T02:41,0.0
,0,2021-05-07T04:23,0.0
,0,2021-05-07T06:04,0.0
5.957731702741871e-05,70,2021-05-07T07:46,0.3167420814479638
,0,2021-05-07T09:27,0.0
,0,2021-05-07T11:09,0.0
,0,2021-05-07T12:50,0.0
,0,2021-05-07T14:32,0.0
,0,2021-05-07T16:13,0.0
,0,2021-05-07T17:55,0.0
,0,2021-05-07T19:36,0.0
,0,2021-05-07T21:18,0.0
,0,2021-05-07T22:59,0.0
,0,2021-05-08T00:41,0.0
,0,2021-05-08T02:22,0.0
,0,2021-05-08T04:04,0.0
,0,2021-05-08T05:45,0.0
6.71555843513552e-05,136,2021-05-08T07:27,0.6153846153846154
,0,2021-05-08T09:08,0.0
,0,2021-05-08T10:50,0.0
,0,2021-05-08T12:31,0.0
,0,2021-05-08T14:13,0.0
,0,2021-05-08T15:54,0.0
,0,2021-05-08T17:36,0.0
,0,2021-05-08T19:17,0.0
,0,2021-05-08T20:59,0.0
,0,2021-05-08T22:40,0.0
,0,2021-05-09T00:22,0.0
,0,2021-05-09T02:03,0.0
,0,2021-05-09T03:45,0.0
,0,2021-05-09T05:27,0.0
3.396946203601255e-05,29,2021-05-09T07:08,0.13122171945701358
,0,2021-05-09T08:50,0.0
,0,2021-05-09T10:31,0.0
,0,2021-05-09T12:13,0.0
,0,2021-05-09T13:54,0.0
,0,2021-05-09T15:36,0.0
,0,2021-05-09T17:17,0.0
,0,2021-05-09T18:59,0.0
,0,2021-05-09T20:40,0.0
,0,2021-05-09T22:22,0.0
,0,2021-05-10T00:03,0.0
,0,2021-05-10T01:45,0.0
,0,2021-05-10T03:26,0.0
,0,2021-05-10T05:08,0.0
,0,2021-05-10T06:49,0.0
4.647871680678846e-05,269,2021-05-10T08:31,1.2171945701357465
,0,2021-05-10T10:12,0.0
,0,2021-05-10T11:54,0.0
,0,2021-05-10T13:35,0.0
,0,2021-05-10T15:17,0.0
,0,2021-05-10T16:58,0.0
,0,2021-05-10T18:40,0.0
,0,2021-05-10T20:21,0.0
,0,2021-05-10T22:03,0.0
,0,2021-05-10T23:44,0.0
,0,2021-05-11T01:26,0.0
,0,2021-05-11T03:07,0.0
,0,2021-05-11T04:49,0.0
,0,2021-05-11T06:30,0.0
3.181267366133519e-05,269,2021-05-11T08:12,1.2171945701357465
,0,2021-05-11T09:53,0.0
,0,2021-05-11T11:35,0.0
,0,2021-05-11T13:16,0.0
,0,2021-05-11T14:58,0.0
,0,2021-05-11T16:39,0.0
,0,2021-05-11T18:21,0.0
,0,2021-05-11T20:02,0.0
,0,2021-05-11T21:44,0.0
,0,2021-05-11T23:25,0.0
,0,2021-05-12T01:07,0.0
,0,2021-05-12T02:48,0.0
,0,2021-05-12T04:30,0.0
,0,2021-05-12T06:11,0.0
3.775861439306229e-05,269,2021-05-12T07:53,1.2171945701357465
,0,2021-05-12T09:34,0.0
,0,2021-05-12T11:16,0.0
,0,2021-05-12T12:57,0.0
,0,2021-05-12T14:39,0.0
,0,2021-05-12T16:20,0.0
,0,2021-05-12T18:02,0.0
,0,2021-05-12T19:43,0.0
,0,2021-05-12T21:25,0.0
,0,2021-05-12T23:06,0.0
,0,2021-05-13T00:48,0.0
,0,2021-05-13T02:29,0.0
,0,2021-05-13T04:11,0.0
,0,2021-05-13T05:52,0.0
,0,2021-05-13T07:34,0.0
,0,2021-05-13T09:15,0.0
,0,2021-05-13T10:57,0.0
,0,2021-05-13T12:38,0.0
,0,2021-05-13T14:20,0.0
,0,2021-05-13T16:01,0.0
,0,2021-05-13T17:43,0.0
,0,2021-05-13T19:24,0.0
,0,2021-05-13T21:06,0.0
,0,2021-05-13T22:47,0.0
,0,2021-05-14T00:29,0.0
,0,2021-05-14T02:10,0.0
,0,2021-05-14T03:52,0.0
,0,2021-05-14T05:33,0.0
4.177183578417862e-05,120,2021-05-14T07:15,0.5429864253393665
,0,2021-05-14T08:56,0.0
,0,2021-05-14T10:38,0.0
,0,2021-05-14T12:19,0.0
,0,2021-05-14T14:01,0.0
,0,2021-05-14T15:42,0.0
,0,2021-05-14T17:24,0.0
,0,2021-05-14T19:05,0.0
,0,2021-05-14T20:47,0.0
,0,2021-05-14T22:28,0.0
,0,2021-05-15T00:10,0.0
,0,2021-05-15T01:51,0.0
,0,2021-05-15T03:33,0.0
,0,2021-05-15T05:14,0.0
,0,2021-05-15T06:56,0.0
,0,2021-05-15T08:37,0.0
,0,2021-05-15T10:19,0.0
,0,2021-05-15T12:00,0.0
,0,2021-05-15T13:42,0.0
,0,2021-05-15T15:23,0.0
,0,2021-05-15T17:05,0.0
,0,2021-05-15T18:46,0.0
,0,2021-05-15T20:28,0.0
,0,2021-05-15T22:09,0.0
,0,2021-05-15T23:51,0.0
,0,2021-05-16T01:32,0.0
,0,2021-05-16T03:14,0.0
,0,2021-05-16T04:55,0.0
,0,2021-05-16T06:37,0.0
,0,2021-05-16T08:18,0.0
,0,2021-05-16T10:00,0.0
,0,2021-05-16T11:41,0.0
,0,2021-05-16T13:23,0.0
,0,2021-05-16T15:04,0.0
,0,2021-05-16T16:46,0.0
,0,2021-05-16T18:27,0.0
,0,2021-05-16T20:09,0.0
,0,2021-05-16T21:50,0.0
,0,2021-05-16T23:32,0.0
,0,2021-05-17T01:13,0.0
,0,2021-05-17T02:55,0.0
,0,2021-05-17T04:36,0.0
,0,2021-05-17T06:18,0.0
,0,2021-05-17T07:59,0.0
,0,2021-05-17T09:41,0.0
,0,2021-05-17T11:22,0.0
,0,2021-05-17T13:04,0.0
,0,2021-05-17T14:45,0.0
,0,2021-05-17T16:27,0.0
,0,2021-05-17T18:08,0.0
,0,2021-05-17T19:50,0.0
,0,2021-05-17T21:31,0.0
,0,2021-05-17T23:13,0.0
,0,2021-05-18T00:54,0.0
,0,2021-05-18T02:36,0.0
,0,2021-05-18T04:17,0.0
,0,2021-05-18T05:59,0.0
,0,2021-05-18T07:40,0.0
,0,2021-05-18T09:22,0.0
,0,2021-05-18T11:03,0.0
,0,2021-05-18T12:45,0.0
,0,2021-05-18T14:26,0.0
,0,2021-05-18T16:08,0.0
,0,2021-05-18T17:49,0.0
,0,2021-05-18T19:31,0.0
,0,2021-05-18T21:12,0.0
,0,2021-05-18T22:54,0.0
,0,2021-05-19T01:20,0.0
,0,2021-05-19T02:17,0.0
,0,2021-05-19T03:58,0.0
,0,2021-05-19T05:40,0.0
,0,2021-05-19T07:21,0.0
,0,2021-05-19T09:03,0.0
,0,2021-05-19T10:44,0.0
,0,2021-05-19T12:26,0.0
,0,2021-05-19T14:07,0.0
,0,2021-05-19T15:49,0.0
,0,2021-05-19T17:30,0.0
,0,2021-05-19T19:12,0.0
,0,2021-05-19T20:53,0.0
,0,2021-05-19T22:35,0.0
,0,2021-05-20T00:16,0.0
,0,2021-05-20T01:58,0.0
,0,2021-05-20T03:39,0.0
,0,2021-05-20T05:21,0.0
3.263222395704465e-05,237,2021-05-20T07:02,1.0723981900452488
3.26668752414536e-05,269,2021-05-20T08:44,1.2171945701357465
,0,2021-05-20T10:25,0.0
,0,2021-05-20T12:07,0.0
,0,2021-05-20T13:48,0.0
,0,2021-05-20T15:30,0.0
,0,2021-05-20T17:11,0.0
,0,2021-05-20T18:53,0.0
,0,2021-05-20T20:34,0.0
,0,2021-05-20T22:16,0.0
,0,2021-05-20T23:57,0.0
,0,2021-05-21T01:39,0.0
,0,2021-05-21T03:20,0.0
,0,2021-05-21T05:02,0.0
,0,2021-05-21T06:43,0.0
4.1024903941720506e-05,269,2021-05-21T08:25,1.2171945701357465
,0,2021-05-21T10:06,0.0
,0,2021-05-21T11:48,0.0
,0,2021-05-21T13:29,0.0
,0,2021-05-21T15:11,0.0
,0,2021-05-21T16:52,0.0
,0,2021-05-21T18:34,0.0
,0,2021-05-21T20:15,0.0
,0,2021-05-21T21:57,0.0
,0,2021-05-21T23:38,0.0
,0,2021-05-22T01:20,0.0
,0,2021-05-22T03:01,0.0
,0,2021-05-22T04:43,0.0
,0,2021-05-22T06:24,0.0
4.74292325109395e-05,259,2021-05-22T08:06,1.1719457013574661
,0,2021-05-22T09:47,0.0
,0,2021-05-22T11:29,0.0
,0,2021-05-22T13:10,0.0
,0,2021-05-22T14:52,0.0
,0,2021-05-22T16:33,0.0
,0,2021-05-22T18:15,0.0
,0,2021-05-22T19:56,0.0
,0,2021-05-22T21:38,0.0
,0,2021-05-22T23:19,0.0
,0,2021-05-23T01:01,0.0
,0,2021-05-23T02:42,0.0
,0,2021-05-23T04:24,0.0
,0,2021-05-23T06:05,0.0
4.6595306225052345e-05,269,2021-05-23T07:47,1.2171945701357465
,0,2021-05-23T09:28,0.0
,0,2021-05-23T11:10,0.0
,0,2021-05-23T16:55,0.0
,0,2021-05-23T17:56,0.0
,0,2021-05-23T19:37,0.0
,0,2021-05-23T21:19,0.0
,0,2021-05-23T23:00,0.0
,0,2021-05-24T00:42,0.0
,0,2021-05-24T02:23,0.0
,0,2021-05-24T04:05,0.0
,0,2021-05-24T05:46,0.0
4.040328850593157e-05,269,2021-05-24T07:28,1.2171945701357465
,0,2021-05-24T09:09,0.0
,0,2021-05-24T10:51,0.0
,0,2021-05-24T12:32,0.0
,0,2021-05-24T14:14,0.0
,0,2021-05-24T15:55,0.0
,0,2021-05-24T17:37,0.0
,0,2021-05-24T19:18,0.0
,0,2021-05-24T21:00,0.0
,0,2021-05-24T22:41,0.0
,0,2021-05-25T00:23,0.0
,0,2021-05-25T02:04,0.0
,0,2021-05-25T03:46,0.0
,0,2021-05-25T05:27,0.0
3.6007744959935376e-05,214,2021-05-25T07:09,0.9683257918552036
,0,2021-05-25T08:50,0.0
,0,2021-05-25T10:32,0.0
,0,2021-05-25T12:13,0.0
,0,2021-05-25T13:55,0.0
,0,2021-05-25T15:36,0.0
,0,2021-05-25T17:18,0.0
,0,2021-05-25T18:59,0.0
,0,2021-05-25T20:41,0.0
,0,2021-05-25T22:22,0.0
,0,2021-05-26T00:04,0.0
,0,2021-05-26T01:45,0.0
,0,2021-05-26T03:27,0.0
,0,2021-05-26T05:08,0.0
,0,2021-05-26T06:50,0.0
2.9881039956351264e-05,269,2021-05-26T08:31,1.2171945701357465
,0,2021-05-26T10:13,0.0
,0,2021-05-26T11:54,0.0
,0,2021-05-26T13:36,0.0
,0,2021-05-26T15:17,0.0
,0,2021-05-26T16:59,0.0
,0,2021-05-26T18:40,0.0
,0,2021-05-26T20:22,0.0
,0,2021-05-26T22:03,0.0
,0,2021-05-26T23:45,0.0
,0,2021-05-27T01:26,0.0
,0,2021-05-27T03:08,0.0
,0,2021-05-27T04:49,0.0
,0,2021-05-27T06:31,0.0
2.612635164777678e-05,191,2021-05-27T08:12,0.8642533936651584
,0,2021-05-27T09:54,0.0
,0,2021-05-27T11:35,0.0
,0,2021-05-27T13:17,0.0
,0,2021-05-27T14:58,0.0
,0,2021-05-27T16:40,0.0
,0,2021-05-27T18:21,0.0
,0,2021-05-27T20:03,0.0
,0,2021-05-27T21:44,0.0
,0,2021-05-27T23:26,0.0
,0,2021-05-28T01:07,0.0
,0,2021-05-28T02:49,0.0
,0,2021-05-28T04:30,0.0
,0,2021-05-28T06:12,0.0
2.775024392583109e-05,165,2021-05-28T07:53,0.746606334841629
,0,2021-05-28T09:35,0.0
,0,2021-05-28T11:16,0.0
,0,2021-05-28T12:58,0.0
,0,2021-05-28T14:39,0.0
,0,2021-05-28T16:21,0.0
,0,2021-05-28T18:02,0.0
,0,2021-05-28T20:21,0.0
,0,2021-05-28T21:25,0.0
,0,2021-05-28T23:07,0.0
,0,2021-05-29T00:48,0.0
,0,2021-05-29T02:30,0.0
,0,2021-05-29T04:11,0.0
,0,2021-05-29T05:53,0.0
,0,2021-05-29T07:34,0.0
,0,2021-05-29T09:16,0.0
,0,2021-05-29T10:57,0.0
,0,2021-05-29T12:39,0.0
,0,2021-05-29T14:20,0.0
,0,2021-05-29T16:02,0.0
,0,2021-05-29T17:43,0.0
,0,2021-05-29T19:25,0.0
,0,2021-05-29T21:06,0.0
,0,2021-05-29T22:48,0.0
,0,2021-05-30T00:29,0.0
,0,2021-05-30T02:11,0.0
,0,2021-05-30T03:52,0.0
,0,2021-05-30T05:34,0.0
5.4841956563115426e-05,269,2021-05-30T07:15,1.2171945701357465
,0,2021-05-30T08:57,0.0
,0,2021-05-30T10:38,0.0
,0,2021-05-30T12:20,0.0
,0,2021-05-30T14:01,0.0
,0,2021-05-30T15:43,0.0
,0,2021-05-30T17:24,0.0
,0,2021-05-30T19:06,0.0
,0,2021-05-30T20:47,0.0
,0,2021-05-30T22:29,0.0
,0,2021-05-31T00:10,0.0
,0,2021-05-31T01:52,0.0
,0,2021-05-31T03:33,0.0
,0,2021-05-31T05:15,0.0
,0,2021-05-31T06:56,0.0
,0,2021-05-31T08:38,0.0
,0,2021-05-31T10:19,0.0
,0,2021-05-31T12:01,0.0
,0,2021-05-31T13:42,0.0
,0,2021-05-31T15:24,0.0
,0,2021-05-31T17:05,0.0
,0,2021-05-31T18:47,0.0
,0,2021-05-31T20:28,0.0
,0,2021-05-31T22:10,0.0
,0,2021-05-31T23:51,0.0
,0,2021-10-01T01:39,0.0
,0,2021-10-01T03:20,0.0
,0,2021-10-01T05:02,0.0
,0,2021-10-01T06:43,0.0
3.720863075816686e-05,49,2021-10-01T08:25,0.22171945701357465
,0,2021-10-01T10:06,0.0
,0,2021-10-01T11:48,0.0
,0,2021-10-01T13:29,0.0
,0,2021-10-01T15:10,0.0
,0,2021-10-01T16:52,0.0
,0,2021-10-01T18:33,0.0
,0,2021-10-01T20:15,0.0
,0,2021-10-01T21:56,0.0
,0,2021-10-01T23:38,0.0
,0,2021-10-02T01:19,0.0
,0,2021-10-02T03:01,0.0
,0,2021-10-02T04:42,0.0
,0,2021-10-02T06:24,0.0
4.808433194683447e-05,243,2021-10-02T08:05,1.0995475113122173
,0,2021-10-02T09:47,0.0
,0,2021-10-02T11:28,0.0
,0,2021-10-02T13:10,0.0
,0,2021-10-02T14:51,0.0
,0,2021-10-02T16:33,0.0
,0,2021-10-02T18:14,0.0
,0,2021-10-02T19:56,0.0
,0,2021-10-02T21:37,0.0
,0,2021-10-02T23:19,0.0
,0,2021-10-03T01:00,0.0
,0,2021-10-03T02:42,0.0
,0,2021-10-03T04:23,0.0
,0,2021-10-03T06:05,0.0
4.031897077949901e-05,135,2021-10-03T07:46,0.6108597285067874
,0,2021-10-03T09:28,0.0
,0,2021-10-03T11:09,0.0
,0,2021-10-03T12:51,0.0
,0,2021-10-03T14:32,0.0
,0,2021-10-03T16:14,0.0
,0,2021-10-03T17:55,0.0
,0,2021-10-03T19:37,0.0
,0,2021-10-03T21:18,0.0
,0,2021-10-03T23:00,0.0
,0,2021-10-04T00:41,0.0
,0,2021-10-04T02:23,0.0
,0,2021-10-04T04:04,0.0
,0,2021-10-04T05:46,0.0
4.953693470707882e-05,175,2021-10-04T07:27,0.7918552036199095
,0,2021-10-04T09:09,0.0
,0,2021-10-04T10:50,0.0
,0,2021-10-04T12:32,0.0
,0,2021-10-04T14:13,0.0
,0,2021-10-04T15:55,0.0
,0,2021-10-04T17:36,0.0
,0,2021-10-04T19:18,0.0
,0,2021-10-04T20:59,0.0
,0,2021-10-04T22:41,0.0
,0,2021-10-05T00:22,0.0
,0,2021-10-05T02:04,0.0
,0,2021-10-05T03:45,0.0
,0,2021-10-05T05:27,0.0
4.077866151210342e-05,271,2021-10-05T07:08,1.2262443438914028
,0,2021-10-05T08:49,0.0
,0,2021-10-05T10:31,0.0
,0,2021-10-05T12:12,0.0
,0,2021-10-05T13:54,0.0
,0,2021-10-05T15:35,0.0
,0,2021-10-05T17:17,0.0
,0,2021-10-05T18:58,0.0
,0,2021-10-05T20:40,0.0
,0,2021-10-05T22:21,0.0
,0,2021-10-06T00:03,0.0
,0,2021-10-06T01:44,0.0
,0,2021-10-06T03:26,0.0
,0,2021-10-06T05:07,0.0
,0,2021-10-06T06:49,0.0
3.4204242700952895e-05,58,2021-10-06T08:30,0.26244343891402716
,0,2021-10-06T10:12,0.0
,0,2021-10-06T11:53,0.0
,0,2021-10-06T13:35,0.0
,0,2021-10-06T15:16,0.0
,0,2021-10-06T16:58,0.0
,0,2021-10-06T18:39,0.0
,0,2021-10-06T20:21,0.0
,0,2021-10-06T22:02,0.0
,0,2021-10-06T23:44,0.0
,0,2021-10-07T01:25,0.0
,0,2021-10-07T03:07,0.0
,0,2021-10-07T04:48,0.0
,0,2021-10-07T06:30,0.0
3.2339719104223864e-05,218,2021-10-07T08:11,0.9864253393665159
,0,2021-10-07T09:53,0.0
,0,2021-10-07T11:34,0.0
,0,2021-10-07T13:16,0.0
,0,2021-10-07T14:57,0.0
,0,2021-10-07T16:39,0.0
,0,2021-10-07T18:20,0.0
,0,2021-10-07T20:02,0.0
,0,2021-10-07T21:43,0.0
,0,2021-10-07T23:25,0.0
,0,2021-10-08T01:06,0.0
,0,2021-10-08T02:48,0.0
,0,2021-10-08T04:29,0.0
,0,2021-10-08T06:11,0.0
3.5165820742912286e-05,50,2021-10-08T07:52,0.22624434389140272
,0,2021-10-08T09:34,0.0
,0,2021-10-08T11:15,0.0
,0,2021-10-08T12:57,0.0
,0,2021-10-08T14:38,0.0
,0,2021-10-08T16:20,0.0
,0,2021-10-08T18:01,0.0
,0,2021-10-08T19:43,0.0
,0,2021-10-08T21:24,0.0
,0,2021-10-08T23:05,0.0
,0,2021-10-09T00:47,0.0
,0,2021-10-09T02:28,0.0
,0,2021-10-09T04:10,0.0
,0,2021-10-09T05:51,0.0
3.451216691352363e-05,122,2021-10-09T07:33,0.5520361990950227
,0,2021-10-09T09:14,0.0
,0,2021-10-09T10:56,0.0
,0,2021-10-09T12:37,0.0
,0,2021-10-09T14:19,0.0
,0,2021-10-09T16:00,0.0
,0,2021-10-09T17:42,0.0
,0,2021-10-09T19:23,0.0
,0,2021-10-09T21:05,0.0
,0,2021-10-09T22:46,0.0
,0,2021-10-10T00:28,0.0
,0,2021-10-10T02:09,0.0
,0,2021-10-10T03:51,0.0
,0,2021-10-10T05:32,0.0
,0,2021-10-10T07:14,0.0
,0,2021-10-10T08:55,0.0
,0,2021-10-10T10:37,0.0
,0,2021-10-10T12:18,0.0
,0,2021-10-10T14:00,0.0
,0,2021-10-10T15:41,0.0
,0,2021-10-10T17:23,0.0
,0,2021-10-10T19:04,0.0
,0,2021-10-10T20:46,0.0
,0,2021-10-10T22:27,0.0
,0,2021-10-11T00:09,0.0
,0,2021-10-11T01:50,0.0
,0,2021-10-11T03:32,0.0
,0,2021-10-11T05:13,0.0
2.7592653056755343e-05,247,2021-10-11T06:55,1.1176470588235294
2.9378037553143936e-05,271,2021-10-11T08:36,1.2262443438914028
,0,2021-10-11T10:18,0.0
,0,2021-10-11T11:59,0.0
,0,2021-10-11T13:41,0.0
,0,2021-10-11T15:22,0.0
,0,2021-10-11T17:04,0.0
,0,2021-10-11T18:45,0.0
,0,2021-10-11T20:27,0.0
,0,2021-10-11T22:08,0.0
,0,2021-10-11T23:50,0.0
,0,2021-10-12T01:31,0.0
,0,2021-10-12T03:13,0.0
,0,2021-10-12T04:54,0.0
,0,2021-10-12T06:36,0.0
4.1776852421062015e-05,211,2021-10-12T08:17,0.9547511312217195
,0,2021-10-12T09:59,0.0
,0,2021-10-12T11:40,0.0
,0,2021-10-12T13:22,0.0
,0,2021-10-12T15:03,0.0
,0,2021-10-12T16:44,0.0
,0,2021-10-12T18:26,0.0
,0,2021-10-12T20:07,0.0
,0,2021-10-12T21:49,0.0
,0,2021-10-12T23:30,0.0
,0,2021-10-13T01:12,0.0
,0,2021-10-13T02:53,0.0
,0,2021-10-13T04:35,0.0
,0,2021-10-13T06:16,0.0
4.049493639130886e-05,271,2021-10-13T07:58,1.2262443438914028
,0,2021-10-13T09:39,0.0
,0,2021-10-13T11:21,0.0
,0,2021-10-13T13:02,0.0
,0,2021-10-13T14:44,0.0
,0,2021-10-13T16:25,0.0
,0,2021-10-13T18:07,0.0
,0,2021-10-13T19:48,0.0
,0,2021-10-13T21:30,0.0
,0,2021-10-13T23:11,0.0
,0,2021-10-14T00:53,0.0
,0,2021-10-14T02:34,0.0
,0,2021-10-14T04:16,0.0
,0,2021-10-14T05:57,0.0
3.5699402772330494e-05,190,2021-10-14T07:39,0.8597285067873304
,0,2021-10-14T09:20,0.0
,0,2021-10-14T11:02,0.0
,0,2021-10-14T12:43,0.0
,0,2021-10-14T14:25,0.0
,0,2021-10-14T16:06,0.0
,0,2021-10-14T17:48,0.0
,0,2021-10-14T19:29,0.0
,0,2021-10-14T21:11,0.0
,0,2021-10-14T22:52,0.0
,0,2021-10-15T00:34,0.0
,0,2021-10-15T02:15,0.0
,0,2021-10-15T03:57,0.0
,0,2021-10-15T05:38,0.0
3.4911100789581554e-05,271,2021-10-15T07:20,1.2262443438914028
,0,2021-10-15T09:01,0.0
,0,2021-10-15T10:43,0.0
,0,2021-10-15T12:24,0.0
,0,2021-10-15T14:06,0.0
,0,2021-10-15T15:47,0.0
,0,2021-10-15T17:29,0.0
,0,2021-10-15T19:10,0.0
,0,2021-10-15T20:52,0.0
,0,2021-10-15T22:33,0.0
,0,2021-10-16T00:15,0.0
,0,2021-10-16T01:56,0.0
,0,2021-10-16T03:38,0.0
,0,2021-10-16T05:19,0.0
4.2452952097656255e-05,269,2021-10-16T07:00,1.2171945701357465
,0,2021-10-16T08:42,0.0
,0,2021-10-16T10:23,0.0
,0,2021-10-16T12:05,0.0
,0,2021-10-16T13:46,0.0
,0,2021-10-16T15:28,0.0
,0,2021-10-16T17:09,0.0
,0,2021-10-16T18:51,0.0
,0,2021-10-16T20:32,0.0
,0,2021-10-16T22:14,0.0
,0,2021-10-16T23:55,0.0
,0,2021-10-17T01:37,0.0
,0,2021-10-17T03:18,0.0
,0,2021-10-17T05:00,0.0
,0,2021-10-17T06:41,0.0
,0,2021-10-17T08:23,0.0
,0,2021-10-17T10:04,0.0
,0,2021-10-17T11:46,0.0
,0,2021-10-17T13:27,0.0
,0,2021-10-17T15:09,0.0
,0,2021-10-17T16:50,0.0
,0,2021-10-17T18:32,0.0
,0,2021-10-17T20:13,0.0
,0,2021-10-17T21:55,0.0
,0,2021-10-17T23:36,0.0
,0,2021-10-18T01:18,0.0
,0,2021-10-18T02:59,0.0
,0,2021-10-18T04:41,0.0
,0,2021-10-18T06:22,0.0
3.185464317809625e-05,266,2021-10-18T08:04,1.2036199095022624
,0,2021-10-18T09:45,0.0
,0,2021-10-18T11:27,0.0
,0,2021-10-18T13:08,0.0
,0,2021-10-18T14:50,0.0
,0,2021-10-18T16:31,0.0
,0,2021-10-18T18:13,0.0
,0,2021-10-18T19:54,0.0
,0,2021-10-18T21:36,0.0
,0,2021-10-18T23:17,0.0
,0,2021-10-19T00:59,0.0
,0,2021-10-19T02:40,0.0
,0,2021-10-19T04:22,0.0
,0,2021-10-19T06:03,0.0
3.593839166105125e-05,195,2021-10-19T07:45,0.8823529411764706
,0,2021-10-19T09:26,0.0
,0,2021-10-19T11:08,0.0
,0,2021-10-19T12:49,0.0
,0,2021-10-19T14:31,0.0
,0,2021-10-19T16:12,0.0
,0,2021-10-19T17:54,0.0
,0,2021-10-19T19:35,0.0
,0,2021-10-19T21:17,0.0
,0,2021-10-19T22:58,0.0
,0,2021-10-20T00:39,0.0
,0,2021-10-20T02:21,0.0
,0,2021-10-20T04:02,0.0
,0,2021-10-20T05:44,0.0
6.1175613210853e-05,269,2021-10-20T07:25,1.2171945701357465
,0,2021-10-20T09:07,0.0
,0,2021-10-20T10:48,0.0
,0,2021-10-20T12:30,0.0
,0,2021-10-20T14:11,0.0
,0,2021-10-20T15:53,0.0
,0,2021-10-20T17:34,0.0
,0,2021-10-20T19:16,0.0
,0,2021-10-20T20:57,0.0
,0,2021-10-20T22:39,0.0
,0,2021-10-21T00:20,0.0
,0,2021-10-21T02:02,0.0
,0,2021-10-21T03:43,0.0
,0,2021-10-21T05:25,0.0
5.215979374274717e-05,269,2021-10-21T07:06,1.2171945701357465
,0,2021-10-21T08:48,0.0
,0,2021-10-21T10:29,0.0
,0,2021-10-21T12:11,0.0
,0,2021-10-21T13:52,0.0
,0,2021-10-21T15:34,0.0
,0,2021-10-21T17:15,0.0
,0,2021-10-21T18:57,0.0
,0,2021-10-21T22:20,0.0
,0,2021-10-22T00:01,0.0
,0,2021-10-22T01:43,0.0
,0,2021-10-22T03:24,0.0
,0,2021-10-22T05:06,0.0
,0,2021-10-22T06:47,0.0
5.202127755001071e-05,269,2021-10-22T08:29,1.2171945701357465
,0,2021-10-22T10:10,0.0
,0,2021-10-22T11:52,0.0
,0,2021-10-22T13:33,0.0
,0,2021-10-22T15:15,0.0
,0,2021-10-22T16:56,0.0
,0,2021-10-22T18:38,0.0
,0,2021-10-22T20:19,0.0
,0,2021-10-22T22:01,0.0
,0,2021-10-22T23:42,0.0
,0,2021-10-23T01:24,0.0
,0,2021-10-23T03:05,0.0
,0,2021-10-23T04:47,0.0
,0,2021-10-23T06:28,0.0
5.386849816010813e-05,269,2021-10-23T08:10,1.2171945701357465
,0,2021-10-23T09:51,0.0
,0,2021-10-23T11:33,0.0
,0,2021-10-23T13:14,0.0
,0,2021-10-23T14:55,0.0
,0,2021-10-23T16:37,0.0
,0,2021-10-23T18:18,0.0
,0,2021-10-23T20:00,0.0
,0,2021-10-23T21:41,0.0
,0,2021-10-23T23:23,0.0
,0,2021-10-24T01:04,0.0
,0,2021-10-24T02:46,0.0
,0,2021-10-24T04:27,0.0
,0,2021-10-24T06:09,0.0
3.359316561168597e-05,226,2021-10-24T07:50,1.0226244343891402
,0,2021-10-24T09:32,0.0
,0,2021-10-24T11:13,0.0
,0,2021-10-24T12:55,0.0
,0,2021-10-24T14:36,0.0
,0,2021-10-24T16:18,0.0
,0,2021-10-24T17:59,0.0
,0,2021-10-24T19:41,0.0
,0,2021-10-24T21:22,0.0
,0,2021-10-24T23:04,0.0
,0,2021-10-25T00:45,0.0
,0,2021-10-25T02:33,0.0
,0,2021-10-25T04:08,0.0
,0,2021-10-25T05:50,0.0
6.222861462259775e-05,240,2021-10-25T07:31,1.085972850678733
,0,2021-10-25T09:13,0.0
,0,2021-10-25T10:54,0.0
,0,2021-10-25T12:36,0.0
,0,2021-10-25T14:17,0.0
,0,2021-10-25T15:59,0.0
,0,2021-10-25T17:40,0.0
,0,2021-10-25T19:22,0.0
,0,2021-10-25T21:03,0.0
,0,2021-10-25T22:45,0.0
,0,2021-10-26T00:26,0.0
,0,2021-10-26T02:08,0.0
,0,2021-10-26T03:49,0.0
,0,2021-10-26T05:31,0.0
5.5787743647936835e-05,269,2021-10-26T07:12,1.2171945701357465
,0,2021-10-26T08:54,0.0
,0,2021-10-26T10:35,0.0
,0,2021-10-26T12:17,0.0
,0,2021-10-26T13:58,0.0
,0,2021-10-26T15:40,0.0
,0,2021-10-26T17:21,0.0
,0,2021-10-26T19:03,0.0
,0,2021-10-26T20:44,0.0
,0,2021-10-26T22:26,0.0
,0,2021-10-27T00:07,0.0
,0,2021-10-27T01:49,0.0
,0,2021-10-27T03:30,0.0
,0,2021-10-27T05:12,0.0
4.1436577665822973e-05,263,2021-10-27T06:53,1.1900452488687783
5.395510452365066e-05,269,2021-10-27T08:35,1.2171945701357465
,0,2021-10-27T10:16,0.0
,0,2021-10-27T11:57,0.0
,0,2021-10-27T13:39,0.0
,0,2021-10-27T15:20,0.0
,0,2021-10-27T17:02,0.0
,0,2021-10-27T18:43,0.0
,0,2021-10-27T20:25,0.0
,0,2021-10-27T22:06,0.0
,0,2021-10-27T23:48,0.0
,0,2021-10-28T01:29,0.0
,0,2021-10-28T03:11,0.0
,0,2021-10-28T04:52,0.0
,0,2021-10-28T06:34,0.0
2.9022160426936568e-05,32,2021-10-28T08:15,0.14479638009049775
,0,2021-10-28T09:57,0.0
,0,2021-10-28T11:38,0.0
,0,2021-10-28T13:20,0.0
,0,2021-10-28T15:01,0.0
,0,2021-10-28T16:43,0.0
,0,2021-10-28T18:24,0.0
,0,2021-10-28T20:06,0.0
,0,2021-10-28T21:47,0.0
,0,2021-10-28T23:29,0.0
,0,2021-10-29T01:10,0.0
,0,2021-10-29T02:52,0.0
,0,2021-10-29T04:33,0.0
,0,2021-10-29T06:15,0.0
6.23237462858396e-05,269,2021-10-29T07:56,1.2171945701357465
,0,2021-10-29T09:38,0.0
,0,2021-10-29T11:19,0.0
,0,2021-10-29T13:01,0.0
,0,2021-10-29T14:42,0.0
,0,2021-10-29T16:24,0.0
,0,2021-10-29T18:05,0.0
,0,2021-10-29T19:47,0.0
,0,2021-10-29T21:28,0.0
,0,2021-10-29T23:10,0.0
,0,2021-10-30T00:51,0.0
,0,2021-10-30T02:33,0.0
,0,2021-10-30T04:14,0.0
,0,2021-10-30T05:56,0.0
6.203569486006331e-05,269,2021-10-30T07:37,1.2171945701357465
,0,2021-10-30T09:19,0.0
,0,2021-10-30T11:00,0.0
,0,2021-10-30T12:42,0.0
,0,2021-10-30T14:23,0.0
,0,2021-10-30T16:05,0.0
,0,2021-10-30T17:46,0.0
,0,2021-10-30T19:28,0.0
,0,2021-10-30T21:09,0.0
,0,2021-10-30T22:51,0.0
,0,2021-10-31T00:32,0.0
,0,2021-10-31T02:14,0.0
,0,2021-10-31T03:55,0.0
,0,2021-10-31T05:36,0.0
6.32133981398451e-05,269,2021-10-31T07:18,1.2171945701357465
,0,2021-10-31T09:00,0.0
,0,2021-10-31T10:41,0.0
,0,2021-10-31T12:22,0.0
,0,2021-10-31T14:04,0.0
,0,2021-10-31T15:45,0.0
,0,2021-10-31T17:27,0.0
,0,2021-10-31T19:08,0.0
,0,2021-10-31T20:50,0.0
,0,2021-10-31T22:31,0.0
,0,2021-11-01T00:13,0.0
,0,2021-11-01T01:54,0.0
,0,2021-11-01T03:36,0.0
,0,2021-11-01T05:17,0.0
,0,2021-11-01T06:59,0.0
,0,2021-11-01T08:40,0.0
,0,2021-11-01T10:22,0.0
,0,2021-11-01T12:03,0.0
,0,2021-11-01T13:45,0.0
,0,2021-11-01T15:26,0.0
,0,2021-11-01T17:08,0.0
,0,2021-11-01T18:49,0.0
,0,2021-11-01T20:31,0.0
,0,2021-11-01T22:12,0.0
,0,2021-11-01T23:54,0.0
,0,2021-11-02T01:35,0.0
,0,2021-11-02T03:17,0.0
,0,2021-11-02T04:58,0.0
,0,2021-11-02T06:40,0.0
,0,2021-11-02T08:21,0.0
,0,2021-11-02T10:03,0.0
,0,2021-11-02T11:44,0.0
,0,2021-11-02T13:26,0.0
,0,2021-11-02T15:07,0.0
,0,2021-11-02T16:49,0.0
,0,2021-11-02T18:30,0.0
,0,2021-11-02T20:12,0.0
,0,2021-11-02T21:53,0.0
,0,2021-11-02T23:35,0.0
,0,2021-11-03T01:16,0.0
,0,2021-11-03T02:58,0.0
,0,2021-11-03T04:39,0.0
,0,2021-11-03T06:21,0.0
3.410304228264193e-05,120,2021-11-03T08:02,0.5429864253393665
,0,2021-11-03T09:44,0.0
,0,2021-11-03T11:25,0.0
,0,2021-11-03T13:07,0.0
,0,2021-11-03T14:48,0.0
,0,2021-11-03T16:30,0.0
,0,2021-11-03T18:11,0.0
,0,2021-11-03T19:53,0.0
,0,2021-11-03T21:34,0.0
,0,2021-11-03T23:16,0.0
,0,2021-11-04T00:57,0.0
,0,2021-11-04T02:39,0.0
,0,2021-11-04T04:20,0.0
,0,2021-11-04T06:02,0.0
4.21264043387059e-05,203,2021-11-04T07:43,0.918552036199095
,0,2021-11-04T09:25,0.0
,0,2021-11-04T11:06,0.0
,0,2021-11-04T12:47,0.0
,0,2021-11-04T14:29,0.0
,0,2021-11-04T16:10,0.0
,0,2021-11-04T17:52,0.0
,0,2021-11-04T19:33,0.0
,0,2021-11-04T21:15,0.0
,0,2021-11-04T22:56,0.0
,0,2021-11-05T00:38,0.0
,0,2021-11-05T02:19,0.0
,0,2021-11-05T04:01,0.0
,0,2021-11-05T05:42,0.0
6.524564874897243e-05,31,2021-11-05T07:24,0.14027149321266968
,0,2021-11-05T09:05,0.0
,0,2021-11-05T10:47,0.0
,0,2021-11-05T12:28,0.0
,0,2021-11-05T14:10,0.0
,0,2021-11-05T15:51,0.0
,0,2021-11-05T17:33,0.0
,0,2021-11-05T19:14,0.0
,0,2021-11-05T20:56,0.0
,0,2021-11-05T22:37,0.0
,0,2021-11-06T00:19,0.0
,0,2021-11-06T02:00,0.0
,0,2021-11-06T03:42,0.0
,0,2021-11-06T05:23,0.0
,0,2021-11-06T07:05,0.0
,0,2021-11-06T08:46,0.0
,0,2021-11-06T10:28,0.0
,0,2021-11-06T12:09,0.0
,0,2021-11-06T13:51,0.0
,0,2021-11-06T15:32,0.0
,0,2021-11-06T17:14,0.0
,0,2021-11-06T18:55,0.0
,0,2021-11-06T20:37,0.0
,0,2021-11-06T22:18,0.0
,0,2021-11-07T00:00,0.0
,0,2021-11-07T01:41,0.0
,0,2021-11-07T03:23,0.0
,0,2021-11-07T05:04,0.0
,0,2021-11-07T06:46,0.0
,0,2021-11-07T08:27,0.0
,0,2021-11-07T10:09,0.0
,0,2021-11-07T11:50,0.0
,0,2021-11-07T13:32,0.0
,0,2021-11-07T15:13,0.0
,0,2021-11-07T16:55,0.0
,0,2021-11-07T18:36,0.0
,0,2021-11-07T20:18,0.0
,0,2021-11-07T21:59,0.0
,0,2021-11-07T23:41,0.0
,0,2021-11-08T01:22,0.0
,0,2021-11-08T03:04,0.0
,0,2021-11-08T04:45,0.0
,0,2021-11-08T06:27,0.0
5.089351794509423e-05,269,2021-11-08T08:08,1.2171945701357465
,0,2021-11-08T09:50,0.0
,0,2021-11-08T11:31,0.0
,0,2021-11-08T13:13,0.0
,0,2021-11-08T14:54,0.0
,0,2021-11-08T16:35,0.0
,0,2021-11-08T18:17,0.0
,0,2021-11-08T19:58,0.0
,0,2021-11-08T21:40,0.0
,0,2021-11-08T23:21,0.0
,0,2021-11-09T01:03,0.0
,0,2021-11-09T02:44,0.0
,0,2021-11-09T04:26,0.0
,0,2021-11-09T06:07,0.0
5.4101460960842565e-05,269,2021-11-09T07:49,1.2171945701357465
,0,2021-11-09T09:30,0.0
,0,2021-11-09T11:12,0.0
,0,2021-11-09T12:53,0.0
,0,2021-11-09T14:35,0.0
,0,2021-11-09T16:16,0.0
,0,2021-11-09T17:58,0.0
,0,2021-11-09T19:39,0.0
,0,2021-11-09T21:21,0.0
,0,2021-11-09T23:02,0.0
,0,2021-11-10T00:44,0.0
,0,2021-11-10T02:25,0.0
,0,2021-11-10T04:07,0.0
,0,2021-11-10T05:48,0.0
6.380610791463417e-05,269,2021-11-10T07:30,1.2171945701357465
,0,2021-11-10T09:11,0.0
,0,2021-11-10T10:53,0.0
,0,2021-11-10T12:34,0.0
,0,2021-11-10T14:16,0.0
,0,2021-11-10T15:57,0.0
,0,2021-11-10T17:39,0.0
,0,2021-11-10T19:20,0.0
,0,2021-11-10T21:02,0.0
,0,2021-11-10T22:43,0.0
,0,2021-11-11T00:25,0.0
,0,2021-11-11T02:06,0.0
,0,2021-11-11T03:48,0.0
,0,2021-11-11T05:29,0.0
6.454881195135941e-05,269,2021-11-11T07:11,1.2171945701357465
,0,2021-11-11T08:52,0.0
,0,2021-11-11T10:34,0.0
,0,2021-11-11T12:15,0.0
,0,2021-11-11T13:57,0.0
,0,2021-11-11T15:38,0.0
,0,2021-11-11T17:20,0.0
,0,2021-11-11T19:01,0.0
,0,2021-11-11T20:43,0.0
,0,2021-11-11T22:24,0.0
,0,2021-11-12T00:06,0.0
,0,2021-11-12T01:47,0.0
,0,2021-11-12T03:29,0.0
,0,2021-11-12T05:10,0.0
5.246736351484432e-05,258,2021-11-12T06:52,1.167420814479638
6.446357497929e-05,269,2021-11-12T08:33,1.2171945701357465
,0,2021-11-12T10:15,0.0
,0,2021-11-12T11:56,0.0
,0,2021-11-12T13:38,0.0
,0,2021-11-12T15:19,0.0
,0,2021-11-12T17:01,0.0
,0,2021-11-12T18:42,0.0
,0,2021-11-12T20:24,0.0
,0,2021-11-12T22:05,0.0
,0,2021-11-12T23:46,0.0
,0,2021-11-13T01:28,0.0
,0,2021-11-13T03:09,0.0
,0,2021-11-13T04:51,0.0
,0,2021-11-13T06:32,0.0
3.162444423177461e-05,7,2021-11-13T08:14,0.03167420814479638
,0,2021-11-13T09:55,0.0
,0,2021-11-13T11:37,0.0
,0,2021-11-13T13:18,0.0
,0,2021-11-13T15:00,0.0
,0,2021-11-13T16:41,0.0
,0,2021-11-13T18:23,0.0
,0,2021-11-13T20:04,0.0
,0,2021-11-13T21:46,0.0
,0,2021-11-13T23:27,0.0
,0,2021-11-14T01:09,0.0
,0,2021-11-14T02:50,0.0
,0,2021-11-14T04:32,0.0
,0,2021-11-14T06:13,0.0
3.9404945140638026e-05,140,2021-11-14T07:55,0.6334841628959276
,0,2021-11-14T09:36,0.0
,0,2021-11-14T11:18,0.0
,0,2021-11-14T12:59,0.0
,0,2021-11-14T14:41,0.0
,0,2021-11-14T16:22,0.0
,0,2021-11-14T18:04,0.0
,0,2021-11-14T19:45,0.0
,0,2021-11-14T21:27,0.0
,0,2021-11-14T23:08,0.0
,0,2021-11-15T00:50,0.0
,0,2021-11-15T02:31,0.0
,0,2021-11-15T04:13,0.0
,0,2021-11-15T05:54,0.0
4.43973191283261e-05,158,2021-11-15T07:36,0.7149321266968326
,0,2021-11-15T09:17,0.0
,0,2021-11-15T10:59,0.0
,0,2021-11-15T12:40,0.0
,0,2021-11-15T14:22,0.0
,0,2021-11-15T16:03,0.0
,0,2021-11-15T17:45,0.0
,0,2021-11-15T19:26,0.0
,0,2021-11-15T21:08,0.0
,0,2021-11-15T22:49,0.0
,0,2021-11-16T00:31,0.0
,0,2021-11-16T02:12,0.0
,0,2021-11-16T03:54,0.0
,0,2021-11-16T05:35,0.0
,0,2021-11-16T07:17,0.0
,0,2021-11-16T08:58,0.0
,0,2021-11-16T10:40,0.0
,0,2021-11-16T12:21,0.0
,0,2021-11-16T14:03,0.0
,0,2021-11-16T15:44,0.0
,0,2021-11-16T17:26,0.0
,0,2021-11-16T19:07,0.0
,0,2021-11-16T20:49,0.0
,0,2021-11-16T22:30,0.0
,0,2021-11-17T00:12,0.0
,0,2021-11-17T01:53,0.0
,0,2021-11-17T03:35,0.0
,0,2021-11-17T05:16,0.0
,0,2021-11-17T06:58,0.0
,0,2021-11-17T08:39,0.0
,0,2021-11-17T10:21,0.0
,0,2021-11-17T12:02,0.0
,0,2021-11-17T13:44,0.0
,0,2021-11-17T15:25,0.0
,0,2021-11-17T17:06,0.0
,0,2021-11-17T18:48,0.0
,0,2021-11-17T20:29,0.0
,0,2021-11-17T22:11,0.0
,0,2021-11-17T23:52,0.0
,0,2021-11-18T01:34,0.0
,0,2021-11-18T03:15,0.0
,0,2021-11-18T04:57,0.0
,0,2021-11-18T06:38,0.0
3.694707645252545e-05,140,2021-11-18T08:20,0.6334841628959276
,0,2021-11-18T10:01,0.0
,0,2021-11-18T11:43,0.0
,0,2021-11-18T13:24,0.0
,0,2021-11-18T15:06,0.0
,0,2021-11-18T16:47,0.0
,0,2021-11-18T18:29,0.0
,0,2021-11-18T20:10,0.0
,0,2021-11-18T21:52,0.0
,0,2021-11-18T23:33,0.0
,0,2021-11-19T01:15,0.0
,0,2021-11-19T02:56,0.0
,0,2021-11-19T04:38,0.0
,0,2021-11-19T06:19,0.0
,0,2021-11-19T08:01,0.0
,0,2021-11-19T09:42,0.0
,0,2021-11-19T11:24,0.0
,0,2021-11-19T13:05,0.0
,0,2021-11-19T14:47,0.0
,0,2021-11-19T16:28,0.0
,0,2021-11-19T18:10,0.0
,0,2021-11-19T19:51,0.0
,0,2021-11-19T21:33,0.0
,0,2021-11-19T23:14,0.0
,0,2021-11-20T00:56,0.0
,0,2021-11-20T02:37,0.0
,0,2021-11-20T04:19,0.0
,0,2021-11-20T06:00,0.0
2.114234035565218e-05,21,2021-11-20T07:42,0.09502262443438914
,0,2021-11-20T09:23,0.0
,0,2021-11-20T11:05,0.0
,0,2021-11-20T12:46,0.0
,0,2021-11-20T14:28,0.0
,0,2021-11-20T16:09,0.0
,0,2021-11-20T17:51,0.0
,0,2021-11-20T19:32,0.0
,0,2021-11-20T21:14,0.0
,0,2021-11-20T22:55,0.0
,0,2021-11-21T00:37,0.0
,0,2021-11-21T02:18,0.0
,0,2021-11-21T04:00,0.0
,0,2021-11-21T05:41,0.0
,0,2021-11-21T07:23,0.0
,0,2021-11-21T09:04,0.0
,0,2021-11-21T10:46,0.0
,0,2021-11-21T12:27,0.0
,0,2021-11-21T14:09,0.0
,0,2021-11-21T15:50,0.0
,0,2021-11-21T17:32,0.0
,0,2021-11-21T19:13,0.0
,0,2021-11-21T20:55,0.0
,0,2021-11-21T22:36,0.0
,0,2021-11-22T00:18,0.0
,0,2021-11-22T01:59,0.0
,0,2021-11-22T03:41,0.0
,0,2021-11-22T05:22,0.0
,0,2021-11-22T07:04,0.0
,0,2021-11-22T08:45,0.0
,0,2021-11-22T10:27,0.0
,0,2021-11-22T12:08,0.0
,0,2021-11-22T13:50,0.0
,0,2021-11-22T15:31,0.0
,0,2021-11-22T17:12,0.0
,0,2021-11-22T18:54,0.0
,0,2021-11-22T20:35,0.0
,0,2021-11-22T22:17,0.0
,0,2021-11-22T23:58,0.0
,0,2021-11-23T01:40,0.0
,0,2021-11-23T03:21,0.0
,0,2021-11-23T05:03,0.0
,0,2021-11-23T06:44,0.0
4.298549410256177e-05,247,2021-11-23T08:26,1.1176470588235294
,0,2021-11-23T10:07,0.0
,0,2021-11-23T11:49,0.0
,0,2021-11-23T13:30,0.0
,0,2021-11-23T15:12,0.0
,0,2021-11-23T16:53,0.0
,0,2021-11-23T18:35,0.0
,0,2021-11-23T20:16,0.0
,0,2021-11-23T21:58,0.0
,0,2021-11-23T23:39,0.0
,0,2021-11-24T01:21,0.0
,0,2021-11-24T03:02,0.0
,0,2021-11-24T04:44,0.0
,0,2021-11-24T06:25,0.0
3.58551461323198e-05,269,2021-11-24T08:07,1.2171945701357465
,0,2021-11-24T09:48,0.0
,0,2021-11-24T11:30,0.0
,0,2021-11-24T13:11,0.0
,0,2021-11-24T14:53,0.0
,0,2021-11-24T16:34,0.0
,0,2021-11-24T18:16,0.0
,0,2021-11-24T19:57,0.0
,0,2021-11-24T21:39,0.0
,0,2021-11-24T23:20,0.0
,0,2021-11-25T01:02,0.0
,0,2021-11-25T02:43,0.0
,0,2021-11-25T04:25,0.0
,0,2021-11-25T06:06,0.0
7.064497071211411e-05,263,2021-11-25T07:48,1.1900452488687783
,0,2021-11-25T09:29,0.0
,0,2021-11-25T11:11,0.0
,0,2021-11-25T12:52,0.0
,0,2021-11-25T14:34,0.0
,0,2021-11-25T16:15,0.0
,0,2021-11-25T17:57,0.0
,0,2021-11-25T19:38,0.0
,0,2021-11-25T21:20,0.0
,0,2021-11-25T23:01,0.0
,0,2021-11-26T00:43,0.0
,0,2021-11-26T02:24,0.0
,0,2021-11-26T04:06,0.0
,0,2021-11-26T05:47,0.0
6.974724643701979e-05,269,2021-11-26T07:29,1.2171945701357465
,0,2021-11-26T09:10,0.0
,0,2021-11-26T10:52,0.0
,0,2021-11-26T12:33,0.0
,0,2021-11-26T14:15,0.0
,0,2021-11-26T15:56,0.0
,0,2021-11-26T17:38,0.0
,0,2021-11-26T19:19,0.0
,0,2021-11-26T21:01,0.0
,0,2021-11-26T22:42,0.0
,0,2021-11-27T00:24,0.0
,0,2021-11-27T02:05,0.0
,0,2021-11-27T03:47,0.0
,0,2021-11-27T05:28,0.0
5.7856214760216294e-05,269,2021-11-27T07:10,1.2171945701357465
,0,2021-11-27T08:51,0.0
,0,2021-11-27T10:33,0.0
,0,2021-11-27T12:14,0.0
,0,2021-11-27T13:56,0.0
,0,2021-11-27T15:37,0.0
,0,2021-11-27T17:19,0.0
,0,2021-11-27T19:00,0.0
,0,2021-11-27T20:42,0.0
,0,2021-11-27T22:23,0.0
,0,2021-11-28T00:05,0.0
,0,2021-11-28T01:46,0.0
,0,2021-11-28T03:28,0.0
,0,2021-11-28T05:09,0.0
3.7040099281874115e-05,260,2021-11-28T06:51,1.1764705882352942
4.370731520786781e-05,269,2021-11-28T08:32,1.2171945701357465
,0,2021-11-28T10:14,0.0
,0,2021-11-28T11:55,0.0
,0,2021-11-28T13:37,0.0
,0,2021-11-28T15:18,0.0
,0,2021-11-28T16:59,0.0
,0,2021-11-28T18:41,0.0
,0,2021-11-28T20:22,0.0
,0,2021-11-28T22:04,0.0
,0,2021-11-28T23:45,0.0
,0,2021-11-29T01:27,0.0
,0,2021-11-29T03:08,0.0
,0,2021-11-29T04:50,0.0
,0,2021-11-29T06:31,0.0
5.268556557405549e-05,196,2021-11-29T08:13,0.8868778280542986
,0,2021-11-29T09:54,0.0
,0,2021-11-29T11:36,0.0
,0,2021-11-29T13:17,0.0
,0,2021-11-29T14:59,0.0
,0,2021-11-29T16:40,0.0
,0,2021-11-29T18:22,0.0
,0,2021-11-29T20:03,0.0
,0,2021-11-29T21:45,0.0
,0,2021-11-29T23:26,0.0
,0,2021-11-30T01:08,0.0
,0,2021-11-30T02:49,0.0
,0,2021-11-30T04:31,0.0
,0,2021-11-30T06:12,0.0
,0,2021-11-30T07:54,0.0
,0,2021-11-30T09:35,0.0
,0,2021-11-30T11:17,0.0
,0,2021-11-30T12:58,0.0
,0,2021-11-30T14:40,0.0
,0,2021-11-30T16:21,0.0
,0,2021-11-30T18:03,0.0
,0,2021-11-30T19:44,0.0
,0,2021-11-30T21:26,0.0
,0,2021-11-30T23:07,0.0
,0,2021-12-01T00:49,0.0
,0,2021-12-01T02:30,0.0
,0,2021-12-01T04:12,0.0
,0,2021-12-01T05:53,0.0
,0,2021-12-01T07:35,0.0
,0,2021-12-01T09:16,0.0
,0,2021-12-01T10:58,0.0
,0,2021-12-01T12:39,0.0
,0,2021-12-01T14:21,0.0
,0,2021-12-01T16:02,0.0
,0,2021-12-01T17:44,0.0
,0,2021-12-01T19:25,0.0
,0,2021-12-01T21:07,0.0
,0,2021-12-01T22:48,0.0
,0,2021-12-02T00:30,0.0
,0,2021-12-02T02:11,0.0
,0,2021-12-02T03:53,0.0
,0,2021-12-02T05:34,0.0
,0,2021-12-02T07:16,0.0
,0,2021-12-02T08:57,0.0
,0,2021-12-02T10:39,0.0
,0,2021-12-02T12:20,0.0
,0,2021-12-02T14:02,0.0
,0,2021-12-02T15:43,0.0
,0,2021-12-02T17:25,0.0
,0,2021-12-02T19:06,0.0
,0,2021-12-02T20:48,0.0
,0,2021-12-02T22:29,0.0
,0,2021-12-03T00:11,0.0
,0,2021-12-03T01:52,0.0
,0,2021-12-03T03:34,0.0
,0,2021-12-03T05:15,0.0
,0,2021-12-03T06:57,0.0
,0,2021-12-03T08:38,0.0
,0,2021-12-03T10:20,0.0
,0,2021-12-03T12:01,0.0
,0,2021-12-03T13:43,0.0
,0,2021-12-03T15:24,0.0
,0,2021-12-03T17:06,0.0
,0,2021-12-03T18:47,0.0
,0,2021-12-03T20:29,0.0
,0,2021-12-03T22:10,0.0
,0,2021-12-03T23:52,0.0
,0,2021-12-04T01:33,0.0
,0,2021-12-04T03:15,0.0
,0,2021-12-04T04:56,0.0
,0,2021-12-04T06:38,0.0
,0,2021-12-04T08:19,0.0
,0,2021-12-04T10:01,0.0
,0,2021-12-04T11:42,0.0
,0,2021-12-04T13:24,0.0
,0,2021-12-04T15:05,0.0
,0,2021-12-04T16:47,0.0
,0,2021-12-04T18:28,0.0
,0,2021-12-04T20:10,0.0
,0,2021-12-04T21:51,0.0
,0,2021-12-04T23:33,0.0
,0,2021-12-05T01:14,0.0
,0,2021-12-05T02:56,0.0
,0,2021-12-05T04:37,0.0
,0,2021-12-05T06:19,0.0
7.999310298174907e-05,76,2021-12-05T08:00,0.3438914027149321
,0,2021-12-05T09:42,0.0
,0,2021-12-05T11:23,0.0
,0,2021-12-05T13:05,0.0
,0,2021-12-05T14:46,0.0
,0,2021-12-05T16:28,0.0
,0,2021-12-05T18:09,0.0
,0,2021-12-05T19:51,0.0
,0,2021-12-05T21:32,0.0
,0,2021-12-05T23:14,0.0
,0,2021-12-06T00:55,0.0
,0,2021-12-06T02:37,0.0
,0,2021-12-06T04:18,0.0
,0,2021-12-06T06:00,0.0
6.769480024657204e-05,146,2021-12-06T07:41,0.6606334841628959
,0,2021-12-06T09:23,0.0
,0,2021-12-06T11:04,0.0
,0,2021-12-06T12:45,0.0
,0,2021-12-06T16:08,0.0
,0,2021-12-06T17:50,0.0
,0,2021-12-06T19:31,0.0
,0,2021-12-06T21:13,0.0
,0,2021-12-06T22:54,0.0
,0,2021-12-07T00:36,0.0
,0,2021-12-07T02:17,0.0
,0,2021-12-07T03:59,0.0
,0,2021-12-07T05:40,0.0
4.958085894719317e-05,269,2021-12-07T07:22,1.2171945701357465
,0,2021-12-07T09:03,0.0
,0,2021-12-07T10:45,0.0
,0,2021-12-07T12:26,0.0
,0,2021-12-07T14:08,0.0
,0,2021-12-07T15:49,0.0
,0,2021-12-07T17:31,0.0
,0,2021-12-07T19:12,0.0
,0,2021-12-07T20:54,0.0
,0,2021-12-07T22:35,0.0
,0,2021-12-08T00:17,0.0
,0,2021-12-08T01:58,0.0
,0,2021-12-08T03:40,0.0
,0,2021-12-08T05:21,0.0
5.841187394014052e-05,152,2021-12-08T07:03,0.6877828054298643
,0,2021-12-08T08:44,0.0
,0,2021-12-08T10:26,0.0
,0,2021-12-08T12:07,0.0
,0,2021-12-08T13:49,0.0
,0,2021-12-08T15:30,0.0
,0,2021-12-08T17:12,0.0
,0,2021-12-08T18:53,0.0
,0,2021-12-08T20:35,0.0
,0,2021-12-08T22:16,0.0
,0,2021-12-08T23:58,0.0
,0,2021-12-09T01:39,0.0
,0,2021-12-09T03:21,0.0
,0,2021-12-09T05:02,0.0
,0,2021-12-09T06:44,0.0
5.000110176894292e-05,59,2021-12-09T08:25,0.2669683257918552
,0,2021-12-09T10:07,0.0
,0,2021-12-09T11:48,0.0
,0,2021-12-09T13:30,0.0
,0,2021-12-09T15:11,0.0
,0,2021-12-09T16:53,0.0
,0,2021-12-09T18:34,0.0
,0,2021-12-09T20:16,0.0
,0,2021-12-09T21:57,0.0
,0,2021-12-09T23:39,0.0
,0,2021-12-10T01:20,0.0
,0,2021-12-10T03:02,0.0
,0,2021-12-10T04:43,0.0
,0,2021-12-10T06:25,0.0
5.074192663673282e-05,70,2021-12-10T08:06,0.3167420814479638
,0,2021-12-10T09:48,0.0
,0,2021-12-10T11:29,0.0
,0,2021-12-10T13:11,0.0
,0,2021-12-10T14:52,0.0
,0,2021-12-10T16:34,0.0
,0,2021-12-10T18:15,0.0
,0,2021-12-10T19:57,0.0
,0,2021-12-10T21:38,0.0
,0,2021-12-10T23:20,0.0
,0,2021-12-11T01:01,0.0
,0,2021-12-11T02:43,0.0
,0,2021-12-11T04:24,0.0
,0,2021-12-11T06:06,0.0
6.159641944487107e-05,235,2021-12-11T07:47,1.0633484162895928
,0,2021-12-11T09:29,0.0
,0,2021-12-11T12:52,0.0
,0,2021-12-11T14:33,0.0
,0,2021-12-11T16:15,0.0
,0,2021-12-11T18:47,0.0
,0,2021-12-11T19:38,0.0
,0,2021-12-11T21:19,0.0
,0,2021-12-11T23:01,0.0
,0,2021-12-12T00:42,0.0
,0,2021-12-12T02:24,0.0
,0,2021-12-12T04:05,0.0
,0,2021-12-12T05:47,0.0
6.430531732378006e-05,250,2021-12-12T07:28,1.1312217194570136
,0,2021-12-12T09:10,0.0
,0,2021-12-12T10:51,0.0
,0,2021-12-12T12:33,0.0
,0,2021-12-12T14:14,0.0
,0,2021-12-12T15:56,0.0
,0,2021-12-12T17:37,0.0
,0,2021-12-12T19:19,0.0
,0,2021-12-12T21:00,0.0
,0,2021-12-12T22:42,0.0
,0,2021-12-13T00:23,0.0
,0,2021-12-13T02:05,0.0
,0,2021-12-13T03:46,0.0
,0,2021-12-13T05:28,0.0
6.0641616781666916e-05,235,2021-12-13T07:09,1.0633484162895928
,0,2021-12-13T08:51,0.0
,0,2021-12-13T10:32,0.0
,0,2021-12-13T12:14,0.0
,0,2021-12-13T13:55,0.0
,0,2021-12-13T15:37,0.0
,0,2021-12-13T17:18,0.0
,0,2021-12-13T19:00,0.0
,0,2021-12-13T20:41,0.0
,0,2021-12-13T22:23,0.0
,0,2021-12-14T00:04,0.0
,0,2021-12-14T01:46,0.0
,0,2021-12-14T03:27,0.0
,0,2021-12-14T05:09,0.0
,0,2021-12-14T06:50,0.0
,0,2021-12-14T08:32,0.0
,0,2021-12-14T10:13,0.0
,0,2021-12-14T11:55,0.0
,0,2021-12-14T13:36,0.0
,0,2021-12-14T15:18,0.0
,0,2021-12-14T16:59,0.0
,0,2021-12-14T18:41,0.0
,0,2021-12-14T20:22,0.0
,0,2021-12-14T22:04,0.0
,0,2021-12-14T23:45,0.0
,0,2021-12-15T01:27,0.0
,0,2021-12-15T03:08,0.0
,0,2021-12-15T04:50,0.0
,0,2021-12-15T06:31,0.0
,0,2021-12-15T08:13,0.0
,0,2021-12-15T09:54,0.0
,0,2021-12-15T11:36,0.0
,0,2021-12-15T13:17,0.0
,0,2021-12-15T14:59,0.0
,0,2021-12-15T16:40,0.0
,0,2021-12-15T18:22,0.0
,0,2021-12-15T20:03,0.0
,0,2021-12-15T21:45,0.0
,0,2021-12-15T23:26,0.0
,0,2021-12-16T01:08,0.0
,0,2021-12-16T02:49,0.0
,0,2021-12-16T04:31,0.0
,0,2021-12-16T06:12,0.0
9.139131903605476e-05,94,2021-12-16T07:54,0.4253393665158371
,0,2021-12-16T09:35,0.0
,0,2021-12-16T11:17,0.0
,0,2021-12-16T12:58,0.0
,0,2021-12-16T14:40,0.0
,0,2021-12-16T16:21,0.0
,0,2021-12-16T18:03,0.0
,0,2021-12-16T19:44,0.0
,0,2021-12-16T21:26,0.0
,0,2021-12-16T23:07,0.0
,0,2021-12-17T00:49,0.0
,0,2021-12-17T02:30,0.0
,0,2021-12-17T04:11,0.0
,0,2021-12-17T05:53,0.0
9.939228456410527e-05,269,2021-12-17T07:34,1.2171945701357465
,0,2021-12-17T09:16,0.0
,0,2021-12-17T10:57,0.0
,0,2021-12-17T12:39,0.0
,0,2021-12-17T14:20,0.0
,0,2021-12-17T16:02,0.0
,0,2021-12-17T17:43,0.0
,0,2021-12-17T19:25,0.0
,0,2021-12-17T21:06,0.0
,0,2021-12-17T22:48,0.0
,0,2021-12-18T00:29,0.0
,0,2021-12-18T02:11,0.0
,0,2021-12-18T03:52,0.0
,0,2021-12-18T05:34,0.0
7.176997170061721e-05,269,2021-12-18T07:15,1.2171945701357465
,0,2021-12-18T08:57,0.0
,0,2021-12-18T10:38,0.0
,0,2021-12-18T12:20,0.0
,0,2021-12-18T14:01,0.0
,0,2021-12-18T15:43,0.0
,0,2021-12-18T17:24,0.0
,0,2021-12-18T19:06,0.0
,0,2021-12-18T20:47,0.0
,0,2021-12-18T22:29,0.0
,0,2021-12-19T00:10,0.0
,0,2021-12-19T01:52,0.0
,0,2021-12-19T03:33,0.0
,0,2021-12-19T05:15,0.0
4.99696977121367e-05,269,2021-12-19T06:56,1.2171945701357465
,0,2021-12-19T08:38,0.0
,0,2021-12-19T10:19,0.0
,0,2021-12-19T12:01,0.0
,0,2021-12-19T13:42,0.0
,0,2021-12-19T15:24,0.0
,0,2021-12-19T17:05,0.0
,0,2021-12-19T18:47,0.0
,0,2021-12-19T20:28,0.0
,0,2021-12-19T22:10,0.0
,0,2021-12-19T23:51,0.0
,0,2021-12-20T01:33,0.0
,0,2021-12-20T03:14,0.0
,0,2021-12-20T04:56,0.0
,0,2021-12-20T06:37,0.0
6.149079633730625e-05,269,2021-12-20T08:19,1.2171945701357465
,0,2021-12-20T10:00,0.0
,0,2021-12-20T11:42,0.0
,0,2021-12-20T13:23,0.0
,0,2021-12-20T15:05,0.0
,0,2021-12-20T16:46,0.0
,0,2021-12-20T18:28,0.0
,0,2021-12-20T20:09,0.0
,0,2021-12-20T21:51,0.0
,0,2021-12-20T23:32,0.0
,0,2021-12-21T01:14,0.0
,0,2021-12-21T02:55,0.0
,0,2021-12-21T04:37,0.0
,0,2021-12-21T06:18,0.0
8.452082592935937e-05,269,2021-12-21T08:00,1.2171945701357465
,0,2021-12-21T09:41,0.0
,0,2021-12-21T11:23,0.0
,0,2021-12-21T13:04,0.0
,0,2021-12-21T14:46,0.0
,0,2021-12-21T16:27,0.0
,0,2021-12-21T18:09,0.0
,0,2021-12-21T19:50,0.0
,0,2021-12-21T21:32,0.0
,0,2021-12-21T23:13,0.0
,0,2021-12-22T00:55,0.0
,0,2021-12-22T02:36,0.0
,0,2021-12-22T04:18,0.0
,0,2021-12-22T05:59,0.0
0.00010994851341131177,269,2021-12-22T07:41,1.2171945701357465
,0,2021-12-22T09:22,0.0
,0,2021-12-22T11:04,0.0
,0,2021-12-22T12:45,0.0
,0,2021-12-22T14:27,0.0
,0,2021-12-22T16:08,0.0
,0,2021-12-22T17:50,0.0
,0,2021-12-22T19:31,0.0
,0,2021-12-22T21:13,0.0
,0,2021-12-22T22:54,0.0
,0,2021-12-23T00:36,0.0
,0,2021-12-23T02:17,0.0
,0,2021-12-23T03:59,0.0
,0,2021-12-23T05:40,0.0
0.00011603860355942128,269,2021-12-23T07:22,1.2171945701357465
,0,2021-12-23T09:03,0.0
,0,2021-12-23T10:45,0.0
,0,2021-12-23T12:26,0.0
,0,2021-12-23T14:08,0.0
,0,2021-12-23T15:49,0.0
,0,2021-12-23T17:31,0.0
,0,2021-12-23T19:12,0.0
,0,2021-12-23T20:54,0.0
,0,2021-12-23T22:35,0.0
,0,2021-12-24T00:17,0.0
,0,2021-12-24T01:58,0.0
,0,2021-12-24T03:40,0.0
,0,2021-12-24T05:21,0.0
6.955325335232179e-05,269,2021-12-24T07:03,1.2171945701357465
,0,2021-12-24T08:44,0.0
,0,2021-12-24T10:26,0.0
,0,2021-12-24T12:07,0.0
,0,2021-12-24T13:49,0.0
,0,2021-12-24T15:30,0.0
,0,2021-12-24T17:12,0.0
,0,2021-12-24T18:53,0.0
,0,2021-12-24T20:35,0.0
,0,2021-12-24T22:16,0.0
,0,2021-12-24T23:58,0.0
,0,2021-12-25T01:39,0.0
,0,2021-12-25T03:21,0.0
,0,2021-12-25T05:02,0.0
,0,2021-12-25T06:44,0.0
5.5202582215795836e-05,269,2021-12-25T08:25,1.2171945701357465
,0,2021-12-25T10:07,0.0
,0,2021-12-25T11:48,0.0
,0,2021-12-25T13:30,0.0
,0,2021-12-25T15:11,0.0
,0,2021-12-25T16:53,0.0
,0,2021-12-25T18:34,0.0
,0,2021-12-25T20:16,0.0
,0,2021-12-25T21:57,0.0
,0,2021-12-25T23:39,0.0
,0,2021-12-26T01:20,0.0
,0,2021-12-26T03:02,0.0
,0,2021-12-26T04:43,0.0
,0,2021-12-26T06:25,0.0
6.226160293892141e-05,269,2021-12-26T08:06,1.2171945701357465
,0,2021-12-26T09:48,0.0
,0,2021-12-26T11:29,0.0
,0,2021-12-26T13:11,0.0
,0,2021-12-26T14:52,0.0
,0,2021-12-26T16:34,0.0
,0,2021-12-26T18:15,0.0
,0,2021-12-26T19:57,0.0
,0,2021-12-26T21:38,0.0
,0,2021-12-26T23:20,0.0
,0,2021-12-27T01:01,0.0
,0,2021-12-27T02:43,0.0
,0,2021-12-27T04:24,0.0
,0,2021-12-27T06:06,0.0
7.293944602624109e-05,269,2021-12-27T07:47,1.2171945701357465
,0,2021-12-27T09:29,0.0
,0,2021-12-27T11:10,0.0
,0,2021-12-27T12:52,0.0
,0,2021-12-27T14:33,0.0
,0,2021-12-27T16:15,0.0
,0,2021-12-27T17:56,0.0
,0,2021-12-27T19:38,0.0
,0,2021-12-27T21:19,0.0
,0,2021-12-27T23:01,0.0
,0,2021-12-28T00:42,0.0
,0,2021-12-28T02:24,0.0
,0,2021-12-28T04:05,0.0
,0,2021-12-28T05:47,0.0
5.086045562425961e-05,260,2021-12-28T07:28,1.1764705882352942
,0,2021-12-28T09:10,0.0
,0,2021-12-28T10:51,0.0
,0,2021-12-28T12:33,0.0
,0,2021-12-28T14:14,0.0
,0,2021-12-28T15:56,0.0
,0,2021-12-28T17:37,0.0
,0,2021-12-28T19:19,0.0
,0,2021-12-28T21:00,0.0
,0,2021-12-28T22:42,0.0
,0,2021-12-29T00:23,0.0
,0,2021-12-29T02:05,0.0
,0,2021-12-29T03:46,0.0
,0,2021-12-29T05:28,0.0
7.081502812534692e-05,269,2021-12-29T07:09,1.2171945701357465
,0,2021-12-29T08:51,0.0
,0,2021-12-29T10:32,0.0
,0,2021-12-29T12:14,0.0
,0,2021-12-29T13:55,0.0
,0,2021-12-29T15:37,0.0
,0,2021-12-29T17:18,0.0
,0,2021-12-29T19:00,0.0
,0,2021-12-29T20:41,0.0
,0,2021-12-29T22:23,0.0
,0,2021-12-30T00:04,0.0
,0,2021-12-30T01:46,0.0
,0,2021-12-30T03:27,0.0
,0,2021-12-30T05:09,0.0
,0,2021-12-30T06:50,0.0
4.171979447159554e-05,265,2021-12-30T08:32,1.1990950226244343
,0,2021-12-30T10:13,0.0
,0,2021-12-30T11:55,0.0
,0,2021-12-30T13:36,0.0
,0,2021-12-30T15:18,0.0
,0,2021-12-30T16:59,0.0
,0,2021-12-30T18:41,0.0
,0,2021-12-30T20:22,0.0
,0,2021-12-30T22:04,0.0
,0,2021-12-30T23:45,0.0
,0,2021-12-31T01:27,0.0
,0,2021-12-31T03:08,0.0
,0,2021-12-31T04:50,0.0
,0,2021-12-31T06:31,0.0
4.481166627345939e-05,269,2021-12-31T08:13,1.2171945701357465
,0,2021-12-31T09:54,0.0
,0,2021-12-31T11:36,0.0
,0,2021-12-31T13:17,0.0
,0,2021-12-31T14:59,0.0
,0,2021-12-31T16:40,0.0
,0,2021-12-31T18:22,0.0
,0,2021-12-31T20:03,0.0
,0,2021-12-31T21:45,0.0
,0,2021-12-31T23:26,0.0
,0,2022-01-01T01:08,0.0
,0,2022-01-01T02:49,0.0
,0,2022-01-01T04:31,0.0
,0,2022-01-01T06:12,0.0
5.251155333058431e-05,268,2022-01-01T07:54,1.2126696832579185
,0,2022-01-01T09:35,0.0
,0,2022-01-01T11:17,0.0
,0,2022-01-01T12:58,0.0
,0,2022-01-01T14:40,0.0
,0,2022-01-01T16:21,0.0
,0,2022-01-01T18:03,0.0
,0,2022-01-01T19:44,0.0
,0,2022-01-01T21:26,0.0
,0,2022-01-01T23:07,0.0
,0,2022-01-02T00:49,0.0
,0,2022-01-02T02:30,0.0
,0,2022-01-02T04:12,0.0
,0,2022-01-02T05:53,0.0
6.156899869029878e-05,245,2022-01-02T07:35,1.1085972850678734
,0,2022-01-02T09:16,0.0
,0,2022-01-02T10:58,0.0
,0,2022-01-02T12:39,0.0
,0,2022-01-02T14:21,0.0
,0,2022-01-02T16:02,0.0
,0,2022-01-02T17:44,0.0
,0,2022-01-02T19:25,0.0
,0,2022-01-02T21:07,0.0
,0,2022-01-02T22:48,0.0
,0,2022-01-03T00:30,0.0
,0,2022-01-03T02:11,0.0
,0,2022-01-03T03:53,0.0
,0,2022-01-03T05:34,0.0
5.0033311824575174e-05,269,2022-01-03T07:16,1.2171945701357465
,0,2022-01-03T08:57,0.0
,0,2022-01-03T10:39,0.0
,0,2022-01-03T12:20,0.0
,0,2022-01-03T14:02,0.0
,0,2022-01-03T15:43,0.0
,0,2022-01-03T17:25,0.0
,0,2022-01-03T19:06,0.0
,0,2022-01-03T20:48,0.0
,0,2022-01-03T22:29,0.0
,0,2022-01-04T00:11,0.0
,0,2022-01-04T01:52,0.0
,0,2022-01-04T03:34,0.0
,0,2022-01-04T05:15,0.0
5.699045211402083e-05,269,2022-01-04T06:57,1.2171945701357465
,0,2022-01-04T08:38,0.0
,0,2022-01-04T10:20,0.0
,0,2022-01-04T12:01,0.0
,0,2022-01-04T13:43,0.0
,0,2022-01-04T15:24,0.0
,0,2022-01-04T17:06,0.0
,0,2022-01-04T18:47,0.0
,0,2022-01-04T20:29,0.0
,0,2022-01-04T22:10,0.0
,0,2022-01-04T23:52,0.0
,0,2022-01-05T01:33,0.0
,0,2022-01-05T03:15,0.0
,0,2022-01-05T04:56,0.0
,0,2022-01-05T06:38,0.0
7.871442417475861e-05,269,2022-01-05T08:19,1.2171945701357465
,0,2022-01-05T10:01,0.0
,0,2022-01-05T11:42,0.0
,0,2022-01-05T13:24,0.0
,0,2022-01-05T15:05,0.0
,0,2022-01-05T16:47,0.0
,0,2022-01-05T18:28,0.0
,0,2022-01-05T20:10,0.0
,0,2022-01-05T21:51,0.0
,0,2022-01-05T23:33,0.0
,0,2022-01-06T01:14,0.0
,0,2022-01-06T02:56,0.0
,0,2022-01-06T04:37,0.0
,0,2022-01-06T06:19,0.0
0.00011172787290416446,69,2022-01-06T08:00,0.31221719457013575
,0,2022-01-06T09:42,0.0
,0,2022-01-06T11:23,0.0
,0,2022-01-06T13:05,0.0
,0,2022-01-06T14:46,0.0
,0,2022-01-06T16:28,0.0
,0,2022-01-06T18:09,0.0
,0,2022-01-06T19:51,0.0
,0,2022-01-06T21:32,0.0
,0,2022-01-06T23:14,0.0
,0,2022-01-07T00:55,0.0
,0,2022-01-07T02:37,0.0
,0,2022-01-07T04:18,0.0
,0,2022-01-07T06:00,0.0
9.400157311854432e-05,191,2022-01-07T07:41,0.8642533936651584
,0,2022-01-07T09:23,0.0
,0,2022-01-07T11:04,0.0
,0,2022-01-07T12:46,0.0
,0,2022-01-07T14:27,0.0
,0,2022-01-07T16:09,0.0
,0,2022-01-07T17:50,0.0
,0,2022-01-07T19:32,0.0
,0,2022-01-07T21:13,0.0
,0,2022-01-07T22:55,0.0
,0,2022-01-08T00:36,0.0
,0,2022-01-08T02:18,0.0
,0,2022-01-08T03:59,0.0
,0,2022-01-08T05:41,0.0
5.971350681747036e-05,269,2022-01-08T07:22,1.2171945701357465
,0,2022-01-08T09:04,0.0
,0,2022-01-08T10:45,0.0
,0,2022-01-08T12:27,0.0
,0,2022-01-08T14:08,0.0
,0,2022-01-08T15:50,0.0
,0,2022-01-08T17:31,0.0
,0,2022-01-08T19:13,0.0
,0,2022-01-08T20:54,0.0
,0,2022-01-08T22:36,0.0
,0,2022-01-09T00:17,0.0
,0,2022-01-09T01:59,0.0
,0,2022-01-09T03:40,0.0
,0,2022-01-09T05:22,0.0
3.998126775088034e-05,214,2022-01-09T07:03,0.9683257918552036
,0,2022-01-09T08:45,0.0
,0,2022-01-09T10:26,0.0
,0,2022-01-09T12:08,0.0
,0,2022-01-09T13:49,0.0
,0,2022-01-09T15:31,0.0
,0,2022-01-09T17:12,0.0
,0,2022-01-09T18:54,0.0
,0,2022-01-09T20:35,0.0
,0,2022-01-09T22:17,0.0
,0,2022-01-09T23:58,0.0
,0,2022-01-10T01:40,0.0
,0,2022-01-10T03:21,0.0
,0,2022-01-10T05:03,0.0
,0,2022-01-10T06:44,0.0
3.890052654912002e-05,246,2022-01-10T08:26,1.1131221719457014
,0,2022-01-10T10:07,0.0
,0,2022-01-10T11:49,0.0
,0,2022-01-10T13:30,0.0
,0,2022-01-10T16:53,0.0
,0,2022-01-10T18:35,0.0
,0,2022-01-10T20:16,0.0
,0,2022-01-10T21:58,0.0
,0,2022-01-10T23:39,0.0
,0,2022-01-11T01:21,0.0
,0,2022-01-11T03:02,0.0
,0,2022-01-11T04:44,0.0
,0,2022-01-11T06:25,0.0
4.093438703443234e-05,269,2022-01-11T08:07,1.2171945701357465
,0,2022-01-11T09:48,0.0
,0,2022-01-11T11:30,0.0
,0,2022-01-11T13:11,0.0
,0,2022-01-11T14:53,0.0
,0,2022-01-11T16:34,0.0
,0,2022-01-11T18:16,0.0
,0,2022-01-11T19:57,0.0
,0,2022-01-11T21:39,0.0
,0,2022-01-11T23:20,0.0
,0,2022-01-12T01:02,0.0
,0,2022-01-12T02:43,0.0
,0,2022-01-12T04:25,0.0
,0,2022-01-12T06:06,0.0
6.741960864764167e-05,269,2022-01-12T07:48,1.2171945701357465
,0,2022-01-12T09:29,0.0
,0,2022-01-12T11:11,0.0
,0,2022-01-12T12:52,0.0
,0,2022-01-12T14:34,0.0
,0,2022-01-12T16:15,0.0
,0,2022-01-12T17:57,0.0
,0,2022-01-12T19:38,0.0
,0,2022-01-12T21:20,0.0
,0,2022-01-12T23:01,0.0
,0,2022-01-13T00:43,0.0
,0,2022-01-13T02:24,0.0
,0,2022-01-13T04:06,0.0
,0,2022-01-13T05:47,0.0
5.003874274536292e-05,84,2022-01-13T07:29,0.38009049773755654
,0,2022-01-13T09:10,0.0
,0,2022-01-13T10:52,0.0
,0,2022-01-13T12:33,0.0
,0,2022-01-13T14:15,0.0
,0,2022-01-13T15:56,0.0
,0,2022-01-13T17:38,0.0
,0,2022-01-13T19:19,0.0
,0,2022-01-13T21:01,0.0
,0,2022-01-13T22:42,0.0
,0,2022-01-14T00:24,0.0
,0,2022-01-14T02:05,0.0
,0,2022-01-14T03:47,0.0
,0,2022-01-14T05:28,0.0
6.475339085240436e-05,89,2022-01-14T07:10,0.40271493212669685
,0,2022-01-14T08:51,0.0
,0,2022-01-14T10:33,0.0
,0,2022-01-14T12:14,0.0
,0,2022-01-14T13:56,0.0
,0,2022-01-14T15:37,0.0
,0,2022-01-14T17:19,0.0
,0,2022-01-14T19:00,0.0
,0,2022-01-14T20:42,0.0
,0,2022-01-14T22:23,0.0
,0,2022-01-15T00:05,0.0
,0,2022-01-15T01:46,0.0
,0,2022-01-15T03:28,0.0
,0,2022-01-15T05:09,0.0
4.06059444791736e-05,176,2022-01-15T06:51,0.7963800904977375
5.679455390821471e-05,257,2022-01-15T08:32,1.16289592760181
,0,2022-01-15T10:14,0.0
,0,2022-01-15T11:55,0.0
,0,2022-01-15T13:37,0.0
,0,2022-01-15T15:18,0.0
,0,2022-01-15T17:00,0.0
,0,2022-01-15T18:41,0.0
,0,2022-01-15T20:23,0.0
,0,2022-01-15T22:04,0.0
,0,2022-01-15T23:46,0.0
,0,2022-01-16T01:27,0.0
,0,2022-01-16T07:25,0.0
,0,2022-01-16T08:13,0.0
,0,2022-01-16T09:55,0.0
,0,2022-01-16T11:36,0.0
,0,2022-01-16T13:18,0.0
,0,2022-01-16T14:59,0.0
,0,2022-01-16T16:41,0.0
,0,2022-01-16T18:22,0.0
,0,2022-01-16T20:04,0.0
,0,2022-01-16T21:45,0.0
,0,2022-01-16T23:27,0.0
,0,2022-01-17T01:08,0.0
,0,2022-01-17T02:50,0.0
,0,2022-01-17T04:32,0.0
,0,2022-01-17T06:13,0.0
4.973854527208469e-05,269,2022-01-17T07:55,1.2171945701357465
,0,2022-01-17T09:36,0.0
,0,2022-01-17T11:18,0.0
,0,2022-01-17T12:59,0.0
,0,2022-01-17T14:41,0.0
,0,2022-01-17T16:22,0.0
,0,2022-01-17T18:04,0.0
,0,2022-01-17T19:45,0.0
,0,2022-01-17T21:27,0.0
,0,2022-01-17T23:08,0.0
,0,2022-01-18T00:50,0.0
,0,2022-01-18T02:31,0.0
,0,2022-01-18T04:13,0.0
,0,2022-01-18T05:54,0.0
7.1650649893507e-05,269,2022-01-18T07:36,1.2171945701357465
,0,2022-01-18T09:17,0.0
,0,2022-01-18T10:59,0.0
,0,2022-01-18T12:40,0.0
,0,2022-01-18T14:22,0.0
,0,2022-01-18T16:03,0.0
,0,2022-01-18T17:45,0.0
,0,2022-01-18T19:26,0.0
,0,2022-01-18T21:08,0.0
,0,2022-01-18T22:49,0.0
,0,2022-01-19T00:31,0.0
,0,2022-01-19T02:12,0.0
,0,2022-01-19T03:54,0.0
,0,2022-01-19T05:35,0.0
6.160418301487274e-05,269,2022-01-19T07:17,1.2171945701357465
,0,2022-01-19T08:58,0.0
,0,2022-01-19T10:40,0.0
,0,2022-01-19T12:21,0.0
,0,2022-01-19T14:03,0.0
,0,2022-01-19T17:26,0.0
,0,2022-01-19T19:07,0.0
,0,2022-01-19T20:49,0.0
,0,2022-01-19T22:30,0.0
,0,2022-01-20T00:12,0.0
,0,2022-01-20T01:53,0.0
,0,2022-01-20T03:35,0.0
,0,2022-01-20T05:16,0.0
4.08901985069514e-05,269,2022-01-20T06:58,1.2171945701357465
,0,2022-01-20T08:39,0.0
,0,2022-01-20T10:21,0.0
,0,2022-01-20T12:02,0.0
,0,2022-01-20T13:44,0.0
,0,2022-01-20T15:25,0.0
,0,2022-01-20T17:07,0.0
,0,2022-01-20T18:48,0.0
,0,2022-01-20T20:30,0.0
,0,2022-01-21T01:34,0.0
,0,2022-01-21T03:16,0.0
,0,2022-01-21T04:57,0.0
,0,2022-01-21T06:39,0.0
3.5877876449347934e-05,269,2022-01-21T08:20,1.2171945701357465
,0,2022-01-21T10:02,0.0
,0,2022-01-21T11:43,0.0
,0,2022-01-21T13:25,0.0
,0,2022-01-21T15:06,0.0
,0,2022-01-21T16:48,0.0
,0,2022-01-21T18:29,0.0
,0,2022-01-21T20:11,0.0
,0,2022-01-21T21:52,0.0
,0,2022-01-21T23:34,0.0
,0,2022-01-22T01:15,0.0
,0,2022-01-22T02:57,0.0
,0,2022-01-22T04:38,0.0
,0,2022-01-22T06:20,0.0
2.1758209634081535e-05,248,2022-01-22T08:01,1.1221719457013575
,0,2022-01-22T09:43,0.0
,0,2022-01-22T11:24,0.0
,0,2022-01-22T13:06,0.0
,0,2022-01-22T14:47,0.0
,0,2022-01-22T16:29,0.0
,0,2022-01-22T18:10,0.0
,0,2022-01-22T19:52,0.0
,0,2022-01-22T21:33,0.0
,0,2022-01-22T23:15,0.0
,0,2022-01-23T00:56,0.0
,0,2022-01-23T02:38,0.0
,0,2022-01-23T04:19,0.0
,0,2022-01-23T06:01,0.0
3.873011475895004e-05,169,2022-01-23T07:42,0.7647058823529411
,0,2022-01-23T09:24,0.0
,0,2022-01-23T11:05,0.0
,0,2022-01-23T12:47,0.0
,0,2022-01-23T14:28,0.0
,0,2022-01-23T16:10,0.0
,0,2022-01-23T17:51,0.0
,0,2022-01-23T19:33,0.0
,0,2022-01-23T21:14,0.0
,0,2022-01-23T22:56,0.0
,0,2022-01-24T00:37,0.0
,0,2022-01-24T02:19,0.0
,0,2022-01-24T04:00,0.0
,0,2022-01-24T05:42,0.0
8.446274929375168e-05,269,2022-01-24T07:23,1.2171945701357465
,0,2022-01-24T09:05,0.0
,0,2022-01-24T10:46,0.0
,0,2022-01-24T12:28,0.0
,0,2022-01-24T14:09,0.0
,0,2022-01-24T15:51,0.0
,0,2022-01-24T17:32,0.0
,0,2022-01-24T19:14,0.0
,0,2022-01-24T20:55,0.0
,0,2022-01-24T22:37,0.0
,0,2022-01-25T00:18,0.0
,0,2022-01-25T02:00,0.0
,0,2022-01-25T03:41,0.0
,0,2022-01-25T05:23,0.0
6.42512810297231e-05,269,2022-01-25T07:04,1.2171945701357465
,0,2022-01-25T08:46,0.0
,0,2022-01-25T10:27,0.0
,0,2022-01-25T12:09,0.0
,0,2022-01-25T13:50,0.0
,0,2022-01-25T15:32,0.0
,0,2022-01-25T17:13,0.0
,0,2022-01-25T18:55,0.0
,0,2022-01-25T20:36,0.0
,0,2022-01-25T22:18,0.0
,0,2022-01-25T23:59,0.0
,0,2022-01-26T01:41,0.0
,0,2022-01-26T03:22,0.0
,0,2022-01-26T05:04,0.0
,0,2022-01-26T06:45,0.0
5.031190804027473e-05,269,2022-01-26T08:27,1.2171945701357465
,0,2022-01-26T10:08,0.0
,0,2022-01-26T11:50,0.0
,0,2022-01-26T13:31,0.0
,0,2022-01-26T15:13,0.0
,0,2022-01-26T16:54,0.0
,0,2022-01-26T18:36,0.0
,0,2022-01-26T20:17,0.0
,0,2022-01-26T21:59,0.0
,0,2022-01-26T23:40,0.0
,0,2022-01-27T01:22,0.0
,0,2022-01-27T03:03,0.0
,0,2022-01-27T04:45,0.0
,0,2022-01-27T06:26,0.0
5.804266839466972e-05,269,2022-01-27T08:08,1.2171945701357465
,0,2022-01-27T09:49,0.0
,0,2022-01-27T11:31,0.0
,0,2022-01-27T13:12,0.0
,0,2022-01-27T14:54,0.0
,0,2022-01-27T16:35,0.0
,0,2022-01-27T18:17,0.0
,0,2022-01-27T22:27,0.0
,0,2022-01-27T23:21,0.0
,0,2022-01-28T01:03,0.0
,0,2022-01-28T02:44,0.0
,0,2022-01-28T04:26,0.0
,0,2022-01-28T06:07,0.0
7.371245693276943e-05,269,2022-01-28T07:49,1.2171945701357465
,0,2022-01-28T09:30,0.0
,0,2022-01-28T11:12,0.0
,0,2022-01-28T12:53,0.0
,0,2022-01-28T14:35,0.0
,0,2022-01-28T16:16,0.0
,0,2022-01-28T17:58,0.0
,0,2022-01-28T19:39,0.0
,0,2022-01-28T21:21,0.0
,0,2022-01-28T23:02,0.0
,0,2022-01-29T00:44,0.0
,0,2022-01-29T02:25,0.0
,0,2022-01-29T04:07,0.0
,0,2022-01-29T05:49,0.0
8.490103157607279e-05,269,2022-01-29T07:30,1.2171945701357465
,0,2022-01-29T09:12,0.0
,0,2022-01-29T10:53,0.0
,0,2022-01-29T12:35,0.0
,0,2022-01-29T14:16,0.0
,0,2022-01-29T15:58,0.0
,0,2022-01-29T17:39,0.0
,0,2022-01-29T19:21,0.0
,0,2022-01-29T21:02,0.0
,0,2022-01-29T22:44,0.0
,0,2022-01-30T00:25,0.0
,0,2022-01-30T02:07,0.0
,0,2022-01-30T03:48,0.0
,0,2022-01-30T05:30,0.0
8.25411843812262e-05,269,2022-01-30T07:11,1.2171945701357465
,0,2022-01-30T08:53,0.0
,0,2022-01-30T10:34,0.0
,0,2022-01-30T12:16,0.0
,0,2022-01-30T13:57,0.0
,0,2022-01-30T15:39,0.0
,0,2022-01-30T17:20,0.0
,0,2022-01-30T19:02,0.0
,0,2022-01-30T20:43,0.0
,0,2022-01-30T22:25,0.0
,0,2022-01-31T00:06,0.0
,0,2022-01-31T01:48,0.0
,0,2022-01-31T03:29,0.0
,0,2022-01-31T05:11,0.0
7.258261495453104e-05,269,2022-01-31T06:52,1.2171945701357465
6.242344905836667e-05,269,2022-01-31T08:34,1.2171945701357465
,0,2022-01-31T10:15,0.0
,0,2022-01-31T11:57,0.0
,0,2022-01-31T13:38,0.0
,0,2022-01-31T15:20,0.0
,0,2022-01-31T17:01,0.0
,0,2022-01-31T18:43,0.0
,0,2022-01-31T20:24,0.0
,0,2022-01-31T22:06,0.0
,0,2022-01-31T23:47,0.0
,0,2022-02-01T01:29,0.0
,0,2022-02-01T03:10,0.0
,0,2022-02-01T04:52,0.0
,0,2022-02-01T06:33,0.0
7.776441777914268e-05,269,2022-02-01T08:15,1.2171945701357465
,0,2022-02-01T09:56,0.0
,0,2022-02-01T11:38,0.0
,0,2022-02-01T13:19,0.0
,0,2022-02-01T15:01,0.0
,0,2022-02-01T16:42,0.0
,0,2022-02-01T18:24,0.0
,0,2022-02-01T20:05,0.0
,0,2022-02-01T21:47,0.0
,0,2022-02-01T23:28,0.0
,0,2022-02-02T01:10,0.0
,0,2022-02-02T02:51,0.0
,0,2022-02-02T04:33,0.0
,0,2022-02-02T06:14,0.0
9.775052613105149e-05,269,2022-02-02T07:56,1.2171945701357465
,0,2022-02-02T09:37,0.0
,0,2022-02-02T11:19,0.0
,0,2022-02-02T13:00,0.0
,0,2022-02-02T14:42,0.0
,0,2022-02-02T16:23,0.0
,0,2022-02-02T18:05,0.0
,0,2022-02-02T19:46,0.0
,0,2022-02-02T21:28,0.0
,0,2022-02-02T23:09,0.0
,0,2022-02-03T00:51,0.0
,0,2022-02-03T02:32,0.0
,0,2022-02-03T04:14,0.0
,0,2022-02-03T05:55,0.0
5.2230445492936214e-05,269,2022-02-03T07:37,1.2171945701357465
,0,2022-02-03T09:18,0.0
,0,2022-02-03T11:00,0.0
,0,2022-02-03T12:41,0.0
,0,2022-02-03T14:23,0.0
,0,2022-02-03T16:04,0.0
,0,2022-02-03T17:46,0.0
,0,2022-02-03T19:27,0.0
,0,2022-02-03T21:09,0.0
,0,2022-02-03T22:50,0.0
,0,2022-02-04T00:32,0.0
,0,2022-02-04T02:13,0.0
,0,2022-02-04T03:55,0.0
,0,2022-02-04T05:36,0.0
6.1023582653666995e-05,269,2022-02-04T07:18,1.2171945701357465
,0,2022-02-04T08:59,0.0
,0,2022-02-04T10:41,0.0
,0,2022-02-04T12:22,0.0
,0,2022-02-04T14:04,0.0
,0,2022-02-04T15:45,0.0
,0,2022-02-04T17:27,0.0
,0,2022-02-04T19:08,0.0
,0,2022-02-04T20:50,0.0
,0,2022-02-04T22:31,0.0
,0,2022-02-05T00:13,0.0
,0,2022-02-05T01:54,0.0
,0,2022-02-05T03:36,0.0
,0,2022-02-05T05:17,0.0
6.472603823065348e-05,269,2022-02-05T06:59,1.2171945701357465
,0,2022-02-05T08:40,0.0
,0,2022-02-05T10:22,0.0
,0,2022-02-05T12:03,0.0
,0,2022-02-05T13:45,0.0
,0,2022-02-05T15:26,0.0
,0,2022-02-05T17:08,0.0
,0,2022-02-05T18:49,0.0
,0,2022-02-05T20:31,0.0
,0,2022-02-05T22:12,0.0
,0,2022-02-05T23:54,0.0
,0,2022-02-06T01:35,0.0
,0,2022-02-06T03:17,0.0
,0,2022-02-06T04:58,0.0
,0,2022-02-06T06:40,0.0
7.312438501898986e-05,269,2022-02-06T08:21,1.2171945701357465
,0,2022-02-06T10:03,0.0
,0,2022-02-06T11:44,0.0
,0,2022-02-06T13:26,0.0
,0,2022-02-06T15:07,0.0
,0,2022-02-06T16:49,0.0
,0,2022-02-06T18:30,0.0
,0,2022-02-06T20:12,0.0
,0,2022-02-06T21:54,0.0
,0,2022-02-06T23:35,0.0
,0,2022-02-07T01:17,0.0
,0,2022-02-07T02:58,0.0
,0,2022-02-07T04:40,0.0
,0,2022-02-07T06:21,0.0
7.764248202751125e-05,269,2022-02-07T08:03,1.2171945701357465
,0,2022-02-07T09:44,0.0
,0,2022-02-07T11:26,0.0
,0,2022-02-07T13:07,0.0
,0,2022-02-07T14:49,0.0
,0,2022-02-07T16:30,0.0
,0,2022-02-07T18:12,0.0
,0,2022-02-07T19:53,0.0
,0,2022-02-07T22:20,0.0
,0,2022-02-07T23:16,0.0
,0,2022-02-08T00:58,0.0
,0,2022-02-08T02:39,0.0
,0,2022-02-08T04:21,0.0
,0,2022-02-08T06:02,0.0
4.31059463105501e-05,269,2022-02-08T07:44,1.2171945701357465
,0,2022-02-08T09:25,0.0
,0,2022-02-08T11:07,0.0
,0,2022-02-08T12:48,0.0
,0,2022-02-08T14:30,0.0
,0,2022-02-08T16:11,0.0
,0,2022-02-08T17:53,0.0
,0,2022-02-08T19:34,0.0
,0,2022-02-08T21:16,0.0
,0,2022-02-08T22:57,0.0
,0,2022-02-09T00:39,0.0
,0,2022-02-09T02:20,0.0
,0,2022-02-09T04:02,0.0
,0,2022-02-09T05:43,0.0
6.488573620608976e-05,269,2022-02-09T07:25,1.2171945701357465
,0,2022-02-09T09:06,0.0
,0,2022-02-09T10:48,0.0
,0,2022-02-09T12:29,0.0
,0,2022-02-09T14:11,0.0
,0,2022-02-09T15:52,0.0
,0,2022-02-09T17:34,0.0
,0,2022-02-09T19:15,0.0
,0,2022-02-09T20:57,0.0
,0,2022-02-09T22:38,0.0
,0,2022-02-10T00:20,0.0
,0,2022-02-10T02:01,0.0
,0,2022-02-10T03:43,0.0
,0,2022-02-10T05:24,0.0
5.6378895016787606e-05,269,2022-02-10T07:06,1.2171945701357465
,0,2022-02-10T08:47,0.0
,0,2022-02-10T10:29,0.0
,0,2022-02-10T12:10,0.0
,0,2022-02-10T13:52,0.0
,0,2022-02-10T15:33,0.0
,0,2022-02-10T17:15,0.0
,0,2022-02-10T18:56,0.0
,0,2022-02-10T20:38,0.0
,0,2022-02-10T22:19,0.0
,0,2022-02-11T00:01,0.0
,0,2022-02-11T01:42,0.0
,0,2022-02-11T03:24,0.0
,0,2022-02-11T05:05,0.0
,0,2022-02-11T06:47,0.0
5.9617152454536525e-05,269,2022-02-11T08:28,1.2171945701357465
,0,2022-02-11T10:10,0.0
,0,2022-02-11T11:51,0.0
,0,2022-02-11T13:33,0.0
,0,2022-02-11T15:14,0.0
,0,2022-02-11T16:56,0.0
,0,2022-02-11T18:37,0.0
,0,2022-02-11T20:19,0.0
,0,2022-02-11T22:00,0.0
,0,2022-02-11T23:42,0.0
,0,2022-02-12T01:23,0.0
,0,2022-02-12T03:05,0.0
,0,2022-02-12T04:46,0.0
,0,2022-02-12T06:28,0.0
6.79670076058882e-05,269,2022-02-12T08:09,1.2171945701357465
,0,2022-02-12T09:51,0.0
,0,2022-02-12T11:32,0.0
,0,2022-02-12T13:14,0.0
,0,2022-02-12T14:55,0.0
,0,2022-02-12T16:37,0.0
,0,2022-02-12T18:18,0.0
,0,2022-02-12T20:00,0.0
,0,2022-02-12T21:41,0.0
,0,2022-02-12T23:23,0.0
,0,2022-02-13T01:04,0.0
,0,2022-02-13T02:46,0.0
,0,2022-02-13T04:27,0.0
,0,2022-02-13T06:09,0.0
7.44423337089852e-05,269,2022-02-13T07:50,1.2171945701357465
,0,2022-02-13T09:32,0.0
,0,2022-02-13T11:13,0.0
,0,2022-02-13T12:55,0.0
,0,2022-02-13T14:36,0.0
,0,2022-02-13T16:18,0.0
,0,2022-02-13T17:59,0.0
,0,2022-02-13T19:41,0.0
,0,2022-02-13T21:22,0.0
,0,2022-02-13T23:04,0.0
,0,2022-02-14T00:46,0.0
,0,2022-02-14T02:27,0.0
,0,2022-02-14T04:08,0.0
,0,2022-02-14T05:50,0.0
5.595710162997467e-05,269,2022-02-14T07:32,1.2171945701357465
,0,2022-02-14T09:13,0.0
,0,2022-02-14T10:55,0.0
,0,2022-02-14T12:36,0.0
,0,2022-02-14T14:18,0.0
,0,2022-02-14T15:59,0.0
,0,2022-02-14T17:41,0.0
,0,2022-02-14T19:22,0.0
,0,2022-02-14T21:04,0.0
,0,2022-02-14T22:45,0.0
,0,2022-02-15T00:27,0.0
,0,2022-02-15T02:08,0.0
,0,2022-02-15T03:50,0.0
,0,2022-02-15T05:31,0.0
8.038865961279764e-05,269,2022-02-15T07:13,1.2171945701357465
,0,2022-02-15T08:54,0.0
,0,2022-02-15T10:36,0.0
,0,2022-02-15T12:17,0.0
,0,2022-02-15T13:59,0.0
,0,2022-02-15T15:40,0.0
,0,2022-02-15T17:22,0.0
,0,2022-02-15T19:03,0.0
,0,2022-02-15T20:45,0.0
,0,2022-02-15T22:26,0.0
,0,2022-02-16T00:08,0.0
,0,2022-02-16T01:49,0.0
,0,2022-02-16T03:31,0.0
,0,2022-02-16T05:12,0.0
5.5378575478277584e-05,269,2022-02-16T06:54,1.2171945701357465
4.3446240141794224e-05,269,2022-02-16T08:35,1.2171945701357465
,0,2022-02-16T10:17,0.0
,0,2022-02-16T11:58,0.0
,0,2022-02-16T13:40,0.0
,0,2022-02-16T15:21,0.0
,0,2022-02-16T17:03,0.0
,0,2022-02-16T18:44,0.0
,0,2022-02-16T20:26,0.0
,0,2022-02-16T22:07,0.0
,0,2022-02-16T23:49,0.0
,0,2022-02-17T01:30,0.0
,0,2022-02-17T03:12,0.0
,0,2022-02-17T04:53,0.0
,0,2022-02-17T06:35,0.0
3.880237499110513e-05,269,2022-02-17T08:16,1.2171945701357465
,0,2022-02-17T09:58,0.0
,0,2022-02-17T11:39,0.0
,0,2022-02-17T13:21,0.0
,0,2022-02-17T15:02,0.0
,0,2022-02-17T16:44,0.0
,0,2022-02-17T18:25,0.0
,0,2022-02-17T20:07,0.0
,0,2022-02-17T21:48,0.0
,0,2022-02-17T23:30,0.0
,0,2022-02-18T01:11,0.0
,0,2022-02-18T02:53,0.0
,0,2022-02-18T04:34,0.0
,0,2022-02-18T06:16,0.0
7.855576355564682e-05,269,2022-02-18T07:57,1.2171945701357465
,0,2022-02-18T09:39,0.0
,0,2022-02-18T11:20,0.0
,0,2022-02-18T13:02,0.0
,0,2022-02-18T14:43,0.0
,0,2022-02-18T16:25,0.0
,0,2022-02-18T18:06,0.0
,0,2022-02-18T19:48,0.0
,0,2022-02-18T21:29,0.0
,0,2022-02-18T23:11,0.0
,0,2022-02-19T00:52,0.0
,0,2022-02-19T02:34,0.0
,0,2022-02-19T04:15,0.0
,0,2022-02-19T05:57,0.0
8.517588249177284e-05,269,2022-02-19T07:38,1.2171945701357465
,0,2022-02-19T09:20,0.0
,0,2022-02-19T11:01,0.0
,0,2022-02-19T12:43,0.0
,0,2022-02-19T14:24,0.0
,0,2022-02-19T16:06,0.0
,0,2022-02-19T17:47,0.0
,0,2022-02-19T19:29,0.0
,0,2022-02-19T21:10,0.0
,0,2022-02-19T22:52,0.0
,0,2022-02-20T00:33,0.0
,0,2022-02-20T02:15,0.0
,0,2022-02-20T03:56,0.0
,0,2022-02-20T05:38,0.0
5.017251242086513e-05,269,2022-02-20T07:19,1.2171945701357465
,0,2022-02-20T09:01,0.0
,0,2022-02-20T12:24,0.0
,0,2022-02-20T14:05,0.0
,0,2022-02-20T15:47,0.0
,0,2022-02-20T17:28,0.0
,0,2022-02-20T19:10,0.0
,0,2022-02-20T20:52,0.0
,0,2022-02-20T22:33,0.0
,0,2022-02-21T00:15,0.0
,0,2022-02-21T01:56,0.0
,0,2022-02-21T03:38,0.0
,0,2022-02-21T05:19,0.0
7.195844829108156e-05,269,2022-02-21T07:01,1.2171945701357465
,0,2022-02-21T08:42,0.0
,0,2022-02-21T12:05,0.0
,0,2022-02-21T13:47,0.0
,0,2022-02-21T15:28,0.0
,0,2022-02-21T17:10,0.0
,0,2022-02-21T18:51,0.0
,0,2022-02-21T20:33,0.0
,0,2022-02-21T22:14,0.0
,0,2022-02-21T23:56,0.0
,0,2022-02-22T01:37,0.0
,0,2022-02-22T03:19,0.0
,0,2022-02-22T05:00,0.0
,0,2022-02-22T06:42,0.0
7.90012450569167e-05,269,2022-02-22T08:23,1.2171945701357465
,0,2022-02-22T10:05,0.0
,0,2022-02-22T13:28,0.0
,0,2022-02-22T15:09,0.0
,0,2022-02-22T16:51,0.0
,0,2022-02-22T18:32,0.0
,0,2022-02-22T20:14,0.0
,0,2022-02-22T21:55,0.0
,0,2022-02-22T23:37,0.0
,0,2022-02-23T01:18,0.0
,0,2022-02-23T03:00,0.0
,0,2022-02-23T04:41,0.0
,0,2022-02-23T06:23,0.0
8.814733677566548e-05,269,2022-02-23T08:04,1.2171945701357465
,0,2022-02-23T09:46,0.0
,0,2022-02-23T11:27,0.0
,0,2022-02-23T13:09,0.0
,0,2022-02-23T14:50,0.0
,0,2022-02-23T16:32,0.0
,0,2022-02-23T18:13,0.0
,0,2022-02-23T19:55,0.0
,0,2022-02-23T21:36,0.0
,0,2022-02-23T23:18,0.0
,0,2022-02-24T00:59,0.0
,0,2022-02-24T02:41,0.0
,0,2022-02-24T04:22,0.0
,0,2022-02-24T06:04,0.0
9.130879258177926e-05,269,2022-02-24T07:45,1.2171945701357465
,0,2022-02-24T09:27,0.0
,0,2022-02-24T11:08,0.0
,0,2022-02-24T12:50,0.0
,0,2022-02-24T14:31,0.0
,0,2022-02-24T16:13,0.0
,0,2022-02-24T17:54,0.0
,0,2022-02-24T19:36,0.0
,0,2022-02-24T21:17,0.0
,0,2022-02-24T22:59,0.0
,0,2022-02-25T00:40,0.0
,0,2022-02-25T02:22,0.0
,0,2022-02-25T04:03,0.0
,0,2022-02-25T05:45,0.0
7.166769873888556e-05,269,2022-02-25T07:26,1.2171945701357465
,0,2022-02-25T09:08,0.0
,0,2022-02-25T10:49,0.0
,0,2022-02-25T12:31,0.0
,0,2022-02-25T14:12,0.0
,0,2022-02-25T15:54,0.0
,0,2022-02-25T17:35,0.0
,0,2022-02-25T19:17,0.0
,0,2022-02-25T20:58,0.0
,0,2022-02-25T22:40,0.0
,0,2022-02-26T00:21,0.0
,0,2022-02-26T02:03,0.0
,0,2022-02-26T03:44,0.0
,0,2022-02-26T05:26,0.0
7.283388724947539e-05,271,2022-02-26T07:07,1.2262443438914028
,0,2022-02-26T08:49,0.0
,0,2022-02-26T10:30,0.0
,0,2022-02-26T12:12,0.0
,0,2022-02-26T13:53,0.0
,0,2022-02-26T15:35,0.0
,0,2022-02-26T17:16,0.0
,0,2022-02-26T18:58,0.0
,0,2022-02-26T20:39,0.0
,0,2022-02-26T22:21,0.0
,0,2022-02-27T00:02,0.0
,0,2022-02-27T01:44,0.0
,0,2022-02-27T03:25,0.0
,0,2022-02-27T05:07,0.0
,0,2022-02-27T06:49,0.0
6.647293122670047e-05,271,2022-02-27T08:30,1.2262443438914028
,0,2022-02-27T10:12,0.0
,0,2022-02-27T11:53,0.0
,0,2022-02-27T13:35,0.0
,0,2022-02-27T15:16,0.0
,0,2022-02-27T16:58,0.0
,0,2022-02-27T18:39,0.0
,0,2022-02-27T20:21,0.0
,0,2022-02-27T22:02,0.0
,0,2022-02-27T23:44,0.0
,0,2022-02-28T01:25,0.0
,0,2022-02-28T03:07,0.0
,0,2022-02-28T04:48,0.0
,0,2022-02-28T06:30,0.0
7.906201035893539e-05,271,2022-02-28T08:11,1.2262443438914028
,0,2022-02-28T09:53,0.0
,0,2022-02-28T11:34,0.0
,0,2022-02-28T13:16,0.0
,0,2022-02-28T14:57,0.0
,0,2022-02-28T16:39,0.0
,0,2022-02-28T18:20,0.0
,0,2022-02-28T20:02,0.0
,0,2022-02-28T21:43,0.0
,0,2022-02-28T23:25,0.0
,0,2022-03-01T01:06,0.0
,0,2022-03-01T02:48,0.0
,0,2022-03-01T04:29,0.0
,0,2022-03-01T06:11,0.0
7.86110503051191e-05,271,2022-03-01T07:52,1.2262443438914028
,0,2022-03-01T09:34,0.0
,0,2022-03-01T11:15,0.0
,0,2022-03-01T12:57,0.0
,0,2022-03-01T14:38,0.0
,0,2022-03-01T16:20,0.0
,0,2022-03-01T18:01,0.0
,0,2022-03-01T19:43,0.0
,0,2022-03-01T21:24,0.0
,0,2022-03-01T23:06,0.0
,0,2022-03-02T00:47,0.0
,0,2022-03-02T02:29,0.0
,0,2022-03-02T04:10,0.0
,0,2022-03-02T05:52,0.0
7.260915542299433e-05,271,2022-03-02T07:33,1.2262443438914028
,0,2022-03-02T09:15,0.0
,0,2022-03-02T10:56,0.0
,0,2022-03-02T12:38,0.0
,0,2022-03-02T14:19,0.0
,0,2022-03-02T16:01,0.0
,0,2022-03-02T17:42,0.0
,0,2022-03-02T19:24,0.0
,0,2022-03-02T21:05,0.0
,0,2022-03-02T22:47,0.0
,0,2022-03-03T00:28,0.0
,0,2022-03-03T02:10,0.0
,0,2022-03-03T03:51,0.0
,0,2022-03-03T05:33,0.0
9.027303032825809e-05,221,2022-03-03T07:14,1.0
,0,2022-03-03T08:56,0.0
,0,2022-03-03T10:37,0.0
,0,2022-03-03T12:19,0.0
,0,2022-03-03T14:00,0.0
,0,2022-03-03T15:42,0.0
,0,2022-03-03T17:23,0.0
,0,2022-03-03T19:05,0.0
,0,2022-03-03T20:46,0.0
,0,2022-03-03T22:28,0.0
,0,2022-03-04T00:09,0.0
,0,2022-03-04T01:51,0.0
,0,2022-03-04T03:32,0.0
,0,2022-03-04T05:14,0.0
6.246041029933319e-05,271,2022-03-04T06:55,1.2262443438914028
7.115548226811897e-05,175,2022-03-04T08:37,0.7918552036199095
,0,2022-03-04T10:18,0.0
,0,2022-03-04T12:00,0.0
,0,2022-03-04T13:41,0.0
,0,2022-03-04T15:23,0.0
,0,2022-03-04T17:04,0.0
,0,2022-03-04T18:46,0.0
,0,2022-03-04T20:27,0.0
,0,2022-03-04T22:09,0.0
,0,2022-03-04T23:50,0.0
,0,2022-03-05T01:32,0.0
,0,2022-03-05T03:14,0.0
,0,2022-03-05T04:55,0.0
,0,2022-03-05T06:37,0.0
6.575729432697074e-05,271,2022-03-05T08:18,1.2262443438914028
,0,2022-03-05T10:00,0.0
,0,2022-03-05T11:41,0.0
,0,2022-03-05T13:23,0.0
,0,2022-03-05T15:04,0.0
,0,2022-03-05T16:46,0.0
,0,2022-03-05T18:27,0.0
,0,2022-03-05T20:09,0.0
,0,2022-03-05T21:50,0.0
,0,2022-03-05T23:32,0.0
,0,2022-03-06T01:13,0.0
,0,2022-03-06T02:55,0.0
,0,2022-03-06T04:36,0.0
,0,2022-03-06T06:18,0.0
6.008985700474108e-05,267,2022-03-06T07:59,1.2081447963800904
,0,2022-03-06T09:41,0.0
,0,2022-03-06T11:22,0.0
,0,2022-03-06T13:04,0.0
,0,2022-03-06T14:45,0.0
,0,2022-03-06T16:27,0.0
,0,2022-03-06T18:08,0.0
,0,2022-03-06T19:50,0.0
,0,2022-03-06T21:31,0.0
,0,2022-03-06T23:13,0.0
,0,2022-03-07T00:54,0.0
,0,2022-03-07T02:36,0.0
,0,2022-03-07T04:17,0.0
,0,2022-03-07T05:59,0.0
8.143328818759258e-05,135,2022-03-07T07:40,0.6108597285067874
,0,2022-03-07T09:22,0.0
,0,2022-03-07T11:03,0.0
,0,2022-03-07T12:45,0.0
,0,2022-03-07T14:26,0.0
,0,2022-03-07T16:08,0.0
,0,2022-03-07T17:49,0.0
,0,2022-03-07T19:31,0.0
,0,2022-03-07T21:12,0.0
,0,2022-03-07T22:54,0.0
,0,2022-03-08T00:35,0.0
,0,2022-03-08T02:17,0.0
,0,2022-03-08T03:58,0.0
,0,2022-03-08T05:40,0.0
8.331298638109313e-05,256,2022-03-08T07:21,1.158371040723982
,0,2022-03-08T09:03,0.0
,0,2022-03-08T10:44,0.0
,0,2022-03-08T12:26,0.0
,0,2022-03-08T14:07,0.0
,0,2022-03-08T15:49,0.0
,0,2022-03-08T17:30,0.0
,0,2022-03-08T19:12,0.0
,0,2022-03-08T20:53,0.0
,0,2022-03-08T22:35,0.0
,0,2022-03-09T00:16,0.0
,0,2022-03-09T01:58,0.0
,0,2022-03-09T03:39,0.0
,0,2022-03-09T05:21,0.0
5.5822425597236715e-05,271,2022-03-09T07:02,1.2262443438914028
,0,2022-03-09T08:44,0.0
,0,2022-03-09T10:25,0.0
,0,2022-03-09T12:07,0.0
,0,2022-03-09T13:48,0.0
,0,2022-03-09T15:30,0.0
,0,2022-03-09T17:11,0.0
,0,2022-03-09T18:53,0.0
,0,2022-03-09T20:34,0.0
,0,2022-03-09T22:16,0.0
,0,2022-03-09T23:57,0.0
,0,2022-03-10T01:39,0.0
,0,2022-03-10T03:20,0.0
,0,2022-03-10T05:02,0.0
,0,2022-03-10T06:43,0.0
5.849510257058204e-05,229,2022-03-10T08:25,1.0361990950226245
,0,2022-03-10T10:06,0.0
,0,2022-03-10T11:48,0.0
,0,2022-03-10T13:29,0.0
,0,2022-03-10T15:11,0.0
,0,2022-03-10T16:52,0.0
,0,2022-03-10T18:34,0.0
,0,2022-03-10T20:15,0.0
,0,2022-03-10T21:57,0.0
,0,2022-03-10T23:39,0.0
,0,2022-03-11T01:20,0.0
,0,2022-03-11T03:02,0.0
,0,2022-03-11T04:43,0.0
,0,2022-03-11T06:25,0.0
5.486960242901085e-05,154,2022-03-11T08:06,0.6968325791855203
,0,2022-03-11T09:48,0.0
,0,2022-03-11T11:29,0.0
,0,2022-03-11T13:11,0.0
,0,2022-03-11T14:52,0.0
,0,2022-03-11T16:34,0.0
,0,2022-03-11T18:15,0.0
,0,2022-03-11T19:57,0.0
,0,2022-03-11T21:38,0.0
,0,2022-03-11T23:20,0.0
,0,2022-03-12T01:01,0.0
,0,2022-03-12T02:43,0.0
,0,2022-03-12T04:24,0.0
,0,2022-03-12T06:06,0.0
7.115941298595647e-05,271,2022-03-12T07:47,1.2262443438914028
,0,2022-03-12T09:29,0.0
,0,2022-03-12T11:10,0.0
,0,2022-03-12T12:52,0.0
,0,2022-03-12T14:33,0.0
,0,2022-03-12T16:15,0.0
,0,2022-03-12T17:56,0.0
,0,2022-03-12T19:38,0.0
,0,2022-03-12T21:19,0.0
,0,2022-03-12T23:01,0.0
,0,2022-03-13T00:42,0.0
,0,2022-03-13T02:24,0.0
,0,2022-03-13T04:05,0.0
,0,2022-03-13T05:47,0.0
6.271556757583237e-05,271,2022-03-13T07:28,1.2262443438914028
,0,2022-03-13T09:10,0.0
,0,2022-03-13T10:51,0.0
,0,2022-03-13T12:33,0.0
,0,2022-03-13T14:14,0.0
,0,2022-03-13T15:56,0.0
,0,2022-03-13T17:37,0.0
,0,2022-03-13T19:19,0.0
,0,2022-03-13T21:00,0.0
,0,2022-03-13T22:42,0.0
,0,2022-03-14T00:23,0.0
,0,2022-03-14T02:05,0.0
,0,2022-03-14T03:46,0.0
,0,2022-03-14T05:28,0.0
5.86048048095241e-05,271,2022-03-14T07:09,1.2262443438914028
,0,2022-03-14T08:51,0.0
,0,2022-03-14T10:32,0.0
,0,2022-03-14T12:14,0.0
,0,2022-03-14T13:55,0.0
,0,2022-03-14T15:37,0.0
,0,2022-03-14T17:18,0.0
,0,2022-03-14T19:00,0.0
,0,2022-03-14T20:41,0.0
,0,2022-03-14T22:23,0.0
,0,2022-03-15T00:04,0.0
,0,2022-03-15T01:46,0.0
,0,2022-03-15T03:27,0.0
,0,2022-03-15T05:09,0.0
,0,2022-03-15T06:50,0.0
5.751444662776052e-05,271,2022-03-15T08:32,1.2262443438914028
,0,2022-03-15T10:13,0.0
,0,2022-03-15T11:55,0.0
,0,2022-03-15T13:36,0.0
,0,2022-03-15T15:18,0.0
,0,2022-03-15T16:59,0.0
,0,2022-03-15T18:41,0.0
,0,2022-03-15T20:22,0.0
,0,2022-03-15T22:04,0.0
,0,2022-03-15T23:45,0.0
,0,2022-03-16T01:27,0.0
,0,2022-03-16T03:08,0.0
,0,2022-03-16T04:50,0.0
,0,2022-03-16T06:31,0.0
6.570437971479356e-05,271,2022-03-16T08:13,1.2262443438914028
,0,2022-03-16T09:54,0.0
,0,2022-03-16T11:36,0.0
,0,2022-03-16T13:17,0.0
,0,2022-03-16T14:59,0.0
,0,2022-03-16T16:40,0.0
,0,2022-03-16T18:22,0.0
,0,2022-03-16T20:03,0.0
,0,2022-03-16T21:45,0.0
,0,2022-03-16T23:27,0.0
,0,2022-03-17T01:08,0.0
,0,2022-03-17T02:50,0.0
,0,2022-03-17T04:31,0.0
,0,2022-03-17T06:13,0.0
7.691375991100484e-05,271,2022-03-17T07:54,1.2262443438914028
,0,2022-03-17T09:36,0.0
,0,2022-03-17T11:17,0.0
,0,2022-03-17T12:59,0.0
,0,2022-03-17T14:40,0.0
,0,2022-03-17T16:22,0.0
,0,2022-03-17T18:03,0.0
,0,2022-03-17T19:45,0.0
,0,2022-03-17T21:26,0.0
,0,2022-03-17T23:08,0.0
,0,2022-03-18T00:49,0.0
,0,2022-03-18T02:31,0.0
,0,2022-03-18T04:12,0.0
,0,2022-03-18T05:54,0.0
6.868122166374126e-05,271,2022-03-18T07:35,1.2262443438914028
,0,2022-03-18T09:17,0.0
,0,2022-03-18T10:58,0.0
,0,2022-03-18T12:40,0.0
,0,2022-03-18T14:21,0.0
,0,2022-03-18T16:03,0.0
,0,2022-03-18T17:44,0.0
,0,2022-03-18T19:26,0.0
,0,2022-03-18T21:07,0.0
,0,2022-03-18T22:49,0.0
,0,2022-03-19T00:30,0.0
,0,2022-03-19T02:12,0.0
,0,2022-03-19T03:53,0.0
,0,2022-03-19T05:35,0.0
7.434213181838452e-05,271,2022-03-19T07:16,1.2262443438914028
,0,2022-03-19T08:58,0.0
,0,2022-03-19T10:39,0.0
,0,2022-03-19T12:21,0.0
,0,2022-03-19T14:02,0.0
,0,2022-03-19T15:44,0.0
,0,2022-03-19T17:25,0.0
,0,2022-03-19T19:07,0.0
,0,2022-03-19T20:48,0.0
,0,2022-03-19T22:30,0.0
,0,2022-03-20T00:11,0.0
,0,2022-03-20T01:53,0.0
,0,2022-03-20T03:34,0.0
,0,2022-03-20T05:16,0.0
5.6896176611538645e-05,271,2022-03-20T06:57,1.2262443438914028
6.1249712510436e-05,237,2022-03-20T08:39,1.0723981900452488
,0,2022-03-20T10:20,0.0
,0,2022-03-20T12:02,0.0
,0,2022-03-20T13:43,0.0
,0,2022-03-20T15:25,0.0
,0,2022-03-20T17:06,0.0
,0,2022-03-20T18:48,0.0
,0,2022-03-20T20:29,0.0
,0,2022-03-20T22:11,0.0
,0,2022-03-20T23:52,0.0
,0,2022-03-21T01:34,0.0
,0,2022-03-21T03:15,0.0
,0,2022-03-21T04:57,0.0
,0,2022-03-21T06:38,0.0
7.560344047015663e-05,271,2022-03-21T08:20,1.2262443438914028
,0,2022-03-21T10:01,0.0
,0,2022-03-21T11:43,0.0
,0,2022-03-21T13:24,0.0
,0,2022-03-21T15:06,0.0
,0,2022-03-21T16:47,0.0
,0,2022-03-21T18:29,0.0
,0,2022-03-21T20:10,0.0
,0,2022-03-21T21:52,0.0
,0,2022-03-21T23:33,0.0
,0,2022-03-22T01:15,0.0
,0,2022-03-22T02:56,0.0
,0,2022-03-22T04:38,0.0
,0,2022-03-22T06:19,0.0
7.486884611772256e-05,271,2022-03-22T08:01,1.2262443438914028
,0,2022-03-22T09:42,0.0
,0,2022-03-22T11:24,0.0
,0,2022-03-22T13:06,0.0
,0,2022-03-22T14:47,0.0
,0,2022-03-22T16:29,0.0
,0,2022-03-22T18:10,0.0
,0,2022-03-22T19:52,0.0
,0,2022-03-22T21:33,0.0
,0,2022-03-22T23:15,0.0
,0,2022-03-23T00:56,0.0
,0,2022-03-23T02:38,0.0
,0,2022-03-23T04:19,0.0
,0,2022-03-23T06:01,0.0
8.259135664565063e-05,271,2022-03-23T07:42,1.2262443438914028
,0,2022-03-23T09:24,0.0
,0,2022-03-23T11:05,0.0
,0,2022-03-23T12:47,0.0
,0,2022-03-23T14:28,0.0
,0,2022-03-23T16:10,0.0
,0,2022-03-23T17:51,0.0
,0,2022-03-23T19:33,0.0
,0,2022-03-23T21:14,0.0
,0,2022-03-23T22:56,0.0
,0,2022-03-24T00:37,0.0
,0,2022-03-24T02:19,0.0
,0,2022-03-24T04:00,0.0
,0,2022-03-24T05:42,0.0
8.772765700847041e-05,213,2022-03-24T07:23,0.9638009049773756
,0,2022-03-24T09:05,0.0
,0,2022-03-24T10:46,0.0
,0,2022-03-24T12:28,0.0
,0,2022-03-24T14:09,0.0
,0,2022-03-24T15:51,0.0
,0,2022-03-24T17:32,0.0
,0,2022-03-24T19:14,0.0
,0,2022-03-24T20:55,0.0
,0,2022-03-24T22:37,0.0
,0,2022-03-25T00:18,0.0
,0,2022-03-25T02:00,0.0
,0,2022-03-25T03:41,0.0
,0,2022-03-25T05:23,0.0
6.897430055687296e-05,116,2022-03-25T07:04,0.5248868778280543
,0,2022-03-25T08:46,0.0
,0,2022-03-25T10:27,0.0
,0,2022-03-25T12:09,0.0
,0,2022-03-25T13:50,0.0
,0,2022-03-25T15:32,0.0
,0,2022-03-25T17:13,0.0
,0,2022-03-25T18:55,0.0
,0,2022-03-25T20:36,0.0
,0,2022-03-25T22:18,0.0
,0,2022-03-25T23:59,0.0
,0,2022-03-26T01:41,0.0
,0,2022-03-26T03:22,0.0
,0,2022-03-26T05:04,0.0
,0,2022-03-26T06:45,0.0
6.659043923962382e-05,271,2022-03-26T08:27,1.2262443438914028
,0,2022-03-26T10:08,0.0
,0,2022-03-26T11:50,0.0
,0,2022-03-26T13:31,0.0
,0,2022-03-26T15:13,0.0
,0,2022-03-26T16:54,0.0
,0,2022-03-26T18:36,0.0
,0,2022-03-26T20:17,0.0
,0,2022-03-26T21:59,0.0
,0,2022-03-26T23:40,0.0
,0,2022-03-27T01:22,0.0
,0,2022-03-27T03:03,0.0
,0,2022-03-27T04:45,0.0
,0,2022-03-27T06:26,0.0
7.049357463452698e-05,271,2022-03-27T08:08,1.2262443438914028
,0,2022-03-27T09:49,0.0
,0,2022-03-27T11:31,0.0
,0,2022-03-27T13:12,0.0
,0,2022-03-27T14:54,0.0
,0,2022-03-27T16:35,0.0
,0,2022-03-27T18:17,0.0
,0,2022-03-27T19:58,0.0
,0,2022-03-27T21:40,0.0
,0,2022-03-27T23:21,0.0
,0,2022-03-28T01:03,0.0
,0,2022-03-28T02:44,0.0
,0,2022-03-28T04:26,0.0
,0,2022-03-28T06:07,0.0
6.751113139720574e-05,265,2022-03-28T07:49,1.1990950226244343
,0,2022-03-28T09:31,0.0
,0,2022-03-28T11:12,0.0
,0,2022-03-28T12:54,0.0
,0,2022-03-28T14:35,0.0
,0,2022-03-28T16:17,0.0
,0,2022-03-28T17:58,0.0
,0,2022-03-28T19:40,0.0
,0,2022-03-28T21:21,0.0
,0,2022-03-28T23:03,0.0
,0,2022-03-29T00:44,0.0
,0,2022-03-29T02:26,0.0
,0,2022-03-29T04:07,0.0
,0,2022-03-29T05:49,0.0
6.262768514029393e-05,271,2022-03-29T07:30,1.2262443438914028
,0,2022-03-29T09:12,0.0
,0,2022-03-29T10:53,0.0
,0,2022-03-29T12:35,0.0
,0,2022-03-29T14:16,0.0
,0,2022-03-29T15:58,0.0
,0,2022-03-29T17:39,0.0
,0,2022-03-29T19:21,0.0
,0,2022-03-29T21:02,0.0
,0,2022-03-29T22:44,0.0
,0,2022-03-30T00:25,0.0
,0,2022-03-30T02:07,0.0
,0,2022-03-30T03:48,0.0
,0,2022-03-30T05:30,0.0
4.765082200499946e-05,271,2022-03-30T07:11,1.2262443438914028
,0,2022-03-30T08:53,0.0
,0,2022-03-30T10:34,0.0
,0,2022-03-30T12:16,0.0
,0,2022-03-30T13:57,0.0
,0,2022-03-30T15:39,0.0
,0,2022-03-30T17:20,0.0
,0,2022-03-30T19:02,0.0
,0,2022-03-30T20:43,0.0
,0,2022-03-30T22:25,0.0
,0,2022-03-31T00:06,0.0
,0,2022-03-31T01:48,0.0
,0,2022-03-31T03:29,0.0
,0,2022-03-31T05:11,0.0
,0,2022-03-31T06:52,0.0
5.16185281271499e-05,271,2022-03-31T08:34,1.2262443438914028
,0,2022-03-31T10:15,0.0
,0,2022-03-31T11:57,0.0
,0,2022-03-31T13:38,0.0
,0,2022-03-31T15:20,0.0
,0,2022-03-31T17:01,0.0
,0,2022-03-31T18:43,0.0
,0,2022-03-31T20:24,0.0
,0,2022-03-31T22:06,0.0
,0,2022-03-31T23:47,0.0
,0,2022-04-01T01:29,0.0
,0,2022-04-01T03:10,0.0
,0,2022-04-01T04:52,0.0
,0,2022-04-01T06:33,0.0
6.646375058299616e-05,271,2022-04-01T08:15,1.2262443438914028
,0,2022-04-01T09:56,0.0
,0,2022-04-01T11:38,0.0
,0,2022-04-01T13:19,0.0
,0,2022-04-01T15:01,0.0
,0,2022-04-01T16:42,0.0
,0,2022-04-01T18:24,0.0
,0,2022-04-01T20:05,0.0
,0,2022-04-01T21:47,0.0
,0,2022-04-01T23:28,0.0
,0,2022-04-02T01:10,0.0
,0,2022-04-02T02:51,0.0
,0,2022-04-02T04:33,0.0
,0,2022-04-02T06:14,0.0
9.62831148206662e-05,271,2022-04-02T07:56,1.2262443438914028
,0,2022-04-02T09:37,0.0
,0,2022-04-02T11:19,0.0
,0,2022-04-02T13:00,0.0
,0,2022-04-02T14:42,0.0
,0,2022-04-02T16:23,0.0
,0,2022-04-02T18:05,0.0
,0,2022-04-02T19:46,0.0
,0,2022-04-02T21:28,0.0
,0,2022-04-02T23:09,0.0
,0,2022-04-03T00:51,0.0
,0,2022-04-03T02:32,0.0
,0,2022-04-03T04:14,0.0
,0,2022-04-03T05:55,0.0
6.237590140127143e-05,271,2022-04-03T07:37,1.2262443438914028
,0,2022-04-03T09:18,0.0
,0,2022-04-03T11:00,0.0
,0,2022-04-03T12:41,0.0
,0,2022-04-03T14:23,0.0
,0,2022-04-03T16:05,0.0
,0,2022-04-03T17:46,0.0
,0,2022-04-03T19:28,0.0
,0,2022-04-03T21:09,0.0
,0,2022-04-03T22:51,0.0
,0,2022-04-04T00:32,0.0
,0,2022-04-04T02:14,0.0
,0,2022-04-04T03:55,0.0
,0,2022-04-04T05:37,0.0
6.666108021508496e-05,205,2022-04-04T07:18,0.9276018099547512
,0,2022-04-04T09:00,0.0
,0,2022-04-04T10:41,0.0
,0,2022-04-04T12:23,0.0
,0,2022-04-04T14:04,0.0
,0,2022-04-04T15:46,0.0
,0,2022-04-04T17:27,0.0
,0,2022-04-04T19:09,0.0
,0,2022-04-04T20:50,0.0
,0,2022-04-04T22:32,0.0
,0,2022-04-05T00:13,0.0
,0,2022-04-05T01:55,0.0
,0,2022-04-05T03:36,0.0
,0,2022-04-05T05:18,0.0
5.3161368578272e-05,271,2022-04-05T06:59,1.2262443438914028
6.713617350540545e-05,112,2022-04-05T08:41,0.5067873303167421
,0,2022-04-05T10:22,0.0
,0,2022-04-05T12:04,0.0
,0,2022-04-05T13:45,0.0
,0,2022-04-05T15:27,0.0
,0,2022-04-05T17:08,0.0
,0,2022-04-05T18:50,0.0
,0,2022-04-05T20:31,0.0
,0,2022-04-05T22:13,0.0
,0,2022-04-05T23:54,0.0
,0,2022-04-06T01:36,0.0
,0,2022-04-06T03:17,0.0
,0,2022-04-06T04:59,0.0
,0,2022-04-06T06:40,0.0
7.214114172185604e-05,271,2022-04-06T08:22,1.2262443438914028
,0,2022-04-06T10:03,0.0
,0,2022-04-06T11:45,0.0
,0,2022-04-06T13:26,0.0
,0,2022-04-06T15:08,0.0
,0,2022-04-06T16:49,0.0
,0,2022-04-06T18:31,0.0
,0,2022-04-06T20:12,0.0
,0,2022-04-06T21:54,0.0
,0,2022-04-06T23:35,0.0
,0,2022-04-07T01:17,0.0
,0,2022-04-07T02:58,0.0
,0,2022-04-07T04:40,0.0
,0,2022-04-07T06:21,0.0
9.866501583619194e-05,271,2022-04-07T08:03,1.2262443438914028
,0,2022-04-07T09:44,0.0
,0,2022-04-07T11:26,0.0
,0,2022-04-07T13:07,0.0
,0,2022-04-07T14:49,0.0
,0,2022-04-07T16:30,0.0
,0,2022-04-07T18:12,0.0
,0,2022-04-07T19:53,0.0
,0,2022-04-07T21:35,0.0
,0,2022-04-07T23:16,0.0
,0,2022-04-08T00:58,0.0
,0,2022-04-08T02:39,0.0
,0,2022-04-08T04:21,0.0
,0,2022-04-08T06:02,0.0
8.837923396020828e-05,271,2022-04-08T07:44,1.2262443438914028
,0,2022-04-08T09:25,0.0
,0,2022-04-08T11:07,0.0
,0,2022-04-08T12:48,0.0
,0,2022-04-08T14:30,0.0
,0,2022-04-08T16:11,0.0
,0,2022-04-08T17:53,0.0
,0,2022-04-08T19:34,0.0
,0,2022-04-08T21:16,0.0
,0,2022-04-08T22:57,0.0
,0,2022-04-09T00:39,0.0
,0,2022-04-09T02:20,0.0
,0,2022-04-09T04:02,0.0
,0,2022-04-09T05:43,0.0
5.8744734143955363e-05,271,2022-04-09T07:25,1.2262443438914028
,0,2022-04-09T09:06,0.0
,0,2022-04-09T10:48,0.0
,0,2022-04-09T12:29,0.0
,0,2022-04-09T14:11,0.0
,0,2022-04-09T15:52,0.0
,0,2022-04-09T17:34,0.0
,0,2022-04-09T19:15,0.0
,0,2022-04-09T20:57,0.0
,0,2022-04-09T22:38,0.0
,0,2022-04-10T00:20,0.0
,0,2022-04-10T02:01,0.0
,0,2022-04-10T03:43,0.0
,0,2022-04-10T05:25,0.0
5.216919804469783e-05,271,2022-04-10T07:06,1.2262443438914028
,0,2022-04-10T08:48,0.0
,0,2022-04-10T10:29,0.0
,0,2022-04-10T12:11,0.0
,0,2022-04-10T13:52,0.0
,0,2022-04-10T15:34,0.0
,0,2022-04-10T17:15,0.0
,0,2022-04-10T18:57,0.0
,0,2022-04-10T20:38,0.0
,0,2022-04-10T22:20,0.0
,0,2022-04-11T00:01,0.0
,0,2022-04-11T01:43,0.0
,0,2022-04-11T03:24,0.0
,0,2022-04-11T05:06,0.0
,0,2022-04-11T06:47,0.0
5.078104114063927e-05,271,2022-04-11T08:29,1.2262443438914028
,0,2022-04-11T10:10,0.0
,0,2022-04-11T11:52,0.0
,0,2022-04-11T13:33,0.0
,0,2022-04-11T15:15,0.0
,0,2022-04-11T16:56,0.0
,0,2022-04-11T18:38,0.0
,0,2022-04-11T20:19,0.0
,0,2022-04-11T22:01,0.0
,0,2022-04-11T23:42,0.0
,0,2022-04-12T01:24,0.0
,0,2022-04-12T03:05,0.0
,0,2022-04-12T04:47,0.0
,0,2022-04-12T06:28,0.0
4.978066435893559e-05,36,2022-04-12T08:10,0.16289592760180996
,0,2022-04-12T09:51,0.0
,0,2022-04-12T11:33,0.0
,0,2022-04-12T13:14,0.0
,0,2022-04-12T14:56,0.0
,0,2022-04-12T16:37,0.0
,0,2022-04-12T18:19,0.0
,0,2022-04-12T20:00,0.0
,0,2022-04-12T21:42,0.0
,0,2022-04-12T23:23,0.0
,0,2022-04-13T01:05,0.0
,0,2022-04-13T02:46,0.0
,0,2022-04-13T04:28,0.0
,0,2022-04-13T06:09,0.0
6.41989471532964e-05,145,2022-04-13T07:51,0.6561085972850679
,0,2022-04-13T09:32,0.0
,0,2022-04-13T11:14,0.0
,0,2022-04-13T12:55,0.0
,0,2022-04-13T14:37,0.0
,0,2022-04-13T16:18,0.0
,0,2022-04-13T18:00,0.0
,0,2022-04-13T19:41,0.0
,0,2022-04-13T21:23,0.0
,0,2022-04-13T23:04,0.0
,0,2022-04-14T00:46,0.0
,0,2022-04-14T02:27,0.0
,0,2022-04-14T04:09,0.0
,0,2022-04-14T05:50,0.0
6.590650035576678e-05,269,2022-04-14T07:32,1.2171945701357465
,0,2022-04-14T09:13,0.0
,0,2022-04-14T10:55,0.0
,0,2022-04-14T12:36,0.0
,0,2022-04-14T14:18,0.0
,0,2022-04-14T15:59,0.0
,0,2022-04-14T17:41,0.0
,0,2022-04-14T21:04,0.0
,0,2022-04-14T22:45,0.0
,0,2022-04-15T00:27,0.0
,0,2022-04-15T02:08,0.0
,0,2022-04-15T03:50,0.0
,0,2022-04-15T05:31,0.0
4.424092769164428e-05,269,2022-04-15T07:13,1.2171945701357465
,0,2022-04-15T08:54,0.0
,0,2022-04-15T10:36,0.0
,0,2022-04-15T12:17,0.0
,0,2022-04-15T13:59,0.0
,0,2022-04-15T15:40,0.0
,0,2022-04-15T17:22,0.0
,0,2022-04-15T19:03,0.0
,0,2022-04-15T20:45,0.0
,0,2022-04-15T22:26,0.0
,0,2022-04-16T00:08,0.0
,0,2022-04-16T01:49,0.0
,0,2022-04-16T03:31,0.0
,0,2022-04-16T05:12,0.0
,0,2022-04-16T06:54,0.0
5.266969686527409e-05,269,2022-04-16T08:35,1.2171945701357465
,0,2022-04-16T10:17,0.0
,0,2022-04-16T11:58,0.0
,0,2022-04-16T13:40,0.0
,0,2022-04-16T15:21,0.0
,0,2022-04-16T17:03,0.0
,0,2022-04-16T18:44,0.0
,0,2022-04-16T20:26,0.0
,0,2022-04-16T22:07,0.0
,0,2022-04-16T23:49,0.0
,0,2022-04-17T01:30,0.0
,0,2022-04-17T03:12,0.0
,0,2022-04-17T04:54,0.0
,0,2022-04-17T06:35,0.0
5.447471370091367e-05,269,2022-04-17T08:17,1.2171945701357465
,0,2022-04-17T09:58,0.0
,0,2022-04-17T11:40,0.0
,0,2022-04-17T13:21,0.0
,0,2022-04-17T15:03,0.0
,0,2022-04-17T16:44,0.0
,0,2022-04-17T18:26,0.0
,0,2022-04-17T20:07,0.0
,0,2022-04-17T21:49,0.0
,0,2022-04-17T23:30,0.0
,0,2022-04-18T01:12,0.0
,0,2022-04-18T02:53,0.0
,0,2022-04-18T04:35,0.0
,0,2022-04-18T06:16,0.0
6.838551235497723e-05,269,2022-04-18T07:58,1.2171945701357465
,0,2022-04-18T09:39,0.0
,0,2022-04-18T11:21,0.0
,0,2022-04-18T13:02,0.0
,0,2022-04-18T14:44,0.0
,0,2022-04-18T16:25,0.0
,0,2022-04-18T18:07,0.0
,0,2022-04-18T19:48,0.0
,0,2022-04-18T21:30,0.0
,0,2022-04-18T23:11,0.0
,0,2022-04-19T00:53,0.0
,0,2022-04-19T02:34,0.0
,0,2022-04-19T04:16,0.0
,0,2022-04-19T05:57,0.0
6.214427923370387e-05,269,2022-04-19T07:39,1.2171945701357465
,0,2022-04-19T09:20,0.0
,0,2022-04-19T11:02,0.0
,0,2022-04-19T12:43,0.0
,0,2022-04-19T14:25,0.0
,0,2022-04-19T16:06,0.0
,0,2022-04-19T17:48,0.0
,0,2022-04-19T19:29,0.0
,0,2022-04-19T21:11,0.0
,0,2022-04-19T22:52,0.0
,0,2022-04-20T00:34,0.0
,0,2022-04-20T02:15,0.0
,0,2022-04-20T03:57,0.0
,0,2022-04-20T05:38,0.0
6.099155032823581e-05,269,2022-04-20T07:20,1.2171945701357465
,0,2022-04-20T09:01,0.0
,0,2022-04-20T10:43,0.0
,0,2022-04-20T12:24,0.0
,0,2022-04-20T14:06,0.0
,0,2022-04-20T15:47,0.0
,0,2022-04-20T17:29,0.0
,0,2022-04-20T19:10,0.0
,0,2022-04-20T20:52,0.0
,0,2022-04-20T22:33,0.0
,0,2022-04-21T00:15,0.0
,0,2022-04-21T01:56,0.0
,0,2022-04-21T03:38,0.0
,0,2022-04-21T05:19,0.0
,0,2022-04-21T07:01,0.0
4.465744122667019e-05,25,2022-04-21T08:42,0.11312217194570136
,0,2022-04-21T10:24,0.0
,0,2022-04-21T12:05,0.0
,0,2022-04-21T13:47,0.0
,0,2022-04-21T15:28,0.0
,0,2022-04-21T17:10,0.0
,0,2022-04-21T18:51,0.0
,0,2022-04-21T20:33,0.0
,0,2022-04-21T22:14,0.0
,0,2022-04-21T23:56,0.0
,0,2022-04-22T01:37,0.0
,0,2022-04-22T03:19,0.0
,0,2022-04-22T05:00,0.0
,0,2022-04-22T06:42,0.0
6.967640564562568e-05,269,2022-04-22T08:23,1.2171945701357465
,0,2022-04-22T10:05,0.0
,0,2022-04-22T11:46,0.0
,0,2022-04-22T13:28,0.0
,0,2022-04-22T15:09,0.0
,0,2022-04-22T16:51,0.0
,0,2022-04-22T18:32,0.0
,0,2022-04-22T20:14,0.0
,0,2022-04-22T21:55,0.0
,0,2022-04-22T23:37,0.0
,0,2022-04-23T01:18,0.0
,0,2022-04-23T03:00,0.0
,0,2022-04-23T04:41,0.0
,0,2022-04-23T06:23,0.0
0.00012175552208692088,106,2022-04-23T08:04,0.4796380090497738
,0,2022-04-23T09:46,0.0
,0,2022-04-23T11:27,0.0
,0,2022-04-23T13:09,0.0
,0,2022-04-23T14:50,0.0
,0,2022-04-23T16:32,0.0
,0,2022-04-23T18:13,0.0
,0,2022-04-23T19:55,0.0
,0,2022-04-23T21:36,0.0
,0,2022-04-23T23:18,0.0
,0,2022-04-24T00:59,0.0
,0,2022-04-24T02:41,0.0
,0,2022-04-24T04:22,0.0
,0,2022-04-24T06:04,0.0
7.992239376134907e-05,269,2022-04-24T07:45,1.2171945701357465
,0,2022-04-24T09:27,0.0
,0,2022-04-24T11:08,0.0
,0,2022-04-24T12:50,0.0
,0,2022-04-24T14:31,0.0
,0,2022-04-24T16:13,0.0
,0,2022-04-24T17:54,0.0
,0,2022-04-24T19:36,0.0
,0,2022-04-24T21:17,0.0
,0,2022-04-24T22:59,0.0
,0,2022-04-25T00:40,0.0
,0,2022-04-25T02:22,0.0
,0,2022-04-25T04:03,0.0
,0,2022-04-25T05:45,0.0
7.075022267600159e-05,269,2022-04-25T07:26,1.2171945701357465
,0,2022-04-25T09:08,0.0
,0,2022-04-25T10:49,0.0
,0,2022-04-25T12:31,0.0
,0,2022-04-25T14:12,0.0
,0,2022-04-25T15:54,0.0
,0,2022-04-25T17:36,0.0
,0,2022-04-25T19:17,0.0
,0,2022-04-25T20:59,0.0
,0,2022-04-25T22:40,0.0
,0,2022-04-26T00:22,0.0
,0,2022-04-26T02:03,0.0
,0,2022-04-26T03:45,0.0
,0,2022-04-26T05:26,0.0
5.6341859012563665e-05,76,2022-04-26T07:08,0.3438914027149321
,0,2022-04-26T08:49,0.0
,0,2022-04-26T10:31,0.0
,0,2022-04-26T12:12,0.0
,0,2022-04-26T13:54,0.0
,0,2022-04-26T15:35,0.0
,0,2022-04-26T17:17,0.0
,0,2022-04-26T18:58,0.0
,0,2022-04-26T20:40,0.0
,0,2022-04-26T22:21,0.0
,0,2022-04-27T00:03,0.0
,0,2022-04-27T01:44,0.0
,0,2022-04-27T03:26,0.0
,0,2022-04-27T05:07,0.0
,0,2022-04-27T06:49,0.0
5.827326369057839e-05,181,2022-04-27T08:30,0.8190045248868778
,0,2022-04-27T10:12,0.0
,0,2022-04-27T11:53,0.0
,0,2022-04-27T13:35,0.0
,0,2022-04-27T15:16,0.0
,0,2022-04-27T16:58,0.0
,0,2022-04-27T18:39,0.0
,0,2022-04-27T20:21,0.0
,0,2022-04-27T22:02,0.0
,0,2022-04-27T23:44,0.0
,0,2022-04-28T01:25,0.0
,0,2022-04-28T03:07,0.0
,0,2022-04-28T04:48,0.0
,0,2022-04-28T06:30,0.0
7.292559931811789e-05,211,2022-04-28T08:11,0.9547511312217195
,0,2022-04-28T09:53,0.0
,0,2022-04-28T11:34,0.0
,0,2022-04-28T13:16,0.0
,0,2022-04-28T14:57,0.0
,0,2022-04-28T16:39,0.0
,0,2022-04-28T18:20,0.0
,0,2022-04-28T20:02,0.0
,0,2022-04-28T21:43,0.0
,0,2022-04-28T23:25,0.0
,0,2022-04-29T01:06,0.0
,0,2022-04-29T02:48,0.0
,0,2022-04-29T04:29,0.0
,0,2022-04-29T06:11,0.0
6.343378251695638e-05,269,2022-04-29T07:52,1.2171945701357465
,0,2022-04-29T09:34,0.0
,0,2022-04-29T11:15,0.0
,0,2022-04-29T12:57,0.0
,0,2022-04-29T14:38,0.0
,0,2022-04-29T16:20,0.0
,0,2022-04-29T18:01,0.0
,0,2022-04-29T19:43,0.0
,0,2022-04-29T21:24,0.0
,0,2022-04-29T23:06,0.0
,0,2022-04-30T00:47,0.0
,0,2022-04-30T02:29,0.0
,0,2022-04-30T04:10,0.0
,0,2022-04-30T05:52,0.0
5.154968526113347e-05,269,2022-04-30T07:33,1.2171945701357465
,0,2022-04-30T09:15,0.0
,0,2022-04-30T10:56,0.0
,0,2022-04-30T12:38,0.0
,0,2022-04-30T14:19,0.0
,0,2022-04-30T16:01,0.0
,0,2022-04-30T17:42,0.0
,0,2022-04-30T19:24,0.0
,0,2022-04-30T21:05,0.0
,0,2022-04-30T22:47,0.0
,0,2022-05-02T00:09,0.0
,0,2022-05-02T01:51,0.0
,0,2022-05-02T03:32,0.0
,0,2022-05-02T05:14,0.0
,0,2022-05-02T06:55,0.0
3.561434571457458e-05,269,2022-05-02T08:37,1.2171945701357465
,0,2022-05-02T10:18,0.0
,0,2022-05-02T12:00,0.0
,0,2022-05-02T13:41,0.0
,0,2022-05-02T15:23,0.0
,0,2022-05-02T17:04,0.0
,0,2022-05-02T18:46,0.0
,0,2022-05-02T20:27,0.0
,0,2022-05-02T22:09,0.0
,0,2022-05-02T23:50,0.0
,0,2022-05-03T01:32,0.0
,0,2022-05-03T03:13,0.0
,0,2022-05-03T04:55,0.0
,0,2022-05-03T06:36,0.0
4.130493721327859e-05,269,2022-05-03T08:18,1.2171945701357465
,0,2022-05-03T09:59,0.0
,0,2022-05-03T11:41,0.0
,0,2022-05-03T13:22,0.0
,0,2022-05-03T15:04,0.0
,0,2022-05-03T16:45,0.0
,0,2022-05-03T18:27,0.0
,0,2022-05-03T20:08,0.0
,0,2022-05-03T21:50,0.0
,0,2022-05-03T23:31,0.0
,0,2022-05-04T01:13,0.0
,0,2022-05-04T02:54,0.0
,0,2022-05-04T04:36,0.0
,0,2022-05-04T06:17,0.0
5.5606477284916534e-05,269,2022-05-04T07:59,1.2171945701357465
,0,2022-05-04T09:40,0.0
,0,2022-05-04T11:22,0.0
,0,2022-05-04T13:03,0.0
,0,2022-05-04T14:45,0.0
,0,2022-05-04T16:26,0.0
,0,2022-05-04T18:08,0.0
,0,2022-05-04T19:49,0.0
,0,2022-05-04T21:31,0.0
,0,2022-05-04T23:12,0.0
,0,2022-05-05T00:54,0.0
,0,2022-05-05T02:35,0.0
,0,2022-05-05T04:17,0.0
,0,2022-05-05T05:58,0.0
8.170004499900056e-05,189,2022-05-05T07:40,0.8552036199095022
,0,2022-05-05T09:21,0.0
,0,2022-05-05T11:03,0.0
,0,2022-05-05T12:44,0.0
,0,2022-05-05T14:26,0.0
,0,2022-05-05T16:07,0.0
,0,2022-05-05T17:49,0.0
,0,2022-05-05T19:30,0.0
,0,2022-05-05T21:12,0.0
,0,2022-05-05T22:53,0.0
,0,2022-05-06T00:35,0.0
,0,2022-05-06T02:16,0.0
,0,2022-05-06T03:58,0.0
,0,2022-05-06T05:39,0.0
4.985854103439552e-05,269,2022-05-06T07:21,1.2171945701357465
,0,2022-05-06T09:03,0.0
,0,2022-05-06T10:44,0.0
,0,2022-05-06T12:25,0.0
,0,2022-05-06T14:07,0.0
,0,2022-05-06T15:49,0.0
,0,2022-05-06T17:30,0.0
,0,2022-05-06T19:12,0.0
,0,2022-05-06T20:53,0.0
,0,2022-05-06T22:35,0.0
,0,2022-05-07T00:16,0.0
,0,2022-05-07T01:58,0.0
,0,2022-05-07T03:39,0.0
,0,2022-05-07T05:21,0.0
5.245407595991416e-05,201,2022-05-07T07:02,0.9095022624434389
5.270950385558102e-05,269,2022-05-07T08:44,1.2171945701357465
,0,2022-05-07T10:25,0.0
,0,2022-05-07T12:07,0.0
,0,2022-05-07T13:48,0.0
,0,2022-05-07T15:30,0.0
,0,2022-05-07T17:11,0.0
,0,2022-05-07T18:53,0.0
,0,2022-05-07T20:34,0.0
,0,2022-05-07T22:16,0.0
,0,2022-05-07T23:57,0.0
,0,2022-05-08T01:39,0.0
,0,2022-05-08T03:20,0.0
,0,2022-05-08T05:02,0.0
,0,2022-05-08T06:43,0.0
3.5938903062724644e-05,14,2022-05-08T08:25,0.06334841628959276
,0,2022-05-08T10:06,0.0
,0,2022-05-08T11:48,0.0
,0,2022-05-08T13:29,0.0
,0,2022-05-08T15:11,0.0
,0,2022-05-08T16:52,0.0
,0,2022-05-08T18:34,0.0
,0,2022-05-08T20:15,0.0
,0,2022-05-08T21:57,0.0
,0,2022-05-08T23:38,0.0
,0,2022-05-09T01:20,0.0
,0,2022-05-09T03:01,0.0
,0,2022-05-09T04:43,0.0
,0,2022-05-09T06:24,0.0
5.60430223635507e-05,269,2022-05-09T08:06,1.2171945701357465
,0,2022-05-09T09:47,0.0
,0,2022-05-09T11:29,0.0
,0,2022-05-09T13:10,0.0
,0,2022-05-09T14:52,0.0
,0,2022-05-09T16:33,0.0
,0,2022-05-09T18:15,0.0
,0,2022-05-09T19:56,0.0
,0,2022-05-09T21:38,0.0
,0,2022-05-09T23:19,0.0
,0,2022-05-10T01:01,0.0
,0,2022-05-10T02:42,0.0
,0,2022-05-10T04:24,0.0
,0,2022-05-10T06:05,0.0
3.864249502072983e-05,6,2022-05-10T07:47,0.027149321266968326
,0,2022-05-10T09:28,0.0
,0,2022-05-10T11:10,0.0
,0,2022-05-10T12:51,0.0
,0,2022-05-10T14:33,0.0
,0,2022-05-10T16:14,0.0
,0,2022-05-10T17:56,0.0
,0,2022-05-10T19:37,0.0
,0,2022-05-10T21:19,0.0
,0,2022-05-10T23:00,0.0
,0,2022-05-11T00:42,0.0
,0,2022-05-11T02:23,0.0
,0,2022-05-11T04:05,0.0
,0,2022-05-11T05:46,0.0
6.76502717297289e-05,189,2022-05-11T07:28,0.8552036199095022
,0,2022-05-11T09:09,0.0
,0,2022-05-11T10:51,0.0
,0,2022-05-11T12:32,0.0
,0,2022-05-11T14:14,0.0
,0,2022-05-11T16:38,0.0
,0,2022-05-11T17:37,0.0
,0,2022-05-11T19:18,0.0
,0,2022-05-11T21:00,0.0
,0,2022-05-11T22:41,0.0
,0,2022-05-12T00:23,0.0
,0,2022-05-12T02:04,0.0
,0,2022-05-12T03:46,0.0
,0,2022-05-12T05:27,0.0
4.094283956358005e-05,29,2022-05-12T07:09,0.13122171945701358
,0,2022-05-12T08:50,0.0
,0,2022-05-12T10:32,0.0
,0,2022-05-12T12:13,0.0
,0,2022-05-12T13:55,0.0
,0,2022-05-12T15:36,0.0
,0,2022-05-12T17:18,0.0
,0,2022-05-12T18:59,0.0
,0,2022-05-12T20:41,0.0
,0,2022-05-12T22:22,0.0
,0,2022-05-13T00:04,0.0
,0,2022-05-13T01:45,0.0
,0,2022-05-13T03:27,0.0
,0,2022-05-13T05:08,0.0
,0,2022-05-13T06:50,0.0
4.265645551882789e-05,269,2022-05-13T08:31,1.2171945701357465
,0,2022-05-13T10:13,0.0
,0,2022-05-13T11:54,0.0
,0,2022-05-13T13:36,0.0
,0,2022-05-13T15:17,0.0
,0,2022-05-13T16:59,0.0
,0,2022-05-13T18:40,0.0
,0,2022-05-13T20:22,0.0
,0,2022-05-13T22:03,0.0
,0,2022-05-13T23:45,0.0
,0,2022-05-14T01:26,0.0
,0,2022-05-14T03:08,0.0
,0,2022-05-14T04:49,0.0
,0,2022-05-14T06:31,0.0
4.1758667886510104e-05,269,2022-05-14T08:12,1.2171945701357465
,0,2022-05-14T09:54,0.0
,0,2022-05-14T11:35,0.0
,0,2022-05-14T13:17,0.0
,0,2022-05-14T14:58,0.0
,0,2022-05-14T16:40,0.0
,0,2022-05-14T18:21,0.0
,0,2022-05-14T20:03,0.0
,0,2022-05-14T21:44,0.0
,0,2022-05-14T23:26,0.0
,0,2022-05-15T01:07,0.0
,0,2022-05-15T02:49,0.0
,0,2022-05-15T04:30,0.0
,0,2022-05-15T06:12,0.0
4.2693225518722945e-05,269,2022-05-15T07:53,1.2171945701357465
,0,2022-05-15T09:35,0.0
,0,2022-05-15T11:16,0.0
,0,2022-05-15T12:58,0.0
,0,2022-05-15T14:39,0.0
,0,2022-05-15T16:21,0.0
,0,2022-05-15T18:02,0.0
,0,2022-05-15T19:44,0.0
,0,2022-05-15T21:25,0.0
,0,2022-05-15T23:07,0.0
,0,2022-05-16T00:48,0.0
,0,2022-05-16T02:30,0.0
,0,2022-05-16T04:11,0.0
,0,2022-05-16T05:53,0.0
5.035254148593198e-05,269,2022-05-16T07:34,1.2171945701357465
,0,2022-05-16T09:16,0.0
,0,2022-05-16T10:57,0.0
,0,2022-05-16T12:39,0.0
,0,2022-05-16T14:20,0.0
,0,2022-05-16T16:02,0.0
,0,2022-05-16T17:43,0.0
,0,2022-05-16T19:25,0.0
,0,2022-05-16T21:06,0.0
,0,2022-05-16T22:48,0.0
,0,2022-05-17T00:29,0.0
,0,2022-05-17T02:11,0.0
,0,2022-05-17T03:52,0.0
,0,2022-05-17T05:34,0.0
4.439159285423321e-05,60,2022-05-17T07:15,0.27149321266968324
,0,2022-05-17T08:57,0.0
,0,2022-05-17T10:38,0.0
,0,2022-05-17T12:20,0.0
,0,2022-05-17T14:01,0.0
,0,2022-05-17T15:43,0.0
,0,2022-05-17T17:24,0.0
,0,2022-05-17T19:06,0.0
,0,2022-05-17T20:47,0.0
,0,2022-05-17T22:29,0.0
,0,2022-05-18T00:10,0.0
,0,2022-05-18T01:52,0.0
,0,2022-05-18T03:33,0.0
,0,2022-05-18T05:15,0.0
,0,2022-05-18T06:56,0.0
2.4874647077779128e-05,119,2022-05-18T08:38,0.5384615384615384
,0,2022-05-18T10:19,0.0
,0,2022-05-18T12:01,0.0
,0,2022-05-18T13:42,0.0
,0,2022-05-18T15:24,0.0
,0,2022-05-18T17:05,0.0
,0,2022-05-18T18:47,0.0
,0,2022-05-18T20:28,0.0
,0,2022-05-18T22:10,0.0
,0,2022-05-18T23:51,0.0
,0,2022-05-19T01:33,0.0
,0,2022-05-19T03:14,0.0
,0,2022-05-19T04:56,0.0
,0,2022-05-19T06:37,0.0
,0,2022-05-19T08:19,0.0
,0,2022-05-19T10:00,0.0
,0,2022-05-19T11:42,0.0
,0,2022-05-19T13:23,0.0
,0,2022-05-19T15:05,0.0
,0,2022-05-19T16:46,0.0
,0,2022-05-19T18:28,0.0
,0,2022-05-19T20:09,0.0
,0,2022-05-19T21:51,0.0
,0,2022-05-19T23:32,0.0
,0,2022-05-20T01:14,0.0
,0,2022-05-20T02:55,0.0
,0,2022-05-20T04:37,0.0
,0,2022-05-20T06:18,0.0
,0,2022-05-20T08:00,0.0
,0,2022-05-20T09:41,0.0
,0,2022-05-20T11:23,0.0
,0,2022-05-20T13:04,0.0
,0,2022-05-20T14:46,0.0
,0,2022-05-20T16:27,0.0
,0,2022-05-20T18:09,0.0
,0,2022-05-20T19:50,0.0
,0,2022-05-20T21:32,0.0
,0,2022-05-20T23:13,0.0
,0,2022-05-21T00:55,0.0
,0,2022-05-21T02:36,0.0
,0,2022-05-21T04:18,0.0
,0,2022-05-21T05:59,0.0
3.448241621906895e-05,269,2022-05-21T07:41,1.2171945701357465
,0,2022-05-21T09:22,0.0
,0,2022-05-21T11:04,0.0
,0,2022-05-21T12:45,0.0
,0,2022-05-21T14:27,0.0
,0,2022-05-21T16:08,0.0
,0,2022-05-21T17:50,0.0
,0,2022-05-21T19:31,0.0
,0,2022-05-21T21:13,0.0
,0,2022-05-21T22:54,0.0
,0,2022-05-22T00:36,0.0
,0,2022-05-22T02:17,0.0
,0,2022-05-22T03:59,0.0
,0,2022-05-22T05:40,0.0
2.7907880623473017e-05,269,2022-05-22T07:22,1.2171945701357465
,0,2022-05-22T09:03,0.0
,0,2022-05-22T10:45,0.0
,0,2022-05-22T12:26,0.0
,0,2022-05-22T14:08,0.0
,0,2022-05-22T15:49,0.0
,0,2022-05-22T17:31,0.0
,0,2022-05-22T19:12,0.0
,0,2022-05-22T20:54,0.0
,0,2022-05-22T22:35,0.0
,0,2022-05-23T00:17,0.0
,0,2022-05-23T01:58,0.0
,0,2022-05-23T03:40,0.0
,0,2022-05-23T05:21,0.0
2.467398573238843e-05,189,2022-05-23T07:03,0.8552036199095022
1.9007821504209347e-05,269,2022-05-23T08:44,1.2171945701357465
,0,2022-05-23T10:26,0.0
,0,2022-05-23T12:07,0.0
,0,2022-05-23T13:49,0.0
,0,2022-05-23T15:30,0.0
,0,2022-05-23T17:12,0.0
,0,2022-05-23T18:53,0.0
,0,2022-05-23T20:35,0.0
,0,2022-05-23T22:16,0.0
,0,2022-05-23T23:58,0.0
,0,2022-05-24T01:39,0.0
,0,2022-05-24T03:21,0.0
,0,2022-05-24T05:02,0.0
,0,2022-05-24T06:44,0.0
1.7648797709952023e-05,228,2022-05-24T08:25,1.0316742081447965
,0,2022-05-24T10:07,0.0
,0,2022-05-24T11:48,0.0
,0,2022-05-24T13:30,0.0
,0,2022-05-24T15:11,0.0
,0,2022-05-24T16:53,0.0
,0,2022-05-24T18:34,0.0
,0,2022-05-24T20:16,0.0
,0,2022-05-24T21:57,0.0
,0,2022-05-24T23:39,0.0
,0,2022-05-25T01:20,0.0
,0,2022-05-25T03:02,0.0
,0,2022-05-25T04:43,0.0
,0,2022-05-25T06:25,0.0
3.339082510827964e-05,269,2022-05-25T08:06,1.2171945701357465
,0,2022-05-25T09:48,0.0
,0,2022-05-25T11:29,0.0
,0,2022-05-25T13:11,0.0
,0,2022-05-25T14:52,0.0
,0,2022-05-25T16:34,0.0
,0,2022-05-25T18:15,0.0
,0,2022-05-25T19:57,0.0
,0,2022-05-25T21:38,0.0
,0,2022-05-25T23:20,0.0
,0,2022-05-26T01:01,0.0
,0,2022-05-26T02:43,0.0
,0,2022-05-26T04:24,0.0
,0,2022-05-26T06:06,0.0
4.25473974245152e-05,269,2022-05-26T07:47,1.2171945701357465
,0,2022-05-26T09:29,0.0
,0,2022-05-26T11:10,0.0
,0,2022-05-26T12:52,0.0
,0,2022-05-26T14:33,0.0
,0,2022-05-26T16:15,0.0
,0,2022-05-26T17:56,0.0
,0,2022-05-26T19:38,0.0
,0,2022-05-26T21:19,0.0
,0,2022-05-26T23:01,0.0
,0,2022-05-27T00:42,0.0
,0,2022-05-27T02:24,0.0
,0,2022-05-27T04:05,0.0
,0,2022-05-27T05:47,0.0
3.981808874662708e-05,269,2022-05-27T07:28,1.2171945701357465
,0,2022-05-27T09:10,0.0
,0,2022-05-27T10:51,0.0
,0,2022-05-27T12:33,0.0
,0,2022-05-27T14:14,0.0
,0,2022-05-27T15:56,0.0
,0,2022-05-27T17:37,0.0
,0,2022-05-27T19:19,0.0
,0,2022-05-27T21:00,0.0
,0,2022-05-27T22:42,0.0
,0,2022-05-28T00:23,0.0
,0,2022-05-28T02:05,0.0
,0,2022-05-28T03:46,0.0
,0,2022-05-28T05:28,0.0
3.0653209695548285e-05,269,2022-05-28T07:09,1.2171945701357465
,0,2022-05-28T08:51,0.0
,0,2022-05-28T10:32,0.0
,0,2022-05-28T12:14,0.0
,0,2022-05-28T13:55,0.0
,0,2022-05-28T15:37,0.0
,0,2022-05-28T17:18,0.0
,0,2022-05-28T19:00,0.0
,0,2022-05-28T20:41,0.0
,0,2022-05-28T22:23,0.0
,0,2022-05-29T00:04,0.0
,0,2022-05-29T01:46,0.0
,0,2022-05-29T03:27,0.0
,0,2022-05-29T05:09,0.0
,0,2022-05-29T06:50,0.0
3.001174597431729e-05,269,2022-05-29T08:32,1.2171945701357465
,0,2022-05-29T10:13,0.0
,0,2022-05-29T11:55,0.0
,0,2022-05-29T13:36,0.0
,0,2022-05-29T15:18,0.0
,0,2022-05-29T16:59,0.0
,0,2022-05-29T18:41,0.0
,0,2022-05-29T20:22,0.0
,0,2022-05-29T22:04,0.0
,0,2022-05-29T23:45,0.0
,0,2022-05-30T01:27,0.0
,0,2022-05-30T03:08,0.0
,0,2022-05-30T04:50,0.0
,0,2022-05-30T06:31,0.0
3.3595156086564334e-05,269,2022-05-30T08:13,1.2171945701357465
,0,2022-05-30T09:54,0.0
,0,2022-05-30T11:36,0.0
,0,2022-05-30T13:17,0.0
,0,2022-05-30T14:59,0.0
,0,2022-05-30T16:40,0.0
,0,2022-05-30T18:22,0.0
,0,2022-05-30T20:03,0.0
,0,2022-05-30T21:45,0.0
,0,2022-05-30T23:26,0.0
,0,2022-05-31T01:08,0.0
,0,2022-05-31T02:49,0.0
,0,2022-05-31T04:31,0.0
,0,2022-05-31T06:12,0.0
4.9304840475004807e-05,269,2022-05-31T07:54,1.2171945701357465
,0,2022-05-31T09:35,0.0
,0,2022-05-31T11:17,0.0
,0,2022-05-31T12:58,0.0
,0,2022-05-31T14:40,0.0
,0,2022-05-31T16:21,0.0
,0,2022-05-31T18:03,0.0
,0,2022-05-31T19:44,0.0
,0,2022-05-31T21:26,0.0
,0,2022-05-31T23:07,0.0
,0,2022-10-01T00:55,0.0
,0,2022-10-01T02:36,0.0
,0,2022-10-01T04:17,0.0
,0,2022-10-01T05:59,0.0
3.489834321105752e-05,260,2022-10-01T07:40,1.1764705882352942
,0,2022-10-01T09:22,0.0
,0,2022-10-01T11:03,0.0
,0,2022-10-01T12:45,0.0
,0,2022-10-01T14:26,0.0
,0,2022-10-01T16:08,0.0
,0,2022-10-01T17:49,0.0
,0,2022-10-01T19:31,0.0
,0,2022-10-01T21:12,0.0
,0,2022-10-01T22:54,0.0
,0,2022-10-02T00:35,0.0
,0,2022-10-02T02:17,0.0
,0,2022-10-02T03:58,0.0
,0,2022-10-02T05:40,0.0
3.0590808032328334e-05,269,2022-10-02T07:21,1.2171945701357465
,0,2022-10-02T09:03,0.0
,0,2022-10-02T10:44,0.0
,0,2022-10-02T12:26,0.0
,0,2022-10-02T14:07,0.0
,0,2022-10-02T15:49,0.0
,0,2022-10-02T17:30,0.0
,0,2022-10-02T19:12,0.0
,0,2022-10-02T20:53,0.0
,0,2022-10-02T22:35,0.0
,0,2022-10-03T00:16,0.0
,0,2022-10-03T01:58,0.0
,0,2022-10-03T03:39,0.0
,0,2022-10-03T05:21,0.0
2.7704332436330753e-05,237,2022-10-03T07:02,1.0723981900452488
,0,2022-10-03T08:44,0.0
,0,2022-10-03T10:25,0.0
,0,2022-10-03T12:07,0.0
,0,2022-10-03T13:48,0.0
,0,2022-10-03T15:30,0.0
,0,2022-10-03T17:11,0.0
,0,2022-10-03T18:53,0.0
,0,2022-10-03T20:34,0.0
,0,2022-10-03T22:16,0.0
,0,2022-10-03T23:57,0.0
,0,2022-10-04T01:39,0.0
,0,2022-10-04T03:20,0.0
,0,2022-10-04T05:02,0.0
,0,2022-10-04T06:43,0.0
3.5920145271177197e-05,42,2022-10-04T08:25,0.19004524886877827
,0,2022-10-04T10:06,0.0
,0,2022-10-04T11:47,0.0
,0,2022-10-04T13:29,0.0
,0,2022-10-04T15:10,0.0
,0,2022-10-04T16:52,0.0
,0,2022-10-04T18:33,0.0
,0,2022-10-04T20:15,0.0
,0,2022-10-04T21:56,0.0
,0,2022-10-04T23:38,0.0
,0,2022-10-05T01:19,0.0
,0,2022-10-05T03:01,0.0
,0,2022-10-05T04:42,0.0
,0,2022-10-05T06:24,0.0
,0,2022-10-05T08:05,0.0
,0,2022-10-05T09:47,0.0
,0,2022-10-05T11:28,0.0
,0,2022-10-05T13:10,0.0
,0,2022-10-05T14:51,0.0
,0,2022-10-05T16:33,0.0
,0,2022-10-05T18:14,0.0
,0,2022-10-05T19:56,0.0
,0,2022-10-05T21:37,0.0
,0,2022-10-05T23:19,0.0
,0,2022-10-06T01:00,0.0
,0,2022-10-06T02:42,0.0
,0,2022-10-06T04:23,0.0
,0,2022-10-06T06:05,0.0
,0,2022-10-06T07:46,0.0
,0,2022-10-06T09:28,0.0
,0,2022-10-06T11:09,0.0
,0,2022-10-06T12:51,0.0
,0,2022-10-06T14:32,0.0
,0,2022-10-06T16:14,0.0
,0,2022-10-06T17:55,0.0
,0,2022-10-06T19:37,0.0
,0,2022-10-06T21:18,0.0
,0,2022-10-06T23:00,0.0
,0,2022-10-07T00:41,0.0
,0,2022-10-07T02:23,0.0
,0,2022-10-07T04:04,0.0
,0,2022-10-07T05:46,0.0
,0,2022-10-07T07:27,0.0
,0,2022-10-07T09:09,0.0
,0,2022-10-07T10:50,0.0
,0,2022-10-07T12:32,0.0
,0,2022-10-07T14:13,0.0
,0,2022-10-07T15:55,0.0
,0,2022-10-07T17:36,0.0
,0,2022-10-07T19:17,0.0
,0,2022-10-07T20:59,0.0
,0,2022-10-07T22:40,0.0
,0,2022-10-08T00:22,0.0
,0,2022-10-08T02:03,0.0
,0,2022-10-08T03:45,0.0
,0,2022-10-08T05:26,0.0
,0,2022-10-08T07:08,0.0
,0,2022-10-08T08:49,0.0
,0,2022-10-08T10:31,0.0
,0,2022-10-08T12:12,0.0
,0,2022-10-08T13:54,0.0
,0,2022-10-08T15:35,0.0
,0,2022-10-08T17:17,0.0
,0,2022-10-08T18:58,0.0
,0,2022-10-08T20:40,0.0
,0,2022-10-08T22:21,0.0
,0,2022-10-09T00:03,0.0
,0,2022-10-09T01:44,0.0
,0,2022-10-09T03:26,0.0
,0,2022-10-09T05:07,0.0
,0,2022-10-09T06:49,0.0
2.3637837153760082e-05,147,2022-10-09T08:30,0.665158371040724
,0,2022-10-09T10:12,0.0
,0,2022-10-09T11:53,0.0
,0,2022-10-09T13:35,0.0
,0,2022-10-09T15:16,0.0
,0,2022-10-09T16:58,0.0
,0,2022-10-09T18:39,0.0
,0,2022-10-09T20:21,0.0
,0,2022-10-09T22:02,0.0
,0,2022-10-09T23:44,0.0
,0,2022-10-10T01:25,0.0
,0,2022-10-10T03:07,0.0
,0,2022-10-10T04:48,0.0
,0,2022-10-10T06:30,0.0
,0,2022-10-10T08:11,0.0
,0,2022-10-10T09:53,0.0
,0,2022-10-10T11:34,0.0
,0,2022-10-10T13:16,0.0
,0,2022-10-10T14:57,0.0
,0,2022-10-10T16:39,0.0
,0,2022-10-10T18:20,0.0
,0,2022-10-10T20:02,0.0
,0,2022-10-10T21:43,0.0
,0,2022-10-10T23:25,0.0
,0,2022-10-11T01:06,0.0
,0,2022-10-11T02:47,0.0
,0,2022-10-11T04:29,0.0
,0,2022-10-11T06:10,0.0
3.759182664867322e-05,56,2022-10-11T07:52,0.25339366515837103
,0,2022-10-11T09:33,0.0
,0,2022-10-11T11:15,0.0
,0,2022-10-11T12:56,0.0
,0,2022-10-11T14:38,0.0
,0,2022-10-11T16:19,0.0
,0,2022-10-11T18:01,0.0
,0,2022-10-11T19:42,0.0
,0,2022-10-11T21:24,0.0
,0,2022-10-11T23:05,0.0
,0,2022-10-12T00:47,0.0
,0,2022-10-12T02:28,0.0
,0,2022-10-12T04:10,0.0
,0,2022-10-12T05:51,0.0
,0,2022-10-12T07:33,0.0
,0,2022-10-12T09:14,0.0
,0,2022-10-12T10:56,0.0
,0,2022-10-12T12:37,0.0
,0,2022-10-12T14:19,0.0
,0,2022-10-12T16:00,0.0
,0,2022-10-12T17:42,0.0
,0,2022-10-12T19:23,0.0
,0,2022-10-12T21:05,0.0
,0,2022-10-12T22:46,0.0
,0,2022-10-13T00:28,0.0
,0,2022-10-13T02:09,0.0
,0,2022-10-13T03:51,0.0
,0,2022-10-13T05:32,0.0
,0,2022-10-13T07:14,0.0
,0,2022-10-13T08:55,0.0
,0,2022-10-13T10:37,0.0
,0,2022-10-13T12:18,0.0
,0,2022-10-13T14:00,0.0
,0,2022-10-13T15:41,0.0
,0,2022-10-13T17:23,0.0
,0,2022-10-13T19:04,0.0
,0,2022-10-13T20:46,0.0
,0,2022-10-13T22:27,0.0
,0,2022-10-14T00:09,0.0
,0,2022-10-14T01:50,0.0
,0,2022-10-14T03:32,0.0
,0,2022-10-14T05:13,0.0
,0,2022-10-14T06:54,0.0
,0,2022-10-14T08:36,0.0
,0,2022-10-14T10:17,0.0
,0,2022-10-14T11:59,0.0
,0,2022-10-14T13:40,0.0
,0,2022-10-14T15:22,0.0
,0,2022-10-14T17:03,0.0
,0,2022-10-14T18:45,0.0
,0,2022-10-14T20:26,0.0
,0,2022-10-14T22:08,0.0
,0,2022-10-14T23:49,0.0
,0,2022-10-15T01:31,0.0
,0,2022-10-15T03:12,0.0
,0,2022-10-15T04:54,0.0
,0,2022-10-15T06:35,0.0
3.813435031911125e-05,196,2022-10-15T08:17,0.8868778280542986
,0,2022-10-15T09:58,0.0
,0,2022-10-15T11:40,0.0
,0,2022-10-15T13:21,0.0
,0,2022-10-15T15:03,0.0
,0,2022-10-15T16:44,0.0
,0,2022-10-15T18:26,0.0
,0,2022-10-15T20:07,0.0
,0,2022-10-15T21:49,0.0
,0,2022-10-15T23:30,0.0
,0,2022-10-16T01:12,0.0
,0,2022-10-16T02:53,0.0
,0,2022-10-16T04:35,0.0
,0,2022-10-16T06:16,0.0
,0,2022-10-16T07:58,0.0
,0,2022-10-16T09:39,0.0
,0,2022-10-16T11:21,0.0
,0,2022-10-16T13:02,0.0
,0,2022-10-16T14:44,0.0
,0,2022-10-16T16:25,0.0
,0,2022-10-16T18:07,0.0
,0,2022-10-16T19:48,0.0
,0,2022-10-16T21:30,0.0
,0,2022-10-16T23:11,0.0
,0,2022-10-17T00:53,0.0
,0,2022-10-17T02:34,0.0
,0,2022-10-17T04:16,0.0
,0,2022-10-17T05:57,0.0
5.82550448219571e-05,3,2022-10-17T07:39,0.013574660633484163
,0,2022-10-17T09:20,0.0
,0,2022-10-17T11:01,0.0
,0,2022-10-17T12:43,0.0
,0,2022-10-17T14:24,0.0
,0,2022-10-17T16:06,0.0
,0,2022-10-17T17:47,0.0
,0,2022-10-17T19:29,0.0
,0,2022-10-17T21:10,0.0
,0,2022-10-17T22:52,0.0
,0,2022-10-18T00:33,0.0
,0,2022-10-18T02:15,0.0
,0,2022-10-18T03:56,0.0
,0,2022-10-18T05:38,0.0
6.001576307207709e-05,269,2022-10-18T07:19,1.2171945701357465
,0,2022-10-18T09:01,0.0
,0,2022-10-18T10:42,0.0
,0,2022-10-18T12:24,0.0
,0,2022-10-18T14:05,0.0
,0,2022-10-18T15:47,0.0
,0,2022-10-18T17:28,0.0
,0,2022-10-18T19:10,0.0
,0,2022-10-18T20:51,0.0
,0,2022-10-18T22:33,0.0
,0,2022-10-19T00:14,0.0
,0,2022-10-19T01:56,0.0
,0,2022-10-19T03:37,0.0
,0,2022-10-19T05:19,0.0
5.180497170355209e-05,231,2022-10-19T07:00,1.0452488687782806
,0,2022-10-19T08:42,0.0
,0,2022-10-19T10:23,0.0
,0,2022-10-19T12:05,0.0
,0,2022-10-19T13:46,0.0
,0,2022-10-19T15:28,0.0
,0,2022-10-19T17:09,0.0
,0,2022-10-19T18:51,0.0
,0,2022-10-19T20:32,0.0
,0,2022-10-19T22:14,0.0
,0,2022-10-19T23:55,0.0
,0,2022-10-20T01:37,0.0
,0,2022-10-20T03:18,0.0
,0,2022-10-20T05:00,0.0
,0,2022-10-20T06:41,0.0
5.2610256389419555e-05,95,2022-10-20T08:23,0.4298642533936652
,0,2022-10-20T10:04,0.0
,0,2022-10-20T11:46,0.0
,0,2022-10-20T13:27,0.0
,0,2022-10-20T15:09,0.0
,0,2022-10-20T16:50,0.0
,0,2022-10-20T18:32,0.0
,0,2022-10-20T20:13,0.0
,0,2022-10-20T21:55,0.0
,0,2022-10-20T23:36,0.0
,0,2022-10-21T01:17,0.0
,0,2022-10-21T02:59,0.0
,0,2022-10-21T04:40,0.0
,0,2022-10-21T06:22,0.0
4.900757536148934e-05,28,2022-10-21T08:03,0.12669683257918551
,0,2022-10-21T09:45,0.0
,0,2022-10-21T11:26,0.0
,0,2022-10-21T13:08,0.0
,0,2022-10-21T14:49,0.0
,0,2022-10-21T16:31,0.0
,0,2022-10-21T18:12,0.0
,0,2022-10-21T19:54,0.0
,0,2022-10-21T21:35,0.0
,0,2022-10-21T23:17,0.0
,0,2022-10-22T00:58,0.0
,0,2022-10-22T02:40,0.0
,0,2022-10-22T04:21,0.0
,0,2022-10-22T06:03,0.0
,0,2022-10-22T07:44,0.0
,0,2022-10-22T09:26,0.0
,0,2022-10-22T11:07,0.0
,0,2022-10-22T12:49,0.0
,0,2022-10-22T14:30,0.0
,0,2022-10-22T16:12,0.0
,0,2022-10-22T17:53,0.0
,0,2022-10-22T19:35,0.0
,0,2022-10-22T21:16,0.0
,0,2022-10-22T22:58,0.0
,0,2022-10-23T00:39,0.0
,0,2022-10-23T02:21,0.0
,0,2022-10-23T04:02,0.0
,0,2022-10-23T05:44,0.0
5.407832476948013e-05,269,2022-10-23T07:25,1.2171945701357465
,0,2022-10-23T09:07,0.0
,0,2022-10-23T10:48,0.0
,0,2022-10-23T12:30,0.0
,0,2022-10-23T14:11,0.0
,0,2022-10-23T15:53,0.0
,0,2022-10-23T17:34,0.0
,0,2022-10-23T19:16,0.0
,0,2022-10-23T20:57,0.0
,0,2022-10-23T22:39,0.0
,0,2022-10-24T00:20,0.0
,0,2022-10-24T02:02,0.0
,0,2022-10-24T03:43,0.0
,0,2022-10-24T05:25,0.0
4.0749881633770924e-05,269,2022-10-24T07:06,1.2171945701357465
,0,2022-10-24T08:48,0.0
,0,2022-10-24T10:29,0.0
,0,2022-10-24T12:11,0.0
,0,2022-10-24T13:52,0.0
,0,2022-10-24T15:34,0.0
,0,2022-10-24T17:15,0.0
,0,2022-10-24T18:57,0.0
,0,2022-10-24T20:38,0.0
,0,2022-10-24T22:20,0.0
,0,2022-10-25T00:01,0.0
,0,2022-10-25T01:43,0.0
,0,2022-10-25T03:24,0.0
,0,2022-10-25T05:06,0.0
,0,2022-10-25T06:47,0.0
4.653154140063885e-05,269,2022-10-25T08:29,1.2171945701357465
,0,2022-10-25T10:10,0.0
,0,2022-10-25T11:51,0.0
,0,2022-10-25T13:33,0.0
,0,2022-10-25T15:14,0.0
,0,2022-10-25T16:56,0.0
,0,2022-10-25T18:37,0.0
,0,2022-10-25T20:19,0.0
,0,2022-10-25T22:00,0.0
,0,2022-10-25T23:42,0.0
,0,2022-10-26T01:23,0.0
,0,2022-10-26T03:05,0.0
,0,2022-10-26T04:46,0.0
,0,2022-10-26T06:28,0.0
4.6016783627391e-05,269,2022-10-26T08:09,1.2171945701357465
,0,2022-10-26T09:51,0.0
,0,2022-10-26T11:32,0.0
,0,2022-10-26T13:14,0.0
,0,2022-10-26T14:55,0.0
,0,2022-10-26T16:37,0.0
,0,2022-10-26T18:18,0.0
,0,2022-10-26T20:00,0.0
,0,2022-10-26T21:41,0.0
,0,2022-10-26T23:23,0.0
,0,2022-10-27T01:04,0.0
,0,2022-10-27T02:46,0.0
,0,2022-10-27T04:27,0.0
,0,2022-10-27T06:09,0.0
5.416401456428868e-05,269,2022-10-27T07:50,1.2171945701357465
,0,2022-10-27T09:32,0.0
,0,2022-10-27T11:13,0.0
,0,2022-10-27T12:55,0.0
,0,2022-10-27T14:36,0.0
,0,2022-10-27T16:18,0.0
,0,2022-10-27T17:59,0.0
,0,2022-10-27T19:41,0.0
,0,2022-10-27T21:22,0.0
,0,2022-10-27T23:04,0.0
,0,2022-10-28T00:45,0.0
,0,2022-10-28T02:27,0.0
,0,2022-10-28T04:08,0.0
,0,2022-10-28T05:50,0.0
4.833631661404302e-05,269,2022-10-28T07:31,1.2171945701357465
,0,2022-10-28T09:13,0.0
,0,2022-10-28T10:54,0.0
,0,2022-10-28T12:36,0.0
,0,2022-10-28T14:17,0.0
,0,2022-10-28T15:59,0.0
,0,2022-10-28T17:40,0.0
,0,2022-10-28T19:22,0.0
,0,2022-10-28T21:03,0.0
,0,2022-10-28T22:45,0.0
,0,2022-10-29T00:26,0.0
,0,2022-10-29T02:08,0.0
,0,2022-10-29T03:49,0.0
,0,2022-10-29T05:31,0.0
4.734254053221387e-05,269,2022-10-29T07:12,1.2171945701357465
,0,2022-10-29T08:54,0.0
,0,2022-10-29T10:35,0.0
,0,2022-10-29T12:17,0.0
,0,2022-10-29T13:58,0.0
,0,2022-10-29T15:40,0.0
,0,2022-10-29T17:21,0.0
,0,2022-10-29T19:03,0.0
,0,2022-10-29T20:44,0.0
,0,2022-10-29T22:26,0.0
,0,2022-10-30T00:07,0.0
,0,2022-10-30T01:48,0.0
,0,2022-10-30T03:30,0.0
,0,2022-10-30T05:11,0.0
4.378062111050036e-05,269,2022-10-30T06:53,1.2171945701357465
5.531507261165799e-05,269,2022-10-30T08:34,1.2171945701357465
,0,2022-10-30T10:16,0.0
,0,2022-10-30T11:57,0.0
,0,2022-10-30T13:39,0.0
,0,2022-10-30T15:20,0.0
,0,2022-10-30T17:02,0.0
,0,2022-10-30T18:43,0.0
,0,2022-10-30T20:25,0.0
,0,2022-10-30T22:06,0.0
,0,2022-10-30T23:48,0.0
,0,2022-10-31T01:29,0.0
,0,2022-10-31T03:11,0.0
,0,2022-10-31T04:52,0.0
,0,2022-10-31T06:34,0.0
5.63884616279864e-05,269,2022-10-31T08:15,1.2171945701357465
,0,2022-10-31T09:57,0.0
,0,2022-10-31T11:38,0.0
,0,2022-10-31T13:20,0.0
,0,2022-10-31T15:01,0.0
,0,2022-10-31T16:43,0.0
,0,2022-10-31T18:24,0.0
,0,2022-10-31T20:06,0.0
,0,2022-10-31T21:47,0.0
,0,2022-10-31T23:29,0.0
,0,2022-11-01T01:10,0.0
,0,2022-11-01T02:52,0.0
,0,2022-11-01T04:33,0.0
,0,2022-11-01T06:15,0.0
5.7809447383166885e-05,269,2022-11-01T07:56,1.2171945701357465
,0,2022-11-01T09:38,0.0
,0,2022-11-01T11:19,0.0
,0,2022-11-01T13:01,0.0
,0,2022-11-01T14:42,0.0
,0,2022-11-01T16:24,0.0
,0,2022-11-01T18:05,0.0
,0,2022-11-01T19:47,0.0
,0,2022-11-01T21:28,0.0
,0,2022-11-01T23:10,0.0
,0,2022-11-02T00:51,0.0
,0,2022-11-02T02:33,0.0
,0,2022-11-02T04:14,0.0
,0,2022-11-02T05:56,0.0
6.034044682637512e-05,269,2022-11-02T07:37,1.2171945701357465
,0,2022-11-02T09:19,0.0
,0,2022-11-02T11:00,0.0
,0,2022-11-02T12:42,0.0
,0,2022-11-02T14:23,0.0
,0,2022-11-02T16:05,0.0
,0,2022-11-02T17:46,0.0
,0,2022-11-02T19:28,0.0
,0,2022-11-02T21:09,0.0
,0,2022-11-02T22:51,0.0
,0,2022-11-03T00:32,0.0
,0,2022-11-03T02:14,0.0
,0,2022-11-03T03:55,0.0
,0,2022-11-03T05:37,0.0
5.765661883008583e-05,269,2022-11-03T07:18,1.2171945701357465
,0,2022-11-03T09:00,0.0
,0,2022-11-03T10:41,0.0
,0,2022-11-03T12:23,0.0
,0,2022-11-03T14:04,0.0
,0,2022-11-03T15:46,0.0
,0,2022-11-03T17:27,0.0
,0,2022-11-03T19:09,0.0
,0,2022-11-03T20:50,0.0
,0,2022-11-03T22:31,0.0
,0,2022-11-04T00:13,0.0
,0,2022-11-04T01:54,0.0
,0,2022-11-04T03:36,0.0
,0,2022-11-04T05:17,0.0
4.707915264063232e-05,269,2022-11-04T06:59,1.2171945701357465
,0,2022-11-04T08:40,0.0
,0,2022-11-04T10:22,0.0
,0,2022-11-04T12:03,0.0
,0,2022-11-04T13:45,0.0
,0,2022-11-04T15:26,0.0
,0,2022-11-04T17:08,0.0
,0,2022-11-04T18:49,0.0
,0,2022-11-04T20:31,0.0
,0,2022-11-04T22:12,0.0
,0,2022-11-04T23:54,0.0
,0,2022-11-05T01:35,0.0
,0,2022-11-05T03:17,0.0
,0,2022-11-05T04:58,0.0
,0,2022-11-05T06:40,0.0
6.53236544036557e-05,269,2022-11-05T08:21,1.2171945701357465
,0,2022-11-05T10:03,0.0
,0,2022-11-05T11:44,0.0
,0,2022-11-05T13:26,0.0
,0,2022-11-05T15:07,0.0
,0,2022-11-05T16:49,0.0
,0,2022-11-05T18:30,0.0
,0,2022-11-05T20:12,0.0
,0,2022-11-05T21:53,0.0
,0,2022-11-05T23:35,0.0
,0,2022-11-06T01:16,0.0
,0,2022-11-06T02:58,0.0
,0,2022-11-06T04:39,0.0
,0,2022-11-06T06:21,0.0
6.409576094366584e-05,269,2022-11-06T08:02,1.2171945701357465
,0,2022-11-06T09:44,0.0
,0,2022-11-06T11:25,0.0
,0,2022-11-06T13:07,0.0
,0,2022-11-06T14:48,0.0
,0,2022-11-06T16:30,0.0
,0,2022-11-06T18:11,0.0
,0,2022-11-06T19:53,0.0
,0,2022-11-06T21:34,0.0
,0,2022-11-06T23:16,0.0
,0,2022-11-07T00:57,0.0
,0,2022-11-07T02:39,0.0
,0,2022-11-07T04:20,0.0
,0,2022-11-07T06:02,0.0
6.402092098928702e-05,269,2022-11-07T07:43,1.2171945701357465
,0,2022-11-07T09:25,0.0
,0,2022-11-07T11:06,0.0
,0,2022-11-07T12:48,0.0
,0,2022-11-07T14:29,0.0
,0,2022-11-07T16:11,0.0
,0,2022-11-07T17:52,0.0
,0,2022-11-07T19:34,0.0
,0,2022-11-07T21:15,0.0
,0,2022-11-07T22:57,0.0
,0,2022-11-08T00:38,0.0
,0,2022-11-08T02:20,0.0
,0,2022-11-08T04:01,0.0
,0,2022-11-08T05:43,0.0
6.265503537990505e-05,122,2022-11-08T07:24,0.5520361990950227
,0,2022-11-08T09:06,0.0
,0,2022-11-08T10:47,0.0
,0,2022-11-08T12:29,0.0
,0,2022-11-08T14:10,0.0
,0,2022-11-08T15:52,0.0
,0,2022-11-08T17:33,0.0
,0,2022-11-08T19:15,0.0
,0,2022-11-08T20:56,0.0
,0,2022-11-08T22:37,0.0
,0,2022-11-09T00:19,0.0
,0,2022-11-09T02:00,0.0
,0,2022-11-09T03:42,0.0
,0,2022-11-09T05:23,0.0
6.8147411081852e-05,269,2022-11-09T07:05,1.2171945701357465
,0,2022-11-09T08:46,0.0
,0,2022-11-09T10:28,0.0
,0,2022-11-09T12:09,0.0
,0,2022-11-09T13:51,0.0
,0,2022-11-09T15:32,0.0
,0,2022-11-09T17:14,0.0
,0,2022-11-09T18:55,0.0
,0,2022-11-09T20:37,0.0
,0,2022-11-09T22:18,0.0
,0,2022-11-10T00:00,0.0
,0,2022-11-10T01:41,0.0
,0,2022-11-10T03:23,0.0
,0,2022-11-10T05:04,0.0
,0,2022-11-10T06:46,0.0
6.376528336176001e-05,269,2022-11-10T08:27,1.2171945701357465
,0,2022-11-10T10:09,0.0
,0,2022-11-10T11:50,0.0
,0,2022-11-10T13:32,0.0
,0,2022-11-10T15:13,0.0
,0,2022-11-10T16:55,0.0
,0,2022-11-10T18:36,0.0
,0,2022-11-10T20:18,0.0
,0,2022-11-10T21:59,0.0
,0,2022-11-10T23:41,0.0
,0,2022-11-11T01:22,0.0
,0,2022-11-11T03:04,0.0
,0,2022-11-11T04:45,0.0
,0,2022-11-11T06:27,0.0
5.6874256144297096e-05,269,2022-11-11T08:08,1.2171945701357465
,0,2022-11-11T09:50,0.0
,0,2022-11-11T11:31,0.0
,0,2022-11-11T13:13,0.0
,0,2022-11-11T14:54,0.0
,0,2022-11-11T16:36,0.0
,0,2022-11-11T18:17,0.0
,0,2022-11-11T19:59,0.0
,0,2022-11-11T21:40,0.0
,0,2022-11-11T23:22,0.0
,0,2022-11-12T01:03,0.0
,0,2022-11-12T02:45,0.0
,0,2022-11-12T04:26,0.0
,0,2022-11-12T06:08,0.0
5.4122163696977686e-05,269,2022-11-12T07:49,1.2171945701357465
,0,2022-11-12T09:31,0.0
,0,2022-11-12T11:12,0.0
,0,2022-11-12T12:54,0.0
,0,2022-11-12T14:35,0.0
,0,2022-11-12T16:17,0.0
,0,2022-11-12T17:58,0.0
,0,2022-11-12T19:40,0.0
,0,2022-11-12T21:21,0.0
,0,2022-11-12T23:03,0.0
,0,2022-11-13T00:44,0.0
,0,2022-11-13T02:26,0.0
,0,2022-11-13T04:07,0.0
,0,2022-11-13T05:49,0.0
6.334759579592985e-05,269,2022-11-13T07:30,1.2171945701357465
,0,2022-11-13T09:12,0.0
,0,2022-11-13T10:53,0.0
,0,2022-11-13T12:35,0.0
,0,2022-11-13T14:16,0.0
,0,2022-11-13T15:58,0.0
,0,2022-11-13T17:39,0.0
,0,2022-11-13T19:21,0.0
,0,2022-11-13T21:02,0.0
,0,2022-11-13T22:44,0.0
,0,2022-11-14T00:25,0.0
,0,2022-11-14T02:06,0.0
,0,2022-11-14T03:48,0.0
,0,2022-11-14T05:29,0.0
6.098841517447216e-05,269,2022-11-14T07:11,1.2171945701357465
,0,2022-11-14T08:52,0.0
,0,2022-11-14T10:34,0.0
,0,2022-11-14T12:15,0.0
,0,2022-11-14T13:57,0.0
,0,2022-11-14T15:38,0.0
,0,2022-11-14T17:20,0.0
,0,2022-11-14T19:01,0.0
,0,2022-11-14T20:43,0.0
,0,2022-11-14T22:24,0.0
,0,2022-11-15T00:06,0.0
,0,2022-11-15T01:47,0.0
,0,2022-11-15T03:29,0.0
,0,2022-11-15T05:10,0.0
5.880540437682727e-05,269,2022-11-15T06:52,1.2171945701357465
9.083065413132286e-05,269,2022-11-15T08:33,1.2171945701357465
,0,2022-11-15T10:15,0.0
,0,2022-11-15T11:56,0.0
,0,2022-11-15T13:38,0.0
,0,2022-11-15T15:19,0.0
,0,2022-11-15T17:01,0.0
,0,2022-11-15T18:42,0.0
,0,2022-11-15T20:24,0.0
,0,2022-11-15T22:05,0.0
,0,2022-11-15T23:47,0.0
,0,2022-11-16T01:28,0.0
,0,2022-11-16T03:10,0.0
,0,2022-11-16T04:51,0.0
,0,2022-11-16T06:33,0.0
7.883358720675408e-05,269,2022-11-16T08:14,1.2171945701357465
,0,2022-11-16T09:56,0.0
,0,2022-11-16T11:37,0.0
,0,2022-11-16T13:19,0.0
,0,2022-11-16T15:00,0.0
,0,2022-11-16T16:42,0.0
,0,2022-11-16T18:23,0.0
,0,2022-11-16T20:05,0.0
,0,2022-11-16T21:46,0.0
,0,2022-11-16T23:28,0.0
,0,2022-11-17T01:09,0.0
,0,2022-11-17T02:51,0.0
,0,2022-11-17T04:32,0.0
,0,2022-11-17T06:14,0.0
7.254487303471508e-05,269,2022-11-17T07:55,1.2171945701357465
,0,2022-11-17T09:37,0.0
,0,2022-11-17T11:18,0.0
,0,2022-11-17T13:00,0.0
,0,2022-11-17T14:41,0.0
,0,2022-11-17T16:23,0.0
,0,2022-11-17T18:04,0.0
,0,2022-11-17T19:46,0.0
,0,2022-11-17T21:27,0.0
,0,2022-11-17T23:09,0.0
,0,2022-11-18T00:50,0.0
,0,2022-11-18T02:32,0.0
,0,2022-11-18T04:13,0.0
,0,2022-11-18T05:55,0.0
8.039160771400028e-05,269,2022-11-18T07:36,1.2171945701357465
,0,2022-11-18T09:18,0.0
,0,2022-11-18T10:59,0.0
,0,2022-11-18T12:41,0.0
,0,2022-11-18T14:22,0.0
,0,2022-11-18T16:04,0.0
,0,2022-11-18T17:45,0.0
,0,2022-11-18T19:27,0.0
,0,2022-11-18T21:08,0.0
,0,2022-11-18T22:50,0.0
,0,2022-11-19T00:31,0.0
,0,2022-11-19T02:13,0.0
,0,2022-11-19T03:54,0.0
,0,2022-11-19T05:36,0.0
4.986969212902401e-05,269,2022-11-19T07:17,1.2171945701357465
,0,2022-11-19T08:59,0.0
,0,2022-11-19T10:40,0.0
,0,2022-11-19T12:22,0.0
,0,2022-11-19T14:03,0.0
,0,2022-11-19T15:45,0.0
,0,2022-11-19T17:26,0.0
,0,2022-11-19T19:08,0.0
,0,2022-11-19T20:49,0.0
,0,2022-11-19T22:31,0.0
,0,2022-11-20T00:12,0.0
,0,2022-11-20T01:53,0.0
,0,2022-11-20T03:35,0.0
,0,2022-11-20T05:16,0.0
6.40428625077285e-05,269,2022-11-20T06:58,1.2171945701357465
,0,2022-11-20T08:39,0.0
,0,2022-11-20T10:21,0.0
,0,2022-11-20T12:02,0.0
,0,2022-11-20T13:44,0.0
,0,2022-11-20T15:25,0.0
,0,2022-11-20T17:07,0.0
,0,2022-11-20T18:48,0.0
,0,2022-11-20T20:30,0.0
,0,2022-11-20T22:11,0.0
,0,2022-11-20T23:53,0.0
,0,2022-11-21T01:34,0.0
,0,2022-11-21T03:16,0.0
,0,2022-11-21T04:57,0.0
,0,2022-11-21T06:39,0.0
8.345120659783853e-05,269,2022-11-21T08:20,1.2171945701357465
,0,2022-11-21T10:02,0.0
,0,2022-11-21T11:43,0.0
,0,2022-11-21T13:25,0.0
,0,2022-11-21T15:06,0.0
,0,2022-11-21T16:48,0.0
,0,2022-11-21T18:29,0.0
,0,2022-11-21T20:11,0.0
,0,2022-11-21T21:52,0.0
,0,2022-11-21T23:34,0.0
,0,2022-11-22T01:15,0.0
,0,2022-11-22T02:57,0.0
,0,2022-11-22T04:38,0.0
,0,2022-11-22T06:20,0.0
8.72442028343616e-05,269,2022-11-22T08:01,1.2171945701357465
,0,2022-11-22T09:43,0.0
,0,2022-11-22T11:24,0.0
,0,2022-11-22T13:06,0.0
,0,2022-11-22T14:47,0.0
,0,2022-11-22T16:29,0.0
,0,2022-11-22T18:10,0.0
,0,2022-11-22T19:52,0.0
,0,2022-11-22T22:21,0.0
,0,2022-11-22T23:15,0.0
,0,2022-11-23T00:56,0.0
,0,2022-11-23T02:38,0.0
,0,2022-11-23T04:19,0.0
,0,2022-11-23T06:01,0.0
8.793888115012502e-05,269,2022-11-23T07:42,1.2171945701357465
,0,2022-11-23T09:24,0.0
,0,2022-11-23T11:05,0.0
,0,2022-11-23T12:47,0.0
,0,2022-11-23T14:28,0.0
,0,2022-11-23T16:10,0.0
,0,2022-11-23T17:51,0.0
,0,2022-11-23T19:33,0.0
,0,2022-11-23T21:14,0.0
,0,2022-11-23T22:56,0.0
,0,2022-11-24T00:37,0.0
,0,2022-11-24T02:19,0.0
,0,2022-11-24T04:00,0.0
,0,2022-11-24T05:42,0.0
8.063723283996787e-05,269,2022-11-24T07:23,1.2171945701357465
,0,2022-11-24T09:05,0.0
,0,2022-11-24T10:46,0.0
,0,2022-11-24T12:28,0.0
,0,2022-11-24T14:09,0.0
,0,2022-11-24T15:51,0.0
,0,2022-11-24T17:32,0.0
,0,2022-11-24T19:14,0.0
,0,2022-11-24T20:55,0.0
,0,2022-11-24T22:37,0.0
,0,2022-11-25T00:18,0.0
,0,2022-11-25T02:00,0.0
,0,2022-11-25T03:41,0.0
,0,2022-11-25T05:23,0.0
,0,2022-11-25T07:04,0.0
,0,2022-11-25T08:46,0.0
,0,2022-11-25T10:27,0.0
,0,2022-11-25T12:09,0.0
,0,2022-11-25T13:50,0.0
,0,2022-11-25T15:32,0.0
,0,2022-11-25T17:13,0.0
,0,2022-11-25T18:55,0.0
,0,2022-11-25T20:36,0.0
,0,2022-11-25T22:18,0.0
,0,2022-11-25T23:59,0.0
,0,2022-11-26T01:41,0.0
,0,2022-11-26T03:22,0.0
,0,2022-11-26T05:04,0.0
,0,2022-11-26T06:45,0.0
,0,2022-11-26T08:26,0.0
,0,2022-11-26T10:08,0.0
,0,2022-11-26T11:49,0.0
,0,2022-11-26T13:31,0.0
,0,2022-11-26T15:12,0.0
,0,2022-11-26T16:54,0.0
,0,2022-11-26T18:35,0.0
,0,2022-11-26T20:17,0.0
,0,2022-11-26T21:58,0.0
,0,2022-11-26T23:40,0.0
,0,2022-11-27T01:21,0.0
,0,2022-11-27T03:03,0.0
,0,2022-11-27T04:44,0.0
,0,2022-11-27T06:26,0.0
8.0866077518339e-05,83,2022-11-27T08:07,0.3755656108597285
,0,2022-11-27T09:49,0.0
,0,2022-11-27T11:30,0.0
,0,2022-11-27T13:12,0.0
,0,2022-11-27T14:53,0.0
,0,2022-11-27T16:35,0.0
,0,2022-11-27T18:16,0.0
,0,2022-11-27T19:58,0.0
,0,2022-11-27T21:39,0.0
,0,2022-11-27T23:21,0.0
,0,2022-11-28T01:02,0.0
,0,2022-11-28T02:44,0.0
,0,2022-11-28T04:25,0.0
,0,2022-11-28T06:07,0.0
7.491876465401468e-05,269,2022-11-28T07:48,1.2171945701357465
,0,2022-11-28T09:30,0.0
,0,2022-11-28T11:11,0.0
,0,2022-11-28T12:53,0.0
,0,2022-11-28T14:34,0.0
,0,2022-11-28T16:16,0.0
,0,2022-11-28T17:57,0.0
,0,2022-11-28T19:39,0.0
,0,2022-11-28T21:20,0.0
,0,2022-11-28T23:02,0.0
,0,2022-11-29T00:43,0.0
,0,2022-11-29T02:25,0.0
,0,2022-11-29T04:06,0.0
,0,2022-11-29T05:48,0.0
8.725974673191617e-05,269,2022-11-29T07:29,1.2171945701357465
,0,2022-11-29T09:11,0.0
,0,2022-11-29T10:52,0.0
,0,2022-11-29T12:34,0.0
,0,2022-11-29T14:15,0.0
,0,2022-11-29T15:57,0.0
,0,2022-11-29T17:38,0.0
,0,2022-11-29T19:20,0.0
,0,2022-11-29T21:01,0.0
,0,2022-11-29T22:43,0.0
,0,2022-11-30T00:24,0.0
,0,2022-11-30T02:06,0.0
,0,2022-11-30T03:47,0.0
,0,2022-11-30T05:29,0.0
6.312521997817934e-05,269,2022-11-30T07:10,1.2171945701357465
,0,2022-11-30T08:52,0.0
,0,2022-11-30T10:33,0.0
,0,2022-11-30T12:15,0.0
,0,2022-11-30T13:56,0.0
,0,2022-11-30T15:38,0.0
,0,2022-11-30T17:19,0.0
,0,2022-11-30T19:01,0.0
,0,2022-11-30T20:42,0.0
,0,2022-11-30T22:24,0.0
,0,2022-12-01T00:05,0.0
,0,2022-12-01T01:47,0.0
,0,2022-12-01T03:28,0.0
,0,2022-12-01T05:10,0.0
6.480680092856208e-05,269,2022-12-01T06:51,1.2171945701357465
8.532028581193493e-05,269,2022-12-01T08:33,1.2171945701357465
,0,2022-12-01T10:14,0.0
,0,2022-12-01T11:56,0.0
,0,2022-12-01T13:37,0.0
,0,2022-12-01T15:19,0.0
,0,2022-12-01T17:00,0.0
,0,2022-12-01T18:42,0.0
,0,2022-12-01T20:23,0.0
,0,2022-12-01T22:05,0.0
,0,2022-12-01T23:46,0.0
,0,2022-12-02T01:28,0.0
,0,2022-12-02T03:09,0.0
,0,2022-12-02T04:51,0.0
,0,2022-12-02T06:32,0.0
0.0001073395073650066,269,2022-12-02T08:14,1.2171945701357465
,0,2022-12-02T09:55,0.0
,0,2022-12-02T11:37,0.0
,0,2022-12-02T13:18,0.0
,0,2022-12-02T15:00,0.0
,0,2022-12-02T16:41,0.0
,0,2022-12-02T18:23,0.0
,0,2022-12-02T20:04,0.0
,0,2022-12-02T21:46,0.0
,0,2022-12-02T23:27,0.0
,0,2022-12-03T02:50,0.0
,0,2022-12-03T04:32,0.0
,0,2022-12-03T06:13,0.0
8.854980626233205e-05,269,2022-12-03T07:55,1.2171945701357465
,0,2022-12-03T09:36,0.0
,0,2022-12-03T11:18,0.0
,0,2022-12-03T12:59,0.0
,0,2022-12-03T14:41,0.0
,0,2022-12-03T16:22,0.0
,0,2022-12-03T18:04,0.0
,0,2022-12-03T19:45,0.0
,0,2022-12-03T21:27,0.0
,0,2022-12-03T23:08,0.0
,0,2022-12-04T00:50,0.0
,0,2022-12-04T02:31,0.0
,0,2022-12-04T04:13,0.0
,0,2022-12-04T05:54,0.0
6.658204930536504e-05,136,2022-12-04T07:36,0.6153846153846154
,0,2022-12-04T09:17,0.0
,0,2022-12-04T10:59,0.0
,0,2022-12-04T12:40,0.0
,0,2022-12-04T14:21,0.0
,0,2022-12-04T16:03,0.0
,0,2022-12-04T17:44,0.0
,0,2022-12-04T19:26,0.0
,0,2022-12-04T21:08,0.0
,0,2022-12-04T22:49,0.0
,0,2022-12-05T00:31,0.0
,0,2022-12-05T02:12,0.0
,0,2022-12-05T03:53,0.0
,0,2022-12-05T05:35,0.0
6.415056574940184e-05,145,2022-12-05T07:16,0.6561085972850679
,0,2022-12-05T08:58,0.0
,0,2022-12-05T10:39,0.0
,0,2022-12-05T12:21,0.0
,0,2022-12-05T14:02,0.0
,0,2022-12-05T15:44,0.0
,0,2022-12-05T17:25,0.0
,0,2022-12-05T19:07,0.0
,0,2022-12-05T20:48,0.0
,0,2022-12-05T22:30,0.0
,0,2022-12-06T00:11,0.0
,0,2022-12-06T01:53,0.0
,0,2022-12-06T03:34,0.0
,0,2022-12-06T05:16,0.0
,0,2022-12-06T06:57,0.0
,0,2022-12-06T08:39,0.0
,0,2022-12-06T10:20,0.0
,0,2022-12-06T12:02,0.0
,0,2022-12-06T13:43,0.0
,0,2022-12-06T15:25,0.0
,0,2022-12-06T17:06,0.0
,0,2022-12-06T18:48,0.0
,0,2022-12-06T20:29,0.0
,0,2022-12-06T22:11,0.0
,0,2022-12-06T23:52,0.0
,0,2022-12-07T01:34,0.0
,0,2022-12-07T03:15,0.0
,0,2022-12-07T04:57,0.0
,0,2022-12-07T06:38,0.0
9.504388705655137e-05,269,2022-12-07T08:20,1.2171945701357465
,0,2022-12-07T10:01,0.0
,0,2022-12-07T11:43,0.0
,0,2022-12-07T13:24,0.0
,0,2022-12-07T15:06,0.0
,0,2022-12-07T16:47,0.0
,0,2022-12-07T18:29,0.0
,0,2022-12-07T20:10,0.0
,0,2022-12-07T21:52,0.0
,0,2022-12-07T23:33,0.0
,0,2022-12-08T01:15,0.0
,0,2022-12-08T02:56,0.0
,0,2022-12-08T04:38,0.0
,0,2022-12-08T06:19,0.0
8.981357866656395e-05,103,2022-12-08T08:01,0.4660633484162896
,0,2022-12-08T09:42,0.0
,0,2022-12-08T11:24,0.0
,0,2022-12-08T13:05,0.0
,0,2022-12-08T14:47,0.0
,0,2022-12-08T16:28,0.0
,0,2022-12-08T18:10,0.0
,0,2022-12-08T19:51,0.0
,0,2022-12-08T21:33,0.0
,0,2022-12-08T23:14,0.0
,0,2022-12-09T00:56,0.0
,0,2022-12-09T02:37,0.0
,0,2022-12-09T04:19,0.0
,0,2022-12-09T06:00,0.0
6.65963821520243e-05,269,2022-12-09T07:42,1.2171945701357465
,0,2022-12-09T09:23,0.0
,0,2022-12-09T11:05,0.0
,0,2022-12-09T12:46,0.0
,0,2022-12-09T14:28,0.0
,0,2022-12-09T16:09,0.0
,0,2022-12-09T17:51,0.0
,0,2022-12-09T19:32,0.0
,0,2022-12-09T21:14,0.0
,0,2022-12-09T22:55,0.0
,0,2022-12-10T00:37,0.0
,0,2022-12-10T02:18,0.0
,0,2022-12-10T04:00,0.0
,0,2022-12-10T05:41,0.0
9.597385230919273e-05,269,2022-12-10T07:23,1.2171945701357465
,0,2022-12-10T09:04,0.0
,0,2022-12-10T10:46,0.0
,0,2022-12-10T12:27,0.0
,0,2022-12-10T14:09,0.0
,0,2022-12-10T15:50,0.0
,0,2022-12-10T17:32,0.0
,0,2022-12-10T19:13,0.0
,0,2022-12-10T20:55,0.0
,0,2022-12-10T22:36,0.0
,0,2022-12-11T00:18,0.0
,0,2022-12-11T01:59,0.0
,0,2022-12-11T03:41,0.0
,0,2022-12-11T05:22,0.0
5.272748497795865e-05,269,2022-12-11T07:04,1.2171945701357465
,0,2022-12-11T08:45,0.0
,0,2022-12-11T10:27,0.0
,0,2022-12-11T12:08,0.0
,0,2022-12-11T13:50,0.0
,0,2022-12-11T15:31,0.0
,0,2022-12-11T17:13,0.0
,0,2022-12-11T18:54,0.0
,0,2022-12-11T20:36,0.0
,0,2022-12-11T22:17,0.0
,0,2022-12-11T23:59,0.0
,0,2022-12-12T01:40,0.0
,0,2022-12-12T03:22,0.0
,0,2022-12-12T05:03,0.0
,0,2022-12-12T06:45,0.0
,0,2022-12-12T08:26,0.0
,0,2022-12-12T10:08,0.0
,0,2022-12-12T11:49,0.0
,0,2022-12-12T13:31,0.0
,0,2022-12-12T15:12,0.0
,0,2022-12-12T16:54,0.0
,0,2022-12-12T18:35,0.0
,0,2022-12-12T20:17,0.0
,0,2022-12-12T21:58,0.0
,0,2022-12-12T23:40,0.0
,0,2022-12-13T01:21,0.0
,0,2022-12-13T03:03,0.0
,0,2022-12-13T04:44,0.0
,0,2022-12-13T06:26,0.0
,0,2022-12-13T08:07,0.0
,0,2022-12-13T09:49,0.0
,0,2022-12-13T11:30,0.0
,0,2022-12-13T13:12,0.0
,0,2022-12-13T14:53,0.0
,0,2022-12-13T16:35,0.0
,0,2022-12-13T18:16,0.0
,0,2022-12-13T19:58,0.0
,0,2022-12-13T21:39,0.0
,0,2022-12-13T23:21,0.0
,0,2022-12-14T01:02,0.0
,0,2022-12-14T02:44,0.0
,0,2022-12-14T04:25,0.0
,0,2022-12-14T06:07,0.0
3.623357438691201e-05,118,2022-12-14T07:48,0.5339366515837104
,0,2022-12-14T09:30,0.0
,0,2022-12-14T11:11,0.0
,0,2022-12-14T12:53,0.0
,0,2022-12-14T14:34,0.0
,0,2022-12-14T16:16,0.0
,0,2022-12-14T17:57,0.0
,0,2022-12-14T19:39,0.0
,0,2022-12-14T21:20,0.0
,0,2022-12-14T23:02,0.0
,0,2022-12-15T00:43,0.0
,0,2022-12-15T02:25,0.0
,0,2022-12-15T04:06,0.0
,0,2022-12-15T05:48,0.0
5.315057701252789e-05,237,2022-12-15T07:29,1.0723981900452488
,0,2022-12-15T09:11,0.0
,0,2022-12-15T10:52,0.0
,0,2022-12-15T12:34,0.0
,0,2022-12-15T14:15,0.0
,0,2022-12-15T15:57,0.0
,0,2022-12-15T17:38,0.0
,0,2022-12-15T19:20,0.0
,0,2022-12-15T21:01,0.0
,0,2022-12-15T22:43,0.0
,0,2022-12-16T00:24,0.0
,0,2022-12-16T02:06,0.0
,0,2022-12-16T03:47,0.0
,0,2022-12-16T05:29,0.0
6.263941441736167e-05,269,2022-12-16T07:10,1.2171945701357465
,0,2022-12-16T08:52,0.0
,0,2022-12-16T10:33,0.0
,0,2022-12-16T12:15,0.0
,0,2022-12-16T13:56,0.0
,0,2022-12-16T15:38,0.0
,0,2022-12-16T17:19,0.0
,0,2022-12-16T19:01,0.0
,0,2022-12-16T20:42,0.0
,0,2022-12-16T22:24,0.0
,0,2022-12-17T00:05,0.0
,0,2022-12-17T01:47,0.0
,0,2022-12-17T03:28,0.0
,0,2022-12-17T05:10,0.0
,0,2022-12-17T06:51,0.0
6.601582962084019e-05,65,2022-12-17T08:33,0.29411764705882354
,0,2022-12-17T10:14,0.0
,0,2022-12-17T11:56,0.0
,0,2022-12-17T13:37,0.0
,0,2022-12-17T15:19,0.0
,0,2022-12-17T17:00,0.0
,0,2022-12-17T18:42,0.0
,0,2022-12-17T20:23,0.0
,0,2022-12-17T22:05,0.0
,0,2022-12-17T23:46,0.0
,0,2022-12-18T01:28,0.0
,0,2022-12-18T03:09,0.0
,0,2022-12-18T04:50,0.0
,0,2022-12-18T06:32,0.0
5.706457809159003e-05,165,2022-12-18T08:13,0.746606334841629
,0,2022-12-18T09:55,0.0
,0,2022-12-18T11:36,0.0
,0,2022-12-18T13:18,0.0
,0,2022-12-18T14:59,0.0
,0,2022-12-18T16:41,0.0
,0,2022-12-18T18:22,0.0
,0,2022-12-18T20:04,0.0
,0,2022-12-18T21:45,0.0
,0,2022-12-18T23:27,0.0
,0,2022-12-19T01:08,0.0
,0,2022-12-19T02:50,0.0
,0,2022-12-19T04:31,0.0
,0,2022-12-19T06:13,0.0
6.1204541227782e-05,269,2022-12-19T07:54,1.2171945701357465
,0,2022-12-19T09:36,0.0
,0,2022-12-19T11:17,0.0
,0,2022-12-19T12:59,0.0
,0,2022-12-19T14:40,0.0
,0,2022-12-19T16:22,0.0
,0,2022-12-19T18:03,0.0
,0,2022-12-19T19:45,0.0
,0,2022-12-19T21:26,0.0
,0,2022-12-19T23:08,0.0
,0,2022-12-20T00:49,0.0
,0,2022-12-20T02:31,0.0
,0,2022-12-20T04:12,0.0
,0,2022-12-20T05:54,0.0
8.043751331350592e-05,269,2022-12-20T07:35,1.2171945701357465
,0,2022-12-20T09:17,0.0
,0,2022-12-20T10:58,0.0
,0,2022-12-20T12:40,0.0
,0,2022-12-20T14:21,0.0
,0,2022-12-20T16:03,0.0
,0,2022-12-20T17:44,0.0
,0,2022-12-20T19:26,0.0
,0,2022-12-20T21:07,0.0
,0,2022-12-20T22:49,0.0
,0,2022-12-21T00:30,0.0
,0,2022-12-21T02:12,0.0
,0,2022-12-21T03:53,0.0
,0,2022-12-21T05:35,0.0
8.926649885634348e-05,269,2022-12-21T07:16,1.2171945701357465
,0,2022-12-21T08:58,0.0
,0,2022-12-21T10:39,0.0
,0,2022-12-21T12:21,0.0
,0,2022-12-21T14:02,0.0
,0,2022-12-21T15:44,0.0
,0,2022-12-21T17:25,0.0
,0,2022-12-21T19:07,0.0
,0,2022-12-21T20:48,0.0
,0,2022-12-21T22:30,0.0
,0,2022-12-22T00:11,0.0
,0,2022-12-22T01:53,0.0
,0,2022-12-22T03:34,0.0
,0,2022-12-22T05:16,0.0
6.91584916658773e-05,269,2022-12-22T06:57,1.2171945701357465
,0,2022-12-22T08:39,0.0
,0,2022-12-22T10:20,0.0
,0,2022-12-22T12:02,0.0
,0,2022-12-22T13:43,0.0
,0,2022-12-22T15:25,0.0
,0,2022-12-22T17:06,0.0
,0,2022-12-22T18:48,0.0
,0,2022-12-22T20:29,0.0
,0,2022-12-22T22:11,0.0
,0,2022-12-22T23:52,0.0
,0,2022-12-23T01:34,0.0
,0,2022-12-23T03:15,0.0
,0,2022-12-23T04:57,0.0
,0,2022-12-23T06:38,0.0
7.942570655259907e-05,269,2022-12-23T08:20,1.2171945701357465
,0,2022-12-23T10:01,0.0
,0,2022-12-23T11:43,0.0
,0,2022-12-23T13:24,0.0
,0,2022-12-23T15:06,0.0
,0,2022-12-23T16:47,0.0
,0,2022-12-23T18:29,0.0
,0,2022-12-23T20:10,0.0
,0,2022-12-23T21:52,0.0
,0,2022-12-23T23:33,0.0
,0,2022-12-24T01:15,0.0
,0,2022-12-24T02:56,0.0
,0,2022-12-24T04:38,0.0
,0,2022-12-24T06:19,0.0
7.398720157236411e-05,269,2022-12-24T08:01,1.2171945701357465
,0,2022-12-24T09:42,0.0
,0,2022-12-24T11:24,0.0
,0,2022-12-24T13:05,0.0
,0,2022-12-24T14:47,0.0
,0,2022-12-24T16:28,0.0
,0,2022-12-24T18:10,0.0
,0,2022-12-24T19:51,0.0
,0,2022-12-24T21:33,0.0
,0,2022-12-24T23:14,0.0
,0,2022-12-25T00:56,0.0
,0,2022-12-25T02:37,0.0
,0,2022-12-25T04:19,0.0
,0,2022-12-25T06:00,0.0
5.416622763767959e-05,269,2022-12-25T07:42,1.2171945701357465
,0,2022-12-25T09:23,0.0
,0,2022-12-25T11:05,0.0
,0,2022-12-25T12:46,0.0
,0,2022-12-25T14:28,0.0
,0,2022-12-25T16:09,0.0
,0,2022-12-25T17:51,0.0
,0,2022-12-25T19:32,0.0
,0,2022-12-25T21:14,0.0
,0,2022-12-25T22:55,0.0
,0,2022-12-26T00:37,0.0
,0,2022-12-26T02:18,0.0
,0,2022-12-26T04:00,0.0
,0,2022-12-26T05:41,0.0
0.00013285676243553906,269,2022-12-26T07:23,1.2171945701357465
,0,2022-12-26T09:04,0.0
,0,2022-12-26T10:46,0.0
,0,2022-12-26T12:27,0.0
,0,2022-12-26T14:09,0.0
,0,2022-12-26T15:50,0.0
,0,2022-12-26T17:32,0.0
,0,2022-12-26T19:13,0.0
,0,2022-12-26T20:55,0.0
,0,2022-12-26T22:36,0.0
,0,2022-12-27T00:18,0.0
,0,2022-12-27T01:59,0.0
,0,2022-12-27T03:41,0.0
,0,2022-12-27T05:22,0.0
0.0001070044496799961,158,2022-12-27T07:04,0.7149321266968326
,0,2022-12-27T08:45,0.0
,0,2022-12-27T10:27,0.0
,0,2022-12-27T12:08,0.0
,0,2022-12-27T13:50,0.0
,0,2022-12-27T15:31,0.0
,0,2022-12-27T17:13,0.0
,0,2022-12-27T18:54,0.0
,0,2022-12-27T20:36,0.0
,0,2022-12-27T22:17,0.0
,0,2022-12-27T23:59,0.0
,0,2022-12-28T01:40,0.0
,0,2022-12-28T03:22,0.0
,0,2022-12-28T05:03,0.0
,0,2022-12-28T06:45,0.0
8.902750272256605e-05,269,2022-12-28T08:26,1.2171945701357465
,0,2022-12-28T10:08,0.0
,0,2022-12-28T11:49,0.0
,0,2022-12-28T13:31,0.0
,0,2022-12-28T15:12,0.0
,0,2022-12-28T16:54,0.0
,0,2022-12-28T18:35,0.0
,0,2022-12-28T20:17,0.0
,0,2022-12-28T21:58,0.0
,0,2022-12-28T23:40,0.0
,0,2022-12-29T01:21,0.0
,0,2022-12-29T03:03,0.0
,0,2022-12-29T04:44,0.0
,0,2022-12-29T06:26,0.0
8.436495808067073e-05,269,2022-12-29T08:07,1.2171945701357465
,0,2022-12-29T09:49,0.0
,0,2022-12-29T11:30,0.0
,0,2022-12-29T13:12,0.0
,0,2022-12-29T14:53,0.0
,0,2022-12-29T16:35,0.0
,0,2022-12-29T18:16,0.0
,0,2022-12-29T19:58,0.0
,0,2022-12-29T21:39,0.0
,0,2022-12-29T23:21,0.0
,0,2022-12-30T01:02,0.0
,0,2022-12-30T02:44,0.0
,0,2022-12-30T04:25,0.0
,0,2022-12-30T06:07,0.0
9.796015366002107e-05,269,2022-12-30T07:48,1.2171945701357465
,0,2022-12-30T09:30,0.0
,0,2022-12-30T11:11,0.0
,0,2022-12-30T12:53,0.0
,0,2022-12-30T14:34,0.0
,0,2022-12-30T16:16,0.0
,0,2022-12-30T17:57,0.0
,0,2022-12-30T19:39,0.0
,0,2022-12-30T21:20,0.0
,0,2022-12-30T23:02,0.0
,0,2022-12-31T00:43,0.0
,0,2022-12-31T02:25,0.0
,0,2022-12-31T04:06,0.0
,0,2022-12-31T05:48,0.0
7.065328853607072e-05,269,2022-12-31T07:29,1.2171945701357465
,0,2022-12-31T09:11,0.0
,0,2022-12-31T10:52,0.0
,0,2022-12-31T12:34,0.0
,0,2022-12-31T14:15,0.0
,0,2022-12-31T15:57,0.0
,0,2022-12-31T17:38,0.0
,0,2022-12-31T19:20,0.0
,0,2022-12-31T21:01,0.0
,0,2022-12-31T22:43,0.0
,0,2023-01-01T00:24,0.0
,0,2023-01-01T02:06,0.0
,0,2023-01-01T03:47,0.0
,0,2023-01-01T05:29,0.0
7.260704580061884e-05,269,2023-01-01T07:10,1.2171945701357465
,0,2023-01-01T08:52,0.0
,0,2023-01-01T10:33,0.0
,0,2023-01-01T12:15,0.0
,0,2023-01-01T13:56,0.0
,0,2023-01-01T15:38,0.0
,0,2023-01-01T17:19,0.0
,0,2023-01-01T19:01,0.0
,0,2023-01-01T20:42,0.0
,0,2023-01-01T22:24,0.0
,0,2023-01-02T00:05,0.0
,0,2023-01-02T01:47,0.0
,0,2023-01-02T03:28,0.0
,0,2023-01-02T05:10,0.0
7.492444690463056e-05,269,2023-01-02T06:51,1.2171945701357465
8.362486471020743e-05,269,2023-01-02T08:33,1.2171945701357465
,0,2023-01-02T10:14,0.0
,0,2023-01-02T11:56,0.0
,0,2023-01-02T13:37,0.0
,0,2023-01-02T15:19,0.0
,0,2023-01-02T17:00,0.0
,0,2023-01-02T18:42,0.0
,0,2023-01-02T20:23,0.0
,0,2023-01-02T22:05,0.0
,0,2023-01-02T23:46,0.0
,0,2023-01-03T01:28,0.0
,0,2023-01-03T03:09,0.0
,0,2023-01-03T04:51,0.0
,0,2023-01-03T06:32,0.0
0.00010701518998860066,269,2023-01-03T08:14,1.2171945701357465
,0,2023-01-03T09:55,0.0
,0,2023-01-03T11:37,0.0
,0,2023-01-03T13:18,0.0
,0,2023-01-03T15:00,0.0
,0,2023-01-03T16:41,0.0
,0,2023-01-03T18:23,0.0
,0,2023-01-03T20:04,0.0
,0,2023-01-03T21:46,0.0
,0,2023-01-03T23:27,0.0
,0,2023-01-04T01:09,0.0
,0,2023-01-04T02:50,0.0
,0,2023-01-04T04:32,0.0
,0,2023-01-04T06:13,0.0
7.665821184830433e-05,269,2023-01-04T07:55,1.2171945701357465
,0,2023-01-04T09:36,0.0
,0,2023-01-04T11:18,0.0
,0,2023-01-04T12:59,0.0
,0,2023-01-04T14:41,0.0
,0,2023-01-04T16:22,0.0
,0,2023-01-04T18:04,0.0
,0,2023-01-04T19:45,0.0
,0,2023-01-04T21:27,0.0
,0,2023-01-04T23:08,0.0
,0,2023-01-05T00:50,0.0
,0,2023-01-05T02:31,0.0
,0,2023-01-05T04:13,0.0
,0,2023-01-05T05:54,0.0
6.642711511061926e-05,269,2023-01-05T07:36,1.2171945701357465
,0,2023-01-05T09:17,0.0
,0,2023-01-05T10:59,0.0
,0,2023-01-05T12:40,0.0
,0,2023-01-05T14:22,0.0
,0,2023-01-05T16:03,0.0
,0,2023-01-05T17:45,0.0
,0,2023-01-05T19:26,0.0
,0,2023-01-05T21:08,0.0
,0,2023-01-05T22:49,0.0
,0,2023-01-06T00:31,0.0
,0,2023-01-06T02:12,0.0
,0,2023-01-06T03:54,0.0
,0,2023-01-06T05:35,0.0
5.108080250349603e-05,62,2023-01-06T07:17,0.28054298642533937
,0,2023-01-06T08:58,0.0
,0,2023-01-06T10:40,0.0
,0,2023-01-06T12:21,0.0
,0,2023-01-06T14:03,0.0
,0,2023-01-06T15:44,0.0
,0,2023-01-06T17:26,0.0
,0,2023-01-06T19:07,0.0
,0,2023-01-06T20:49,0.0
,0,2023-01-06T22:30,0.0
,0,2023-01-07T00:12,0.0
,0,2023-01-07T01:53,0.0
,0,2023-01-07T03:35,0.0
,0,2023-01-07T05:16,0.0
,0,2023-01-07T06:58,0.0
,0,2023-01-07T08:39,0.0
,0,2023-01-07T10:21,0.0
,0,2023-01-07T12:02,0.0
,0,2023-01-07T13:44,0.0
,0,2023-01-07T15:25,0.0
,0,2023-01-07T17:07,0.0
,0,2023-01-07T18:48,0.0
,0,2023-01-07T20:30,0.0
,0,2023-01-07T22:11,0.0
,0,2023-01-07T23:53,0.0
,0,2023-01-08T01:34,0.0
,0,2023-01-08T03:16,0.0
,0,2023-01-08T04:57,0.0
,0,2023-01-08T06:39,0.0
5.5482332091011505e-05,269,2023-01-08T08:20,1.2171945701357465
,0,2023-01-08T10:02,0.0
,0,2023-01-08T11:43,0.0
,0,2023-01-08T13:25,0.0
,0,2023-01-08T15:07,0.0
,0,2023-01-08T16:48,0.0
,0,2023-01-08T18:30,0.0
,0,2023-01-08T20:11,0.0
,0,2023-01-08T21:53,0.0
,0,2023-01-08T23:34,0.0
,0,2023-01-09T01:15,0.0
,0,2023-01-09T02:57,0.0
,0,2023-01-09T04:39,0.0
,0,2023-01-09T06:20,0.0
8.44247797224472e-05,269,2023-01-09T08:02,1.2171945701357465
,0,2023-01-09T09:43,0.0
,0,2023-01-09T11:25,0.0
,0,2023-01-09T13:06,0.0
,0,2023-01-09T14:48,0.0
,0,2023-01-09T16:29,0.0
,0,2023-01-09T18:11,0.0
,0,2023-01-09T19:52,0.0
,0,2023-01-09T21:34,0.0
,0,2023-01-09T23:15,0.0
,0,2023-01-10T00:57,0.0
,0,2023-01-10T02:38,0.0
,0,2023-01-10T04:20,0.0
,0,2023-01-10T06:01,0.0
8.744199095309765e-05,269,2023-01-10T07:43,1.2171945701357465
,0,2023-01-10T09:24,0.0
,0,2023-01-10T11:06,0.0
,0,2023-01-10T12:47,0.0
,0,2023-01-10T14:29,0.0
,0,2023-01-10T16:10,0.0
,0,2023-01-10T17:52,0.0
,0,2023-01-10T19:33,0.0
,0,2023-01-10T21:15,0.0
,0,2023-01-10T22:56,0.0
,0,2023-01-11T00:38,0.0
,0,2023-01-11T02:19,0.0
,0,2023-01-11T04:01,0.0
,0,2023-01-11T05:42,0.0
0.00011332003224874254,269,2023-01-11T07:24,1.2171945701357465
,0,2023-01-11T09:05,0.0
,0,2023-01-11T10:47,0.0
,0,2023-01-11T12:28,0.0
,0,2023-01-11T14:10,0.0
,0,2023-01-11T15:51,0.0
,0,2023-01-11T17:33,0.0
,0,2023-01-11T19:14,0.0
,0,2023-01-11T20:56,0.0
,0,2023-01-11T22:37,0.0
,0,2023-01-12T00:19,0.0
,0,2023-01-12T02:00,0.0
,0,2023-01-12T03:42,0.0
,0,2023-01-12T05:23,0.0
0.0001274939173683237,269,2023-01-12T07:05,1.2171945701357465
,0,2023-01-12T08:46,0.0
,0,2023-01-12T10:28,0.0
,0,2023-01-12T12:09,0.0
,0,2023-01-12T13:51,0.0
,0,2023-01-12T15:32,0.0
,0,2023-01-12T17:14,0.0
,0,2023-01-12T18:55,0.0
,0,2023-01-12T20:37,0.0
,0,2023-01-12T22:18,0.0
,0,2023-01-13T00:00,0.0
,0,2023-01-13T01:41,0.0
,0,2023-01-13T03:23,0.0
,0,2023-01-13T05:04,0.0
,0,2023-01-13T06:46,0.0
5.4995445056548484e-05,269,2023-01-13T08:27,1.2171945701357465
,0,2023-01-13T10:09,0.0
,0,2023-01-13T11:50,0.0
,0,2023-01-13T13:32,0.0
,0,2023-01-13T15:13,0.0
,0,2023-01-13T16:55,0.0
,0,2023-01-13T18:36,0.0
,0,2023-01-13T20:18,0.0
,0,2023-01-13T21:59,0.0
,0,2023-01-13T23:41,0.0
,0,2023-01-14T01:22,0.0
,0,2023-01-14T03:04,0.0
,0,2023-01-14T04:45,0.0
,0,2023-01-14T06:27,0.0
9.769006421217449e-05,269,2023-01-14T08:08,1.2171945701357465
,0,2023-01-14T09:50,0.0
,0,2023-01-14T11:31,0.0
,0,2023-01-14T13:13,0.0
,0,2023-01-14T14:54,0.0
,0,2023-01-14T16:36,0.0
,0,2023-01-14T18:17,0.0
,0,2023-01-14T19:59,0.0
,0,2023-01-14T21:40,0.0
,0,2023-01-14T23:22,0.0
,0,2023-01-15T01:03,0.0
,0,2023-01-15T02:45,0.0
,0,2023-01-15T04:26,0.0
,0,2023-01-15T06:08,0.0
8.320699187710824e-05,269,2023-01-15T07:49,1.2171945701357465
,0,2023-01-15T09:31,0.0
,0,2023-01-15T11:12,0.0
,0,2023-01-15T12:54,0.0
,0,2023-01-15T14:35,0.0
,0,2023-01-15T16:17,0.0
,0,2023-01-15T17:58,0.0
,0,2023-01-15T19:40,0.0
,0,2023-01-15T21:21,0.0
,0,2023-01-15T23:03,0.0
,0,2023-01-16T00:44,0.0
,0,2023-01-16T02:26,0.0
,0,2023-01-16T04:07,0.0
,0,2023-01-16T05:49,0.0
5.337106869588498e-05,269,2023-01-16T07:30,1.2171945701357465
,0,2023-01-16T09:12,0.0
,0,2023-01-16T10:53,0.0
,0,2023-01-16T12:35,0.0
,0,2023-01-16T14:16,0.0
,0,2023-01-16T15:58,0.0
,0,2023-01-16T17:39,0.0
,0,2023-01-16T19:21,0.0
,0,2023-01-16T21:02,0.0
,0,2023-01-16T22:44,0.0
,0,2023-01-17T00:25,0.0
,0,2023-01-17T02:07,0.0
,0,2023-01-17T03:48,0.0
,0,2023-01-17T05:30,0.0
8.605038510019616e-05,269,2023-01-17T07:11,1.2171945701357465
,0,2023-01-17T08:53,0.0
,0,2023-01-17T10:34,0.0
,0,2023-01-17T12:16,0.0
,0,2023-01-17T13:57,0.0
,0,2023-01-17T15:39,0.0
,0,2023-01-17T17:20,0.0
,0,2023-01-17T19:02,0.0
,0,2023-01-17T20:43,0.0
,0,2023-01-17T22:25,0.0
,0,2023-01-18T00:06,0.0
,0,2023-01-18T01:48,0.0
,0,2023-01-18T03:29,0.0
,0,2023-01-18T05:11,0.0
8.502270778495409e-05,269,2023-01-18T06:52,1.2171945701357465
9.341478706541571e-05,269,2023-01-18T08:34,1.2171945701357465
,0,2023-01-18T10:15,0.0
,0,2023-01-18T11:57,0.0
,0,2023-01-18T13:38,0.0
,0,2023-01-18T15:20,0.0
,0,2023-01-18T17:01,0.0
,0,2023-01-18T18:43,0.0
,0,2023-01-18T20:24,0.0
,0,2023-01-18T22:06,0.0
,0,2023-01-18T23:47,0.0
,0,2023-01-19T01:29,0.0
,0,2023-01-19T03:10,0.0
,0,2023-01-19T04:52,0.0
,0,2023-01-19T06:33,0.0
0.00013190953956297634,269,2023-01-19T08:15,1.2171945701357465
,0,2023-01-19T09:56,0.0
,0,2023-01-19T11:38,0.0
,0,2023-01-19T13:19,0.0
,0,2023-01-19T15:01,0.0
,0,2023-01-19T16:42,0.0
,0,2023-01-19T18:24,0.0
,0,2023-01-19T20:05,0.0
,0,2023-01-19T21:47,0.0
,0,2023-01-19T23:28,0.0
,0,2023-01-20T01:10,0.0
,0,2023-01-20T02:51,0.0
,0,2023-01-20T04:33,0.0
,0,2023-01-20T06:14,0.0
6.772640218760877e-05,269,2023-01-20T07:56,1.2171945701357465
,0,2023-01-20T09:37,0.0
,0,2023-01-20T11:19,0.0
,0,2023-01-20T13:00,0.0
,0,2023-01-20T14:42,0.0
,0,2023-01-20T16:23,0.0
,0,2023-01-20T18:05,0.0
,0,2023-01-20T19:46,0.0
,0,2023-01-20T21:28,0.0
,0,2023-01-20T23:09,0.0
,0,2023-01-21T00:51,0.0
,0,2023-01-21T02:32,0.0
,0,2023-01-21T04:14,0.0
,0,2023-01-21T05:55,0.0
9.805864120184438e-05,269,2023-01-21T07:37,1.2171945701357465
,0,2023-01-21T09:18,0.0
,0,2023-01-21T11:00,0.0
,0,2023-01-21T12:41,0.0
,0,2023-01-21T14:23,0.0
,0,2023-01-21T16:04,0.0
,0,2023-01-21T17:46,0.0
,0,2023-01-21T19:27,0.0
,0,2023-01-21T21:09,0.0
,0,2023-01-21T22:50,0.0
,0,2023-01-22T00:32,0.0
,0,2023-01-22T02:13,0.0
,0,2023-01-22T03:55,0.0
,0,2023-01-22T05:36,0.0
9.245604027447719e-05,269,2023-01-22T07:18,1.2171945701357465
,0,2023-01-22T08:59,0.0
,0,2023-01-22T10:41,0.0
,0,2023-01-22T12:22,0.0
,0,2023-01-22T14:04,0.0
,0,2023-01-22T15:45,0.0
,0,2023-01-22T17:27,0.0
,0,2023-01-22T19:08,0.0
,0,2023-01-22T20:50,0.0
,0,2023-01-22T22:31,0.0
,0,2023-01-23T00:13,0.0
,0,2023-01-23T01:54,0.0
,0,2023-01-23T03:36,0.0
,0,2023-01-23T05:17,0.0
0.0001007053168026383,269,2023-01-23T06:59,1.2171945701357465
,0,2023-01-23T08:40,0.0
,0,2023-01-23T10:22,0.0
,0,2023-01-23T12:03,0.0
,0,2023-01-23T13:45,0.0
,0,2023-01-23T15:26,0.0
,0,2023-01-23T17:08,0.0
,0,2023-01-23T18:49,0.0
,0,2023-01-23T20:31,0.0
,0,2023-01-23T22:13,0.0
,0,2023-01-23T23:54,0.0
,0,2023-01-24T01:36,0.0
,0,2023-01-24T03:17,0.0
,0,2023-01-24T04:59,0.0
,0,2023-01-24T06:40,0.0
7.177105430217867e-05,269,2023-01-24T08:22,1.2171945701357465
,0,2023-01-24T10:03,0.0
,0,2023-01-24T11:45,0.0
,0,2023-01-24T13:26,0.0
,0,2023-01-24T15:08,0.0
,0,2023-01-24T16:49,0.0
,0,2023-01-24T18:31,0.0
,0,2023-01-24T20:12,0.0
,0,2023-01-24T21:54,0.0
,0,2023-01-24T23:35,0.0
,0,2023-01-25T01:17,0.0
,0,2023-01-25T02:58,0.0
,0,2023-01-25T04:40,0.0
,0,2023-01-25T06:21,0.0
0.00011584153812607405,185,2023-01-25T08:03,0.8371040723981901
,0,2023-01-25T09:44,0.0
,0,2023-01-25T11:26,0.0
,0,2023-01-25T13:07,0.0
,0,2023-01-25T14:49,0.0
,0,2023-01-25T16:30,0.0
,0,2023-01-25T18:12,0.0
,0,2023-01-25T19:53,0.0
,0,2023-01-25T21:35,0.0
,0,2023-01-25T23:16,0.0
,0,2023-01-26T00:58,0.0
,0,2023-01-26T02:39,0.0
,0,2023-01-26T04:21,0.0
,0,2023-01-26T06:02,0.0
7.391292890838553e-05,269,2023-01-26T07:44,1.2171945701357465
,0,2023-01-26T09:25,0.0
,0,2023-01-26T11:07,0.0
,0,2023-01-26T12:48,0.0
,0,2023-01-26T14:30,0.0
,0,2023-01-26T16:11,0.0
,0,2023-01-26T17:53,0.0
,0,2023-01-26T19:34,0.0
,0,2023-01-26T21:16,0.0
,0,2023-01-26T22:57,0.0
,0,2023-01-27T00:39,0.0
,0,2023-01-27T02:20,0.0
,0,2023-01-27T04:02,0.0
,0,2023-01-27T05:43,0.0
6.55067335379219e-05,269,2023-01-27T07:25,1.2171945701357465
,0,2023-01-27T09:06,0.0
,0,2023-01-27T10:48,0.0
,0,2023-01-27T12:29,0.0
,0,2023-01-27T14:11,0.0
,0,2023-01-27T15:52,0.0
,0,2023-01-27T17:34,0.0
,0,2023-01-27T19:15,0.0
,0,2023-01-27T20:57,0.0
,0,2023-01-27T22:38,0.0
,0,2023-01-28T00:20,0.0
,0,2023-01-28T02:01,0.0
,0,2023-01-28T03:43,0.0
,0,2023-01-28T05:24,0.0
6.733748551238982e-05,269,2023-01-28T07:06,1.2171945701357465
,0,2023-01-28T08:47,0.0
,0,2023-01-28T10:29,0.0
,0,2023-01-28T12:10,0.0
,0,2023-01-28T13:52,0.0
,0,2023-01-28T15:33,0.0
,0,2023-01-28T17:15,0.0
,0,2023-01-28T18:56,0.0
,0,2023-01-28T20:38,0.0
,0,2023-01-28T22:19,0.0
,0,2023-01-29T00:01,0.0
,0,2023-01-29T01:42,0.0
,0,2023-01-29T03:24,0.0
,0,2023-01-29T05:05,0.0
,0,2023-01-29T06:47,0.0
6.126077497891084e-05,269,2023-01-29T08:28,1.2171945701357465
,0,2023-01-29T10:10,0.0
,0,2023-01-29T11:51,0.0
,0,2023-01-29T13:33,0.0
,0,2023-01-29T15:14,0.0
,0,2023-01-29T16:56,0.0
,0,2023-01-29T18:37,0.0
,0,2023-01-29T20:19,0.0
,0,2023-01-29T22:00,0.0
,0,2023-01-29T23:42,0.0
,0,2023-01-30T01:23,0.0
,0,2023-01-30T03:05,0.0
,0,2023-01-30T04:46,0.0
,0,2023-01-30T06:28,0.0
8.030852105165499e-05,227,2023-01-30T08:09,1.0271493212669682
,0,2023-01-30T09:51,0.0
,0,2023-01-30T11:32,0.0
,0,2023-01-30T13:14,0.0
,0,2023-01-30T14:55,0.0
,0,2023-01-30T16:37,0.0
,0,2023-01-30T18:18,0.0
,0,2023-01-30T20:00,0.0
,0,2023-01-30T21:41,0.0
,0,2023-01-30T23:23,0.0
,0,2023-01-31T01:04,0.0
,0,2023-01-31T02:46,0.0
,0,2023-01-31T04:27,0.0
,0,2023-01-31T06:09,0.0
6.471173632928949e-05,269,2023-01-31T07:50,1.2171945701357465
,0,2023-01-31T09:32,0.0
,0,2023-01-31T11:13,0.0
,0,2023-01-31T12:55,0.0
,0,2023-01-31T14:36,0.0
,0,2023-01-31T16:18,0.0
,0,2023-01-31T17:59,0.0
,0,2023-01-31T19:41,0.0
,0,2023-01-31T21:22,0.0
,0,2023-01-31T23:04,0.0
,0,2023-02-01T00:45,0.0
,0,2023-02-01T02:27,0.0
,0,2023-02-01T04:08,0.0
,0,2023-02-01T05:50,0.0
4.98242350654442e-05,240,2023-02-01T07:31,1.085972850678733
,0,2023-02-01T09:13,0.0
,0,2023-02-01T10:54,0.0
,0,2023-02-01T12:36,0.0
,0,2023-02-01T14:17,0.0
,0,2023-02-01T15:59,0.0
,0,2023-02-01T17:40,0.0
,0,2023-02-01T19:22,0.0
,0,2023-02-01T21:03,0.0
,0,2023-02-01T22:45,0.0
,0,2023-02-02T00:26,0.0
,0,2023-02-02T02:08,0.0
,0,2023-02-02T03:49,0.0
,0,2023-02-02T05:31,0.0
5.20986344942813e-05,269,2023-02-02T07:12,1.2171945701357465
,0,2023-02-02T08:54,0.0
,0,2023-02-02T10:35,0.0
,0,2023-02-02T12:17,0.0
,0,2023-02-02T13:59,0.0
,0,2023-02-02T15:40,0.0
,0,2023-02-02T17:22,0.0
,0,2023-02-02T19:03,0.0
,0,2023-02-02T20:45,0.0
,0,2023-02-02T22:26,0.0
,0,2023-02-03T00:08,0.0
,0,2023-02-03T01:49,0.0
,0,2023-02-03T03:31,0.0
,0,2023-02-03T05:12,0.0
6.411630279450339e-05,269,2023-02-03T06:54,1.2171945701357465
6.957629983506127e-05,269,2023-02-03T08:35,1.2171945701357465
,0,2023-02-03T10:17,0.0
,0,2023-02-03T11:58,0.0
,0,2023-02-03T13:40,0.0
,0,2023-02-03T15:21,0.0
,0,2023-02-03T17:03,0.0
,0,2023-02-03T18:44,0.0
,0,2023-02-03T20:26,0.0
,0,2023-02-03T22:07,0.0
,0,2023-02-03T23:49,0.0
,0,2023-02-04T01:30,0.0
,0,2023-02-04T03:12,0.0
,0,2023-02-04T04:53,0.0
,0,2023-02-04T06:35,0.0
8.27469805704164e-05,269,2023-02-04T08:16,1.2171945701357465
,0,2023-02-04T09:58,0.0
,0,2023-02-04T11:39,0.0
,0,2023-02-04T13:21,0.0
,0,2023-02-04T15:02,0.0
,0,2023-02-04T16:44,0.0
,0,2023-02-04T18:25,0.0
,0,2023-02-04T20:07,0.0
,0,2023-02-04T21:48,0.0
,0,2023-02-04T23:30,0.0
,0,2023-02-05T01:11,0.0
,0,2023-02-05T02:53,0.0
,0,2023-02-05T04:34,0.0
,0,2023-02-05T06:16,0.0
9.71933779562502e-05,269,2023-02-05T07:57,1.2171945701357465
,0,2023-02-05T09:39,0.0
,0,2023-02-05T11:20,0.0
,0,2023-02-05T13:02,0.0
,0,2023-02-05T14:43,0.0
,0,2023-02-05T16:25,0.0
,0,2023-02-05T18:06,0.0
,0,2023-02-05T19:48,0.0
,0,2023-02-05T21:29,0.0
,0,2023-02-05T23:11,0.0
,0,2023-02-06T00:52,0.0
,0,2023-02-06T02:34,0.0
,0,2023-02-06T04:15,0.0
,0,2023-02-06T05:57,0.0
6.807093016930211e-05,269,2023-02-06T07:38,1.2171945701357465
,0,2023-02-06T09:20,0.0
,0,2023-02-06T11:01,0.0
,0,2023-02-06T12:43,0.0
,0,2023-02-06T14:24,0.0
,0,2023-02-06T16:06,0.0
,0,2023-02-06T17:47,0.0
,0,2023-02-06T19:29,0.0
,0,2023-02-06T21:10,0.0
,0,2023-02-06T22:52,0.0
,0,2023-02-07T00:33,0.0
,0,2023-02-07T02:15,0.0
,0,2023-02-07T03:56,0.0
,0,2023-02-07T05:38,0.0
9.537821484086136e-05,269,2023-02-07T07:19,1.2171945701357465
,0,2023-02-07T09:01,0.0
,0,2023-02-07T10:42,0.0
,0,2023-02-07T12:24,0.0
,0,2023-02-07T14:05,0.0
,0,2023-02-07T15:47,0.0
,0,2023-02-07T17:28,0.0
,0,2023-02-07T19:10,0.0
,0,2023-02-07T20:51,0.0
,0,2023-02-07T22:33,0.0
,0,2023-02-08T00:14,0.0
,0,2023-02-08T01:56,0.0
,0,2023-02-08T03:37,0.0
,0,2023-02-08T05:19,0.0
7.887395125426846e-05,269,2023-02-08T07:00,1.2171945701357465
,0,2023-02-08T08:42,0.0
,0,2023-02-08T10:23,0.0
,0,2023-02-08T12:05,0.0
,0,2023-02-08T13:46,0.0
,0,2023-02-08T15:28,0.0
,0,2023-02-08T17:09,0.0
,0,2023-02-08T18:51,0.0
,0,2023-02-08T20:32,0.0
,0,2023-02-08T22:14,0.0
,0,2023-02-08T23:55,0.0
,0,2023-02-09T01:37,0.0
,0,2023-02-09T03:18,0.0
,0,2023-02-09T05:00,0.0
,0,2023-02-09T06:41,0.0
8.209693103437924e-05,269,2023-02-09T08:23,1.2171945701357465
,0,2023-02-09T10:04,0.0
,0,2023-02-09T11:46,0.0
,0,2023-02-09T13:27,0.0
,0,2023-02-09T15:09,0.0
,0,2023-02-09T16:50,0.0
,0,2023-02-09T18:32,0.0
,0,2023-02-09T20:13,0.0
,0,2023-02-09T21:55,0.0
,0,2023-02-09T23:36,0.0
,0,2023-02-10T01:18,0.0
,0,2023-02-10T02:59,0.0
,0,2023-02-10T04:41,0.0
,0,2023-02-10T06:22,0.0
9.566945751515676e-05,269,2023-02-10T08:04,1.2171945701357465
,0,2023-02-10T09:45,0.0
,0,2023-02-10T11:27,0.0
,0,2023-02-10T13:08,0.0
,0,2023-02-10T14:50,0.0
,0,2023-02-10T16:31,0.0
,0,2023-02-10T18:13,0.0
,0,2023-02-10T19:55,0.0
,0,2023-02-10T21:36,0.0
,0,2023-02-10T23:18,0.0
,0,2023-02-11T00:59,0.0
,0,2023-02-11T02:41,0.0
,0,2023-02-11T04:22,0.0
,0,2023-02-11T06:04,0.0
0.00011025751311523804,269,2023-02-11T07:45,1.2171945701357465
,0,2023-02-11T09:27,0.0
,0,2023-02-11T11:08,0.0
,0,2023-02-11T12:50,0.0
,0,2023-02-11T14:31,0.0
,0,2023-02-11T16:13,0.0
,0,2023-02-11T17:54,0.0
,0,2023-02-11T19:36,0.0
,0,2023-02-11T21:17,0.0
,0,2023-02-11T22:59,0.0
,0,2023-02-12T00:40,0.0
,0,2023-02-12T02:22,0.0
,0,2023-02-12T04:03,0.0
,0,2023-02-12T05:45,0.0
8.016526516108149e-05,269,2023-02-12T07:26,1.2171945701357465
,0,2023-02-12T09:08,0.0
,0,2023-02-12T10:49,0.0
,0,2023-02-12T12:31,0.0
,0,2023-02-12T14:12,0.0
,0,2023-02-12T15:54,0.0
,0,2023-02-12T17:35,0.0
,0,2023-02-12T19:17,0.0
,0,2023-02-12T20:58,0.0
,0,2023-02-12T22:40,0.0
,0,2023-02-13T00:21,0.0
,0,2023-02-13T02:03,0.0
,0,2023-02-13T03:44,0.0
,0,2023-02-13T05:26,0.0
6.214215464546606e-05,269,2023-02-13T07:07,1.2171945701357465
,0,2023-02-13T08:49,0.0
,0,2023-02-13T10:30,0.0
,0,2023-02-13T12:12,0.0
,0,2023-02-13T13:53,0.0
,0,2023-02-13T15:35,0.0
,0,2023-02-13T17:16,0.0
,0,2023-02-13T18:58,0.0
,0,2023-02-13T20:39,0.0
,0,2023-02-13T22:21,0.0
,0,2023-02-14T00:02,0.0
,0,2023-02-14T01:44,0.0
,0,2023-02-14T03:25,0.0
,0,2023-02-14T05:07,0.0
,0,2023-02-14T06:48,0.0
8.379244246464786e-05,269,2023-02-14T08:30,1.2171945701357465
,0,2023-02-14T10:11,0.0
,0,2023-02-14T11:53,0.0
,0,2023-02-14T13:34,0.0
,0,2023-02-14T15:16,0.0
,0,2023-02-14T16:57,0.0
,0,2023-02-14T18:39,0.0
,0,2023-02-14T20:20,0.0
,0,2023-02-14T22:02,0.0
,0,2023-02-14T23:43,0.0
,0,2023-02-15T01:25,0.0
,0,2023-02-15T03:06,0.0
,0,2023-02-15T04:48,0.0
,0,2023-02-15T06:29,0.0
8.897132120440404e-05,269,2023-02-15T08:11,1.2171945701357465
,0,2023-02-15T09:52,0.0
,0,2023-02-15T11:34,0.0
,0,2023-02-15T13:15,0.0
,0,2023-02-15T14:57,0.0
,0,2023-02-15T16:38,0.0
,0,2023-02-15T18:20,0.0
,0,2023-02-15T20:01,0.0
,0,2023-02-15T21:43,0.0
,0,2023-02-15T23:24,0.0
,0,2023-02-16T01:06,0.0
,0,2023-02-16T02:47,0.0
,0,2023-02-16T04:29,0.0
,0,2023-02-16T06:10,0.0
8.27115187403942e-05,269,2023-02-16T07:52,1.2171945701357465
,0,2023-02-16T09:33,0.0
,0,2023-02-16T11:15,0.0
,0,2023-02-16T12:56,0.0
,0,2023-02-16T14:38,0.0
,0,2023-02-16T16:19,0.0
,0,2023-02-16T18:01,0.0
,0,2023-02-16T19:42,0.0
,0,2023-02-16T21:24,0.0
,0,2023-02-16T23:05,0.0
,0,2023-02-17T00:47,0.0
,0,2023-02-17T02:28,0.0
,0,2023-02-17T04:10,0.0
,0,2023-02-17T05:51,0.0
8.155384701597454e-05,269,2023-02-17T07:33,1.2171945701357465
,0,2023-02-17T09:14,0.0
,0,2023-02-17T10:56,0.0
,0,2023-02-17T12:37,0.0
,0,2023-02-17T14:19,0.0
,0,2023-02-17T16:00,0.0
,0,2023-02-17T17:42,0.0
,0,2023-02-17T19:23,0.0
,0,2023-02-17T21:05,0.0
,0,2023-02-17T22:46,0.0
,0,2023-02-18T00:28,0.0
,0,2023-02-18T02:09,0.0
,0,2023-02-18T03:51,0.0
,0,2023-02-18T05:32,0.0
6.722546765658377e-05,269,2023-02-18T07:14,1.2171945701357465
,0,2023-02-18T08:56,0.0
,0,2023-02-18T10:37,0.0
,0,2023-02-18T12:19,0.0
,0,2023-02-18T14:00,0.0
,0,2023-02-18T15:42,0.0
,0,2023-02-18T17:23,0.0
,0,2023-02-18T19:05,0.0
,0,2023-02-18T20:46,0.0
,0,2023-02-18T22:28,0.0
,0,2023-02-19T00:09,0.0
,0,2023-02-19T01:51,0.0
,0,2023-02-19T03:32,0.0
,0,2023-02-19T05:14,0.0
5.1776826259102574e-05,269,2023-02-19T06:55,1.2171945701357465
6.413946355920422e-05,269,2023-02-19T08:37,1.2171945701357465
,0,2023-02-19T10:18,0.0
,0,2023-02-19T12:00,0.0
,0,2023-02-19T13:41,0.0
,0,2023-02-19T15:23,0.0
,0,2023-02-19T17:04,0.0
,0,2023-02-19T18:46,0.0
,0,2023-02-19T20:27,0.0
,0,2023-02-19T22:09,0.0
,0,2023-02-19T23:50,0.0
,0,2023-02-20T01:32,0.0
,0,2023-02-20T03:13,0.0
,0,2023-02-20T04:55,0.0
,0,2023-02-20T06:36,0.0
8.989080389585144e-05,269,2023-02-20T08:18,1.2171945701357465
,0,2023-02-20T09:59,0.0
,0,2023-02-20T11:41,0.0
,0,2023-02-20T13:22,0.0
,0,2023-02-20T15:04,0.0
,0,2023-02-20T16:45,0.0
,0,2023-02-20T18:27,0.0
,0,2023-02-20T20:08,0.0
,0,2023-02-20T21:50,0.0
,0,2023-02-20T23:31,0.0
,0,2023-02-21T01:13,0.0
,0,2023-02-21T02:54,0.0
,0,2023-02-21T04:36,0.0
,0,2023-02-21T06:17,0.0
0.00011128522138738812,269,2023-02-21T07:59,1.2171945701357465
,0,2023-02-21T09:40,0.0
,0,2023-02-21T11:22,0.0
,0,2023-02-21T13:03,0.0
,0,2023-02-21T14:45,0.0
,0,2023-02-21T16:26,0.0
,0,2023-02-21T18:08,0.0
,0,2023-02-21T19:49,0.0
,0,2023-02-21T21:31,0.0
,0,2023-02-21T23:12,0.0
,0,2023-02-22T00:54,0.0
,0,2023-02-22T02:35,0.0
,0,2023-02-22T04:17,0.0
,0,2023-02-22T05:58,0.0
0.0001115651478871822,269,2023-02-22T07:40,1.2171945701357465
,0,2023-02-22T09:21,0.0
,0,2023-02-22T11:03,0.0
,0,2023-02-22T12:44,0.0
,0,2023-02-22T14:26,0.0
,0,2023-02-22T16:07,0.0
,0,2023-02-22T17:49,0.0
,0,2023-02-22T19:30,0.0
,0,2023-02-22T21:12,0.0
,0,2023-02-22T22:53,0.0
,0,2023-02-23T00:35,0.0
,0,2023-02-23T02:16,0.0
,0,2023-02-23T03:58,0.0
,0,2023-02-23T05:39,0.0
9.135758629556269e-05,269,2023-02-23T07:21,1.2171945701357465
,0,2023-02-23T09:02,0.0
,0,2023-02-23T10:44,0.0
,0,2023-02-23T12:25,0.0
,0,2023-02-23T14:07,0.0
,0,2023-02-23T15:48,0.0
,0,2023-02-23T17:30,0.0
,0,2023-02-23T19:11,0.0
,0,2023-02-23T20:53,0.0
,0,2023-02-23T22:34,0.0
,0,2023-02-24T00:16,0.0
,0,2023-02-24T01:57,0.0
,0,2023-02-24T03:39,0.0
,0,2023-02-24T05:20,0.0
8.117133246143958e-05,269,2023-02-24T07:02,1.2171945701357465
,0,2023-02-24T08:43,0.0
,0,2023-02-24T10:25,0.0
,0,2023-02-24T12:06,0.0
,0,2023-02-24T13:48,0.0
,0,2023-02-24T15:29,0.0
,0,2023-02-24T17:11,0.0
,0,2023-02-24T18:52,0.0
,0,2023-02-24T20:34,0.0
,0,2023-02-24T22:15,0.0
,0,2023-02-24T23:57,0.0
,0,2023-02-25T01:38,0.0
,0,2023-02-25T03:20,0.0
,0,2023-02-25T05:01,0.0
,0,2023-02-25T06:43,0.0
0.00010168584519156444,269,2023-02-25T08:24,1.2171945701357465
,0,2023-02-25T10:06,0.0
,0,2023-02-25T11:48,0.0
,0,2023-02-25T13:29,0.0
,0,2023-02-25T15:11,0.0
,0,2023-02-25T16:52,0.0
,0,2023-02-25T18:34,0.0
,0,2023-02-25T20:15,0.0
,0,2023-02-25T21:57,0.0
,0,2023-02-25T23:38,0.0
,0,2023-02-26T01:20,0.0
,0,2023-02-26T03:01,0.0
,0,2023-02-26T04:43,0.0
,0,2023-02-26T06:24,0.0
8.58570284750315e-05,271,2023-02-26T08:06,1.2262443438914028
,0,2023-02-26T09:47,0.0
,0,2023-02-26T11:29,0.0
,0,2023-02-26T13:10,0.0
,0,2023-02-26T14:52,0.0
,0,2023-02-26T16:33,0.0
,0,2023-02-26T18:15,0.0
,0,2023-02-26T19:56,0.0
,0,2023-02-26T21:38,0.0
,0,2023-02-26T23:19,0.0
,0,2023-02-27T01:01,0.0
,0,2023-02-27T02:42,0.0
,0,2023-02-27T04:24,0.0
,0,2023-02-27T06:05,0.0
0.00010346973291936418,271,2023-02-27T07:47,1.2262443438914028
,0,2023-02-27T09:28,0.0
,0,2023-02-27T11:10,0.0
,0,2023-02-27T12:51,0.0
,0,2023-02-27T14:33,0.0
,0,2023-02-27T16:14,0.0
,0,2023-02-27T17:56,0.0
,0,2023-02-27T19:37,0.0
,0,2023-02-27T21:19,0.0
,0,2023-02-27T23:00,0.0
,0,2023-02-28T00:42,0.0
,0,2023-02-28T02:23,0.0
,0,2023-02-28T04:05,0.0
,0,2023-02-28T05:46,0.0
0.00010415848690311157,271,2023-02-28T07:28,1.2262443438914028
,0,2023-02-28T09:09,0.0
,0,2023-02-28T10:51,0.0
,0,2023-02-28T12:32,0.0
,0,2023-02-28T14:14,0.0
,0,2023-02-28T15:55,0.0
,0,2023-02-28T17:37,0.0
,0,2023-02-28T19:18,0.0
,0,2023-02-28T21:00,0.0
,0,2023-02-28T22:41,0.0
,0,2023-03-01T00:23,0.0
,0,2023-03-01T02:04,0.0
,0,2023-03-01T03:46,0.0
,0,2023-03-01T05:27,0.0
0.00010937431889336357,271,2023-03-01T07:09,1.2262443438914028
,0,2023-03-01T08:50,0.0
,0,2023-03-01T10:32,0.0
,0,2023-03-01T12:13,0.0
,0,2023-03-01T13:55,0.0
,0,2023-03-01T15:36,0.0
,0,2023-03-01T17:18,0.0
,0,2023-03-01T18:59,0.0
,0,2023-03-01T20:41,0.0
,0,2023-03-01T22:22,0.0
,0,2023-03-02T00:04,0.0
,0,2023-03-02T01:45,0.0
,0,2023-03-02T03:27,0.0
,0,2023-03-02T05:08,0.0
,0,2023-03-02T06:50,0.0
7.8756536064394e-05,271,2023-03-02T08:31,1.2262443438914028
,0,2023-03-02T10:13,0.0
,0,2023-03-02T11:54,0.0
,0,2023-03-02T13:36,0.0
,0,2023-03-02T15:17,0.0
,0,2023-03-02T16:59,0.0
,0,2023-03-02T18:40,0.0
,0,2023-03-02T20:22,0.0
,0,2023-03-02T22:03,0.0
,0,2023-03-02T23:45,0.0
,0,2023-03-03T01:26,0.0
,0,2023-03-03T03:08,0.0
,0,2023-03-03T04:49,0.0
,0,2023-03-03T06:31,0.0
8.002864671701737e-05,271,2023-03-03T08:12,1.2262443438914028
,0,2023-03-03T09:54,0.0
,0,2023-03-03T11:35,0.0
,0,2023-03-03T13:17,0.0
,0,2023-03-03T14:58,0.0
,0,2023-03-03T16:40,0.0
,0,2023-03-03T18:21,0.0
,0,2023-03-03T20:03,0.0
,0,2023-03-03T21:44,0.0
,0,2023-03-03T23:26,0.0
,0,2023-03-04T01:07,0.0
,0,2023-03-04T02:49,0.0
,0,2023-03-04T04:30,0.0
,0,2023-03-04T06:12,0.0
0.00010120385543297463,271,2023-03-04T07:53,1.2262443438914028
,0,2023-03-04T09:35,0.0
,0,2023-03-04T11:17,0.0
,0,2023-03-04T12:58,0.0
,0,2023-03-04T14:40,0.0
,0,2023-03-04T16:21,0.0
,0,2023-03-04T18:03,0.0
,0,2023-03-04T19:44,0.0
,0,2023-03-04T21:26,0.0
,0,2023-03-04T23:07,0.0
,0,2023-03-05T00:49,0.0
,0,2023-03-05T02:30,0.0
,0,2023-03-05T04:12,0.0
,0,2023-03-05T05:53,0.0
7.723878681600197e-05,271,2023-03-05T07:35,1.2262443438914028
,0,2023-03-05T09:16,0.0
,0,2023-03-05T10:58,0.0
,0,2023-03-05T12:39,0.0
,0,2023-03-05T14:21,0.0
,0,2023-03-05T16:02,0.0
,0,2023-03-05T17:44,0.0
,0,2023-03-05T19:25,0.0
,0,2023-03-05T21:07,0.0
,0,2023-03-05T22:48,0.0
,0,2023-03-06T00:30,0.0
,0,2023-03-06T02:11,0.0
,0,2023-03-06T03:53,0.0
,0,2023-03-06T05:34,0.0
5.5627381714015425e-05,271,2023-03-06T07:16,1.2262443438914028
,0,2023-03-06T08:57,0.0
,0,2023-03-06T10:39,0.0
,0,2023-03-06T12:20,0.0
,0,2023-03-06T14:02,0.0
,0,2023-03-06T15:43,0.0
,0,2023-03-06T17:25,0.0
,0,2023-03-06T19:06,0.0
,0,2023-03-06T20:48,0.0
,0,2023-03-06T22:29,0.0
,0,2023-03-07T00:11,0.0
,0,2023-03-07T01:52,0.0
,0,2023-03-07T03:34,0.0
,0,2023-03-07T05:15,0.0
,0,2023-03-07T06:57,0.0
2.6857837156558076e-05,35,2023-03-07T08:38,0.1583710407239819
,0,2023-03-07T10:20,0.0
,0,2023-03-07T12:01,0.0
,0,2023-03-07T13:43,0.0
,0,2023-03-07T15:24,0.0
,0,2023-03-07T17:06,0.0
,0,2023-03-07T18:47,0.0
,0,2023-03-07T20:29,0.0
,0,2023-03-07T22:10,0.0
,0,2023-03-07T23:52,0.0
,0,2023-03-08T01:33,0.0
,0,2023-03-08T03:15,0.0
,0,2023-03-08T04:56,0.0
,0,2023-03-08T06:38,0.0
6.804212804836848e-05,271,2023-03-08T08:19,1.2262443438914028
,0,2023-03-08T10:01,0.0
,0,2023-03-08T11:42,0.0
,0,2023-03-08T13:24,0.0
,0,2023-03-08T15:05,0.0
,0,2023-03-08T16:47,0.0
,0,2023-03-08T18:28,0.0
,0,2023-03-08T20:10,0.0
,0,2023-03-08T21:51,0.0
,0,2023-03-08T23:33,0.0
,0,2023-03-09T01:14,0.0
,0,2023-03-09T02:56,0.0
,0,2023-03-09T04:37,0.0
,0,2023-03-09T06:19,0.0
7.264784202431229e-05,233,2023-03-09T08:00,1.0542986425339367
,0,2023-03-09T09:42,0.0
,0,2023-03-09T11:23,0.0
,0,2023-03-09T13:05,0.0
,0,2023-03-09T14:46,0.0
,0,2023-03-09T16:28,0.0
,0,2023-03-09T18:09,0.0
,0,2023-03-09T19:51,0.0
,0,2023-03-09T21:32,0.0
,0,2023-03-09T23:14,0.0
,0,2023-03-10T00:55,0.0
,0,2023-03-10T02:37,0.0
,0,2023-03-10T04:18,0.0
,0,2023-03-10T06:00,0.0
8.908590628976515e-05,271,2023-03-10T07:41,1.2262443438914028
,0,2023-03-10T09:23,0.0
,0,2023-03-10T11:04,0.0
,0,2023-03-10T12:46,0.0
,0,2023-03-10T14:27,0.0
,0,2023-03-10T16:09,0.0
,0,2023-03-10T17:50,0.0
,0,2023-03-10T19:32,0.0
,0,2023-03-10T21:13,0.0
,0,2023-03-10T22:55,0.0
,0,2023-03-11T00:36,0.0
,0,2023-03-11T02:18,0.0
,0,2023-03-11T03:59,0.0
,0,2023-03-11T05:41,0.0
5.746640430616235e-05,271,2023-03-11T07:22,1.2262443438914028
,0,2023-03-11T09:04,0.0
,0,2023-03-11T10:46,0.0
,0,2023-03-11T12:27,0.0
,0,2023-03-11T14:09,0.0
,0,2023-03-11T15:50,0.0
,0,2023-03-11T17:32,0.0
,0,2023-03-11T19:13,0.0
,0,2023-03-11T20:55,0.0
,0,2023-03-11T22:36,0.0
,0,2023-03-12T00:18,0.0
,0,2023-03-12T01:59,0.0
,0,2023-03-12T03:41,0.0
,0,2023-03-12T05:22,0.0
5.7165467644393233e-05,4,2023-03-12T07:04,0.01809954751131222
,0,2023-03-12T08:45,0.0
,0,2023-03-12T10:27,0.0
,0,2023-03-12T12:08,0.0
,0,2023-03-12T13:50,0.0
,0,2023-03-12T15:31,0.0
,0,2023-03-12T17:13,0.0
,0,2023-03-12T18:54,0.0
,0,2023-03-12T20:36,0.0
,0,2023-03-12T22:17,0.0
,0,2023-03-12T23:59,0.0
,0,2023-03-13T01:40,0.0
,0,2023-03-13T03:22,0.0
,0,2023-03-13T05:03,0.0
,0,2023-03-13T06:45,0.0
8.636456191330608e-05,145,2023-03-13T08:26,0.6561085972850679
,0,2023-03-13T10:08,0.0
,0,2023-03-13T11:49,0.0
,0,2023-03-13T13:31,0.0
,0,2023-03-13T15:12,0.0
,0,2023-03-13T16:54,0.0
,0,2023-03-13T18:35,0.0
,0,2023-03-13T20:17,0.0
,0,2023-03-13T21:58,0.0
,0,2023-03-13T23:40,0.0
,0,2023-03-14T01:21,0.0
,0,2023-03-14T03:03,0.0
,0,2023-03-14T04:44,0.0
,0,2023-03-14T06:26,0.0
8.075688685466909e-05,228,2023-03-14T08:07,1.0316742081447965
,0,2023-03-14T09:49,0.0
,0,2023-03-14T11:30,0.0
,0,2023-03-14T13:12,0.0
,0,2023-03-14T14:53,0.0
,0,2023-03-14T16:35,0.0
,0,2023-03-14T18:16,0.0
,0,2023-03-14T19:58,0.0
,0,2023-03-14T21:39,0.0
,0,2023-03-14T23:21,0.0
,0,2023-03-15T01:02,0.0
,0,2023-03-15T02:44,0.0
,0,2023-03-15T04:25,0.0
,0,2023-03-15T06:07,0.0
8.482944825929399e-05,271,2023-03-15T07:48,1.2262443438914028
,0,2023-03-15T09:30,0.0
,0,2023-03-15T11:11,0.0
,0,2023-03-15T12:53,0.0
,0,2023-03-15T14:34,0.0
,0,2023-03-15T16:16,0.0
,0,2023-03-15T17:57,0.0
,0,2023-03-15T19:39,0.0
,0,2023-03-15T21:20,0.0
,0,2023-03-15T23:02,0.0
,0,2023-03-16T00:43,0.0
,0,2023-03-16T02:25,0.0
,0,2023-03-16T04:06,0.0
,0,2023-03-16T05:48,0.0
,0,2023-03-16T07:29,0.0
,0,2023-03-16T09:11,0.0
,0,2023-03-16T10:52,0.0
,0,2023-03-16T12:34,0.0
,0,2023-03-16T14:15,0.0
,0,2023-03-16T15:57,0.0
,0,2023-03-16T17:38,0.0
,0,2023-03-16T19:20,0.0
,0,2023-03-16T21:01,0.0
,0,2023-03-16T22:43,0.0
,0,2023-03-17T00:24,0.0
,0,2023-03-17T02:06,0.0
,0,2023-03-17T03:47,0.0
,0,2023-03-17T05:29,0.0
7.246229531286845e-05,240,2023-03-17T07:11,1.085972850678733
,0,2023-03-17T08:52,0.0
,0,2023-03-17T10:34,0.0
,0,2023-03-17T12:15,0.0
,0,2023-03-17T13:57,0.0
,0,2023-03-17T15:38,0.0
,0,2023-03-17T17:20,0.0
,0,2023-03-17T19:01,0.0
,0,2023-03-17T20:43,0.0
,0,2023-03-17T22:24,0.0
,0,2023-03-18T00:06,0.0
,0,2023-03-18T01:47,0.0
,0,2023-03-18T03:29,0.0
,0,2023-03-18T05:10,0.0
,0,2023-03-18T06:52,0.0
4.8152900119768464e-05,54,2023-03-18T08:33,0.24434389140271492
,0,2023-03-18T10:15,0.0
,0,2023-03-18T11:56,0.0
,0,2023-03-18T13:38,0.0
,0,2023-03-18T15:19,0.0
,0,2023-03-18T17:01,0.0
,0,2023-03-18T18:42,0.0
,0,2023-03-18T20:24,0.0
,0,2023-03-18T22:05,0.0
,0,2023-03-18T23:47,0.0
,0,2023-03-19T01:28,0.0
,0,2023-03-19T03:10,0.0
,0,2023-03-19T04:51,0.0
,0,2023-03-19T06:33,0.0
4.0547986897811346e-05,262,2023-03-19T08:14,1.1855203619909502
,0,2023-03-19T09:56,0.0
,0,2023-03-19T11:37,0.0
,0,2023-03-19T13:19,0.0
,0,2023-03-19T15:00,0.0
,0,2023-03-19T16:42,0.0
,0,2023-03-19T18:23,0.0
,0,2023-03-19T20:05,0.0
,0,2023-03-19T21:46,0.0
,0,2023-03-19T23:28,0.0
,0,2023-03-20T01:09,0.0
,0,2023-03-20T02:51,0.0
,0,2023-03-20T04:32,0.0
,0,2023-03-20T06:14,0.0
4.8600907774401976e-05,271,2023-03-20T07:55,1.2262443438914028
,0,2023-03-20T09:37,0.0
,0,2023-03-20T11:18,0.0
,0,2023-03-20T13:00,0.0
,0,2023-03-20T14:41,0.0
,0,2023-03-20T16:23,0.0
,0,2023-03-20T18:04,0.0
,0,2023-03-20T19:46,0.0
,0,2023-03-20T21:27,0.0
,0,2023-03-20T23:09,0.0
,0,2023-03-21T00:50,0.0
,0,2023-03-21T02:32,0.0
,0,2023-03-21T04:14,0.0
,0,2023-03-21T05:55,0.0
3.4526866357851176e-05,203,2023-03-21T07:37,0.918552036199095
,0,2023-03-21T09:18,0.0
,0,2023-03-21T11:00,0.0
,0,2023-03-21T12:41,0.0
,0,2023-03-21T14:23,0.0
,0,2023-03-21T16:04,0.0
,0,2023-03-21T17:46,0.0
,0,2023-03-21T19:27,0.0
,0,2023-03-21T21:09,0.0
,0,2023-03-21T22:50,0.0
,0,2023-03-22T00:32,0.0
,0,2023-03-22T02:13,0.0
,0,2023-03-22T03:55,0.0
,0,2023-03-22T05:36,0.0
3.150722496451254e-05,271,2023-03-22T07:18,1.2262443438914028
,0,2023-03-22T08:59,0.0
,0,2023-03-22T10:41,0.0
,0,2023-03-22T12:22,0.0
,0,2023-03-22T14:04,0.0
,0,2023-03-22T15:45,0.0
,0,2023-03-22T17:27,0.0
,0,2023-03-22T19:08,0.0
,0,2023-03-22T20:50,0.0
,0,2023-03-22T22:31,0.0
,0,2023-03-23T00:13,0.0
,0,2023-03-23T01:54,0.0
,0,2023-03-23T03:36,0.0
,0,2023-03-23T05:17,0.0
2.9011674310483716e-05,271,2023-03-23T06:59,1.2262443438914028
3.6448619097019954e-05,271,2023-03-23T08:40,1.2262443438914028
,0,2023-03-23T10:22,0.0
,0,2023-03-23T12:03,0.0
,0,2023-03-23T13:45,0.0
,0,2023-03-23T15:26,0.0
,0,2023-03-23T17:08,0.0
,0,2023-03-23T18:49,0.0
,0,2023-03-23T20:31,0.0
,0,2023-03-23T22:12,0.0
,0,2023-03-23T23:54,0.0
,0,2023-03-24T01:35,0.0
,0,2023-03-24T03:17,0.0
,0,2023-03-24T04:58,0.0
,0,2023-03-24T06:40,0.0
4.011833364684827e-05,271,2023-03-24T08:21,1.2262443438914028
,0,2023-03-24T10:03,0.0
,0,2023-03-24T11:44,0.0
,0,2023-03-24T13:26,0.0
,0,2023-03-24T15:07,0.0
,0,2023-03-24T16:49,0.0
,0,2023-03-24T18:30,0.0
,0,2023-03-24T20:12,0.0
,0,2023-03-24T21:53,0.0
,0,2023-03-24T23:35,0.0
,0,2023-03-25T01:17,0.0
,0,2023-03-25T02:58,0.0
,0,2023-03-25T04:40,0.0
,0,2023-03-25T06:21,0.0
5.218756055355964e-05,271,2023-03-25T08:03,1.2262443438914028
,0,2023-03-25T09:44,0.0
,0,2023-03-25T11:26,0.0
,0,2023-03-25T13:07,0.0
,0,2023-03-25T14:49,0.0
,0,2023-03-25T16:30,0.0
,0,2023-03-25T18:12,0.0
,0,2023-03-25T19:53,0.0
,0,2023-03-25T21:35,0.0
,0,2023-03-25T23:16,0.0
,0,2023-03-26T00:58,0.0
,0,2023-03-26T02:39,0.0
,0,2023-03-26T04:21,0.0
,0,2023-03-26T06:02,0.0
6.913130022923996e-05,271,2023-03-26T07:44,1.2262443438914028
,0,2023-03-26T09:25,0.0
,0,2023-03-26T11:07,0.0
,0,2023-03-26T12:48,0.0
,0,2023-03-26T14:30,0.0
,0,2023-03-26T16:11,0.0
,0,2023-03-26T17:53,0.0
,0,2023-03-26T19:34,0.0
,0,2023-03-26T21:16,0.0
,0,2023-03-26T22:57,0.0
,0,2023-03-27T00:39,0.0
,0,2023-03-27T02:20,0.0
,0,2023-03-27T04:02,0.0
,0,2023-03-27T05:43,0.0
6.777307392253152e-05,271,2023-03-27T07:25,1.2262443438914028
,0,2023-03-27T09:06,0.0
,0,2023-03-27T10:48,0.0
,0,2023-03-27T12:29,0.0
,0,2023-03-27T14:11,0.0
,0,2023-03-27T15:52,0.0
,0,2023-03-27T17:34,0.0
,0,2023-03-27T19:15,0.0
,0,2023-03-27T20:57,0.0
,0,2023-03-27T22:38,0.0
,0,2023-03-28T00:20,0.0
,0,2023-03-28T02:01,0.0
,0,2023-03-28T03:43,0.0
,0,2023-03-28T05:24,0.0
6.163156198692441e-05,271,2023-03-28T07:06,1.2262443438914028
,0,2023-03-28T08:47,0.0
,0,2023-03-28T10:29,0.0
,0,2023-03-28T12:10,0.0
,0,2023-03-28T13:52,0.0
,0,2023-03-28T15:33,0.0
,0,2023-03-28T17:15,0.0
,0,2023-03-28T18:56,0.0
,0,2023-03-28T20:38,0.0
,0,2023-03-28T22:19,0.0
,0,2023-03-29T00:01,0.0
,0,2023-03-29T01:43,0.0
,0,2023-03-29T03:24,0.0
,0,2023-03-29T05:06,0.0
,0,2023-03-29T06:47,0.0
5.174254114545767e-05,271,2023-03-29T08:29,1.2262443438914028
,0,2023-03-29T10:10,0.0
,0,2023-03-29T11:52,0.0
,0,2023-03-29T13:33,0.0
,0,2023-03-29T15:15,0.0
,0,2023-03-29T16:56,0.0
,0,2023-03-29T18:38,0.0
,0,2023-03-29T20:19,0.0
,0,2023-03-29T22:01,0.0
,0,2023-03-29T23:42,0.0
,0,2023-03-30T01:24,0.0
,0,2023-03-30T03:05,0.0
,0,2023-03-30T04:47,0.0
,0,2023-03-30T06:28,0.0
4.2189671489240925e-05,271,2023-03-30T08:10,1.2262443438914028
,0,2023-03-30T09:51,0.0
,0,2023-03-30T11:33,0.0
,0,2023-03-30T13:14,0.0
,0,2023-03-30T14:56,0.0
,0,2023-03-30T16:37,0.0
,0,2023-03-30T18:19,0.0
,0,2023-03-30T20:00,0.0
,0,2023-03-30T21:42,0.0
,0,2023-03-30T23:23,0.0
,0,2023-03-31T01:05,0.0
,0,2023-03-31T02:46,0.0
,0,2023-03-31T04:28,0.0
,0,2023-03-31T06:09,0.0
3.875932346928969e-05,153,2023-03-31T07:51,0.6923076923076923
,0,2023-03-31T09:32,0.0
,0,2023-03-31T11:14,0.0
,0,2023-03-31T12:55,0.0
,0,2023-03-31T14:37,0.0
,0,2023-03-31T16:18,0.0
,0,2023-03-31T18:00,0.0
,0,2023-03-31T19:41,0.0
,0,2023-03-31T21:23,0.0
,0,2023-03-31T23:04,0.0
,0,2023-04-01T00:46,0.0
,0,2023-04-01T02:27,0.0
,0,2023-04-01T04:09,0.0
,0,2023-04-01T05:50,0.0
7.577815651265115e-05,271,2023-04-01T07:32,1.2262443438914028
,0,2023-04-01T09:13,0.0
,0,2023-04-01T10:55,0.0
,0,2023-04-01T12:36,0.0
,0,2023-04-01T14:18,0.0
,0,2023-04-01T15:59,0.0
,0,2023-04-01T17:41,0.0
,0,2023-04-01T19:22,0.0
,0,2023-04-01T21:04,0.0
,0,2023-04-01T22:45,0.0
,0,2023-04-02T00:27,0.0
,0,2023-04-02T02:08,0.0
,0,2023-04-02T03:50,0.0
,0,2023-04-02T05:32,0.0
5.6411559810042796e-05,271,2023-04-02T07:13,1.2262443438914028
,0,2023-04-02T08:55,0.0
,0,2023-04-02T10:36,0.0
,0,2023-04-02T12:18,0.0
,0,2023-04-02T13:59,0.0
,0,2023-04-02T15:41,0.0
,0,2023-04-02T17:22,0.0
,0,2023-04-02T19:04,0.0
,0,2023-04-02T20:45,0.0
,0,2023-04-02T22:27,0.0
,0,2023-04-03T00:08,0.0
,0,2023-04-03T01:50,0.0
,0,2023-04-03T03:31,0.0
,0,2023-04-03T05:13,0.0
,0,2023-04-03T06:54,0.0
5.1686804126336345e-05,271,2023-04-03T08:36,1.2262443438914028
,0,2023-04-03T10:17,0.0
,0,2023-04-03T11:59,0.0
,0,2023-04-03T13:40,0.0
,0,2023-04-03T15:22,0.0
,0,2023-04-03T17:03,0.0
,0,2023-04-03T18:45,0.0
,0,2023-04-03T20:26,0.0
,0,2023-04-03T22:08,0.0
,0,2023-04-03T23:49,0.0
,0,2023-04-04T01:31,0.0
,0,2023-04-04T03:12,0.0
,0,2023-04-04T04:54,0.0
,0,2023-04-04T06:35,0.0
7.650702396382926e-05,223,2023-04-04T08:17,1.009049773755656
,0,2023-04-04T09:58,0.0
,0,2023-04-04T11:40,0.0
,0,2023-04-04T13:21,0.0
,0,2023-04-04T15:03,0.0
,0,2023-04-04T16:44,0.0
,0,2023-04-04T18:26,0.0
,0,2023-04-04T20:07,0.0
,0,2023-04-04T21:49,0.0
,0,2023-04-04T23:30,0.0
,0,2023-04-05T01:12,0.0
,0,2023-04-05T02:53,0.0
,0,2023-04-05T04:35,0.0
,0,2023-04-05T06:16,0.0
7.443422707713836e-05,271,2023-04-05T07:58,1.2262443438914028
,0,2023-04-05T09:39,0.0
,0,2023-04-05T11:21,0.0
,0,2023-04-05T13:02,0.0
,0,2023-04-05T14:44,0.0
,0,2023-04-05T16:25,0.0
,0,2023-04-05T18:07,0.0
,0,2023-04-05T19:48,0.0
,0,2023-04-05T21:30,0.0
,0,2023-04-05T23:11,0.0
,0,2023-04-06T00:53,0.0
,0,2023-04-06T02:34,0.0
,0,2023-04-06T04:16,0.0
,0,2023-04-06T05:57,0.0
7.721386583870459e-05,269,2023-04-06T07:39,1.2171945701357465
,0,2023-04-06T09:21,0.0
,0,2023-04-06T11:02,0.0
,0,2023-04-06T12:44,0.0
,0,2023-04-06T14:25,0.0
,0,2023-04-06T16:07,0.0
,0,2023-04-06T17:48,0.0
,0,2023-04-06T19:30,0.0
,0,2023-04-06T21:11,0.0
,0,2023-04-06T22:53,0.0
,0,2023-04-07T00:34,0.0
,0,2023-04-07T02:16,0.0
,0,2023-04-07T03:57,0.0
,0,2023-04-07T05:39,0.0
5.8752705584105834e-05,248,2023-04-07T07:20,1.1221719457013575
,0,2023-04-07T09:02,0.0
,0,2023-04-07T10:43,0.0
,0,2023-04-07T12:25,0.0
,0,2023-04-07T14:06,0.0
,0,2023-04-07T15:48,0.0
,0,2023-04-07T17:29,0.0
,0,2023-04-07T19:11,0.0
,0,2023-04-07T20:52,0.0
,0,2023-04-07T22:34,0.0
,0,2023-04-08T00:15,0.0
,0,2023-04-08T01:57,0.0
,0,2023-04-08T03:38,0.0
,0,2023-04-08T05:20,0.0
5.0324826410990416e-05,239,2023-04-08T07:01,1.081447963800905
3.8462754510355994e-05,16,2023-04-08T08:43,0.07239819004524888
,0,2023-04-08T10:24,0.0
,0,2023-04-08T12:06,0.0
,0,2023-04-08T13:47,0.0
,0,2023-04-08T15:29,0.0
,0,2023-04-08T17:10,0.0
,0,2023-04-08T18:52,0.0
,0,2023-04-08T20:33,0.0
,0,2023-04-08T22:15,0.0
,0,2023-04-08T23:56,0.0
,0,2023-04-09T01:38,0.0
,0,2023-04-09T03:19,0.0
,0,2023-04-09T05:01,0.0
,0,2023-04-09T06:42,0.0
,0,2023-04-09T08:24,0.0
,0,2023-04-09T10:05,0.0
,0,2023-04-09T11:47,0.0
,0,2023-04-09T13:28,0.0
,0,2023-04-09T15:10,0.0
,0,2023-04-09T16:51,0.0
,0,2023-04-09T18:33,0.0
,0,2023-04-09T20:14,0.0
,0,2023-04-09T21:56,0.0
,0,2023-04-09T23:37,0.0
,0,2023-04-10T01:19,0.0
,0,2023-04-10T03:00,0.0
,0,2023-04-10T04:42,0.0
,0,2023-04-10T06:23,0.0
8.231225048461792e-05,246,2023-04-10T08:05,1.1131221719457014
,0,2023-04-10T09:46,0.0
,0,2023-04-10T11:28,0.0
,0,2023-04-10T13:09,0.0
,0,2023-04-10T14:51,0.0
,0,2023-04-10T16:33,0.0
,0,2023-04-10T18:14,0.0
,0,2023-04-10T19:56,0.0
,0,2023-04-10T21:37,0.0
,0,2023-04-10T23:19,0.0
,0,2023-04-11T01:00,0.0
,0,2023-04-11T02:42,0.0
,0,2023-04-11T04:23,0.0
,0,2023-04-11T06:05,0.0
9.628714041119151e-05,270,2023-04-11T07:46,1.2217194570135748
,0,2023-04-11T09:28,0.0
,0,2023-04-11T11:09,0.0
,0,2023-04-11T12:51,0.0
,0,2023-04-11T14:32,0.0
,0,2023-04-11T16:14,0.0
,0,2023-04-11T17:55,0.0
,0,2023-04-11T19:37,0.0
,0,2023-04-11T21:18,0.0
,0,2023-04-11T23:00,0.0
,0,2023-04-12T00:41,0.0
,0,2023-04-12T02:23,0.0
,0,2023-04-12T04:04,0.0
,0,2023-04-12T05:46,0.0
7.355323967802514e-05,251,2023-04-12T07:27,1.1357466063348416
,0,2023-04-12T09:09,0.0
,0,2023-04-12T10:50,0.0
,0,2023-04-12T12:32,0.0
,0,2023-04-12T14:13,0.0
,0,2023-04-12T15:55,0.0
,0,2023-04-12T17:36,0.0
,0,2023-04-12T19:18,0.0
,0,2023-04-12T20:59,0.0
,0,2023-04-12T22:41,0.0
,0,2023-04-13T00:22,0.0
,0,2023-04-13T02:04,0.0
,0,2023-04-13T03:45,0.0
,0,2023-04-13T05:27,0.0
,0,2023-04-13T07:08,0.0
,0,2023-04-13T08:50,0.0
,0,2023-04-13T10:31,0.0
,0,2023-04-13T12:13,0.0
,0,2023-04-13T13:54,0.0
,0,2023-04-13T15:36,0.0
,0,2023-04-13T17:17,0.0
,0,2023-04-13T18:59,0.0
,0,2023-04-13T20:40,0.0
,0,2023-04-13T22:22,0.0
,0,2023-04-14T00:03,0.0
,0,2023-04-14T01:45,0.0
,0,2023-04-14T03:26,0.0
,0,2023-04-14T05:08,0.0
,0,2023-04-14T06:49,0.0
4.4304352349332336e-05,20,2023-04-14T08:31,0.09049773755656108
,0,2023-04-14T10:12,0.0
,0,2023-04-14T11:54,0.0
,0,2023-04-14T13:35,0.0
,0,2023-04-14T15:17,0.0
,0,2023-04-14T16:58,0.0
,0,2023-04-14T18:40,0.0
,0,2023-04-14T20:21,0.0
,0,2023-04-14T22:03,0.0
,0,2023-04-14T23:44,0.0
,0,2023-04-15T01:26,0.0
,0,2023-04-15T03:07,0.0
,0,2023-04-15T04:49,0.0
,0,2023-04-15T06:30,0.0
8.624940964583253e-05,260,2023-04-15T08:12,1.1764705882352942
,0,2023-04-15T09:54,0.0
,0,2023-04-15T11:35,0.0
,0,2023-04-15T13:17,0.0
,0,2023-04-15T14:58,0.0
,0,2023-04-15T16:40,0.0
,0,2023-04-15T18:21,0.0
,0,2023-04-15T20:03,0.0
,0,2023-04-15T21:44,0.0
,0,2023-04-15T23:26,0.0
,0,2023-04-16T01:07,0.0
,0,2023-04-16T02:49,0.0
,0,2023-04-16T04:30,0.0
,0,2023-04-16T06:12,0.0
5.868186168183445e-05,72,2023-04-16T07:53,0.3257918552036199
,0,2023-04-16T09:35,0.0
,0,2023-04-16T11:16,0.0
,0,2023-04-16T12:58,0.0
,0,2023-04-16T14:39,0.0
,0,2023-04-16T16:21,0.0
,0,2023-04-16T18:02,0.0
,0,2023-04-16T19:44,0.0
,0,2023-04-16T21:25,0.0
,0,2023-04-16T23:07,0.0
,0,2023-04-17T00:48,0.0
,0,2023-04-17T02:30,0.0
,0,2023-04-17T04:11,0.0
,0,2023-04-17T05:53,0.0
8.66671968556532e-05,268,2023-04-17T07:34,1.2126696832579185
,0,2023-04-17T09:16,0.0
,0,2023-04-17T10:57,0.0
,0,2023-04-17T12:39,0.0
,0,2023-04-17T14:20,0.0
,0,2023-04-17T16:02,0.0
,0,2023-04-17T17:43,0.0
,0,2023-04-17T19:25,0.0
,0,2023-04-17T21:06,0.0
,0,2023-04-17T22:48,0.0
,0,2023-04-18T00:29,0.0
,0,2023-04-18T02:11,0.0
,0,2023-04-18T03:52,0.0
,0,2023-04-18T05:34,0.0
6.944369524506081e-05,269,2023-04-18T07:15,1.2171945701357465
,0,2023-04-18T08:57,0.0
,0,2023-04-18T10:38,0.0
,0,2023-04-18T12:20,0.0
,0,2023-04-18T14:01,0.0
,0,2023-04-18T15:43,0.0
,0,2023-04-18T17:24,0.0
,0,2023-04-18T19:06,0.0
,0,2023-04-18T20:47,0.0
,0,2023-04-18T22:29,0.0
,0,2023-04-19T00:10,0.0
,0,2023-04-19T01:52,0.0
,0,2023-04-19T03:33,0.0
,0,2023-04-19T05:15,0.0
,0,2023-04-19T06:56,0.0
7.926006323767895e-05,253,2023-04-19T08:38,1.1447963800904977
,0,2023-04-19T10:19,0.0
,0,2023-04-19T12:01,0.0
,0,2023-04-19T13:42,0.0
,0,2023-04-19T15:24,0.0
,0,2023-04-19T17:05,0.0
,0,2023-04-19T18:47,0.0
,0,2023-04-19T20:28,0.0
,0,2023-04-19T22:10,0.0
,0,2023-04-19T23:51,0.0
,0,2023-04-20T01:33,0.0
,0,2023-04-20T03:14,0.0
,0,2023-04-20T04:56,0.0
,0,2023-04-20T06:37,0.0
8.362383980829441e-05,35,2023-04-20T08:19,0.1583710407239819
,0,2023-04-20T10:01,0.0
,0,2023-04-20T11:42,0.0
,0,2023-04-20T13:24,0.0
,0,2023-04-20T15:05,0.0
,0,2023-04-20T16:47,0.0
,0,2023-04-20T18:28,0.0
,0,2023-04-20T20:10,0.0
,0,2023-04-20T21:51,0.0
,0,2023-04-20T23:33,0.0
,0,2023-04-21T01:14,0.0
,0,2023-04-21T02:56,0.0
,0,2023-04-21T04:37,0.0
,0,2023-04-21T06:19,0.0
6.39012184093912e-05,269,2023-04-21T08:00,1.2171945701357465
,0,2023-04-21T09:42,0.0
,0,2023-04-21T11:23,0.0
,0,2023-04-21T13:05,0.0
,0,2023-04-21T14:46,0.0
,0,2023-04-21T16:28,0.0
,0,2023-04-21T18:09,0.0
,0,2023-04-21T19:51,0.0
,0,2023-04-21T21:32,0.0
,0,2023-04-21T23:14,0.0
,0,2023-04-22T00:55,0.0
,0,2023-04-22T02:37,0.0
,0,2023-04-22T04:18,0.0
,0,2023-04-22T06:00,0.0
4.354918514368909e-05,269,2023-04-22T07:41,1.2171945701357465
,0,2023-04-22T09:23,0.0
,0,2023-04-22T11:04,0.0
,0,2023-04-22T12:46,0.0
,0,2023-04-22T14:27,0.0
,0,2023-04-22T16:09,0.0
,0,2023-04-22T17:50,0.0
,0,2023-04-22T19:32,0.0
,0,2023-04-22T21:13,0.0
,0,2023-04-22T22:55,0.0
,0,2023-04-23T00:36,0.0
,0,2023-04-23T02:18,0.0
,0,2023-04-23T03:59,0.0
,0,2023-04-23T05:41,0.0
3.910527125463606e-05,223,2023-04-23T07:22,1.009049773755656
,0,2023-04-23T09:04,0.0
,0,2023-04-23T10:45,0.0
,0,2023-04-23T12:27,0.0
,0,2023-04-23T14:08,0.0
,0,2023-04-23T15:50,0.0
,0,2023-04-23T17:31,0.0
,0,2023-04-23T19:13,0.0
,0,2023-04-23T20:54,0.0
,0,2023-04-23T22:36,0.0
,0,2023-04-24T00:17,0.0
,0,2023-04-24T01:59,0.0
,0,2023-04-24T03:40,0.0
,0,2023-04-24T05:22,0.0
4.657877137183811e-05,269,2023-04-24T07:03,1.2171945701357465
6.410855069613999e-05,269,2023-04-24T08:45,1.2171945701357465
,0,2023-04-24T10:26,0.0
,0,2023-04-24T12:08,0.0
,0,2023-04-24T13:49,0.0
,0,2023-04-24T15:31,0.0
,0,2023-04-24T17:12,0.0
,0,2023-04-24T18:54,0.0
,0,2023-04-24T20:35,0.0
,0,2023-04-24T22:17,0.0
,0,2023-04-24T23:59,0.0
,0,2023-04-25T01:40,0.0
,0,2023-04-25T03:22,0.0
,0,2023-04-25T05:03,0.0
,0,2023-04-25T06:45,0.0
7.631339878598095e-05,269,2023-04-25T08:26,1.2171945701357465
,0,2023-04-25T10:08,0.0
,0,2023-04-25T11:49,0.0
,0,2023-04-25T13:31,0.0
,0,2023-04-25T15:12,0.0
,0,2023-04-25T16:54,0.0
,0,2023-04-25T18:35,0.0
,0,2023-04-25T20:17,0.0
,0,2023-04-25T21:58,0.0
,0,2023-04-25T23:40,0.0
,0,2023-04-26T01:21,0.0
,0,2023-04-26T03:03,0.0
,0,2023-04-26T04:44,0.0
,0,2023-04-26T06:26,0.0
3.8111083578980645e-05,39,2023-04-26T08:07,0.17647058823529413
,0,2023-04-26T09:49,0.0
,0,2023-04-26T11:30,0.0
,0,2023-04-26T13:12,0.0
,0,2023-04-26T14:53,0.0
,0,2023-04-26T16:35,0.0
,0,2023-04-26T18:16,0.0
,0,2023-04-26T19:58,0.0
,0,2023-04-26T21:39,0.0
,0,2023-04-26T23:21,0.0
,0,2023-04-27T01:02,0.0
,0,2023-04-27T02:44,0.0
,0,2023-04-27T04:25,0.0
,0,2023-04-27T06:07,0.0
6.526759016027198e-05,114,2023-04-27T07:48,0.5158371040723982
,0,2023-04-27T09:30,0.0
,0,2023-04-27T11:11,0.0
,0,2023-04-27T12:53,0.0
,0,2023-04-27T14:34,0.0
,0,2023-04-27T16:16,0.0
,0,2023-04-27T17:57,0.0
,0,2023-04-27T19:39,0.0
,0,2023-04-27T21:20,0.0
,0,2023-04-27T23:02,0.0
,0,2023-04-28T00:43,0.0
,0,2023-04-28T02:25,0.0
,0,2023-04-28T04:06,0.0
,0,2023-04-28T05:48,0.0
6.078478796747649e-05,86,2023-04-28T07:29,0.3891402714932127
,0,2023-04-28T09:11,0.0
,0,2023-04-28T10:52,0.0
,0,2023-04-28T12:34,0.0
,0,2023-04-28T14:15,0.0
,0,2023-04-28T15:57,0.0
,0,2023-04-28T17:38,0.0
,0,2023-04-28T19:20,0.0
,0,2023-04-28T21:01,0.0
,0,2023-04-28T22:43,0.0
,0,2023-04-29T00:24,0.0
,0,2023-04-29T02:06,0.0
,0,2023-04-29T03:47,0.0
,0,2023-04-29T05:29,0.0
3.788069245049265e-05,268,2023-04-29T07:10,1.2126696832579185
,0,2023-04-29T08:52,0.0
,0,2023-04-29T10:33,0.0
,0,2023-04-29T12:15,0.0
,0,2023-04-29T13:56,0.0
,0,2023-04-29T15:38,0.0
,0,2023-04-29T17:19,0.0
,0,2023-04-29T19:01,0.0
,0,2023-04-29T20:42,0.0
,0,2023-04-29T22:24,0.0
,0,2023-04-30T00:05,0.0
,0,2023-04-30T01:47,0.0
,0,2023-04-30T03:28,0.0
,0,2023-04-30T05:10,0.0
,0,2023-04-30T06:51,0.0
3.513118033431669e-05,269,2023-04-30T08:33,1.2171945701357465
,0,2023-04-30T10:15,0.0
,0,2023-04-30T11:56,0.0
,0,2023-04-30T13:38,0.0
,0,2023-04-30T15:19,0.0
,0,2023-04-30T17:01,0.0
,0,2023-04-30T18:42,0.0
,0,2023-04-30T20:24,0.0
,0,2023-04-30T22:05,0.0
,0,2023-04-30T23:47,0.0
,0,2023-05-01T01:28,0.0
,0,2023-05-01T03:10,0.0
,0,2023-05-01T04:51,0.0
,0,2023-05-01T06:33,0.0
3.8801371217169156e-05,269,2023-05-01T08:14,1.2171945701357465
,0,2023-05-01T09:56,0.0
,0,2023-05-01T11:37,0.0
,0,2023-05-01T13:19,0.0
,0,2023-05-01T15:00,0.0
,0,2023-05-01T16:42,0.0
,0,2023-05-01T18:23,0.0
,0,2023-05-01T20:05,0.0
,0,2023-05-01T21:46,0.0
,0,2023-05-01T23:28,0.0
,0,2023-05-02T01:09,0.0
,0,2023-05-02T02:51,0.0
,0,2023-05-02T04:32,0.0
,0,2023-05-02T06:14,0.0
4.9615686397182316e-05,64,2023-05-02T07:55,0.2895927601809955
,0,2023-05-02T09:37,0.0
,0,2023-05-02T11:18,0.0
,0,2023-05-02T13:00,0.0
,0,2023-05-02T14:41,0.0
,0,2023-05-02T16:23,0.0
,0,2023-05-02T18:04,0.0
,0,2023-05-02T19:46,0.0
,0,2023-05-02T21:27,0.0
,0,2023-05-02T23:09,0.0
,0,2023-05-03T00:50,0.0
,0,2023-05-03T02:32,0.0
,0,2023-05-03T04:13,0.0
,0,2023-05-03T05:55,0.0
3.7013547846374805e-05,214,2023-05-03T07:36,0.9683257918552036
,0,2023-05-03T09:18,0.0
,0,2023-05-03T10:59,0.0
,0,2023-05-03T12:41,0.0
,0,2023-05-03T14:22,0.0
,0,2023-05-03T16:04,0.0
,0,2023-05-03T19:27,0.0
,0,2023-05-03T21:08,0.0
,0,2023-05-03T22:50,0.0
,0,2023-05-04T00:31,0.0
,0,2023-05-04T02:13,0.0
,0,2023-05-04T03:54,0.0
,0,2023-05-04T05:36,0.0
4.705981687133621e-05,109,2023-05-04T07:17,0.49321266968325794
,0,2023-05-04T08:59,0.0
,0,2023-05-04T10:40,0.0
,0,2023-05-04T12:22,0.0
,0,2023-05-04T14:03,0.0
,0,2023-05-04T15:45,0.0
,0,2023-05-04T17:26,0.0
,0,2023-05-04T19:08,0.0
,0,2023-05-04T20:49,0.0
,0,2023-05-04T22:31,0.0
,0,2023-05-05T00:12,0.0
,0,2023-05-05T01:54,0.0
,0,2023-05-05T03:35,0.0
,0,2023-05-05T05:17,0.0
,0,2023-05-05T06:58,0.0
,0,2023-05-05T08:40,0.0
,0,2023-05-05T10:21,0.0
,0,2023-05-05T12:03,0.0
,0,2023-05-05T13:44,0.0
,0,2023-05-05T15:26,0.0
,0,2023-05-05T17:07,0.0
,0,2023-05-05T18:49,0.0
,0,2023-05-05T20:30,0.0
,0,2023-05-05T22:12,0.0
,0,2023-05-05T23:53,0.0
,0,2023-05-06T01:35,0.0
,0,2023-05-06T03:16,0.0
,0,2023-05-06T04:58,0.0
,0,2023-05-06T06:39,0.0
6.641666194828489e-05,20,2023-05-06T08:21,0.09049773755656108
,0,2023-05-06T10:02,0.0
,0,2023-05-06T11:44,0.0
,0,2023-05-06T13:25,0.0
,0,2023-05-06T15:07,0.0
,0,2023-05-06T16:48,0.0
,0,2023-05-06T18:30,0.0
,0,2023-05-06T20:11,0.0
,0,2023-05-06T21:53,0.0
,0,2023-05-06T23:34,0.0
,0,2023-05-07T01:16,0.0
,0,2023-05-07T02:57,0.0
,0,2023-05-07T04:39,0.0
,0,2023-05-07T06:20,0.0
6.497669637287208e-05,215,2023-05-07T08:02,0.9728506787330317
,0,2023-05-07T09:43,0.0
,0,2023-05-07T11:25,0.0
,0,2023-05-07T13:06,0.0
,0,2023-05-07T14:48,0.0
,0,2023-05-07T16:29,0.0
,0,2023-05-07T18:11,0.0
,0,2023-05-07T19:52,0.0
,0,2023-05-07T21:34,0.0
,0,2023-05-07T23:15,0.0
,0,2023-05-08T00:57,0.0
,0,2023-05-08T02:38,0.0
,0,2023-05-08T04:20,0.0
,0,2023-05-08T06:02,0.0
4.914298039936026e-05,39,2023-05-08T07:43,0.17647058823529413
,0,2023-05-08T09:25,0.0
,0,2023-05-08T11:06,0.0
,0,2023-05-08T12:48,0.0
,0,2023-05-08T14:29,0.0
,0,2023-05-08T16:11,0.0
,0,2023-05-08T17:52,0.0
,0,2023-05-08T19:34,0.0
,0,2023-05-08T21:15,0.0
,0,2023-05-08T22:57,0.0
,0,2023-05-09T00:38,0.0
,0,2023-05-09T02:20,0.0
,0,2023-05-09T04:01,0.0
,0,2023-05-09T05:43,0.0
,0,2023-05-09T07:24,0.0
,0,2023-05-09T09:06,0.0
,0,2023-05-09T10:47,0.0
,0,2023-05-09T12:29,0.0
,0,2023-05-09T14:10,0.0
,0,2023-05-09T15:52,0.0
,0,2023-05-09T17:33,0.0
,0,2023-05-09T19:15,0.0
,0,2023-05-09T20:56,0.0
,0,2023-05-09T22:38,0.0
,0,2023-05-10T00:19,0.0
,0,2023-05-10T02:01,0.0
,0,2023-05-10T03:42,0.0
,0,2023-05-10T05:24,0.0
4.636106302149197e-05,269,2023-05-10T07:05,1.2171945701357465
4.836593133316491e-05,233,2023-05-10T08:47,1.0542986425339367
,0,2023-05-10T10:28,0.0
,0,2023-05-10T12:10,0.0
,0,2023-05-10T13:51,0.0
,0,2023-05-10T15:33,0.0
,0,2023-05-10T17:14,0.0
,0,2023-05-10T18:56,0.0
,0,2023-05-10T20:37,0.0
,0,2023-05-10T22:19,0.0
,0,2023-05-11T00:00,0.0
,0,2023-05-11T01:42,0.0
,0,2023-05-11T03:23,0.0
,0,2023-05-11T05:05,0.0
,0,2023-05-11T06:46,0.0
6.858976672181592e-05,249,2023-05-11T08:28,1.1266968325791855
,0,2023-05-11T10:09,0.0
,0,2023-05-11T11:51,0.0
,0,2023-05-11T13:32,0.0
,0,2023-05-11T15:14,0.0
,0,2023-05-11T16:55,0.0
,0,2023-05-11T18:37,0.0
,0,2023-05-11T20:18,0.0
,0,2023-05-11T22:00,0.0
,0,2023-05-11T23:41,0.0
,0,2023-05-12T01:23,0.0
,0,2023-05-12T03:04,0.0
,0,2023-05-12T04:46,0.0
,0,2023-05-12T06:27,0.0
6.108200931052763e-05,246,2023-05-12T08:09,1.1131221719457014
,0,2023-05-12T09:50,0.0
,0,2023-05-12T11:32,0.0
,0,2023-05-12T13:13,0.0
,0,2023-05-12T14:55,0.0
,0,2023-05-12T16:36,0.0
,0,2023-05-12T18:18,0.0
,0,2023-05-12T19:59,0.0
,0,2023-05-12T21:41,0.0
,0,2023-05-12T23:22,0.0
,0,2023-05-13T01:04,0.0
,0,2023-05-13T02:45,0.0
,0,2023-05-13T04:27,0.0
,0,2023-05-13T06:08,0.0
5.316409818093149e-05,269,2023-05-13T07:50,1.2171945701357465
,0,2023-05-13T09:31,0.0
,0,2023-05-13T11:13,0.0
,0,2023-05-13T12:54,0.0
,0,2023-05-13T14:36,0.0
,0,2023-05-13T16:17,0.0
,0,2023-05-13T17:59,0.0
,0,2023-05-13T19:40,0.0
,0,2023-05-13T21:22,0.0
,0,2023-05-13T23:03,0.0
,0,2023-05-14T00:45,0.0
,0,2023-05-14T02:26,0.0
,0,2023-05-14T04:08,0.0
,0,2023-05-14T05:49,0.0
4.4637598460423565e-05,269,2023-05-14T07:31,1.2171945701357465
,0,2023-05-14T09:12,0.0
,0,2023-05-14T10:54,0.0
,0,2023-05-14T12:35,0.0
,0,2023-05-14T14:17,0.0
,0,2023-05-14T15:58,0.0
,0,2023-05-14T17:40,0.0
,0,2023-05-14T19:21,0.0
,0,2023-05-14T21:03,0.0
,0,2023-05-14T22:44,0.0
,0,2023-05-15T00:26,0.0
,0,2023-05-15T02:07,0.0
,0,2023-05-15T03:49,0.0
,0,2023-05-15T05:30,0.0
3.131989234536306e-05,269,2023-05-15T07:12,1.2171945701357465
,0,2023-05-15T08:53,0.0
,0,2023-05-15T10:35,0.0
,0,2023-05-15T12:16,0.0
,0,2023-05-15T13:58,0.0
,0,2023-05-15T15:39,0.0
,0,2023-05-15T17:21,0.0
,0,2023-05-15T19:02,0.0
,0,2023-05-15T20:44,0.0
,0,2023-05-15T22:25,0.0
,0,2023-05-16T00:07,0.0
,0,2023-05-16T01:48,0.0
,0,2023-05-16T03:30,0.0
,0,2023-05-16T05:11,0.0
,0,2023-05-16T06:53,0.0
3.590549974613471e-05,269,2023-05-16T08:34,1.2171945701357465
,0,2023-05-16T10:16,0.0
,0,2023-05-16T11:57,0.0
,0,2023-05-16T13:39,0.0
,0,2023-05-16T15:20,0.0
,0,2023-05-16T17:02,0.0
,0,2023-05-16T18:43,0.0
,0,2023-05-16T20:25,0.0
,0,2023-05-16T22:06,0.0
,0,2023-05-16T23:48,0.0
,0,2023-05-17T01:29,0.0
,0,2023-05-17T03:11,0.0
,0,2023-05-17T04:52,0.0
,0,2023-05-17T06:34,0.0
4.140046584474731e-05,269,2023-05-17T08:15,1.2171945701357465
,0,2023-05-17T09:57,0.0
,0,2023-05-17T11:38,0.0
,0,2023-05-17T13:20,0.0
,0,2023-05-17T15:01,0.0
,0,2023-05-17T16:43,0.0
,0,2023-05-17T18:24,0.0
,0,2023-05-17T20:06,0.0
,0,2023-05-17T21:47,0.0
,0,2023-05-17T23:29,0.0
,0,2023-05-18T01:10,0.0
,0,2023-05-18T02:52,0.0
,0,2023-05-18T04:33,0.0
,0,2023-05-18T06:15,0.0
5.082835651275371e-05,222,2023-05-18T07:56,1.004524886877828
,0,2023-05-18T09:38,0.0
,0,2023-05-18T11:19,0.0
,0,2023-05-18T13:01,0.0
,0,2023-05-18T14:42,0.0
,0,2023-05-18T16:24,0.0
,0,2023-05-18T18:44,0.0
,0,2023-05-18T19:47,0.0
,0,2023-05-18T21:28,0.0
,0,2023-05-18T23:10,0.0
,0,2023-05-19T00:51,0.0
,0,2023-05-19T02:33,0.0
,0,2023-05-19T04:14,0.0
,0,2023-05-19T05:56,0.0
5.039648678581087e-05,269,2023-05-19T07:37,1.2171945701357465
,0,2023-05-19T09:19,0.0
,0,2023-05-19T11:00,0.0
,0,2023-05-19T12:42,0.0
,0,2023-05-19T14:23,0.0
,0,2023-05-19T16:05,0.0
,0,2023-05-19T17:46,0.0
,0,2023-05-19T19:28,0.0
,0,2023-05-19T21:09,0.0
,0,2023-05-19T22:51,0.0
,0,2023-05-20T00:32,0.0
,0,2023-05-20T02:14,0.0
,0,2023-05-20T03:55,0.0
,0,2023-05-20T05:37,0.0
3.993255365749677e-05,269,2023-05-20T07:18,1.2171945701357465
,0,2023-05-20T09:00,0.0
,0,2023-05-20T10:41,0.0
,0,2023-05-20T12:23,0.0
,0,2023-05-20T14:04,0.0
,0,2023-05-20T15:46,0.0
,0,2023-05-20T17:27,0.0
,0,2023-05-20T19:09,0.0
,0,2023-05-20T20:50,0.0
,0,2023-05-20T22:32,0.0
,0,2023-05-21T00:13,0.0
,0,2023-05-21T01:55,0.0
,0,2023-05-21T03:36,0.0
,0,2023-05-21T05:18,0.0
,0,2023-05-21T06:59,0.0
4.2243578506452244e-05,269,2023-05-21T08:41,1.2171945701357465
,0,2023-05-21T10:22,0.0
,0,2023-05-21T12:04,0.0
,0,2023-05-21T13:45,0.0
,0,2023-05-21T15:27,0.0
,0,2023-05-21T17:08,0.0
,0,2023-05-21T18:50,0.0
,0,2023-05-21T20:31,0.0
,0,2023-05-21T22:13,0.0
,0,2023-05-21T23:54,0.0
,0,2023-05-22T01:36,0.0
,0,2023-05-22T03:17,0.0
,0,2023-05-22T04:59,0.0
,0,2023-05-22T06:40,0.0
4.973973214159388e-05,268,2023-05-22T08:22,1.2126696832579185
,0,2023-05-22T10:03,0.0
,0,2023-05-22T11:45,0.0
,0,2023-05-22T13:26,0.0
,0,2023-05-22T15:08,0.0
,0,2023-05-22T16:49,0.0
,0,2023-05-22T18:31,0.0
,0,2023-05-22T20:12,0.0
,0,2023-05-22T21:54,0.0
,0,2023-05-22T23:35,0.0
,0,2023-05-23T01:17,0.0
,0,2023-05-23T02:58,0.0
,0,2023-05-23T04:40,0.0
,0,2023-05-23T06:21,0.0
6.36918773594082e-05,269,2023-05-23T08:03,1.2171945701357465
,0,2023-05-23T09:44,0.0
,0,2023-05-23T11:26,0.0
,0,2023-05-23T13:07,0.0
,0,2023-05-23T14:49,0.0
,0,2023-05-23T16:30,0.0
,0,2023-05-23T18:12,0.0
,0,2023-05-23T19:53,0.0
,0,2023-05-23T21:35,0.0
,0,2023-05-23T23:16,0.0
,0,2023-05-24T00:58,0.0
,0,2023-05-24T02:39,0.0
,0,2023-05-24T04:21,0.0
,0,2023-05-24T06:02,0.0
4.029278767362822e-05,269,2023-05-24T07:44,1.2171945701357465
,0,2023-05-24T09:25,0.0
,0,2023-05-24T11:07,0.0
,0,2023-05-24T12:48,0.0
,0,2023-05-24T14:30,0.0
,0,2023-05-24T16:11,0.0
,0,2023-05-24T17:53,0.0
,0,2023-05-24T19:34,0.0
,0,2023-05-24T21:16,0.0
,0,2023-05-24T22:57,0.0
,0,2023-05-25T00:39,0.0
,0,2023-05-25T02:20,0.0
,0,2023-05-25T04:02,0.0
,0,2023-05-25T05:43,0.0
3.487387593511192e-05,269,2023-05-25T07:25,1.2171945701357465
,0,2023-05-25T09:06,0.0
,0,2023-05-25T10:48,0.0
,0,2023-05-25T12:29,0.0
,0,2023-05-25T14:11,0.0
,0,2023-05-25T15:52,0.0
,0,2023-05-25T17:34,0.0
,0,2023-05-25T19:15,0.0
,0,2023-05-25T20:57,0.0
,0,2023-05-25T22:38,0.0
,0,2023-05-26T00:20,0.0
,0,2023-05-26T02:01,0.0
,0,2023-05-26T03:43,0.0
,0,2023-05-26T05:24,0.0
2.3374448413622508e-05,260,2023-05-26T07:06,1.1764705882352942
2.9602954132407643e-05,269,2023-05-26T08:47,1.2171945701357465
,0,2023-05-26T10:29,0.0
,0,2023-05-26T12:10,0.0
,0,2023-05-26T13:52,0.0
,0,2023-05-26T15:33,0.0
,0,2023-05-26T17:15,0.0
,0,2023-05-26T18:56,0.0
,0,2023-05-26T20:38,0.0
,0,2023-05-26T22:19,0.0
,0,2023-05-27T00:01,0.0
,0,2023-05-27T01:42,0.0
,0,2023-05-27T05:05,0.0
,0,2023-05-27T06:47,0.0
,0,2023-05-27T10:10,0.0
,0,2023-05-27T11:51,0.0
,0,2023-05-27T15:14,0.0
,0,2023-05-27T16:56,0.0
,0,2023-05-27T20:19,0.0
,0,2023-05-27T22:00,0.0
,0,2023-05-28T03:05,0.0
,0,2023-05-28T06:28,0.0
3.8937568552303114e-05,269,2023-05-28T08:09,1.2171945701357465
,0,2023-05-28T18:18,0.0
,0,2023-05-28T20:00,0.0
,0,2023-05-28T23:23,0.0
,0,2023-05-29T01:04,0.0
,0,2023-05-29T02:46,0.0
,0,2023-05-29T06:09,0.0
5.609725105883821e-05,269,2023-05-29T07:50,1.2171945701357465
,0,2023-05-29T12:55,0.0
,0,2023-05-29T16:18,0.0
,0,2023-05-29T19:41,0.0
,0,2023-05-29T23:04,0.0
,0,2023-05-30T05:50,0.0
,0,2023-05-30T10:54,0.0
,0,2023-05-30T17:40,0.0
,0,2023-05-31T03:49,0.0
6.606864752284504e-05,269,2023-05-31T07:12,1.2171945701357465
,0,2023-05-31T10:35,0.0
,0,2023-05-31T13:58,0.0
,0,2023-05-31T17:21,0.0
,0,2023-05-31T20:44,0.0
,0,2023-05-31T22:26,0.0
,0,2023-10-01T00:11,0.0
,0,2023-10-01T01:53,0.0
,0,2023-10-01T03:34,0.0
,0,2023-10-01T05:16,0.0
,0,2023-10-01T06:57,0.0
,0,2023-10-01T08:39,0.0
,0,2023-10-01T10:20,0.0
,0,2023-10-01T12:02,0.0
,0,2023-10-01T13:43,0.0
,0,2023-10-01T15:25,0.0
,0,2023-10-01T17:06,0.0
,0,2023-10-01T18:48,0.0
,0,2023-10-01T20:29,0.0
,0,2023-10-01T22:10,0.0
,0,2023-10-01T23:52,0.0
,0,2023-10-02T01:33,0.0
,0,2023-10-02T03:15,0.0
,0,2023-10-02T04:56,0.0
,0,2023-10-02T06:38,0.0
,0,2023-10-02T08:19,0.0
,0,2023-10-02T10:01,0.0
,0,2023-10-02T11:42,0.0
,0,2023-10-02T13:24,0.0
,0,2023-10-02T15:05,0.0
,0,2023-10-02T16:47,0.0
,0,2023-10-02T18:28,0.0
,0,2023-10-02T20:10,0.0
,0,2023-10-02T21:51,0.0
,0,2023-10-02T23:33,0.0
,0,2023-10-03T01:14,0.0
,0,2023-10-03T02:56,0.0
,0,2023-10-03T04:37,0.0
,0,2023-10-03T06:19,0.0
5.0456963772001875e-05,271,2023-10-03T08:00,1.2262443438914028
,0,2023-10-03T09:42,0.0
,0,2023-10-03T11:23,0.0
,0,2023-10-03T13:05,0.0
,0,2023-10-03T14:46,0.0
,0,2023-10-03T16:28,0.0
,0,2023-10-03T18:09,0.0
,0,2023-10-03T19:51,0.0
,0,2023-10-03T21:32,0.0
,0,2023-10-03T23:14,0.0
,0,2023-10-04T00:55,0.0
,0,2023-10-04T02:37,0.0
,0,2023-10-04T04:18,0.0
,0,2023-10-04T06:00,0.0
5.685593350558976e-05,271,2023-10-04T07:41,1.2262443438914028
,0,2023-10-04T09:23,0.0
,0,2023-10-04T11:04,0.0
,0,2023-10-04T12:46,0.0
,0,2023-10-04T14:27,0.0
,0,2023-10-04T16:09,0.0
,0,2023-10-04T17:50,0.0
,0,2023-10-04T19:32,0.0
,0,2023-10-04T21:13,0.0
,0,2023-10-04T22:55,0.0
,0,2023-10-05T00:36,0.0
,0,2023-10-05T02:18,0.0
,0,2023-10-05T03:59,0.0
,0,2023-10-05T05:41,0.0
6.673327172202056e-05,271,2023-10-05T07:22,1.2262443438914028
,0,2023-10-05T09:04,0.0
,0,2023-10-05T10:45,0.0
,0,2023-10-05T12:26,0.0
,0,2023-10-05T14:08,0.0
,0,2023-10-05T15:49,0.0
,0,2023-10-05T17:31,0.0
,0,2023-10-05T19:12,0.0
,0,2023-10-05T20:54,0.0
,0,2023-10-05T22:35,0.0
,0,2023-10-06T00:17,0.0
,0,2023-10-06T01:58,0.0
,0,2023-10-06T03:40,0.0
,0,2023-10-06T05:21,0.0
5.922369414746154e-05,271,2023-10-06T07:03,1.2262443438914028
,0,2023-10-06T08:44,0.0
,0,2023-10-06T10:26,0.0
,0,2023-10-06T12:07,0.0
,0,2023-10-06T13:49,0.0
,0,2023-10-06T15:30,0.0
,0,2023-10-06T17:12,0.0
,0,2023-10-06T18:53,0.0
,0,2023-10-06T20:35,0.0
,0,2023-10-06T22:16,0.0
,0,2023-10-06T23:58,0.0
,0,2023-10-07T01:39,0.0
,0,2023-10-07T03:21,0.0
,0,2023-10-07T05:02,0.0
,0,2023-10-07T06:44,0.0
6.419221971137507e-05,238,2023-10-07T08:25,1.0769230769230769
,0,2023-10-07T10:07,0.0
,0,2023-10-07T11:48,0.0
,0,2023-10-07T13:30,0.0
,0,2023-10-07T15:11,0.0
,0,2023-10-07T16:53,0.0
,0,2023-10-07T18:34,0.0
,0,2023-10-07T20:16,0.0
,0,2023-10-07T21:57,0.0
,0,2023-10-07T23:39,0.0
,0,2023-10-08T01:20,0.0
,0,2023-10-08T03:02,0.0
,0,2023-10-08T04:43,0.0
,0,2023-10-08T06:25,0.0
5.7873428608711144e-05,254,2023-10-08T08:06,1.1493212669683257
,0,2023-10-08T09:48,0.0
,0,2023-10-08T11:29,0.0
,0,2023-10-08T13:11,0.0
,0,2023-10-08T14:52,0.0
,0,2023-10-08T16:34,0.0
,0,2023-10-08T18:15,0.0
,0,2023-10-08T19:57,0.0
,0,2023-10-08T21:38,0.0
,0,2023-10-08T23:19,0.0
,0,2023-10-09T01:01,0.0
,0,2023-10-09T02:42,0.0
,0,2023-10-09T04:24,0.0
,0,2023-10-09T06:05,0.0
6.806992245918094e-05,211,2023-10-09T07:47,0.9547511312217195
,0,2023-10-09T09:28,0.0
,0,2023-10-09T11:10,0.0
,0,2023-10-09T12:51,0.0
,0,2023-10-09T14:33,0.0
,0,2023-10-09T16:14,0.0
,0,2023-10-09T17:56,0.0
,0,2023-10-09T19:37,0.0
,0,2023-10-09T21:19,0.0
,0,2023-10-09T23:00,0.0
,0,2023-10-10T00:42,0.0
,0,2023-10-10T02:23,0.0
,0,2023-10-10T04:05,0.0
,0,2023-10-10T05:46,0.0
6.388285209173064e-05,164,2023-10-10T07:28,0.7420814479638009
,0,2023-10-10T09:09,0.0
,0,2023-10-10T10:51,0.0
,0,2023-10-10T12:32,0.0
,0,2023-10-10T14:14,0.0
,0,2023-10-10T15:55,0.0
,0,2023-10-10T17:37,0.0
,0,2023-10-10T19:18,0.0
,0,2023-10-10T21:00,0.0
,0,2023-10-10T22:41,0.0
,0,2023-10-11T00:23,0.0
,0,2023-10-11T02:04,0.0
,0,2023-10-11T03:46,0.0
,0,2023-10-11T05:27,0.0
5.466326158124292e-05,21,2023-10-11T07:09,0.09502262443438914
,0,2023-10-11T08:50,0.0
,0,2023-10-11T10:32,0.0
,0,2023-10-11T12:13,0.0
,0,2023-10-11T13:55,0.0
,0,2023-10-11T15:36,0.0
,0,2023-10-11T17:18,0.0
,0,2023-10-11T18:59,0.0
,0,2023-10-11T20:41,0.0
,0,2023-10-11T22:22,0.0
,0,2023-10-12T00:04,0.0
,0,2023-10-12T01:45,0.0
,0,2023-10-12T03:27,0.0
,0,2023-10-12T05:08,0.0
,0,2023-10-12T06:50,0.0
6.06920688357404e-05,81,2023-10-12T08:31,0.3665158371040724
,0,2023-10-12T10:12,0.0
,0,2023-10-12T11:54,0.0
,0,2023-10-12T13:35,0.0
,0,2023-10-12T15:17,0.0
,0,2023-10-12T16:58,0.0
,0,2023-10-12T18:40,0.0
,0,2023-10-12T20:21,0.0
,0,2023-10-12T22:03,0.0
,0,2023-10-12T23:44,0.0
,0,2023-10-13T01:26,0.0
,0,2023-10-13T03:07,0.0
,0,2023-10-13T04:49,0.0
,0,2023-10-13T06:30,0.0
5.921960446028555e-05,46,2023-10-13T08:12,0.2081447963800905
,0,2023-10-13T09:53,0.0
,0,2023-10-13T11:35,0.0
,0,2023-10-13T13:16,0.0
,0,2023-10-13T14:58,0.0
,0,2023-10-13T16:39,0.0
,0,2023-10-13T18:21,0.0
,0,2023-10-13T20:02,0.0
,0,2023-10-13T21:44,0.0
,0,2023-10-13T23:25,0.0
,0,2023-10-14T01:07,0.0
,0,2023-10-14T02:48,0.0
,0,2023-10-14T04:30,0.0
,0,2023-10-14T06:11,0.0
7.141114891459223e-05,244,2023-10-14T07:53,1.1040723981900453
,0,2023-10-14T09:34,0.0
,0,2023-10-14T11:16,0.0
,0,2023-10-14T12:57,0.0
,0,2023-10-14T14:39,0.0
,0,2023-10-14T16:20,0.0
,0,2023-10-14T18:02,0.0
,0,2023-10-14T19:43,0.0
,0,2023-10-14T21:25,0.0
,0,2023-10-14T23:06,0.0
,0,2023-10-15T00:48,0.0
,0,2023-10-15T02:29,0.0
,0,2023-10-15T04:11,0.0
,0,2023-10-15T05:52,0.0
7.334987786662566e-05,187,2023-10-15T07:34,0.8461538461538461
,0,2023-10-15T09:15,0.0
,0,2023-10-15T10:57,0.0
,0,2023-10-15T12:38,0.0
,0,2023-10-15T14:20,0.0
,0,2023-10-15T16:01,0.0
,0,2023-10-15T17:43,0.0
,0,2023-10-15T19:24,0.0
,0,2023-10-15T21:05,0.0
,0,2023-10-15T22:47,0.0
,0,2023-10-16T00:28,0.0
,0,2023-10-16T02:10,0.0
,0,2023-10-16T03:51,0.0
,0,2023-10-16T05:33,0.0
4.775896630395447e-05,20,2023-10-16T07:14,0.09049773755656108
,0,2023-10-16T08:56,0.0
,0,2023-10-16T10:37,0.0
,0,2023-10-16T12:19,0.0
,0,2023-10-16T14:00,0.0
,0,2023-10-16T15:42,0.0
,0,2023-10-16T17:23,0.0
,0,2023-10-16T19:05,0.0
,0,2023-10-16T20:46,0.0
,0,2023-10-16T22:28,0.0
,0,2023-10-17T00:09,0.0
,0,2023-10-17T01:51,0.0
,0,2023-10-17T03:32,0.0
,0,2023-10-17T05:14,0.0
,0,2023-10-17T06:55,0.0
5.427367909108933e-05,15,2023-10-17T08:37,0.06787330316742081
,0,2023-10-17T10:18,0.0
,0,2023-10-17T12:00,0.0
,0,2023-10-17T13:41,0.0
,0,2023-10-17T15:23,0.0
,0,2023-10-17T17:04,0.0
,0,2023-10-17T18:46,0.0
,0,2023-10-17T20:27,0.0
,0,2023-10-17T22:09,0.0
,0,2023-10-17T23:50,0.0
,0,2023-10-18T01:32,0.0
,0,2023-10-18T03:13,0.0
,0,2023-10-18T04:55,0.0
,0,2023-10-18T06:36,0.0
6.296341894108966e-05,77,2023-10-18T08:18,0.34841628959276016
,0,2023-10-18T09:59,0.0
,0,2023-10-18T11:41,0.0
,0,2023-10-18T13:22,0.0
,0,2023-10-18T15:04,0.0
,0,2023-10-18T16:45,0.0
,0,2023-10-18T18:27,0.0
,0,2023-10-18T20:08,0.0
,0,2023-10-18T21:50,0.0
,0,2023-10-18T23:31,0.0
,0,2023-10-19T01:13,0.0
,0,2023-10-19T02:54,0.0
,0,2023-10-19T04:35,0.0
,0,2023-10-19T06:17,0.0
8.006314773107567e-05,89,2023-10-19T07:58,0.40271493212669685
,0,2023-10-19T09:40,0.0
,0,2023-10-19T11:21,0.0
,0,2023-10-19T13:03,0.0
,0,2023-10-19T14:44,0.0
,0,2023-10-19T16:26,0.0
,0,2023-10-19T18:07,0.0
,0,2023-10-19T19:49,0.0
,0,2023-10-19T21:30,0.0
,0,2023-10-19T23:12,0.0
,0,2023-10-20T00:53,0.0
,0,2023-10-20T02:35,0.0
,0,2023-10-20T04:16,0.0
,0,2023-10-20T05:58,0.0
,0,2023-10-20T07:39,0.0
,0,2023-10-20T09:21,0.0
,0,2023-10-20T11:02,0.0
,0,2023-10-20T12:44,0.0
,0,2023-10-20T14:25,0.0
,0,2023-10-20T16:07,0.0
,0,2023-10-20T17:48,0.0
,0,2023-10-20T19:30,0.0
,0,2023-10-20T21:11,0.0
,0,2023-10-20T22:53,0.0
,0,2023-10-21T00:34,0.0
,0,2023-10-21T02:16,0.0
,0,2023-10-21T03:57,0.0
,0,2023-10-21T05:39,0.0
,0,2023-10-21T07:20,0.0
,0,2023-10-21T09:02,0.0
,0,2023-10-21T10:43,0.0
,0,2023-10-21T12:25,0.0
,0,2023-10-21T14:06,0.0
,0,2023-10-21T15:48,0.0
,0,2023-10-21T17:29,0.0
,0,2023-10-21T19:11,0.0
,0,2023-10-21T20:52,0.0
,0,2023-10-21T22:34,0.0
,0,2023-10-22T00:15,0.0
,0,2023-10-22T01:57,0.0
,0,2023-10-22T03:38,0.0
,0,2023-10-22T05:20,0.0
4.1381942573993455e-05,161,2023-10-22T07:01,0.7285067873303167
,0,2023-10-22T08:43,0.0
,0,2023-10-22T10:24,0.0
,0,2023-10-22T12:05,0.0
,0,2023-10-22T13:47,0.0
,0,2023-10-22T15:28,0.0
,0,2023-10-22T17:10,0.0
,0,2023-10-22T18:51,0.0
,0,2023-10-22T20:33,0.0
,0,2023-10-22T22:14,0.0
,0,2023-10-22T23:56,0.0
,0,2023-10-23T01:37,0.0
,0,2023-10-23T03:19,0.0
,0,2023-10-23T05:00,0.0
,0,2023-10-23T06:42,0.0
7.312234063390054e-05,269,2023-10-23T08:23,1.2171945701357465
,0,2023-10-23T10:05,0.0
,0,2023-10-23T11:46,0.0
,0,2023-10-23T13:28,0.0
,0,2023-10-23T15:09,0.0
,0,2023-10-23T16:51,0.0
,0,2023-10-23T18:32,0.0
,0,2023-10-23T20:14,0.0
,0,2023-10-23T21:55,0.0
,0,2023-10-23T23:37,0.0
,0,2023-10-24T01:18,0.0
,0,2023-10-24T03:00,0.0
,0,2023-10-24T04:41,0.0
,0,2023-10-24T06:23,0.0
5.445739672221248e-05,167,2023-10-24T08:04,0.755656108597285
,0,2023-10-24T09:46,0.0
,0,2023-10-24T11:27,0.0
,0,2023-10-24T13:09,0.0
,0,2023-10-24T14:50,0.0
,0,2023-10-24T16:32,0.0
,0,2023-10-24T18:13,0.0
,0,2023-10-24T19:55,0.0
,0,2023-10-24T21:36,0.0
,0,2023-10-24T23:18,0.0
,0,2023-10-25T00:59,0.0
,0,2023-10-25T02:41,0.0
,0,2023-10-25T04:22,0.0
,0,2023-10-25T06:04,0.0
6.57750781155505e-05,187,2023-10-25T07:45,0.8461538461538461
,0,2023-10-25T09:27,0.0
,0,2023-10-25T11:08,0.0
,0,2023-10-25T12:50,0.0
,0,2023-10-25T14:31,0.0
,0,2023-10-25T16:13,0.0
,0,2023-10-25T17:54,0.0
,0,2023-10-25T19:36,0.0
,0,2023-10-25T21:17,0.0
,0,2023-10-25T22:58,0.0
,0,2023-10-26T00:40,0.0
,0,2023-10-26T02:21,0.0
,0,2023-10-26T04:03,0.0
,0,2023-10-26T05:44,0.0
6.643108914596875e-05,269,2023-10-26T07:26,1.2171945701357465
,0,2023-10-26T09:07,0.0
,0,2023-10-26T10:49,0.0
,0,2023-10-26T12:30,0.0
,0,2023-10-26T14:12,0.0
,0,2023-10-26T15:53,0.0
,0,2023-10-26T17:35,0.0
,0,2023-10-26T19:16,0.0
,0,2023-10-26T20:58,0.0
,0,2023-10-26T22:39,0.0
,0,2023-10-27T00:21,0.0
,0,2023-10-27T02:02,0.0
,0,2023-10-27T03:44,0.0
,0,2023-10-27T05:25,0.0
6.433864817843713e-05,269,2023-10-27T07:07,1.2171945701357465
,0,2023-10-27T08:48,0.0
,0,2023-10-27T10:30,0.0
,0,2023-10-27T12:11,0.0
,0,2023-10-27T13:53,0.0
,0,2023-10-27T15:34,0.0
,0,2023-10-27T17:16,0.0
,0,2023-10-27T18:57,0.0
,0,2023-10-27T20:39,0.0
,0,2023-10-27T22:20,0.0
,0,2023-10-28T00:02,0.0
,0,2023-10-28T01:43,0.0
,0,2023-10-28T03:25,0.0
,0,2023-10-28T05:06,0.0
,0,2023-10-28T06:48,0.0
7.835133206486165e-05,269,2023-10-28T08:29,1.2171945701357465
,0,2023-10-28T10:11,0.0
,0,2023-10-28T11:52,0.0
,0,2023-10-28T13:34,0.0
,0,2023-10-28T15:15,0.0
,0,2023-10-28T16:57,0.0
,0,2023-10-28T18:38,0.0
,0,2023-10-28T20:20,0.0
,0,2023-10-28T22:01,0.0
,0,2023-10-28T23:43,0.0
,0,2023-10-29T01:24,0.0
,0,2023-10-29T03:06,0.0
,0,2023-10-29T04:47,0.0
,0,2023-10-29T06:29,0.0
7.992816910490766e-05,269,2023-10-29T08:10,1.2171945701357465
,0,2023-10-29T09:51,0.0
,0,2023-10-29T11:33,0.0
,0,2023-10-29T13:14,0.0
,0,2023-10-29T14:56,0.0
,0,2023-10-29T16:37,0.0
,0,2023-10-29T18:19,0.0
,0,2023-10-29T20:00,0.0
,0,2023-10-29T21:42,0.0
,0,2023-10-29T23:23,0.0
,0,2023-10-30T01:05,0.0
,0,2023-10-30T02:46,0.0
,0,2023-10-30T04:28,0.0
,0,2023-10-30T06:09,0.0
6.557002133448844e-05,269,2023-10-30T07:51,1.2171945701357465
,0,2023-10-30T09:32,0.0
,0,2023-10-30T11:14,0.0
,0,2023-10-30T12:55,0.0
,0,2023-10-30T14:37,0.0
,0,2023-10-30T16:18,0.0
,0,2023-10-30T18:00,0.0
,0,2023-10-30T19:41,0.0
,0,2023-10-30T21:23,0.0
,0,2023-10-30T23:04,0.0
,0,2023-10-31T00:46,0.0
,0,2023-10-31T02:27,0.0
,0,2023-10-31T04:09,0.0
,0,2023-10-31T05:50,0.0
5.6864619288514624e-05,269,2023-10-31T07:32,1.2171945701357465
,0,2023-10-31T09:13,0.0
,0,2023-10-31T10:55,0.0
,0,2023-10-31T12:36,0.0
,0,2023-10-31T14:18,0.0
,0,2023-10-31T15:59,0.0
,0,2023-10-31T17:41,0.0
,0,2023-10-31T19:22,0.0
,0,2023-10-31T21:04,0.0
,0,2023-10-31T22:45,0.0
,0,2023-11-01T00:27,0.0
,0,2023-11-01T02:08,0.0
,0,2023-11-01T03:50,0.0
,0,2023-11-01T05:31,0.0
5.447641360448183e-05,269,2023-11-01T07:13,1.2171945701357465
,0,2023-11-01T08:54,0.0
,0,2023-11-01T10:36,0.0
,0,2023-11-01T12:17,0.0
,0,2023-11-01T13:59,0.0
,0,2023-11-01T15:40,0.0
,0,2023-11-01T17:22,0.0
,0,2023-11-01T19:03,0.0
,0,2023-11-01T20:45,0.0
,0,2023-11-01T22:26,0.0
,0,2023-11-02T00:07,0.0
,0,2023-11-02T01:49,0.0
,0,2023-11-02T03:30,0.0
,0,2023-11-02T05:12,0.0
6.404231902032304e-05,269,2023-11-02T06:53,1.2171945701357465
0.00010613194308740254,269,2023-11-02T08:35,1.2171945701357465
,0,2023-11-02T10:16,0.0
,0,2023-11-02T11:58,0.0
,0,2023-11-02T13:39,0.0
,0,2023-11-02T15:21,0.0
,0,2023-11-02T17:02,0.0
,0,2023-11-02T18:44,0.0
,0,2023-11-02T20:25,0.0
,0,2023-11-02T22:07,0.0
,0,2023-11-02T23:48,0.0
,0,2023-11-03T01:30,0.0
,0,2023-11-03T03:11,0.0
,0,2023-11-03T04:53,0.0
,0,2023-11-03T06:34,0.0
9.930427210526532e-05,269,2023-11-03T08:16,1.2171945701357465
,0,2023-11-03T09:57,0.0
,0,2023-11-03T11:39,0.0
,0,2023-11-03T13:20,0.0
,0,2023-11-03T15:02,0.0
,0,2023-11-03T16:43,0.0
,0,2023-11-03T18:25,0.0
,0,2023-11-03T20:06,0.0
,0,2023-11-03T21:48,0.0
,0,2023-11-03T23:29,0.0
,0,2023-11-04T01:11,0.0
,0,2023-11-04T02:52,0.0
,0,2023-11-04T04:34,0.0
,0,2023-11-04T06:15,0.0
5.861506494293034e-05,142,2023-11-04T07:57,0.6425339366515838
,0,2023-11-04T09:38,0.0
,0,2023-11-04T11:20,0.0
,0,2023-11-04T13:01,0.0
,0,2023-11-04T14:43,0.0
,0,2023-11-04T16:24,0.0
,0,2023-11-04T18:06,0.0
,0,2023-11-04T19:47,0.0
,0,2023-11-04T21:29,0.0
,0,2023-11-04T23:10,0.0
,0,2023-11-05T00:52,0.0
,0,2023-11-05T02:33,0.0
,0,2023-11-05T04:15,0.0
,0,2023-11-05T05:56,0.0
6.791592525365245e-05,202,2023-11-05T07:38,0.9140271493212669
,0,2023-11-05T09:19,0.0
,0,2023-11-05T11:01,0.0
,0,2023-11-05T12:42,0.0
,0,2023-11-05T14:23,0.0
,0,2023-11-05T16:05,0.0
,0,2023-11-05T17:46,0.0
,0,2023-11-05T19:28,0.0
,0,2023-11-05T21:09,0.0
,0,2023-11-05T22:51,0.0
,0,2023-11-06T00:32,0.0
,0,2023-11-06T02:14,0.0
,0,2023-11-06T03:55,0.0
,0,2023-11-06T05:37,0.0
7.51212866052368e-05,15,2023-11-06T07:18,0.06787330316742081
,0,2023-11-06T09:00,0.0
,0,2023-11-06T10:41,0.0
,0,2023-11-06T12:23,0.0
,0,2023-11-06T14:04,0.0
,0,2023-11-06T15:46,0.0
,0,2023-11-06T17:27,0.0
,0,2023-11-06T19:09,0.0
,0,2023-11-06T20:50,0.0
,0,2023-11-06T22:32,0.0
,0,2023-11-07T00:13,0.0
,0,2023-11-07T01:55,0.0
,0,2023-11-07T03:36,0.0
,0,2023-11-07T05:18,0.0
,0,2023-11-07T06:59,0.0
,0,2023-11-07T08:41,0.0
,0,2023-11-07T10:22,0.0
,0,2023-11-07T12:04,0.0
,0,2023-11-07T13:45,0.0
,0,2023-11-07T15:27,0.0
,0,2023-11-07T17:08,0.0
,0,2023-11-07T18:50,0.0
,0,2023-11-07T20:31,0.0
,0,2023-11-07T22:13,0.0
,0,2023-11-07T23:54,0.0
,0,2023-11-08T01:36,0.0
,0,2023-11-08T03:17,0.0
,0,2023-11-08T04:59,0.0
,0,2023-11-08T06:40,0.0
,0,2023-11-08T08:22,0.0
,0,2023-11-08T10:03,0.0
,0,2023-11-08T11:45,0.0
,0,2023-11-08T13:26,0.0
,0,2023-11-08T15:08,0.0
,0,2023-11-08T16:49,0.0
,0,2023-11-08T18:31,0.0
,0,2023-11-08T20:12,0.0
,0,2023-11-08T21:54,0.0
,0,2023-11-08T23:35,0.0
,0,2023-11-09T01:17,0.0
,0,2023-11-09T02:58,0.0
,0,2023-11-09T04:40,0.0
,0,2023-11-09T06:21,0.0
5.2644141338534524e-05,34,2023-11-09T08:02,0.15384615384615385
,0,2023-11-09T09:44,0.0
,0,2023-11-09T11:25,0.0
,0,2023-11-09T13:07,0.0
,0,2023-11-09T14:48,0.0
,0,2023-11-09T16:30,0.0
,0,2023-11-09T18:11,0.0
,0,2023-11-09T19:53,0.0
,0,2023-11-09T21:34,0.0
,0,2023-11-09T23:16,0.0
,0,2023-11-10T00:57,0.0
,0,2023-11-10T02:39,0.0
,0,2023-11-10T04:20,0.0
,0,2023-11-10T06:02,0.0
5.449001067543126e-05,245,2023-11-10T07:43,1.1085972850678734
,0,2023-11-10T09:25,0.0
,0,2023-11-10T11:06,0.0
,0,2023-11-10T12:48,0.0
,0,2023-11-10T14:29,0.0
,0,2023-11-10T16:11,0.0
,0,2023-11-10T17:52,0.0
,0,2023-11-10T19:34,0.0
,0,2023-11-10T21:15,0.0
,0,2023-11-10T22:57,0.0
,0,2023-11-11T00:38,0.0
,0,2023-11-11T02:20,0.0
,0,2023-11-11T04:01,0.0
,0,2023-11-11T05:43,0.0
4.423031418517164e-05,269,2023-11-11T07:24,1.2171945701357465
,0,2023-11-11T09:06,0.0
,0,2023-11-11T10:47,0.0
,0,2023-11-11T12:29,0.0
,0,2023-11-11T14:10,0.0
,0,2023-11-11T15:52,0.0
,0,2023-11-11T17:33,0.0
,0,2023-11-11T19:15,0.0
,0,2023-11-11T20:56,0.0
,0,2023-11-11T22:38,0.0
,0,2023-11-12T00:19,0.0
,0,2023-11-12T02:01,0.0
,0,2023-11-12T03:42,0.0
,0,2023-11-12T05:24,0.0
4.3650792789325274e-05,269,2023-11-12T07:05,1.2171945701357465
,0,2023-11-12T08:47,0.0
,0,2023-11-12T10:28,0.0
,0,2023-11-12T12:10,0.0
,0,2023-11-12T13:51,0.0
,0,2023-11-12T15:33,0.0
,0,2023-11-12T17:14,0.0
,0,2023-11-12T18:56,0.0
,0,2023-11-12T20:37,0.0
,0,2023-11-12T22:19,0.0
,0,2023-11-13T00:00,0.0
,0,2023-11-13T01:41,0.0
,0,2023-11-13T03:23,0.0
,0,2023-11-13T05:04,0.0
,0,2023-11-13T06:46,0.0
6.284986092892451e-05,269,2023-11-13T08:27,1.2171945701357465
,0,2023-11-13T10:09,0.0
,0,2023-11-13T11:50,0.0
,0,2023-11-13T13:32,0.0
,0,2023-11-13T15:13,0.0
,0,2023-11-13T16:55,0.0
,0,2023-11-13T18:36,0.0
,0,2023-11-13T20:18,0.0
,0,2023-11-13T21:59,0.0
,0,2023-11-13T23:41,0.0
,0,2023-11-14T01:22,0.0
,0,2023-11-14T03:04,0.0
,0,2023-11-14T04:45,0.0
,0,2023-11-14T06:27,0.0
7.598515677603384e-05,269,2023-11-14T08:08,1.2171945701357465
,0,2023-11-14T09:50,0.0
,0,2023-11-14T11:31,0.0
,0,2023-11-14T13:13,0.0
,0,2023-11-14T14:54,0.0
,0,2023-11-14T16:36,0.0
,0,2023-11-14T18:17,0.0
,0,2023-11-14T19:59,0.0
,0,2023-11-14T21:40,0.0
,0,2023-11-14T23:22,0.0
,0,2023-11-15T01:03,0.0
,0,2023-11-15T02:45,0.0
,0,2023-11-15T04:26,0.0
,0,2023-11-15T06:08,0.0
5.115956893985365e-05,269,2023-11-15T07:49,1.2171945701357465
,0,2023-11-15T09:31,0.0
,0,2023-11-15T11:12,0.0
,0,2023-11-15T12:54,0.0
,0,2023-11-15T14:35,0.0
,0,2023-11-15T16:17,0.0
,0,2023-11-15T17:58,0.0
,0,2023-11-15T19:40,0.0
,0,2023-11-15T21:21,0.0
,0,2023-11-15T23:03,0.0
,0,2023-11-16T00:44,0.0
,0,2023-11-16T02:26,0.0
,0,2023-11-16T04:07,0.0
,0,2023-11-16T05:49,0.0
5.599187150743846e-05,269,2023-11-16T07:30,1.2171945701357465
,0,2023-11-16T09:12,0.0
,0,2023-11-16T10:53,0.0
,0,2023-11-16T12:35,0.0
,0,2023-11-16T14:16,0.0
,0,2023-11-16T15:58,0.0
,0,2023-11-16T17:39,0.0
,0,2023-11-16T19:21,0.0
,0,2023-11-16T21:02,0.0
,0,2023-11-16T22:43,0.0
,0,2023-11-17T00:25,0.0
,0,2023-11-17T02:06,0.0
,0,2023-11-17T03:48,0.0
,0,2023-11-17T05:29,0.0
5.2712577547909135e-05,269,2023-11-17T07:11,1.2171945701357465
,0,2023-11-17T08:52,0.0
,0,2023-11-17T10:34,0.0
,0,2023-11-17T12:15,0.0
,0,2023-11-17T13:57,0.0
,0,2023-11-17T15:38,0.0
,0,2023-11-17T17:20,0.0
,0,2023-11-17T19:01,0.0
,0,2023-11-17T20:43,0.0
,0,2023-11-17T22:24,0.0
,0,2023-11-18T00:06,0.0
,0,2023-11-18T01:47,0.0
,0,2023-11-18T03:29,0.0
,0,2023-11-18T05:10,0.0
,0,2023-11-18T06:52,0.0
9.59509946966806e-05,266,2023-11-18T08:33,1.2036199095022624
,0,2023-11-18T10:15,0.0
,0,2023-11-18T11:56,0.0
,0,2023-11-18T13:38,0.0
,0,2023-11-18T15:19,0.0
,0,2023-11-18T17:01,0.0
,0,2023-11-18T18:42,0.0
,0,2023-11-18T20:24,0.0
,0,2023-11-18T22:05,0.0
,0,2023-11-18T23:47,0.0
,0,2023-11-19T01:28,0.0
,0,2023-11-19T03:10,0.0
,0,2023-11-19T04:51,0.0
,0,2023-11-19T06:33,0.0
8.641449249113318e-05,269,2023-11-19T08:14,1.2171945701357465
,0,2023-11-19T09:56,0.0
,0,2023-11-19T11:37,0.0
,0,2023-11-19T13:19,0.0
,0,2023-11-19T15:00,0.0
,0,2023-11-19T16:42,0.0
,0,2023-11-19T18:23,0.0
,0,2023-11-19T20:05,0.0
,0,2023-11-19T21:46,0.0
,0,2023-11-19T23:28,0.0
,0,2023-11-20T01:09,0.0
,0,2023-11-20T02:51,0.0
,0,2023-11-20T04:32,0.0
,0,2023-11-20T06:14,0.0
5.855866151714423e-05,201,2023-11-20T07:55,0.9095022624434389
,0,2023-11-20T09:37,0.0
,0,2023-11-20T11:18,0.0
,0,2023-11-20T13:00,0.0
,0,2023-11-20T14:41,0.0
,0,2023-11-20T16:23,0.0
,0,2023-11-20T18:04,0.0
,0,2023-11-20T19:46,0.0
,0,2023-11-20T21:27,0.0
,0,2023-11-20T23:08,0.0
,0,2023-11-21T00:50,0.0
,0,2023-11-21T02:31,0.0
,0,2023-11-21T04:13,0.0
,0,2023-11-21T05:54,0.0
5.9158970280671304e-05,269,2023-11-21T07:36,1.2171945701357465
,0,2023-11-21T09:17,0.0
,0,2023-11-21T10:59,0.0
,0,2023-11-21T12:40,0.0
,0,2023-11-21T14:22,0.0
,0,2023-11-21T16:03,0.0
,0,2023-11-21T17:45,0.0
,0,2023-11-21T19:26,0.0
,0,2023-11-21T21:08,0.0
,0,2023-11-21T22:49,0.0
,0,2023-11-22T00:31,0.0
,0,2023-11-22T02:12,0.0
,0,2023-11-22T03:54,0.0
,0,2023-11-22T05:35,0.0
6.0511288130359135e-05,269,2023-11-22T07:17,1.2171945701357465
,0,2023-11-22T08:58,0.0
,0,2023-11-22T10:40,0.0
,0,2023-11-22T12:21,0.0
,0,2023-11-22T14:03,0.0
,0,2023-11-22T15:44,0.0
,0,2023-11-22T17:26,0.0
,0,2023-11-22T19:07,0.0
,0,2023-11-22T20:49,0.0
,0,2023-11-22T22:30,0.0
,0,2023-11-23T00:12,0.0
,0,2023-11-23T01:53,0.0
,0,2023-11-23T03:35,0.0
,0,2023-11-23T05:16,0.0
,0,2023-11-23T06:58,0.0
,0,2023-11-23T08:39,0.0
,0,2023-11-23T10:21,0.0
,0,2023-11-23T12:02,0.0
,0,2023-11-23T13:44,0.0
,0,2023-11-23T15:25,0.0
,0,2023-11-23T17:07,0.0
,0,2023-11-23T18:48,0.0
,0,2023-11-23T20:30,0.0
,0,2023-11-23T22:11,0.0
,0,2023-11-23T23:53,0.0
,0,2023-11-24T01:34,0.0
,0,2023-11-24T03:16,0.0
,0,2023-11-24T04:57,0.0
6.973871841149184e-05,192,2023-11-24T08:20,0.8687782805429864
,0,2023-11-24T10:02,0.0
,0,2023-11-24T11:43,0.0
,0,2023-11-24T13:25,0.0
,0,2023-11-24T15:06,0.0
,0,2023-11-24T16:48,0.0
,0,2023-11-24T18:29,0.0
,0,2023-11-24T20:11,0.0
,0,2023-11-24T21:52,0.0
,0,2023-11-24T23:34,0.0
,0,2023-11-25T01:15,0.0
,0,2023-11-25T02:57,0.0
,0,2023-11-25T04:38,0.0
,0,2023-11-25T06:19,0.0
6.511246517680426e-05,236,2023-11-25T08:01,1.0678733031674208
,0,2023-11-25T09:42,0.0
,0,2023-11-25T11:24,0.0
,0,2023-11-25T13:05,0.0
,0,2023-11-25T14:47,0.0
,0,2023-11-25T16:28,0.0
,0,2023-11-25T18:10,0.0
,0,2023-11-25T19:51,0.0
,0,2023-11-25T21:33,0.0
,0,2023-11-25T23:14,0.0
,0,2023-11-26T00:56,0.0
,0,2023-11-26T02:37,0.0
,0,2023-11-26T04:19,0.0
,0,2023-11-26T06:00,0.0
5.473666573277335e-05,203,2023-11-26T07:42,0.918552036199095
,0,2023-11-26T09:23,0.0
,0,2023-11-26T11:05,0.0
,0,2023-11-26T12:46,0.0
,0,2023-11-26T14:28,0.0
,0,2023-11-26T16:09,0.0
,0,2023-11-26T17:51,0.0
,0,2023-11-26T19:32,0.0
,0,2023-11-26T21:14,0.0
,0,2023-11-26T22:55,0.0
,0,2023-11-27T00:37,0.0
,0,2023-11-27T02:18,0.0
,0,2023-11-27T04:00,0.0
,0,2023-11-27T05:41,0.0
8.002125123090987e-05,25,2023-11-27T07:23,0.11312217194570136
,0,2023-11-27T09:04,0.0
,0,2023-11-27T10:46,0.0
,0,2023-11-27T12:27,0.0
,0,2023-11-27T14:09,0.0
,0,2023-11-27T15:50,0.0
,0,2023-11-27T17:32,0.0
,0,2023-11-27T19:13,0.0
,0,2023-11-27T20:55,0.0
,0,2023-11-27T22:36,0.0
,0,2023-11-28T00:18,0.0
,0,2023-11-28T01:59,0.0
,0,2023-11-28T03:41,0.0
,0,2023-11-28T05:22,0.0
,0,2023-11-28T07:04,0.0
,0,2023-11-28T08:45,0.0
,0,2023-11-28T10:27,0.0
,0,2023-11-28T12:08,0.0
,0,2023-11-28T13:50,0.0
,0,2023-11-28T15:31,0.0
,0,2023-11-28T17:13,0.0
,0,2023-11-28T18:54,0.0
,0,2023-11-28T20:36,0.0
,0,2023-11-28T22:17,0.0
,0,2023-11-28T23:59,0.0
,0,2023-11-29T01:40,0.0
,0,2023-11-29T03:22,0.0
,0,2023-11-29T05:03,0.0
,0,2023-11-29T06:45,0.0
3.24023194184845e-05,45,2023-11-29T08:26,0.20361990950226244
,0,2023-11-29T10:08,0.0
,0,2023-11-29T11:49,0.0
,0,2023-11-29T13:31,0.0
,0,2023-11-29T15:12,0.0
,0,2023-11-29T16:54,0.0
,0,2023-11-29T18:35,0.0
,0,2023-11-29T20:16,0.0
,0,2023-11-29T21:58,0.0
,0,2023-11-29T23:39,0.0
,0,2023-11-30T01:21,0.0
,0,2023-11-30T03:02,0.0
,0,2023-11-30T04:44,0.0
,0,2023-11-30T06:25,0.0
5.160800264684415e-05,87,2023-11-30T08:07,0.3936651583710407
,0,2023-11-30T09:48,0.0
,0,2023-11-30T11:30,0.0
,0,2023-11-30T13:11,0.0
,0,2023-11-30T14:53,0.0
,0,2023-11-30T16:34,0.0
,0,2023-11-30T18:16,0.0
,0,2023-11-30T19:57,0.0
,0,2023-11-30T21:39,0.0
,0,2023-11-30T23:20,0.0
,0,2023-12-01T01:02,0.0
,0,2023-12-01T02:43,0.0
,0,2023-12-01T04:25,0.0
,0,2023-12-01T06:06,0.0
4.9696494878344866e-05,266,2023-12-01T07:48,1.2036199095022624
,0,2023-12-01T09:29,0.0
,0,2023-12-01T11:11,0.0
,0,2023-12-01T12:52,0.0
,0,2023-12-01T14:34,0.0
,0,2023-12-01T16:15,0.0
,0,2023-12-01T17:57,0.0
,0,2023-12-01T19:38,0.0
,0,2023-12-01T21:20,0.0
,0,2023-12-01T23:01,0.0
,0,2023-12-02T00:43,0.0
,0,2023-12-02T02:24,0.0
,0,2023-12-02T04:06,0.0
,0,2023-12-02T05:47,0.0
6.866855782444103e-05,43,2023-12-02T07:29,0.19457013574660634
,0,2023-12-02T09:10,0.0
,0,2023-12-02T10:52,0.0
,0,2023-12-02T12:33,0.0
,0,2023-12-02T14:15,0.0
,0,2023-12-02T15:56,0.0
,0,2023-12-02T17:38,0.0
,0,2023-12-02T19:19,0.0
,0,2023-12-02T21:01,0.0
,0,2023-12-02T22:42,0.0
,0,2023-12-03T00:24,0.0
,0,2023-12-03T02:05,0.0
,0,2023-12-03T03:47,0.0
,0,2023-12-03T05:28,0.0
6.787536823428304e-05,269,2023-12-03T07:10,1.2171945701357465
,0,2023-12-03T08:51,0.0
,0,2023-12-03T10:33,0.0
,0,2023-12-03T12:14,0.0
,0,2023-12-03T13:56,0.0
,0,2023-12-03T15:37,0.0
,0,2023-12-03T17:19,0.0
,0,2023-12-03T19:00,0.0
,0,2023-12-03T20:42,0.0
,0,2023-12-03T22:23,0.0
,0,2023-12-04T00:05,0.0
,0,2023-12-04T01:46,0.0
,0,2023-12-04T03:28,0.0
,0,2023-12-04T05:09,0.0
,0,2023-12-04T06:51,0.0
5.5809114255634434e-05,269,2023-12-04T08:32,1.2171945701357465
,0,2023-12-04T10:14,0.0
,0,2023-12-04T11:55,0.0
,0,2023-12-04T13:37,0.0
,0,2023-12-04T15:18,0.0
,0,2023-12-04T16:59,0.0
,0,2023-12-04T18:41,0.0
,0,2023-12-04T20:22,0.0
,0,2023-12-04T22:04,0.0
,0,2023-12-04T23:45,0.0
,0,2023-12-05T01:27,0.0
,0,2023-12-05T03:08,0.0
,0,2023-12-05T04:50,0.0
,0,2023-12-05T06:31,0.0
5.821835182300713e-05,86,2023-12-05T08:13,0.3891402714932127
,0,2023-12-05T09:54,0.0
,0,2023-12-05T11:36,0.0
,0,2023-12-05T13:17,0.0
,0,2023-12-05T14:59,0.0
,0,2023-12-05T16:40,0.0
,0,2023-12-05T18:22,0.0
,0,2023-12-05T20:03,0.0
,0,2023-12-05T21:45,0.0
,0,2023-12-05T23:26,0.0
,0,2023-12-06T01:08,0.0
,0,2023-12-06T02:49,0.0
,0,2023-12-06T04:31,0.0
,0,2023-12-06T06:12,0.0
3.230301753565377e-05,91,2023-12-06T07:54,0.4117647058823529
,0,2023-12-06T09:35,0.0
,0,2023-12-06T11:17,0.0
,0,2023-12-06T12:58,0.0
,0,2023-12-06T14:40,0.0
,0,2023-12-06T16:21,0.0
,0,2023-12-06T18:03,0.0
,0,2023-12-06T19:44,0.0
,0,2023-12-06T21:26,0.0
,0,2023-12-06T23:07,0.0
,0,2023-12-07T00:49,0.0
,0,2023-12-07T02:30,0.0
,0,2023-12-07T04:12,0.0
,0,2023-12-07T05:53,0.0
5.20667649720623e-05,221,2023-12-07T07:35,1.0
,0,2023-12-07T09:16,0.0
,0,2023-12-07T10:58,0.0
,0,2023-12-07T12:39,0.0
,0,2023-12-07T14:21,0.0
,0,2023-12-07T16:02,0.0
,0,2023-12-07T17:44,0.0
,0,2023-12-07T19:25,0.0
,0,2023-12-07T21:07,0.0
,0,2023-12-07T22:48,0.0
,0,2023-12-08T00:30,0.0
,0,2023-12-08T02:11,0.0
,0,2023-12-08T03:53,0.0
,0,2023-12-08T05:34,0.0
6.224223876425147e-05,252,2023-12-08T07:16,1.1402714932126696
,0,2023-12-08T08:57,0.0
,0,2023-12-08T10:39,0.0
,0,2023-12-08T12:20,0.0
,0,2023-12-08T14:02,0.0
,0,2023-12-08T15:43,0.0
,0,2023-12-08T17:25,0.0
,0,2023-12-08T19:06,0.0
,0,2023-12-08T20:48,0.0
,0,2023-12-08T22:29,0.0
,0,2023-12-09T00:11,0.0
,0,2023-12-09T01:52,0.0
,0,2023-12-09T03:34,0.0
,0,2023-12-09T05:15,0.0
5.2500936686480884e-05,269,2023-12-09T06:57,1.2171945701357465
,0,2023-12-09T08:38,0.0
,0,2023-12-09T10:20,0.0
,0,2023-12-09T12:01,0.0
,0,2023-12-09T13:43,0.0
,0,2023-12-09T15:24,0.0
,0,2023-12-09T17:06,0.0
,0,2023-12-09T18:47,0.0
,0,2023-12-09T20:29,0.0
,0,2023-12-09T22:10,0.0
,0,2023-12-09T23:52,0.0
,0,2023-12-10T01:33,0.0
,0,2023-12-10T03:15,0.0
,0,2023-12-10T04:56,0.0
,0,2023-12-10T06:37,0.0
8.577049578655848e-05,269,2023-12-10T08:19,1.2171945701357465
,0,2023-12-10T10:00,0.0
,0,2023-12-10T11:42,0.0
,0,2023-12-10T13:23,0.0
,0,2023-12-10T15:05,0.0
,0,2023-12-10T16:46,0.0
,0,2023-12-10T18:28,0.0
,0,2023-12-10T20:09,0.0
,0,2023-12-10T21:51,0.0
,0,2023-12-10T23:32,0.0
,0,2023-12-11T01:14,0.0
,0,2023-12-11T02:55,0.0
,0,2023-12-11T04:37,0.0
,0,2023-12-11T06:18,0.0
6.582978366785111e-05,269,2023-12-11T08:00,1.2171945701357465
,0,2023-12-11T09:41,0.0
,0,2023-12-11T11:23,0.0
,0,2023-12-11T13:04,0.0
,0,2023-12-11T14:46,0.0
,0,2023-12-11T16:27,0.0
,0,2023-12-11T18:09,0.0
,0,2023-12-11T19:50,0.0
,0,2023-12-11T21:32,0.0
,0,2023-12-11T23:13,0.0
,0,2023-12-12T00:55,0.0
,0,2023-12-12T02:36,0.0
,0,2023-12-12T04:18,0.0
,0,2023-12-12T05:59,0.0
0.00010294269731729672,269,2023-12-12T07:41,1.2171945701357465
,0,2023-12-12T09:22,0.0
,0,2023-12-12T11:04,0.0
,0,2023-12-12T12:45,0.0
,0,2023-12-12T14:27,0.0
,0,2023-12-12T16:08,0.0
,0,2023-12-12T17:50,0.0
,0,2023-12-12T19:31,0.0
,0,2023-12-12T21:13,0.0
,0,2023-12-12T22:54,0.0
,0,2023-12-13T00:36,0.0
,0,2023-12-13T02:17,0.0
,0,2023-12-13T03:59,0.0
,0,2023-12-13T05:40,0.0
9.97947676518964e-05,269,2023-12-13T07:22,1.2171945701357465
,0,2023-12-13T09:03,0.0
,0,2023-12-13T10:45,0.0
,0,2023-12-13T12:26,0.0
,0,2023-12-13T14:08,0.0
,0,2023-12-13T15:49,0.0
,0,2023-12-13T17:31,0.0
,0,2023-12-13T19:12,0.0
,0,2023-12-13T20:54,0.0
,0,2023-12-13T22:35,0.0
,0,2023-12-14T00:17,0.0
,0,2023-12-14T01:58,0.0
,0,2023-12-14T03:40,0.0
,0,2023-12-14T05:21,0.0
5.170088889851252e-05,269,2023-12-14T07:03,1.2171945701357465
,0,2023-12-14T08:44,0.0
,0,2023-12-14T10:26,0.0
,0,2023-12-14T12:07,0.0
,0,2023-12-14T13:49,0.0
,0,2023-12-14T15:30,0.0
,0,2023-12-14T17:12,0.0
,0,2023-12-14T18:53,0.0
,0,2023-12-14T20:35,0.0
,0,2023-12-14T22:16,0.0
,0,2023-12-14T23:58,0.0
,0,2023-12-15T01:39,0.0
,0,2023-12-15T03:21,0.0
,0,2023-12-15T05:02,0.0
,0,2023-12-15T06:44,0.0
6.194665768094293e-05,269,2023-12-15T08:25,1.2171945701357465
,0,2023-12-15T10:07,0.0
,0,2023-12-15T11:48,0.0
,0,2023-12-15T13:30,0.0
,0,2023-12-15T15:11,0.0
,0,2023-12-15T16:53,0.0
,0,2023-12-15T18:34,0.0
,0,2023-12-15T20:16,0.0
,0,2023-12-15T21:57,0.0
,0,2023-12-15T23:39,0.0
,0,2023-12-16T01:20,0.0
,0,2023-12-16T03:02,0.0
,0,2023-12-16T04:43,0.0
,0,2023-12-16T06:25,0.0
5.8702333477946234e-05,269,2023-12-16T08:06,1.2171945701357465
,0,2023-12-16T09:47,0.0
,0,2023-12-16T11:29,0.0
,0,2023-12-16T13:10,0.0
,0,2023-12-16T14:52,0.0
,0,2023-12-16T16:33,0.0
,0,2023-12-16T18:15,0.0
,0,2023-12-16T19:56,0.0
,0,2023-12-16T21:38,0.0
,0,2023-12-16T23:19,0.0
,0,2023-12-17T01:01,0.0
,0,2023-12-17T02:42,0.0
,0,2023-12-17T04:24,0.0
,0,2023-12-17T06:05,0.0
4.3647152305949554e-05,266,2023-12-17T07:47,1.2036199095022624
,0,2023-12-17T09:28,0.0
,0,2023-12-17T11:10,0.0
,0,2023-12-17T12:51,0.0
,0,2023-12-17T14:33,0.0
,0,2023-12-17T16:14,0.0
,0,2023-12-17T17:56,0.0
,0,2023-12-17T19:37,0.0
,0,2023-12-17T21:19,0.0
,0,2023-12-17T23:00,0.0
,0,2023-12-18T00:42,0.0
,0,2023-12-18T02:23,0.0
,0,2023-12-18T04:05,0.0
,0,2023-12-18T05:46,0.0
6.021363749773095e-05,269,2023-12-18T07:28,1.2171945701357465
,0,2023-12-18T09:09,0.0
,0,2023-12-18T10:51,0.0
,0,2023-12-18T12:32,0.0
,0,2023-12-18T14:14,0.0
,0,2023-12-18T15:55,0.0
,0,2023-12-18T17:37,0.0
,0,2023-12-18T19:18,0.0
,0,2023-12-18T21:00,0.0
,0,2023-12-18T22:41,0.0
,0,2023-12-19T00:23,0.0
,0,2023-12-19T02:04,0.0
,0,2023-12-19T03:46,0.0
,0,2023-12-19T05:27,0.0
5.817293599506584e-05,219,2023-12-19T07:09,0.9909502262443439
,0,2023-12-19T08:50,0.0
,0,2023-12-19T10:32,0.0
,0,2023-12-19T12:13,0.0
,0,2023-12-19T13:55,0.0
,0,2023-12-19T15:36,0.0
,0,2023-12-19T17:18,0.0
,0,2023-12-19T18:59,0.0
,0,2023-12-19T20:41,0.0
,0,2023-12-19T22:22,0.0
,0,2023-12-20T00:04,0.0
,0,2023-12-20T01:45,0.0
,0,2023-12-20T03:27,0.0
,0,2023-12-20T05:08,0.0
7.183928412564784e-05,18,2023-12-20T06:50,0.08144796380090498
6.142840690857427e-05,233,2023-12-20T08:31,1.0542986425339367
,0,2023-12-20T10:13,0.0
,0,2023-12-20T11:54,0.0
,0,2023-12-20T13:36,0.0
,0,2023-12-20T15:17,0.0
,0,2023-12-20T16:59,0.0
,0,2023-12-20T19:30,0.0
,0,2023-12-20T20:22,0.0
,0,2023-12-20T22:03,0.0
,0,2023-12-20T23:45,0.0
,0,2023-12-21T01:26,0.0
,0,2023-12-21T03:08,0.0
,0,2023-12-21T04:49,0.0
,0,2023-12-21T06:31,0.0
5.983948899702914e-05,2,2023-12-21T08:12,0.00904977375565611
,0,2023-12-21T09:54,0.0
,0,2023-12-21T11:35,0.0
,0,2023-12-21T13:17,0.0
,0,2023-12-21T14:58,0.0
,0,2023-12-21T16:40,0.0
,0,2023-12-21T18:21,0.0
,0,2023-12-21T20:03,0.0
,0,2023-12-21T21:44,0.0
,0,2023-12-21T23:26,0.0
,0,2023-12-22T01:07,0.0
,0,2023-12-22T02:49,0.0
,0,2023-12-22T04:30,0.0
,0,2023-12-22T06:12,0.0
,0,2023-12-22T07:53,0.0
,0,2023-12-22T09:35,0.0
,0,2023-12-22T11:16,0.0
,0,2023-12-22T12:58,0.0
,0,2023-12-22T14:39,0.0
,0,2023-12-22T16:21,0.0
,0,2023-12-22T18:02,0.0
,0,2023-12-22T19:44,0.0
,0,2023-12-22T21:25,0.0
,0,2023-12-22T23:07,0.0
,0,2023-12-23T00:48,0.0
,0,2023-12-23T02:30,0.0
,0,2023-12-23T04:11,0.0
,0,2023-12-23T05:53,0.0
6.970153625268283e-05,269,2023-12-23T07:34,1.2171945701357465
,0,2023-12-23T09:16,0.0
,0,2023-12-23T10:57,0.0
,0,2023-12-23T12:39,0.0
,0,2023-12-23T14:20,0.0
,0,2023-12-23T16:02,0.0
,0,2023-12-23T17:43,0.0
,0,2023-12-23T19:25,0.0
,0,2023-12-23T21:06,0.0
,0,2023-12-23T22:48,0.0
,0,2023-12-24T00:29,0.0
,0,2023-12-24T02:11,0.0
,0,2023-12-24T03:52,0.0
,0,2023-12-24T05:34,0.0
7.963591096685752e-05,195,2023-12-24T07:15,0.8823529411764706
,0,2023-12-24T08:57,0.0
,0,2023-12-24T10:38,0.0
,0,2023-12-24T12:20,0.0
,0,2023-12-24T14:01,0.0
,0,2023-12-24T17:24,0.0
,0,2023-12-24T19:06,0.0
,0,2023-12-24T20:47,0.0
,0,2023-12-24T22:29,0.0
,0,2023-12-25T00:10,0.0
,0,2023-12-25T01:52,0.0
,0,2023-12-25T03:33,0.0
,0,2023-12-25T05:15,0.0
5.379293270482721e-05,269,2023-12-25T06:56,1.2171945701357465
,0,2023-12-25T08:38,0.0
,0,2023-12-25T10:19,0.0
,0,2023-12-25T12:01,0.0
,0,2023-12-25T13:42,0.0
,0,2023-12-25T15:24,0.0
,0,2023-12-25T17:05,0.0
,0,2023-12-25T18:47,0.0
,0,2023-12-25T20:28,0.0
,0,2023-12-25T22:10,0.0
,0,2023-12-25T23:51,0.0
,0,2023-12-26T01:33,0.0
,0,2023-12-26T03:14,0.0
,0,2023-12-26T04:56,0.0
,0,2023-12-26T06:37,0.0
7.669258081282186e-05,269,2023-12-26T08:19,1.2171945701357465
,0,2023-12-26T10:00,0.0
,0,2023-12-26T11:42,0.0
,0,2023-12-26T13:23,0.0
,0,2023-12-26T15:05,0.0
,0,2023-12-26T16:46,0.0
,0,2023-12-26T18:28,0.0
,0,2023-12-26T20:09,0.0
,0,2023-12-26T21:51,0.0
,0,2023-12-26T23:32,0.0
,0,2023-12-27T01:14,0.0
,0,2023-12-27T02:55,0.0
,0,2023-12-27T04:37,0.0
,0,2023-12-27T06:18,0.0
7.520661396314853e-05,269,2023-12-27T08:00,1.2171945701357465
,0,2023-12-27T09:41,0.0
,0,2023-12-27T11:23,0.0
,0,2023-12-27T13:04,0.0
,0,2023-12-27T14:46,0.0
,0,2023-12-27T16:27,0.0
,0,2023-12-27T18:09,0.0
,0,2023-12-27T19:50,0.0
,0,2023-12-27T21:32,0.0
,0,2023-12-27T23:13,0.0
,0,2023-12-28T00:55,0.0
,0,2023-12-28T02:36,0.0
,0,2023-12-28T04:18,0.0
,0,2023-12-28T05:59,0.0
7.964970876645119e-05,269,2023-12-28T07:41,1.2171945701357465
,0,2023-12-28T09:22,0.0
,0,2023-12-28T11:04,0.0
,0,2023-12-28T12:45,0.0
,0,2023-12-28T14:27,0.0
,0,2023-12-28T16:08,0.0
,0,2023-12-28T17:50,0.0
,0,2023-12-28T19:31,0.0
,0,2023-12-28T21:13,0.0
,0,2023-12-28T22:54,0.0
,0,2023-12-29T00:36,0.0
,0,2023-12-29T02:17,0.0
,0,2023-12-29T03:59,0.0
,0,2023-12-29T05:40,0.0
6.666718157880127e-05,269,2023-12-29T07:22,1.2171945701357465
,0,2023-12-29T09:55,0.0
,0,2023-12-29T10:45,0.0
,0,2023-12-29T12:26,0.0
,0,2023-12-29T14:08,0.0
,0,2023-12-29T15:49,0.0
,0,2023-12-29T17:31,0.0
,0,2023-12-29T19:12,0.0
,0,2023-12-29T20:54,0.0
,0,2023-12-29T22:35,0.0
,0,2023-12-30T00:17,0.0
,0,2023-12-30T01:58,0.0
,0,2023-12-30T03:40,0.0
,0,2023-12-30T05:21,0.0
6.234298924290197e-05,269,2023-12-30T07:03,1.2171945701357465
,0,2023-12-30T08:44,0.0
,0,2023-12-30T10:26,0.0
,0,2023-12-30T12:07,0.0
,0,2023-12-30T13:49,0.0
,0,2023-12-30T15:30,0.0
,0,2023-12-30T17:12,0.0
,0,2023-12-30T18:53,0.0
,0,2023-12-30T20:35,0.0
,0,2023-12-30T22:16,0.0
,0,2023-12-30T23:58,0.0
,0,2023-12-31T01:39,0.0
,0,2023-12-31T03:21,0.0
,0,2023-12-31T05:02,0.0
,0,2023-12-31T06:44,0.0
5.58785214982533e-05,269,2023-12-31T08:25,1.2171945701357465
,0,2023-12-31T10:07,0.0
,0,2023-12-31T11:48,0.0
,0,2023-12-31T13:30,0.0
,0,2023-12-31T15:11,0.0
,0,2023-12-31T16:53,0.0
,0,2023-12-31T18:34,0.0
,0,2023-12-31T20:16,0.0
,0,2023-12-31T21:57,0.0
6.310649768018141e-05,269,2024-01-01T08:06,1.2171945701357465
,0,2024-01-01T09:48,0.0
,0,2024-01-01T11:29,0.0
,0,2024-01-01T13:11,0.0
,0,2024-01-01T14:52,0.0
,0,2024-01-01T16:34,0.0
,0,2024-01-01T18:15,0.0
,0,2024-01-01T19:57,0.0
,0,2024-01-01T21:38,0.0
,0,2024-01-01T23:20,0.0
,0,2024-01-02T01:01,0.0
,0,2024-01-02T02:43,0.0
,0,2024-01-02T04:24,0.0
,0,2024-01-02T06:06,0.0
7.367979059651403e-05,269,2024-01-02T07:47,1.2171945701357465
,0,2024-01-02T09:29,0.0
,0,2024-01-02T11:10,0.0
,0,2024-01-02T12:52,0.0
,0,2024-01-02T14:33,0.0
,0,2024-01-02T16:15,0.0
,0,2024-01-02T17:56,0.0
,0,2024-01-02T19:38,0.0
,0,2024-01-02T21:19,0.0
,0,2024-01-02T23:01,0.0
,0,2024-01-03T00:42,0.0
,0,2024-01-03T02:24,0.0
,0,2024-01-03T04:05,0.0
,0,2024-01-03T05:47,0.0
8.261018298083771e-05,244,2024-01-03T07:28,1.1040723981900453
,0,2024-01-03T09:10,0.0
,0,2024-01-03T10:51,0.0
,0,2024-01-03T12:33,0.0
,0,2024-01-03T14:14,0.0
,0,2024-01-03T15:56,0.0
,0,2024-01-03T17:37,0.0
,0,2024-01-03T19:19,0.0
,0,2024-01-03T21:00,0.0
,0,2024-01-03T22:42,0.0
,0,2024-01-04T00:23,0.0
,0,2024-01-04T02:05,0.0
,0,2024-01-04T03:46,0.0
,0,2024-01-04T05:28,0.0
5.222447421948224e-05,20,2024-01-04T07:09,0.09049773755656108
,0,2024-01-04T08:51,0.0
,0,2024-01-04T10:32,0.0
,0,2024-01-04T12:14,0.0
,0,2024-01-04T13:55,0.0
,0,2024-01-04T15:37,0.0
,0,2024-01-04T17:18,0.0
,0,2024-01-04T19:00,0.0
,0,2024-01-04T20:41,0.0
,0,2024-01-04T22:23,0.0
,0,2024-01-05T00:04,0.0
,0,2024-01-05T01:46,0.0
,0,2024-01-05T03:27,0.0
,0,2024-01-05T05:09,0.0
,0,2024-01-05T06:50,0.0
5.87265205355293e-05,82,2024-01-05T08:32,0.37104072398190047
,0,2024-01-05T10:13,0.0
,0,2024-01-05T11:55,0.0
,0,2024-01-05T13:36,0.0
,0,2024-01-05T15:18,0.0
,0,2024-01-05T16:59,0.0
,0,2024-01-05T18:41,0.0
,0,2024-01-05T20:22,0.0
,0,2024-01-05T22:04,0.0
,0,2024-01-05T23:45,0.0
,0,2024-01-06T01:27,0.0
,0,2024-01-06T03:08,0.0
,0,2024-01-06T04:50,0.0
,0,2024-01-06T06:31,0.0
6.129301601981958e-05,269,2024-01-06T08:13,1.2171945701357465
,0,2024-01-06T09:54,0.0
,0,2024-01-06T11:36,0.0
,0,2024-01-06T13:17,0.0
,0,2024-01-06T14:59,0.0
,0,2024-01-06T16:40,0.0
,0,2024-01-06T18:22,0.0
,0,2024-01-06T20:03,0.0
,0,2024-01-06T21:45,0.0
,0,2024-01-06T23:26,0.0
,0,2024-01-07T01:08,0.0
,0,2024-01-07T02:49,0.0
,0,2024-01-07T04:31,0.0
,0,2024-01-07T06:12,0.0
7.258359514933812e-05,177,2024-01-07T07:54,0.8009049773755657
,0,2024-01-07T09:35,0.0
,0,2024-01-07T11:17,0.0
,0,2024-01-07T12:58,0.0
,0,2024-01-07T14:40,0.0
,0,2024-01-07T16:21,0.0
,0,2024-01-07T18:03,0.0
,0,2024-01-07T19:44,0.0
,0,2024-01-07T21:26,0.0
,0,2024-01-07T23:07,0.0
,0,2024-01-08T00:49,0.0
,0,2024-01-08T02:30,0.0
,0,2024-01-08T04:12,0.0
,0,2024-01-08T05:53,0.0
6.648626325900063e-05,269,2024-01-08T07:35,1.2171945701357465
,0,2024-01-08T09:16,0.0
,0,2024-01-08T10:58,0.0
,0,2024-01-08T12:39,0.0
,0,2024-01-08T14:21,0.0
,0,2024-01-08T16:02,0.0
,0,2024-01-08T17:44,0.0
,0,2024-01-08T19:25,0.0
,0,2024-01-08T21:07,0.0
,0,2024-01-08T22:48,0.0
,0,2024-01-09T00:30,0.0
,0,2024-01-09T02:11,0.0
,0,2024-01-09T03:53,0.0
,0,2024-01-09T05:34,0.0
,0,2024-01-09T07:16,0.0
,0,2024-01-09T08:57,0.0
,0,2024-01-09T10:39,0.0
,0,2024-01-09T12:20,0.0
,0,2024-01-09T14:02,0.0
,0,2024-01-09T15:43,0.0
,0,2024-01-09T17:25,0.0
,0,2024-01-09T19:06,0.0
,0,2024-01-09T20:48,0.0
,0,2024-01-09T22:29,0.0
,0,2024-01-10T00:11,0.0
,0,2024-01-10T01:52,0.0
,0,2024-01-10T03:34,0.0
,0,2024-01-10T05:15,0.0
,0,2024-01-10T06:57,0.0
,0,2024-01-10T08:38,0.0
,0,2024-01-10T10:20,0.0
,0,2024-01-10T12:01,0.0
,0,2024-01-10T13:43,0.0
,0,2024-01-10T15:24,0.0
,0,2024-01-10T17:06,0.0
,0,2024-01-10T18:47,0.0
,0,2024-01-10T20:29,0.0
,0,2024-01-10T22:10,0.0
,0,2024-01-10T23:52,0.0
,0,2024-01-11T01:33,0.0
,0,2024-01-11T03:15,0.0
,0,2024-01-11T04:56,0.0
,0,2024-01-11T06:38,0.0
7.132710686277933e-05,269,2024-01-11T08:19,1.2171945701357465
,0,2024-01-11T10:01,0.0
,0,2024-01-11T11:42,0.0
,0,2024-01-11T13:24,0.0
,0,2024-01-11T15:05,0.0
,0,2024-01-11T16:47,0.0
,0,2024-01-11T18:28,0.0
,0,2024-01-11T20:10,0.0
,0,2024-01-11T21:51,0.0
,0,2024-01-11T23:33,0.0
,0,2024-01-12T01:14,0.0
,0,2024-01-12T02:56,0.0
,0,2024-01-12T04:37,0.0
,0,2024-01-12T06:19,0.0
7.999313917539444e-05,269,2024-01-12T08:00,1.2171945701357465
,0,2024-01-12T09:42,0.0
,0,2024-01-12T11:23,0.0
,0,2024-01-12T13:05,0.0
,0,2024-01-12T14:46,0.0
,0,2024-01-12T16:28,0.0
,0,2024-01-12T18:09,0.0
,0,2024-01-12T19:51,0.0
,0,2024-01-12T21:32,0.0
,0,2024-01-12T23:14,0.0
,0,2024-01-13T00:55,0.0
,0,2024-01-13T02:37,0.0
,0,2024-01-13T04:18,0.0
,0,2024-01-13T06:00,0.0
6.956615997371856e-05,255,2024-01-13T07:41,1.1538461538461537
,0,2024-01-13T09:23,0.0
,0,2024-01-13T11:04,0.0
,0,2024-01-13T12:46,0.0
,0,2024-01-13T14:27,0.0
,0,2024-01-13T16:09,0.0
,0,2024-01-13T17:50,0.0
,0,2024-01-13T19:32,0.0
,0,2024-01-13T21:13,0.0
,0,2024-01-13T22:55,0.0
,0,2024-01-14T00:36,0.0
,0,2024-01-14T02:18,0.0
,0,2024-01-14T03:59,0.0
,0,2024-01-14T05:41,0.0
5.30777940377059e-05,180,2024-01-14T07:22,0.8144796380090498
,0,2024-01-14T09:04,0.0
,0,2024-01-14T10:45,0.0
,0,2024-01-14T12:27,0.0
,0,2024-01-14T14:08,0.0
,0,2024-01-14T15:50,0.0
,0,2024-01-14T17:31,0.0
,0,2024-01-14T19:13,0.0
,0,2024-01-14T20:54,0.0
,0,2024-01-14T22:36,0.0
,0,2024-01-15T00:17,0.0
,0,2024-01-15T01:59,0.0
,0,2024-01-15T03:40,0.0
,0,2024-01-15T05:22,0.0
7.734479505060792e-05,269,2024-01-15T07:03,1.2171945701357465
,0,2024-01-15T08:45,0.0
,0,2024-01-15T10:26,0.0
,0,2024-01-15T12:08,0.0
,0,2024-01-15T13:49,0.0
,0,2024-01-15T15:31,0.0
,0,2024-01-15T17:12,0.0
,0,2024-01-15T18:54,0.0
,0,2024-01-15T20:35,0.0
,0,2024-01-15T22:17,0.0
,0,2024-01-15T23:58,0.0
,0,2024-01-16T01:40,0.0
,0,2024-01-16T03:21,0.0
,0,2024-01-16T05:03,0.0
,0,2024-01-16T06:44,0.0
9.365541175931937e-05,269,2024-01-16T08:26,1.2171945701357465
,0,2024-01-16T10:07,0.0
,0,2024-01-16T11:49,0.0
,0,2024-01-16T13:30,0.0
,0,2024-01-16T15:12,0.0
,0,2024-01-16T16:53,0.0
,0,2024-01-16T18:35,0.0
,0,2024-01-16T20:16,0.0
,0,2024-01-16T21:58,0.0
,0,2024-01-16T23:39,0.0
,0,2024-01-17T01:21,0.0
,0,2024-01-17T03:02,0.0
,0,2024-01-17T04:44,0.0
,0,2024-01-17T06:25,0.0
4.2552586422334644e-05,269,2024-01-17T08:07,1.2171945701357465
,0,2024-01-17T09:48,0.0
,0,2024-01-17T11:30,0.0
,0,2024-01-17T13:11,0.0
,0,2024-01-17T14:53,0.0
,0,2024-01-17T16:34,0.0
,0,2024-01-17T18:16,0.0
,0,2024-01-17T19:57,0.0
,0,2024-01-17T21:39,0.0
,0,2024-01-17T23:20,0.0
,0,2024-01-18T01:02,0.0
,0,2024-01-18T02:43,0.0
,0,2024-01-18T04:25,0.0
,0,2024-01-18T06:06,0.0
6.31246443757357e-05,269,2024-01-18T07:48,1.2171945701357465
,0,2024-01-18T09:29,0.0
,0,2024-01-18T11:11,0.0
,0,2024-01-18T12:52,0.0
,0,2024-01-18T14:34,0.0
,0,2024-01-18T16:15,0.0
,0,2024-01-18T17:57,0.0
,0,2024-01-18T19:38,0.0
,0,2024-01-18T21:20,0.0
,0,2024-01-18T23:01,0.0
,0,2024-01-19T00:43,0.0
,0,2024-01-19T02:24,0.0
,0,2024-01-19T04:06,0.0
,0,2024-01-19T05:47,0.0
6.096834245824411e-05,268,2024-01-19T07:29,1.2126696832579185
,0,2024-01-19T09:10,0.0
,0,2024-01-19T10:52,0.0
,0,2024-01-19T12:33,0.0
,0,2024-01-19T14:15,0.0
,0,2024-01-19T15:56,0.0
,0,2024-01-19T17:38,0.0
,0,2024-01-19T19:19,0.0
,0,2024-01-19T21:01,0.0
,0,2024-01-19T22:42,0.0
,0,2024-01-20T00:24,0.0
,0,2024-01-20T02:05,0.0
,0,2024-01-20T03:47,0.0
,0,2024-01-20T05:28,0.0
3.83695321453657e-05,269,2024-01-20T07:10,1.2171945701357465
,0,2024-01-20T08:51,0.0
,0,2024-01-20T10:33,0.0
,0,2024-01-20T12:14,0.0
,0,2024-01-20T13:56,0.0
,0,2024-01-20T15:37,0.0
,0,2024-01-20T17:19,0.0
,0,2024-01-20T19:00,0.0
,0,2024-01-20T20:42,0.0
,0,2024-01-20T22:23,0.0
,0,2024-01-21T00:05,0.0
,0,2024-01-21T01:46,0.0
,0,2024-01-21T03:28,0.0
,0,2024-01-21T05:09,0.0
4.505899135719532e-05,269,2024-01-21T06:51,1.2171945701357465
6.75821662664023e-05,269,2024-01-21T08:32,1.2171945701357465
,0,2024-01-21T10:14,0.0
,0,2024-01-21T11:55,0.0
,0,2024-01-21T13:37,0.0
,0,2024-01-21T15:18,0.0
,0,2024-01-21T17:00,0.0
,0,2024-01-21T18:41,0.0
,0,2024-01-21T20:23,0.0
,0,2024-01-21T22:04,0.0
,0,2024-01-21T23:46,0.0
,0,2024-01-22T01:27,0.0
,0,2024-01-22T03:09,0.0
,0,2024-01-22T04:50,0.0
,0,2024-01-22T06:32,0.0
5.027611064693588e-05,269,2024-01-22T08:13,1.2171945701357465
,0,2024-01-22T09:55,0.0
,0,2024-01-22T11:36,0.0
,0,2024-01-22T13:18,0.0
,0,2024-01-22T14:59,0.0
,0,2024-01-22T16:41,0.0
,0,2024-01-22T18:22,0.0
,0,2024-01-22T20:04,0.0
,0,2024-01-22T21:45,0.0
,0,2024-01-22T23:27,0.0
,0,2024-01-23T01:08,0.0
,0,2024-01-23T02:50,0.0
,0,2024-01-23T04:31,0.0
,0,2024-01-23T06:13,0.0
8.823001096392833e-05,269,2024-01-23T07:54,1.2171945701357465
,0,2024-01-23T09:36,0.0
,0,2024-01-23T11:17,0.0
,0,2024-01-23T12:59,0.0
,0,2024-01-23T14:40,0.0
,0,2024-01-23T16:22,0.0
,0,2024-01-23T18:03,0.0
,0,2024-01-23T19:45,0.0
,0,2024-01-23T21:26,0.0
,0,2024-01-23T23:08,0.0
,0,2024-01-24T00:49,0.0
,0,2024-01-24T02:31,0.0
,0,2024-01-24T04:12,0.0
,0,2024-01-24T05:54,0.0
7.16695556525067e-05,243,2024-01-24T07:35,1.0995475113122173
,0,2024-01-24T09:17,0.0
,0,2024-01-24T10:58,0.0
,0,2024-01-24T12:40,0.0
,0,2024-01-24T14:21,0.0
,0,2024-01-24T16:03,0.0
,0,2024-01-24T17:44,0.0
,0,2024-01-24T19:26,0.0
,0,2024-01-24T21:07,0.0
,0,2024-01-24T22:49,0.0
,0,2024-01-25T00:30,0.0
,0,2024-01-25T02:12,0.0
,0,2024-01-25T03:53,0.0
,0,2024-01-25T05:35,0.0
7.683933022256471e-05,216,2024-01-25T07:17,0.9773755656108597
,0,2024-01-25T08:58,0.0
,0,2024-01-25T10:40,0.0
,0,2024-01-25T12:21,0.0
,0,2024-01-25T14:03,0.0
,0,2024-01-25T18:16,0.0
,0,2024-01-25T19:07,0.0
,0,2024-01-25T20:49,0.0
,0,2024-01-25T22:30,0.0
,0,2024-01-26T00:12,0.0
,0,2024-01-26T01:53,0.0
,0,2024-01-26T03:35,0.0
,0,2024-01-26T05:16,0.0
4.7014993270065095e-05,269,2024-01-26T06:58,1.2171945701357465
,0,2024-01-26T08:39,0.0
,0,2024-01-26T10:21,0.0
,0,2024-01-26T12:02,0.0
,0,2024-01-26T13:44,0.0
,0,2024-01-26T15:25,0.0
,0,2024-01-26T17:07,0.0
,0,2024-01-26T18:48,0.0
,0,2024-01-26T20:30,0.0
,0,2024-01-26T22:11,0.0
,0,2024-01-26T23:53,0.0
,0,2024-01-27T03:16,0.0
,0,2024-01-27T04:57,0.0
,0,2024-01-27T06:39,0.0
9.135817681159582e-05,269,2024-01-27T08:20,1.2171945701357465
,0,2024-01-27T10:02,0.0
,0,2024-01-27T15:06,0.0
,0,2024-01-27T16:48,0.0
,0,2024-01-27T18:29,0.0
,0,2024-01-27T20:11,0.0
,0,2024-01-27T21:52,0.0
,0,2024-01-27T23:34,0.0
,0,2024-01-28T01:15,0.0
,0,2024-01-28T02:57,0.0
,0,2024-01-28T04:38,0.0
,0,2024-01-28T06:20,0.0
9.934627854048292e-05,269,2024-01-28T08:01,1.2171945701357465
,0,2024-01-28T09:43,0.0
,0,2024-01-28T11:24,0.0
,0,2024-01-28T13:06,0.0
,0,2024-01-28T14:47,0.0
,0,2024-01-28T16:29,0.0
,0,2024-01-28T18:10,0.0
,0,2024-01-28T19:52,0.0
,0,2024-01-28T21:33,0.0
,0,2024-01-28T23:15,0.0
,0,2024-01-29T00:56,0.0
,0,2024-01-29T02:38,0.0
,0,2024-01-29T04:19,0.0
,0,2024-01-29T06:01,0.0
0.00010118395092240177,269,2024-01-29T07:42,1.2171945701357465
,0,2024-01-29T09:24,0.0
,0,2024-01-29T11:05,0.0
,0,2024-01-29T12:47,0.0
,0,2024-01-29T14:28,0.0
,0,2024-01-29T16:10,0.0
,0,2024-01-29T17:51,0.0
,0,2024-01-29T19:33,0.0
,0,2024-01-29T21:14,0.0
,0,2024-01-29T22:56,0.0
,0,2024-01-30T00:37,0.0
,0,2024-01-30T02:19,0.0
,0,2024-01-30T04:00,0.0
,0,2024-01-30T05:42,0.0
0.00011840147826148545,269,2024-01-30T07:23,1.2171945701357465
,0,2024-01-30T09:05,0.0
,0,2024-01-30T10:46,0.0
,0,2024-01-30T12:28,0.0
,0,2024-01-30T14:09,0.0
,0,2024-01-30T15:51,0.0
,0,2024-01-30T17:32,0.0
,0,2024-01-30T19:14,0.0
,0,2024-01-30T20:55,0.0
,0,2024-01-30T22:37,0.0
,0,2024-01-31T00:18,0.0
,0,2024-01-31T02:00,0.0
,0,2024-01-31T03:41,0.0
,0,2024-01-31T05:23,0.0
7.566411553378001e-05,269,2024-01-31T07:04,1.2171945701357465
,0,2024-01-31T08:46,0.0
,0,2024-01-31T10:27,0.0
,0,2024-01-31T12:09,0.0
,0,2024-01-31T13:50,0.0
,0,2024-01-31T15:32,0.0
,0,2024-01-31T17:13,0.0
,0,2024-01-31T18:55,0.0
,0,2024-01-31T20:36,0.0
,0,2024-01-31T22:18,0.0
,0,2024-01-31T23:59,0.0
,0,2024-02-01T01:41,0.0
,0,2024-02-01T03:22,0.0
,0,2024-02-01T05:04,0.0
,0,2024-02-01T06:45,0.0
5.0203282310885146e-05,269,2024-02-01T08:27,1.2171945701357465
,0,2024-02-01T10:08,0.0
,0,2024-02-01T11:50,0.0
,0,2024-02-01T13:31,0.0
,0,2024-02-01T15:13,0.0
,0,2024-02-01T16:54,0.0
,0,2024-02-01T18:36,0.0
,0,2024-02-01T20:17,0.0
,0,2024-02-01T21:59,0.0
,0,2024-02-01T23:40,0.0
,0,2024-02-02T01:22,0.0
,0,2024-02-02T03:03,0.0
,0,2024-02-02T04:45,0.0
,0,2024-02-02T06:26,0.0
6.769014488112696e-05,269,2024-02-02T08:08,1.2171945701357465
,0,2024-02-02T09:49,0.0
,0,2024-02-02T11:31,0.0
,0,2024-02-02T13:12,0.0
,0,2024-02-02T14:54,0.0
,0,2024-02-02T16:35,0.0
,0,2024-02-02T18:17,0.0
,0,2024-02-02T19:58,0.0
,0,2024-02-02T21:40,0.0
,0,2024-02-02T23:21,0.0
,0,2024-02-03T01:03,0.0
,0,2024-02-03T02:44,0.0
,0,2024-02-03T04:26,0.0
,0,2024-02-03T06:07,0.0
7.440574393249035e-05,269,2024-02-03T07:49,1.2171945701357465
,0,2024-02-03T09:30,0.0
,0,2024-02-03T11:12,0.0
,0,2024-02-03T12:53,0.0
,0,2024-02-03T14:35,0.0
,0,2024-02-03T16:16,0.0
,0,2024-02-03T17:58,0.0
,0,2024-02-03T19:39,0.0
,0,2024-02-03T21:21,0.0
,0,2024-02-03T23:02,0.0
,0,2024-02-04T00:44,0.0
,0,2024-02-04T02:25,0.0
,0,2024-02-04T04:07,0.0
,0,2024-02-04T05:48,0.0
6.585277346899493e-05,258,2024-02-04T07:30,1.167420814479638
,0,2024-02-04T09:11,0.0
,0,2024-02-04T10:53,0.0
,0,2024-02-04T12:34,0.0
,0,2024-02-04T14:16,0.0
,0,2024-02-04T15:57,0.0
,0,2024-02-04T17:39,0.0
,0,2024-02-04T19:20,0.0
,0,2024-02-04T21:02,0.0
,0,2024-02-04T22:43,0.0
,0,2024-02-05T00:25,0.0
,0,2024-02-05T02:06,0.0
,0,2024-02-05T03:48,0.0
,0,2024-02-05T05:29,0.0
6.549174315198205e-05,269,2024-02-05T07:11,1.2171945701357465
,0,2024-02-05T08:52,0.0
,0,2024-02-05T10:34,0.0
,0,2024-02-05T12:15,0.0
,0,2024-02-05T13:57,0.0
,0,2024-02-05T15:38,0.0
,0,2024-02-05T17:20,0.0
,0,2024-02-05T19:02,0.0
,0,2024-02-05T20:43,0.0
,0,2024-02-05T22:25,0.0
,0,2024-02-06T00:06,0.0
,0,2024-02-06T01:48,0.0
,0,2024-02-06T03:29,0.0
,0,2024-02-06T05:11,0.0
7.227326149889875e-05,269,2024-02-06T06:52,1.2171945701357465
6.229070909503212e-05,269,2024-02-06T08:34,1.2171945701357465
,0,2024-02-06T10:15,0.0
,0,2024-02-06T11:57,0.0
,0,2024-02-06T13:38,0.0
,0,2024-02-06T15:20,0.0
,0,2024-02-06T17:01,0.0
,0,2024-02-06T18:43,0.0
,0,2024-02-06T20:24,0.0
,0,2024-02-06T22:06,0.0
,0,2024-02-06T23:47,0.0
,0,2024-02-07T01:29,0.0
,0,2024-02-07T03:10,0.0
,0,2024-02-07T04:52,0.0
,0,2024-02-07T06:33,0.0
6.294055620393402e-05,269,2024-02-07T08:15,1.2171945701357465
,0,2024-02-07T09:56,0.0
,0,2024-02-07T11:38,0.0
,0,2024-02-07T13:19,0.0
,0,2024-02-07T15:01,0.0
,0,2024-02-07T16:42,0.0
,0,2024-02-07T18:24,0.0
,0,2024-02-07T20:05,0.0
,0,2024-02-07T21:47,0.0
,0,2024-02-07T23:28,0.0
,0,2024-02-08T01:10,0.0
,0,2024-02-08T02:51,0.0
,0,2024-02-08T04:33,0.0
,0,2024-02-08T06:14,0.0
8.446031090787989e-05,269,2024-02-08T07:56,1.2171945701357465
,0,2024-02-08T09:37,0.0
,0,2024-02-08T11:19,0.0
,0,2024-02-08T13:00,0.0
,0,2024-02-08T14:42,0.0
,0,2024-02-08T16:23,0.0
,0,2024-02-08T18:05,0.0
,0,2024-02-08T19:46,0.0
,0,2024-02-08T21:28,0.0
,0,2024-02-08T23:09,0.0
,0,2024-02-09T00:51,0.0
,0,2024-02-09T02:32,0.0
,0,2024-02-09T04:14,0.0
,0,2024-02-09T05:55,0.0
9.569127217411115e-05,226,2024-02-09T07:37,1.0226244343891402
,0,2024-02-09T09:18,0.0
,0,2024-02-09T11:00,0.0
,0,2024-02-09T12:41,0.0
,0,2024-02-09T14:23,0.0
,0,2024-02-09T16:04,0.0
,0,2024-02-09T17:46,0.0
,0,2024-02-09T19:27,0.0
,0,2024-02-09T21:09,0.0
,0,2024-02-09T22:50,0.0
,0,2024-02-10T00:32,0.0
,0,2024-02-10T02:13,0.0
,0,2024-02-10T03:55,0.0
,0,2024-02-10T05:36,0.0
0.00010157000708524041,173,2024-02-10T07:18,0.7828054298642534
,0,2024-02-10T08:59,0.0
,0,2024-02-10T10:41,0.0
,0,2024-02-10T12:22,0.0
,0,2024-02-10T14:04,0.0
,0,2024-02-10T15:45,0.0
,0,2024-02-10T17:27,0.0
,0,2024-02-10T19:08,0.0
,0,2024-02-10T20:50,0.0
,0,2024-02-10T22:31,0.0
,0,2024-02-11T00:13,0.0
,0,2024-02-11T01:54,0.0
,0,2024-02-11T03:36,0.0
,0,2024-02-11T05:17,0.0
5.770405833844746e-05,269,2024-02-11T06:59,1.2171945701357465
,0,2024-02-11T08:40,0.0
,0,2024-02-11T10:22,0.0
,0,2024-02-11T12:03,0.0
,0,2024-02-11T13:45,0.0
,0,2024-02-11T15:26,0.0
,0,2024-02-11T17:08,0.0
,0,2024-02-11T18:49,0.0
,0,2024-02-11T20:31,0.0
,0,2024-02-11T22:12,0.0
,0,2024-02-11T23:54,0.0
,0,2024-02-12T01:35,0.0
,0,2024-02-12T03:17,0.0
,0,2024-02-12T04:58,0.0
,0,2024-02-12T06:40,0.0
5.7703984487075764e-05,269,2024-02-12T08:21,1.2171945701357465
,0,2024-02-12T10:03,0.0
,0,2024-02-12T11:44,0.0
,0,2024-02-12T13:26,0.0
,0,2024-02-12T15:07,0.0
,0,2024-02-12T16:49,0.0
,0,2024-02-12T18:30,0.0
,0,2024-02-12T20:12,0.0
,0,2024-02-12T21:53,0.0
,0,2024-02-12T23:35,0.0
,0,2024-02-13T01:16,0.0
,0,2024-02-13T02:58,0.0
,0,2024-02-13T04:39,0.0
,0,2024-02-13T06:21,0.0
9.150608212664072e-05,269,2024-02-13T08:02,1.2171945701357465
,0,2024-02-13T09:44,0.0
,0,2024-02-13T11:25,0.0
,0,2024-02-13T13:07,0.0
,0,2024-02-13T14:48,0.0
,0,2024-02-13T16:30,0.0
,0,2024-02-13T18:11,0.0
,0,2024-02-13T19:53,0.0
,0,2024-02-13T21:34,0.0
,0,2024-02-13T23:16,0.0
,0,2024-02-14T00:57,0.0
,0,2024-02-14T02:39,0.0
,0,2024-02-14T04:20,0.0
,0,2024-02-14T06:02,0.0
7.181452160750047e-05,170,2024-02-14T07:43,0.7692307692307693
,0,2024-02-14T09:25,0.0
,0,2024-02-14T11:06,0.0
,0,2024-02-14T12:48,0.0
,0,2024-02-14T14:29,0.0
,0,2024-02-14T16:11,0.0
,0,2024-02-14T17:52,0.0
,0,2024-02-14T19:34,0.0
,0,2024-02-14T21:15,0.0
,0,2024-02-14T22:57,0.0
,0,2024-02-15T00:39,0.0
,0,2024-02-15T02:20,0.0
,0,2024-02-15T04:02,0.0
,0,2024-02-15T05:43,0.0
7.388047609897878e-05,269,2024-02-15T07:24,1.2171945701357465
,0,2024-02-15T09:06,0.0
,0,2024-02-15T10:48,0.0
,0,2024-02-15T12:29,0.0
,0,2024-02-15T14:11,0.0
,0,2024-02-15T15:52,0.0
,0,2024-02-15T17:34,0.0
,0,2024-02-15T19:15,0.0
,0,2024-02-15T20:57,0.0
,0,2024-02-15T22:38,0.0
,0,2024-02-16T00:20,0.0
,0,2024-02-16T02:01,0.0
,0,2024-02-16T03:43,0.0
,0,2024-02-16T05:24,0.0
6.594321564046877e-05,269,2024-02-16T07:06,1.2171945701357465
,0,2024-02-16T08:47,0.0
,0,2024-02-16T10:29,0.0
,0,2024-02-16T15:33,0.0
,0,2024-02-16T17:15,0.0
,0,2024-02-16T18:56,0.0
,0,2024-02-16T20:38,0.0
,0,2024-02-16T22:19,0.0
,0,2024-02-17T00:01,0.0
,0,2024-02-17T03:24,0.0
,0,2024-02-17T05:05,0.0
,0,2024-02-17T06:47,0.0
8.687288181315147e-05,269,2024-02-17T08:28,1.2171945701357465
,0,2024-02-17T10:10,0.0
,0,2024-02-17T11:51,0.0
,0,2024-02-17T13:33,0.0
,0,2024-02-17T15:14,0.0
,0,2024-02-17T16:56,0.0
,0,2024-02-17T18:37,0.0
,0,2024-02-17T20:19,0.0
,0,2024-02-17T22:00,0.0
,0,2024-02-17T23:42,0.0
,0,2024-02-18T03:05,0.0
,0,2024-02-18T04:46,0.0
,0,2024-02-18T06:28,0.0
7.853207383539814e-05,269,2024-02-18T08:09,1.2171945701357465
,0,2024-02-18T09:51,0.0
,0,2024-02-18T11:32,0.0
,0,2024-02-18T13:14,0.0
,0,2024-02-18T14:55,0.0
,0,2024-02-18T16:37,0.0
,0,2024-02-18T18:18,0.0
,0,2024-02-18T20:00,0.0
,0,2024-02-18T21:41,0.0
,0,2024-02-18T23:23,0.0
,0,2024-02-19T01:04,0.0
,0,2024-02-19T02:46,0.0
,0,2024-02-19T04:27,0.0
,0,2024-02-19T06:09,0.0
8.095510776443029e-05,269,2024-02-19T07:50,1.2171945701357465
,0,2024-02-19T09:32,0.0
,0,2024-02-19T11:13,0.0
,0,2024-02-19T12:55,0.0
,0,2024-02-19T14:36,0.0
,0,2024-02-19T16:18,0.0
,0,2024-02-19T17:59,0.0
,0,2024-02-19T19:41,0.0
,0,2024-02-19T21:22,0.0
,0,2024-02-19T23:04,0.0
,0,2024-02-20T00:45,0.0
,0,2024-02-20T02:27,0.0
,0,2024-02-20T04:08,0.0
,0,2024-02-20T05:50,0.0
5.81436976318235e-05,93,2024-02-20T07:31,0.42081447963800905
,0,2024-02-20T09:13,0.0
,0,2024-02-20T10:54,0.0
,0,2024-02-20T12:36,0.0
,0,2024-02-20T14:17,0.0
,0,2024-02-20T15:59,0.0
,0,2024-02-20T17:40,0.0
,0,2024-02-20T19:22,0.0
,0,2024-02-20T21:03,0.0
,0,2024-02-20T22:45,0.0
,0,2024-02-21T00:26,0.0
,0,2024-02-21T02:08,0.0
,0,2024-02-21T03:49,0.0
,0,2024-02-21T05:31,0.0
5.657848391630967e-05,269,2024-02-21T07:12,1.2171945701357465
,0,2024-02-21T08:54,0.0
,0,2024-02-21T10:35,0.0
,0,2024-02-21T12:17,0.0
,0,2024-02-21T13:58,0.0
,0,2024-02-21T15:40,0.0
,0,2024-02-21T17:21,0.0
,0,2024-02-21T19:03,0.0
,0,2024-02-21T20:44,0.0
,0,2024-02-21T22:26,0.0
,0,2024-02-22T00:07,0.0
,0,2024-02-22T01:49,0.0
,0,2024-02-22T03:30,0.0
,0,2024-02-22T05:12,0.0
4.649163126977207e-05,253,2024-02-22T06:53,1.1447963800904977
4.4680275401334434e-05,269,2024-02-22T08:35,1.2171945701357465
,0,2024-02-22T10:16,0.0
,0,2024-02-22T11:58,0.0
,0,2024-02-22T13:39,0.0
,0,2024-02-22T15:21,0.0
,0,2024-02-22T17:02,0.0
,0,2024-02-22T18:44,0.0
,0,2024-02-22T20:25,0.0
,0,2024-02-22T22:07,0.0
,0,2024-02-22T23:49,0.0
,0,2024-02-23T01:30,0.0
,0,2024-02-23T03:12,0.0
,0,2024-02-23T04:53,0.0
,0,2024-02-23T06:35,0.0
7.904149115369598e-05,269,2024-02-23T08:16,1.2171945701357465
,0,2024-02-23T09:58,0.0
,0,2024-02-23T11:39,0.0
,0,2024-02-23T13:21,0.0
,0,2024-02-23T15:02,0.0
,0,2024-02-23T16:44,0.0
,0,2024-02-23T18:25,0.0
,0,2024-02-23T20:07,0.0
,0,2024-02-23T21:48,0.0
,0,2024-02-23T23:30,0.0
,0,2024-02-24T01:11,0.0
,0,2024-02-24T02:53,0.0
,0,2024-02-24T04:34,0.0
,0,2024-02-24T06:16,0.0
9.016573609519641e-05,269,2024-02-24T07:57,1.2171945701357465
,0,2024-02-24T09:39,0.0
,0,2024-02-24T11:20,0.0
,0,2024-02-24T13:02,0.0
,0,2024-02-24T14:43,0.0
,0,2024-02-24T16:25,0.0
,0,2024-02-24T18:06,0.0
,0,2024-02-24T19:48,0.0
,0,2024-02-24T21:29,0.0
,0,2024-02-24T23:11,0.0
,0,2024-02-25T00:52,0.0
,0,2024-02-25T02:34,0.0
,0,2024-02-25T04:15,0.0
,0,2024-02-25T05:57,0.0
8.113571784527776e-05,188,2024-02-25T07:38,0.8506787330316742
,0,2024-02-25T09:20,0.0
,0,2024-02-25T11:01,0.0
,0,2024-02-25T12:43,0.0
,0,2024-02-25T14:24,0.0
,0,2024-02-25T16:06,0.0
,0,2024-02-25T17:47,0.0
,0,2024-02-25T19:29,0.0
,0,2024-02-25T21:10,0.0
,0,2024-02-25T22:52,0.0
,0,2024-02-26T00:33,0.0
,0,2024-02-26T02:15,0.0
,0,2024-02-26T03:56,0.0
,0,2024-02-26T05:38,0.0
8.538595044705394e-05,236,2024-02-26T07:19,1.0678733031674208
,0,2024-02-26T09:01,0.0
,0,2024-02-26T10:42,0.0
,0,2024-02-26T12:24,0.0
,0,2024-02-26T14:05,0.0
,0,2024-02-26T15:47,0.0
,0,2024-02-26T17:28,0.0
,0,2024-02-26T19:10,0.0
,0,2024-02-26T20:51,0.0
,0,2024-02-26T22:33,0.0
,0,2024-02-27T00:14,0.0
,0,2024-02-27T01:56,0.0
,0,2024-02-27T03:37,0.0
,0,2024-02-27T05:19,0.0
7.311313447846794e-05,181,2024-02-27T07:00,0.8190045248868778
,0,2024-02-27T08:42,0.0
,0,2024-02-27T10:23,0.0
,0,2024-02-27T12:05,0.0
,0,2024-02-27T13:46,0.0
,0,2024-02-27T15:28,0.0
,0,2024-02-27T17:09,0.0
,0,2024-02-27T18:51,0.0
,0,2024-02-27T20:32,0.0
,0,2024-02-27T22:14,0.0
,0,2024-02-27T23:55,0.0
,0,2024-02-28T01:37,0.0
,0,2024-02-28T03:18,0.0
,0,2024-02-28T05:00,0.0
,0,2024-02-28T06:42,0.0
7.109606051282178e-05,174,2024-02-28T08:23,0.7873303167420814
,0,2024-02-28T10:05,0.0
,0,2024-02-28T11:46,0.0
,0,2024-02-28T13:28,0.0
,0,2024-02-28T15:09,0.0
,0,2024-02-28T16:51,0.0
,0,2024-02-28T18:32,0.0
,0,2024-02-28T20:14,0.0
,0,2024-02-28T21:55,0.0
,0,2024-02-28T23:37,0.0
,0,2024-02-29T01:18,0.0
,0,2024-02-29T03:00,0.0
,0,2024-02-29T04:41,0.0
,0,2024-02-29T06:23,0.0
7.482513668422241e-05,271,2024-02-29T08:04,1.2262443438914028
,0,2024-02-29T09:46,0.0
,0,2024-02-29T11:27,0.0
,0,2024-02-29T13:09,0.0
,0,2024-02-29T14:50,0.0
,0,2024-02-29T16:32,0.0
,0,2024-02-29T18:13,0.0
,0,2024-02-29T19:55,0.0
,0,2024-02-29T21:36,0.0
,0,2024-02-29T23:18,0.0
,0,2024-03-01T00:59,0.0
,0,2024-03-01T02:41,0.0
,0,2024-03-01T04:22,0.0
,0,2024-03-01T06:04,0.0
9.56886709416973e-05,127,2024-03-01T07:45,0.5746606334841629
,0,2024-03-01T09:27,0.0
,0,2024-03-01T11:08,0.0
,0,2024-03-01T12:50,0.0
,0,2024-03-01T14:31,0.0
,0,2024-03-01T16:13,0.0
,0,2024-03-01T17:54,0.0
,0,2024-03-01T19:36,0.0
,0,2024-03-01T21:17,0.0
,0,2024-03-01T22:59,0.0
,0,2024-03-02T00:40,0.0
,0,2024-03-02T02:22,0.0
,0,2024-03-02T04:03,0.0
,0,2024-03-02T05:45,0.0
3.538128607114215e-05,154,2024-03-02T07:26,0.6968325791855203
,0,2024-03-02T09:08,0.0
,0,2024-03-02T10:49,0.0
,0,2024-03-02T12:31,0.0
,0,2024-03-02T14:12,0.0
,0,2024-03-02T15:54,0.0
,0,2024-03-02T17:35,0.0
,0,2024-03-02T19:17,0.0
,0,2024-03-02T20:58,0.0
,0,2024-03-02T22:40,0.0
,0,2024-03-03T00:21,0.0
,0,2024-03-03T02:03,0.0
,0,2024-03-03T03:44,0.0
,0,2024-03-03T05:26,0.0
3.471675342880106e-05,271,2024-03-03T07:07,1.2262443438914028
,0,2024-03-03T08:49,0.0
,0,2024-03-03T10:30,0.0
,0,2024-03-03T12:12,0.0
,0,2024-03-03T13:53,0.0
,0,2024-03-03T15:35,0.0
,0,2024-03-03T17:16,0.0
,0,2024-03-03T18:58,0.0
,0,2024-03-03T20:39,0.0
,0,2024-03-03T22:21,0.0
,0,2024-03-04T00:02,0.0
,0,2024-03-04T01:44,0.0
,0,2024-03-04T03:25,0.0
,0,2024-03-04T05:07,0.0
,0,2024-03-04T06:48,0.0
4.950996552484815e-05,271,2024-03-04T08:30,1.2262443438914028
,0,2024-03-04T10:12,0.0
,0,2024-03-04T11:53,0.0
,0,2024-03-04T13:35,0.0
,0,2024-03-04T15:16,0.0
,0,2024-03-04T16:58,0.0
,0,2024-03-04T18:39,0.0
,0,2024-03-04T20:21,0.0
,0,2024-03-04T22:02,0.0
,0,2024-03-04T23:44,0.0
,0,2024-03-05T01:25,0.0
,0,2024-03-05T03:07,0.0
,0,2024-03-05T04:48,0.0
,0,2024-03-05T06:30,0.0
9.356591653306051e-05,271,2024-03-05T08:11,1.2262443438914028
,0,2024-03-05T09:53,0.0
,0,2024-03-05T11:34,0.0
,0,2024-03-05T13:16,0.0
,0,2024-03-05T14:57,0.0
,0,2024-03-05T16:39,0.0
,0,2024-03-05T18:20,0.0
,0,2024-03-05T20:02,0.0
,0,2024-03-05T23:25,0.0
,0,2024-03-06T01:06,0.0
,0,2024-03-06T02:48,0.0
,0,2024-03-06T04:29,0.0
,0,2024-03-06T06:11,0.0
4.848844092974948e-05,271,2024-03-06T07:52,1.2262443438914028
,0,2024-03-06T09:34,0.0
,0,2024-03-06T11:15,0.0
,0,2024-03-06T12:57,0.0
,0,2024-03-06T14:38,0.0
,0,2024-03-06T16:20,0.0
,0,2024-03-06T18:01,0.0
,0,2024-03-06T19:43,0.0
,0,2024-03-06T21:24,0.0
,0,2024-03-06T23:06,0.0
,0,2024-03-07T00:47,0.0
,0,2024-03-07T02:29,0.0
,0,2024-03-07T04:10,0.0
,0,2024-03-07T05:52,0.0
9.211601034475168e-05,227,2024-03-07T07:33,1.0271493212669682
,0,2024-03-07T09:15,0.0
,0,2024-03-07T10:56,0.0
,0,2024-03-07T12:38,0.0
,0,2024-03-07T14:19,0.0
,0,2024-03-07T16:01,0.0
,0,2024-03-07T17:42,0.0
,0,2024-03-07T19:24,0.0
,0,2024-03-07T21:05,0.0
,0,2024-03-07T22:47,0.0
,0,2024-03-08T00:28,0.0
,0,2024-03-08T02:10,0.0
,0,2024-03-08T03:51,0.0
,0,2024-03-08T05:33,0.0
6.05465423250268e-05,271,2024-03-08T07:14,1.2262443438914028
,0,2024-03-08T08:56,0.0
,0,2024-03-08T10:37,0.0
,0,2024-03-08T12:19,0.0
,0,2024-03-08T14:00,0.0
,0,2024-03-08T15:42,0.0
,0,2024-03-08T17:23,0.0
,0,2024-03-08T19:05,0.0
,0,2024-03-08T20:46,0.0
,0,2024-03-08T22:28,0.0
,0,2024-03-09T00:09,0.0
,0,2024-03-09T01:51,0.0
,0,2024-03-09T03:32,0.0
,0,2024-03-09T05:14,0.0
5.723179740235379e-05,271,2024-03-09T06:55,1.2262443438914028
6.835017016609346e-05,271,2024-03-09T08:37,1.2262443438914028
,0,2024-03-09T10:18,0.0
,0,2024-03-09T12:00,0.0
,0,2024-03-09T13:42,0.0
,0,2024-03-09T15:23,0.0
,0,2024-03-09T17:05,0.0
,0,2024-03-09T18:46,0.0
,0,2024-03-09T20:28,0.0
,0,2024-03-09T22:09,0.0
,0,2024-03-09T23:51,0.0
,0,2024-03-10T01:32,0.0
,0,2024-03-10T03:14,0.0
,0,2024-03-10T04:55,0.0
,0,2024-03-10T06:37,0.0
7.707075591616662e-05,271,2024-03-10T08:18,1.2262443438914028
,0,2024-03-10T10:00,0.0
,0,2024-03-10T11:41,0.0
,0,2024-03-10T13:23,0.0
,0,2024-03-10T15:04,0.0
,0,2024-03-10T16:46,0.0
,0,2024-03-10T18:27,0.0
,0,2024-03-10T20:09,0.0
,0,2024-03-10T21:50,0.0
,0,2024-03-10T23:32,0.0
,0,2024-03-11T01:13,0.0
,0,2024-03-11T02:55,0.0
,0,2024-03-11T04:36,0.0
,0,2024-03-11T06:18,0.0
9.274768242838771e-05,271,2024-03-11T07:59,1.2262443438914028
,0,2024-03-11T09:41,0.0
,0,2024-03-11T11:22,0.0
,0,2024-03-11T13:04,0.0
,0,2024-03-11T14:45,0.0
,0,2024-03-11T16:27,0.0
,0,2024-03-11T18:08,0.0
,0,2024-03-11T19:50,0.0
,0,2024-03-11T21:31,0.0
,0,2024-03-11T23:13,0.0
,0,2024-03-12T00:54,0.0
,0,2024-03-12T02:36,0.0
,0,2024-03-12T04:17,0.0
,0,2024-03-12T05:59,0.0
8.423858982899054e-05,271,2024-03-12T07:40,1.2262443438914028
,0,2024-03-12T09:22,0.0
,0,2024-03-12T11:03,0.0
,0,2024-03-12T12:45,0.0
,0,2024-03-12T14:26,0.0
,0,2024-03-12T16:08,0.0
,0,2024-03-12T17:49,0.0
,0,2024-03-12T19:31,0.0
,0,2024-03-12T21:12,0.0
,0,2024-03-12T22:54,0.0
,0,2024-03-13T00:35,0.0
,0,2024-03-13T02:17,0.0
,0,2024-03-13T03:58,0.0
,0,2024-03-13T05:40,0.0
5.337045728763509e-05,271,2024-03-13T07:21,1.2262443438914028
,0,2024-03-13T09:03,0.0
,0,2024-03-13T10:44,0.0
,0,2024-03-13T12:26,0.0
,0,2024-03-13T14:07,0.0
,0,2024-03-13T15:49,0.0
,0,2024-03-13T17:30,0.0
,0,2024-03-13T19:12,0.0
,0,2024-03-13T20:53,0.0
,0,2024-03-13T22:35,0.0
,0,2024-03-14T00:16,0.0
,0,2024-03-14T01:58,0.0
,0,2024-03-14T03:39,0.0
,0,2024-03-14T05:21,0.0
8.516775688737655e-05,271,2024-03-14T07:02,1.2262443438914028
,0,2024-03-14T08:44,0.0
,0,2024-03-14T10:25,0.0
,0,2024-03-14T12:07,0.0
,0,2024-03-14T13:49,0.0
,0,2024-03-14T15:30,0.0
,0,2024-03-14T17:12,0.0
,0,2024-03-14T18:53,0.0
,0,2024-03-14T20:35,0.0
,0,2024-03-14T22:16,0.0
,0,2024-03-14T23:58,0.0
,0,2024-03-15T01:39,0.0
,0,2024-03-15T03:21,0.0
,0,2024-03-15T05:02,0.0
,0,2024-03-15T06:44,0.0
6.303618407866005e-05,271,2024-03-15T08:25,1.2262443438914028
,0,2024-03-15T10:07,0.0
,0,2024-03-15T11:48,0.0
,0,2024-03-15T13:30,0.0
,0,2024-03-15T15:11,0.0
,0,2024-03-15T16:53,0.0
,0,2024-03-15T18:34,0.0
,0,2024-03-15T20:16,0.0
,0,2024-03-15T21:57,0.0
,0,2024-03-15T23:39,0.0
,0,2024-03-16T01:20,0.0
,0,2024-03-16T03:02,0.0
,0,2024-03-16T04:43,0.0
,0,2024-03-16T06:25,0.0
5.91386540889145e-05,271,2024-03-16T08:06,1.2262443438914028
,0,2024-03-16T09:48,0.0
,0,2024-03-16T11:29,0.0
,0,2024-03-16T13:11,0.0
,0,2024-03-16T14:52,0.0
,0,2024-03-16T16:34,0.0
,0,2024-03-16T18:15,0.0
,0,2024-03-16T19:57,0.0
,0,2024-03-16T21:38,0.0
,0,2024-03-16T23:20,0.0
,0,2024-03-17T01:01,0.0
,0,2024-03-17T02:43,0.0
,0,2024-03-17T04:24,0.0
,0,2024-03-17T06:06,0.0
7.611290966722279e-05,271,2024-03-17T07:47,1.2262443438914028
,0,2024-03-17T09:29,0.0
,0,2024-03-17T11:10,0.0
,0,2024-03-17T12:52,0.0
,0,2024-03-17T14:33,0.0
,0,2024-03-17T16:15,0.0
,0,2024-03-17T17:56,0.0
,0,2024-03-17T19:38,0.0
,0,2024-03-17T21:19,0.0
,0,2024-03-17T23:01,0.0
,0,2024-03-18T00:42,0.0
,0,2024-03-18T02:24,0.0
,0,2024-03-18T04:05,0.0
,0,2024-03-18T05:47,0.0
7.158982072784926e-05,271,2024-03-18T07:28,1.2262443438914028
,0,2024-03-18T09:10,0.0
,0,2024-03-18T10:51,0.0
,0,2024-03-18T12:33,0.0
,0,2024-03-18T14:14,0.0
,0,2024-03-18T15:56,0.0
,0,2024-03-18T17:37,0.0
,0,2024-03-18T19:19,0.0
,0,2024-03-18T21:00,0.0
,0,2024-03-18T22:42,0.0
,0,2024-03-19T00:23,0.0
,0,2024-03-19T02:05,0.0
,0,2024-03-19T03:46,0.0
,0,2024-03-19T05:28,0.0
5.2143801301421157e-05,271,2024-03-19T07:10,1.2262443438914028
,0,2024-03-19T08:51,0.0
,0,2024-03-19T10:33,0.0
,0,2024-03-19T12:14,0.0
,0,2024-03-19T13:56,0.0
,0,2024-03-19T15:37,0.0
,0,2024-03-19T17:19,0.0
,0,2024-03-19T19:00,0.0
,0,2024-03-19T20:42,0.0
,0,2024-03-19T22:23,0.0
,0,2024-03-20T00:05,0.0
,0,2024-03-20T01:46,0.0
,0,2024-03-20T03:28,0.0
,0,2024-03-20T05:09,0.0
,0,2024-03-20T06:51,0.0
6.483565491706718e-05,271,2024-03-20T08:32,1.2262443438914028
,0,2024-03-20T10:14,0.0
,0,2024-03-20T11:55,0.0
,0,2024-03-20T13:37,0.0
,0,2024-03-20T15:18,0.0
,0,2024-03-20T17:00,0.0
,0,2024-03-20T18:41,0.0
,0,2024-03-20T20:23,0.0
,0,2024-03-20T22:04,0.0
,0,2024-03-20T23:46,0.0
,0,2024-03-21T01:27,0.0
,0,2024-03-21T03:09,0.0
,0,2024-03-21T04:50,0.0
,0,2024-03-21T06:32,0.0
7.881411979986234e-05,271,2024-03-21T08:13,1.2262443438914028
,0,2024-03-21T09:55,0.0
,0,2024-03-21T11:36,0.0
,0,2024-03-21T13:18,0.0
,0,2024-03-21T14:59,0.0
,0,2024-03-21T16:41,0.0
,0,2024-03-21T18:22,0.0
,0,2024-03-21T20:04,0.0
,0,2024-03-21T21:45,0.0
,0,2024-03-21T23:27,0.0
,0,2024-03-22T01:08,0.0
,0,2024-03-22T02:50,0.0
,0,2024-03-22T04:31,0.0
,0,2024-03-22T06:13,0.0
8.671219953968444e-05,271,2024-03-22T07:54,1.2262443438914028
,0,2024-03-22T09:36,0.0
,0,2024-03-22T11:17,0.0
,0,2024-03-22T12:59,0.0
,0,2024-03-22T14:40,0.0
,0,2024-03-22T16:22,0.0
,0,2024-03-22T18:03,0.0
,0,2024-03-22T19:45,0.0
,0,2024-03-22T21:26,0.0
,0,2024-03-23T10:01,0.0
,0,2024-03-23T10:58,0.0
,0,2024-03-23T12:40,0.0
,0,2024-03-23T14:21,0.0
,0,2024-03-23T16:03,0.0
,0,2024-03-23T17:44,0.0
,0,2024-03-23T19:26,0.0
,0,2024-03-23T21:07,0.0
,0,2024-03-23T22:49,0.0
,0,2024-03-24T00:30,0.0
,0,2024-03-24T02:12,0.0
,0,2024-03-24T03:54,0.0
,0,2024-03-24T05:35,0.0
5.546894438858641e-05,69,2024-03-24T07:17,0.31221719457013575
,0,2024-03-24T08:58,0.0
,0,2024-03-24T10:40,0.0
,0,2024-03-24T12:21,0.0
,0,2024-03-24T14:03,0.0
,0,2024-03-24T15:44,0.0
,0,2024-03-24T17:26,0.0
,0,2024-03-24T19:07,0.0
,0,2024-03-24T20:49,0.0
,0,2024-03-24T22:30,0.0
,0,2024-03-25T01:02,0.0
,0,2024-03-25T01:53,0.0
,0,2024-03-25T03:35,0.0
,0,2024-03-25T05:16,0.0
4.792894964120146e-05,271,2024-03-25T06:58,1.2262443438914028
6.114676325746702e-05,271,2024-03-25T08:39,1.2262443438914028
,0,2024-03-25T10:21,0.0
,0,2024-03-25T12:02,0.0
,0,2024-03-25T13:44,0.0
,0,2024-03-25T15:25,0.0
,0,2024-03-25T17:07,0.0
,0,2024-03-25T18:48,0.0
,0,2024-03-25T20:30,0.0
,0,2024-03-25T22:11,0.0
,0,2024-03-25T23:53,0.0
,0,2024-03-26T01:34,0.0
,0,2024-03-26T03:16,0.0
,0,2024-03-26T04:57,0.0
,0,2024-03-26T06:39,0.0
7.566852911437502e-05,271,2024-03-26T08:20,1.2262443438914028
,0,2024-03-26T10:02,0.0
,0,2024-03-26T11:43,0.0
,0,2024-03-26T13:25,0.0
,0,2024-03-26T15:06,0.0
,0,2024-03-26T16:48,0.0
,0,2024-03-26T18:29,0.0
,0,2024-03-26T20:11,0.0
,0,2024-03-26T21:52,0.0
,0,2024-03-26T23:34,0.0
,0,2024-03-27T01:15,0.0
,0,2024-03-27T02:57,0.0
,0,2024-03-27T04:38,0.0
,0,2024-03-27T06:20,0.0
7.692580435569553e-05,271,2024-03-27T08:01,1.2262443438914028
,0,2024-03-27T09:43,0.0
,0,2024-03-27T11:24,0.0
,0,2024-03-27T13:06,0.0
,0,2024-03-27T14:47,0.0
,0,2024-03-27T16:29,0.0
,0,2024-03-27T18:10,0.0
,0,2024-03-27T19:52,0.0
,0,2024-03-27T21:33,0.0
,0,2024-03-27T23:15,0.0
,0,2024-03-28T00:56,0.0
,0,2024-03-28T02:38,0.0
,0,2024-03-28T04:19,0.0
,0,2024-03-28T06:01,0.0
6.863705829402573e-05,271,2024-03-28T07:42,1.2262443438914028
,0,2024-03-28T09:24,0.0
,0,2024-03-28T11:05,0.0
,0,2024-03-28T12:47,0.0
,0,2024-03-28T14:28,0.0
,0,2024-03-28T16:10,0.0
,0,2024-03-28T17:51,0.0
,0,2024-03-28T19:33,0.0
,0,2024-03-28T21:14,0.0
,0,2024-03-28T22:56,0.0
,0,2024-03-29T00:37,0.0
,0,2024-03-29T02:19,0.0
,0,2024-03-29T04:00,0.0
,0,2024-03-29T05:42,0.0
7.292322665066681e-05,121,2024-03-29T07:24,0.5475113122171946
,0,2024-03-29T09:05,0.0
,0,2024-03-29T10:47,0.0
,0,2024-03-29T12:28,0.0
,0,2024-03-29T14:10,0.0
,0,2024-03-29T15:51,0.0
,0,2024-03-29T17:33,0.0
,0,2024-03-29T19:14,0.0
,0,2024-03-29T20:56,0.0
,0,2024-03-29T22:37,0.0
,0,2024-03-30T00:19,0.0
,0,2024-03-30T02:00,0.0
,0,2024-03-30T03:42,0.0
,0,2024-03-30T05:23,0.0
5.761501334170564e-05,119,2024-03-30T07:05,0.5384615384615384
,0,2024-03-30T08:46,0.0
,0,2024-03-30T10:28,0.0
,0,2024-03-30T12:09,0.0
,0,2024-03-30T13:51,0.0
,0,2024-03-30T15:32,0.0
,0,2024-03-30T17:14,0.0
,0,2024-03-30T18:55,0.0
,0,2024-03-30T20:37,0.0
,0,2024-03-30T22:18,0.0
,0,2024-03-31T00:00,0.0
,0,2024-03-31T01:41,0.0
,0,2024-03-31T03:23,0.0
,0,2024-03-31T05:04,0.0
,0,2024-03-31T06:46,0.0
4.751922482130942e-05,13,2024-03-31T08:27,0.058823529411764705
,0,2024-03-31T10:09,0.0
,0,2024-03-31T11:50,0.0
,0,2024-03-31T13:32,0.0
,0,2024-03-31T15:13,0.0
,0,2024-03-31T16:55,0.0
,0,2024-03-31T18:36,0.0
,0,2024-03-31T20:18,0.0
,0,2024-03-31T21:59,0.0
,0,2024-03-31T23:41,0.0
,0,2024-04-01T01:22,0.0
,0,2024-04-01T03:04,0.0
,0,2024-04-01T04:45,0.0
,0,2024-04-01T06:27,0.0
7.867248512938314e-05,271,2024-04-01T08:08,1.2262443438914028
,0,2024-04-01T09:50,0.0
,0,2024-04-01T11:31,0.0
,0,2024-04-01T13:13,0.0
,0,2024-04-01T14:54,0.0
,0,2024-04-01T16:36,0.0
,0,2024-04-01T18:17,0.0
,0,2024-04-01T19:59,0.0
,0,2024-04-01T21:40,0.0
,0,2024-04-01T23:22,0.0
,0,2024-04-02T01:03,0.0
,0,2024-04-02T02:45,0.0
,0,2024-04-02T04:26,0.0
,0,2024-04-02T06:08,0.0
8.24322588207019e-05,271,2024-04-02T07:49,1.2262443438914028
,0,2024-04-02T09:31,0.0
,0,2024-04-02T11:12,0.0
,0,2024-04-02T12:54,0.0
,0,2024-04-02T14:35,0.0
,0,2024-04-02T16:17,0.0
,0,2024-04-02T17:58,0.0
,0,2024-04-02T19:40,0.0
,0,2024-04-02T21:21,0.0
,0,2024-04-02T23:03,0.0
,0,2024-04-03T00:44,0.0
,0,2024-04-03T02:26,0.0
,0,2024-04-03T04:07,0.0
,0,2024-04-03T05:49,0.0
8.214496836776951e-05,271,2024-04-03T07:30,1.2262443438914028
,0,2024-04-03T09:12,0.0
,0,2024-04-03T10:53,0.0
,0,2024-04-03T12:35,0.0
,0,2024-04-03T14:16,0.0
,0,2024-04-03T15:58,0.0
,0,2024-04-03T17:39,0.0
,0,2024-04-03T19:21,0.0
,0,2024-04-03T21:03,0.0
,0,2024-04-03T22:44,0.0
,0,2024-04-04T00:26,0.0
,0,2024-04-04T02:07,0.0
,0,2024-04-04T03:49,0.0
,0,2024-04-04T05:30,0.0
5.894044734009692e-05,271,2024-04-04T07:12,1.2262443438914028
,0,2024-04-04T08:53,0.0
,0,2024-04-04T10:35,0.0
,0,2024-04-04T12:16,0.0
,0,2024-04-04T13:58,0.0
,0,2024-04-04T15:39,0.0
,0,2024-04-04T17:21,0.0
,0,2024-04-04T19:02,0.0
,0,2024-04-04T20:44,0.0
,0,2024-04-04T22:25,0.0
,0,2024-04-05T00:07,0.0
,0,2024-04-05T01:48,0.0
,0,2024-04-05T03:30,0.0
,0,2024-04-05T05:11,0.0
,0,2024-04-05T06:53,0.0
5.34026687328855e-05,271,2024-04-05T08:34,1.2262443438914028
,0,2024-04-05T10:16,0.0
,0,2024-04-05T11:57,0.0
,0,2024-04-05T13:39,0.0
,0,2024-04-05T15:20,0.0
,0,2024-04-05T17:02,0.0
,0,2024-04-05T18:43,0.0
,0,2024-04-05T20:25,0.0
,0,2024-04-05T22:06,0.0
,0,2024-04-05T23:48,0.0
,0,2024-04-06T01:29,0.0
,0,2024-04-06T03:11,0.0
,0,2024-04-06T04:52,0.0
,0,2024-04-06T06:34,0.0
6.888697365056357e-05,271,2024-04-06T08:15,1.2262443438914028
,0,2024-04-06T09:57,0.0
,0,2024-04-06T11:38,0.0
,0,2024-04-06T13:20,0.0
,0,2024-04-06T15:01,0.0
,0,2024-04-06T16:43,0.0
,0,2024-04-06T18:24,0.0
,0,2024-04-06T20:06,0.0
,0,2024-04-06T21:47,0.0
,0,2024-04-06T23:29,0.0
,0,2024-04-07T01:10,0.0
,0,2024-04-07T02:52,0.0
,0,2024-04-07T04:33,0.0
,0,2024-04-07T06:15,0.0
6.367481810343095e-05,271,2024-04-07T07:56,1.2262443438914028
,0,2024-04-07T09:38,0.0
,0,2024-04-07T11:19,0.0
,0,2024-04-07T13:01,0.0
,0,2024-04-07T14:42,0.0
,0,2024-04-07T16:24,0.0
,0,2024-04-07T18:05,0.0
,0,2024-04-07T19:47,0.0
,0,2024-04-07T21:28,0.0
,0,2024-04-07T23:10,0.0
,0,2024-04-08T00:51,0.0
,0,2024-04-08T02:33,0.0
,0,2024-04-08T04:14,0.0
,0,2024-04-08T05:56,0.0
6.995672281870343e-05,271,2024-04-08T07:37,1.2262443438914028
,0,2024-04-08T09:19,0.0
,0,2024-04-08T11:00,0.0
,0,2024-04-08T12:42,0.0
,0,2024-04-08T14:23,0.0
,0,2024-04-08T16:05,0.0
,0,2024-04-08T17:46,0.0
,0,2024-04-08T19:28,0.0
,0,2024-04-08T21:09,0.0
,0,2024-04-08T22:51,0.0
,0,2024-04-09T00:32,0.0
,0,2024-04-09T02:14,0.0
,0,2024-04-09T03:55,0.0
,0,2024-04-09T05:37,0.0
4.485657062050973e-05,271,2024-04-09T07:19,1.2262443438914028
,0,2024-04-09T09:00,0.0
,0,2024-04-09T10:42,0.0
,0,2024-04-09T12:23,0.0
,0,2024-04-09T14:05,0.0
,0,2024-04-09T15:46,0.0
,0,2024-04-09T17:28,0.0
,0,2024-04-09T19:09,0.0
,0,2024-04-09T20:51,0.0
,0,2024-04-09T22:32,0.0
,0,2024-04-10T00:14,0.0
,0,2024-04-10T01:55,0.0
,0,2024-04-10T03:37,0.0
,0,2024-04-10T05:18,0.0
7.920441468353337e-05,271,2024-04-10T07:00,1.2262443438914028
5.178372744932066e-05,271,2024-04-10T08:41,1.2262443438914028
,0,2024-04-10T10:23,0.0
,0,2024-04-10T12:04,0.0
,0,2024-04-10T13:46,0.0
,0,2024-04-10T15:27,0.0
,0,2024-04-10T17:09,0.0
,0,2024-04-10T18:50,0.0
,0,2024-04-10T20:32,0.0
,0,2024-04-10T22:13,0.0
,0,2024-04-10T23:55,0.0
,0,2024-04-11T01:36,0.0
,0,2024-04-11T03:18,0.0
,0,2024-04-11T04:59,0.0
,0,2024-04-11T06:41,0.0
7.40984086120546e-05,271,2024-04-11T08:22,1.2262443438914028
,0,2024-04-11T10:04,0.0
,0,2024-04-11T11:45,0.0
,0,2024-04-11T13:27,0.0
,0,2024-04-11T15:08,0.0
,0,2024-04-11T16:50,0.0
,0,2024-04-11T18:31,0.0
,0,2024-04-11T20:13,0.0
,0,2024-04-11T21:54,0.0
,0,2024-04-11T23:36,0.0
,0,2024-04-12T01:17,0.0
,0,2024-04-12T02:59,0.0
,0,2024-04-12T04:40,0.0
,0,2024-04-12T06:22,0.0
6.23024704145623e-05,94,2024-04-12T08:03,0.4253393665158371
,0,2024-04-12T09:45,0.0
,0,2024-04-12T11:26,0.0
,0,2024-04-12T13:08,0.0
,0,2024-04-12T14:49,0.0
,0,2024-04-12T16:31,0.0
,0,2024-04-12T18:12,0.0
,0,2024-04-12T19:54,0.0
,0,2024-04-12T21:35,0.0
,0,2024-04-12T23:17,0.0
,0,2024-04-13T00:58,0.0
,0,2024-04-13T02:40,0.0
,0,2024-04-13T04:21,0.0
,0,2024-04-13T06:03,0.0
6.687976869555397e-05,269,2024-04-13T07:44,1.2171945701357465
,0,2024-04-13T09:26,0.0
,0,2024-04-13T11:07,0.0
,0,2024-04-13T12:49,0.0
,0,2024-04-13T14:30,0.0
,0,2024-04-13T16:12,0.0
,0,2024-04-13T17:53,0.0
,0,2024-04-13T19:35,0.0
,0,2024-04-13T21:16,0.0
,0,2024-04-13T22:58,0.0
,0,2024-04-14T00:39,0.0
,0,2024-04-14T02:21,0.0
,0,2024-04-14T04:02,0.0
,0,2024-04-14T05:44,0.0
7.125930341352159e-05,269,2024-04-14T07:25,1.2171945701357465
,0,2024-04-14T09:07,0.0
,0,2024-04-14T10:48,0.0
,0,2024-04-14T12:30,0.0
,0,2024-04-14T14:11,0.0
,0,2024-04-14T15:53,0.0
,0,2024-04-14T17:34,0.0
,0,2024-04-14T19:16,0.0
,0,2024-04-14T20:57,0.0
,0,2024-04-14T22:39,0.0
,0,2024-04-15T00:20,0.0
,0,2024-04-15T02:02,0.0
,0,2024-04-15T03:43,0.0
,0,2024-04-15T05:25,0.0
5.889218662118488e-05,269,2024-04-15T07:06,1.2171945701357465
,0,2024-04-15T08:48,0.0
,0,2024-04-15T10:30,0.0
,0,2024-04-15T12:11,0.0
,0,2024-04-15T13:53,0.0
,0,2024-04-15T15:34,0.0
,0,2024-04-15T17:16,0.0
,0,2024-04-15T18:57,0.0
,0,2024-04-15T20:39,0.0
,0,2024-04-15T22:20,0.0
,0,2024-04-16T00:02,0.0
,0,2024-04-16T01:43,0.0
,0,2024-04-16T03:25,0.0
,0,2024-04-16T05:06,0.0
,0,2024-04-16T06:48,0.0
7.107864728216054e-05,135,2024-04-16T08:29,0.6108597285067874
,0,2024-04-16T10:11,0.0
,0,2024-04-16T11:52,0.0
,0,2024-04-16T13:34,0.0
,0,2024-04-16T15:15,0.0
,0,2024-04-16T16:57,0.0
,0,2024-04-16T18:38,0.0
,0,2024-04-16T20:20,0.0
,0,2024-04-16T22:01,0.0
,0,2024-04-16T23:43,0.0
,0,2024-04-17T01:24,0.0
,0,2024-04-17T03:06,0.0
,0,2024-04-17T04:47,0.0
,0,2024-04-17T06:29,0.0
8.250477210596976e-05,163,2024-04-17T08:10,0.7375565610859729
,0,2024-04-17T09:52,0.0
,0,2024-04-17T11:33,0.0
,0,2024-04-17T13:15,0.0
,0,2024-04-17T14:56,0.0
,0,2024-04-17T16:38,0.0
,0,2024-04-17T18:19,0.0
,0,2024-04-17T20:01,0.0
,0,2024-04-17T21:42,0.0
,0,2024-04-17T23:24,0.0
,0,2024-04-18T01:05,0.0
,0,2024-04-18T02:47,0.0
,0,2024-04-18T04:28,0.0
,0,2024-04-18T06:10,0.0
9.103715659601529e-05,82,2024-04-18T07:51,0.37104072398190047
,0,2024-04-18T09:33,0.0
,0,2024-04-18T11:14,0.0
,0,2024-04-18T12:56,0.0
,0,2024-04-18T14:37,0.0
,0,2024-04-18T16:19,0.0
,0,2024-04-18T18:00,0.0
,0,2024-04-18T19:42,0.0
,0,2024-04-18T21:23,0.0
,0,2024-04-18T23:05,0.0
,0,2024-04-19T00:46,0.0
,0,2024-04-19T02:28,0.0
,0,2024-04-19T04:09,0.0
,0,2024-04-19T05:51,0.0
,0,2024-04-19T07:32,0.0
,0,2024-04-19T09:14,0.0
,0,2024-04-19T10:55,0.0
,0,2024-04-19T12:37,0.0
,0,2024-04-19T14:18,0.0
,0,2024-04-19T16:00,0.0
,0,2024-04-19T17:41,0.0
,0,2024-04-19T19:23,0.0
,0,2024-04-19T21:04,0.0
,0,2024-04-19T22:46,0.0
,0,2024-04-20T00:27,0.0
,0,2024-04-20T02:09,0.0
,0,2024-04-20T03:50,0.0
,0,2024-04-20T05:32,0.0
5.422744386976384e-05,234,2024-04-20T07:13,1.0588235294117647
,0,2024-04-20T08:55,0.0
,0,2024-04-20T10:36,0.0
,0,2024-04-20T12:18,0.0
,0,2024-04-20T13:59,0.0
,0,2024-04-20T15:41,0.0
,0,2024-04-20T17:22,0.0
,0,2024-04-20T19:04,0.0
,0,2024-04-20T20:45,0.0
,0,2024-04-20T22:27,0.0
,0,2024-04-21T00:08,0.0
,0,2024-04-21T01:50,0.0
,0,2024-04-21T03:31,0.0
,0,2024-04-21T05:13,0.0
,0,2024-04-21T06:54,0.0
5.379847086752246e-05,128,2024-04-21T08:36,0.579185520361991
,0,2024-04-21T10:17,0.0
,0,2024-04-21T11:59,0.0
,0,2024-04-21T13:40,0.0
,0,2024-04-21T15:22,0.0
,0,2024-04-21T17:03,0.0
,0,2024-04-21T19:24,0.0
,0,2024-04-21T20:26,0.0
,0,2024-04-21T22:08,0.0
,0,2024-04-21T23:50,0.0
,0,2024-04-22T01:31,0.0
,0,2024-04-22T03:13,0.0
,0,2024-04-22T04:54,0.0
,0,2024-04-22T06:36,0.0
6.27873296409215e-05,215,2024-04-22T08:17,0.9728506787330317
,0,2024-04-22T09:59,0.0
,0,2024-04-22T11:40,0.0
,0,2024-04-22T13:22,0.0
,0,2024-04-22T15:03,0.0
,0,2024-04-22T16:45,0.0
,0,2024-04-22T18:26,0.0
,0,2024-04-22T20:08,0.0
,0,2024-04-22T21:49,0.0
,0,2024-04-22T23:31,0.0
,0,2024-04-23T01:12,0.0
,0,2024-04-23T02:54,0.0
,0,2024-04-23T04:35,0.0
,0,2024-04-23T06:17,0.0
8.559250662631313e-05,259,2024-04-23T07:58,1.1719457013574661
,0,2024-04-23T09:40,0.0
,0,2024-04-23T11:21,0.0
,0,2024-04-23T13:03,0.0
,0,2024-04-23T14:44,0.0
,0,2024-04-23T16:26,0.0
,0,2024-04-23T18:07,0.0
,0,2024-04-23T19:49,0.0
,0,2024-04-23T21:30,0.0
,0,2024-04-23T23:12,0.0
,0,2024-04-24T00:53,0.0
,0,2024-04-24T02:35,0.0
,0,2024-04-24T04:16,0.0
,0,2024-04-24T05:58,0.0
6.926969495384335e-05,2,2024-04-24T07:39,0.00904977375565611
,0,2024-04-24T09:21,0.0
,0,2024-04-24T11:02,0.0
,0,2024-04-24T12:44,0.0
,0,2024-04-24T14:25,0.0
,0,2024-04-24T16:07,0.0
,0,2024-04-24T17:48,0.0
,0,2024-04-24T19:30,0.0
,0,2024-04-24T21:11,0.0
,0,2024-04-24T22:53,0.0
,0,2024-04-25T00:34,0.0
,0,2024-04-25T02:16,0.0
,0,2024-04-25T03:57,0.0
,0,2024-04-25T05:39,0.0
7.575285562498902e-05,257,2024-04-25T07:20,1.16289592760181
,0,2024-04-25T09:02,0.0
,0,2024-04-25T10:43,0.0
,0,2024-04-25T12:25,0.0
,0,2024-04-25T14:06,0.0
,0,2024-04-25T15:48,0.0
,0,2024-04-25T17:29,0.0
,0,2024-04-25T19:11,0.0
,0,2024-04-25T20:52,0.0
,0,2024-04-25T22:34,0.0
,0,2024-04-26T00:15,0.0
,0,2024-04-26T01:57,0.0
,0,2024-04-26T03:38,0.0
,0,2024-04-26T05:20,0.0
6.135693152643242e-05,146,2024-04-26T07:01,0.6606334841628959
,0,2024-04-26T08:43,0.0
,0,2024-04-26T10:24,0.0
,0,2024-04-26T12:06,0.0
,0,2024-04-26T13:47,0.0
,0,2024-04-26T15:29,0.0
,0,2024-04-26T17:10,0.0
,0,2024-04-26T18:52,0.0
,0,2024-04-26T20:33,0.0
,0,2024-04-26T22:15,0.0
,0,2024-04-26T23:56,0.0
,0,2024-04-27T01:38,0.0
,0,2024-04-27T03:19,0.0
,0,2024-04-27T05:01,0.0
,0,2024-04-27T06:42,0.0
6.973434728222603e-05,145,2024-04-27T08:24,0.6561085972850679
,0,2024-04-27T10:05,0.0
,0,2024-04-27T11:47,0.0
,0,2024-04-27T13:28,0.0
,0,2024-04-27T15:10,0.0
,0,2024-04-27T16:51,0.0
,0,2024-04-27T18:33,0.0
,0,2024-04-27T20:14,0.0
,0,2024-04-27T21:56,0.0
,0,2024-04-27T23:37,0.0
,0,2024-04-28T01:19,0.0
,0,2024-04-28T03:00,0.0
,0,2024-04-28T04:42,0.0
,0,2024-04-28T06:23,0.0
4.642607688004283e-05,155,2024-04-28T08:05,0.7013574660633484
,0,2024-04-28T09:46,0.0
,0,2024-04-28T11:28,0.0
,0,2024-04-28T13:09,0.0
,0,2024-04-28T14:51,0.0
,0,2024-04-28T16:32,0.0
,0,2024-04-28T18:14,0.0
,0,2024-04-28T19:55,0.0
,0,2024-04-28T21:37,0.0
,0,2024-04-28T23:18,0.0
,0,2024-04-29T01:00,0.0
,0,2024-04-29T02:41,0.0
,0,2024-04-29T04:23,0.0
,0,2024-04-29T06:04,0.0
6.824387269121757e-05,266,2024-04-29T07:46,1.2036199095022624
,0,2024-04-29T09:27,0.0
,0,2024-04-29T11:09,0.0
,0,2024-04-29T12:50,0.0
,0,2024-04-29T14:32,0.0
,0,2024-04-29T16:13,0.0
,0,2024-04-29T17:55,0.0
,0,2024-04-29T19:36,0.0
,0,2024-04-29T21:18,0.0
,0,2024-04-29T22:59,0.0
,0,2024-04-30T00:41,0.0
,0,2024-04-30T02:22,0.0
,0,2024-04-30T04:04,0.0
,0,2024-04-30T05:45,0.0
3.718345600343499e-05,269,2024-04-30T07:27,1.2171945701357465
,0,2024-04-30T09:08,0.0
,0,2024-04-30T10:50,0.0
,0,2024-04-30T12:31,0.0
,0,2024-04-30T14:13,0.0
,0,2024-04-30T15:54,0.0
,0,2024-04-30T17:36,0.0
,0,2024-04-30T19:17,0.0
,0,2024-04-30T20:59,0.0
,0,2024-04-30T22:40,0.0
,0,2024-05-01T00:22,0.0
,0,2024-05-01T02:03,0.0
,0,2024-05-01T03:45,0.0
,0,2024-05-01T05:26,0.0
4.350773237042707e-05,269,2024-05-01T07:08,1.2171945701357465
,0,2024-05-01T08:50,0.0
,0,2024-05-01T10:31,0.0
,0,2024-05-01T12:13,0.0
,0,2024-05-01T13:54,0.0
,0,2024-05-01T15:36,0.0
,0,2024-05-01T17:17,0.0
,0,2024-05-01T18:59,0.0
,0,2024-05-01T20:40,0.0
,0,2024-05-01T22:22,0.0
,0,2024-05-02T00:03,0.0
,0,2024-05-02T01:45,0.0
,0,2024-05-02T03:26,0.0
,0,2024-05-02T05:08,0.0
,0,2024-05-02T06:49,0.0
4.4202537047967486e-05,269,2024-05-02T08:31,1.2171945701357465
,0,2024-05-02T10:12,0.0
,0,2024-05-02T11:54,0.0
,0,2024-05-02T13:35,0.0
,0,2024-05-02T15:17,0.0
,0,2024-05-02T16:58,0.0
,0,2024-05-02T18:40,0.0
,0,2024-05-02T20:21,0.0
,0,2024-05-02T22:03,0.0
,0,2024-05-02T23:44,0.0
,0,2024-05-03T01:26,0.0
,0,2024-05-03T03:07,0.0
,0,2024-05-03T04:49,0.0
,0,2024-05-03T06:30,0.0
4.954398161257024e-05,269,2024-05-03T08:12,1.2171945701357465
,0,2024-05-03T09:53,0.0
,0,2024-05-03T11:35,0.0
,0,2024-05-03T13:16,0.0
,0,2024-05-03T14:58,0.0
,0,2024-05-03T16:39,0.0
,0,2024-05-03T18:21,0.0
,0,2024-05-03T20:02,0.0
,0,2024-05-03T21:44,0.0
,0,2024-05-03T23:25,0.0
,0,2024-05-04T01:07,0.0
,0,2024-05-04T02:48,0.0
,0,2024-05-04T04:30,0.0
,0,2024-05-04T06:11,0.0
6.019030080474562e-05,269,2024-05-04T07:53,1.2171945701357465
,0,2024-05-04T09:34,0.0
,0,2024-05-04T11:16,0.0
,0,2024-05-04T12:57,0.0
,0,2024-05-04T14:39,0.0
,0,2024-05-04T16:20,0.0
,0,2024-05-04T18:02,0.0
,0,2024-05-04T19:43,0.0
,0,2024-05-04T21:25,0.0
,0,2024-05-04T23:06,0.0
,0,2024-05-05T00:48,0.0
,0,2024-05-05T02:29,0.0
,0,2024-05-05T04:11,0.0
,0,2024-05-05T05:52,0.0
4.190286168177339e-05,269,2024-05-05T07:34,1.2171945701357465
,0,2024-05-05T09:15,0.0
,0,2024-05-05T10:57,0.0
,0,2024-05-05T12:38,0.0
,0,2024-05-05T14:20,0.0
,0,2024-05-05T16:01,0.0
,0,2024-05-05T17:43,0.0
,0,2024-05-05T19:24,0.0
,0,2024-05-05T21:06,0.0
,0,2024-05-05T22:47,0.0
,0,2024-05-06T00:29,0.0
,0,2024-05-06T02:10,0.0
,0,2024-05-06T03:52,0.0
,0,2024-05-06T05:33,0.0
3.91755885518452e-05,269,2024-05-06T07:15,1.2171945701357465
,0,2024-05-06T08:56,0.0
,0,2024-05-06T10:38,0.0
,0,2024-05-06T12:31,0.0
,0,2024-05-06T14:01,0.0
,0,2024-05-06T15:42,0.0
,0,2024-05-06T17:24,0.0
,0,2024-05-06T19:05,0.0
,0,2024-05-06T20:47,0.0
,0,2024-05-06T22:28,0.0
,0,2024-05-07T00:10,0.0
,0,2024-05-07T01:51,0.0
,0,2024-05-07T03:33,0.0
,0,2024-05-07T05:14,0.0
,0,2024-05-07T06:56,0.0
3.2941609558141255e-05,269,2024-05-07T08:37,1.2171945701357465
,0,2024-05-07T10:19,0.0
,0,2024-05-07T12:00,0.0
,0,2024-05-07T13:42,0.0
,0,2024-05-07T15:23,0.0
,0,2024-05-07T17:05,0.0
,0,2024-05-07T18:46,0.0
,0,2024-05-07T20:28,0.0
,0,2024-05-07T22:09,0.0
,0,2024-05-07T23:51,0.0
,0,2024-05-08T01:32,0.0
,0,2024-05-08T03:14,0.0
,0,2024-05-08T04:55,0.0
,0,2024-05-08T06:37,0.0
6.844636778013966e-05,269,2024-05-08T08:18,1.2171945701357465
,0,2024-05-08T10:00,0.0
,0,2024-05-08T11:41,0.0
,0,2024-05-08T13:23,0.0
,0,2024-05-08T15:04,0.0
,0,2024-05-08T16:46,0.0
,0,2024-05-08T18:27,0.0
,0,2024-05-08T20:09,0.0
,0,2024-05-08T21:50,0.0
,0,2024-05-08T23:32,0.0
,0,2024-05-09T01:13,0.0
,0,2024-05-09T02:55,0.0
,0,2024-05-09T04:36,0.0
,0,2024-05-09T06:18,0.0
6.452401311682228e-05,269,2024-05-09T07:59,1.2171945701357465
,0,2024-05-09T09:41,0.0
,0,2024-05-09T11:22,0.0
,0,2024-05-09T13:04,0.0
,0,2024-05-09T14:45,0.0
,0,2024-05-09T16:27,0.0
,0,2024-05-09T18:08,0.0
,0,2024-05-09T19:50,0.0
,0,2024-05-09T21:31,0.0
,0,2024-05-09T23:13,0.0
,0,2024-05-10T00:54,0.0
,0,2024-05-10T02:36,0.0
,0,2024-05-10T04:17,0.0
,0,2024-05-10T05:59,0.0
5.776964138052466e-05,269,2024-05-10T07:40,1.2171945701357465
,0,2024-05-10T09:22,0.0
,0,2024-05-10T11:03,0.0
,0,2024-05-10T12:45,0.0
,0,2024-05-10T14:26,0.0
,0,2024-05-10T16:08,0.0
,0,2024-05-10T17:49,0.0
,0,2024-05-10T19:31,0.0
,0,2024-05-10T21:50,0.0
,0,2024-05-10T22:54,0.0
,0,2024-05-11T00:35,0.0
,0,2024-05-11T02:17,0.0
,0,2024-05-11T03:58,0.0
,0,2024-05-11T05:40,0.0
6.956677269497074e-05,222,2024-05-11T07:21,1.004524886877828
,0,2024-05-11T09:03,0.0
,0,2024-05-11T10:44,0.0
,0,2024-05-11T12:26,0.0
,0,2024-05-11T14:07,0.0
,0,2024-05-11T15:49,0.0
,0,2024-05-11T17:30,0.0
,0,2024-05-11T19:12,0.0
,0,2024-05-11T21:31,0.0
,0,2024-05-11T22:35,0.0
,0,2024-05-12T00:16,0.0
,0,2024-05-12T01:58,0.0
,0,2024-05-12T03:39,0.0
,0,2024-05-12T05:21,0.0
,0,2024-05-12T07:02,0.0
,0,2024-05-12T08:44,0.0
,0,2024-05-12T10:25,0.0
,0,2024-05-12T12:07,0.0
,0,2024-05-12T13:48,0.0
,0,2024-05-12T15:30,0.0
,0,2024-05-12T17:11,0.0
,0,2024-05-12T18:53,0.0
,0,2024-05-12T20:34,0.0
,0,2024-05-12T22:52,0.0
,0,2024-05-12T23:57,0.0
,0,2024-05-13T01:39,0.0
,0,2024-05-13T03:20,0.0
,0,2024-05-13T05:02,0.0
,0,2024-05-13T06:43,0.0
6.008946690995838e-05,269,2024-05-13T08:25,1.2171945701357465
,0,2024-05-13T10:06,0.0
,0,2024-05-13T11:48,0.0
,0,2024-05-13T13:29,0.0
,0,2024-05-13T15:11,0.0
,0,2024-05-13T16:52,0.0
,0,2024-05-13T18:34,0.0
,0,2024-05-13T20:15,0.0
,0,2024-05-13T21:57,0.0
,0,2024-05-13T23:38,0.0
,0,2024-05-14T01:20,0.0
,0,2024-05-14T03:01,0.0
,0,2024-05-14T04:43,0.0
,0,2024-05-14T06:24,0.0
6.93837548960235e-05,269,2024-05-14T08:06,1.2171945701357465
,0,2024-05-14T09:47,0.0
,0,2024-05-14T11:29,0.0
,0,2024-05-14T13:10,0.0
,0,2024-05-14T14:52,0.0
,0,2024-05-14T16:33,0.0
,0,2024-05-14T18:15,0.0
,0,2024-05-14T19:56,0.0
,0,2024-05-14T21:38,0.0
,0,2024-05-14T23:19,0.0
,0,2024-05-15T01:01,0.0
,0,2024-05-15T02:42,0.0
,0,2024-05-15T04:24,0.0
,0,2024-05-15T06:05,0.0
8.13871780408768e-05,269,2024-05-15T07:47,1.2171945701357465
,0,2024-05-15T09:28,0.0
,0,2024-05-15T11:10,0.0
,0,2024-05-15T12:51,0.0
,0,2024-05-15T14:33,0.0
,0,2024-05-15T16:14,0.0
,0,2024-05-15T17:56,0.0
,0,2024-05-15T19:37,0.0
,0,2024-05-15T21:19,0.0
,0,2024-05-15T23:00,0.0
,0,2024-05-16T00:42,0.0
,0,2024-05-16T02:23,0.0
,0,2024-05-16T04:05,0.0
,0,2024-05-16T05:46,0.0
7.924593467512037e-05,126,2024-05-16T07:28,0.5701357466063348
,0,2024-05-16T09:09,0.0
,0,2024-05-16T10:51,0.0
,0,2024-05-16T12:32,0.0
,0,2024-05-16T14:14,0.0
,0,2024-05-16T15:55,0.0
,0,2024-05-16T17:37,0.0
,0,2024-05-16T19:18,0.0
,0,2024-05-16T21:00,0.0
,0,2024-05-16T22:42,0.0
,0,2024-05-17T00:23,0.0
,0,2024-05-17T02:04,0.0
,0,2024-05-17T03:46,0.0
,0,2024-05-17T05:28,0.0
6.0725286155064276e-05,269,2024-05-17T07:09,1.2171945701357465
,0,2024-05-17T08:50,0.0
,0,2024-05-17T10:32,0.0
,0,2024-05-17T12:13,0.0
,0,2024-05-17T13:55,0.0
,0,2024-05-17T15:37,0.0
,0,2024-05-17T17:18,0.0
,0,2024-05-17T19:00,0.0
,0,2024-05-17T20:41,0.0
,0,2024-05-17T22:23,0.0
,0,2024-05-18T00:04,0.0
,0,2024-05-18T01:45,0.0
,0,2024-05-18T03:27,0.0
,0,2024-05-18T05:08,0.0
,0,2024-05-18T06:50,0.0
7.933231066099609e-05,189,2024-05-18T08:32,0.8552036199095022
,0,2024-05-18T10:13,0.0
,0,2024-05-18T11:54,0.0
,0,2024-05-18T13:36,0.0
,0,2024-05-18T15:18,0.0
,0,2024-05-18T16:59,0.0
,0,2024-05-18T18:40,0.0
,0,2024-05-18T20:22,0.0
,0,2024-05-18T22:04,0.0
,0,2024-05-18T23:45,0.0
,0,2024-05-19T01:27,0.0
,0,2024-05-19T03:08,0.0
,0,2024-05-19T04:50,0.0
,0,2024-05-19T06:31,0.0
8.03227612791277e-05,255,2024-05-19T08:13,1.1538461538461537
,0,2024-05-19T09:54,0.0
,0,2024-05-19T11:36,0.0
,0,2024-05-19T13:17,0.0
,0,2024-05-19T14:59,0.0
,0,2024-05-19T16:40,0.0
,0,2024-05-19T18:22,0.0
,0,2024-05-19T20:03,0.0
,0,2024-05-19T21:45,0.0
,0,2024-05-19T23:26,0.0
,0,2024-05-20T01:08,0.0
,0,2024-05-20T02:49,0.0
,0,2024-05-20T04:31,0.0
,0,2024-05-20T06:12,0.0
9.768826593569967e-05,269,2024-05-20T07:53,1.2171945701357465
,0,2024-05-20T09:35,0.0
,0,2024-05-20T11:17,0.0
,0,2024-05-20T12:58,0.0
,0,2024-05-20T14:40,0.0
,0,2024-05-20T16:21,0.0
,0,2024-05-20T18:03,0.0
,0,2024-05-20T19:44,0.0
,0,2024-05-20T21:26,0.0
,0,2024-05-20T23:07,0.0
,0,2024-05-21T00:49,0.0
,0,2024-05-21T02:30,0.0
,0,2024-05-21T04:12,0.0
,0,2024-05-21T05:53,0.0
6.620907545841625e-05,269,2024-05-21T07:35,1.2171945701357465
,0,2024-05-21T09:16,0.0
,0,2024-05-21T10:58,0.0
,0,2024-05-21T12:39,0.0
,0,2024-05-21T14:21,0.0
,0,2024-05-21T16:02,0.0
,0,2024-05-21T17:44,0.0
,0,2024-05-21T19:25,0.0
,0,2024-05-21T21:07,0.0
,0,2024-05-21T22:48,0.0
,0,2024-05-22T00:30,0.0
,0,2024-05-22T02:11,0.0
,0,2024-05-22T03:53,0.0
,0,2024-05-22T05:34,0.0
6.111383527388766e-05,83,2024-05-22T07:16,0.3755656108597285
,0,2024-05-22T08:57,0.0
,0,2024-05-22T10:39,0.0
,0,2024-05-22T12:20,0.0
,0,2024-05-22T14:02,0.0
,0,2024-05-22T15:43,0.0
,0,2024-05-22T17:25,0.0
,0,2024-05-22T19:06,0.0
,0,2024-05-22T20:48,0.0
,0,2024-05-22T22:29,0.0
,0,2024-05-23T00:11,0.0
,0,2024-05-23T01:52,0.0
,0,2024-05-23T03:34,0.0
,0,2024-05-23T05:15,0.0
,0,2024-05-23T06:56,0.0
4.688561949278742e-05,125,2024-05-23T08:38,0.5656108597285068
,0,2024-05-23T10:20,0.0
,0,2024-05-23T12:01,0.0
,0,2024-05-23T13:43,0.0
,0,2024-05-23T15:24,0.0
,0,2024-05-23T17:05,0.0
,0,2024-05-23T18:47,0.0
,0,2024-05-23T20:28,0.0
,0,2024-05-23T22:10,0.0
,0,2024-05-23T23:52,0.0
,0,2024-05-24T01:33,0.0
,0,2024-05-24T03:15,0.0
,0,2024-05-24T04:56,0.0
,0,2024-05-24T06:37,0.0
4.454648134162201e-05,269,2024-05-24T08:19,1.2171945701357465
,0,2024-05-24T10:00,0.0
,0,2024-05-24T11:42,0.0
,0,2024-05-24T13:24,0.0
,0,2024-05-24T15:05,0.0
,0,2024-05-24T16:47,0.0
,0,2024-05-24T18:28,0.0
,0,2024-05-24T20:10,0.0
,0,2024-05-24T21:51,0.0
,0,2024-05-24T23:32,0.0
,0,2024-05-25T01:14,0.0
,0,2024-05-25T02:55,0.0
,0,2024-05-25T04:37,0.0
,0,2024-05-25T06:19,0.0
4.194979256965344e-05,269,2024-05-25T08:00,1.2171945701357465
,0,2024-05-25T09:42,0.0
,0,2024-05-25T11:23,0.0
,0,2024-05-25T13:04,0.0
,0,2024-05-25T14:46,0.0
,0,2024-05-25T16:27,0.0
,0,2024-05-25T18:09,0.0
,0,2024-05-25T19:50,0.0
,0,2024-05-25T21:32,0.0
,0,2024-05-25T23:13,0.0
,0,2024-05-26T00:55,0.0
,0,2024-05-26T02:36,0.0
,0,2024-05-26T04:18,0.0
,0,2024-05-26T06:00,0.0
4.9350390540823754e-05,269,2024-05-26T07:41,1.2171945701357465
,0,2024-05-26T09:22,0.0
,0,2024-05-26T11:04,0.0
,0,2024-05-26T12:45,0.0
,0,2024-05-26T14:27,0.0
,0,2024-05-26T16:08,0.0
,0,2024-05-26T17:50,0.0
,0,2024-05-26T19:31,0.0
,0,2024-05-26T21:13,0.0
,0,2024-05-26T22:54,0.0
,0,2024-05-27T00:36,0.0
,0,2024-05-27T02:17,0.0
,0,2024-05-27T03:59,0.0
,0,2024-05-27T05:40,0.0
,0,2024-05-27T07:22,0.0
,0,2024-05-27T09:03,0.0
,0,2024-05-27T10:45,0.0
,0,2024-05-27T12:26,0.0
,0,2024-05-27T14:08,0.0
,0,2024-05-27T15:49,0.0
,0,2024-05-27T17:31,0.0
,0,2024-05-27T19:12,0.0
,0,2024-05-27T20:54,0.0
,0,2024-05-27T22:35,0.0
,0,2024-05-28T00:17,0.0
,0,2024-05-28T01:58,0.0
,0,2024-05-28T03:40,0.0
,0,2024-05-28T05:21,0.0
3.295478076843234e-05,269,2024-05-28T07:03,1.2171945701357465
2.9690645795509115e-05,269,2024-05-28T08:44,1.2171945701357465
,0,2024-05-28T10:26,0.0
,0,2024-05-28T12:07,0.0
,0,2024-05-28T13:49,0.0
,0,2024-05-28T15:30,0.0
,0,2024-05-28T17:12,0.0
,0,2024-05-28T18:53,0.0
,0,2024-05-28T20:35,0.0
,0,2024-05-28T22:16,0.0
,0,2024-05-28T23:58,0.0
,0,2024-05-29T01:39,0.0
,0,2024-05-29T05:02,0.0
,0,2024-05-29T06:44,0.0
2.1435388150452376e-05,269,2024-05-29T08:25,1.2171945701357465
,0,2024-05-29T10:07,0.0
,0,2024-05-29T11:48,0.0
,0,2024-05-29T13:30,0.0
,0,2024-05-29T15:11,0.0
,0,2024-05-29T16:53,0.0
,0,2024-05-29T18:34,0.0
,0,2024-05-29T20:16,0.0
,0,2024-05-29T21:57,0.0
,0,2024-05-29T23:39,0.0
,0,2024-05-30T01:20,0.0
,0,2024-05-30T03:02,0.0
,0,2024-05-30T04:43,0.0
,0,2024-05-30T06:25,0.0
4.0115970508426144e-05,269,2024-05-30T08:06,1.2171945701357465
,0,2024-05-30T09:48,0.0
,0,2024-05-30T11:29,0.0
,0,2024-05-30T13:11,0.0
,0,2024-05-30T14:52,0.0
,0,2024-05-30T16:34,0.0
,0,2024-05-30T18:15,0.0
,0,2024-05-30T19:57,0.0
,0,2024-05-30T21:38,0.0
,0,2024-05-30T23:20,0.0
,0,2024-05-31T01:01,0.0
,0,2024-05-31T02:43,0.0
,0,2024-05-31T04:24,0.0
,0,2024-05-31T06:06,0.0
3.804123632270656e-05,269,2024-05-31T07:47,1.2171945701357465
,0,2024-05-31T09:29,0.0
,0,2024-05-31T11:10,0.0
,0,2024-05-31T12:52,0.0
,0,2024-05-31T14:33,0.0
,0,2024-05-31T16:15,0.0
,0,2024-05-31T17:56,0.0
,0,2024-05-31T19:38,0.0
,0,2024-05-31T21:19,0.0
,0,2024-05-31T23:01,0.0
