OCO2_L2_Lite_FP: versions found ['11.2r', '11.3r']; using 11.3r; 152 in-season granules
152 granules left to scan (0 already done)
  [1/152] 2024-01-01: 0 soundings near corridor
  [2/152] 2024-01-02: 0 soundings near corridor
  [3/152] 2024-01-03: 0 soundings near corridor
  [4/152] 2024-01-04: 0 soundings near corridor
  [5/152] 2024-01-05: 0 soundings near corridor
  [6/152] 2024-01-06: 0 soundings near corridor
  [7/152] 2024-01-07: 0 soundings near corridor
  [8/152] 2024-01-08: 0 soundings near corridor
  [9/152] 2024-01-09: 0 soundings near corridor
  [10/152] 2024-01-10: 0 soundings near corridor
  [11/152] 2024-01-11: 0 soundings near corridor
  [12/152] 2024-01-12: 0 soundings near corridor
  [13/152] 2024-01-13: 0 soundings near corridor
  [14/152] 2024-01-14: 0 soundings near corridor
  [15/152] 2024-01-15: 0 soundings near corridor
  [16/152] 2024-01-16: 0 soundings near corridor
  [17/152] 2024-01-17: 0 soundings near corridor
  [18/152] 2024-01-18: 0 soundings near corridor
  [19/152] 2024-01-19: 0 soundings near corridor
  [20/152] 2024-01-20: 0 soundings near corridor
  [21/152] 2024-01-21: 0 soundings near corridor
  [22/152] 2024-01-22: 0 soundings near corridor
  [23/152] 2024-01-23: 309 soundings near corridor
  [24/152] 2024-01-24: 0 soundings near corridor
  [25/152] 2024-01-25: 0 soundings near corridor
  [26/152] 2024-01-26: 0 soundings near corridor
  [27/152] 2024-01-27: 0 soundings near corridor
  [28/152] 2024-01-28: 0 soundings near corridor
  [29/152] 2024-01-29: 0 soundings near corridor
OCO2_L2_Lite_FP: in-season days per version used {'11.2r': 1025, '11.3r': 152}; 1177 days total
1148 granules left to scan (29 already done)
  [1/1148] 2019-10-01: 0 soundings near corridor
  [2/1148] 2019-10-02: 0 soundings near corridor
  [3/1148] 2019-10-03: 0 soundings near corridor
  [4/1148] 2019-10-04: 0 soundings near corridor
  [5/1148] 2019-10-05: 0 soundings near corridor
  [6/1148] 2019-10-06: 0 soundings near corridor
  [7/1148] 2019-10-07: 0 soundings near corridor
  [8/1148] 2019-10-08: 0 soundings near corridor
  [9/1148] 2019-10-09: 0 soundings near corridor
  [10/1148] 2019-10-10: 0 soundings near corridor
  [11/1148] 2019-10-11: 0 soundings near corridor
  [12/1148] 2019-10-12: 0 soundings near corridor
  [13/1148] 2019-10-13: 0 soundings near corridor
  [14/1148] 2019-10-14: 0 soundings near corridor
  [15/1148] 2019-10-15: 0 soundings near corridor
  [16/1148] 2019-10-16: 0 soundings near corridor
  [17/1148] 2019-10-17: 0 soundings near corridor
  [18/1148] 2019-10-18: 0 soundings near corridor
  [19/1148] 2019-10-19: 0 soundings near corridor
  [20/1148] 2019-10-20: 0 soundings near corridor
  [21/1148] 2019-10-21: 0 soundings near corridor
  [22/1148] 2019-10-22: 0 soundings near corridor
  [23/1148] 2019-10-23: 0 soundings near corridor
  [24/1148] 2019-10-24: 0 soundings near corridor
  [25/1148] 2019-10-25: 0 soundings near corridor
  [26/1148] 2019-10-26: 0 soundings near corridor
  [27/1148] 2019-10-27: 0 soundings near corridor
  [28/1148] 2019-10-28: 0 soundings near corridor
  [29/1148] 2019-10-29: 0 soundings near corridor
  [30/1148] 2019-10-30: 0 soundings near corridor
  [31/1148] 2019-10-31: 0 soundings near corridor
  [32/1148] 2019-11-01: 0 soundings near corridor
  [33/1148] 2019-11-02: 0 soundings near corridor
  [34/1148] 2019-11-03: 0 soundings near corridor
  [35/1148] 2019-11-04: 0 soundings near corridor
  [36/1148] 2019-11-05: 0 soundings near corridor
  [37/1148] 2019-11-06: 0 soundings near corridor
  [38/1148] 2019-11-07: 0 soundings near corridor
  [39/1148] 2019-11-08: 0 soundings near corridor
  [40/1148] 2019-11-09: 0 soundings near corridor
  [41/1148] 2019-11-10: 0 soundings near corridor
  [42/1148] 2019-11-11: 0 soundings near corridor
  [43/1148] 2019-11-12: 0 soundings near corridor
  [44/1148] 2019-11-13: 0 soundings near corridor
  [45/1148] 2019-11-14: 0 soundings near corridor
  [46/1148] 2019-11-15: 0 soundings near corridor
  [47/1148] 2019-11-16: 0 soundings near corridor
  [48/1148] 2019-11-17: 0 soundings near corridor
  [49/1148] 2019-11-18: 0 soundings near corridor
  [50/1148] 2019-11-19: 0 soundings near corridor
  [51/1148] 2019-11-20: 0 soundings near corridor
  [52/1148] 2019-11-21: 0 soundings near corridor
  [53/1148] 2019-11-22: 0 soundings near corridor
  [54/1148] 2019-11-23: 0 soundings near corridor
  [55/1148] 2019-11-24: 0 soundings near corridor
  [56/1148] 2019-11-25: 0 soundings near corridor
  [57/1148] 2019-11-26: 0 soundings near corridor
  [58/1148] 2019-11-27: 0 soundings near corridor
  [59/1148] 2019-11-28: 0 soundings near corridor
  [60/1148] 2019-11-29: 0 soundings near corridor
  [61/1148] 2019-11-30: 0 soundings near corridor
  [62/1148] 2019-12-01: 0 soundings near corridor
  [63/1148] 2019-12-02: 0 soundings near corridor
  [64/1148] 2019-12-03: 0 soundings near corridor
  [65/1148] 2019-12-04: 0 soundings near corridor
  [66/1148] 2019-12-05: 0 soundings near corridor
  [67/1148] 2019-12-06: 0 soundings near corridor
  [68/1148] 2019-12-07: 0 soundings near corridor
  [69/1148] 2019-12-08: 0 soundings near corridor
  [70/1148] 2019-12-09: 0 soundings near corridor
  [71/1148] 2019-12-10: 0 soundings near corridor
  [72/1148] 2019-12-11: 25 soundings near corridor
  [73/1148] 2019-12-12: 0 soundings near corridor
  [74/1148] 2019-12-13: 0 soundings near corridor
  [75/1148] 2019-12-14: 0 soundings near corridor
  [76/1148] 2019-12-15: 0 soundings near corridor
  [77/1148] 2019-12-16: 0 soundings near corridor
  [78/1148] 2019-12-17: 0 soundings near corridor
  [79/1148] 2019-12-18: 0 soundings near corridor
  [80/1148] 2019-12-19: 0 soundings near corridor
  [81/1148] 2019-12-20: 0 soundings near corridor
  [82/1148] 2019-12-21: 0 soundings near corridor
  [83/1148] 2019-12-22: 0 soundings near corridor
  [84/1148] 2019-12-23: 0 soundings near corridor
  [85/1148] 2019-12-24: 0 soundings near corridor
  [86/1148] 2019-12-25: 0 soundings near corridor
  [87/1148] 2019-12-26: 0 soundings near corridor
  [88/1148] 2019-12-27: 0 soundings near corridor
  [89/1148] 2019-12-28: 0 soundings near corridor
  [90/1148] 2019-12-29: 0 soundings near corridor
  [91/1148] 2019-12-30: 0 soundings near corridor
  [92/1148] 2019-12-31: 0 soundings near corridor
  [93/1148] 2020-01-01: 0 soundings near corridor
  [94/1148] 2020-01-02: 0 soundings near corridor
  [95/1148] 2020-01-03: 0 soundings near corridor
  [96/1148] 2020-01-08: 0 soundings near corridor
  [97/1148] 2020-01-09: 0 soundings near corridor
  [98/1148] 2020-01-10: 0 soundings near corridor
  [99/1148] 2020-01-11: 0 soundings near corridor
  [100/1148] 2020-01-12: 286 soundings near corridor
  [101/1148] 2020-01-13: 0 soundings near corridor
  [102/1148] 2020-01-14: 0 soundings near corridor
  [103/1148] 2020-01-15: 0 soundings near corridor
  [104/1148] 2020-01-16: 0 soundings near corridor
  [105/1148] 2020-01-17: 0 soundings near corridor
  [106/1148] 2020-01-18: 0 soundings near corridor
  [107/1148] 2020-01-19: 0 soundings near corridor
  [108/1148] 2020-01-20: 0 soundings near corridor
  [109/1148] 2020-01-21: 0 soundings near corridor
  [110/1148] 2020-01-28: 0 soundings near corridor
  [111/1148] 2020-01-29: 0 soundings near corridor
  [112/1148] 2020-01-30: 0 soundings near corridor
  [113/1148] 2020-01-31: 0 soundings near corridor
  [114/1148] 2020-02-01: 0 soundings near corridor
  [115/1148] 2020-02-02: 0 soundings near corridor
  [116/1148] 2020-02-03: 0 soundings near corridor
  [117/1148] 2020-02-04: 0 soundings near corridor
  [118/1148] 2020-02-05: 0 soundings near corridor
  [119/1148] 2020-02-06: 0 soundings near corridor
  [120/1148] 2020-02-07: 0 soundings near corridor
  [121/1148] 2020-02-08: 0 soundings near corridor
  [122/1148] 2020-02-09: 0 soundings near corridor
  [123/1148] 2020-02-10: 0 soundings near corridor
  [124/1148] 2020-02-11: 0 soundings near corridor
  [125/1148] 2020-02-12: 0 soundings near corridor
  [126/1148] 2020-02-13: 0 soundings near corridor
  [127/1148] 2020-02-14: 0 soundings near corridor
  [128/1148] 2020-02-15: 0 soundings near corridor
  [129/1148] 2020-02-16: 0 soundings near corridor
  [130/1148] 2020-02-17: 0 soundings near corridor
  [131/1148] 2020-02-18: 0 soundings near corridor
  [132/1148] 2020-02-19: 0 soundings near corridor
  [133/1148] 2020-02-20: 0 soundings near corridor
  [134/1148] 2020-02-21: 0 soundings near corridor
  [135/1148] 2020-02-22: 0 soundings near corridor
  [136/1148] 2020-02-23: 0 soundings near corridor
  [137/1148] 2020-02-24: 0 soundings near corridor
  [138/1148] 2020-02-25: 0 soundings near corridor
  [139/1148] 2020-02-26: 0 soundings near corridor
  [140/1148] 2020-02-27: 0 soundings near corridor
  [141/1148] 2020-02-28: 0 soundings near corridor
  [142/1148] 2020-02-29: 0 soundings near corridor
  [143/1148] 2020-03-01: 0 soundings near corridor
  [144/1148] 2020-03-02: 0 soundings near corridor
  [145/1148] 2020-03-03: 0 soundings near corridor
  [146/1148] 2020-03-04: 0 soundings near corridor
  [147/1148] 2020-03-05: 0 soundings near corridor
  [148/1148] 2020-03-06: 0 soundings near corridor
  [149/1148] 2020-03-07: 0 soundings near corridor
  [150/1148] 2020-03-08: 0 soundings near corridor
  [151/1148] 2020-03-09: 0 soundings near corridor
  [152/1148] 2020-03-10: 0 soundings near corridor
  [153/1148] 2020-03-11: 0 soundings near corridor
  [154/1148] 2020-03-12: 0 soundings near corridor
  [155/1148] 2020-03-13: 0 soundings near corridor
  [156/1148] 2020-03-14: 0 soundings near corridor
  [157/1148] 2020-03-15: 0 soundings near corridor
  [158/1148] 2020-03-16: 0 soundings near corridor
  [159/1148] 2020-03-17: 0 soundings near corridor
  [160/1148] 2020-03-18: 0 soundings near corridor
  [161/1148] 2020-03-19: 0 soundings near corridor
  [162/1148] 2020-03-20: 0 soundings near corridor
  [163/1148] 2020-03-21: 0 soundings near corridor
  [164/1148] 2020-03-22: 0 soundings near corridor
  [165/1148] 2020-03-23: 0 soundings near corridor
  [166/1148] 2020-03-24: 0 soundings near corridor
  [167/1148] 2020-03-25: 0 soundings near corridor
  [168/1148] 2020-03-26: 0 soundings near corridor
  [169/1148] 2020-03-27: 0 soundings near corridor
  [170/1148] 2020-03-28: 0 soundings near corridor
  [171/1148] 2020-03-29: 0 soundings near corridor
  [172/1148] 2020-03-30: 0 soundings near corridor
  [173/1148] 2020-03-31: 0 soundings near corridor
  [174/1148] 2020-04-01: 0 soundings near corridor
  [175/1148] 2020-04-02: 0 soundings near corridor
  [176/1148] 2020-04-03: 0 soundings near corridor
  [177/1148] 2020-04-04: 0 soundings near corridor
  [178/1148] 2020-04-05: 0 soundings near corridor
  [179/1148] 2020-04-06: 0 soundings near corridor
  [180/1148] 2020-04-07: 0 soundings near corridor
  [181/1148] 2020-04-08: 0 soundings near corridor
  [182/1148] 2020-04-09: 0 soundings near corridor
  [183/1148] 2020-04-10: 0 soundings near corridor
  [184/1148] 2020-04-11: 0 soundings near corridor
  [185/1148] 2020-04-12: 0 soundings near corridor
  [186/1148] 2020-04-13: 0 soundings near corridor
  [187/1148] 2020-04-14: 0 soundings near corridor
  [188/1148] 2020-04-15: 0 soundings near corridor
  [189/1148] 2020-04-16: 0 soundings near corridor
  [190/1148] 2020-04-17: 0 soundings near corridor
  [191/1148] 2020-04-18: 0 soundings near corridor
  [192/1148] 2020-04-19: 0 soundings near corridor
  [193/1148] 2020-04-20: 0 soundings near corridor
  [194/1148] 2020-04-21: 0 soundings near corridor
  [195/1148] 2020-04-22: 0 soundings near corridor
  [196/1148] 2020-04-23: 0 soundings near corridor
  [197/1148] 2020-04-24: 0 soundings near corridor
  [198/1148] 2020-04-25: 0 soundings near corridor
  [199/1148] 2020-04-26: 0 soundings near corridor
  [200/1148] 2020-04-27: 0 soundings near corridor
  [201/1148] 2020-04-28: 0 soundings near corridor
  [202/1148] 2020-04-29: 0 soundings near corridor
  [203/1148] 2020-04-30: 0 soundings near corridor
  [204/1148] 2020-05-01: 0 soundings near corridor
  [205/1148] 2020-05-02: 0 soundings near corridor
  [206/1148] 2020-05-03: 0 soundings near corridor
  [207/1148] 2020-05-04: 0 soundings near corridor
  [208/1148] 2020-05-05: 0 soundings near corridor
  [209/1148] 2020-05-06: 0 soundings near corridor
  [210/1148] 2020-05-07: 0 soundings near corridor
  [211/1148] 2020-05-08: 0 soundings near corridor
  [212/1148] 2020-05-09: 0 soundings near corridor
  [213/1148] 2020-05-10: 0 soundings near corridor
  [214/1148] 2020-05-11: 0 soundings near corridor
  [215/1148] 2020-05-12: 0 soundings near corridor
  [216/1148] 2020-05-13: 0 soundings near corridor
  [217/1148] 2020-05-14: 0 soundings near corridor
  [218/1148] 2020-05-15: 0 soundings near corridor
  [219/1148] 2020-05-16: 0 soundings near corridor
  [220/1148] 2020-05-17: 0 soundings near corridor
  [221/1148] 2020-05-18: 0 soundings near corridor
  [222/1148] 2020-05-19: 0 soundings near corridor
  [223/1148] 2020-05-20: 0 soundings near corridor
  [224/1148] 2020-05-21: 0 soundings near corridor
  [225/1148] 2020-05-22: 0 soundings near corridor
  [226/1148] 2020-05-23: 0 soundings near corridor
  [227/1148] 2020-05-24: 0 soundings near corridor
  [228/1148] 2020-05-25: 0 soundings near corridor
  [229/1148] 2020-05-26: 0 soundings near corridor
  [230/1148] 2020-05-27: 0 soundings near corridor
  [231/1148] 2020-05-28: 0 soundings near corridor
  [232/1148] 2020-05-29: 0 soundings near corridor
  [233/1148] 2020-05-30: 0 soundings near corridor
  [234/1148] 2020-05-31: 0 soundings near corridor
  [235/1148] 2020-10-01: 0 soundings near corridor
  [236/1148] 2020-10-02: 0 soundings near corridor
  [237/1148] 2020-10-03: 0 soundings near corridor
  [238/1148] 2020-10-04: 0 soundings near corridor
  [239/1148] 2020-10-05: 0 soundings near corridor
  [240/1148] 2020-10-06: 0 soundings near corridor
  [241/1148] 2020-10-07: 0 soundings near corridor
  [242/1148] 2020-10-08: 0 soundings near corridor
  [243/1148] 2020-10-09: 0 soundings near corridor
  [244/1148] 2020-10-10: 0 soundings near corridor
  [245/1148] 2020-10-11: 0 soundings near corridor
  [246/1148] 2020-10-12: 0 soundings near corridor
  [247/1148] 2020-10-13: 0 soundings near corridor
  [248/1148] 2020-10-14: 0 soundings near corridor
  [249/1148] 2020-10-15: 0 soundings near corridor
  [250/1148] 2020-10-16: 0 soundings near corridor
  [251/1148] 2020-10-17: 0 soundings near corridor
  [252/1148] 2020-10-18: 0 soundings near corridor
  [253/1148] 2020-10-19: 0 soundings near corridor
  [254/1148] 2020-10-20: 0 soundings near corridor
  [255/1148] 2020-10-21: 0 soundings near corridor
  [256/1148] 2020-10-22: 0 soundings near corridor
  [257/1148] 2020-10-23: 0 soundings near corridor
  [258/1148] 2020-10-24: 0 soundings near corridor
  [259/1148] 2020-10-25: 0 soundings near corridor
  [260/1148] 2020-10-26: 19 soundings near corridor
  [261/1148] 2020-10-27: 0 soundings near corridor
  [262/1148] 2020-10-28: 0 soundings near corridor
  [263/1148] 2020-10-29: 0 soundings near corridor
  [264/1148] 2020-10-30: 0 soundings near corridor
  [265/1148] 2020-10-31: 0 soundings near corridor
  [266/1148] 2020-11-01: 0 soundings near corridor
  [267/1148] 2020-11-02: 0 soundings near corridor
  [268/1148] 2020-11-03: 0 soundings near corridor
  [269/1148] 2020-11-04: 0 soundings near corridor
  [270/1148] 2020-11-05: 0 soundings near corridor
  [271/1148] 2020-11-06: 0 soundings near corridor
  [272/1148] 2020-11-07: 0 soundings near corridor
  [273/1148] 2020-11-08: 0 soundings near corridor
  [274/1148] 2020-11-09: 0 soundings near corridor
  [275/1148] 2020-11-10: 0 soundings near corridor
  [276/1148] 2020-11-11: 0 soundings near corridor
  [277/1148] 2020-11-12: 0 soundings near corridor
  [278/1148] 2020-11-13: 0 soundings near corridor
  [279/1148] 2020-11-14: 0 soundings near corridor
  [280/1148] 2020-11-15: 0 soundings near corridor
  [281/1148] 2020-11-16: 0 soundings near corridor
  [282/1148] 2020-11-17: 0 soundings near corridor
  [283/1148] 2020-11-18: 0 soundings near corridor
  [284/1148] 2020-11-19: 0 soundings near corridor
  [285/1148] 2020-11-20: 0 soundings near corridor
  [286/1148] 2020-11-21: 0 soundings near corridor
  [287/1148] 2020-11-22: 0 soundings near corridor
  [288/1148] 2020-11-23: 0 soundings near corridor
  [289/1148] 2020-11-24: 0 soundings near corridor
  [290/1148] 2020-11-25: 0 soundings near corridor
  [291/1148] 2020-11-26: 0 soundings near corridor
  [292/1148] 2020-11-27: 0 soundings near corridor
  [293/1148] 2020-11-28: 0 soundings near corridor
  [294/1148] 2020-11-29: 0 soundings near corridor
  [295/1148] 2020-11-30: 0 soundings near corridor
  [296/1148] 2020-12-01: 0 soundings near corridor
  [297/1148] 2020-12-02: 0 soundings near corridor
  [298/1148] 2020-12-03: 0 soundings near corridor
  [299/1148] 2020-12-04: 0 soundings near corridor
  [300/1148] 2020-12-05: 0 soundings near corridor
  [301/1148] 2020-12-06: 0 soundings near corridor
  [302/1148] 2020-12-07: 0 soundings near corridor
  [303/1148] 2020-12-08: 0 soundings near corridor
  [304/1148] 2020-12-09: 0 soundings near corridor
  [305/1148] 2020-12-10: 0 soundings near corridor
  [306/1148] 2020-12-11: 0 soundings near corridor
  [307/1148] 2020-12-12: 0 soundings near corridor
  [308/1148] 2020-12-13: 0 soundings near corridor
  [309/1148] 2020-12-14: 0 soundings near corridor
  [310/1148] 2020-12-15: 0 soundings near corridor
  [311/1148] 2020-12-16: 0 soundings near corridor
  [312/1148] 2020-12-17: 0 soundings near corridor
  [313/1148] 2020-12-18: 0 soundings near corridor
  [314/1148] 2020-12-19: 0 soundings near corridor
  [315/1148] 2020-12-20: 0 soundings near corridor
  [316/1148] 2020-12-21: 0 soundings near corridor
  [317/1148] 2020-12-22: 0 soundings near corridor
  [318/1148] 2020-12-23: 0 soundings near corridor
  [319/1148] 2020-12-24: 0 soundings near corridor
  [320/1148] 2020-12-25: 0 soundings near corridor
  [321/1148] 2020-12-26: 0 soundings near corridor
  [322/1148] 2020-12-27: 0 soundings near corridor
  [323/1148] 2020-12-28: 0 soundings near corridor
  [324/1148] 2020-12-29: 322 soundings near corridor
  [325/1148] 2020-12-30: 0 soundings near corridor
  [326/1148] 2020-12-31: 0 soundings near corridor
  [327/1148] 2021-01-01: 0 soundings near corridor
  [328/1148] 2021-01-02: 0 soundings near corridor
  [329/1148] 2021-01-03: 0 soundings near corridor
  [330/1148] 2021-01-04: 0 soundings near corridor
  [331/1148] 2021-01-05: 0 soundings near corridor
  [332/1148] 2021-01-06: 0 soundings near corridor
  [333/1148] 2021-01-07: 0 soundings near corridor
  [334/1148] 2021-01-08: 0 soundings near corridor
  [335/1148] 2021-01-09: 0 soundings near corridor
  [336/1148] 2021-01-10: 0 soundings near corridor
  [337/1148] 2021-01-11: 0 soundings near corridor
  [338/1148] 2021-01-12: 0 soundings near corridor
  [339/1148] 2021-01-13: 0 soundings near corridor
  [340/1148] 2021-01-14: 0 soundings near corridor
  [341/1148] 2021-01-15: 0 soundings near corridor
  [342/1148] 2021-01-16: 0 soundings near corridor
  [343/1148] 2021-01-17: 0 soundings near corridor
  [344/1148] 2021-01-18: 0 soundings near corridor
  [345/1148] 2021-01-19: 0 soundings near corridor
  [346/1148] 2021-01-20: 0 soundings near corridor
  [347/1148] 2021-01-21: 0 soundings near corridor
  [348/1148] 2021-01-22: 0 soundings near corridor
  [349/1148] 2021-01-23: 0 soundings near corridor
  [350/1148] 2021-01-24: 0 soundings near corridor
  [351/1148] 2021-01-25: 0 soundings near corridor
  [352/1148] 2021-01-26: 0 soundings near corridor
  [353/1148] 2021-01-27: 0 soundings near corridor
  [354/1148] 2021-01-28: 0 soundings near corridor
  [355/1148] 2021-01-29: 0 soundings near corridor
  [356/1148] 2021-01-30: 299 soundings near corridor
  [357/1148] 2021-01-31: 0 soundings near corridor
  [358/1148] 2021-02-01: 0 soundings near corridor
  [359/1148] 2021-02-08: 0 soundings near corridor
  [360/1148] 2021-02-09: 0 soundings near corridor
  [361/1148] 2021-02-10: 0 soundings near corridor
  [362/1148] 2021-02-11: 0 soundings near corridor
  [363/1148] 2021-02-12: 0 soundings near corridor
  [364/1148] 2021-02-13: 0 soundings near corridor
  [365/1148] 2021-02-14: 0 soundings near corridor
  [366/1148] 2021-02-15: 0 soundings near corridor
  [367/1148] 2021-02-16: 0 soundings near corridor
  [368/1148] 2021-02-17: 0 soundings near corridor
  [369/1148] 2021-02-18: 0 soundings near corridor
  [370/1148] 2021-02-19: 0 soundings near corridor
  [371/1148] 2021-02-20: 0 soundings near corridor
  [372/1148] 2021-02-21: 0 soundings near corridor
  [373/1148] 2021-02-22: 0 soundings near corridor
  [374/1148] 2021-02-23: 0 soundings near corridor
  [375/1148] 2021-02-24: 0 soundings near corridor
  [376/1148] 2021-02-25: 0 soundings near corridor
  [377/1148] 2021-02-26: 0 soundings near corridor
  [378/1148] 2021-02-27: 0 soundings near corridor
  [379/1148] 2021-02-28: 0 soundings near corridor
  [380/1148] 2021-03-01: 0 soundings near corridor
  [381/1148] 2021-03-02: 0 soundings near corridor
  [382/1148] 2021-03-03: 62 soundings near corridor
  [383/1148] 2021-03-04: 0 soundings near corridor
  [384/1148] 2021-03-05: 0 soundings near corridor
  [385/1148] 2021-03-06: 0 soundings near corridor
  [386/1148] 2021-03-07: 0 soundings near corridor
  [387/1148] 2021-03-08: 0 soundings near corridor
  [388/1148] 2021-03-09: 0 soundings near corridor
  [389/1148] 2021-03-10: 0 soundings near corridor
  [390/1148] 2021-03-11: 0 soundings near corridor
  [391/1148] 2021-03-12: 0 soundings near corridor
  [392/1148] 2021-03-13: 0 soundings near corridor
  [393/1148] 2021-03-14: 0 soundings near corridor
  [394/1148] 2021-03-15: 0 soundings near corridor
  [395/1148] 2021-03-16: 0 soundings near corridor
  [396/1148] 2021-03-17: 0 soundings near corridor
  [397/1148] 2021-03-18: 0 soundings near corridor
  [398/1148] 2021-03-19: 0 soundings near corridor
  [399/1148] 2021-03-20: 0 soundings near corridor
  [400/1148] 2021-03-21: 0 soundings near corridor
  [401/1148] 2021-03-22: 0 soundings near corridor
  [402/1148] 2021-03-23: 0 soundings near corridor
  [403/1148] 2021-03-24: 0 soundings near corridor
  [404/1148] 2021-03-25: 0 soundings near corridor
  [405/1148] 2021-03-26: 0 soundings near corridor
  [406/1148] 2021-03-27: 0 soundings near corridor
  [407/1148] 2021-03-28: 0 soundings near corridor
  [408/1148] 2021-03-29: 0 soundings near corridor
  [409/1148] 2021-03-30: 0 soundings near corridor
  [410/1148] 2021-03-31: 0 soundings near corridor
  [411/1148] 2021-04-01: 0 soundings near corridor
  [412/1148] 2021-04-02: 0 soundings near corridor
  [413/1148] 2021-04-03: 0 soundings near corridor
  [414/1148] 2021-04-04: 0 soundings near corridor
  [415/1148] 2021-04-05: 0 soundings near corridor
  [416/1148] 2021-04-06: 0 soundings near corridor
  [417/1148] 2021-04-07: 0 soundings near corridor
  [418/1148] 2021-04-08: 0 soundings near corridor
  [419/1148] 2021-04-09: 0 soundings near corridor
  [420/1148] 2021-04-10: 0 soundings near corridor
  [421/1148] 2021-04-11: 0 soundings near corridor
  [422/1148] 2021-04-12: 0 soundings near corridor
  [423/1148] 2021-04-13: 0 soundings near corridor
  [424/1148] 2021-04-14: 0 soundings near corridor
  [425/1148] 2021-04-15: 0 soundings near corridor
  [426/1148] 2021-04-16: 0 soundings near corridor
  [427/1148] 2021-04-17: 0 soundings near corridor
  [428/1148] 2021-04-18: 0 soundings near corridor
  [429/1148] 2021-04-19: 0 soundings near corridor
  [430/1148] 2021-04-20: 0 soundings near corridor
  [431/1148] 2021-04-21: 0 soundings near corridor
  [432/1148] 2021-04-22: 0 soundings near corridor
  [433/1148] 2021-04-23: 0 soundings near corridor
  [434/1148] 2021-04-24: 0 soundings near corridor
  [435/1148] 2021-04-25: 0 soundings near corridor
  [436/1148] 2021-04-26: 0 soundings near corridor
  [437/1148] 2021-04-27: 0 soundings near corridor
  [438/1148] 2021-04-28: 0 soundings near corridor
  [439/1148] 2021-04-29: 0 soundings near corridor
  [440/1148] 2021-04-30: 0 soundings near corridor
  [441/1148] 2021-05-01: 0 soundings near corridor
  [442/1148] 2021-05-02: 0 soundings near corridor
  [443/1148] 2021-05-03: 0 soundings near corridor
  [444/1148] 2021-05-04: 0 soundings near corridor
  [445/1148] 2021-05-05: 0 soundings near corridor
  [446/1148] 2021-05-06: 0 soundings near corridor
  [447/1148] 2021-05-07: 0 soundings near corridor
  [448/1148] 2021-05-08: 0 soundings near corridor
  [449/1148] 2021-05-09: 0 soundings near corridor
  [450/1148] 2021-05-10: 0 soundings near corridor
  [451/1148] 2021-05-11: 0 soundings near corridor
  [452/1148] 2021-05-12: 0 soundings near corridor
  [453/1148] 2021-05-13: 0 soundings near corridor
  [454/1148] 2021-05-14: 0 soundings near corridor
  [455/1148] 2021-05-15: 0 soundings near corridor
  [456/1148] 2021-05-16: 0 soundings near corridor
  [457/1148] 2021-05-17: 0 soundings near corridor
  [458/1148] 2021-05-18: 0 soundings near corridor
  [459/1148] 2021-05-19: 0 soundings near corridor
  [460/1148] 2021-05-20: 0 soundings near corridor
  [461/1148] 2021-05-21: 0 soundings near corridor
  [462/1148] 2021-05-22: 0 soundings near corridor
  [463/1148] 2021-05-23: 0 soundings near corridor
  [464/1148] 2021-05-24: 0 soundings near corridor
  [465/1148] 2021-05-25: 0 soundings near corridor
  [466/1148] 2021-05-26: 0 soundings near corridor
  [467/1148] 2021-05-27: 0 soundings near corridor
  [468/1148] 2021-05-28: 0 soundings near corridor
  [469/1148] 2021-05-29: 0 soundings near corridor
  [470/1148] 2021-05-30: 0 soundings near corridor
  [471/1148] 2021-05-31: 0 soundings near corridor
  [472/1148] 2021-10-01: 0 soundings near corridor
  [473/1148] 2021-10-02: 0 soundings near corridor
  [474/1148] 2021-10-03: 0 soundings near corridor
  [475/1148] 2021-10-04: 0 soundings near corridor
  [476/1148] 2021-10-05: 0 soundings near corridor
  [477/1148] 2021-10-06: 0 soundings near corridor
  [478/1148] 2021-10-07: 0 soundings near corridor
  [479/1148] 2021-10-08: 0 soundings near corridor
  [480/1148] 2021-10-09: 0 soundings near corridor
  [481/1148] 2021-10-10: 0 soundings near corridor
  [482/1148] 2021-10-11: 0 soundings near corridor
  [483/1148] 2021-10-12: 0 soundings near corridor
  [484/1148] 2021-10-13: 102 soundings near corridor
  [485/1148] 2021-10-14: 0 soundings near corridor
  [486/1148] 2021-10-15: 0 soundings near corridor
  [487/1148] 2021-10-16: 0 soundings near corridor
  [488/1148] 2021-10-17: 0 soundings near corridor
  [489/1148] 2021-10-18: 0 soundings near corridor
  [490/1148] 2021-10-19: 0 soundings near corridor
  [491/1148] 2021-10-20: 0 soundings near corridor
  [492/1148] 2021-10-21: 0 soundings near corridor
  [493/1148] 2021-10-22: 0 soundings near corridor
  [494/1148] 2021-10-23: 0 soundings near corridor
  [495/1148] 2021-10-24: 0 soundings near corridor
  [496/1148] 2021-10-25: 0 soundings near corridor
  [497/1148] 2021-10-26: 0 soundings near corridor
  [498/1148] 2021-10-27: 0 soundings near corridor
  [499/1148] 2021-10-28: 0 soundings near corridor
  [500/1148] 2021-10-29: 0 soundings near corridor
  [501/1148] 2021-10-30: 0 soundings near corridor
  [502/1148] 2021-10-31: 0 soundings near corridor
  [503/1148] 2021-11-01: 0 soundings near corridor
  [504/1148] 2021-11-02: 0 soundings near corridor
  [505/1148] 2021-11-03: 0 soundings near corridor
  [506/1148] 2021-11-04: 0 soundings near corridor
  [507/1148] 2021-11-05: 0 soundings near corridor
  [508/1148] 2021-11-06: 0 soundings near corridor
  [509/1148] 2021-11-07: 0 soundings near corridor
  [510/1148] 2021-11-08: 0 soundings near corridor
  [511/1148] 2021-11-09: 0 soundings near corridor
  [512/1148] 2021-11-10: 0 soundings near corridor
  [513/1148] 2021-11-11: 0 soundings near corridor
  [514/1148] 2021-11-12: 0 soundings near corridor
  [515/1148] 2021-11-13: 0 soundings near corridor
  [516/1148] 2021-11-14: 19 soundings near corridor
  [517/1148] 2021-11-15: 0 soundings near corridor
  [518/1148] 2021-11-16: 0 soundings near corridor
  [519/1148] 2021-11-17: 0 soundings near corridor
  [520/1148] 2021-11-18: 0 soundings near corridor
  [521/1148] 2021-11-19: 0 soundings near corridor
  [522/1148] 2021-11-20: 0 soundings near corridor
  [523/1148] 2021-11-21: 0 soundings near corridor
  [524/1148] 2021-11-22: 0 soundings near corridor
  [525/1148] 2021-11-23: 0 soundings near corridor
  [526/1148] 2021-11-24: 0 soundings near corridor
  [527/1148] 2021-11-25: 0 soundings near corridor
  [528/1148] 2021-11-26: 0 soundings near corridor
  [529/1148] 2021-11-27: 0 soundings near corridor
  [530/1148] 2021-11-28: 0 soundings near corridor
  [531/1148] 2021-11-29: 0 soundings near corridor
  [532/1148] 2021-11-30: 0 soundings near corridor
  [533/1148] 2021-12-01: 0 soundings near corridor
  [534/1148] 2021-12-02: 0 soundings near corridor
  [535/1148] 2021-12-03: 0 soundings near corridor
  [536/1148] 2021-12-04: 0 soundings near corridor
  [537/1148] 2021-12-05: 0 soundings near corridor
  [538/1148] 2021-12-06: 0 soundings near corridor
  [539/1148] 2021-12-07: 0 soundings near corridor
  [540/1148] 2021-12-08: 0 soundings near corridor
  [541/1148] 2021-12-09: 0 soundings near corridor
  [542/1148] 2021-12-10: 0 soundings near corridor
  [543/1148] 2021-12-11: 0 soundings near corridor
  [544/1148] 2021-12-12: 0 soundings near corridor
  [545/1148] 2021-12-13: 0 soundings near corridor
  [546/1148] 2021-12-14: 0 soundings near corridor
  [547/1148] 2021-12-15: 0 soundings near corridor
  [548/1148] 2021-12-16: 0 soundings near corridor
  [549/1148] 2021-12-17: 0 soundings near corridor
  [550/1148] 2021-12-18: 0 soundings near corridor
  [551/1148] 2021-12-19: 0 soundings near corridor
  [552/1148] 2021-12-20: 0 soundings near corridor
  [553/1148] 2021-12-21: 0 soundings near corridor
  [554/1148] 2021-12-22: 0 soundings near corridor
  [555/1148] 2021-12-23: 0 soundings near corridor
  [556/1148] 2021-12-24: 0 soundings near corridor
  [557/1148] 2021-12-25: 0 soundings near corridor
  [558/1148] 2021-12-26: 0 soundings near corridor
  [559/1148] 2021-12-27: 0 soundings near corridor
  [560/1148] 2021-12-28: 0 soundings near corridor
  [561/1148] 2021-12-29: 0 soundings near corridor
  [562/1148] 2021-12-30: 0 soundings near corridor
  [563/1148] 2021-12-31: 0 soundings near corridor
  [564/1148] 2022-01-01: 0 soundings near corridor
  [565/1148] 2022-01-02: 0 soundings near corridor
  [566/1148] 2022-01-03: 0 soundings near corridor
  [567/1148] 2022-01-04: 0 soundings near corridor
  [568/1148] 2022-01-05: 0 soundings near corridor
  [569/1148] 2022-01-06: 0 soundings near corridor
  [570/1148] 2022-01-07: 0 soundings near corridor
  [571/1148] 2022-01-08: 0 soundings near corridor
  [572/1148] 2022-01-09: 0 soundings near corridor
  [573/1148] 2022-01-10: 0 soundings near corridor
  [574/1148] 2022-01-11: 0 soundings near corridor
  [575/1148] 2022-01-12: 0 soundings near corridor
  [576/1148] 2022-01-13: 0 soundings near corridor
  [577/1148] 2022-01-14: 0 soundings near corridor
  [578/1148] 2022-01-15: 0 soundings near corridor
  [579/1148] 2022-01-16: 0 soundings near corridor
  [580/1148] 2022-01-17: 32 soundings near corridor
  [581/1148] 2022-01-18: 0 soundings near corridor
  [582/1148] 2022-01-19: 0 soundings near corridor
  [583/1148] 2022-01-20: 0 soundings near corridor
  [584/1148] 2022-01-21: 0 soundings near corridor
  [585/1148] 2022-01-22: 0 soundings near corridor
  [586/1148] 2022-01-23: 0 soundings near corridor
  [587/1148] 2022-01-24: 0 soundings near corridor
  [588/1148] 2022-01-25: 0 soundings near corridor
  [589/1148] 2022-01-26: 0 soundings near corridor
  [590/1148] 2022-01-27: 0 soundings near corridor
  [591/1148] 2022-01-28: 0 soundings near corridor
  [592/1148] 2022-01-29: 0 soundings near corridor
  [593/1148] 2022-01-30: 0 soundings near corridor
  [594/1148] 2022-01-31: 0 soundings near corridor
  [595/1148] 2022-02-01: 0 soundings near corridor
  [596/1148] 2022-02-02: 0 soundings near corridor
  [597/1148] 2022-02-03: 0 soundings near corridor
  [598/1148] 2022-02-04: 0 soundings near corridor
  [599/1148] 2022-02-05: 0 soundings near corridor
  [600/1148] 2022-02-06: 0 soundings near corridor
  [601/1148] 2022-02-07: 0 soundings near corridor
  [602/1148] 2022-02-08: 0 soundings near corridor
  [603/1148] 2022-02-09: 0 soundings near corridor
  [604/1148] 2022-02-10: 0 soundings near corridor
  [605/1148] 2022-02-11: 0 soundings near corridor
  [606/1148] 2022-02-12: 0 soundings near corridor
  [607/1148] 2022-02-13: 0 soundings near corridor
  [608/1148] 2022-02-14: 0 soundings near corridor
  [609/1148] 2022-02-21: 0 soundings near corridor
  [610/1148] 2022-02-22: 0 soundings near corridor
  [611/1148] 2022-02-23: 0 soundings near corridor
  [612/1148] 2022-02-24: 0 soundings near corridor
  [613/1148] 2022-02-25: 0 soundings near corridor
  [614/1148] 2022-02-26: 0 soundings near corridor
  [615/1148] 2022-02-27: 0 soundings near corridor
  [616/1148] 2022-02-28: 0 soundings near corridor
  [617/1148] 2022-03-01: 0 soundings near corridor
  [618/1148] 2022-03-02: 0 soundings near corridor
  [619/1148] 2022-03-03: 0 soundings near corridor
  [620/1148] 2022-03-04: 0 soundings near corridor
  [621/1148] 2022-03-05: 0 soundings near corridor
  [622/1148] 2022-03-06: 0 soundings near corridor
  [623/1148] 2022-03-07: 0 soundings near corridor
  [624/1148] 2022-03-08: 0 soundings near corridor
  [625/1148] 2022-03-09: 0 soundings near corridor
  [626/1148] 2022-03-10: 0 soundings near corridor
  [627/1148] 2022-03-11: 0 soundings near corridor
  [628/1148] 2022-03-12: 0 soundings near corridor
  [629/1148] 2022-03-13: 0 soundings near corridor
  [630/1148] 2022-03-14: 0 soundings near corridor
  [631/1148] 2022-03-15: 0 soundings near corridor
  [632/1148] 2022-03-16: 0 soundings near corridor
  [633/1148] 2022-03-17: 0 soundings near corridor
  [634/1148] 2022-03-18: 0 soundings near corridor
  [635/1148] 2022-03-19: 0 soundings near corridor
  [636/1148] 2022-03-20: 0 soundings near corridor
  [637/1148] 2022-03-21: 0 soundings near corridor
  [638/1148] 2022-03-22: 0 soundings near corridor
  [639/1148] 2022-03-23: 0 soundings near corridor
  [640/1148] 2022-03-24: 0 soundings near corridor
  [641/1148] 2022-03-25: 0 soundings near corridor
  [642/1148] 2022-03-26: 0 soundings near corridor
  [643/1148] 2022-03-27: 0 soundings near corridor
  [644/1148] 2022-03-28: 0 soundings near corridor
  [645/1148] 2022-03-29: 0 soundings near corridor
  [646/1148] 2022-03-30: 0 soundings near corridor
  [647/1148] 2022-03-31: 0 soundings near corridor
  [648/1148] 2022-04-01: 0 soundings near corridor
  [649/1148] 2022-04-02: 0 soundings near corridor
  [650/1148] 2022-04-03: 0 soundings near corridor
  [651/1148] 2022-04-04: 0 soundings near corridor
  [652/1148] 2022-04-05: 0 soundings near corridor
  [653/1148] 2022-04-06: 0 soundings near corridor
  [654/1148] 2022-04-07: 0 soundings near corridor
  [655/1148] 2022-04-08: 0 soundings near corridor
  [656/1148] 2022-04-09: 0 soundings near corridor
  [657/1148] 2022-04-10: 0 soundings near corridor
  [658/1148] 2022-04-11: 0 soundings near corridor
  [659/1148] 2022-04-12: 0 soundings near corridor
  [660/1148] 2022-04-13: 0 soundings near corridor
  [661/1148] 2022-04-14: 0 soundings near corridor
  [662/1148] 2022-04-15: 0 soundings near corridor
  [663/1148] 2022-04-16: 0 soundings near corridor
  [664/1148] 2022-04-17: 0 soundings near corridor
  [665/1148] 2022-04-18: 0 soundings near corridor
  [666/1148] 2022-04-19: 0 soundings near corridor
  [667/1148] 2022-04-20: 0 soundings near corridor
  [668/1148] 2022-04-21: 0 soundings near corridor
  [669/1148] 2022-04-22: 0 soundings near corridor
  [670/1148] 2022-04-23: 0 soundings near corridor
  [671/1148] 2022-04-24: 0 soundings near corridor
  [672/1148] 2022-04-25: 0 soundings near corridor
  [673/1148] 2022-04-26: 0 soundings near corridor
  [674/1148] 2022-04-27: 0 soundings near corridor
  [675/1148] 2022-04-28: 0 soundings near corridor
  [676/1148] 2022-04-29: 0 soundings near corridor
  [677/1148] 2022-04-30: 0 soundings near corridor
  [678/1148] 2022-05-01: 0 soundings near corridor
  [679/1148] 2022-05-02: 0 soundings near corridor
  [680/1148] 2022-05-03: 0 soundings near corridor
  [681/1148] 2022-05-04: 0 soundings near corridor
  [682/1148] 2022-05-05: 0 soundings near corridor
  [683/1148] 2022-05-06: 0 soundings near corridor
  [684/1148] 2022-05-07: 0 soundings near corridor
  [685/1148] 2022-05-08: 0 soundings near corridor
  [686/1148] 2022-05-09: 0 soundings near corridor
  [687/1148] 2022-05-10: 0 soundings near corridor
  [688/1148] 2022-05-11: 0 soundings near corridor
  [689/1148] 2022-05-12: 0 soundings near corridor
  [690/1148] 2022-05-13: 0 soundings near corridor
  [691/1148] 2022-05-14: 0 soundings near corridor
  [692/1148] 2022-05-15: 0 soundings near corridor
  [693/1148] 2022-05-16: 0 soundings near corridor
  [694/1148] 2022-05-17: 0 soundings near corridor
  [695/1148] 2022-05-18: 0 soundings near corridor
  [696/1148] 2022-05-19: 0 soundings near corridor
  [697/1148] 2022-05-20: 0 soundings near corridor
  [698/1148] 2022-05-21: 0 soundings near corridor
  [699/1148] 2022-05-22: 0 soundings near corridor
  [700/1148] 2022-05-23: 0 soundings near corridor
  [701/1148] 2022-05-24: 0 soundings near corridor
  [702/1148] 2022-05-25: 0 soundings near corridor
  [703/1148] 2022-05-26: 0 soundings near corridor
  [704/1148] 2022-05-27: 0 soundings near corridor
  [705/1148] 2022-05-28: 0 soundings near corridor
  [706/1148] 2022-05-29: 0 soundings near corridor
  [707/1148] 2022-05-30: 0 soundings near corridor
  [708/1148] 2022-05-31: 0 soundings near corridor
  [709/1148] 2022-10-01: 0 soundings near corridor
  [710/1148] 2022-10-02: 0 soundings near corridor
  [711/1148] 2022-10-03: 0 soundings near corridor
  [712/1148] 2022-10-04: 0 soundings near corridor
  [713/1148] 2022-10-05: 0 soundings near corridor
  [714/1148] 2022-10-06: 0 soundings near corridor
  [715/1148] 2022-10-07: 0 soundings near corridor
  [716/1148] 2022-10-08: 0 soundings near corridor
  [717/1148] 2022-10-09: 0 soundings near corridor
  [718/1148] 2022-10-10: 0 soundings near corridor
  [719/1148] 2022-10-11: 0 soundings near corridor
  [720/1148] 2022-10-12: 0 soundings near corridor
  [721/1148] 2022-10-13: 0 soundings near corridor
  [722/1148] 2022-10-14: 0 soundings near corridor
  [723/1148] 2022-10-15: 0 soundings near corridor
  [724/1148] 2022-10-16: 0 soundings near corridor
  [725/1148] 2022-10-17: 0 soundings near corridor
  [726/1148] 2022-10-18: 0 soundings near corridor
  [727/1148] 2022-10-19: 0 soundings near corridor
  [728/1148] 2022-10-20: 0 soundings near corridor
  [729/1148] 2022-10-21: 0 soundings near corridor
  [730/1148] 2022-10-22: 0 soundings near corridor
  [731/1148] 2022-10-23: 0 soundings near corridor
  [732/1148] 2022-10-24: 0 soundings near corridor
  [733/1148] 2022-10-25: 0 soundings near corridor
  [734/1148] 2022-10-26: 0 soundings near corridor
  [735/1148] 2022-10-27: 0 soundings near corridor
  [736/1148] 2022-10-28: 0 soundings near corridor
  [737/1148] 2022-10-29: 0 soundings near corridor
  [738/1148] 2022-10-30: 0 soundings near corridor
  [739/1148] 2022-10-31: 0 soundings near corridor
  [740/1148] 2022-11-01: 212 soundings near corridor
  [741/1148] 2022-11-02: 0 soundings near corridor
  [742/1148] 2022-11-03: 0 soundings near corridor
  [743/1148] 2022-11-04: 0 soundings near corridor
  [744/1148] 2022-11-05: 0 soundings near corridor
  [745/1148] 2022-11-06: 0 soundings near corridor
  [746/1148] 2022-11-07: 0 soundings near corridor
  [747/1148] 2022-11-08: 0 soundings near corridor
  [748/1148] 2022-11-09: 0 soundings near corridor
  [749/1148] 2022-11-10: 0 soundings near corridor
  [750/1148] 2022-11-11: 0 soundings near corridor
  [751/1148] 2022-11-12: 0 soundings near corridor
  [752/1148] 2022-11-13: 0 soundings near corridor
  [753/1148] 2022-11-14: 0 soundings near corridor
  [754/1148] 2022-11-15: 0 soundings near corridor
  [755/1148] 2022-11-16: 0 soundings near corridor
  [756/1148] 2022-11-17: 0 soundings near corridor
  [757/1148] 2022-11-18: 0 soundings near corridor
  [758/1148] 2022-11-19: 0 soundings near corridor
  [759/1148] 2022-11-20: 0 soundings near corridor
  [760/1148] 2022-11-21: 0 soundings near corridor
  [761/1148] 2022-11-22: 0 soundings near corridor
  [762/1148] 2022-11-23: 0 soundings near corridor
  [763/1148] 2022-11-24: 0 soundings near corridor
  [764/1148] 2022-11-25: 0 soundings near corridor
  [765/1148] 2022-11-26: 0 soundings near corridor
  [766/1148] 2022-11-27: 0 soundings near corridor
  [767/1148] 2022-11-28: 0 soundings near corridor
  [768/1148] 2022-11-29: 0 soundings near corridor
  [769/1148] 2022-11-30: 0 soundings near corridor
  [770/1148] 2022-12-01: 0 soundings near corridor
  [771/1148] 2022-12-02: 0 soundings near corridor
  [772/1148] 2022-12-03: 3 soundings near corridor
  [773/1148] 2022-12-04: 0 soundings near corridor
  [774/1148] 2022-12-05: 0 soundings near corridor
  [775/1148] 2022-12-06: 0 soundings near corridor
  [776/1148] 2022-12-07: 0 soundings near corridor
  [777/1148] 2022-12-08: 0 soundings near corridor
  [778/1148] 2022-12-09: 0 soundings near corridor
  [779/1148] 2022-12-10: 0 soundings near corridor
  [780/1148] 2022-12-11: 0 soundings near corridor
  [781/1148] 2022-12-12: 0 soundings near corridor
  [782/1148] 2022-12-13: 0 soundings near corridor
  [783/1148] 2022-12-14: 0 soundings near corridor
  [784/1148] 2022-12-15: 0 soundings near corridor
  [785/1148] 2022-12-16: 0 soundings near corridor
  [786/1148] 2022-12-17: 0 soundings near corridor
  [787/1148] 2022-12-18: 0 soundings near corridor
  [788/1148] 2022-12-19: 0 soundings near corridor
  [789/1148] 2022-12-20: 0 soundings near corridor
  [790/1148] 2022-12-21: 0 soundings near corridor
  [791/1148] 2022-12-22: 0 soundings near corridor
  [792/1148] 2022-12-23: 0 soundings near corridor
  [793/1148] 2022-12-24: 0 soundings near corridor
  [794/1148] 2022-12-25: 0 soundings near corridor
  [795/1148] 2022-12-26: 0 soundings near corridor
  [796/1148] 2022-12-27: 0 soundings near corridor
  [797/1148] 2022-12-28: 0 soundings near corridor
  [798/1148] 2022-12-29: 0 soundings near corridor
  [799/1148] 2022-12-30: 0 soundings near corridor
  [800/1148] 2022-12-31: 0 soundings near corridor
  [801/1148] 2023-01-01: 0 soundings near corridor
  [802/1148] 2023-01-02: 0 soundings near corridor
  [803/1148] 2023-01-03: 0 soundings near corridor
  [804/1148] 2023-01-04: 155 soundings near corridor
  [805/1148] 2023-01-05: 0 soundings near corridor
  [806/1148] 2023-01-06: 0 soundings near corridor
  [807/1148] 2023-01-07: 0 soundings near corridor
  [808/1148] 2023-01-08: 0 soundings near corridor
  [809/1148] 2023-01-09: 0 soundings near corridor
  [810/1148] 2023-01-10: 0 soundings near corridor
  [811/1148] 2023-01-11: 0 soundings near corridor
  [812/1148] 2023-01-12: 0 soundings near corridor
  [813/1148] 2023-01-13: 0 soundings near corridor
  [814/1148] 2023-01-14: 0 soundings near corridor
  [815/1148] 2023-01-15: 0 soundings near corridor
  [816/1148] 2023-01-16: 0 soundings near corridor
  [817/1148] 2023-01-17: 0 soundings near corridor
  [818/1148] 2023-01-18: 0 soundings near corridor
  [819/1148] 2023-01-19: 0 soundings near corridor
  [820/1148] 2023-01-20: 0 soundings near corridor
  [821/1148] 2023-01-21: 0 soundings near corridor
  [822/1148] 2023-01-22: 0 soundings near corridor
  [823/1148] 2023-01-23: 0 soundings near corridor
  [824/1148] 2023-01-24: 0 soundings near corridor
  [825/1148] 2023-01-25: 0 soundings near corridor
  [826/1148] 2023-01-26: 0 soundings near corridor
  [827/1148] 2023-01-27: 0 soundings near corridor
  [828/1148] 2023-01-28: 0 soundings near corridor
  [829/1148] 2023-01-29: 0 soundings near corridor
  [830/1148] 2023-01-30: 0 soundings near corridor
  [831/1148] 2023-01-31: 0 soundings near corridor
  [832/1148] 2023-02-01: 0 soundings near corridor
  [833/1148] 2023-02-02: 0 soundings near corridor
  [834/1148] 2023-02-03: 0 soundings near corridor
  [835/1148] 2023-02-04: 0 soundings near corridor
  [836/1148] 2023-02-05: 289 soundings near corridor
  [837/1148] 2023-02-06: 0 soundings near corridor
  [838/1148] 2023-02-07: 0 soundings near corridor
  [839/1148] 2023-02-08: 0 soundings near corridor
  [840/1148] 2023-02-09: 0 soundings near corridor
  [841/1148] 2023-02-10: 0 soundings near corridor
  [842/1148] 2023-02-11: 0 soundings near corridor
  [843/1148] 2023-02-12: 0 soundings near corridor
  [844/1148] 2023-02-13: 0 soundings near corridor
  [845/1148] 2023-02-20: 0 soundings near corridor
  [846/1148] 2023-02-21: 0 soundings near corridor
  [847/1148] 2023-02-22: 0 soundings near corridor
  [848/1148] 2023-02-23: 0 soundings near corridor
  [849/1148] 2023-02-24: 0 soundings near corridor
  [850/1148] 2023-02-25: 0 soundings near corridor
  [851/1148] 2023-02-26: 0 soundings near corridor
  [852/1148] 2023-02-27: 0 soundings near corridor
  [853/1148] 2023-02-28: 0 soundings near corridor
  [854/1148] 2023-03-01: 0 soundings near corridor
  [855/1148] 2023-03-02: 0 soundings near corridor
  [856/1148] 2023-03-03: 0 soundings near corridor
  [857/1148] 2023-03-04: 0 soundings near corridor
  [858/1148] 2023-03-05: 0 soundings near corridor
  [859/1148] 2023-03-06: 0 soundings near corridor
  [860/1148] 2023-03-07: 0 soundings near corridor
  [861/1148] 2023-03-08: 0 soundings near corridor
  [862/1148] 2023-03-09: 0 soundings near corridor
  [863/1148] 2023-03-10: 0 soundings near corridor
  [864/1148] 2023-03-11: 0 soundings near corridor
  [865/1148] 2023-03-12: 0 soundings near corridor
  [866/1148] 2023-03-13: 0 soundings near corridor
  [867/1148] 2023-03-14: 0 soundings near corridor
  [868/1148] 2023-03-15: 0 soundings near corridor
  [869/1148] 2023-03-16: 0 soundings near corridor
  [870/1148] 2023-03-17: 0 soundings near corridor
  [871/1148] 2023-03-18: 0 soundings near corridor
  [872/1148] 2023-03-19: 0 soundings near corridor
  [873/1148] 2023-03-20: 0 soundings near corridor
  [874/1148] 2023-03-21: 0 soundings near corridor
  [875/1148] 2023-03-22: 0 soundings near corridor
  [876/1148] 2023-03-23: 0 soundings near corridor
  [877/1148] 2023-03-24: 0 soundings near corridor
  [878/1148] 2023-03-25: 0 soundings near corridor
  [879/1148] 2023-03-26: 0 soundings near corridor
  [880/1148] 2023-03-27: 0 soundings near corridor
  [881/1148] 2023-03-28: 0 soundings near corridor
  [882/1148] 2023-03-29: 0 soundings near corridor
  [883/1148] 2023-03-30: 0 soundings near corridor
  [884/1148] 2023-03-31: 0 soundings near corridor
  [885/1148] 2023-04-01: 0 soundings near corridor
  [886/1148] 2023-04-02: 0 soundings near corridor
  [887/1148] 2023-04-03: 0 soundings near corridor
  [888/1148] 2023-04-04: 0 soundings near corridor
  [889/1148] 2023-04-05: 0 soundings near corridor
  [890/1148] 2023-04-06: 0 soundings near corridor
  [891/1148] 2023-04-07: 0 soundings near corridor
  [892/1148] 2023-04-08: 0 soundings near corridor
  [893/1148] 2023-04-09: 0 soundings near corridor
  [894/1148] 2023-04-10: 0 soundings near corridor
  [895/1148] 2023-04-11: 0 soundings near corridor
  [896/1148] 2023-04-12: 0 soundings near corridor
  [897/1148] 2023-04-13: 0 soundings near corridor
  [898/1148] 2023-04-14: 0 soundings near corridor
  [899/1148] 2023-04-15: 0 soundings near corridor
  [900/1148] 2023-04-16: 0 soundings near corridor
  [901/1148] 2023-04-17: 0 soundings near corridor
  [902/1148] 2023-04-18: 0 soundings near corridor
  [903/1148] 2023-04-19: 0 soundings near corridor
  [904/1148] 2023-04-20: 0 soundings near corridor
  [905/1148] 2023-04-21: 0 soundings near corridor
  [906/1148] 2023-04-22: 0 soundings near corridor
  [907/1148] 2023-04-23: 0 soundings near corridor
  [908/1148] 2023-04-24: 0 soundings near corridor
  [909/1148] 2023-04-25: 0 soundings near corridor
  [910/1148] 2023-04-26: 0 soundings near corridor
  [911/1148] 2023-04-27: 0 soundings near corridor
  [912/1148] 2023-04-28: 0 soundings near corridor
  [913/1148] 2023-04-29: 0 soundings near corridor
  [914/1148] 2023-04-30: 0 soundings near corridor
  [915/1148] 2023-05-01: 0 soundings near corridor
  [916/1148] 2023-05-02: 0 soundings near corridor
  [917/1148] 2023-05-03: 0 soundings near corridor
  [918/1148] 2023-05-04: 0 soundings near corridor
  [919/1148] 2023-05-05: 0 soundings near corridor
  [920/1148] 2023-05-06: 0 soundings near corridor
  [921/1148] 2023-05-07: 0 soundings near corridor
  [922/1148] 2023-05-08 FAILED (FSTimeoutError: ) — will retry next run
An exception occurred while trying to access remote files via HTTPS
Traceback (most recent call last):
  File "D:\EcoTrack\.venv\Lib\site-packages\aiohttp\connector.py", line 1571, in _create_direct_connection
    hosts = await self._resolve_host(host, port, traces=traces)
            ^^^^^^^^^^^^^^^^^^^^^^^^^^^^^^^^^^^^^^^^^^^^^^^^^^^
  File "D:\EcoTrack\.venv\Lib\site-packages\aiohttp\connector.py", line 1181, in _resolve_host
    return await asyncio.shield(resolved_host_task)
           ^^^^^^^^^^^^^^^^^^^^^^^^^^^^^^^^^^^^^^^^
  File "D:\EcoTrack\.venv\Lib\site-packages\aiohttp\connector.py", line 1212, in _resolve_host_with_throttle
    addrs = await self._resolver.resolve(host, port, family=self._family)
            ^^^^^^^^^^^^^^^^^^^^^^^^^^^^^^^^^^^^^^^^^^^^^^^^^^^^^^^^^^^^^
  File "D:\EcoTrack\.venv\Lib\site-packages\aiohttp\resolver.py", line 47, in resolve
    infos = await self._loop.getaddrinfo(
            ^^^^^^^^^^^^^^^^^^^^^^^^^^^^^
  File "C:\Users\JANHAVI TUPE\AppData\Local\Programs\Python\Python311\Lib\asyncio\base_events.py", line 868, in getaddrinfo
    return await self.run_in_executor(
           ^^^^^^^^^^^^^^^^^^^^^^^^^^^
  File "C:\Users\JANHAVI TUPE\AppData\Local\Programs\Python\Python311\Lib\concurrent\futures\thread.py", line 58, in run
    result = self.fn(*self.args, **self.kwargs)
             ^^^^^^^^^^^^^^^^^^^^^^^^^^^^^^^^^^
  File "C:\Users\JANHAVI TUPE\AppData\Local\Programs\Python\Python311\Lib\socket.py", line 962, in getaddrinfo
    for res in _socket.getaddrinfo(host, port, family, type, proto, flags):
               ^^^^^^^^^^^^^^^^^^^^^^^^^^^^^^^^^^^^^^^^^^^^^^^^^^^^^^^^^^^
socket.gaierror: [Errno 11001] getaddrinfo failed

The above exception was the direct cause of the following exception:

Traceback (most recent call last):
  File "D:\EcoTrack\.venv\Lib\site-packages\fsspec\implementations\http.py", line 447, in _info
    await _file_info(
  File "D:\EcoTrack\.venv\Lib\site-packages\fsspec\implementations\http.py", line 861, in _file_info
    r = await session.get(url, allow_redirects=ar, **kwargs)
        ^^^^^^^^^^^^^^^^^^^^^^^^^^^^^^^^^^^^^^^^^^^^^^^^^^^^
  File "D:\EcoTrack\.venv\Lib\site-packages\aiohttp\client.py", line 858, in _request
    resp = await handler(req)
           ^^^^^^^^^^^^^^^^^^
  File "D:\EcoTrack\.venv\Lib\site-packages\aiohttp\client.py", line 812, in _connect_and_send_request
    conn = await self._connector.connect(
           ^^^^^^^^^^^^^^^^^^^^^^^^^^^^^^
  File "D:\EcoTrack\.venv\Lib\site-packages\aiohttp\connector.py", line 657, in connect
    proto = await self._create_connection(req, traces, timeout)
            ^^^^^^^^^^^^^^^^^^^^^^^^^^^^^^^^^^^^^^^^^^^^^^^^^^^
  File "D:\EcoTrack\.venv\Lib\site-packages\aiohttp\connector.py", line 1242, in _create_connection
    _, proto = await self._create_direct_connection(req, traces, timeout)
               ^^^^^^^^^^^^^^^^^^^^^^^^^^^^^^^^^^^^^^^^^^^^^^^^^^^^^^^^^^
  File "D:\EcoTrack\.venv\Lib\site-packages\aiohttp\connector.py", line 1577, in _create_direct_connection
    raise ClientConnectorDNSError(req.connection_key, exc) from exc
aiohttp.client_exceptions.ClientConnectorDNSError: Cannot connect to host data.gesdisc.earthdata.nasa.gov:443 ssl:default [getaddrinfo failed]

The above exception was the direct cause of the following exception:

Traceback (most recent call last):
  File "D:\EcoTrack\.venv\Lib\site-packages\earthaccess\store.py", line 987, in _open_urls_https
    return _open_files(
           ^^^^^^^^^^^^
  File "D:\EcoTrack\.venv\Lib\site-packages\earthaccess\store.py", line 150, in _open_files
    return pqdm(
           ^^^^^
  File "D:\EcoTrack\.venv\Lib\site-packages\pqdm\threads.py", line 22, in pqdm
    return _parallel_process(
           ^^^^^^^^^^^^^^^^^^
  File "D:\EcoTrack\.venv\Lib\site-packages\pqdm\_base.py", line 79, in _parallel_process
    raise e
  File "D:\EcoTrack\.venv\Lib\site-packages\pqdm\_base.py", line 76, in _parallel_process
    results.append(future.result())
                   ^^^^^^^^^^^^^^^
  File "C:\Users\JANHAVI TUPE\AppData\Local\Programs\Python\Python311\Lib\concurrent\futures\_base.py", line 449, in result
    return self.__get_result()
           ^^^^^^^^^^^^^^^^^^^
  File "C:\Users\JANHAVI TUPE\AppData\Local\Programs\Python\Python311\Lib\concurrent\futures\_base.py", line 401, in __get_result
    raise self._exception
  File "C:\Users\JANHAVI TUPE\AppData\Local\Programs\Python\Python311\Lib\concurrent\futures\thread.py", line 58, in run
    result = self.fn(*self.args, **self.kwargs)
             ^^^^^^^^^^^^^^^^^^^^^^^^^^^^^^^^^^
  File "D:\EcoTrack\.venv\Lib\site-packages\earthaccess\store.py", line 137, in multi_thread_open
    f_size = fs.info(url)["size"]
             ^^^^^^^^^^^^
  File "D:\EcoTrack\.venv\Lib\site-packages\fsspec\asyn.py", line 217, in wrapper
    return sync(self.loop, func, *args, **kwargs)
           ^^^^^^^^^^^^^^^^^^^^^^^^^^^^^^^^^^^^^^
  File "D:\EcoTrack\.venv\Lib\site-packages\fsspec\asyn.py", line 106, in sync
    raise return_result
  File "D:\EcoTrack\.venv\Lib\site-packages\fsspec\asyn.py", line 59, in _runner
    result[0] = await coro
                ^^^^^^^^^^
  File "D:\EcoTrack\.venv\Lib\site-packages\fsspec\implementations\http.py", line 460, in _info
    raise FileNotFoundError(url) from exc
FileNotFoundError: https://data.gesdisc.earthdata.nasa.gov/data/OCO2_DATA/OCO2_L2_Lite_FP.11.2r/2023/oco2_LtCO2_230509_B11210Ar_240919162600s.nc4
  [923/1148] 2023-05-09 FAILED (FileNotFoundError: https://data.gesdisc.earthdata.nasa.gov/data/OCO2_DATA/OCO2_L2_Lite_FP.11.2r/2023/oco2_LtCO2_230509_B11210Ar_240919162600s.nc4) — will retry next run
An exception occurred while trying to access remote files via HTTPS
Traceback (most recent call last):
  File "D:\EcoTrack\.venv\Lib\site-packages\aiohttp\connector.py", line 1571, in _create_direct_connection
    hosts = await self._resolve_host(host, port, traces=traces)
            ^^^^^^^^^^^^^^^^^^^^^^^^^^^^^^^^^^^^^^^^^^^^^^^^^^^
  File "D:\EcoTrack\.venv\Lib\site-packages\aiohttp\connector.py", line 1181, in _resolve_host
    return await asyncio.shield(resolved_host_task)
           ^^^^^^^^^^^^^^^^^^^^^^^^^^^^^^^^^^^^^^^^
  File "D:\EcoTrack\.venv\Lib\site-packages\aiohttp\connector.py", line 1212, in _resolve_host_with_throttle
    addrs = await self._resolver.resolve(host, port, family=self._family)
            ^^^^^^^^^^^^^^^^^^^^^^^^^^^^^^^^^^^^^^^^^^^^^^^^^^^^^^^^^^^^^
  File "D:\EcoTrack\.venv\Lib\site-packages\aiohttp\resolver.py", line 47, in resolve
    infos = await self._loop.getaddrinfo(
            ^^^^^^^^^^^^^^^^^^^^^^^^^^^^^
  File "C:\Users\JANHAVI TUPE\AppData\Local\Programs\Python\Python311\Lib\asyncio\base_events.py", line 868, in getaddrinfo
    return await self.run_in_executor(
           ^^^^^^^^^^^^^^^^^^^^^^^^^^^
  File "C:\Users\JANHAVI TUPE\AppData\Local\Programs\Python\Python311\Lib\concurrent\futures\thread.py", line 58, in run
    result = self.fn(*self.args, **self.kwargs)
             ^^^^^^^^^^^^^^^^^^^^^^^^^^^^^^^^^^
  File "C:\Users\JANHAVI TUPE\AppData\Local\Programs\Python\Python311\Lib\socket.py", line 962, in getaddrinfo
    for res in _socket.getaddrinfo(host, port, family, type, proto, flags):
               ^^^^^^^^^^^^^^^^^^^^^^^^^^^^^^^^^^^^^^^^^^^^^^^^^^^^^^^^^^^
socket.gaierror: [Errno 11001] getaddrinfo failed

The above exception was the direct cause of the following exception:

Traceback (most recent call last):
  File "D:\EcoTrack\.venv\Lib\site-packages\fsspec\implementations\http.py", line 447, in _info
    await _file_info(
  File "D:\EcoTrack\.venv\Lib\site-packages\fsspec\implementations\http.py", line 861, in _file_info
    r = await session.get(url, allow_redirects=ar, **kwargs)
        ^^^^^^^^^^^^^^^^^^^^^^^^^^^^^^^^^^^^^^^^^^^^^^^^^^^^
  File "D:\EcoTrack\.venv\Lib\site-packages\aiohttp\client.py", line 858, in _request
    resp = await handler(req)
           ^^^^^^^^^^^^^^^^^^
  File "D:\EcoTrack\.venv\Lib\site-packages\aiohttp\client.py", line 812, in _connect_and_send_request
    conn = await self._connector.connect(
           ^^^^^^^^^^^^^^^^^^^^^^^^^^^^^^
  File "D:\EcoTrack\.venv\Lib\site-packages\aiohttp\connector.py", line 657, in connect
    proto = await self._create_connection(req, traces, timeout)
            ^^^^^^^^^^^^^^^^^^^^^^^^^^^^^^^^^^^^^^^^^^^^^^^^^^^
  File "D:\EcoTrack\.venv\Lib\site-packages\aiohttp\connector.py", line 1242, in _create_connection
    _, proto = await self._create_direct_connection(req, traces, timeout)
               ^^^^^^^^^^^^^^^^^^^^^^^^^^^^^^^^^^^^^^^^^^^^^^^^^^^^^^^^^^
  File "D:\EcoTrack\.venv\Lib\site-packages\aiohttp\connector.py", line 1577, in _create_direct_connection
    raise ClientConnectorDNSError(req.connection_key, exc) from exc
aiohttp.client_exceptions.ClientConnectorDNSError: Cannot connect to host data.gesdisc.earthdata.nasa.gov:443 ssl:default [getaddrinfo failed]

The above exception was the direct cause of the following exception:

Traceback (most recent call last):
  File "D:\EcoTrack\.venv\Lib\site-packages\earthaccess\store.py", line 987, in _open_urls_https
    return _open_files(
           ^^^^^^^^^^^^
  File "D:\EcoTrack\.venv\Lib\site-packages\earthaccess\store.py", line 150, in _open_files
    return pqdm(
           ^^^^^
  File "D:\EcoTrack\.venv\Lib\site-packages\pqdm\threads.py", line 22, in pqdm
    return _parallel_process(
           ^^^^^^^^^^^^^^^^^^
  File "D:\EcoTrack\.venv\Lib\site-packages\pqdm\_base.py", line 79, in _parallel_process
    raise e
  File "D:\EcoTrack\.venv\Lib\site-packages\pqdm\_base.py", line 76, in _parallel_process
    results.append(future.result())
                   ^^^^^^^^^^^^^^^
  File "C:\Users\JANHAVI TUPE\AppData\Local\Programs\Python\Python311\Lib\concurrent\futures\_base.py", line 449, in result
    return self.__get_result()
           ^^^^^^^^^^^^^^^^^^^
  File "C:\Users\JANHAVI TUPE\AppData\Local\Programs\Python\Python311\Lib\concurrent\futures\_base.py", line 401, in __get_result
    raise self._exception
  File "C:\Users\JANHAVI TUPE\AppData\Local\Programs\Python\Python311\Lib\concurrent\futures\thread.py", line 58, in run
    result = self.fn(*self.args, **self.kwargs)
             ^^^^^^^^^^^^^^^^^^^^^^^^^^^^^^^^^^
  File "D:\EcoTrack\.venv\Lib\site-packages\earthaccess\store.py", line 137, in multi_thread_open
    f_size = fs.info(url)["size"]
             ^^^^^^^^^^^^
  File "D:\EcoTrack\.venv\Lib\site-packages\fsspec\asyn.py", line 217, in wrapper
    return sync(self.loop, func, *args, **kwargs)
           ^^^^^^^^^^^^^^^^^^^^^^^^^^^^^^^^^^^^^^
  File "D:\EcoTrack\.venv\Lib\site-packages\fsspec\asyn.py", line 106, in sync
    raise return_result
  File "D:\EcoTrack\.venv\Lib\site-packages\fsspec\asyn.py", line 59, in _runner
    result[0] = await coro
                ^^^^^^^^^^
  File "D:\EcoTrack\.venv\Lib\site-packages\fsspec\implementations\http.py", line 460, in _info
    raise FileNotFoundError(url) from exc
FileNotFoundError: https://data.gesdisc.earthdata.nasa.gov/data/OCO2_DATA/OCO2_L2_Lite_FP.11.2r/2023/oco2_LtCO2_230510_B11210Ar_240919162628s.nc4
  [924/1148] 2023-05-10 FAILED (FileNotFoundError: https://data.gesdisc.earthdata.nasa.gov/data/OCO2_DATA/OCO2_L2_Lite_FP.11.2r/2023/oco2_LtCO2_230510_B11210Ar_240919162628s.nc4) — will retry next run
An exception occurred while trying to access remote files via HTTPS
Traceback (most recent call last):
  File "D:\EcoTrack\.venv\Lib\site-packages\aiohttp\connector.py", line 1571, in _create_direct_connection
    hosts = await self._resolve_host(host, port, traces=traces)
            ^^^^^^^^^^^^^^^^^^^^^^^^^^^^^^^^^^^^^^^^^^^^^^^^^^^
  File "D:\EcoTrack\.venv\Lib\site-packages\aiohttp\connector.py", line 1181, in _resolve_host
    return await asyncio.shield(resolved_host_task)
           ^^^^^^^^^^^^^^^^^^^^^^^^^^^^^^^^^^^^^^^^
  File "D:\EcoTrack\.venv\Lib\site-packages\aiohttp\connector.py", line 1212, in _resolve_host_with_throttle
    addrs = await self._resolver.resolve(host, port, family=self._family)
            ^^^^^^^^^^^^^^^^^^^^^^^^^^^^^^^^^^^^^^^^^^^^^^^^^^^^^^^^^^^^^
  File "D:\EcoTrack\.venv\Lib\site-packages\aiohttp\resolver.py", line 47, in resolve
    infos = await self._loop.getaddrinfo(
            ^^^^^^^^^^^^^^^^^^^^^^^^^^^^^
  File "C:\Users\JANHAVI TUPE\AppData\Local\Programs\Python\Python311\Lib\asyncio\base_events.py", line 868, in getaddrinfo
    return await self.run_in_executor(
           ^^^^^^^^^^^^^^^^^^^^^^^^^^^
  File "C:\Users\JANHAVI TUPE\AppData\Local\Programs\Python\Python311\Lib\concurrent\futures\thread.py", line 58, in run
    result = self.fn(*self.args, **self.kwargs)
             ^^^^^^^^^^^^^^^^^^^^^^^^^^^^^^^^^^
  File "C:\Users\JANHAVI TUPE\AppData\Local\Programs\Python\Python311\Lib\socket.py", line 962, in getaddrinfo
    for res in _socket.getaddrinfo(host, port, family, type, proto, flags):
               ^^^^^^^^^^^^^^^^^^^^^^^^^^^^^^^^^^^^^^^^^^^^^^^^^^^^^^^^^^^
socket.gaierror: [Errno 11001] getaddrinfo failed

The above exception was the direct cause of the following exception:

Traceback (most recent call last):
  File "D:\EcoTrack\.venv\Lib\site-packages\fsspec\implementations\http.py", line 447, in _info
    await _file_info(
  File "D:\EcoTrack\.venv\Lib\site-packages\fsspec\implementations\http.py", line 861, in _file_info
    r = await session.get(url, allow_redirects=ar, **kwargs)
        ^^^^^^^^^^^^^^^^^^^^^^^^^^^^^^^^^^^^^^^^^^^^^^^^^^^^
  File "D:\EcoTrack\.venv\Lib\site-packages\aiohttp\client.py", line 858, in _request
    resp = await handler(req)
           ^^^^^^^^^^^^^^^^^^
  File "D:\EcoTrack\.venv\Lib\site-packages\aiohttp\client.py", line 812, in _connect_and_send_request
    conn = await self._connector.connect(
           ^^^^^^^^^^^^^^^^^^^^^^^^^^^^^^
  File "D:\EcoTrack\.venv\Lib\site-packages\aiohttp\connector.py", line 657, in connect
    proto = await self._create_connection(req, traces, timeout)
            ^^^^^^^^^^^^^^^^^^^^^^^^^^^^^^^^^^^^^^^^^^^^^^^^^^^
  File "D:\EcoTrack\.venv\Lib\site-packages\aiohttp\connector.py", line 1242, in _create_connection
    _, proto = await self._create_direct_connection(req, traces, timeout)
               ^^^^^^^^^^^^^^^^^^^^^^^^^^^^^^^^^^^^^^^^^^^^^^^^^^^^^^^^^^
  File "D:\EcoTrack\.venv\Lib\site-packages\aiohttp\connector.py", line 1577, in _create_direct_connection
    raise ClientConnectorDNSError(req.connection_key, exc) from exc
aiohttp.client_exceptions.ClientConnectorDNSError: Cannot connect to host data.gesdisc.earthdata.nasa.gov:443 ssl:default [getaddrinfo failed]

The above exception was the direct cause of the following exception:

Traceback (most recent call last):
  File "D:\EcoTrack\.venv\Lib\site-packages\earthaccess\store.py", line 987, in _open_urls_https
    return _open_files(
           ^^^^^^^^^^^^
  File "D:\EcoTrack\.venv\Lib\site-packages\earthaccess\store.py", line 150, in _open_files
    return pqdm(
           ^^^^^
  File "D:\EcoTrack\.venv\Lib\site-packages\pqdm\threads.py", line 22, in pqdm
    return _parallel_process(
           ^^^^^^^^^^^^^^^^^^
  File "D:\EcoTrack\.venv\Lib\site-packages\pqdm\_base.py", line 79, in _parallel_process
    raise e
  File "D:\EcoTrack\.venv\Lib\site-packages\pqdm\_base.py", line 76, in _parallel_process
    results.append(future.result())
                   ^^^^^^^^^^^^^^^
  File "C:\Users\JANHAVI TUPE\AppData\Local\Programs\Python\Python311\Lib\concurrent\futures\_base.py", line 449, in result
    return self.__get_result()
           ^^^^^^^^^^^^^^^^^^^
  File "C:\Users\JANHAVI TUPE\AppData\Local\Programs\Python\Python311\Lib\concurrent\futures\_base.py", line 401, in __get_result
    raise self._exception
  File "C:\Users\JANHAVI TUPE\AppData\Local\Programs\Python\Python311\Lib\concurrent\futures\thread.py", line 58, in run
    result = self.fn(*self.args, **self.kwargs)
             ^^^^^^^^^^^^^^^^^^^^^^^^^^^^^^^^^^
  File "D:\EcoTrack\.venv\Lib\site-packages\earthaccess\store.py", line 137, in multi_thread_open
    f_size = fs.info(url)["size"]
             ^^^^^^^^^^^^
  File "D:\EcoTrack\.venv\Lib\site-packages\fsspec\asyn.py", line 217, in wrapper
    return sync(self.loop, func, *args, **kwargs)
           ^^^^^^^^^^^^^^^^^^^^^^^^^^^^^^^^^^^^^^
  File "D:\EcoTrack\.venv\Lib\site-packages\fsspec\asyn.py", line 106, in sync
    raise return_result
  File "D:\EcoTrack\.venv\Lib\site-packages\fsspec\asyn.py", line 59, in _runner
    result[0] = await coro
                ^^^^^^^^^^
  File "D:\EcoTrack\.venv\Lib\site-packages\fsspec\implementations\http.py", line 460, in _info
    raise FileNotFoundError(url) from exc
FileNotFoundError: https://data.gesdisc.earthdata.nasa.gov/data/OCO2_DATA/OCO2_L2_Lite_FP.11.2r/2023/oco2_LtCO2_230511_B11210Ar_240919162723s.nc4
  [925/1148] 2023-05-11 FAILED (FileNotFoundError: https://data.gesdisc.earthdata.nasa.gov/data/OCO2_DATA/OCO2_L2_Lite_FP.11.2r/2023/oco2_LtCO2_230511_B11210Ar_240919162723s.nc4) — will retry next run
An exception occurred while trying to access remote files via HTTPS
Traceback (most recent call last):
  File "D:\EcoTrack\.venv\Lib\site-packages\aiohttp\connector.py", line 1571, in _create_direct_connection
    hosts = await self._resolve_host(host, port, traces=traces)
            ^^^^^^^^^^^^^^^^^^^^^^^^^^^^^^^^^^^^^^^^^^^^^^^^^^^
  File "D:\EcoTrack\.venv\Lib\site-packages\aiohttp\connector.py", line 1181, in _resolve_host
    return await asyncio.shield(resolved_host_task)
           ^^^^^^^^^^^^^^^^^^^^^^^^^^^^^^^^^^^^^^^^
  File "D:\EcoTrack\.venv\Lib\site-packages\aiohttp\connector.py", line 1212, in _resolve_host_with_throttle
    addrs = await self._resolver.resolve(host, port, family=self._family)
            ^^^^^^^^^^^^^^^^^^^^^^^^^^^^^^^^^^^^^^^^^^^^^^^^^^^^^^^^^^^^^
  File "D:\EcoTrack\.venv\Lib\site-packages\aiohttp\resolver.py", line 47, in resolve
    infos = await self._loop.getaddrinfo(
            ^^^^^^^^^^^^^^^^^^^^^^^^^^^^^
  File "C:\Users\JANHAVI TUPE\AppData\Local\Programs\Python\Python311\Lib\asyncio\base_events.py", line 868, in getaddrinfo
    return await self.run_in_executor(
           ^^^^^^^^^^^^^^^^^^^^^^^^^^^
  File "C:\Users\JANHAVI TUPE\AppData\Local\Programs\Python\Python311\Lib\concurrent\futures\thread.py", line 58, in run
    result = self.fn(*self.args, **self.kwargs)
             ^^^^^^^^^^^^^^^^^^^^^^^^^^^^^^^^^^
  File "C:\Users\JANHAVI TUPE\AppData\Local\Programs\Python\Python311\Lib\socket.py", line 962, in getaddrinfo
    for res in _socket.getaddrinfo(host, port, family, type, proto, flags):
               ^^^^^^^^^^^^^^^^^^^^^^^^^^^^^^^^^^^^^^^^^^^^^^^^^^^^^^^^^^^
socket.gaierror: [Errno 11001] getaddrinfo failed

The above exception was the direct cause of the following exception:

Traceback (most recent call last):
  File "D:\EcoTrack\.venv\Lib\site-packages\fsspec\implementations\http.py", line 447, in _info
    await _file_info(
  File "D:\EcoTrack\.venv\Lib\site-packages\fsspec\implementations\http.py", line 861, in _file_info
    r = await session.get(url, allow_redirects=ar, **kwargs)
        ^^^^^^^^^^^^^^^^^^^^^^^^^^^^^^^^^^^^^^^^^^^^^^^^^^^^
  File "D:\EcoTrack\.venv\Lib\site-packages\aiohttp\client.py", line 858, in _request
    resp = await handler(req)
           ^^^^^^^^^^^^^^^^^^
  File "D:\EcoTrack\.venv\Lib\site-packages\aiohttp\client.py", line 812, in _connect_and_send_request
    conn = await self._connector.connect(
           ^^^^^^^^^^^^^^^^^^^^^^^^^^^^^^
  File "D:\EcoTrack\.venv\Lib\site-packages\aiohttp\connector.py", line 657, in connect
    proto = await self._create_connection(req, traces, timeout)
            ^^^^^^^^^^^^^^^^^^^^^^^^^^^^^^^^^^^^^^^^^^^^^^^^^^^
  File "D:\EcoTrack\.venv\Lib\site-packages\aiohttp\connector.py", line 1242, in _create_connection
    _, proto = await self._create_direct_connection(req, traces, timeout)
               ^^^^^^^^^^^^^^^^^^^^^^^^^^^^^^^^^^^^^^^^^^^^^^^^^^^^^^^^^^
  File "D:\EcoTrack\.venv\Lib\site-packages\aiohttp\connector.py", line 1577, in _create_direct_connection
    raise ClientConnectorDNSError(req.connection_key, exc) from exc
aiohttp.client_exceptions.ClientConnectorDNSError: Cannot connect to host data.gesdisc.earthdata.nasa.gov:443 ssl:default [getaddrinfo failed]

The above exception was the direct cause of the following exception:

Traceback (most recent call last):
  File "D:\EcoTrack\.venv\Lib\site-packages\earthaccess\store.py", line 987, in _open_urls_https
    return _open_files(
           ^^^^^^^^^^^^
  File "D:\EcoTrack\.venv\Lib\site-packages\earthaccess\store.py", line 150, in _open_files
    return pqdm(
           ^^^^^
  File "D:\EcoTrack\.venv\Lib\site-packages\pqdm\threads.py", line 22, in pqdm
    return _parallel_process(
           ^^^^^^^^^^^^^^^^^^
  File "D:\EcoTrack\.venv\Lib\site-packages\pqdm\_base.py", line 79, in _parallel_process
    raise e
  File "D:\EcoTrack\.venv\Lib\site-packages\pqdm\_base.py", line 76, in _parallel_process
    results.append(future.result())
                   ^^^^^^^^^^^^^^^
  File "C:\Users\JANHAVI TUPE\AppData\Local\Programs\Python\Python311\Lib\concurrent\futures\_base.py", line 449, in result
    return self.__get_result()
           ^^^^^^^^^^^^^^^^^^^
  File "C:\Users\JANHAVI TUPE\AppData\Local\Programs\Python\Python311\Lib\concurrent\futures\_base.py", line 401, in __get_result
    raise self._exception
  File "C:\Users\JANHAVI TUPE\AppData\Local\Programs\Python\Python311\Lib\concurrent\futures\thread.py", line 58, in run
    result = self.fn(*self.args, **self.kwargs)
             ^^^^^^^^^^^^^^^^^^^^^^^^^^^^^^^^^^
  File "D:\EcoTrack\.venv\Lib\site-packages\earthaccess\store.py", line 137, in multi_thread_open
    f_size = fs.info(url)["size"]
             ^^^^^^^^^^^^
  File "D:\EcoTrack\.venv\Lib\site-packages\fsspec\asyn.py", line 217, in wrapper
    return sync(self.loop, func, *args, **kwargs)
           ^^^^^^^^^^^^^^^^^^^^^^^^^^^^^^^^^^^^^^
  File "D:\EcoTrack\.venv\Lib\site-packages\fsspec\asyn.py", line 106, in sync
    raise return_result
  File "D:\EcoTrack\.venv\Lib\site-packages\fsspec\asyn.py", line 59, in _runner
    result[0] = await coro
                ^^^^^^^^^^
  File "D:\EcoTrack\.venv\Lib\site-packages\fsspec\implementations\http.py", line 460, in _info
    raise FileNotFoundError(url) from exc
FileNotFoundError: https://data.gesdisc.earthdata.nasa.gov/data/OCO2_DATA/OCO2_L2_Lite_FP.11.2r/2023/oco2_LtCO2_230512_B11210Ar_240919162753s.nc4
  [926/1148] 2023-05-12 FAILED (FileNotFoundError: https://data.gesdisc.earthdata.nasa.gov/data/OCO2_DATA/OCO2_L2_Lite_FP.11.2r/2023/oco2_LtCO2_230512_B11210Ar_240919162753s.nc4) — will retry next run
An exception occurred while trying to access remote files via HTTPS
Traceback (most recent call last):
  File "D:\EcoTrack\.venv\Lib\site-packages\aiohttp\connector.py", line 1571, in _create_direct_connection
    hosts = await self._resolve_host(host, port, traces=traces)
            ^^^^^^^^^^^^^^^^^^^^^^^^^^^^^^^^^^^^^^^^^^^^^^^^^^^
  File "D:\EcoTrack\.venv\Lib\site-packages\aiohttp\connector.py", line 1181, in _resolve_host
    return await asyncio.shield(resolved_host_task)
           ^^^^^^^^^^^^^^^^^^^^^^^^^^^^^^^^^^^^^^^^
  File "D:\EcoTrack\.venv\Lib\site-packages\aiohttp\connector.py", line 1212, in _resolve_host_with_throttle
    addrs = await self._resolver.resolve(host, port, family=self._family)
            ^^^^^^^^^^^^^^^^^^^^^^^^^^^^^^^^^^^^^^^^^^^^^^^^^^^^^^^^^^^^^
  File "D:\EcoTrack\.venv\Lib\site-packages\aiohttp\resolver.py", line 47, in resolve
    infos = await self._loop.getaddrinfo(
            ^^^^^^^^^^^^^^^^^^^^^^^^^^^^^
  File "C:\Users\JANHAVI TUPE\AppData\Local\Programs\Python\Python311\Lib\asyncio\base_events.py", line 868, in getaddrinfo
    return await self.run_in_executor(
           ^^^^^^^^^^^^^^^^^^^^^^^^^^^
  File "C:\Users\JANHAVI TUPE\AppData\Local\Programs\Python\Python311\Lib\concurrent\futures\thread.py", line 58, in run
    result = self.fn(*self.args, **self.kwargs)
             ^^^^^^^^^^^^^^^^^^^^^^^^^^^^^^^^^^
  File "C:\Users\JANHAVI TUPE\AppData\Local\Programs\Python\Python311\Lib\socket.py", line 962, in getaddrinfo
    for res in _socket.getaddrinfo(host, port, family, type, proto, flags):
               ^^^^^^^^^^^^^^^^^^^^^^^^^^^^^^^^^^^^^^^^^^^^^^^^^^^^^^^^^^^
socket.gaierror: [Errno 11001] getaddrinfo failed

The above exception was the direct cause of the following exception:

Traceback (most recent call last):
  File "D:\EcoTrack\.venv\Lib\site-packages\fsspec\implementations\http.py", line 447, in _info
    await _file_info(
  File "D:\EcoTrack\.venv\Lib\site-packages\fsspec\implementations\http.py", line 861, in _file_info
    r = await session.get(url, allow_redirects=ar, **kwargs)
        ^^^^^^^^^^^^^^^^^^^^^^^^^^^^^^^^^^^^^^^^^^^^^^^^^^^^
  File "D:\EcoTrack\.venv\Lib\site-packages\aiohttp\client.py", line 858, in _request
    resp = await handler(req)
           ^^^^^^^^^^^^^^^^^^
  File "D:\EcoTrack\.venv\Lib\site-packages\aiohttp\client.py", line 812, in _connect_and_send_request
    conn = await self._connector.connect(
           ^^^^^^^^^^^^^^^^^^^^^^^^^^^^^^
  File "D:\EcoTrack\.venv\Lib\site-packages\aiohttp\connector.py", line 657, in connect
    proto = await self._create_connection(req, traces, timeout)
            ^^^^^^^^^^^^^^^^^^^^^^^^^^^^^^^^^^^^^^^^^^^^^^^^^^^
  File "D:\EcoTrack\.venv\Lib\site-packages\aiohttp\connector.py", line 1242, in _create_connection
    _, proto = await self._create_direct_connection(req, traces, timeout)
               ^^^^^^^^^^^^^^^^^^^^^^^^^^^^^^^^^^^^^^^^^^^^^^^^^^^^^^^^^^
  File "D:\EcoTrack\.venv\Lib\site-packages\aiohttp\connector.py", line 1577, in _create_direct_connection
    raise ClientConnectorDNSError(req.connection_key, exc) from exc
aiohttp.client_exceptions.ClientConnectorDNSError: Cannot connect to host data.gesdisc.earthdata.nasa.gov:443 ssl:default [getaddrinfo failed]

The above exception was the direct cause of the following exception:

Traceback (most recent call last):
  File "D:\EcoTrack\.venv\Lib\site-packages\earthaccess\store.py", line 987, in _open_urls_https
    return _open_files(
           ^^^^^^^^^^^^
  File "D:\EcoTrack\.venv\Lib\site-packages\earthaccess\store.py", line 150, in _open_files
    return pqdm(
           ^^^^^
  File "D:\EcoTrack\.venv\Lib\site-packages\pqdm\threads.py", line 22, in pqdm
    return _parallel_process(
           ^^^^^^^^^^^^^^^^^^
  File "D:\EcoTrack\.venv\Lib\site-packages\pqdm\_base.py", line 79, in _parallel_process
    raise e
  File "D:\EcoTrack\.venv\Lib\site-packages\pqdm\_base.py", line 76, in _parallel_process
    results.append(future.result())
                   ^^^^^^^^^^^^^^^
  File "C:\Users\JANHAVI TUPE\AppData\Local\Programs\Python\Python311\Lib\concurrent\futures\_base.py", line 449, in result
    return self.__get_result()
           ^^^^^^^^^^^^^^^^^^^
  File "C:\Users\JANHAVI TUPE\AppData\Local\Programs\Python\Python311\Lib\concurrent\futures\_base.py", line 401, in __get_result
    raise self._exception
  File "C:\Users\JANHAVI TUPE\AppData\Local\Programs\Python\Python311\Lib\concurrent\futures\thread.py", line 58, in run
    result = self.fn(*self.args, **self.kwargs)
             ^^^^^^^^^^^^^^^^^^^^^^^^^^^^^^^^^^
  File "D:\EcoTrack\.venv\Lib\site-packages\earthaccess\store.py", line 137, in multi_thread_open
    f_size = fs.info(url)["size"]
             ^^^^^^^^^^^^
  File "D:\EcoTrack\.venv\Lib\site-packages\fsspec\asyn.py", line 217, in wrapper
    return sync(self.loop, func, *args, **kwargs)
           ^^^^^^^^^^^^^^^^^^^^^^^^^^^^^^^^^^^^^^
  File "D:\EcoTrack\.venv\Lib\site-packages\fsspec\asyn.py", line 106, in sync
    raise return_result
  File "D:\EcoTrack\.venv\Lib\site-packages\fsspec\asyn.py", line 59, in _runner
    result[0] = await coro
                ^^^^^^^^^^
  File "D:\EcoTrack\.venv\Lib\site-packages\fsspec\implementations\http.py", line 460, in _info
    raise FileNotFoundError(url) from exc
FileNotFoundError: https://data.gesdisc.earthdata.nasa.gov/data/OCO2_DATA/OCO2_L2_Lite_FP.11.2r/2023/oco2_LtCO2_230513_B11210Ar_240919162844s.nc4
  [927/1148] 2023-05-13 FAILED (FileNotFoundError: https://data.gesdisc.earthdata.nasa.gov/data/OCO2_DATA/OCO2_L2_Lite_FP.11.2r/2023/oco2_LtCO2_230513_B11210Ar_240919162844s.nc4) — will retry next run
An exception occurred while trying to access remote files via HTTPS
Traceback (most recent call last):
  File "D:\EcoTrack\.venv\Lib\site-packages\aiohttp\connector.py", line 1571, in _create_direct_connection
    hosts = await self._resolve_host(host, port, traces=traces)
            ^^^^^^^^^^^^^^^^^^^^^^^^^^^^^^^^^^^^^^^^^^^^^^^^^^^
  File "D:\EcoTrack\.venv\Lib\site-packages\aiohttp\connector.py", line 1181, in _resolve_host
    return await asyncio.shield(resolved_host_task)
           ^^^^^^^^^^^^^^^^^^^^^^^^^^^^^^^^^^^^^^^^
  File "D:\EcoTrack\.venv\Lib\site-packages\aiohttp\connector.py", line 1212, in _resolve_host_with_throttle
    addrs = await self._resolver.resolve(host, port, family=self._family)
            ^^^^^^^^^^^^^^^^^^^^^^^^^^^^^^^^^^^^^^^^^^^^^^^^^^^^^^^^^^^^^
  File "D:\EcoTrack\.venv\Lib\site-packages\aiohttp\resolver.py", line 47, in resolve
    infos = await self._loop.getaddrinfo(
            ^^^^^^^^^^^^^^^^^^^^^^^^^^^^^
  File "C:\Users\JANHAVI TUPE\AppData\Local\Programs\Python\Python311\Lib\asyncio\base_events.py", line 868, in getaddrinfo
    return await self.run_in_executor(
           ^^^^^^^^^^^^^^^^^^^^^^^^^^^
  File "C:\Users\JANHAVI TUPE\AppData\Local\Programs\Python\Python311\Lib\concurrent\futures\thread.py", line 58, in run
    result = self.fn(*self.args, **self.kwargs)
             ^^^^^^^^^^^^^^^^^^^^^^^^^^^^^^^^^^
  File "C:\Users\JANHAVI TUPE\AppData\Local\Programs\Python\Python311\Lib\socket.py", line 962, in getaddrinfo
    for res in _socket.getaddrinfo(host, port, family, type, proto, flags):
               ^^^^^^^^^^^^^^^^^^^^^^^^^^^^^^^^^^^^^^^^^^^^^^^^^^^^^^^^^^^
socket.gaierror: [Errno 11001] getaddrinfo failed

The above exception was the direct cause of the following exception:

Traceback (most recent call last):
  File "D:\EcoTrack\.venv\Lib\site-packages\fsspec\implementations\http.py", line 447, in _info
    await _file_info(
  File "D:\EcoTrack\.venv\Lib\site-packages\fsspec\implementations\http.py", line 861, in _file_info
    r = await session.get(url, allow_redirects=ar, **kwargs)
        ^^^^^^^^^^^^^^^^^^^^^^^^^^^^^^^^^^^^^^^^^^^^^^^^^^^^
  File "D:\EcoTrack\.venv\Lib\site-packages\aiohttp\client.py", line 858, in _request
    resp = await handler(req)
           ^^^^^^^^^^^^^^^^^^
  File "D:\EcoTrack\.venv\Lib\site-packages\aiohttp\client.py", line 812, in _connect_and_send_request
    conn = await self._connector.connect(
           ^^^^^^^^^^^^^^^^^^^^^^^^^^^^^^
  File "D:\EcoTrack\.venv\Lib\site-packages\aiohttp\connector.py", line 657, in connect
    proto = await self._create_connection(req, traces, timeout)
            ^^^^^^^^^^^^^^^^^^^^^^^^^^^^^^^^^^^^^^^^^^^^^^^^^^^
  File "D:\EcoTrack\.venv\Lib\site-packages\aiohttp\connector.py", line 1242, in _create_connection
    _, proto = await self._create_direct_connection(req, traces, timeout)
               ^^^^^^^^^^^^^^^^^^^^^^^^^^^^^^^^^^^^^^^^^^^^^^^^^^^^^^^^^^
  File "D:\EcoTrack\.venv\Lib\site-packages\aiohttp\connector.py", line 1577, in _create_direct_connection
    raise ClientConnectorDNSError(req.connection_key, exc) from exc
aiohttp.client_exceptions.ClientConnectorDNSError: Cannot connect to host data.gesdisc.earthdata.nasa.gov:443 ssl:default [getaddrinfo failed]

The above exception was the direct cause of the following exception:

Traceback (most recent call last):
  File "D:\EcoTrack\.venv\Lib\site-packages\earthaccess\store.py", line 987, in _open_urls_https
    return _open_files(
           ^^^^^^^^^^^^
  File "D:\EcoTrack\.venv\Lib\site-packages\earthaccess\store.py", line 150, in _open_files
    return pqdm(
           ^^^^^
  File "D:\EcoTrack\.venv\Lib\site-packages\pqdm\threads.py", line 22, in pqdm
    return _parallel_process(
           ^^^^^^^^^^^^^^^^^^
  File "D:\EcoTrack\.venv\Lib\site-packages\pqdm\_base.py", line 79, in _parallel_process
    raise e
  File "D:\EcoTrack\.venv\Lib\site-packages\pqdm\_base.py", line 76, in _parallel_process
    results.append(future.result())
                   ^^^^^^^^^^^^^^^
  File "C:\Users\JANHAVI TUPE\AppData\Local\Programs\Python\Python311\Lib\concurrent\futures\_base.py", line 449, in result
    return self.__get_result()
           ^^^^^^^^^^^^^^^^^^^
  File "C:\Users\JANHAVI TUPE\AppData\Local\Programs\Python\Python311\Lib\concurrent\futures\_base.py", line 401, in __get_result
    raise self._exception
  File "C:\Users\JANHAVI TUPE\AppData\Local\Programs\Python\Python311\Lib\concurrent\futures\thread.py", line 58, in run
    result = self.fn(*self.args, **self.kwargs)
             ^^^^^^^^^^^^^^^^^^^^^^^^^^^^^^^^^^
  File "D:\EcoTrack\.venv\Lib\site-packages\earthaccess\store.py", line 137, in multi_thread_open
    f_size = fs.info(url)["size"]
             ^^^^^^^^^^^^
  File "D:\EcoTrack\.venv\Lib\site-packages\fsspec\asyn.py", line 217, in wrapper
    return sync(self.loop, func, *args, **kwargs)
           ^^^^^^^^^^^^^^^^^^^^^^^^^^^^^^^^^^^^^^
  File "D:\EcoTrack\.venv\Lib\site-packages\fsspec\asyn.py", line 106, in sync
    raise return_result
  File "D:\EcoTrack\.venv\Lib\site-packages\fsspec\asyn.py", line 59, in _runner
    result[0] = await coro
                ^^^^^^^^^^
  File "D:\EcoTrack\.venv\Lib\site-packages\fsspec\implementations\http.py", line 460, in _info
    raise FileNotFoundError(url) from exc
FileNotFoundError: https://data.gesdisc.earthdata.nasa.gov/data/OCO2_DATA/OCO2_L2_Lite_FP.11.2r/2023/oco2_LtCO2_230514_B11210Ar_240919162906s.nc4
  [928/1148] 2023-05-14 FAILED (FileNotFoundError: https://data.gesdisc.earthdata.nasa.gov/data/OCO2_DATA/OCO2_L2_Lite_FP.11.2r/2023/oco2_LtCO2_230514_B11210Ar_240919162906s.nc4) — will retry next run
An exception occurred while trying to access remote files via HTTPS
Traceback (most recent call last):
  File "D:\EcoTrack\.venv\Lib\site-packages\aiohttp\connector.py", line 1571, in _create_direct_connection
    hosts = await self._resolve_host(host, port, traces=traces)
            ^^^^^^^^^^^^^^^^^^^^^^^^^^^^^^^^^^^^^^^^^^^^^^^^^^^
  File "D:\EcoTrack\.venv\Lib\site-packages\aiohttp\connector.py", line 1181, in _resolve_host
    return await asyncio.shield(resolved_host_task)
           ^^^^^^^^^^^^^^^^^^^^^^^^^^^^^^^^^^^^^^^^
  File "D:\EcoTrack\.venv\Lib\site-packages\aiohttp\connector.py", line 1212, in _resolve_host_with_throttle
    addrs = await self._resolver.resolve(host, port, family=self._family)
            ^^^^^^^^^^^^^^^^^^^^^^^^^^^^^^^^^^^^^^^^^^^^^^^^^^^^^^^^^^^^^
  File "D:\EcoTrack\.venv\Lib\site-packages\aiohttp\resolver.py", line 47, in resolve
    infos = await self._loop.getaddrinfo(
            ^^^^^^^^^^^^^^^^^^^^^^^^^^^^^
  File "C:\Users\JANHAVI TUPE\AppData\Local\Programs\Python\Python311\Lib\asyncio\base_events.py", line 868, in getaddrinfo
    return await self.run_in_executor(
           ^^^^^^^^^^^^^^^^^^^^^^^^^^^
  File "C:\Users\JANHAVI TUPE\AppData\Local\Programs\Python\Python311\Lib\concurrent\futures\thread.py", line 58, in run
    result = self.fn(*self.args, **self.kwargs)
             ^^^^^^^^^^^^^^^^^^^^^^^^^^^^^^^^^^
  File "C:\Users\JANHAVI TUPE\AppData\Local\Programs\Python\Python311\Lib\socket.py", line 962, in getaddrinfo
    for res in _socket.getaddrinfo(host, port, family, type, proto, flags):
               ^^^^^^^^^^^^^^^^^^^^^^^^^^^^^^^^^^^^^^^^^^^^^^^^^^^^^^^^^^^
socket.gaierror: [Errno 11001] getaddrinfo failed

The above exception was the direct cause of the following exception:

Traceback (most recent call last):
  File "D:\EcoTrack\.venv\Lib\site-packages\fsspec\implementations\http.py", line 447, in _info
    await _file_info(
  File "D:\EcoTrack\.venv\Lib\site-packages\fsspec\implementations\http.py", line 861, in _file_info
    r = await session.get(url, allow_redirects=ar, **kwargs)
        ^^^^^^^^^^^^^^^^^^^^^^^^^^^^^^^^^^^^^^^^^^^^^^^^^^^^
  File "D:\EcoTrack\.venv\Lib\site-packages\aiohttp\client.py", line 858, in _request
    resp = await handler(req)
           ^^^^^^^^^^^^^^^^^^
  File "D:\EcoTrack\.venv\Lib\site-packages\aiohttp\client.py", line 812, in _connect_and_send_request
    conn = await self._connector.connect(
           ^^^^^^^^^^^^^^^^^^^^^^^^^^^^^^
  File "D:\EcoTrack\.venv\Lib\site-packages\aiohttp\connector.py", line 657, in connect
    proto = await self._create_connection(req, traces, timeout)
            ^^^^^^^^^^^^^^^^^^^^^^^^^^^^^^^^^^^^^^^^^^^^^^^^^^^
  File "D:\EcoTrack\.venv\Lib\site-packages\aiohttp\connector.py", line 1242, in _create_connection
    _, proto = await self._create_direct_connection(req, traces, timeout)
               ^^^^^^^^^^^^^^^^^^^^^^^^^^^^^^^^^^^^^^^^^^^^^^^^^^^^^^^^^^
  File "D:\EcoTrack\.venv\Lib\site-packages\aiohttp\connector.py", line 1577, in _create_direct_connection
    raise ClientConnectorDNSError(req.connection_key, exc) from exc
aiohttp.client_exceptions.ClientConnectorDNSError: Cannot connect to host data.gesdisc.earthdata.nasa.gov:443 ssl:default [getaddrinfo failed]

The above exception was the direct cause of the following exception:

Traceback (most recent call last):
  File "D:\EcoTrack\.venv\Lib\site-packages\earthaccess\store.py", line 987, in _open_urls_https
    return _open_files(
           ^^^^^^^^^^^^
  File "D:\EcoTrack\.venv\Lib\site-packages\earthaccess\store.py", line 150, in _open_files
    return pqdm(
           ^^^^^
  File "D:\EcoTrack\.venv\Lib\site-packages\pqdm\threads.py", line 22, in pqdm
    return _parallel_process(
           ^^^^^^^^^^^^^^^^^^
  File "D:\EcoTrack\.venv\Lib\site-packages\pqdm\_base.py", line 79, in _parallel_process
    raise e
  File "D:\EcoTrack\.venv\Lib\site-packages\pqdm\_base.py", line 76, in _parallel_process
    results.append(future.result())
                   ^^^^^^^^^^^^^^^
  File "C:\Users\JANHAVI TUPE\AppData\Local\Programs\Python\Python311\Lib\concurrent\futures\_base.py", line 449, in result
    return self.__get_result()
           ^^^^^^^^^^^^^^^^^^^
  File "C:\Users\JANHAVI TUPE\AppData\Local\Programs\Python\Python311\Lib\concurrent\futures\_base.py", line 401, in __get_result
    raise self._exception
  File "C:\Users\JANHAVI TUPE\AppData\Local\Programs\Python\Python311\Lib\concurrent\futures\thread.py", line 58, in run
    result = self.fn(*self.args, **self.kwargs)
             ^^^^^^^^^^^^^^^^^^^^^^^^^^^^^^^^^^
  File "D:\EcoTrack\.venv\Lib\site-packages\earthaccess\store.py", line 137, in multi_thread_open
    f_size = fs.info(url)["size"]
             ^^^^^^^^^^^^
  File "D:\EcoTrack\.venv\Lib\site-packages\fsspec\asyn.py", line 217, in wrapper
    return sync(self.loop, func, *args, **kwargs)
           ^^^^^^^^^^^^^^^^^^^^^^^^^^^^^^^^^^^^^^
  File "D:\EcoTrack\.venv\Lib\site-packages\fsspec\asyn.py", line 106, in sync
    raise return_result
  File "D:\EcoTrack\.venv\Lib\site-packages\fsspec\asyn.py", line 59, in _runner
    result[0] = await coro
                ^^^^^^^^^^
  File "D:\EcoTrack\.venv\Lib\site-packages\fsspec\implementations\http.py", line 460, in _info
    raise FileNotFoundError(url) from exc
FileNotFoundError: https://data.gesdisc.earthdata.nasa.gov/data/OCO2_DATA/OCO2_L2_Lite_FP.11.2r/2023/oco2_LtCO2_230515_B11210Ar_240919163007s.nc4
  [929/1148] 2023-05-15 FAILED (FileNotFoundError: https://data.gesdisc.earthdata.nasa.gov/data/OCO2_DATA/OCO2_L2_Lite_FP.11.2r/2023/oco2_LtCO2_230515_B11210Ar_240919163007s.nc4) — will retry next run
An exception occurred while trying to access remote files via HTTPS
Traceback (most recent call last):
  File "D:\EcoTrack\.venv\Lib\site-packages\aiohttp\connector.py", line 1571, in _create_direct_connection
    hosts = await self._resolve_host(host, port, traces=traces)
            ^^^^^^^^^^^^^^^^^^^^^^^^^^^^^^^^^^^^^^^^^^^^^^^^^^^
  File "D:\EcoTrack\.venv\Lib\site-packages\aiohttp\connector.py", line 1181, in _resolve_host
    return await asyncio.shield(resolved_host_task)
           ^^^^^^^^^^^^^^^^^^^^^^^^^^^^^^^^^^^^^^^^
  File "D:\EcoTrack\.venv\Lib\site-packages\aiohttp\connector.py", line 1212, in _resolve_host_with_throttle
    addrs = await self._resolver.resolve(host, port, family=self._family)
            ^^^^^^^^^^^^^^^^^^^^^^^^^^^^^^^^^^^^^^^^^^^^^^^^^^^^^^^^^^^^^
  File "D:\EcoTrack\.venv\Lib\site-packages\aiohttp\resolver.py", line 47, in resolve
    infos = await self._loop.getaddrinfo(
            ^^^^^^^^^^^^^^^^^^^^^^^^^^^^^
  File "C:\Users\JANHAVI TUPE\AppData\Local\Programs\Python\Python311\Lib\asyncio\base_events.py", line 868, in getaddrinfo
    return await self.run_in_executor(
           ^^^^^^^^^^^^^^^^^^^^^^^^^^^
  File "C:\Users\JANHAVI TUPE\AppData\Local\Programs\Python\Python311\Lib\concurrent\futures\thread.py", line 58, in run
    result = self.fn(*self.args, **self.kwargs)
             ^^^^^^^^^^^^^^^^^^^^^^^^^^^^^^^^^^
  File "C:\Users\JANHAVI TUPE\AppData\Local\Programs\Python\Python311\Lib\socket.py", line 962, in getaddrinfo
    for res in _socket.getaddrinfo(host, port, family, type, proto, flags):
               ^^^^^^^^^^^^^^^^^^^^^^^^^^^^^^^^^^^^^^^^^^^^^^^^^^^^^^^^^^^
socket.gaierror: [Errno 11001] getaddrinfo failed

The above exception was the direct cause of the following exception:

Traceback (most recent call last):
  File "D:\EcoTrack\.venv\Lib\site-packages\fsspec\implementations\http.py", line 447, in _info
    await _file_info(
  File "D:\EcoTrack\.venv\Lib\site-packages\fsspec\implementations\http.py", line 861, in _file_info
    r = await session.get(url, allow_redirects=ar, **kwargs)
        ^^^^^^^^^^^^^^^^^^^^^^^^^^^^^^^^^^^^^^^^^^^^^^^^^^^^
  File "D:\EcoTrack\.venv\Lib\site-packages\aiohttp\client.py", line 858, in _request
    resp = await handler(req)
           ^^^^^^^^^^^^^^^^^^
  File "D:\EcoTrack\.venv\Lib\site-packages\aiohttp\client.py", line 812, in _connect_and_send_request
    conn = await self._connector.connect(
           ^^^^^^^^^^^^^^^^^^^^^^^^^^^^^^
  File "D:\EcoTrack\.venv\Lib\site-packages\aiohttp\connector.py", line 657, in connect
    proto = await self._create_connection(req, traces, timeout)
            ^^^^^^^^^^^^^^^^^^^^^^^^^^^^^^^^^^^^^^^^^^^^^^^^^^^
  File "D:\EcoTrack\.venv\Lib\site-packages\aiohttp\connector.py", line 1242, in _create_connection
    _, proto = await self._create_direct_connection(req, traces, timeout)
               ^^^^^^^^^^^^^^^^^^^^^^^^^^^^^^^^^^^^^^^^^^^^^^^^^^^^^^^^^^
  File "D:\EcoTrack\.venv\Lib\site-packages\aiohttp\connector.py", line 1577, in _create_direct_connection
    raise ClientConnectorDNSError(req.connection_key, exc) from exc
aiohttp.client_exceptions.ClientConnectorDNSError: Cannot connect to host data.gesdisc.earthdata.nasa.gov:443 ssl:default [getaddrinfo failed]

The above exception was the direct cause of the following exception:

Traceback (most recent call last):
  File "D:\EcoTrack\.venv\Lib\site-packages\earthaccess\store.py", line 987, in _open_urls_https
    return _open_files(
           ^^^^^^^^^^^^
  File "D:\EcoTrack\.venv\Lib\site-packages\earthaccess\store.py", line 150, in _open_files
    return pqdm(
           ^^^^^
  File "D:\EcoTrack\.venv\Lib\site-packages\pqdm\threads.py", line 22, in pqdm
    return _parallel_process(
           ^^^^^^^^^^^^^^^^^^
  File "D:\EcoTrack\.venv\Lib\site-packages\pqdm\_base.py", line 79, in _parallel_process
    raise e
  File "D:\EcoTrack\.venv\Lib\site-packages\pqdm\_base.py", line 76, in _parallel_process
    results.append(future.result())
                   ^^^^^^^^^^^^^^^
  File "C:\Users\JANHAVI TUPE\AppData\Local\Programs\Python\Python311\Lib\concurrent\futures\_base.py", line 449, in result
    return self.__get_result()
           ^^^^^^^^^^^^^^^^^^^
  File "C:\Users\JANHAVI TUPE\AppData\Local\Programs\Python\Python311\Lib\concurrent\futures\_base.py", line 401, in __get_result
    raise self._exception
  File "C:\Users\JANHAVI TUPE\AppData\Local\Programs\Python\Python311\Lib\concurrent\futures\thread.py", line 58, in run
    result = self.fn(*self.args, **self.kwargs)
             ^^^^^^^^^^^^^^^^^^^^^^^^^^^^^^^^^^
  File "D:\EcoTrack\.venv\Lib\site-packages\earthaccess\store.py", line 137, in multi_thread_open
    f_size = fs.info(url)["size"]
             ^^^^^^^^^^^^
  File "D:\EcoTrack\.venv\Lib\site-packages\fsspec\asyn.py", line 217, in wrapper
    return sync(self.loop, func, *args, **kwargs)
           ^^^^^^^^^^^^^^^^^^^^^^^^^^^^^^^^^^^^^^
  File "D:\EcoTrack\.venv\Lib\site-packages\fsspec\asyn.py", line 106, in sync
    raise return_result
  File "D:\EcoTrack\.venv\Lib\site-packages\fsspec\asyn.py", line 59, in _runner
    result[0] = await coro
                ^^^^^^^^^^
  File "D:\EcoTrack\.venv\Lib\site-packages\fsspec\implementations\http.py", line 460, in _info
    raise FileNotFoundError(url) from exc
FileNotFoundError: https://data.gesdisc.earthdata.nasa.gov/data/OCO2_DATA/OCO2_L2_Lite_FP.11.2r/2023/oco2_LtCO2_230516_B11210Ar_240919163022s.nc4
  [930/1148] 2023-05-16 FAILED (FileNotFoundError: https://data.gesdisc.earthdata.nasa.gov/data/OCO2_DATA/OCO2_L2_Lite_FP.11.2r/2023/oco2_LtCO2_230516_B11210Ar_240919163022s.nc4) — will retry next run
An exception occurred while trying to access remote files via HTTPS
Traceback (most recent call last):
  File "D:\EcoTrack\.venv\Lib\site-packages\aiohttp\connector.py", line 1571, in _create_direct_connection
    hosts = await self._resolve_host(host, port, traces=traces)
            ^^^^^^^^^^^^^^^^^^^^^^^^^^^^^^^^^^^^^^^^^^^^^^^^^^^
  File "D:\EcoTrack\.venv\Lib\site-packages\aiohttp\connector.py", line 1181, in _resolve_host
    return await asyncio.shield(resolved_host_task)
           ^^^^^^^^^^^^^^^^^^^^^^^^^^^^^^^^^^^^^^^^
  File "D:\EcoTrack\.venv\Lib\site-packages\aiohttp\connector.py", line 1212, in _resolve_host_with_throttle
    addrs = await self._resolver.resolve(host, port, family=self._family)
            ^^^^^^^^^^^^^^^^^^^^^^^^^^^^^^^^^^^^^^^^^^^^^^^^^^^^^^^^^^^^^
  File "D:\EcoTrack\.venv\Lib\site-packages\aiohttp\resolver.py", line 47, in resolve
    infos = await self._loop.getaddrinfo(
            ^^^^^^^^^^^^^^^^^^^^^^^^^^^^^
  File "C:\Users\JANHAVI TUPE\AppData\Local\Programs\Python\Python311\Lib\asyncio\base_events.py", line 868, in getaddrinfo
    return await self.run_in_executor(
           ^^^^^^^^^^^^^^^^^^^^^^^^^^^
  File "C:\Users\JANHAVI TUPE\AppData\Local\Programs\Python\Python311\Lib\concurrent\futures\thread.py", line 58, in run
    result = self.fn(*self.args, **self.kwargs)
             ^^^^^^^^^^^^^^^^^^^^^^^^^^^^^^^^^^
  File "C:\Users\JANHAVI TUPE\AppData\Local\Programs\Python\Python311\Lib\socket.py", line 962, in getaddrinfo
    for res in _socket.getaddrinfo(host, port, family, type, proto, flags):
               ^^^^^^^^^^^^^^^^^^^^^^^^^^^^^^^^^^^^^^^^^^^^^^^^^^^^^^^^^^^
socket.gaierror: [Errno 11001] getaddrinfo failed

The above exception was the direct cause of the following exception:

Traceback (most recent call last):
  File "D:\EcoTrack\.venv\Lib\site-packages\fsspec\implementations\http.py", line 447, in _info
    await _file_info(
  File "D:\EcoTrack\.venv\Lib\site-packages\fsspec\implementations\http.py", line 861, in _file_info
    r = await session.get(url, allow_redirects=ar, **kwargs)
        ^^^^^^^^^^^^^^^^^^^^^^^^^^^^^^^^^^^^^^^^^^^^^^^^^^^^
  File "D:\EcoTrack\.venv\Lib\site-packages\aiohttp\client.py", line 858, in _request
    resp = await handler(req)
           ^^^^^^^^^^^^^^^^^^
  File "D:\EcoTrack\.venv\Lib\site-packages\aiohttp\client.py", line 812, in _connect_and_send_request
    conn = await self._connector.connect(
           ^^^^^^^^^^^^^^^^^^^^^^^^^^^^^^
  File "D:\EcoTrack\.venv\Lib\site-packages\aiohttp\connector.py", line 657, in connect
    proto = await self._create_connection(req, traces, timeout)
            ^^^^^^^^^^^^^^^^^^^^^^^^^^^^^^^^^^^^^^^^^^^^^^^^^^^
  File "D:\EcoTrack\.venv\Lib\site-packages\aiohttp\connector.py", line 1242, in _create_connection
    _, proto = await self._create_direct_connection(req, traces, timeout)
               ^^^^^^^^^^^^^^^^^^^^^^^^^^^^^^^^^^^^^^^^^^^^^^^^^^^^^^^^^^
  File "D:\EcoTrack\.venv\Lib\site-packages\aiohttp\connector.py", line 1577, in _create_direct_connection
    raise ClientConnectorDNSError(req.connection_key, exc) from exc
aiohttp.client_exceptions.ClientConnectorDNSError: Cannot connect to host data.gesdisc.earthdata.nasa.gov:443 ssl:default [getaddrinfo failed]

The above exception was the direct cause of the following exception:

Traceback (most recent call last):
  File "D:\EcoTrack\.venv\Lib\site-packages\earthaccess\store.py", line 987, in _open_urls_https
    return _open_files(
           ^^^^^^^^^^^^
  File "D:\EcoTrack\.venv\Lib\site-packages\earthaccess\store.py", line 150, in _open_files
    return pqdm(
           ^^^^^
  File "D:\EcoTrack\.venv\Lib\site-packages\pqdm\threads.py", line 22, in pqdm
    return _parallel_process(
           ^^^^^^^^^^^^^^^^^^
  File "D:\EcoTrack\.venv\Lib\site-packages\pqdm\_base.py", line 79, in _parallel_process
    raise e
  File "D:\EcoTrack\.venv\Lib\site-packages\pqdm\_base.py", line 76, in _parallel_process
    results.append(future.result())
                   ^^^^^^^^^^^^^^^
  File "C:\Users\JANHAVI TUPE\AppData\Local\Programs\Python\Python311\Lib\concurrent\futures\_base.py", line 449, in result
    return self.__get_result()
           ^^^^^^^^^^^^^^^^^^^
  File "C:\Users\JANHAVI TUPE\AppData\Local\Programs\Python\Python311\Lib\concurrent\futures\_base.py", line 401, in __get_result
    raise self._exception
  File "C:\Users\JANHAVI TUPE\AppData\Local\Programs\Python\Python311\Lib\concurrent\futures\thread.py", line 58, in run
    result = self.fn(*self.args, **self.kwargs)
             ^^^^^^^^^^^^^^^^^^^^^^^^^^^^^^^^^^
  File "D:\EcoTrack\.venv\Lib\site-packages\earthaccess\store.py", line 137, in multi_thread_open
    f_size = fs.info(url)["size"]
             ^^^^^^^^^^^^
  File "D:\EcoTrack\.venv\Lib\site-packages\fsspec\asyn.py", line 217, in wrapper
    return sync(self.loop, func, *args, **kwargs)
           ^^^^^^^^^^^^^^^^^^^^^^^^^^^^^^^^^^^^^^
  File "D:\EcoTrack\.venv\Lib\site-packages\fsspec\asyn.py", line 106, in sync
    raise return_result
  File "D:\EcoTrack\.venv\Lib\site-packages\fsspec\asyn.py", line 59, in _runner
    result[0] = await coro
                ^^^^^^^^^^
  File "D:\EcoTrack\.venv\Lib\site-packages\fsspec\implementations\http.py", line 460, in _info
    raise FileNotFoundError(url) from exc
FileNotFoundError: https://data.gesdisc.earthdata.nasa.gov/data/OCO2_DATA/OCO2_L2_Lite_FP.11.2r/2023/oco2_LtCO2_230517_B11210Ar_240919163132s.nc4
  [931/1148] 2023-05-17 FAILED (FileNotFoundError: https://data.gesdisc.earthdata.nasa.gov/data/OCO2_DATA/OCO2_L2_Lite_FP.11.2r/2023/oco2_LtCO2_230517_B11210Ar_240919163132s.nc4) — will retry next run
An exception occurred while trying to access remote files via HTTPS
Traceback (most recent call last):
  File "D:\EcoTrack\.venv\Lib\site-packages\aiohttp\connector.py", line 1571, in _create_direct_connection
    hosts = await self._resolve_host(host, port, traces=traces)
            ^^^^^^^^^^^^^^^^^^^^^^^^^^^^^^^^^^^^^^^^^^^^^^^^^^^
  File "D:\EcoTrack\.venv\Lib\site-packages\aiohttp\connector.py", line 1181, in _resolve_host
    return await asyncio.shield(resolved_host_task)
           ^^^^^^^^^^^^^^^^^^^^^^^^^^^^^^^^^^^^^^^^
  File "D:\EcoTrack\.venv\Lib\site-packages\aiohttp\connector.py", line 1212, in _resolve_host_with_throttle
    addrs = await self._resolver.resolve(host, port, family=self._family)
            ^^^^^^^^^^^^^^^^^^^^^^^^^^^^^^^^^^^^^^^^^^^^^^^^^^^^^^^^^^^^^
  File "D:\EcoTrack\.venv\Lib\site-packages\aiohttp\resolver.py", line 47, in resolve
    infos = await self._loop.getaddrinfo(
            ^^^^^^^^^^^^^^^^^^^^^^^^^^^^^
  File "C:\Users\JANHAVI TUPE\AppData\Local\Programs\Python\Python311\Lib\asyncio\base_events.py", line 868, in getaddrinfo
    return await self.run_in_executor(
           ^^^^^^^^^^^^^^^^^^^^^^^^^^^
  File "C:\Users\JANHAVI TUPE\AppData\Local\Programs\Python\Python311\Lib\concurrent\futures\thread.py", line 58, in run
    result = self.fn(*self.args, **self.kwargs)
             ^^^^^^^^^^^^^^^^^^^^^^^^^^^^^^^^^^
  File "C:\Users\JANHAVI TUPE\AppData\Local\Programs\Python\Python311\Lib\socket.py", line 962, in getaddrinfo
    for res in _socket.getaddrinfo(host, port, family, type, proto, flags):
               ^^^^^^^^^^^^^^^^^^^^^^^^^^^^^^^^^^^^^^^^^^^^^^^^^^^^^^^^^^^
socket.gaierror: [Errno 11001] getaddrinfo failed

The above exception was the direct cause of the following exception:

Traceback (most recent call last):
  File "D:\EcoTrack\.venv\Lib\site-packages\fsspec\implementations\http.py", line 447, in _info
    await _file_info(
  File "D:\EcoTrack\.venv\Lib\site-packages\fsspec\implementations\http.py", line 861, in _file_info
    r = await session.get(url, allow_redirects=ar, **kwargs)
        ^^^^^^^^^^^^^^^^^^^^^^^^^^^^^^^^^^^^^^^^^^^^^^^^^^^^
  File "D:\EcoTrack\.venv\Lib\site-packages\aiohttp\client.py", line 858, in _request
    resp = await handler(req)
           ^^^^^^^^^^^^^^^^^^
  File "D:\EcoTrack\.venv\Lib\site-packages\aiohttp\client.py", line 812, in _connect_and_send_request
    conn = await self._connector.connect(
           ^^^^^^^^^^^^^^^^^^^^^^^^^^^^^^
  File "D:\EcoTrack\.venv\Lib\site-packages\aiohttp\connector.py", line 657, in connect
    proto = await self._create_connection(req, traces, timeout)
            ^^^^^^^^^^^^^^^^^^^^^^^^^^^^^^^^^^^^^^^^^^^^^^^^^^^
  File "D:\EcoTrack\.venv\Lib\site-packages\aiohttp\connector.py", line 1242, in _create_connection
    _, proto = await self._create_direct_connection(req, traces, timeout)
               ^^^^^^^^^^^^^^^^^^^^^^^^^^^^^^^^^^^^^^^^^^^^^^^^^^^^^^^^^^
  File "D:\EcoTrack\.venv\Lib\site-packages\aiohttp\connector.py", line 1577, in _create_direct_connection
    raise ClientConnectorDNSError(req.connection_key, exc) from exc
aiohttp.client_exceptions.ClientConnectorDNSError: Cannot connect to host data.gesdisc.earthdata.nasa.gov:443 ssl:default [getaddrinfo failed]

The above exception was the direct cause of the following exception:

Traceback (most recent call last):
  File "D:\EcoTrack\.venv\Lib\site-packages\earthaccess\store.py", line 987, in _open_urls_https
    return _open_files(
           ^^^^^^^^^^^^
  File "D:\EcoTrack\.venv\Lib\site-packages\earthaccess\store.py", line 150, in _open_files
    return pqdm(
           ^^^^^
  File "D:\EcoTrack\.venv\Lib\site-packages\pqdm\threads.py", line 22, in pqdm
    return _parallel_process(
           ^^^^^^^^^^^^^^^^^^
  File "D:\EcoTrack\.venv\Lib\site-packages\pqdm\_base.py", line 79, in _parallel_process
    raise e
  File "D:\EcoTrack\.venv\Lib\site-packages\pqdm\_base.py", line 76, in _parallel_process
    results.append(future.result())
                   ^^^^^^^^^^^^^^^
  File "C:\Users\JANHAVI TUPE\AppData\Local\Programs\Python\Python311\Lib\concurrent\futures\_base.py", line 449, in result
    return self.__get_result()
           ^^^^^^^^^^^^^^^^^^^
  File "C:\Users\JANHAVI TUPE\AppData\Local\Programs\Python\Python311\Lib\concurrent\futures\_base.py", line 401, in __get_result
    raise self._exception
  File "C:\Users\JANHAVI TUPE\AppData\Local\Programs\Python\Python311\Lib\concurrent\futures\thread.py", line 58, in run
    result = self.fn(*self.args, **self.kwargs)
             ^^^^^^^^^^^^^^^^^^^^^^^^^^^^^^^^^^
  File "D:\EcoTrack\.venv\Lib\site-packages\earthaccess\store.py", line 137, in multi_thread_open
    f_size = fs.info(url)["size"]
             ^^^^^^^^^^^^
  File "D:\EcoTrack\.venv\Lib\site-packages\fsspec\asyn.py", line 217, in wrapper
    return sync(self.loop, func, *args, **kwargs)
           ^^^^^^^^^^^^^^^^^^^^^^^^^^^^^^^^^^^^^^
  File "D:\EcoTrack\.venv\Lib\site-packages\fsspec\asyn.py", line 106, in sync
    raise return_result
  File "D:\EcoTrack\.venv\Lib\site-packages\fsspec\asyn.py", line 59, in _runner
    result[0] = await coro
                ^^^^^^^^^^
  File "D:\EcoTrack\.venv\Lib\site-packages\fsspec\implementations\http.py", line 460, in _info
    raise FileNotFoundError(url) from exc
FileNotFoundError: https://data.gesdisc.earthdata.nasa.gov/data/OCO2_DATA/OCO2_L2_Lite_FP.11.2r/2023/oco2_LtCO2_230518_B11210Ar_240919163142s.nc4
  [932/1148] 2023-05-18 FAILED (FileNotFoundError: https://data.gesdisc.earthdata.nasa.gov/data/OCO2_DATA/OCO2_L2_Lite_FP.11.2r/2023/oco2_LtCO2_230518_B11210Ar_240919163142s.nc4) — will retry next run
An exception occurred while trying to access remote files via HTTPS
Traceback (most recent call last):
  File "D:\EcoTrack\.venv\Lib\site-packages\aiohttp\connector.py", line 1571, in _create_direct_connection
    hosts = await self._resolve_host(host, port, traces=traces)
            ^^^^^^^^^^^^^^^^^^^^^^^^^^^^^^^^^^^^^^^^^^^^^^^^^^^
  File "D:\EcoTrack\.venv\Lib\site-packages\aiohttp\connector.py", line 1181, in _resolve_host
    return await asyncio.shield(resolved_host_task)
           ^^^^^^^^^^^^^^^^^^^^^^^^^^^^^^^^^^^^^^^^
  File "D:\EcoTrack\.venv\Lib\site-packages\aiohttp\connector.py", line 1212, in _resolve_host_with_throttle
    addrs = await self._resolver.resolve(host, port, family=self._family)
            ^^^^^^^^^^^^^^^^^^^^^^^^^^^^^^^^^^^^^^^^^^^^^^^^^^^^^^^^^^^^^
  File "D:\EcoTrack\.venv\Lib\site-packages\aiohttp\resolver.py", line 47, in resolve
    infos = await self._loop.getaddrinfo(
            ^^^^^^^^^^^^^^^^^^^^^^^^^^^^^
  File "C:\Users\JANHAVI TUPE\AppData\Local\Programs\Python\Python311\Lib\asyncio\base_events.py", line 868, in getaddrinfo
    return await self.run_in_executor(
           ^^^^^^^^^^^^^^^^^^^^^^^^^^^
  File "C:\Users\JANHAVI TUPE\AppData\Local\Programs\Python\Python311\Lib\concurrent\futures\thread.py", line 58, in run
    result = self.fn(*self.args, **self.kwargs)
             ^^^^^^^^^^^^^^^^^^^^^^^^^^^^^^^^^^
  File "C:\Users\JANHAVI TUPE\AppData\Local\Programs\Python\Python311\Lib\socket.py", line 962, in getaddrinfo
    for res in _socket.getaddrinfo(host, port, family, type, proto, flags):
               ^^^^^^^^^^^^^^^^^^^^^^^^^^^^^^^^^^^^^^^^^^^^^^^^^^^^^^^^^^^
socket.gaierror: [Errno 11001] getaddrinfo failed

The above exception was the direct cause of the following exception:

Traceback (most recent call last):
  File "D:\EcoTrack\.venv\Lib\site-packages\fsspec\implementations\http.py", line 447, in _info
    await _file_info(
  File "D:\EcoTrack\.venv\Lib\site-packages\fsspec\implementations\http.py", line 861, in _file_info
    r = await session.get(url, allow_redirects=ar, **kwargs)
        ^^^^^^^^^^^^^^^^^^^^^^^^^^^^^^^^^^^^^^^^^^^^^^^^^^^^
  File "D:\EcoTrack\.venv\Lib\site-packages\aiohttp\client.py", line 858, in _request
    resp = await handler(req)
           ^^^^^^^^^^^^^^^^^^
  File "D:\EcoTrack\.venv\Lib\site-packages\aiohttp\client.py", line 812, in _connect_and_send_request
    conn = await self._connector.connect(
           ^^^^^^^^^^^^^^^^^^^^^^^^^^^^^^
  File "D:\EcoTrack\.venv\Lib\site-packages\aiohttp\connector.py", line 657, in connect
    proto = await self._create_connection(req, traces, timeout)
            ^^^^^^^^^^^^^^^^^^^^^^^^^^^^^^^^^^^^^^^^^^^^^^^^^^^
  File "D:\EcoTrack\.venv\Lib\site-packages\aiohttp\connector.py", line 1242, in _create_connection
    _, proto = await self._create_direct_connection(req, traces, timeout)
               ^^^^^^^^^^^^^^^^^^^^^^^^^^^^^^^^^^^^^^^^^^^^^^^^^^^^^^^^^^
  File "D:\EcoTrack\.venv\Lib\site-packages\aiohttp\connector.py", line 1577, in _create_direct_connection
    raise ClientConnectorDNSError(req.connection_key, exc) from exc
aiohttp.client_exceptions.ClientConnectorDNSError: Cannot connect to host data.gesdisc.earthdata.nasa.gov:443 ssl:default [getaddrinfo failed]

The above exception was the direct cause of the following exception:

Traceback (most recent call last):
  File "D:\EcoTrack\.venv\Lib\site-packages\earthaccess\store.py", line 987, in _open_urls_https
    return _open_files(
           ^^^^^^^^^^^^
  File "D:\EcoTrack\.venv\Lib\site-packages\earthaccess\store.py", line 150, in _open_files
    return pqdm(
           ^^^^^
  File "D:\EcoTrack\.venv\Lib\site-packages\pqdm\threads.py", line 22, in pqdm
    return _parallel_process(
           ^^^^^^^^^^^^^^^^^^
  File "D:\EcoTrack\.venv\Lib\site-packages\pqdm\_base.py", line 79, in _parallel_process
    raise e
  File "D:\EcoTrack\.venv\Lib\site-packages\pqdm\_base.py", line 76, in _parallel_process
    results.append(future.result())
                   ^^^^^^^^^^^^^^^
  File "C:\Users\JANHAVI TUPE\AppData\Local\Programs\Python\Python311\Lib\concurrent\futures\_base.py", line 449, in result
    return self.__get_result()
           ^^^^^^^^^^^^^^^^^^^
  File "C:\Users\JANHAVI TUPE\AppData\Local\Programs\Python\Python311\Lib\concurrent\futures\_base.py", line 401, in __get_result
    raise self._exception
  File "C:\Users\JANHAVI TUPE\AppData\Local\Programs\Python\Python311\Lib\concurrent\futures\thread.py", line 58, in run
    result = self.fn(*self.args, **self.kwargs)
             ^^^^^^^^^^^^^^^^^^^^^^^^^^^^^^^^^^
  File "D:\EcoTrack\.venv\Lib\site-packages\earthaccess\store.py", line 137, in multi_thread_open
    f_size = fs.info(url)["size"]
             ^^^^^^^^^^^^
  File "D:\EcoTrack\.venv\Lib\site-packages\fsspec\asyn.py", line 217, in wrapper
    return sync(self.loop, func, *args, **kwargs)
           ^^^^^^^^^^^^^^^^^^^^^^^^^^^^^^^^^^^^^^
  File "D:\EcoTrack\.venv\Lib\site-packages\fsspec\asyn.py", line 106, in sync
    raise return_result
  File "D:\EcoTrack\.venv\Lib\site-packages\fsspec\asyn.py", line 59, in _runner
    result[0] = await coro
                ^^^^^^^^^^
  File "D:\EcoTrack\.venv\Lib\site-packages\fsspec\implementations\http.py", line 460, in _info
    raise FileNotFoundError(url) from exc
FileNotFoundError: https://data.gesdisc.earthdata.nasa.gov/data/OCO2_DATA/OCO2_L2_Lite_FP.11.2r/2023/oco2_LtCO2_230519_B11210Ar_240919163319s.nc4
  [933/1148] 2023-05-19 FAILED (FileNotFoundError: https://data.gesdisc.earthdata.nasa.gov/data/OCO2_DATA/OCO2_L2_Lite_FP.11.2r/2023/oco2_LtCO2_230519_B11210Ar_240919163319s.nc4) — will retry next run
An exception occurred while trying to access remote files via HTTPS
Traceback (most recent call last):
  File "D:\EcoTrack\.venv\Lib\site-packages\aiohttp\connector.py", line 1571, in _create_direct_connection
    hosts = await self._resolve_host(host, port, traces=traces)
            ^^^^^^^^^^^^^^^^^^^^^^^^^^^^^^^^^^^^^^^^^^^^^^^^^^^
  File "D:\EcoTrack\.venv\Lib\site-packages\aiohttp\connector.py", line 1181, in _resolve_host
    return await asyncio.shield(resolved_host_task)
           ^^^^^^^^^^^^^^^^^^^^^^^^^^^^^^^^^^^^^^^^
  File "D:\EcoTrack\.venv\Lib\site-packages\aiohttp\connector.py", line 1212, in _resolve_host_with_throttle
    addrs = await self._resolver.resolve(host, port, family=self._family)
            ^^^^^^^^^^^^^^^^^^^^^^^^^^^^^^^^^^^^^^^^^^^^^^^^^^^^^^^^^^^^^
  File "D:\EcoTrack\.venv\Lib\site-packages\aiohttp\resolver.py", line 47, in resolve
    infos = await self._loop.getaddrinfo(
            ^^^^^^^^^^^^^^^^^^^^^^^^^^^^^
  File "C:\Users\JANHAVI TUPE\AppData\Local\Programs\Python\Python311\Lib\asyncio\base_events.py", line 868, in getaddrinfo
    return await self.run_in_executor(
           ^^^^^^^^^^^^^^^^^^^^^^^^^^^
  File "C:\Users\JANHAVI TUPE\AppData\Local\Programs\Python\Python311\Lib\concurrent\futures\thread.py", line 58, in run
    result = self.fn(*self.args, **self.kwargs)
             ^^^^^^^^^^^^^^^^^^^^^^^^^^^^^^^^^^
  File "C:\Users\JANHAVI TUPE\AppData\Local\Programs\Python\Python311\Lib\socket.py", line 962, in getaddrinfo
    for res in _socket.getaddrinfo(host, port, family, type, proto, flags):
               ^^^^^^^^^^^^^^^^^^^^^^^^^^^^^^^^^^^^^^^^^^^^^^^^^^^^^^^^^^^
socket.gaierror: [Errno 11001] getaddrinfo failed

The above exception was the direct cause of the following exception:

Traceback (most recent call last):
  File "D:\EcoTrack\.venv\Lib\site-packages\fsspec\implementations\http.py", line 447, in _info
    await _file_info(
  File "D:\EcoTrack\.venv\Lib\site-packages\fsspec\implementations\http.py", line 861, in _file_info
    r = await session.get(url, allow_redirects=ar, **kwargs)
        ^^^^^^^^^^^^^^^^^^^^^^^^^^^^^^^^^^^^^^^^^^^^^^^^^^^^
  File "D:\EcoTrack\.venv\Lib\site-packages\aiohttp\client.py", line 858, in _request
    resp = await handler(req)
           ^^^^^^^^^^^^^^^^^^
  File "D:\EcoTrack\.venv\Lib\site-packages\aiohttp\client.py", line 812, in _connect_and_send_request
    conn = await self._connector.connect(
           ^^^^^^^^^^^^^^^^^^^^^^^^^^^^^^
  File "D:\EcoTrack\.venv\Lib\site-packages\aiohttp\connector.py", line 657, in connect
    proto = await self._create_connection(req, traces, timeout)
            ^^^^^^^^^^^^^^^^^^^^^^^^^^^^^^^^^^^^^^^^^^^^^^^^^^^
  File "D:\EcoTrack\.venv\Lib\site-packages\aiohttp\connector.py", line 1242, in _create_connection
    _, proto = await self._create_direct_connection(req, traces, timeout)
               ^^^^^^^^^^^^^^^^^^^^^^^^^^^^^^^^^^^^^^^^^^^^^^^^^^^^^^^^^^
  File "D:\EcoTrack\.venv\Lib\site-packages\aiohttp\connector.py", line 1577, in _create_direct_connection
    raise ClientConnectorDNSError(req.connection_key, exc) from exc
aiohttp.client_exceptions.ClientConnectorDNSError: Cannot connect to host data.gesdisc.earthdata.nasa.gov:443 ssl:default [getaddrinfo failed]

The above exception was the direct cause of the following exception:

Traceback (most recent call last):
  File "D:\EcoTrack\.venv\Lib\site-packages\earthaccess\store.py", line 987, in _open_urls_https
    return _open_files(
           ^^^^^^^^^^^^
  File "D:\EcoTrack\.venv\Lib\site-packages\earthaccess\store.py", line 150, in _open_files
    return pqdm(
           ^^^^^
  File "D:\EcoTrack\.venv\Lib\site-packages\pqdm\threads.py", line 22, in pqdm
    return _parallel_process(
           ^^^^^^^^^^^^^^^^^^
  File "D:\EcoTrack\.venv\Lib\site-packages\pqdm\_base.py", line 79, in _parallel_process
    raise e
  File "D:\EcoTrack\.venv\Lib\site-packages\pqdm\_base.py", line 76, in _parallel_process
    results.append(future.result())
                   ^^^^^^^^^^^^^^^
  File "C:\Users\JANHAVI TUPE\AppData\Local\Programs\Python\Python311\Lib\concurrent\futures\_base.py", line 449, in result
    return self.__get_result()
           ^^^^^^^^^^^^^^^^^^^
  File "C:\Users\JANHAVI TUPE\AppData\Local\Programs\Python\Python311\Lib\concurrent\futures\_base.py", line 401, in __get_result
    raise self._exception
  File "C:\Users\JANHAVI TUPE\AppData\Local\Programs\Python\Python311\Lib\concurrent\futures\thread.py", line 58, in run
    result = self.fn(*self.args, **self.kwargs)
             ^^^^^^^^^^^^^^^^^^^^^^^^^^^^^^^^^^
  File "D:\EcoTrack\.venv\Lib\site-packages\earthaccess\store.py", line 137, in multi_thread_open
    f_size = fs.info(url)["size"]
             ^^^^^^^^^^^^
  File "D:\EcoTrack\.venv\Lib\site-packages\fsspec\asyn.py", line 217, in wrapper
    return sync(self.loop, func, *args, **kwargs)
           ^^^^^^^^^^^^^^^^^^^^^^^^^^^^^^^^^^^^^^
  File "D:\EcoTrack\.venv\Lib\site-packages\fsspec\asyn.py", line 106, in sync
    raise return_result
  File "D:\EcoTrack\.venv\Lib\site-packages\fsspec\asyn.py", line 59, in _runner
    result[0] = await coro
                ^^^^^^^^^^
  File "D:\EcoTrack\.venv\Lib\site-packages\fsspec\implementations\http.py", line 460, in _info
    raise FileNotFoundError(url) from exc
FileNotFoundError: https://data.gesdisc.earthdata.nasa.gov/data/OCO2_DATA/OCO2_L2_Lite_FP.11.2r/2023/oco2_LtCO2_230520_B11210Ar_240919163330s.nc4
  [934/1148] 2023-05-20 FAILED (FileNotFoundError: https://data.gesdisc.earthdata.nasa.gov/data/OCO2_DATA/OCO2_L2_Lite_FP.11.2r/2023/oco2_LtCO2_230520_B11210Ar_240919163330s.nc4) — will retry next run
An exception occurred while trying to access remote files via HTTPS
Traceback (most recent call last):
  File "D:\EcoTrack\.venv\Lib\site-packages\aiohttp\connector.py", line 1571, in _create_direct_connection
    hosts = await self._resolve_host(host, port, traces=traces)
            ^^^^^^^^^^^^^^^^^^^^^^^^^^^^^^^^^^^^^^^^^^^^^^^^^^^
  File "D:\EcoTrack\.venv\Lib\site-packages\aiohttp\connector.py", line 1181, in _resolve_host
    return await asyncio.shield(resolved_host_task)
           ^^^^^^^^^^^^^^^^^^^^^^^^^^^^^^^^^^^^^^^^
  File "D:\EcoTrack\.venv\Lib\site-packages\aiohttp\connector.py", line 1212, in _resolve_host_with_throttle
    addrs = await self._resolver.resolve(host, port, family=self._family)
            ^^^^^^^^^^^^^^^^^^^^^^^^^^^^^^^^^^^^^^^^^^^^^^^^^^^^^^^^^^^^^
  File "D:\EcoTrack\.venv\Lib\site-packages\aiohttp\resolver.py", line 47, in resolve
    infos = await self._loop.getaddrinfo(
            ^^^^^^^^^^^^^^^^^^^^^^^^^^^^^
  File "C:\Users\JANHAVI TUPE\AppData\Local\Programs\Python\Python311\Lib\asyncio\base_events.py", line 868, in getaddrinfo
    return await self.run_in_executor(
           ^^^^^^^^^^^^^^^^^^^^^^^^^^^
  File "C:\Users\JANHAVI TUPE\AppData\Local\Programs\Python\Python311\Lib\concurrent\futures\thread.py", line 58, in run
    result = self.fn(*self.args, **self.kwargs)
             ^^^^^^^^^^^^^^^^^^^^^^^^^^^^^^^^^^
  File "C:\Users\JANHAVI TUPE\AppData\Local\Programs\Python\Python311\Lib\socket.py", line 962, in getaddrinfo
    for res in _socket.getaddrinfo(host, port, family, type, proto, flags):
               ^^^^^^^^^^^^^^^^^^^^^^^^^^^^^^^^^^^^^^^^^^^^^^^^^^^^^^^^^^^
socket.gaierror: [Errno 11001] getaddrinfo failed

The above exception was the direct cause of the following exception:

Traceback (most recent call last):
  File "D:\EcoTrack\.venv\Lib\site-packages\fsspec\implementations\http.py", line 447, in _info
    await _file_info(
  File "D:\EcoTrack\.venv\Lib\site-packages\fsspec\implementations\http.py", line 861, in _file_info
    r = await session.get(url, allow_redirects=ar, **kwargs)
        ^^^^^^^^^^^^^^^^^^^^^^^^^^^^^^^^^^^^^^^^^^^^^^^^^^^^
  File "D:\EcoTrack\.venv\Lib\site-packages\aiohttp\client.py", line 858, in _request
    resp = await handler(req)
           ^^^^^^^^^^^^^^^^^^
  File "D:\EcoTrack\.venv\Lib\site-packages\aiohttp\client.py", line 812, in _connect_and_send_request
    conn = await self._connector.connect(
           ^^^^^^^^^^^^^^^^^^^^^^^^^^^^^^
  File "D:\EcoTrack\.venv\Lib\site-packages\aiohttp\connector.py", line 657, in connect
    proto = await self._create_connection(req, traces, timeout)
            ^^^^^^^^^^^^^^^^^^^^^^^^^^^^^^^^^^^^^^^^^^^^^^^^^^^
  File "D:\EcoTrack\.venv\Lib\site-packages\aiohttp\connector.py", line 1242, in _create_connection
    _, proto = await self._create_direct_connection(req, traces, timeout)
               ^^^^^^^^^^^^^^^^^^^^^^^^^^^^^^^^^^^^^^^^^^^^^^^^^^^^^^^^^^
  File "D:\EcoTrack\.venv\Lib\site-packages\aiohttp\connector.py", line 1577, in _create_direct_connection
    raise ClientConnectorDNSError(req.connection_key, exc) from exc
aiohttp.client_exceptions.ClientConnectorDNSError: Cannot connect to host data.gesdisc.earthdata.nasa.gov:443 ssl:default [getaddrinfo failed]

The above exception was the direct cause of the following exception:

Traceback (most recent call last):
  File "D:\EcoTrack\.venv\Lib\site-packages\earthaccess\store.py", line 987, in _open_urls_https
    return _open_files(
           ^^^^^^^^^^^^
  File "D:\EcoTrack\.venv\Lib\site-packages\earthaccess\store.py", line 150, in _open_files
    return pqdm(
           ^^^^^
  File "D:\EcoTrack\.venv\Lib\site-packages\pqdm\threads.py", line 22, in pqdm
    return _parallel_process(
           ^^^^^^^^^^^^^^^^^^
  File "D:\EcoTrack\.venv\Lib\site-packages\pqdm\_base.py", line 79, in _parallel_process
    raise e
  File "D:\EcoTrack\.venv\Lib\site-packages\pqdm\_base.py", line 76, in _parallel_process
    results.append(future.result())
                   ^^^^^^^^^^^^^^^
  File "C:\Users\JANHAVI TUPE\AppData\Local\Programs\Python\Python311\Lib\concurrent\futures\_base.py", line 449, in result
    return self.__get_result()
           ^^^^^^^^^^^^^^^^^^^
  File "C:\Users\JANHAVI TUPE\AppData\Local\Programs\Python\Python311\Lib\concurrent\futures\_base.py", line 401, in __get_result
    raise self._exception
  File "C:\Users\JANHAVI TUPE\AppData\Local\Programs\Python\Python311\Lib\concurrent\futures\thread.py", line 58, in run
    result = self.fn(*self.args, **self.kwargs)
             ^^^^^^^^^^^^^^^^^^^^^^^^^^^^^^^^^^
  File "D:\EcoTrack\.venv\Lib\site-packages\earthaccess\store.py", line 137, in multi_thread_open
    f_size = fs.info(url)["size"]
             ^^^^^^^^^^^^
  File "D:\EcoTrack\.venv\Lib\site-packages\fsspec\asyn.py", line 217, in wrapper
    return sync(self.loop, func, *args, **kwargs)
           ^^^^^^^^^^^^^^^^^^^^^^^^^^^^^^^^^^^^^^
  File "D:\EcoTrack\.venv\Lib\site-packages\fsspec\asyn.py", line 106, in sync
    raise return_result
  File "D:\EcoTrack\.venv\Lib\site-packages\fsspec\asyn.py", line 59, in _runner
    result[0] = await coro
                ^^^^^^^^^^
  File "D:\EcoTrack\.venv\Lib\site-packages\fsspec\implementations\http.py", line 460, in _info
    raise FileNotFoundError(url) from exc
FileNotFoundError: https://data.gesdisc.earthdata.nasa.gov/data/OCO2_DATA/OCO2_L2_Lite_FP.11.2r/2023/oco2_LtCO2_230521_B11210Ar_240919163508s.nc4
  [935/1148] 2023-05-21 FAILED (FileNotFoundError: https://data.gesdisc.earthdata.nasa.gov/data/OCO2_DATA/OCO2_L2_Lite_FP.11.2r/2023/oco2_LtCO2_230521_B11210Ar_240919163508s.nc4) — will retry next run
An exception occurred while trying to access remote files via HTTPS
Traceback (most recent call last):
  File "D:\EcoTrack\.venv\Lib\site-packages\aiohttp\connector.py", line 1571, in _create_direct_connection
    hosts = await self._resolve_host(host, port, traces=traces)
            ^^^^^^^^^^^^^^^^^^^^^^^^^^^^^^^^^^^^^^^^^^^^^^^^^^^
  File "D:\EcoTrack\.venv\Lib\site-packages\aiohttp\connector.py", line 1181, in _resolve_host
    return await asyncio.shield(resolved_host_task)
           ^^^^^^^^^^^^^^^^^^^^^^^^^^^^^^^^^^^^^^^^
  File "D:\EcoTrack\.venv\Lib\site-packages\aiohttp\connector.py", line 1212, in _resolve_host_with_throttle
    addrs = await self._resolver.resolve(host, port, family=self._family)
            ^^^^^^^^^^^^^^^^^^^^^^^^^^^^^^^^^^^^^^^^^^^^^^^^^^^^^^^^^^^^^
  File "D:\EcoTrack\.venv\Lib\site-packages\aiohttp\resolver.py", line 47, in resolve
    infos = await self._loop.getaddrinfo(
            ^^^^^^^^^^^^^^^^^^^^^^^^^^^^^
  File "C:\Users\JANHAVI TUPE\AppData\Local\Programs\Python\Python311\Lib\asyncio\base_events.py", line 868, in getaddrinfo
    return await self.run_in_executor(
           ^^^^^^^^^^^^^^^^^^^^^^^^^^^
  File "C:\Users\JANHAVI TUPE\AppData\Local\Programs\Python\Python311\Lib\concurrent\futures\thread.py", line 58, in run
    result = self.fn(*self.args, **self.kwargs)
             ^^^^^^^^^^^^^^^^^^^^^^^^^^^^^^^^^^
  File "C:\Users\JANHAVI TUPE\AppData\Local\Programs\Python\Python311\Lib\socket.py", line 962, in getaddrinfo
    for res in _socket.getaddrinfo(host, port, family, type, proto, flags):
               ^^^^^^^^^^^^^^^^^^^^^^^^^^^^^^^^^^^^^^^^^^^^^^^^^^^^^^^^^^^
socket.gaierror: [Errno 11001] getaddrinfo failed

The above exception was the direct cause of the following exception:

Traceback (most recent call last):
  File "D:\EcoTrack\.venv\Lib\site-packages\fsspec\implementations\http.py", line 447, in _info
    await _file_info(
  File "D:\EcoTrack\.venv\Lib\site-packages\fsspec\implementations\http.py", line 861, in _file_info
    r = await session.get(url, allow_redirects=ar, **kwargs)
        ^^^^^^^^^^^^^^^^^^^^^^^^^^^^^^^^^^^^^^^^^^^^^^^^^^^^
  File "D:\EcoTrack\.venv\Lib\site-packages\aiohttp\client.py", line 858, in _request
    resp = await handler(req)
           ^^^^^^^^^^^^^^^^^^
  File "D:\EcoTrack\.venv\Lib\site-packages\aiohttp\client.py", line 812, in _connect_and_send_request
    conn = await self._connector.connect(
           ^^^^^^^^^^^^^^^^^^^^^^^^^^^^^^
  File "D:\EcoTrack\.venv\Lib\site-packages\aiohttp\connector.py", line 657, in connect
    proto = await self._create_connection(req, traces, timeout)
            ^^^^^^^^^^^^^^^^^^^^^^^^^^^^^^^^^^^^^^^^^^^^^^^^^^^
  File "D:\EcoTrack\.venv\Lib\site-packages\aiohttp\connector.py", line 1242, in _create_connection
    _, proto = await self._create_direct_connection(req, traces, timeout)
               ^^^^^^^^^^^^^^^^^^^^^^^^^^^^^^^^^^^^^^^^^^^^^^^^^^^^^^^^^^
  File "D:\EcoTrack\.venv\Lib\site-packages\aiohttp\connector.py", line 1577, in _create_direct_connection
    raise ClientConnectorDNSError(req.connection_key, exc) from exc
aiohttp.client_exceptions.ClientConnectorDNSError: Cannot connect to host data.gesdisc.earthdata.nasa.gov:443 ssl:default [getaddrinfo failed]

The above exception was the direct cause of the following exception:

Traceback (most recent call last):
  File "D:\EcoTrack\.venv\Lib\site-packages\earthaccess\store.py", line 987, in _open_urls_https
    return _open_files(
           ^^^^^^^^^^^^
  File "D:\EcoTrack\.venv\Lib\site-packages\earthaccess\store.py", line 150, in _open_files
    return pqdm(
           ^^^^^
  File "D:\EcoTrack\.venv\Lib\site-packages\pqdm\threads.py", line 22, in pqdm
    return _parallel_process(
           ^^^^^^^^^^^^^^^^^^
  File "D:\EcoTrack\.venv\Lib\site-packages\pqdm\_base.py", line 79, in _parallel_process
    raise e
  File "D:\EcoTrack\.venv\Lib\site-packages\pqdm\_base.py", line 76, in _parallel_process
    results.append(future.result())
                   ^^^^^^^^^^^^^^^
  File "C:\Users\JANHAVI TUPE\AppData\Local\Programs\Python\Python311\Lib\concurrent\futures\_base.py", line 449, in result
    return self.__get_result()
           ^^^^^^^^^^^^^^^^^^^
  File "C:\Users\JANHAVI TUPE\AppData\Local\Programs\Python\Python311\Lib\concurrent\futures\_base.py", line 401, in __get_result
    raise self._exception
  File "C:\Users\JANHAVI TUPE\AppData\Local\Programs\Python\Python311\Lib\concurrent\futures\thread.py", line 58, in run
    result = self.fn(*self.args, **self.kwargs)
             ^^^^^^^^^^^^^^^^^^^^^^^^^^^^^^^^^^
  File "D:\EcoTrack\.venv\Lib\site-packages\earthaccess\store.py", line 137, in multi_thread_open
    f_size = fs.info(url)["size"]
             ^^^^^^^^^^^^
  File "D:\EcoTrack\.venv\Lib\site-packages\fsspec\asyn.py", line 217, in wrapper
    return sync(self.loop, func, *args, **kwargs)
           ^^^^^^^^^^^^^^^^^^^^^^^^^^^^^^^^^^^^^^
  File "D:\EcoTrack\.venv\Lib\site-packages\fsspec\asyn.py", line 106, in sync
    raise return_result
  File "D:\EcoTrack\.venv\Lib\site-packages\fsspec\asyn.py", line 59, in _runner
    result[0] = await coro
                ^^^^^^^^^^
  File "D:\EcoTrack\.venv\Lib\site-packages\fsspec\implementations\http.py", line 460, in _info
    raise FileNotFoundError(url) from exc
FileNotFoundError: https://data.gesdisc.earthdata.nasa.gov/data/OCO2_DATA/OCO2_L2_Lite_FP.11.2r/2023/oco2_LtCO2_230522_B11210Ar_240919163546s.nc4
  [936/1148] 2023-05-22 FAILED (FileNotFoundError: https://data.gesdisc.earthdata.nasa.gov/data/OCO2_DATA/OCO2_L2_Lite_FP.11.2r/2023/oco2_LtCO2_230522_B11210Ar_240919163546s.nc4) — will retry next run
An exception occurred while trying to access remote files via HTTPS
Traceback (most recent call last):
  File "D:\EcoTrack\.venv\Lib\site-packages\aiohttp\connector.py", line 1571, in _create_direct_connection
    hosts = await self._resolve_host(host, port, traces=traces)
            ^^^^^^^^^^^^^^^^^^^^^^^^^^^^^^^^^^^^^^^^^^^^^^^^^^^
  File "D:\EcoTrack\.venv\Lib\site-packages\aiohttp\connector.py", line 1181, in _resolve_host
    return await asyncio.shield(resolved_host_task)
           ^^^^^^^^^^^^^^^^^^^^^^^^^^^^^^^^^^^^^^^^
  File "D:\EcoTrack\.venv\Lib\site-packages\aiohttp\connector.py", line 1212, in _resolve_host_with_throttle
    addrs = await self._resolver.resolve(host, port, family=self._family)
            ^^^^^^^^^^^^^^^^^^^^^^^^^^^^^^^^^^^^^^^^^^^^^^^^^^^^^^^^^^^^^
  File "D:\EcoTrack\.venv\Lib\site-packages\aiohttp\resolver.py", line 47, in resolve
    infos = await self._loop.getaddrinfo(
            ^^^^^^^^^^^^^^^^^^^^^^^^^^^^^
  File "C:\Users\JANHAVI TUPE\AppData\Local\Programs\Python\Python311\Lib\asyncio\base_events.py", line 868, in getaddrinfo
    return await self.run_in_executor(
           ^^^^^^^^^^^^^^^^^^^^^^^^^^^
  File "C:\Users\JANHAVI TUPE\AppData\Local\Programs\Python\Python311\Lib\concurrent\futures\thread.py", line 58, in run
    result = self.fn(*self.args, **self.kwargs)
             ^^^^^^^^^^^^^^^^^^^^^^^^^^^^^^^^^^
  File "C:\Users\JANHAVI TUPE\AppData\Local\Programs\Python\Python311\Lib\socket.py", line 962, in getaddrinfo
    for res in _socket.getaddrinfo(host, port, family, type, proto, flags):
               ^^^^^^^^^^^^^^^^^^^^^^^^^^^^^^^^^^^^^^^^^^^^^^^^^^^^^^^^^^^
socket.gaierror: [Errno 11001] getaddrinfo failed

The above exception was the direct cause of the following exception:

Traceback (most recent call last):
  File "D:\EcoTrack\.venv\Lib\site-packages\fsspec\implementations\http.py", line 447, in _info
    await _file_info(
  File "D:\EcoTrack\.venv\Lib\site-packages\fsspec\implementations\http.py", line 861, in _file_info
    r = await session.get(url, allow_redirects=ar, **kwargs)
        ^^^^^^^^^^^^^^^^^^^^^^^^^^^^^^^^^^^^^^^^^^^^^^^^^^^^
  File "D:\EcoTrack\.venv\Lib\site-packages\aiohttp\client.py", line 858, in _request
    resp = await handler(req)
           ^^^^^^^^^^^^^^^^^^
  File "D:\EcoTrack\.venv\Lib\site-packages\aiohttp\client.py", line 812, in _connect_and_send_request
    conn = await self._connector.connect(
           ^^^^^^^^^^^^^^^^^^^^^^^^^^^^^^
  File "D:\EcoTrack\.venv\Lib\site-packages\aiohttp\connector.py", line 657, in connect
    proto = await self._create_connection(req, traces, timeout)
            ^^^^^^^^^^^^^^^^^^^^^^^^^^^^^^^^^^^^^^^^^^^^^^^^^^^
  File "D:\EcoTrack\.venv\Lib\site-packages\aiohttp\connector.py", line 1242, in _create_connection
    _, proto = await self._create_direct_connection(req, traces, timeout)
               ^^^^^^^^^^^^^^^^^^^^^^^^^^^^^^^^^^^^^^^^^^^^^^^^^^^^^^^^^^
  File "D:\EcoTrack\.venv\Lib\site-packages\aiohttp\connector.py", line 1577, in _create_direct_connection
    raise ClientConnectorDNSError(req.connection_key, exc) from exc
aiohttp.client_exceptions.ClientConnectorDNSError: Cannot connect to host data.gesdisc.earthdata.nasa.gov:443 ssl:default [getaddrinfo failed]

The above exception was the direct cause of the following exception:

Traceback (most recent call last):
  File "D:\EcoTrack\.venv\Lib\site-packages\earthaccess\store.py", line 987, in _open_urls_https
    return _open_files(
           ^^^^^^^^^^^^
  File "D:\EcoTrack\.venv\Lib\site-packages\earthaccess\store.py", line 150, in _open_files
    return pqdm(
           ^^^^^
  File "D:\EcoTrack\.venv\Lib\site-packages\pqdm\threads.py", line 22, in pqdm
    return _parallel_process(
           ^^^^^^^^^^^^^^^^^^
  File "D:\EcoTrack\.venv\Lib\site-packages\pqdm\_base.py", line 79, in _parallel_process
    raise e
  File "D:\EcoTrack\.venv\Lib\site-packages\pqdm\_base.py", line 76, in _parallel_process
    results.append(future.result())
                   ^^^^^^^^^^^^^^^
  File "C:\Users\JANHAVI TUPE\AppData\Local\Programs\Python\Python311\Lib\concurrent\futures\_base.py", line 449, in result
    return self.__get_result()
           ^^^^^^^^^^^^^^^^^^^
  File "C:\Users\JANHAVI TUPE\AppData\Local\Programs\Python\Python311\Lib\concurrent\futures\_base.py", line 401, in __get_result
    raise self._exception
  File "C:\Users\JANHAVI TUPE\AppData\Local\Programs\Python\Python311\Lib\concurrent\futures\thread.py", line 58, in run
    result = self.fn(*self.args, **self.kwargs)
             ^^^^^^^^^^^^^^^^^^^^^^^^^^^^^^^^^^
  File "D:\EcoTrack\.venv\Lib\site-packages\earthaccess\store.py", line 137, in multi_thread_open
    f_size = fs.info(url)["size"]
             ^^^^^^^^^^^^
  File "D:\EcoTrack\.venv\Lib\site-packages\fsspec\asyn.py", line 217, in wrapper
    return sync(self.loop, func, *args, **kwargs)
           ^^^^^^^^^^^^^^^^^^^^^^^^^^^^^^^^^^^^^^
  File "D:\EcoTrack\.venv\Lib\site-packages\fsspec\asyn.py", line 106, in sync
    raise return_result
  File "D:\EcoTrack\.venv\Lib\site-packages\fsspec\asyn.py", line 59, in _runner
    result[0] = await coro
                ^^^^^^^^^^
  File "D:\EcoTrack\.venv\Lib\site-packages\fsspec\implementations\http.py", line 460, in _info
    raise FileNotFoundError(url) from exc
FileNotFoundError: https://data.gesdisc.earthdata.nasa.gov/data/OCO2_DATA/OCO2_L2_Lite_FP.11.2r/2023/oco2_LtCO2_230523_B11210Ar_240919163640s.nc4
  [937/1148] 2023-05-23 FAILED (FileNotFoundError: https://data.gesdisc.earthdata.nasa.gov/data/OCO2_DATA/OCO2_L2_Lite_FP.11.2r/2023/oco2_LtCO2_230523_B11210Ar_240919163640s.nc4) — will retry next run
An exception occurred while trying to access remote files via HTTPS
Traceback (most recent call last):
  File "D:\EcoTrack\.venv\Lib\site-packages\aiohttp\connector.py", line 1571, in _create_direct_connection
    hosts = await self._resolve_host(host, port, traces=traces)
            ^^^^^^^^^^^^^^^^^^^^^^^^^^^^^^^^^^^^^^^^^^^^^^^^^^^
  File "D:\EcoTrack\.venv\Lib\site-packages\aiohttp\connector.py", line 1181, in _resolve_host
    return await asyncio.shield(resolved_host_task)
           ^^^^^^^^^^^^^^^^^^^^^^^^^^^^^^^^^^^^^^^^
  File "D:\EcoTrack\.venv\Lib\site-packages\aiohttp\connector.py", line 1212, in _resolve_host_with_throttle
    addrs = await self._resolver.resolve(host, port, family=self._family)
            ^^^^^^^^^^^^^^^^^^^^^^^^^^^^^^^^^^^^^^^^^^^^^^^^^^^^^^^^^^^^^
  File "D:\EcoTrack\.venv\Lib\site-packages\aiohttp\resolver.py", line 47, in resolve
    infos = await self._loop.getaddrinfo(
            ^^^^^^^^^^^^^^^^^^^^^^^^^^^^^
  File "C:\Users\JANHAVI TUPE\AppData\Local\Programs\Python\Python311\Lib\asyncio\base_events.py", line 868, in getaddrinfo
    return await self.run_in_executor(
           ^^^^^^^^^^^^^^^^^^^^^^^^^^^
  File "C:\Users\JANHAVI TUPE\AppData\Local\Programs\Python\Python311\Lib\concurrent\futures\thread.py", line 58, in run
    result = self.fn(*self.args, **self.kwargs)
             ^^^^^^^^^^^^^^^^^^^^^^^^^^^^^^^^^^
  File "C:\Users\JANHAVI TUPE\AppData\Local\Programs\Python\Python311\Lib\socket.py", line 962, in getaddrinfo
    for res in _socket.getaddrinfo(host, port, family, type, proto, flags):
               ^^^^^^^^^^^^^^^^^^^^^^^^^^^^^^^^^^^^^^^^^^^^^^^^^^^^^^^^^^^
socket.gaierror: [Errno 11001] getaddrinfo failed

The above exception was the direct cause of the following exception:

Traceback (most recent call last):
  File "D:\EcoTrack\.venv\Lib\site-packages\fsspec\implementations\http.py", line 447, in _info
    await _file_info(
  File "D:\EcoTrack\.venv\Lib\site-packages\fsspec\implementations\http.py", line 861, in _file_info
    r = await session.get(url, allow_redirects=ar, **kwargs)
        ^^^^^^^^^^^^^^^^^^^^^^^^^^^^^^^^^^^^^^^^^^^^^^^^^^^^
  File "D:\EcoTrack\.venv\Lib\site-packages\aiohttp\client.py", line 858, in _request
    resp = await handler(req)
           ^^^^^^^^^^^^^^^^^^
  File "D:\EcoTrack\.venv\Lib\site-packages\aiohttp\client.py", line 812, in _connect_and_send_request
    conn = await self._connector.connect(
           ^^^^^^^^^^^^^^^^^^^^^^^^^^^^^^
  File "D:\EcoTrack\.venv\Lib\site-packages\aiohttp\connector.py", line 657, in connect
    proto = await self._create_connection(req, traces, timeout)
            ^^^^^^^^^^^^^^^^^^^^^^^^^^^^^^^^^^^^^^^^^^^^^^^^^^^
  File "D:\EcoTrack\.venv\Lib\site-packages\aiohttp\connector.py", line 1242, in _create_connection
    _, proto = await self._create_direct_connection(req, traces, timeout)
               ^^^^^^^^^^^^^^^^^^^^^^^^^^^^^^^^^^^^^^^^^^^^^^^^^^^^^^^^^^
  File "D:\EcoTrack\.venv\Lib\site-packages\aiohttp\connector.py", line 1577, in _create_direct_connection
    raise ClientConnectorDNSError(req.connection_key, exc) from exc
aiohttp.client_exceptions.ClientConnectorDNSError: Cannot connect to host data.gesdisc.earthdata.nasa.gov:443 ssl:default [getaddrinfo failed]

The above exception was the direct cause of the following exception:

Traceback (most recent call last):
  File "D:\EcoTrack\.venv\Lib\site-packages\earthaccess\store.py", line 987, in _open_urls_https
    return _open_files(
           ^^^^^^^^^^^^
  File "D:\EcoTrack\.venv\Lib\site-packages\earthaccess\store.py", line 150, in _open_files
    return pqdm(
           ^^^^^
  File "D:\EcoTrack\.venv\Lib\site-packages\pqdm\threads.py", line 22, in pqdm
    return _parallel_process(
           ^^^^^^^^^^^^^^^^^^
  File "D:\EcoTrack\.venv\Lib\site-packages\pqdm\_base.py", line 79, in _parallel_process
    raise e
  File "D:\EcoTrack\.venv\Lib\site-packages\pqdm\_base.py", line 76, in _parallel_process
    results.append(future.result())
                   ^^^^^^^^^^^^^^^
  File "C:\Users\JANHAVI TUPE\AppData\Local\Programs\Python\Python311\Lib\concurrent\futures\_base.py", line 449, in result
    return self.__get_result()
           ^^^^^^^^^^^^^^^^^^^
  File "C:\Users\JANHAVI TUPE\AppData\Local\Programs\Python\Python311\Lib\concurrent\futures\_base.py", line 401, in __get_result
    raise self._exception
  File "C:\Users\JANHAVI TUPE\AppData\Local\Programs\Python\Python311\Lib\concurrent\futures\thread.py", line 58, in run
    result = self.fn(*self.args, **self.kwargs)
             ^^^^^^^^^^^^^^^^^^^^^^^^^^^^^^^^^^
  File "D:\EcoTrack\.venv\Lib\site-packages\earthaccess\store.py", line 137, in multi_thread_open
    f_size = fs.info(url)["size"]
             ^^^^^^^^^^^^
  File "D:\EcoTrack\.venv\Lib\site-packages\fsspec\asyn.py", line 217, in wrapper
    return sync(self.loop, func, *args, **kwargs)
           ^^^^^^^^^^^^^^^^^^^^^^^^^^^^^^^^^^^^^^
  File "D:\EcoTrack\.venv\Lib\site-packages\fsspec\asyn.py", line 106, in sync
    raise return_result
  File "D:\EcoTrack\.venv\Lib\site-packages\fsspec\asyn.py", line 59, in _runner
    result[0] = await coro
                ^^^^^^^^^^
  File "D:\EcoTrack\.venv\Lib\site-packages\fsspec\implementations\http.py", line 460, in _info
    raise FileNotFoundError(url) from exc
FileNotFoundError: https://data.gesdisc.earthdata.nasa.gov/data/OCO2_DATA/OCO2_L2_Lite_FP.11.2r/2023/oco2_LtCO2_230524_B11210Ar_240919163713s.nc4
  [938/1148] 2023-05-24 FAILED (FileNotFoundError: https://data.gesdisc.earthdata.nasa.gov/data/OCO2_DATA/OCO2_L2_Lite_FP.11.2r/2023/oco2_LtCO2_230524_B11210Ar_240919163713s.nc4) — will retry next run
An exception occurred while trying to access remote files via HTTPS
Traceback (most recent call last):
  File "D:\EcoTrack\.venv\Lib\site-packages\aiohttp\connector.py", line 1571, in _create_direct_connection
    hosts = await self._resolve_host(host, port, traces=traces)
            ^^^^^^^^^^^^^^^^^^^^^^^^^^^^^^^^^^^^^^^^^^^^^^^^^^^
  File "D:\EcoTrack\.venv\Lib\site-packages\aiohttp\connector.py", line 1181, in _resolve_host
    return await asyncio.shield(resolved_host_task)
           ^^^^^^^^^^^^^^^^^^^^^^^^^^^^^^^^^^^^^^^^
  File "D:\EcoTrack\.venv\Lib\site-packages\aiohttp\connector.py", line 1212, in _resolve_host_with_throttle
    addrs = await self._resolver.resolve(host, port, family=self._family)
            ^^^^^^^^^^^^^^^^^^^^^^^^^^^^^^^^^^^^^^^^^^^^^^^^^^^^^^^^^^^^^
  File "D:\EcoTrack\.venv\Lib\site-packages\aiohttp\resolver.py", line 47, in resolve
    infos = await self._loop.getaddrinfo(
            ^^^^^^^^^^^^^^^^^^^^^^^^^^^^^
  File "C:\Users\JANHAVI TUPE\AppData\Local\Programs\Python\Python311\Lib\asyncio\base_events.py", line 868, in getaddrinfo
    return await self.run_in_executor(
           ^^^^^^^^^^^^^^^^^^^^^^^^^^^
  File "C:\Users\JANHAVI TUPE\AppData\Local\Programs\Python\Python311\Lib\concurrent\futures\thread.py", line 58, in run
    result = self.fn(*self.args, **self.kwargs)
             ^^^^^^^^^^^^^^^^^^^^^^^^^^^^^^^^^^
  File "C:\Users\JANHAVI TUPE\AppData\Local\Programs\Python\Python311\Lib\socket.py", line 962, in getaddrinfo
    for res in _socket.getaddrinfo(host, port, family, type, proto, flags):
               ^^^^^^^^^^^^^^^^^^^^^^^^^^^^^^^^^^^^^^^^^^^^^^^^^^^^^^^^^^^
socket.gaierror: [Errno 11001] getaddrinfo failed

The above exception was the direct cause of the following exception:

Traceback (most recent call last):
  File "D:\EcoTrack\.venv\Lib\site-packages\fsspec\implementations\http.py", line 447, in _info
    await _file_info(
  File "D:\EcoTrack\.venv\Lib\site-packages\fsspec\implementations\http.py", line 861, in _file_info
    r = await session.get(url, allow_redirects=ar, **kwargs)
        ^^^^^^^^^^^^^^^^^^^^^^^^^^^^^^^^^^^^^^^^^^^^^^^^^^^^
  File "D:\EcoTrack\.venv\Lib\site-packages\aiohttp\client.py", line 858, in _request
    resp = await handler(req)
           ^^^^^^^^^^^^^^^^^^
  File "D:\EcoTrack\.venv\Lib\site-packages\aiohttp\client.py", line 812, in _connect_and_send_request
    conn = await self._connector.connect(
           ^^^^^^^^^^^^^^^^^^^^^^^^^^^^^^
  File "D:\EcoTrack\.venv\Lib\site-packages\aiohttp\connector.py", line 657, in connect
    proto = await self._create_connection(req, traces, timeout)
            ^^^^^^^^^^^^^^^^^^^^^^^^^^^^^^^^^^^^^^^^^^^^^^^^^^^
  File "D:\EcoTrack\.venv\Lib\site-packages\aiohttp\connector.py", line 1242, in _create_connection
    _, proto = await self._create_direct_connection(req, traces, timeout)
               ^^^^^^^^^^^^^^^^^^^^^^^^^^^^^^^^^^^^^^^^^^^^^^^^^^^^^^^^^^
  File "D:\EcoTrack\.venv\Lib\site-packages\aiohttp\connector.py", line 1577, in _create_direct_connection
    raise ClientConnectorDNSError(req.connection_key, exc) from exc
aiohttp.client_exceptions.ClientConnectorDNSError: Cannot connect to host data.gesdisc.earthdata.nasa.gov:443 ssl:default [getaddrinfo failed]

The above exception was the direct cause of the following exception:

Traceback (most recent call last):
  File "D:\EcoTrack\.venv\Lib\site-packages\earthaccess\store.py", line 987, in _open_urls_https
    return _open_files(
           ^^^^^^^^^^^^
  File "D:\EcoTrack\.venv\Lib\site-packages\earthaccess\store.py", line 150, in _open_files
    return pqdm(
           ^^^^^
  File "D:\EcoTrack\.venv\Lib\site-packages\pqdm\threads.py", line 22, in pqdm
    return _parallel_process(
           ^^^^^^^^^^^^^^^^^^
  File "D:\EcoTrack\.venv\Lib\site-packages\pqdm\_base.py", line 79, in _parallel_process
    raise e
  File "D:\EcoTrack\.venv\Lib\site-packages\pqdm\_base.py", line 76, in _parallel_process
    results.append(future.result())
                   ^^^^^^^^^^^^^^^
  File "C:\Users\JANHAVI TUPE\AppData\Local\Programs\Python\Python311\Lib\concurrent\futures\_base.py", line 449, in result
    return self.__get_result()
           ^^^^^^^^^^^^^^^^^^^
  File "C:\Users\JANHAVI TUPE\AppData\Local\Programs\Python\Python311\Lib\concurrent\futures\_base.py", line 401, in __get_result
    raise self._exception
  File "C:\Users\JANHAVI TUPE\AppData\Local\Programs\Python\Python311\Lib\concurrent\futures\thread.py", line 58, in run
    result = self.fn(*self.args, **self.kwargs)
             ^^^^^^^^^^^^^^^^^^^^^^^^^^^^^^^^^^
  File "D:\EcoTrack\.venv\Lib\site-packages\earthaccess\store.py", line 137, in multi_thread_open
    f_size = fs.info(url)["size"]
             ^^^^^^^^^^^^
  File "D:\EcoTrack\.venv\Lib\site-packages\fsspec\asyn.py", line 217, in wrapper
    return sync(self.loop, func, *args, **kwargs)
           ^^^^^^^^^^^^^^^^^^^^^^^^^^^^^^^^^^^^^^
  File "D:\EcoTrack\.venv\Lib\site-packages\fsspec\asyn.py", line 106, in sync
    raise return_result
  File "D:\EcoTrack\.venv\Lib\site-packages\fsspec\asyn.py", line 59, in _runner
    result[0] = await coro
                ^^^^^^^^^^
  File "D:\EcoTrack\.venv\Lib\site-packages\fsspec\implementations\http.py", line 460, in _info
    raise FileNotFoundError(url) from exc
FileNotFoundError: https://data.gesdisc.earthdata.nasa.gov/data/OCO2_DATA/OCO2_L2_Lite_FP.11.2r/2023/oco2_LtCO2_230525_B11210Ar_240919163812s.nc4
  [939/1148] 2023-05-25 FAILED (FileNotFoundError: https://data.gesdisc.earthdata.nasa.gov/data/OCO2_DATA/OCO2_L2_Lite_FP.11.2r/2023/oco2_LtCO2_230525_B11210Ar_240919163812s.nc4) — will retry next run
An exception occurred while trying to access remote files via HTTPS
Traceback (most recent call last):
  File "D:\EcoTrack\.venv\Lib\site-packages\aiohttp\connector.py", line 1571, in _create_direct_connection
    hosts = await self._resolve_host(host, port, traces=traces)
            ^^^^^^^^^^^^^^^^^^^^^^^^^^^^^^^^^^^^^^^^^^^^^^^^^^^
  File "D:\EcoTrack\.venv\Lib\site-packages\aiohttp\connector.py", line 1181, in _resolve_host
    return await asyncio.shield(resolved_host_task)
           ^^^^^^^^^^^^^^^^^^^^^^^^^^^^^^^^^^^^^^^^
  File "D:\EcoTrack\.venv\Lib\site-packages\aiohttp\connector.py", line 1212, in _resolve_host_with_throttle
    addrs = await self._resolver.resolve(host, port, family=self._family)
            ^^^^^^^^^^^^^^^^^^^^^^^^^^^^^^^^^^^^^^^^^^^^^^^^^^^^^^^^^^^^^
  File "D:\EcoTrack\.venv\Lib\site-packages\aiohttp\resolver.py", line 47, in resolve
    infos = await self._loop.getaddrinfo(
            ^^^^^^^^^^^^^^^^^^^^^^^^^^^^^
  File "C:\Users\JANHAVI TUPE\AppData\Local\Programs\Python\Python311\Lib\asyncio\base_events.py", line 868, in getaddrinfo
    return await self.run_in_executor(
           ^^^^^^^^^^^^^^^^^^^^^^^^^^^
  File "C:\Users\JANHAVI TUPE\AppData\Local\Programs\Python\Python311\Lib\concurrent\futures\thread.py", line 58, in run
    result = self.fn(*self.args, **self.kwargs)
             ^^^^^^^^^^^^^^^^^^^^^^^^^^^^^^^^^^
  File "C:\Users\JANHAVI TUPE\AppData\Local\Programs\Python\Python311\Lib\socket.py", line 962, in getaddrinfo
    for res in _socket.getaddrinfo(host, port, family, type, proto, flags):
               ^^^^^^^^^^^^^^^^^^^^^^^^^^^^^^^^^^^^^^^^^^^^^^^^^^^^^^^^^^^
socket.gaierror: [Errno 11001] getaddrinfo failed

The above exception was the direct cause of the following exception:

Traceback (most recent call last):
  File "D:\EcoTrack\.venv\Lib\site-packages\fsspec\implementations\http.py", line 447, in _info
    await _file_info(
  File "D:\EcoTrack\.venv\Lib\site-packages\fsspec\implementations\http.py", line 861, in _file_info
    r = await session.get(url, allow_redirects=ar, **kwargs)
        ^^^^^^^^^^^^^^^^^^^^^^^^^^^^^^^^^^^^^^^^^^^^^^^^^^^^
  File "D:\EcoTrack\.venv\Lib\site-packages\aiohttp\client.py", line 858, in _request
    resp = await handler(req)
           ^^^^^^^^^^^^^^^^^^
  File "D:\EcoTrack\.venv\Lib\site-packages\aiohttp\client.py", line 812, in _connect_and_send_request
    conn = await self._connector.connect(
           ^^^^^^^^^^^^^^^^^^^^^^^^^^^^^^
  File "D:\EcoTrack\.venv\Lib\site-packages\aiohttp\connector.py", line 657, in connect
    proto = await self._create_connection(req, traces, timeout)
            ^^^^^^^^^^^^^^^^^^^^^^^^^^^^^^^^^^^^^^^^^^^^^^^^^^^
  File "D:\EcoTrack\.venv\Lib\site-packages\aiohttp\connector.py", line 1242, in _create_connection
    _, proto = await self._create_direct_connection(req, traces, timeout)
               ^^^^^^^^^^^^^^^^^^^^^^^^^^^^^^^^^^^^^^^^^^^^^^^^^^^^^^^^^^
  File "D:\EcoTrack\.venv\Lib\site-packages\aiohttp\connector.py", line 1577, in _create_direct_connection
    raise ClientConnectorDNSError(req.connection_key, exc) from exc
aiohttp.client_exceptions.ClientConnectorDNSError: Cannot connect to host data.gesdisc.earthdata.nasa.gov:443 ssl:default [getaddrinfo failed]

The above exception was the direct cause of the following exception:

Traceback (most recent call last):
  File "D:\EcoTrack\.venv\Lib\site-packages\earthaccess\store.py", line 987, in _open_urls_https
    return _open_files(
           ^^^^^^^^^^^^
  File "D:\EcoTrack\.venv\Lib\site-packages\earthaccess\store.py", line 150, in _open_files
    return pqdm(
           ^^^^^
  File "D:\EcoTrack\.venv\Lib\site-packages\pqdm\threads.py", line 22, in pqdm
    return _parallel_process(
           ^^^^^^^^^^^^^^^^^^
  File "D:\EcoTrack\.venv\Lib\site-packages\pqdm\_base.py", line 79, in _parallel_process
    raise e
  File "D:\EcoTrack\.venv\Lib\site-packages\pqdm\_base.py", line 76, in _parallel_process
    results.append(future.result())
                   ^^^^^^^^^^^^^^^
  File "C:\Users\JANHAVI TUPE\AppData\Local\Programs\Python\Python311\Lib\concurrent\futures\_base.py", line 449, in result
    return self.__get_result()
           ^^^^^^^^^^^^^^^^^^^
  File "C:\Users\JANHAVI TUPE\AppData\Local\Programs\Python\Python311\Lib\concurrent\futures\_base.py", line 401, in __get_result
    raise self._exception
  File "C:\Users\JANHAVI TUPE\AppData\Local\Programs\Python\Python311\Lib\concurrent\futures\thread.py", line 58, in run
    result = self.fn(*self.args, **self.kwargs)
             ^^^^^^^^^^^^^^^^^^^^^^^^^^^^^^^^^^
  File "D:\EcoTrack\.venv\Lib\site-packages\earthaccess\store.py", line 137, in multi_thread_open
    f_size = fs.info(url)["size"]
             ^^^^^^^^^^^^
  File "D:\EcoTrack\.venv\Lib\site-packages\fsspec\asyn.py", line 217, in wrapper
    return sync(self.loop, func, *args, **kwargs)
           ^^^^^^^^^^^^^^^^^^^^^^^^^^^^^^^^^^^^^^
  File "D:\EcoTrack\.venv\Lib\site-packages\fsspec\asyn.py", line 106, in sync
    raise return_result
  File "D:\EcoTrack\.venv\Lib\site-packages\fsspec\asyn.py", line 59, in _runner
    result[0] = await coro
                ^^^^^^^^^^
  File "D:\EcoTrack\.venv\Lib\site-packages\fsspec\implementations\http.py", line 460, in _info
    raise FileNotFoundError(url) from exc
FileNotFoundError: https://data.gesdisc.earthdata.nasa.gov/data/OCO2_DATA/OCO2_L2_Lite_FP.11.2r/2023/oco2_LtCO2_230526_B11210Ar_240919163857s.nc4
  [940/1148] 2023-05-26 FAILED (FileNotFoundError: https://data.gesdisc.earthdata.nasa.gov/data/OCO2_DATA/OCO2_L2_Lite_FP.11.2r/2023/oco2_LtCO2_230526_B11210Ar_240919163857s.nc4) — will retry next run
An exception occurred while trying to access remote files via HTTPS
Traceback (most recent call last):
  File "D:\EcoTrack\.venv\Lib\site-packages\aiohttp\connector.py", line 1571, in _create_direct_connection
    hosts = await self._resolve_host(host, port, traces=traces)
            ^^^^^^^^^^^^^^^^^^^^^^^^^^^^^^^^^^^^^^^^^^^^^^^^^^^
  File "D:\EcoTrack\.venv\Lib\site-packages\aiohttp\connector.py", line 1181, in _resolve_host
    return await asyncio.shield(resolved_host_task)
           ^^^^^^^^^^^^^^^^^^^^^^^^^^^^^^^^^^^^^^^^
  File "D:\EcoTrack\.venv\Lib\site-packages\aiohttp\connector.py", line 1212, in _resolve_host_with_throttle
    addrs = await self._resolver.resolve(host, port, family=self._family)
            ^^^^^^^^^^^^^^^^^^^^^^^^^^^^^^^^^^^^^^^^^^^^^^^^^^^^^^^^^^^^^
  File "D:\EcoTrack\.venv\Lib\site-packages\aiohttp\resolver.py", line 47, in resolve
    infos = await self._loop.getaddrinfo(
            ^^^^^^^^^^^^^^^^^^^^^^^^^^^^^
  File "C:\Users\JANHAVI TUPE\AppData\Local\Programs\Python\Python311\Lib\asyncio\base_events.py", line 868, in getaddrinfo
    return await self.run_in_executor(
           ^^^^^^^^^^^^^^^^^^^^^^^^^^^
  File "C:\Users\JANHAVI TUPE\AppData\Local\Programs\Python\Python311\Lib\concurrent\futures\thread.py", line 58, in run
    result = self.fn(*self.args, **self.kwargs)
             ^^^^^^^^^^^^^^^^^^^^^^^^^^^^^^^^^^
  File "C:\Users\JANHAVI TUPE\AppData\Local\Programs\Python\Python311\Lib\socket.py", line 962, in getaddrinfo
    for res in _socket.getaddrinfo(host, port, family, type, proto, flags):
               ^^^^^^^^^^^^^^^^^^^^^^^^^^^^^^^^^^^^^^^^^^^^^^^^^^^^^^^^^^^
socket.gaierror: [Errno 11001] getaddrinfo failed

The above exception was the direct cause of the following exception:

Traceback (most recent call last):
  File "D:\EcoTrack\.venv\Lib\site-packages\fsspec\implementations\http.py", line 447, in _info
    await _file_info(
  File "D:\EcoTrack\.venv\Lib\site-packages\fsspec\implementations\http.py", line 861, in _file_info
    r = await session.get(url, allow_redirects=ar, **kwargs)
        ^^^^^^^^^^^^^^^^^^^^^^^^^^^^^^^^^^^^^^^^^^^^^^^^^^^^
  File "D:\EcoTrack\.venv\Lib\site-packages\aiohttp\client.py", line 858, in _request
    resp = await handler(req)
           ^^^^^^^^^^^^^^^^^^
  File "D:\EcoTrack\.venv\Lib\site-packages\aiohttp\client.py", line 812, in _connect_and_send_request
    conn = await self._connector.connect(
           ^^^^^^^^^^^^^^^^^^^^^^^^^^^^^^
  File "D:\EcoTrack\.venv\Lib\site-packages\aiohttp\connector.py", line 657, in connect
    proto = await self._create_connection(req, traces, timeout)
            ^^^^^^^^^^^^^^^^^^^^^^^^^^^^^^^^^^^^^^^^^^^^^^^^^^^
  File "D:\EcoTrack\.venv\Lib\site-packages\aiohttp\connector.py", line 1242, in _create_connection
    _, proto = await self._create_direct_connection(req, traces, timeout)
               ^^^^^^^^^^^^^^^^^^^^^^^^^^^^^^^^^^^^^^^^^^^^^^^^^^^^^^^^^^
  File "D:\EcoTrack\.venv\Lib\site-packages\aiohttp\connector.py", line 1577, in _create_direct_connection
    raise ClientConnectorDNSError(req.connection_key, exc) from exc
aiohttp.client_exceptions.ClientConnectorDNSError: Cannot connect to host data.gesdisc.earthdata.nasa.gov:443 ssl:default [getaddrinfo failed]

The above exception was the direct cause of the following exception:

Traceback (most recent call last):
  File "D:\EcoTrack\.venv\Lib\site-packages\earthaccess\store.py", line 987, in _open_urls_https
    return _open_files(
           ^^^^^^^^^^^^
  File "D:\EcoTrack\.venv\Lib\site-packages\earthaccess\store.py", line 150, in _open_files
    return pqdm(
           ^^^^^
  File "D:\EcoTrack\.venv\Lib\site-packages\pqdm\threads.py", line 22, in pqdm
    return _parallel_process(
           ^^^^^^^^^^^^^^^^^^
  File "D:\EcoTrack\.venv\Lib\site-packages\pqdm\_base.py", line 79, in _parallel_process
    raise e
  File "D:\EcoTrack\.venv\Lib\site-packages\pqdm\_base.py", line 76, in _parallel_process
    results.append(future.result())
                   ^^^^^^^^^^^^^^^
  File "C:\Users\JANHAVI TUPE\AppData\Local\Programs\Python\Python311\Lib\concurrent\futures\_base.py", line 449, in result
    return self.__get_result()
           ^^^^^^^^^^^^^^^^^^^
  File "C:\Users\JANHAVI TUPE\AppData\Local\Programs\Python\Python311\Lib\concurrent\futures\_base.py", line 401, in __get_result
    raise self._exception
  File "C:\Users\JANHAVI TUPE\AppData\Local\Programs\Python\Python311\Lib\concurrent\futures\thread.py", line 58, in run
    result = self.fn(*self.args, **self.kwargs)
             ^^^^^^^^^^^^^^^^^^^^^^^^^^^^^^^^^^
  File "D:\EcoTrack\.venv\Lib\site-packages\earthaccess\store.py", line 137, in multi_thread_open
    f_size = fs.info(url)["size"]
             ^^^^^^^^^^^^
  File "D:\EcoTrack\.venv\Lib\site-packages\fsspec\asyn.py", line 217, in wrapper
    return sync(self.loop, func, *args, **kwargs)
           ^^^^^^^^^^^^^^^^^^^^^^^^^^^^^^^^^^^^^^
  File "D:\EcoTrack\.venv\Lib\site-packages\fsspec\asyn.py", line 106, in sync
    raise return_result
  File "D:\EcoTrack\.venv\Lib\site-packages\fsspec\asyn.py", line 59, in _runner
    result[0] = await coro
                ^^^^^^^^^^
  File "D:\EcoTrack\.venv\Lib\site-packages\fsspec\implementations\http.py", line 460, in _info
    raise FileNotFoundError(url) from exc
FileNotFoundError: https://data.gesdisc.earthdata.nasa.gov/data/OCO2_DATA/OCO2_L2_Lite_FP.11.2r/2023/oco2_LtCO2_230527_B11210Ar_240919163940s.nc4
  [941/1148] 2023-05-27 FAILED (FileNotFoundError: https://data.gesdisc.earthdata.nasa.gov/data/OCO2_DATA/OCO2_L2_Lite_FP.11.2r/2023/oco2_LtCO2_230527_B11210Ar_240919163940s.nc4) — will retry next run
An exception occurred while trying to access remote files via HTTPS
Traceback (most recent call last):
  File "D:\EcoTrack\.venv\Lib\site-packages\aiohttp\connector.py", line 1571, in _create_direct_connection
    hosts = await self._resolve_host(host, port, traces=traces)
            ^^^^^^^^^^^^^^^^^^^^^^^^^^^^^^^^^^^^^^^^^^^^^^^^^^^
  File "D:\EcoTrack\.venv\Lib\site-packages\aiohttp\connector.py", line 1181, in _resolve_host
    return await asyncio.shield(resolved_host_task)
           ^^^^^^^^^^^^^^^^^^^^^^^^^^^^^^^^^^^^^^^^
  File "D:\EcoTrack\.venv\Lib\site-packages\aiohttp\connector.py", line 1212, in _resolve_host_with_throttle
    addrs = await self._resolver.resolve(host, port, family=self._family)
            ^^^^^^^^^^^^^^^^^^^^^^^^^^^^^^^^^^^^^^^^^^^^^^^^^^^^^^^^^^^^^
  File "D:\EcoTrack\.venv\Lib\site-packages\aiohttp\resolver.py", line 47, in resolve
    infos = await self._loop.getaddrinfo(
            ^^^^^^^^^^^^^^^^^^^^^^^^^^^^^
  File "C:\Users\JANHAVI TUPE\AppData\Local\Programs\Python\Python311\Lib\asyncio\base_events.py", line 868, in getaddrinfo
    return await self.run_in_executor(
           ^^^^^^^^^^^^^^^^^^^^^^^^^^^
  File "C:\Users\JANHAVI TUPE\AppData\Local\Programs\Python\Python311\Lib\concurrent\futures\thread.py", line 58, in run
    result = self.fn(*self.args, **self.kwargs)
             ^^^^^^^^^^^^^^^^^^^^^^^^^^^^^^^^^^
  File "C:\Users\JANHAVI TUPE\AppData\Local\Programs\Python\Python311\Lib\socket.py", line 962, in getaddrinfo
    for res in _socket.getaddrinfo(host, port, family, type, proto, flags):
               ^^^^^^^^^^^^^^^^^^^^^^^^^^^^^^^^^^^^^^^^^^^^^^^^^^^^^^^^^^^
socket.gaierror: [Errno 11001] getaddrinfo failed

The above exception was the direct cause of the following exception:

Traceback (most recent call last):
  File "D:\EcoTrack\.venv\Lib\site-packages\fsspec\implementations\http.py", line 447, in _info
    await _file_info(
  File "D:\EcoTrack\.venv\Lib\site-packages\fsspec\implementations\http.py", line 861, in _file_info
    r = await session.get(url, allow_redirects=ar, **kwargs)
        ^^^^^^^^^^^^^^^^^^^^^^^^^^^^^^^^^^^^^^^^^^^^^^^^^^^^
  File "D:\EcoTrack\.venv\Lib\site-packages\aiohttp\client.py", line 858, in _request
    resp = await handler(req)
           ^^^^^^^^^^^^^^^^^^
  File "D:\EcoTrack\.venv\Lib\site-packages\aiohttp\client.py", line 812, in _connect_and_send_request
    conn = await self._connector.connect(
           ^^^^^^^^^^^^^^^^^^^^^^^^^^^^^^
  File "D:\EcoTrack\.venv\Lib\site-packages\aiohttp\connector.py", line 657, in connect
    proto = await self._create_connection(req, traces, timeout)
            ^^^^^^^^^^^^^^^^^^^^^^^^^^^^^^^^^^^^^^^^^^^^^^^^^^^
  File "D:\EcoTrack\.venv\Lib\site-packages\aiohttp\connector.py", line 1242, in _create_connection
    _, proto = await self._create_direct_connection(req, traces, timeout)
               ^^^^^^^^^^^^^^^^^^^^^^^^^^^^^^^^^^^^^^^^^^^^^^^^^^^^^^^^^^
  File "D:\EcoTrack\.venv\Lib\site-packages\aiohttp\connector.py", line 1577, in _create_direct_connection
    raise ClientConnectorDNSError(req.connection_key, exc) from exc
aiohttp.client_exceptions.ClientConnectorDNSError: Cannot connect to host data.gesdisc.earthdata.nasa.gov:443 ssl:default [getaddrinfo failed]

The above exception was the direct cause of the following exception:

Traceback (most recent call last):
  File "D:\EcoTrack\.venv\Lib\site-packages\earthaccess\store.py", line 987, in _open_urls_https
    return _open_files(
           ^^^^^^^^^^^^
  File "D:\EcoTrack\.venv\Lib\site-packages\earthaccess\store.py", line 150, in _open_files
    return pqdm(
           ^^^^^
  File "D:\EcoTrack\.venv\Lib\site-packages\pqdm\threads.py", line 22, in pqdm
    return _parallel_process(
           ^^^^^^^^^^^^^^^^^^
  File "D:\EcoTrack\.venv\Lib\site-packages\pqdm\_base.py", line 79, in _parallel_process
    raise e
  File "D:\EcoTrack\.venv\Lib\site-packages\pqdm\_base.py", line 76, in _parallel_process
    results.append(future.result())
                   ^^^^^^^^^^^^^^^
  File "C:\Users\JANHAVI TUPE\AppData\Local\Programs\Python\Python311\Lib\concurrent\futures\_base.py", line 449, in result
    return self.__get_result()
           ^^^^^^^^^^^^^^^^^^^
  File "C:\Users\JANHAVI TUPE\AppData\Local\Programs\Python\Python311\Lib\concurrent\futures\_base.py", line 401, in __get_result
    raise self._exception
  File "C:\Users\JANHAVI TUPE\AppData\Local\Programs\Python\Python311\Lib\concurrent\futures\thread.py", line 58, in run
    result = self.fn(*self.args, **self.kwargs)
             ^^^^^^^^^^^^^^^^^^^^^^^^^^^^^^^^^^
  File "D:\EcoTrack\.venv\Lib\site-packages\earthaccess\store.py", line 137, in multi_thread_open
    f_size = fs.info(url)["size"]
             ^^^^^^^^^^^^
  File "D:\EcoTrack\.venv\Lib\site-packages\fsspec\asyn.py", line 217, in wrapper
    return sync(self.loop, func, *args, **kwargs)
           ^^^^^^^^^^^^^^^^^^^^^^^^^^^^^^^^^^^^^^
  File "D:\EcoTrack\.venv\Lib\site-packages\fsspec\asyn.py", line 106, in sync
    raise return_result
  File "D:\EcoTrack\.venv\Lib\site-packages\fsspec\asyn.py", line 59, in _runner
    result[0] = await coro
                ^^^^^^^^^^
  File "D:\EcoTrack\.venv\Lib\site-packages\fsspec\implementations\http.py", line 460, in _info
    raise FileNotFoundError(url) from exc
FileNotFoundError: https://data.gesdisc.earthdata.nasa.gov/data/OCO2_DATA/OCO2_L2_Lite_FP.11.2r/2023/oco2_LtCO2_230528_B11210Ar_240919164022s.nc4
  [942/1148] 2023-05-28 FAILED (FileNotFoundError: https://data.gesdisc.earthdata.nasa.gov/data/OCO2_DATA/OCO2_L2_Lite_FP.11.2r/2023/oco2_LtCO2_230528_B11210Ar_240919164022s.nc4) — will retry next run
An exception occurred while trying to access remote files via HTTPS
Traceback (most recent call last):
  File "D:\EcoTrack\.venv\Lib\site-packages\aiohttp\connector.py", line 1571, in _create_direct_connection
    hosts = await self._resolve_host(host, port, traces=traces)
            ^^^^^^^^^^^^^^^^^^^^^^^^^^^^^^^^^^^^^^^^^^^^^^^^^^^
  File "D:\EcoTrack\.venv\Lib\site-packages\aiohttp\connector.py", line 1181, in _resolve_host
    return await asyncio.shield(resolved_host_task)
           ^^^^^^^^^^^^^^^^^^^^^^^^^^^^^^^^^^^^^^^^
  File "D:\EcoTrack\.venv\Lib\site-packages\aiohttp\connector.py", line 1212, in _resolve_host_with_throttle
    addrs = await self._resolver.resolve(host, port, family=self._family)
            ^^^^^^^^^^^^^^^^^^^^^^^^^^^^^^^^^^^^^^^^^^^^^^^^^^^^^^^^^^^^^
  File "D:\EcoTrack\.venv\Lib\site-packages\aiohttp\resolver.py", line 47, in resolve
    infos = await self._loop.getaddrinfo(
            ^^^^^^^^^^^^^^^^^^^^^^^^^^^^^
  File "C:\Users\JANHAVI TUPE\AppData\Local\Programs\Python\Python311\Lib\asyncio\base_events.py", line 868, in getaddrinfo
    return await self.run_in_executor(
           ^^^^^^^^^^^^^^^^^^^^^^^^^^^
  File "C:\Users\JANHAVI TUPE\AppData\Local\Programs\Python\Python311\Lib\concurrent\futures\thread.py", line 58, in run
    result = self.fn(*self.args, **self.kwargs)
             ^^^^^^^^^^^^^^^^^^^^^^^^^^^^^^^^^^
  File "C:\Users\JANHAVI TUPE\AppData\Local\Programs\Python\Python311\Lib\socket.py", line 962, in getaddrinfo
    for res in _socket.getaddrinfo(host, port, family, type, proto, flags):
               ^^^^^^^^^^^^^^^^^^^^^^^^^^^^^^^^^^^^^^^^^^^^^^^^^^^^^^^^^^^
socket.gaierror: [Errno 11001] getaddrinfo failed

The above exception was the direct cause of the following exception:

Traceback (most recent call last):
  File "D:\EcoTrack\.venv\Lib\site-packages\fsspec\implementations\http.py", line 447, in _info
    await _file_info(
  File "D:\EcoTrack\.venv\Lib\site-packages\fsspec\implementations\http.py", line 861, in _file_info
    r = await session.get(url, allow_redirects=ar, **kwargs)
        ^^^^^^^^^^^^^^^^^^^^^^^^^^^^^^^^^^^^^^^^^^^^^^^^^^^^
  File "D:\EcoTrack\.venv\Lib\site-packages\aiohttp\client.py", line 858, in _request
    resp = await handler(req)
           ^^^^^^^^^^^^^^^^^^
  File "D:\EcoTrack\.venv\Lib\site-packages\aiohttp\client.py", line 812, in _connect_and_send_request
    conn = await self._connector.connect(
           ^^^^^^^^^^^^^^^^^^^^^^^^^^^^^^
  File "D:\EcoTrack\.venv\Lib\site-packages\aiohttp\connector.py", line 657, in connect
    proto = await self._create_connection(req, traces, timeout)
            ^^^^^^^^^^^^^^^^^^^^^^^^^^^^^^^^^^^^^^^^^^^^^^^^^^^
  File "D:\EcoTrack\.venv\Lib\site-packages\aiohttp\connector.py", line 1242, in _create_connection
    _, proto = await self._create_direct_connection(req, traces, timeout)
               ^^^^^^^^^^^^^^^^^^^^^^^^^^^^^^^^^^^^^^^^^^^^^^^^^^^^^^^^^^
  File "D:\EcoTrack\.venv\Lib\site-packages\aiohttp\connector.py", line 1577, in _create_direct_connection
    raise ClientConnectorDNSError(req.connection_key, exc) from exc
aiohttp.client_exceptions.ClientConnectorDNSError: Cannot connect to host data.gesdisc.earthdata.nasa.gov:443 ssl:default [getaddrinfo failed]

The above exception was the direct cause of the following exception:

Traceback (most recent call last):
  File "D:\EcoTrack\.venv\Lib\site-packages\earthaccess\store.py", line 987, in _open_urls_https
    return _open_files(
           ^^^^^^^^^^^^
  File "D:\EcoTrack\.venv\Lib\site-packages\earthaccess\store.py", line 150, in _open_files
    return pqdm(
           ^^^^^
  File "D:\EcoTrack\.venv\Lib\site-packages\pqdm\threads.py", line 22, in pqdm
    return _parallel_process(
           ^^^^^^^^^^^^^^^^^^
  File "D:\EcoTrack\.venv\Lib\site-packages\pqdm\_base.py", line 79, in _parallel_process
    raise e
  File "D:\EcoTrack\.venv\Lib\site-packages\pqdm\_base.py", line 76, in _parallel_process
    results.append(future.result())
                   ^^^^^^^^^^^^^^^
  File "C:\Users\JANHAVI TUPE\AppData\Local\Programs\Python\Python311\Lib\concurrent\futures\_base.py", line 449, in result
    return self.__get_result()
           ^^^^^^^^^^^^^^^^^^^
  File "C:\Users\JANHAVI TUPE\AppData\Local\Programs\Python\Python311\Lib\concurrent\futures\_base.py", line 401, in __get_result
    raise self._exception
  File "C:\Users\JANHAVI TUPE\AppData\Local\Programs\Python\Python311\Lib\concurrent\futures\thread.py", line 58, in run
    result = self.fn(*self.args, **self.kwargs)
             ^^^^^^^^^^^^^^^^^^^^^^^^^^^^^^^^^^
  File "D:\EcoTrack\.venv\Lib\site-packages\earthaccess\store.py", line 137, in multi_thread_open
    f_size = fs.info(url)["size"]
             ^^^^^^^^^^^^
  File "D:\EcoTrack\.venv\Lib\site-packages\fsspec\asyn.py", line 217, in wrapper
    return sync(self.loop, func, *args, **kwargs)
           ^^^^^^^^^^^^^^^^^^^^^^^^^^^^^^^^^^^^^^
  File "D:\EcoTrack\.venv\Lib\site-packages\fsspec\asyn.py", line 106, in sync
    raise return_result
  File "D:\EcoTrack\.venv\Lib\site-packages\fsspec\asyn.py", line 59, in _runner
    result[0] = await coro
                ^^^^^^^^^^
  File "D:\EcoTrack\.venv\Lib\site-packages\fsspec\implementations\http.py", line 460, in _info
    raise FileNotFoundError(url) from exc
FileNotFoundError: https://data.gesdisc.earthdata.nasa.gov/data/OCO2_DATA/OCO2_L2_Lite_FP.11.2r/2023/oco2_LtCO2_230529_B11210Ar_240919164106s.nc4
  [943/1148] 2023-05-29 FAILED (FileNotFoundError: https://data.gesdisc.earthdata.nasa.gov/data/OCO2_DATA/OCO2_L2_Lite_FP.11.2r/2023/oco2_LtCO2_230529_B11210Ar_240919164106s.nc4) — will retry next run
An exception occurred while trying to access remote files via HTTPS
Traceback (most recent call last):
  File "D:\EcoTrack\.venv\Lib\site-packages\aiohttp\connector.py", line 1571, in _create_direct_connection
    hosts = await self._resolve_host(host, port, traces=traces)
            ^^^^^^^^^^^^^^^^^^^^^^^^^^^^^^^^^^^^^^^^^^^^^^^^^^^
  File "D:\EcoTrack\.venv\Lib\site-packages\aiohttp\connector.py", line 1181, in _resolve_host
    return await asyncio.shield(resolved_host_task)
           ^^^^^^^^^^^^^^^^^^^^^^^^^^^^^^^^^^^^^^^^
  File "D:\EcoTrack\.venv\Lib\site-packages\aiohttp\connector.py", line 1212, in _resolve_host_with_throttle
    addrs = await self._resolver.resolve(host, port, family=self._family)
            ^^^^^^^^^^^^^^^^^^^^^^^^^^^^^^^^^^^^^^^^^^^^^^^^^^^^^^^^^^^^^
  File "D:\EcoTrack\.venv\Lib\site-packages\aiohttp\resolver.py", line 47, in resolve
    infos = await self._loop.getaddrinfo(
            ^^^^^^^^^^^^^^^^^^^^^^^^^^^^^
  File "C:\Users\JANHAVI TUPE\AppData\Local\Programs\Python\Python311\Lib\asyncio\base_events.py", line 868, in getaddrinfo
    return await self.run_in_executor(
           ^^^^^^^^^^^^^^^^^^^^^^^^^^^
  File "C:\Users\JANHAVI TUPE\AppData\Local\Programs\Python\Python311\Lib\concurrent\futures\thread.py", line 58, in run
    result = self.fn(*self.args, **self.kwargs)
             ^^^^^^^^^^^^^^^^^^^^^^^^^^^^^^^^^^
  File "C:\Users\JANHAVI TUPE\AppData\Local\Programs\Python\Python311\Lib\socket.py", line 962, in getaddrinfo
    for res in _socket.getaddrinfo(host, port, family, type, proto, flags):
               ^^^^^^^^^^^^^^^^^^^^^^^^^^^^^^^^^^^^^^^^^^^^^^^^^^^^^^^^^^^
socket.gaierror: [Errno 11001] getaddrinfo failed

The above exception was the direct cause of the following exception:

Traceback (most recent call last):
  File "D:\EcoTrack\.venv\Lib\site-packages\fsspec\implementations\http.py", line 447, in _info
    await _file_info(
  File "D:\EcoTrack\.venv\Lib\site-packages\fsspec\implementations\http.py", line 861, in _file_info
    r = await session.get(url, allow_redirects=ar, **kwargs)
        ^^^^^^^^^^^^^^^^^^^^^^^^^^^^^^^^^^^^^^^^^^^^^^^^^^^^
  File "D:\EcoTrack\.venv\Lib\site-packages\aiohttp\client.py", line 858, in _request
    resp = await handler(req)
           ^^^^^^^^^^^^^^^^^^
  File "D:\EcoTrack\.venv\Lib\site-packages\aiohttp\client.py", line 812, in _connect_and_send_request
    conn = await self._connector.connect(
           ^^^^^^^^^^^^^^^^^^^^^^^^^^^^^^
  File "D:\EcoTrack\.venv\Lib\site-packages\aiohttp\connector.py", line 657, in connect
    proto = await self._create_connection(req, traces, timeout)
            ^^^^^^^^^^^^^^^^^^^^^^^^^^^^^^^^^^^^^^^^^^^^^^^^^^^
  File "D:\EcoTrack\.venv\Lib\site-packages\aiohttp\connector.py", line 1242, in _create_connection
    _, proto = await self._create_direct_connection(req, traces, timeout)
               ^^^^^^^^^^^^^^^^^^^^^^^^^^^^^^^^^^^^^^^^^^^^^^^^^^^^^^^^^^
  File "D:\EcoTrack\.venv\Lib\site-packages\aiohttp\connector.py", line 1577, in _create_direct_connection
    raise ClientConnectorDNSError(req.connection_key, exc) from exc
aiohttp.client_exceptions.ClientConnectorDNSError: Cannot connect to host data.gesdisc.earthdata.nasa.gov:443 ssl:default [getaddrinfo failed]

The above exception was the direct cause of the following exception:

Traceback (most recent call last):
  File "D:\EcoTrack\.venv\Lib\site-packages\earthaccess\store.py", line 987, in _open_urls_https
    return _open_files(
           ^^^^^^^^^^^^
  File "D:\EcoTrack\.venv\Lib\site-packages\earthaccess\store.py", line 150, in _open_files
    return pqdm(
           ^^^^^
  File "D:\EcoTrack\.venv\Lib\site-packages\pqdm\threads.py", line 22, in pqdm
    return _parallel_process(
           ^^^^^^^^^^^^^^^^^^
  File "D:\EcoTrack\.venv\Lib\site-packages\pqdm\_base.py", line 79, in _parallel_process
    raise e
  File "D:\EcoTrack\.venv\Lib\site-packages\pqdm\_base.py", line 76, in _parallel_process
    results.append(future.result())
                   ^^^^^^^^^^^^^^^
  File "C:\Users\JANHAVI TUPE\AppData\Local\Programs\Python\Python311\Lib\concurrent\futures\_base.py", line 449, in result
    return self.__get_result()
           ^^^^^^^^^^^^^^^^^^^
  File "C:\Users\JANHAVI TUPE\AppData\Local\Programs\Python\Python311\Lib\concurrent\futures\_base.py", line 401, in __get_result
    raise self._exception
  File "C:\Users\JANHAVI TUPE\AppData\Local\Programs\Python\Python311\Lib\concurrent\futures\thread.py", line 58, in run
    result = self.fn(*self.args, **self.kwargs)
             ^^^^^^^^^^^^^^^^^^^^^^^^^^^^^^^^^^
  File "D:\EcoTrack\.venv\Lib\site-packages\earthaccess\store.py", line 137, in multi_thread_open
    f_size = fs.info(url)["size"]
             ^^^^^^^^^^^^
  File "D:\EcoTrack\.venv\Lib\site-packages\fsspec\asyn.py", line 217, in wrapper
    return sync(self.loop, func, *args, **kwargs)
           ^^^^^^^^^^^^^^^^^^^^^^^^^^^^^^^^^^^^^^
  File "D:\EcoTrack\.venv\Lib\site-packages\fsspec\asyn.py", line 106, in sync
    raise return_result
  File "D:\EcoTrack\.venv\Lib\site-packages\fsspec\asyn.py", line 59, in _runner
    result[0] = await coro
                ^^^^^^^^^^
  File "D:\EcoTrack\.venv\Lib\site-packages\fsspec\implementations\http.py", line 460, in _info
    raise FileNotFoundError(url) from exc
FileNotFoundError: https://data.gesdisc.earthdata.nasa.gov/data/OCO2_DATA/OCO2_L2_Lite_FP.11.2r/2023/oco2_LtCO2_230530_B11210Ar_240919164221s.nc4
  [944/1148] 2023-05-30 FAILED (FileNotFoundError: https://data.gesdisc.earthdata.nasa.gov/data/OCO2_DATA/OCO2_L2_Lite_FP.11.2r/2023/oco2_LtCO2_230530_B11210Ar_240919164221s.nc4) — will retry next run
An exception occurred while trying to access remote files via HTTPS
Traceback (most recent call last):
  File "D:\EcoTrack\.venv\Lib\site-packages\aiohttp\connector.py", line 1571, in _create_direct_connection
    hosts = await self._resolve_host(host, port, traces=traces)
            ^^^^^^^^^^^^^^^^^^^^^^^^^^^^^^^^^^^^^^^^^^^^^^^^^^^
  File "D:\EcoTrack\.venv\Lib\site-packages\aiohttp\connector.py", line 1181, in _resolve_host
    return await asyncio.shield(resolved_host_task)
           ^^^^^^^^^^^^^^^^^^^^^^^^^^^^^^^^^^^^^^^^
  File "D:\EcoTrack\.venv\Lib\site-packages\aiohttp\connector.py", line 1212, in _resolve_host_with_throttle
    addrs = await self._resolver.resolve(host, port, family=self._family)
            ^^^^^^^^^^^^^^^^^^^^^^^^^^^^^^^^^^^^^^^^^^^^^^^^^^^^^^^^^^^^^
  File "D:\EcoTrack\.venv\Lib\site-packages\aiohttp\resolver.py", line 47, in resolve
    infos = await self._loop.getaddrinfo(
            ^^^^^^^^^^^^^^^^^^^^^^^^^^^^^
  File "C:\Users\JANHAVI TUPE\AppData\Local\Programs\Python\Python311\Lib\asyncio\base_events.py", line 868, in getaddrinfo
    return await self.run_in_executor(
           ^^^^^^^^^^^^^^^^^^^^^^^^^^^
  File "C:\Users\JANHAVI TUPE\AppData\Local\Programs\Python\Python311\Lib\concurrent\futures\thread.py", line 58, in run
    result = self.fn(*self.args, **self.kwargs)
             ^^^^^^^^^^^^^^^^^^^^^^^^^^^^^^^^^^
  File "C:\Users\JANHAVI TUPE\AppData\Local\Programs\Python\Python311\Lib\socket.py", line 962, in getaddrinfo
    for res in _socket.getaddrinfo(host, port, family, type, proto, flags):
               ^^^^^^^^^^^^^^^^^^^^^^^^^^^^^^^^^^^^^^^^^^^^^^^^^^^^^^^^^^^
socket.gaierror: [Errno 11001] getaddrinfo failed

The above exception was the direct cause of the following exception:

Traceback (most recent call last):
  File "D:\EcoTrack\.venv\Lib\site-packages\fsspec\implementations\http.py", line 447, in _info
    await _file_info(
  File "D:\EcoTrack\.venv\Lib\site-packages\fsspec\implementations\http.py", line 861, in _file_info
    r = await session.get(url, allow_redirects=ar, **kwargs)
        ^^^^^^^^^^^^^^^^^^^^^^^^^^^^^^^^^^^^^^^^^^^^^^^^^^^^
  File "D:\EcoTrack\.venv\Lib\site-packages\aiohttp\client.py", line 858, in _request
    resp = await handler(req)
           ^^^^^^^^^^^^^^^^^^
  File "D:\EcoTrack\.venv\Lib\site-packages\aiohttp\client.py", line 812, in _connect_and_send_request
    conn = await self._connector.connect(
           ^^^^^^^^^^^^^^^^^^^^^^^^^^^^^^
  File "D:\EcoTrack\.venv\Lib\site-packages\aiohttp\connector.py", line 657, in connect
    proto = await self._create_connection(req, traces, timeout)
            ^^^^^^^^^^^^^^^^^^^^^^^^^^^^^^^^^^^^^^^^^^^^^^^^^^^
  File "D:\EcoTrack\.venv\Lib\site-packages\aiohttp\connector.py", line 1242, in _create_connection
    _, proto = await self._create_direct_connection(req, traces, timeout)
               ^^^^^^^^^^^^^^^^^^^^^^^^^^^^^^^^^^^^^^^^^^^^^^^^^^^^^^^^^^
  File "D:\EcoTrack\.venv\Lib\site-packages\aiohttp\connector.py", line 1577, in _create_direct_connection
    raise ClientConnectorDNSError(req.connection_key, exc) from exc
aiohttp.client_exceptions.ClientConnectorDNSError: Cannot connect to host data.gesdisc.earthdata.nasa.gov:443 ssl:default [getaddrinfo failed]

The above exception was the direct cause of the following exception:

Traceback (most recent call last):
  File "D:\EcoTrack\.venv\Lib\site-packages\earthaccess\store.py", line 987, in _open_urls_https
    return _open_files(
           ^^^^^^^^^^^^
  File "D:\EcoTrack\.venv\Lib\site-packages\earthaccess\store.py", line 150, in _open_files
    return pqdm(
           ^^^^^
  File "D:\EcoTrack\.venv\Lib\site-packages\pqdm\threads.py", line 22, in pqdm
    return _parallel_process(
           ^^^^^^^^^^^^^^^^^^
  File "D:\EcoTrack\.venv\Lib\site-packages\pqdm\_base.py", line 79, in _parallel_process
    raise e
  File "D:\EcoTrack\.venv\Lib\site-packages\pqdm\_base.py", line 76, in _parallel_process
    results.append(future.result())
                   ^^^^^^^^^^^^^^^
  File "C:\Users\JANHAVI TUPE\AppData\Local\Programs\Python\Python311\Lib\concurrent\futures\_base.py", line 449, in result
    return self.__get_result()
           ^^^^^^^^^^^^^^^^^^^
  File "C:\Users\JANHAVI TUPE\AppData\Local\Programs\Python\Python311\Lib\concurrent\futures\_base.py", line 401, in __get_result
    raise self._exception
  File "C:\Users\JANHAVI TUPE\AppData\Local\Programs\Python\Python311\Lib\concurrent\futures\thread.py", line 58, in run
    result = self.fn(*self.args, **self.kwargs)
             ^^^^^^^^^^^^^^^^^^^^^^^^^^^^^^^^^^
  File "D:\EcoTrack\.venv\Lib\site-packages\earthaccess\store.py", line 137, in multi_thread_open
    f_size = fs.info(url)["size"]
             ^^^^^^^^^^^^
  File "D:\EcoTrack\.venv\Lib\site-packages\fsspec\asyn.py", line 217, in wrapper
    return sync(self.loop, func, *args, **kwargs)
           ^^^^^^^^^^^^^^^^^^^^^^^^^^^^^^^^^^^^^^
  File "D:\EcoTrack\.venv\Lib\site-packages\fsspec\asyn.py", line 106, in sync
    raise return_result
  File "D:\EcoTrack\.venv\Lib\site-packages\fsspec\asyn.py", line 59, in _runner
    result[0] = await coro
                ^^^^^^^^^^
  File "D:\EcoTrack\.venv\Lib\site-packages\fsspec\implementations\http.py", line 460, in _info
    raise FileNotFoundError(url) from exc
FileNotFoundError: https://data.gesdisc.earthdata.nasa.gov/data/OCO2_DATA/OCO2_L2_Lite_FP.11.2r/2023/oco2_LtCO2_230531_B11210Ar_240919164300s.nc4
  [945/1148] 2023-05-31 FAILED (FileNotFoundError: https://data.gesdisc.earthdata.nasa.gov/data/OCO2_DATA/OCO2_L2_Lite_FP.11.2r/2023/oco2_LtCO2_230531_B11210Ar_240919164300s.nc4) — will retry next run
An exception occurred while trying to access remote files via HTTPS
Traceback (most recent call last):
  File "D:\EcoTrack\.venv\Lib\site-packages\aiohttp\connector.py", line 1571, in _create_direct_connection
    hosts = await self._resolve_host(host, port, traces=traces)
            ^^^^^^^^^^^^^^^^^^^^^^^^^^^^^^^^^^^^^^^^^^^^^^^^^^^
  File "D:\EcoTrack\.venv\Lib\site-packages\aiohttp\connector.py", line 1181, in _resolve_host
    return await asyncio.shield(resolved_host_task)
           ^^^^^^^^^^^^^^^^^^^^^^^^^^^^^^^^^^^^^^^^
  File "D:\EcoTrack\.venv\Lib\site-packages\aiohttp\connector.py", line 1212, in _resolve_host_with_throttle
    addrs = await self._resolver.resolve(host, port, family=self._family)
            ^^^^^^^^^^^^^^^^^^^^^^^^^^^^^^^^^^^^^^^^^^^^^^^^^^^^^^^^^^^^^
  File "D:\EcoTrack\.venv\Lib\site-packages\aiohttp\resolver.py", line 47, in resolve
    infos = await self._loop.getaddrinfo(
            ^^^^^^^^^^^^^^^^^^^^^^^^^^^^^
  File "C:\Users\JANHAVI TUPE\AppData\Local\Programs\Python\Python311\Lib\asyncio\base_events.py", line 868, in getaddrinfo
    return await self.run_in_executor(
           ^^^^^^^^^^^^^^^^^^^^^^^^^^^
  File "C:\Users\JANHAVI TUPE\AppData\Local\Programs\Python\Python311\Lib\concurrent\futures\thread.py", line 58, in run
    result = self.fn(*self.args, **self.kwargs)
             ^^^^^^^^^^^^^^^^^^^^^^^^^^^^^^^^^^
  File "C:\Users\JANHAVI TUPE\AppData\Local\Programs\Python\Python311\Lib\socket.py", line 962, in getaddrinfo
    for res in _socket.getaddrinfo(host, port, family, type, proto, flags):
               ^^^^^^^^^^^^^^^^^^^^^^^^^^^^^^^^^^^^^^^^^^^^^^^^^^^^^^^^^^^
socket.gaierror: [Errno 11001] getaddrinfo failed

The above exception was the direct cause of the following exception:

Traceback (most recent call last):
  File "D:\EcoTrack\.venv\Lib\site-packages\fsspec\implementations\http.py", line 447, in _info
    await _file_info(
  File "D:\EcoTrack\.venv\Lib\site-packages\fsspec\implementations\http.py", line 861, in _file_info
    r = await session.get(url, allow_redirects=ar, **kwargs)
        ^^^^^^^^^^^^^^^^^^^^^^^^^^^^^^^^^^^^^^^^^^^^^^^^^^^^
  File "D:\EcoTrack\.venv\Lib\site-packages\aiohttp\client.py", line 858, in _request
    resp = await handler(req)
           ^^^^^^^^^^^^^^^^^^
  File "D:\EcoTrack\.venv\Lib\site-packages\aiohttp\client.py", line 812, in _connect_and_send_request
    conn = await self._connector.connect(
           ^^^^^^^^^^^^^^^^^^^^^^^^^^^^^^
  File "D:\EcoTrack\.venv\Lib\site-packages\aiohttp\connector.py", line 657, in connect
    proto = await self._create_connection(req, traces, timeout)
            ^^^^^^^^^^^^^^^^^^^^^^^^^^^^^^^^^^^^^^^^^^^^^^^^^^^
  File "D:\EcoTrack\.venv\Lib\site-packages\aiohttp\connector.py", line 1242, in _create_connection
    _, proto = await self._create_direct_connection(req, traces, timeout)
               ^^^^^^^^^^^^^^^^^^^^^^^^^^^^^^^^^^^^^^^^^^^^^^^^^^^^^^^^^^
  File "D:\EcoTrack\.venv\Lib\site-packages\aiohttp\connector.py", line 1577, in _create_direct_connection
    raise ClientConnectorDNSError(req.connection_key, exc) from exc
aiohttp.client_exceptions.ClientConnectorDNSError: Cannot connect to host data.gesdisc.earthdata.nasa.gov:443 ssl:default [getaddrinfo failed]

The above exception was the direct cause of the following exception:

Traceback (most recent call last):
  File "D:\EcoTrack\.venv\Lib\site-packages\earthaccess\store.py", line 987, in _open_urls_https
    return _open_files(
           ^^^^^^^^^^^^
  File "D:\EcoTrack\.venv\Lib\site-packages\earthaccess\store.py", line 150, in _open_files
    return pqdm(
           ^^^^^
  File "D:\EcoTrack\.venv\Lib\site-packages\pqdm\threads.py", line 22, in pqdm
    return _parallel_process(
           ^^^^^^^^^^^^^^^^^^
  File "D:\EcoTrack\.venv\Lib\site-packages\pqdm\_base.py", line 79, in _parallel_process
    raise e
  File "D:\EcoTrack\.venv\Lib\site-packages\pqdm\_base.py", line 76, in _parallel_process
    results.append(future.result())
                   ^^^^^^^^^^^^^^^
  File "C:\Users\JANHAVI TUPE\AppData\Local\Programs\Python\Python311\Lib\concurrent\futures\_base.py", line 449, in result
    return self.__get_result()
           ^^^^^^^^^^^^^^^^^^^
  File "C:\Users\JANHAVI TUPE\AppData\Local\Programs\Python\Python311\Lib\concurrent\futures\_base.py", line 401, in __get_result
    raise self._exception
  File "C:\Users\JANHAVI TUPE\AppData\Local\Programs\Python\Python311\Lib\concurrent\futures\thread.py", line 58, in run
    result = self.fn(*self.args, **self.kwargs)
             ^^^^^^^^^^^^^^^^^^^^^^^^^^^^^^^^^^
  File "D:\EcoTrack\.venv\Lib\site-packages\earthaccess\store.py", line 137, in multi_thread_open
    f_size = fs.info(url)["size"]
             ^^^^^^^^^^^^
  File "D:\EcoTrack\.venv\Lib\site-packages\fsspec\asyn.py", line 217, in wrapper
    return sync(self.loop, func, *args, **kwargs)
           ^^^^^^^^^^^^^^^^^^^^^^^^^^^^^^^^^^^^^^
  File "D:\EcoTrack\.venv\Lib\site-packages\fsspec\asyn.py", line 106, in sync
    raise return_result
  File "D:\EcoTrack\.venv\Lib\site-packages\fsspec\asyn.py", line 59, in _runner
    result[0] = await coro
                ^^^^^^^^^^
  File "D:\EcoTrack\.venv\Lib\site-packages\fsspec\implementations\http.py", line 460, in _info
    raise FileNotFoundError(url) from exc
FileNotFoundError: https://data.gesdisc.earthdata.nasa.gov/data/OCO2_DATA/OCO2_L2_Lite_FP.11.2r/2023/oco2_LtCO2_231001_B11210Ar_240919173402s.nc4
  [946/1148] 2023-10-01 FAILED (FileNotFoundError: https://data.gesdisc.earthdata.nasa.gov/data/OCO2_DATA/OCO2_L2_Lite_FP.11.2r/2023/oco2_LtCO2_231001_B11210Ar_240919173402s.nc4) — will retry next run
An exception occurred while trying to access remote files via HTTPS
Traceback (most recent call last):
  File "D:\EcoTrack\.venv\Lib\site-packages\aiohttp\connector.py", line 1571, in _create_direct_connection
    hosts = await self._resolve_host(host, port, traces=traces)
            ^^^^^^^^^^^^^^^^^^^^^^^^^^^^^^^^^^^^^^^^^^^^^^^^^^^
  File "D:\EcoTrack\.venv\Lib\site-packages\aiohttp\connector.py", line 1181, in _resolve_host
    return await asyncio.shield(resolved_host_task)
           ^^^^^^^^^^^^^^^^^^^^^^^^^^^^^^^^^^^^^^^^
  File "D:\EcoTrack\.venv\Lib\site-packages\aiohttp\connector.py", line 1212, in _resolve_host_with_throttle
    addrs = await self._resolver.resolve(host, port, family=self._family)
            ^^^^^^^^^^^^^^^^^^^^^^^^^^^^^^^^^^^^^^^^^^^^^^^^^^^^^^^^^^^^^
  File "D:\EcoTrack\.venv\Lib\site-packages\aiohttp\resolver.py", line 47, in resolve
    infos = await self._loop.getaddrinfo(
            ^^^^^^^^^^^^^^^^^^^^^^^^^^^^^
  File "C:\Users\JANHAVI TUPE\AppData\Local\Programs\Python\Python311\Lib\asyncio\base_events.py", line 868, in getaddrinfo
    return await self.run_in_executor(
           ^^^^^^^^^^^^^^^^^^^^^^^^^^^
  File "C:\Users\JANHAVI TUPE\AppData\Local\Programs\Python\Python311\Lib\concurrent\futures\thread.py", line 58, in run
    result = self.fn(*self.args, **self.kwargs)
             ^^^^^^^^^^^^^^^^^^^^^^^^^^^^^^^^^^
  File "C:\Users\JANHAVI TUPE\AppData\Local\Programs\Python\Python311\Lib\socket.py", line 962, in getaddrinfo
    for res in _socket.getaddrinfo(host, port, family, type, proto, flags):
               ^^^^^^^^^^^^^^^^^^^^^^^^^^^^^^^^^^^^^^^^^^^^^^^^^^^^^^^^^^^
socket.gaierror: [Errno 11001] getaddrinfo failed

The above exception was the direct cause of the following exception:

Traceback (most recent call last):
  File "D:\EcoTrack\.venv\Lib\site-packages\fsspec\implementations\http.py", line 447, in _info
    await _file_info(
  File "D:\EcoTrack\.venv\Lib\site-packages\fsspec\implementations\http.py", line 861, in _file_info
    r = await session.get(url, allow_redirects=ar, **kwargs)
        ^^^^^^^^^^^^^^^^^^^^^^^^^^^^^^^^^^^^^^^^^^^^^^^^^^^^
  File "D:\EcoTrack\.venv\Lib\site-packages\aiohttp\client.py", line 858, in _request
    resp = await handler(req)
           ^^^^^^^^^^^^^^^^^^
  File "D:\EcoTrack\.venv\Lib\site-packages\aiohttp\client.py", line 812, in _connect_and_send_request
    conn = await self._connector.connect(
           ^^^^^^^^^^^^^^^^^^^^^^^^^^^^^^
  File "D:\EcoTrack\.venv\Lib\site-packages\aiohttp\connector.py", line 657, in connect
    proto = await self._create_connection(req, traces, timeout)
            ^^^^^^^^^^^^^^^^^^^^^^^^^^^^^^^^^^^^^^^^^^^^^^^^^^^
  File "D:\EcoTrack\.venv\Lib\site-packages\aiohttp\connector.py", line 1242, in _create_connection
    _, proto = await self._create_direct_connection(req, traces, timeout)
               ^^^^^^^^^^^^^^^^^^^^^^^^^^^^^^^^^^^^^^^^^^^^^^^^^^^^^^^^^^
  File "D:\EcoTrack\.venv\Lib\site-packages\aiohttp\connector.py", line 1577, in _create_direct_connection
    raise ClientConnectorDNSError(req.connection_key, exc) from exc
aiohttp.client_exceptions.ClientConnectorDNSError: Cannot connect to host data.gesdisc.earthdata.nasa.gov:443 ssl:default [getaddrinfo failed]

The above exception was the direct cause of the following exception:

Traceback (most recent call last):
  File "D:\EcoTrack\.venv\Lib\site-packages\earthaccess\store.py", line 987, in _open_urls_https
    return _open_files(
           ^^^^^^^^^^^^
  File "D:\EcoTrack\.venv\Lib\site-packages\earthaccess\store.py", line 150, in _open_files
    return pqdm(
           ^^^^^
  File "D:\EcoTrack\.venv\Lib\site-packages\pqdm\threads.py", line 22, in pqdm
    return _parallel_process(
           ^^^^^^^^^^^^^^^^^^
  File "D:\EcoTrack\.venv\Lib\site-packages\pqdm\_base.py", line 79, in _parallel_process
    raise e
  File "D:\EcoTrack\.venv\Lib\site-packages\pqdm\_base.py", line 76, in _parallel_process
    results.append(future.result())
                   ^^^^^^^^^^^^^^^
  File "C:\Users\JANHAVI TUPE\AppData\Local\Programs\Python\Python311\Lib\concurrent\futures\_base.py", line 449, in result
    return self.__get_result()
           ^^^^^^^^^^^^^^^^^^^
  File "C:\Users\JANHAVI TUPE\AppData\Local\Programs\Python\Python311\Lib\concurrent\futures\_base.py", line 401, in __get_result
    raise self._exception
  File "C:\Users\JANHAVI TUPE\AppData\Local\Programs\Python\Python311\Lib\concurrent\futures\thread.py", line 58, in run
    result = self.fn(*self.args, **self.kwargs)
             ^^^^^^^^^^^^^^^^^^^^^^^^^^^^^^^^^^
  File "D:\EcoTrack\.venv\Lib\site-packages\earthaccess\store.py", line 137, in multi_thread_open
    f_size = fs.info(url)["size"]
             ^^^^^^^^^^^^
  File "D:\EcoTrack\.venv\Lib\site-packages\fsspec\asyn.py", line 217, in wrapper
    return sync(self.loop, func, *args, **kwargs)
           ^^^^^^^^^^^^^^^^^^^^^^^^^^^^^^^^^^^^^^
  File "D:\EcoTrack\.venv\Lib\site-packages\fsspec\asyn.py", line 106, in sync
    raise return_result
  File "D:\EcoTrack\.venv\Lib\site-packages\fsspec\asyn.py", line 59, in _runner
    result[0] = await coro
                ^^^^^^^^^^
  File "D:\EcoTrack\.venv\Lib\site-packages\fsspec\implementations\http.py", line 460, in _info
    raise FileNotFoundError(url) from exc
FileNotFoundError: https://data.gesdisc.earthdata.nasa.gov/data/OCO2_DATA/OCO2_L2_Lite_FP.11.2r/2023/oco2_LtCO2_231002_B11210Ar_240919175704s.nc4
  [947/1148] 2023-10-02 FAILED (FileNotFoundError: https://data.gesdisc.earthdata.nasa.gov/data/OCO2_DATA/OCO2_L2_Lite_FP.11.2r/2023/oco2_LtCO2_231002_B11210Ar_240919175704s.nc4) — will retry next run
An exception occurred while trying to access remote files via HTTPS
Traceback (most recent call last):
  File "D:\EcoTrack\.venv\Lib\site-packages\aiohttp\connector.py", line 1571, in _create_direct_connection
    hosts = await self._resolve_host(host, port, traces=traces)
            ^^^^^^^^^^^^^^^^^^^^^^^^^^^^^^^^^^^^^^^^^^^^^^^^^^^
  File "D:\EcoTrack\.venv\Lib\site-packages\aiohttp\connector.py", line 1181, in _resolve_host
    return await asyncio.shield(resolved_host_task)
           ^^^^^^^^^^^^^^^^^^^^^^^^^^^^^^^^^^^^^^^^
  File "D:\EcoTrack\.venv\Lib\site-packages\aiohttp\connector.py", line 1212, in _resolve_host_with_throttle
    addrs = await self._resolver.resolve(host, port, family=self._family)
            ^^^^^^^^^^^^^^^^^^^^^^^^^^^^^^^^^^^^^^^^^^^^^^^^^^^^^^^^^^^^^
  File "D:\EcoTrack\.venv\Lib\site-packages\aiohttp\resolver.py", line 47, in resolve
    infos = await self._loop.getaddrinfo(
            ^^^^^^^^^^^^^^^^^^^^^^^^^^^^^
  File "C:\Users\JANHAVI TUPE\AppData\Local\Programs\Python\Python311\Lib\asyncio\base_events.py", line 868, in getaddrinfo
    return await self.run_in_executor(
           ^^^^^^^^^^^^^^^^^^^^^^^^^^^
  File "C:\Users\JANHAVI TUPE\AppData\Local\Programs\Python\Python311\Lib\concurrent\futures\thread.py", line 58, in run
    result = self.fn(*self.args, **self.kwargs)
             ^^^^^^^^^^^^^^^^^^^^^^^^^^^^^^^^^^
  File "C:\Users\JANHAVI TUPE\AppData\Local\Programs\Python\Python311\Lib\socket.py", line 962, in getaddrinfo
    for res in _socket.getaddrinfo(host, port, family, type, proto, flags):
               ^^^^^^^^^^^^^^^^^^^^^^^^^^^^^^^^^^^^^^^^^^^^^^^^^^^^^^^^^^^
socket.gaierror: [Errno 11001] getaddrinfo failed

The above exception was the direct cause of the following exception:

Traceback (most recent call last):
  File "D:\EcoTrack\.venv\Lib\site-packages\fsspec\implementations\http.py", line 447, in _info
    await _file_info(
  File "D:\EcoTrack\.venv\Lib\site-packages\fsspec\implementations\http.py", line 861, in _file_info
    r = await session.get(url, allow_redirects=ar, **kwargs)
        ^^^^^^^^^^^^^^^^^^^^^^^^^^^^^^^^^^^^^^^^^^^^^^^^^^^^
  File "D:\EcoTrack\.venv\Lib\site-packages\aiohttp\client.py", line 858, in _request
    resp = await handler(req)
           ^^^^^^^^^^^^^^^^^^
  File "D:\EcoTrack\.venv\Lib\site-packages\aiohttp\client.py", line 812, in _connect_and_send_request
    conn = await self._connector.connect(
           ^^^^^^^^^^^^^^^^^^^^^^^^^^^^^^
  File "D:\EcoTrack\.venv\Lib\site-packages\aiohttp\connector.py", line 657, in connect
    proto = await self._create_connection(req, traces, timeout)
            ^^^^^^^^^^^^^^^^^^^^^^^^^^^^^^^^^^^^^^^^^^^^^^^^^^^
  File "D:\EcoTrack\.venv\Lib\site-packages\aiohttp\connector.py", line 1242, in _create_connection
    _, proto = await self._create_direct_connection(req, traces, timeout)
               ^^^^^^^^^^^^^^^^^^^^^^^^^^^^^^^^^^^^^^^^^^^^^^^^^^^^^^^^^^
  File "D:\EcoTrack\.venv\Lib\site-packages\aiohttp\connector.py", line 1577, in _create_direct_connection
    raise ClientConnectorDNSError(req.connection_key, exc) from exc
aiohttp.client_exceptions.ClientConnectorDNSError: Cannot connect to host data.gesdisc.earthdata.nasa.gov:443 ssl:default [getaddrinfo failed]

The above exception was the direct cause of the following exception:

Traceback (most recent call last):
  File "D:\EcoTrack\.venv\Lib\site-packages\earthaccess\store.py", line 987, in _open_urls_https
    return _open_files(
           ^^^^^^^^^^^^
  File "D:\EcoTrack\.venv\Lib\site-packages\earthaccess\store.py", line 150, in _open_files
    return pqdm(
           ^^^^^
  File "D:\EcoTrack\.venv\Lib\site-packages\pqdm\threads.py", line 22, in pqdm
    return _parallel_process(
           ^^^^^^^^^^^^^^^^^^
  File "D:\EcoTrack\.venv\Lib\site-packages\pqdm\_base.py", line 79, in _parallel_process
    raise e
  File "D:\EcoTrack\.venv\Lib\site-packages\pqdm\_base.py", line 76, in _parallel_process
    results.append(future.result())
                   ^^^^^^^^^^^^^^^
  File "C:\Users\JANHAVI TUPE\AppData\Local\Programs\Python\Python311\Lib\concurrent\futures\_base.py", line 449, in result
    return self.__get_result()
           ^^^^^^^^^^^^^^^^^^^
  File "C:\Users\JANHAVI TUPE\AppData\Local\Programs\Python\Python311\Lib\concurrent\futures\_base.py", line 401, in __get_result
    raise self._exception
  File "C:\Users\JANHAVI TUPE\AppData\Local\Programs\Python\Python311\Lib\concurrent\futures\thread.py", line 58, in run
    result = self.fn(*self.args, **self.kwargs)
             ^^^^^^^^^^^^^^^^^^^^^^^^^^^^^^^^^^
  File "D:\EcoTrack\.venv\Lib\site-packages\earthaccess\store.py", line 137, in multi_thread_open
    f_size = fs.info(url)["size"]
             ^^^^^^^^^^^^
  File "D:\EcoTrack\.venv\Lib\site-packages\fsspec\asyn.py", line 217, in wrapper
    return sync(self.loop, func, *args, **kwargs)
           ^^^^^^^^^^^^^^^^^^^^^^^^^^^^^^^^^^^^^^
  File "D:\EcoTrack\.venv\Lib\site-packages\fsspec\asyn.py", line 106, in sync
    raise return_result
  File "D:\EcoTrack\.venv\Lib\site-packages\fsspec\asyn.py", line 59, in _runner
    result[0] = await coro
                ^^^^^^^^^^
  File "D:\EcoTrack\.venv\Lib\site-packages\fsspec\implementations\http.py", line 460, in _info
    raise FileNotFoundError(url) from exc
FileNotFoundError: https://data.gesdisc.earthdata.nasa.gov/data/OCO2_DATA/OCO2_L2_Lite_FP.11.2r/2023/oco2_LtCO2_231003_B11210Ar_240919175706s.nc4
  [948/1148] 2023-10-03 FAILED (FileNotFoundError: https://data.gesdisc.earthdata.nasa.gov/data/OCO2_DATA/OCO2_L2_Lite_FP.11.2r/2023/oco2_LtCO2_231003_B11210Ar_240919175706s.nc4) — will retry next run
An exception occurred while trying to access remote files via HTTPS
Traceback (most recent call last):
  File "D:\EcoTrack\.venv\Lib\site-packages\aiohttp\connector.py", line 1571, in _create_direct_connection
    hosts = await self._resolve_host(host, port, traces=traces)
            ^^^^^^^^^^^^^^^^^^^^^^^^^^^^^^^^^^^^^^^^^^^^^^^^^^^
  File "D:\EcoTrack\.venv\Lib\site-packages\aiohttp\connector.py", line 1181, in _resolve_host
    return await asyncio.shield(resolved_host_task)
           ^^^^^^^^^^^^^^^^^^^^^^^^^^^^^^^^^^^^^^^^
  File "D:\EcoTrack\.venv\Lib\site-packages\aiohttp\connector.py", line 1212, in _resolve_host_with_throttle
    addrs = await self._resolver.resolve(host, port, family=self._family)
            ^^^^^^^^^^^^^^^^^^^^^^^^^^^^^^^^^^^^^^^^^^^^^^^^^^^^^^^^^^^^^
  File "D:\EcoTrack\.venv\Lib\site-packages\aiohttp\resolver.py", line 47, in resolve
    infos = await self._loop.getaddrinfo(
            ^^^^^^^^^^^^^^^^^^^^^^^^^^^^^
  File "C:\Users\JANHAVI TUPE\AppData\Local\Programs\Python\Python311\Lib\asyncio\base_events.py", line 868, in getaddrinfo
    return await self.run_in_executor(
           ^^^^^^^^^^^^^^^^^^^^^^^^^^^
  File "C:\Users\JANHAVI TUPE\AppData\Local\Programs\Python\Python311\Lib\concurrent\futures\thread.py", line 58, in run
    result = self.fn(*self.args, **self.kwargs)
             ^^^^^^^^^^^^^^^^^^^^^^^^^^^^^^^^^^
  File "C:\Users\JANHAVI TUPE\AppData\Local\Programs\Python\Python311\Lib\socket.py", line 962, in getaddrinfo
    for res in _socket.getaddrinfo(host, port, family, type, proto, flags):
               ^^^^^^^^^^^^^^^^^^^^^^^^^^^^^^^^^^^^^^^^^^^^^^^^^^^^^^^^^^^
socket.gaierror: [Errno 11001] getaddrinfo failed

The above exception was the direct cause of the following exception:

Traceback (most recent call last):
  File "D:\EcoTrack\.venv\Lib\site-packages\fsspec\implementations\http.py", line 447, in _info
    await _file_info(
  File "D:\EcoTrack\.venv\Lib\site-packages\fsspec\implementations\http.py", line 861, in _file_info
    r = await session.get(url, allow_redirects=ar, **kwargs)
        ^^^^^^^^^^^^^^^^^^^^^^^^^^^^^^^^^^^^^^^^^^^^^^^^^^^^
  File "D:\EcoTrack\.venv\Lib\site-packages\aiohttp\client.py", line 858, in _request
    resp = await handler(req)
           ^^^^^^^^^^^^^^^^^^
  File "D:\EcoTrack\.venv\Lib\site-packages\aiohttp\client.py", line 812, in _connect_and_send_request
    conn = await self._connector.connect(
           ^^^^^^^^^^^^^^^^^^^^^^^^^^^^^^
  File "D:\EcoTrack\.venv\Lib\site-packages\aiohttp\connector.py", line 657, in connect
    proto = await self._create_connection(req, traces, timeout)
            ^^^^^^^^^^^^^^^^^^^^^^^^^^^^^^^^^^^^^^^^^^^^^^^^^^^
  File "D:\EcoTrack\.venv\Lib\site-packages\aiohttp\connector.py", line 1242, in _create_connection
    _, proto = await self._create_direct_connection(req, traces, timeout)
               ^^^^^^^^^^^^^^^^^^^^^^^^^^^^^^^^^^^^^^^^^^^^^^^^^^^^^^^^^^
  File "D:\EcoTrack\.venv\Lib\site-packages\aiohttp\connector.py", line 1577, in _create_direct_connection
    raise ClientConnectorDNSError(req.connection_key, exc) from exc
aiohttp.client_exceptions.ClientConnectorDNSError: Cannot connect to host data.gesdisc.earthdata.nasa.gov:443 ssl:default [getaddrinfo failed]

The above exception was the direct cause of the following exception:

Traceback (most recent call last):
  File "D:\EcoTrack\.venv\Lib\site-packages\earthaccess\store.py", line 987, in _open_urls_https
    return _open_files(
           ^^^^^^^^^^^^
  File "D:\EcoTrack\.venv\Lib\site-packages\earthaccess\store.py", line 150, in _open_files
    return pqdm(
           ^^^^^
  File "D:\EcoTrack\.venv\Lib\site-packages\pqdm\threads.py", line 22, in pqdm
    return _parallel_process(
           ^^^^^^^^^^^^^^^^^^
  File "D:\EcoTrack\.venv\Lib\site-packages\pqdm\_base.py", line 79, in _parallel_process
    raise e
  File "D:\EcoTrack\.venv\Lib\site-packages\pqdm\_base.py", line 76, in _parallel_process
    results.append(future.result())
                   ^^^^^^^^^^^^^^^
  File "C:\Users\JANHAVI TUPE\AppData\Local\Programs\Python\Python311\Lib\concurrent\futures\_base.py", line 449, in result
    return self.__get_result()
           ^^^^^^^^^^^^^^^^^^^
  File "C:\Users\JANHAVI TUPE\AppData\Local\Programs\Python\Python311\Lib\concurrent\futures\_base.py", line 401, in __get_result
    raise self._exception
  File "C:\Users\JANHAVI TUPE\AppData\Local\Programs\Python\Python311\Lib\concurrent\futures\thread.py", line 58, in run
    result = self.fn(*self.args, **self.kwargs)
             ^^^^^^^^^^^^^^^^^^^^^^^^^^^^^^^^^^
  File "D:\EcoTrack\.venv\Lib\site-packages\earthaccess\store.py", line 137, in multi_thread_open
    f_size = fs.info(url)["size"]
             ^^^^^^^^^^^^
  File "D:\EcoTrack\.venv\Lib\site-packages\fsspec\asyn.py", line 217, in wrapper
    return sync(self.loop, func, *args, **kwargs)
           ^^^^^^^^^^^^^^^^^^^^^^^^^^^^^^^^^^^^^^
  File "D:\EcoTrack\.venv\Lib\site-packages\fsspec\asyn.py", line 106, in sync
    raise return_result
  File "D:\EcoTrack\.venv\Lib\site-packages\fsspec\asyn.py", line 59, in _runner
    result[0] = await coro
                ^^^^^^^^^^
  File "D:\EcoTrack\.venv\Lib\site-packages\fsspec\implementations\http.py", line 460, in _info
    raise FileNotFoundError(url) from exc
FileNotFoundError: https://data.gesdisc.earthdata.nasa.gov/data/OCO2_DATA/OCO2_L2_Lite_FP.11.2r/2023/oco2_LtCO2_231004_B11210Ar_240919175832s.nc4
  [949/1148] 2023-10-04 FAILED (FileNotFoundError: https://data.gesdisc.earthdata.nasa.gov/data/OCO2_DATA/OCO2_L2_Lite_FP.11.2r/2023/oco2_LtCO2_231004_B11210Ar_240919175832s.nc4) — will retry next run
An exception occurred while trying to access remote files via HTTPS
Traceback (most recent call last):
  File "D:\EcoTrack\.venv\Lib\site-packages\aiohttp\connector.py", line 1571, in _create_direct_connection
    hosts = await self._resolve_host(host, port, traces=traces)
            ^^^^^^^^^^^^^^^^^^^^^^^^^^^^^^^^^^^^^^^^^^^^^^^^^^^
  File "D:\EcoTrack\.venv\Lib\site-packages\aiohttp\connector.py", line 1181, in _resolve_host
    return await asyncio.shield(resolved_host_task)
           ^^^^^^^^^^^^^^^^^^^^^^^^^^^^^^^^^^^^^^^^
  File "D:\EcoTrack\.venv\Lib\site-packages\aiohttp\connector.py", line 1212, in _resolve_host_with_throttle
    addrs = await self._resolver.resolve(host, port, family=self._family)
            ^^^^^^^^^^^^^^^^^^^^^^^^^^^^^^^^^^^^^^^^^^^^^^^^^^^^^^^^^^^^^
  File "D:\EcoTrack\.venv\Lib\site-packages\aiohttp\resolver.py", line 47, in resolve
    infos = await self._loop.getaddrinfo(
            ^^^^^^^^^^^^^^^^^^^^^^^^^^^^^
  File "C:\Users\JANHAVI TUPE\AppData\Local\Programs\Python\Python311\Lib\asyncio\base_events.py", line 868, in getaddrinfo
    return await self.run_in_executor(
           ^^^^^^^^^^^^^^^^^^^^^^^^^^^
  File "C:\Users\JANHAVI TUPE\AppData\Local\Programs\Python\Python311\Lib\concurrent\futures\thread.py", line 58, in run
    result = self.fn(*self.args, **self.kwargs)
             ^^^^^^^^^^^^^^^^^^^^^^^^^^^^^^^^^^
  File "C:\Users\JANHAVI TUPE\AppData\Local\Programs\Python\Python311\Lib\socket.py", line 962, in getaddrinfo
    for res in _socket.getaddrinfo(host, port, family, type, proto, flags):
               ^^^^^^^^^^^^^^^^^^^^^^^^^^^^^^^^^^^^^^^^^^^^^^^^^^^^^^^^^^^
socket.gaierror: [Errno 11001] getaddrinfo failed

The above exception was the direct cause of the following exception:

Traceback (most recent call last):
  File "D:\EcoTrack\.venv\Lib\site-packages\fsspec\implementations\http.py", line 447, in _info
    await _file_info(
  File "D:\EcoTrack\.venv\Lib\site-packages\fsspec\implementations\http.py", line 861, in _file_info
    r = await session.get(url, allow_redirects=ar, **kwargs)
        ^^^^^^^^^^^^^^^^^^^^^^^^^^^^^^^^^^^^^^^^^^^^^^^^^^^^
  File "D:\EcoTrack\.venv\Lib\site-packages\aiohttp\client.py", line 858, in _request
    resp = await handler(req)
           ^^^^^^^^^^^^^^^^^^
  File "D:\EcoTrack\.venv\Lib\site-packages\aiohttp\client.py", line 812, in _connect_and_send_request
    conn = await self._connector.connect(
           ^^^^^^^^^^^^^^^^^^^^^^^^^^^^^^
  File "D:\EcoTrack\.venv\Lib\site-packages\aiohttp\connector.py", line 657, in connect
    proto = await self._create_connection(req, traces, timeout)
            ^^^^^^^^^^^^^^^^^^^^^^^^^^^^^^^^^^^^^^^^^^^^^^^^^^^
  File "D:\EcoTrack\.venv\Lib\site-packages\aiohttp\connector.py", line 1242, in _create_connection
    _, proto = await self._create_direct_connection(req, traces, timeout)
               ^^^^^^^^^^^^^^^^^^^^^^^^^^^^^^^^^^^^^^^^^^^^^^^^^^^^^^^^^^
  File "D:\EcoTrack\.venv\Lib\site-packages\aiohttp\connector.py", line 1577, in _create_direct_connection
    raise ClientConnectorDNSError(req.connection_key, exc) from exc
aiohttp.client_exceptions.ClientConnectorDNSError: Cannot connect to host data.gesdisc.earthdata.nasa.gov:443 ssl:default [getaddrinfo failed]

The above exception was the direct cause of the following exception:

Traceback (most recent call last):
  File "D:\EcoTrack\.venv\Lib\site-packages\earthaccess\store.py", line 987, in _open_urls_https
    return _open_files(
           ^^^^^^^^^^^^
  File "D:\EcoTrack\.venv\Lib\site-packages\earthaccess\store.py", line 150, in _open_files
    return pqdm(
           ^^^^^
  File "D:\EcoTrack\.venv\Lib\site-packages\pqdm\threads.py", line 22, in pqdm
    return _parallel_process(
           ^^^^^^^^^^^^^^^^^^
  File "D:\EcoTrack\.venv\Lib\site-packages\pqdm\_base.py", line 79, in _parallel_process
    raise e
  File "D:\EcoTrack\.venv\Lib\site-packages\pqdm\_base.py", line 76, in _parallel_process
    results.append(future.result())
                   ^^^^^^^^^^^^^^^
  File "C:\Users\JANHAVI TUPE\AppData\Local\Programs\Python\Python311\Lib\concurrent\futures\_base.py", line 449, in result
    return self.__get_result()
           ^^^^^^^^^^^^^^^^^^^
  File "C:\Users\JANHAVI TUPE\AppData\Local\Programs\Python\Python311\Lib\concurrent\futures\_base.py", line 401, in __get_result
    raise self._exception
  File "C:\Users\JANHAVI TUPE\AppData\Local\Programs\Python\Python311\Lib\concurrent\futures\thread.py", line 58, in run
    result = self.fn(*self.args, **self.kwargs)
             ^^^^^^^^^^^^^^^^^^^^^^^^^^^^^^^^^^
  File "D:\EcoTrack\.venv\Lib\site-packages\earthaccess\store.py", line 137, in multi_thread_open
    f_size = fs.info(url)["size"]
             ^^^^^^^^^^^^
  File "D:\EcoTrack\.venv\Lib\site-packages\fsspec\asyn.py", line 217, in wrapper
    return sync(self.loop, func, *args, **kwargs)
           ^^^^^^^^^^^^^^^^^^^^^^^^^^^^^^^^^^^^^^
  File "D:\EcoTrack\.venv\Lib\site-packages\fsspec\asyn.py", line 106, in sync
    raise return_result
  File "D:\EcoTrack\.venv\Lib\site-packages\fsspec\asyn.py", line 59, in _runner
    result[0] = await coro
                ^^^^^^^^^^
  File "D:\EcoTrack\.venv\Lib\site-packages\fsspec\implementations\http.py", line 460, in _info
    raise FileNotFoundError(url) from exc
FileNotFoundError: https://data.gesdisc.earthdata.nasa.gov/data/OCO2_DATA/OCO2_L2_Lite_FP.11.2r/2023/oco2_LtCO2_231005_B11210Ar_240919175833s.nc4
  [950/1148] 2023-10-05 FAILED (FileNotFoundError: https://data.gesdisc.earthdata.nasa.gov/data/OCO2_DATA/OCO2_L2_Lite_FP.11.2r/2023/oco2_LtCO2_231005_B11210Ar_240919175833s.nc4) — will retry next run
An exception occurred while trying to access remote files via HTTPS
Traceback (most recent call last):
  File "D:\EcoTrack\.venv\Lib\site-packages\aiohttp\connector.py", line 1571, in _create_direct_connection
    hosts = await self._resolve_host(host, port, traces=traces)
            ^^^^^^^^^^^^^^^^^^^^^^^^^^^^^^^^^^^^^^^^^^^^^^^^^^^
  File "D:\EcoTrack\.venv\Lib\site-packages\aiohttp\connector.py", line 1181, in _resolve_host
    return await asyncio.shield(resolved_host_task)
           ^^^^^^^^^^^^^^^^^^^^^^^^^^^^^^^^^^^^^^^^
  File "D:\EcoTrack\.venv\Lib\site-packages\aiohttp\connector.py", line 1212, in _resolve_host_with_throttle
    addrs = await self._resolver.resolve(host, port, family=self._family)
            ^^^^^^^^^^^^^^^^^^^^^^^^^^^^^^^^^^^^^^^^^^^^^^^^^^^^^^^^^^^^^
  File "D:\EcoTrack\.venv\Lib\site-packages\aiohttp\resolver.py", line 47, in resolve
    infos = await self._loop.getaddrinfo(
            ^^^^^^^^^^^^^^^^^^^^^^^^^^^^^
  File "C:\Users\JANHAVI TUPE\AppData\Local\Programs\Python\Python311\Lib\asyncio\base_events.py", line 868, in getaddrinfo
    return await self.run_in_executor(
           ^^^^^^^^^^^^^^^^^^^^^^^^^^^
  File "C:\Users\JANHAVI TUPE\AppData\Local\Programs\Python\Python311\Lib\concurrent\futures\thread.py", line 58, in run
    result = self.fn(*self.args, **self.kwargs)
             ^^^^^^^^^^^^^^^^^^^^^^^^^^^^^^^^^^
  File "C:\Users\JANHAVI TUPE\AppData\Local\Programs\Python\Python311\Lib\socket.py", line 962, in getaddrinfo
    for res in _socket.getaddrinfo(host, port, family, type, proto, flags):
               ^^^^^^^^^^^^^^^^^^^^^^^^^^^^^^^^^^^^^^^^^^^^^^^^^^^^^^^^^^^
socket.gaierror: [Errno 11001] getaddrinfo failed

The above exception was the direct cause of the following exception:

Traceback (most recent call last):
  File "D:\EcoTrack\.venv\Lib\site-packages\fsspec\implementations\http.py", line 447, in _info
    await _file_info(
  File "D:\EcoTrack\.venv\Lib\site-packages\fsspec\implementations\http.py", line 861, in _file_info
    r = await session.get(url, allow_redirects=ar, **kwargs)
        ^^^^^^^^^^^^^^^^^^^^^^^^^^^^^^^^^^^^^^^^^^^^^^^^^^^^
  File "D:\EcoTrack\.venv\Lib\site-packages\aiohttp\client.py", line 858, in _request
    resp = await handler(req)
           ^^^^^^^^^^^^^^^^^^
  File "D:\EcoTrack\.venv\Lib\site-packages\aiohttp\client.py", line 812, in _connect_and_send_request
    conn = await self._connector.connect(
           ^^^^^^^^^^^^^^^^^^^^^^^^^^^^^^
  File "D:\EcoTrack\.venv\Lib\site-packages\aiohttp\connector.py", line 657, in connect
    proto = await self._create_connection(req, traces, timeout)
            ^^^^^^^^^^^^^^^^^^^^^^^^^^^^^^^^^^^^^^^^^^^^^^^^^^^
  File "D:\EcoTrack\.venv\Lib\site-packages\aiohttp\connector.py", line 1242, in _create_connection
    _, proto = await self._create_direct_connection(req, traces, timeout)
               ^^^^^^^^^^^^^^^^^^^^^^^^^^^^^^^^^^^^^^^^^^^^^^^^^^^^^^^^^^
  File "D:\EcoTrack\.venv\Lib\site-packages\aiohttp\connector.py", line 1577, in _create_direct_connection
    raise ClientConnectorDNSError(req.connection_key, exc) from exc
aiohttp.client_exceptions.ClientConnectorDNSError: Cannot connect to host data.gesdisc.earthdata.nasa.gov:443 ssl:default [getaddrinfo failed]

The above exception was the direct cause of the following exception:

Traceback (most recent call last):
  File "D:\EcoTrack\.venv\Lib\site-packages\earthaccess\store.py", line 987, in _open_urls_https
    return _open_files(
           ^^^^^^^^^^^^
  File "D:\EcoTrack\.venv\Lib\site-packages\earthaccess\store.py", line 150, in _open_files
    return pqdm(
           ^^^^^
  File "D:\EcoTrack\.venv\Lib\site-packages\pqdm\threads.py", line 22, in pqdm
    return _parallel_process(
           ^^^^^^^^^^^^^^^^^^
  File "D:\EcoTrack\.venv\Lib\site-packages\pqdm\_base.py", line 79, in _parallel_process
    raise e
  File "D:\EcoTrack\.venv\Lib\site-packages\pqdm\_base.py", line 76, in _parallel_process
    results.append(future.result())
                   ^^^^^^^^^^^^^^^
  File "C:\Users\JANHAVI TUPE\AppData\Local\Programs\Python\Python311\Lib\concurrent\futures\_base.py", line 449, in result
    return self.__get_result()
           ^^^^^^^^^^^^^^^^^^^
  File "C:\Users\JANHAVI TUPE\AppData\Local\Programs\Python\Python311\Lib\concurrent\futures\_base.py", line 401, in __get_result
    raise self._exception
  File "C:\Users\JANHAVI TUPE\AppData\Local\Programs\Python\Python311\Lib\concurrent\futures\thread.py", line 58, in run
    result = self.fn(*self.args, **self.kwargs)
             ^^^^^^^^^^^^^^^^^^^^^^^^^^^^^^^^^^
  File "D:\EcoTrack\.venv\Lib\site-packages\earthaccess\store.py", line 137, in multi_thread_open
    f_size = fs.info(url)["size"]
             ^^^^^^^^^^^^
  File "D:\EcoTrack\.venv\Lib\site-packages\fsspec\asyn.py", line 217, in wrapper
    return sync(self.loop, func, *args, **kwargs)
           ^^^^^^^^^^^^^^^^^^^^^^^^^^^^^^^^^^^^^^
  File "D:\EcoTrack\.venv\Lib\site-packages\fsspec\asyn.py", line 106, in sync
    raise return_result
  File "D:\EcoTrack\.venv\Lib\site-packages\fsspec\asyn.py", line 59, in _runner
    result[0] = await coro
                ^^^^^^^^^^
  File "D:\EcoTrack\.venv\Lib\site-packages\fsspec\implementations\http.py", line 460, in _info
    raise FileNotFoundError(url) from exc
FileNotFoundError: https://data.gesdisc.earthdata.nasa.gov/data/OCO2_DATA/OCO2_L2_Lite_FP.11.2r/2023/oco2_LtCO2_231006_B11210Ar_240919175950s.nc4
  [951/1148] 2023-10-06 FAILED (FileNotFoundError: https://data.gesdisc.earthdata.nasa.gov/data/OCO2_DATA/OCO2_L2_Lite_FP.11.2r/2023/oco2_LtCO2_231006_B11210Ar_240919175950s.nc4) — will retry next run
An exception occurred while trying to access remote files via HTTPS
Traceback (most recent call last):
  File "D:\EcoTrack\.venv\Lib\site-packages\aiohttp\connector.py", line 1571, in _create_direct_connection
    hosts = await self._resolve_host(host, port, traces=traces)
            ^^^^^^^^^^^^^^^^^^^^^^^^^^^^^^^^^^^^^^^^^^^^^^^^^^^
  File "D:\EcoTrack\.venv\Lib\site-packages\aiohttp\connector.py", line 1181, in _resolve_host
    return await asyncio.shield(resolved_host_task)
           ^^^^^^^^^^^^^^^^^^^^^^^^^^^^^^^^^^^^^^^^
  File "D:\EcoTrack\.venv\Lib\site-packages\aiohttp\connector.py", line 1212, in _resolve_host_with_throttle
    addrs = await self._resolver.resolve(host, port, family=self._family)
            ^^^^^^^^^^^^^^^^^^^^^^^^^^^^^^^^^^^^^^^^^^^^^^^^^^^^^^^^^^^^^
  File "D:\EcoTrack\.venv\Lib\site-packages\aiohttp\resolver.py", line 47, in resolve
    infos = await self._loop.getaddrinfo(
            ^^^^^^^^^^^^^^^^^^^^^^^^^^^^^
  File "C:\Users\JANHAVI TUPE\AppData\Local\Programs\Python\Python311\Lib\asyncio\base_events.py", line 868, in getaddrinfo
    return await self.run_in_executor(
           ^^^^^^^^^^^^^^^^^^^^^^^^^^^
  File "C:\Users\JANHAVI TUPE\AppData\Local\Programs\Python\Python311\Lib\concurrent\futures\thread.py", line 58, in run
    result = self.fn(*self.args, **self.kwargs)
             ^^^^^^^^^^^^^^^^^^^^^^^^^^^^^^^^^^
  File "C:\Users\JANHAVI TUPE\AppData\Local\Programs\Python\Python311\Lib\socket.py", line 962, in getaddrinfo
    for res in _socket.getaddrinfo(host, port, family, type, proto, flags):
               ^^^^^^^^^^^^^^^^^^^^^^^^^^^^^^^^^^^^^^^^^^^^^^^^^^^^^^^^^^^
socket.gaierror: [Errno 11001] getaddrinfo failed

The above exception was the direct cause of the following exception:

Traceback (most recent call last):
  File "D:\EcoTrack\.venv\Lib\site-packages\fsspec\implementations\http.py", line 447, in _info
    await _file_info(
  File "D:\EcoTrack\.venv\Lib\site-packages\fsspec\implementations\http.py", line 861, in _file_info
    r = await session.get(url, allow_redirects=ar, **kwargs)
        ^^^^^^^^^^^^^^^^^^^^^^^^^^^^^^^^^^^^^^^^^^^^^^^^^^^^
  File "D:\EcoTrack\.venv\Lib\site-packages\aiohttp\client.py", line 858, in _request
    resp = await handler(req)
           ^^^^^^^^^^^^^^^^^^
  File "D:\EcoTrack\.venv\Lib\site-packages\aiohttp\client.py", line 812, in _connect_and_send_request
    conn = await self._connector.connect(
           ^^^^^^^^^^^^^^^^^^^^^^^^^^^^^^
  File "D:\EcoTrack\.venv\Lib\site-packages\aiohttp\connector.py", line 657, in connect
    proto = await self._create_connection(req, traces, timeout)
            ^^^^^^^^^^^^^^^^^^^^^^^^^^^^^^^^^^^^^^^^^^^^^^^^^^^
  File "D:\EcoTrack\.venv\Lib\site-packages\aiohttp\connector.py", line 1242, in _create_connection
    _, proto = await self._create_direct_connection(req, traces, timeout)
               ^^^^^^^^^^^^^^^^^^^^^^^^^^^^^^^^^^^^^^^^^^^^^^^^^^^^^^^^^^
  File "D:\EcoTrack\.venv\Lib\site-packages\aiohttp\connector.py", line 1577, in _create_direct_connection
    raise ClientConnectorDNSError(req.connection_key, exc) from exc
aiohttp.client_exceptions.ClientConnectorDNSError: Cannot connect to host data.gesdisc.earthdata.nasa.gov:443 ssl:default [getaddrinfo failed]

The above exception was the direct cause of the following exception:

Traceback (most recent call last):
  File "D:\EcoTrack\.venv\Lib\site-packages\earthaccess\store.py", line 987, in _open_urls_https
    return _open_files(
           ^^^^^^^^^^^^
  File "D:\EcoTrack\.venv\Lib\site-packages\earthaccess\store.py", line 150, in _open_files
    return pqdm(
           ^^^^^
  File "D:\EcoTrack\.venv\Lib\site-packages\pqdm\threads.py", line 22, in pqdm
    return _parallel_process(
           ^^^^^^^^^^^^^^^^^^
  File "D:\EcoTrack\.venv\Lib\site-packages\pqdm\_base.py", line 79, in _parallel_process
    raise e
  File "D:\EcoTrack\.venv\Lib\site-packages\pqdm\_base.py", line 76, in _parallel_process
    results.append(future.result())
                   ^^^^^^^^^^^^^^^
  File "C:\Users\JANHAVI TUPE\AppData\Local\Programs\Python\Python311\Lib\concurrent\futures\_base.py", line 449, in result
    return self.__get_result()
           ^^^^^^^^^^^^^^^^^^^
  File "C:\Users\JANHAVI TUPE\AppData\Local\Programs\Python\Python311\Lib\concurrent\futures\_base.py", line 401, in __get_result
    raise self._exception
  File "C:\Users\JANHAVI TUPE\AppData\Local\Programs\Python\Python311\Lib\concurrent\futures\thread.py", line 58, in run
    result = self.fn(*self.args, **self.kwargs)
             ^^^^^^^^^^^^^^^^^^^^^^^^^^^^^^^^^^
  File "D:\EcoTrack\.venv\Lib\site-packages\earthaccess\store.py", line 137, in multi_thread_open
    f_size = fs.info(url)["size"]
             ^^^^^^^^^^^^
  File "D:\EcoTrack\.venv\Lib\site-packages\fsspec\asyn.py", line 217, in wrapper
    return sync(self.loop, func, *args, **kwargs)
           ^^^^^^^^^^^^^^^^^^^^^^^^^^^^^^^^^^^^^^
  File "D:\EcoTrack\.venv\Lib\site-packages\fsspec\asyn.py", line 106, in sync
    raise return_result
  File "D:\EcoTrack\.venv\Lib\site-packages\fsspec\asyn.py", line 59, in _runner
    result[0] = await coro
                ^^^^^^^^^^
  File "D:\EcoTrack\.venv\Lib\site-packages\fsspec\implementations\http.py", line 460, in _info
    raise FileNotFoundError(url) from exc
FileNotFoundError: https://data.gesdisc.earthdata.nasa.gov/data/OCO2_DATA/OCO2_L2_Lite_FP.11.2r/2023/oco2_LtCO2_231008_B11210Ar_240919175950s.nc4
  [952/1148] 2023-10-08 FAILED (FileNotFoundError: https://data.gesdisc.earthdata.nasa.gov/data/OCO2_DATA/OCO2_L2_Lite_FP.11.2r/2023/oco2_LtCO2_231008_B11210Ar_240919175950s.nc4) — will retry next run
An exception occurred while trying to access remote files via HTTPS
Traceback (most recent call last):
  File "D:\EcoTrack\.venv\Lib\site-packages\aiohttp\connector.py", line 1571, in _create_direct_connection
    hosts = await self._resolve_host(host, port, traces=traces)
            ^^^^^^^^^^^^^^^^^^^^^^^^^^^^^^^^^^^^^^^^^^^^^^^^^^^
  File "D:\EcoTrack\.venv\Lib\site-packages\aiohttp\connector.py", line 1181, in _resolve_host
    return await asyncio.shield(resolved_host_task)
           ^^^^^^^^^^^^^^^^^^^^^^^^^^^^^^^^^^^^^^^^
  File "D:\EcoTrack\.venv\Lib\site-packages\aiohttp\connector.py", line 1212, in _resolve_host_with_throttle
    addrs = await self._resolver.resolve(host, port, family=self._family)
            ^^^^^^^^^^^^^^^^^^^^^^^^^^^^^^^^^^^^^^^^^^^^^^^^^^^^^^^^^^^^^
  File "D:\EcoTrack\.venv\Lib\site-packages\aiohttp\resolver.py", line 47, in resolve
    infos = await self._loop.getaddrinfo(
            ^^^^^^^^^^^^^^^^^^^^^^^^^^^^^
  File "C:\Users\JANHAVI TUPE\AppData\Local\Programs\Python\Python311\Lib\asyncio\base_events.py", line 868, in getaddrinfo
    return await self.run_in_executor(
           ^^^^^^^^^^^^^^^^^^^^^^^^^^^
  File "C:\Users\JANHAVI TUPE\AppData\Local\Programs\Python\Python311\Lib\concurrent\futures\thread.py", line 58, in run
    result = self.fn(*self.args, **self.kwargs)
             ^^^^^^^^^^^^^^^^^^^^^^^^^^^^^^^^^^
  File "C:\Users\JANHAVI TUPE\AppData\Local\Programs\Python\Python311\Lib\socket.py", line 962, in getaddrinfo
    for res in _socket.getaddrinfo(host, port, family, type, proto, flags):
               ^^^^^^^^^^^^^^^^^^^^^^^^^^^^^^^^^^^^^^^^^^^^^^^^^^^^^^^^^^^
socket.gaierror: [Errno 11001] getaddrinfo failed

The above exception was the direct cause of the following exception:

Traceback (most recent call last):
  File "D:\EcoTrack\.venv\Lib\site-packages\fsspec\implementations\http.py", line 447, in _info
    await _file_info(
  File "D:\EcoTrack\.venv\Lib\site-packages\fsspec\implementations\http.py", line 861, in _file_info
    r = await session.get(url, allow_redirects=ar, **kwargs)
        ^^^^^^^^^^^^^^^^^^^^^^^^^^^^^^^^^^^^^^^^^^^^^^^^^^^^
  File "D:\EcoTrack\.venv\Lib\site-packages\aiohttp\client.py", line 858, in _request
    resp = await handler(req)
           ^^^^^^^^^^^^^^^^^^
  File "D:\EcoTrack\.venv\Lib\site-packages\aiohttp\client.py", line 812, in _connect_and_send_request
    conn = await self._connector.connect(
           ^^^^^^^^^^^^^^^^^^^^^^^^^^^^^^
  File "D:\EcoTrack\.venv\Lib\site-packages\aiohttp\connector.py", line 657, in connect
    proto = await self._create_connection(req, traces, timeout)
            ^^^^^^^^^^^^^^^^^^^^^^^^^^^^^^^^^^^^^^^^^^^^^^^^^^^
  File "D:\EcoTrack\.venv\Lib\site-packages\aiohttp\connector.py", line 1242, in _create_connection
    _, proto = await self._create_direct_connection(req, traces, timeout)
               ^^^^^^^^^^^^^^^^^^^^^^^^^^^^^^^^^^^^^^^^^^^^^^^^^^^^^^^^^^
  File "D:\EcoTrack\.venv\Lib\site-packages\aiohttp\connector.py", line 1577, in _create_direct_connection
    raise ClientConnectorDNSError(req.connection_key, exc) from exc
aiohttp.client_exceptions.ClientConnectorDNSError: Cannot connect to host data.gesdisc.earthdata.nasa.gov:443 ssl:default [getaddrinfo failed]

The above exception was the direct cause of the following exception:

Traceback (most recent call last):
  File "D:\EcoTrack\.venv\Lib\site-packages\earthaccess\store.py", line 987, in _open_urls_https
    return _open_files(
           ^^^^^^^^^^^^
  File "D:\EcoTrack\.venv\Lib\site-packages\earthaccess\store.py", line 150, in _open_files
    return pqdm(
           ^^^^^
  File "D:\EcoTrack\.venv\Lib\site-packages\pqdm\threads.py", line 22, in pqdm
    return _parallel_process(
           ^^^^^^^^^^^^^^^^^^
  File "D:\EcoTrack\.venv\Lib\site-packages\pqdm\_base.py", line 79, in _parallel_process
    raise e
  File "D:\EcoTrack\.venv\Lib\site-packages\pqdm\_base.py", line 76, in _parallel_process
    results.append(future.result())
                   ^^^^^^^^^^^^^^^
  File "C:\Users\JANHAVI TUPE\AppData\Local\Programs\Python\Python311\Lib\concurrent\futures\_base.py", line 449, in result
    return self.__get_result()
           ^^^^^^^^^^^^^^^^^^^
  File "C:\Users\JANHAVI TUPE\AppData\Local\Programs\Python\Python311\Lib\concurrent\futures\_base.py", line 401, in __get_result
    raise self._exception
  File "C:\Users\JANHAVI TUPE\AppData\Local\Programs\Python\Python311\Lib\concurrent\futures\thread.py", line 58, in run
    result = self.fn(*self.args, **self.kwargs)
             ^^^^^^^^^^^^^^^^^^^^^^^^^^^^^^^^^^
  File "D:\EcoTrack\.venv\Lib\site-packages\earthaccess\store.py", line 137, in multi_thread_open
    f_size = fs.info(url)["size"]
             ^^^^^^^^^^^^
  File "D:\EcoTrack\.venv\Lib\site-packages\fsspec\asyn.py", line 217, in wrapper
    return sync(self.loop, func, *args, **kwargs)
           ^^^^^^^^^^^^^^^^^^^^^^^^^^^^^^^^^^^^^^
  File "D:\EcoTrack\.venv\Lib\site-packages\fsspec\asyn.py", line 106, in sync
    raise return_result
  File "D:\EcoTrack\.venv\Lib\site-packages\fsspec\asyn.py", line 59, in _runner
    result[0] = await coro
                ^^^^^^^^^^
  File "D:\EcoTrack\.venv\Lib\site-packages\fsspec\implementations\http.py", line 460, in _info
    raise FileNotFoundError(url) from exc
FileNotFoundError: https://data.gesdisc.earthdata.nasa.gov/data/OCO2_DATA/OCO2_L2_Lite_FP.11.2r/2023/oco2_LtCO2_231009_B11210Ar_240919180051s.nc4
  [953/1148] 2023-10-09 FAILED (FileNotFoundError: https://data.gesdisc.earthdata.nasa.gov/data/OCO2_DATA/OCO2_L2_Lite_FP.11.2r/2023/oco2_LtCO2_231009_B11210Ar_240919180051s.nc4) — will retry next run
An exception occurred while trying to access remote files via HTTPS
Traceback (most recent call last):
  File "D:\EcoTrack\.venv\Lib\site-packages\aiohttp\connector.py", line 1571, in _create_direct_connection
    hosts = await self._resolve_host(host, port, traces=traces)
            ^^^^^^^^^^^^^^^^^^^^^^^^^^^^^^^^^^^^^^^^^^^^^^^^^^^
  File "D:\EcoTrack\.venv\Lib\site-packages\aiohttp\connector.py", line 1181, in _resolve_host
    return await asyncio.shield(resolved_host_task)
           ^^^^^^^^^^^^^^^^^^^^^^^^^^^^^^^^^^^^^^^^
  File "D:\EcoTrack\.venv\Lib\site-packages\aiohttp\connector.py", line 1212, in _resolve_host_with_throttle
    addrs = await self._resolver.resolve(host, port, family=self._family)
            ^^^^^^^^^^^^^^^^^^^^^^^^^^^^^^^^^^^^^^^^^^^^^^^^^^^^^^^^^^^^^
  File "D:\EcoTrack\.venv\Lib\site-packages\aiohttp\resolver.py", line 47, in resolve
    infos = await self._loop.getaddrinfo(
            ^^^^^^^^^^^^^^^^^^^^^^^^^^^^^
  File "C:\Users\JANHAVI TUPE\AppData\Local\Programs\Python\Python311\Lib\asyncio\base_events.py", line 868, in getaddrinfo
    return await self.run_in_executor(
           ^^^^^^^^^^^^^^^^^^^^^^^^^^^
  File "C:\Users\JANHAVI TUPE\AppData\Local\Programs\Python\Python311\Lib\concurrent\futures\thread.py", line 58, in run
    result = self.fn(*self.args, **self.kwargs)
             ^^^^^^^^^^^^^^^^^^^^^^^^^^^^^^^^^^
  File "C:\Users\JANHAVI TUPE\AppData\Local\Programs\Python\Python311\Lib\socket.py", line 962, in getaddrinfo
    for res in _socket.getaddrinfo(host, port, family, type, proto, flags):
               ^^^^^^^^^^^^^^^^^^^^^^^^^^^^^^^^^^^^^^^^^^^^^^^^^^^^^^^^^^^
socket.gaierror: [Errno 11001] getaddrinfo failed

The above exception was the direct cause of the following exception:

Traceback (most recent call last):
  File "D:\EcoTrack\.venv\Lib\site-packages\fsspec\implementations\http.py", line 447, in _info
    await _file_info(
  File "D:\EcoTrack\.venv\Lib\site-packages\fsspec\implementations\http.py", line 861, in _file_info
    r = await session.get(url, allow_redirects=ar, **kwargs)
        ^^^^^^^^^^^^^^^^^^^^^^^^^^^^^^^^^^^^^^^^^^^^^^^^^^^^
  File "D:\EcoTrack\.venv\Lib\site-packages\aiohttp\client.py", line 858, in _request
    resp = await handler(req)
           ^^^^^^^^^^^^^^^^^^
  File "D:\EcoTrack\.venv\Lib\site-packages\aiohttp\client.py", line 812, in _connect_and_send_request
    conn = await self._connector.connect(
           ^^^^^^^^^^^^^^^^^^^^^^^^^^^^^^
  File "D:\EcoTrack\.venv\Lib\site-packages\aiohttp\connector.py", line 657, in connect
    proto = await self._create_connection(req, traces, timeout)
            ^^^^^^^^^^^^^^^^^^^^^^^^^^^^^^^^^^^^^^^^^^^^^^^^^^^
  File "D:\EcoTrack\.venv\Lib\site-packages\aiohttp\connector.py", line 1242, in _create_connection
    _, proto = await self._create_direct_connection(req, traces, timeout)
               ^^^^^^^^^^^^^^^^^^^^^^^^^^^^^^^^^^^^^^^^^^^^^^^^^^^^^^^^^^
  File "D:\EcoTrack\.venv\Lib\site-packages\aiohttp\connector.py", line 1577, in _create_direct_connection
    raise ClientConnectorDNSError(req.connection_key, exc) from exc
aiohttp.client_exceptions.ClientConnectorDNSError: Cannot connect to host data.gesdisc.earthdata.nasa.gov:443 ssl:default [getaddrinfo failed]

The above exception was the direct cause of the following exception:

Traceback (most recent call last):
  File "D:\EcoTrack\.venv\Lib\site-packages\earthaccess\store.py", line 987, in _open_urls_https
    return _open_files(
           ^^^^^^^^^^^^
  File "D:\EcoTrack\.venv\Lib\site-packages\earthaccess\store.py", line 150, in _open_files
    return pqdm(
           ^^^^^
  File "D:\EcoTrack\.venv\Lib\site-packages\pqdm\threads.py", line 22, in pqdm
    return _parallel_process(
           ^^^^^^^^^^^^^^^^^^
  File "D:\EcoTrack\.venv\Lib\site-packages\pqdm\_base.py", line 79, in _parallel_process
    raise e
  File "D:\EcoTrack\.venv\Lib\site-packages\pqdm\_base.py", line 76, in _parallel_process
    results.append(future.result())
                   ^^^^^^^^^^^^^^^
  File "C:\Users\JANHAVI TUPE\AppData\Local\Programs\Python\Python311\Lib\concurrent\futures\_base.py", line 449, in result
    return self.__get_result()
           ^^^^^^^^^^^^^^^^^^^
  File "C:\Users\JANHAVI TUPE\AppData\Local\Programs\Python\Python311\Lib\concurrent\futures\_base.py", line 401, in __get_result
    raise self._exception
  File "C:\Users\JANHAVI TUPE\AppData\Local\Programs\Python\Python311\Lib\concurrent\futures\thread.py", line 58, in run
    result = self.fn(*self.args, **self.kwargs)
             ^^^^^^^^^^^^^^^^^^^^^^^^^^^^^^^^^^
  File "D:\EcoTrack\.venv\Lib\site-packages\earthaccess\store.py", line 137, in multi_thread_open
    f_size = fs.info(url)["size"]
             ^^^^^^^^^^^^
  File "D:\EcoTrack\.venv\Lib\site-packages\fsspec\asyn.py", line 217, in wrapper
    return sync(self.loop, func, *args, **kwargs)
           ^^^^^^^^^^^^^^^^^^^^^^^^^^^^^^^^^^^^^^
  File "D:\EcoTrack\.venv\Lib\site-packages\fsspec\asyn.py", line 106, in sync
    raise return_result
  File "D:\EcoTrack\.venv\Lib\site-packages\fsspec\asyn.py", line 59, in _runner
    result[0] = await coro
                ^^^^^^^^^^
  File "D:\EcoTrack\.venv\Lib\site-packages\fsspec\implementations\http.py", line 460, in _info
    raise FileNotFoundError(url) from exc
FileNotFoundError: https://data.gesdisc.earthdata.nasa.gov/data/OCO2_DATA/OCO2_L2_Lite_FP.11.2r/2023/oco2_LtCO2_231010_B11210Ar_240919180108s.nc4
  [954/1148] 2023-10-10 FAILED (FileNotFoundError: https://data.gesdisc.earthdata.nasa.gov/data/OCO2_DATA/OCO2_L2_Lite_FP.11.2r/2023/oco2_LtCO2_231010_B11210Ar_240919180108s.nc4) — will retry next run
An exception occurred while trying to access remote files via HTTPS
Traceback (most recent call last):
  File "D:\EcoTrack\.venv\Lib\site-packages\aiohttp\connector.py", line 1571, in _create_direct_connection
    hosts = await self._resolve_host(host, port, traces=traces)
            ^^^^^^^^^^^^^^^^^^^^^^^^^^^^^^^^^^^^^^^^^^^^^^^^^^^
  File "D:\EcoTrack\.venv\Lib\site-packages\aiohttp\connector.py", line 1181, in _resolve_host
    return await asyncio.shield(resolved_host_task)
           ^^^^^^^^^^^^^^^^^^^^^^^^^^^^^^^^^^^^^^^^
  File "D:\EcoTrack\.venv\Lib\site-packages\aiohttp\connector.py", line 1212, in _resolve_host_with_throttle
    addrs = await self._resolver.resolve(host, port, family=self._family)
            ^^^^^^^^^^^^^^^^^^^^^^^^^^^^^^^^^^^^^^^^^^^^^^^^^^^^^^^^^^^^^
  File "D:\EcoTrack\.venv\Lib\site-packages\aiohttp\resolver.py", line 47, in resolve
    infos = await self._loop.getaddrinfo(
            ^^^^^^^^^^^^^^^^^^^^^^^^^^^^^
  File "C:\Users\JANHAVI TUPE\AppData\Local\Programs\Python\Python311\Lib\asyncio\base_events.py", line 868, in getaddrinfo
    return await self.run_in_executor(
           ^^^^^^^^^^^^^^^^^^^^^^^^^^^
  File "C:\Users\JANHAVI TUPE\AppData\Local\Programs\Python\Python311\Lib\concurrent\futures\thread.py", line 58, in run
    result = self.fn(*self.args, **self.kwargs)
             ^^^^^^^^^^^^^^^^^^^^^^^^^^^^^^^^^^
  File "C:\Users\JANHAVI TUPE\AppData\Local\Programs\Python\Python311\Lib\socket.py", line 962, in getaddrinfo
    for res in _socket.getaddrinfo(host, port, family, type, proto, flags):
               ^^^^^^^^^^^^^^^^^^^^^^^^^^^^^^^^^^^^^^^^^^^^^^^^^^^^^^^^^^^
socket.gaierror: [Errno 11001] getaddrinfo failed

The above exception was the direct cause of the following exception:

Traceback (most recent call last):
  File "D:\EcoTrack\.venv\Lib\site-packages\fsspec\implementations\http.py", line 447, in _info
    await _file_info(
  File "D:\EcoTrack\.venv\Lib\site-packages\fsspec\implementations\http.py", line 861, in _file_info
    r = await session.get(url, allow_redirects=ar, **kwargs)
        ^^^^^^^^^^^^^^^^^^^^^^^^^^^^^^^^^^^^^^^^^^^^^^^^^^^^
  File "D:\EcoTrack\.venv\Lib\site-packages\aiohttp\client.py", line 858, in _request
    resp = await handler(req)
           ^^^^^^^^^^^^^^^^^^
  File "D:\EcoTrack\.venv\Lib\site-packages\aiohttp\client.py", line 812, in _connect_and_send_request
    conn = await self._connector.connect(
           ^^^^^^^^^^^^^^^^^^^^^^^^^^^^^^
  File "D:\EcoTrack\.venv\Lib\site-packages\aiohttp\connector.py", line 657, in connect
    proto = await self._create_connection(req, traces, timeout)
            ^^^^^^^^^^^^^^^^^^^^^^^^^^^^^^^^^^^^^^^^^^^^^^^^^^^
  File "D:\EcoTrack\.venv\Lib\site-packages\aiohttp\connector.py", line 1242, in _create_connection
    _, proto = await self._create_direct_connection(req, traces, timeout)
               ^^^^^^^^^^^^^^^^^^^^^^^^^^^^^^^^^^^^^^^^^^^^^^^^^^^^^^^^^^
  File "D:\EcoTrack\.venv\Lib\site-packages\aiohttp\connector.py", line 1577, in _create_direct_connection
    raise ClientConnectorDNSError(req.connection_key, exc) from exc
aiohttp.client_exceptions.ClientConnectorDNSError: Cannot connect to host data.gesdisc.earthdata.nasa.gov:443 ssl:default [getaddrinfo failed]

The above exception was the direct cause of the following exception:

Traceback (most recent call last):
  File "D:\EcoTrack\.venv\Lib\site-packages\earthaccess\store.py", line 987, in _open_urls_https
    return _open_files(
           ^^^^^^^^^^^^
  File "D:\EcoTrack\.venv\Lib\site-packages\earthaccess\store.py", line 150, in _open_files
    return pqdm(
           ^^^^^
  File "D:\EcoTrack\.venv\Lib\site-packages\pqdm\threads.py", line 22, in pqdm
    return _parallel_process(
           ^^^^^^^^^^^^^^^^^^
  File "D:\EcoTrack\.venv\Lib\site-packages\pqdm\_base.py", line 79, in _parallel_process
    raise e
  File "D:\EcoTrack\.venv\Lib\site-packages\pqdm\_base.py", line 76, in _parallel_process
    results.append(future.result())
                   ^^^^^^^^^^^^^^^
  File "C:\Users\JANHAVI TUPE\AppData\Local\Programs\Python\Python311\Lib\concurrent\futures\_base.py", line 449, in result
    return self.__get_result()
           ^^^^^^^^^^^^^^^^^^^
  File "C:\Users\JANHAVI TUPE\AppData\Local\Programs\Python\Python311\Lib\concurrent\futures\_base.py", line 401, in __get_result
    raise self._exception
  File "C:\Users\JANHAVI TUPE\AppData\Local\Programs\Python\Python311\Lib\concurrent\futures\thread.py", line 58, in run
    result = self.fn(*self.args, **self.kwargs)
             ^^^^^^^^^^^^^^^^^^^^^^^^^^^^^^^^^^
  File "D:\EcoTrack\.venv\Lib\site-packages\earthaccess\store.py", line 137, in multi_thread_open
    f_size = fs.info(url)["size"]
             ^^^^^^^^^^^^
  File "D:\EcoTrack\.venv\Lib\site-packages\fsspec\asyn.py", line 217, in wrapper
    return sync(self.loop, func, *args, **kwargs)
           ^^^^^^^^^^^^^^^^^^^^^^^^^^^^^^^^^^^^^^
  File "D:\EcoTrack\.venv\Lib\site-packages\fsspec\asyn.py", line 106, in sync
    raise return_result
  File "D:\EcoTrack\.venv\Lib\site-packages\fsspec\asyn.py", line 59, in _runner
    result[0] = await coro
                ^^^^^^^^^^
  File "D:\EcoTrack\.venv\Lib\site-packages\fsspec\implementations\http.py", line 460, in _info
    raise FileNotFoundError(url) from exc
FileNotFoundError: https://data.gesdisc.earthdata.nasa.gov/data/OCO2_DATA/OCO2_L2_Lite_FP.11.2r/2023/oco2_LtCO2_231011_B11210Ar_240919180218s.nc4
  [955/1148] 2023-10-11 FAILED (FileNotFoundError: https://data.gesdisc.earthdata.nasa.gov/data/OCO2_DATA/OCO2_L2_Lite_FP.11.2r/2023/oco2_LtCO2_231011_B11210Ar_240919180218s.nc4) — will retry next run
An exception occurred while trying to access remote files via HTTPS
Traceback (most recent call last):
  File "D:\EcoTrack\.venv\Lib\site-packages\aiohttp\connector.py", line 1571, in _create_direct_connection
    hosts = await self._resolve_host(host, port, traces=traces)
            ^^^^^^^^^^^^^^^^^^^^^^^^^^^^^^^^^^^^^^^^^^^^^^^^^^^
  File "D:\EcoTrack\.venv\Lib\site-packages\aiohttp\connector.py", line 1181, in _resolve_host
    return await asyncio.shield(resolved_host_task)
           ^^^^^^^^^^^^^^^^^^^^^^^^^^^^^^^^^^^^^^^^
  File "D:\EcoTrack\.venv\Lib\site-packages\aiohttp\connector.py", line 1212, in _resolve_host_with_throttle
    addrs = await self._resolver.resolve(host, port, family=self._family)
            ^^^^^^^^^^^^^^^^^^^^^^^^^^^^^^^^^^^^^^^^^^^^^^^^^^^^^^^^^^^^^
  File "D:\EcoTrack\.venv\Lib\site-packages\aiohttp\resolver.py", line 47, in resolve
    infos = await self._loop.getaddrinfo(
            ^^^^^^^^^^^^^^^^^^^^^^^^^^^^^
  File "C:\Users\JANHAVI TUPE\AppData\Local\Programs\Python\Python311\Lib\asyncio\base_events.py", line 868, in getaddrinfo
    return await self.run_in_executor(
           ^^^^^^^^^^^^^^^^^^^^^^^^^^^
  File "C:\Users\JANHAVI TUPE\AppData\Local\Programs\Python\Python311\Lib\concurrent\futures\thread.py", line 58, in run
    result = self.fn(*self.args, **self.kwargs)
             ^^^^^^^^^^^^^^^^^^^^^^^^^^^^^^^^^^
  File "C:\Users\JANHAVI TUPE\AppData\Local\Programs\Python\Python311\Lib\socket.py", line 962, in getaddrinfo
    for res in _socket.getaddrinfo(host, port, family, type, proto, flags):
               ^^^^^^^^^^^^^^^^^^^^^^^^^^^^^^^^^^^^^^^^^^^^^^^^^^^^^^^^^^^
socket.gaierror: [Errno 11001] getaddrinfo failed

The above exception was the direct cause of the following exception:

Traceback (most recent call last):
  File "D:\EcoTrack\.venv\Lib\site-packages\fsspec\implementations\http.py", line 447, in _info
    await _file_info(
  File "D:\EcoTrack\.venv\Lib\site-packages\fsspec\implementations\http.py", line 861, in _file_info
    r = await session.get(url, allow_redirects=ar, **kwargs)
        ^^^^^^^^^^^^^^^^^^^^^^^^^^^^^^^^^^^^^^^^^^^^^^^^^^^^
  File "D:\EcoTrack\.venv\Lib\site-packages\aiohttp\client.py", line 858, in _request
    resp = await handler(req)
           ^^^^^^^^^^^^^^^^^^
  File "D:\EcoTrack\.venv\Lib\site-packages\aiohttp\client.py", line 812, in _connect_and_send_request
    conn = await self._connector.connect(
           ^^^^^^^^^^^^^^^^^^^^^^^^^^^^^^
  File "D:\EcoTrack\.venv\Lib\site-packages\aiohttp\connector.py", line 657, in connect
    proto = await self._create_connection(req, traces, timeout)
            ^^^^^^^^^^^^^^^^^^^^^^^^^^^^^^^^^^^^^^^^^^^^^^^^^^^
  File "D:\EcoTrack\.venv\Lib\site-packages\aiohttp\connector.py", line 1242, in _create_connection
    _, proto = await self._create_direct_connection(req, traces, timeout)
               ^^^^^^^^^^^^^^^^^^^^^^^^^^^^^^^^^^^^^^^^^^^^^^^^^^^^^^^^^^
  File "D:\EcoTrack\.venv\Lib\site-packages\aiohttp\connector.py", line 1577, in _create_direct_connection
    raise ClientConnectorDNSError(req.connection_key, exc) from exc
aiohttp.client_exceptions.ClientConnectorDNSError: Cannot connect to host data.gesdisc.earthdata.nasa.gov:443 ssl:default [getaddrinfo failed]

The above exception was the direct cause of the following exception:

Traceback (most recent call last):
  File "D:\EcoTrack\.venv\Lib\site-packages\earthaccess\store.py", line 987, in _open_urls_https
    return _open_files(
           ^^^^^^^^^^^^
  File "D:\EcoTrack\.venv\Lib\site-packages\earthaccess\store.py", line 150, in _open_files
    return pqdm(
           ^^^^^
  File "D:\EcoTrack\.venv\Lib\site-packages\pqdm\threads.py", line 22, in pqdm
    return _parallel_process(
           ^^^^^^^^^^^^^^^^^^
  File "D:\EcoTrack\.venv\Lib\site-packages\pqdm\_base.py", line 79, in _parallel_process
    raise e
  File "D:\EcoTrack\.venv\Lib\site-packages\pqdm\_base.py", line 76, in _parallel_process
    results.append(future.result())
                   ^^^^^^^^^^^^^^^
  File "C:\Users\JANHAVI TUPE\AppData\Local\Programs\Python\Python311\Lib\concurrent\futures\_base.py", line 449, in result
    return self.__get_result()
           ^^^^^^^^^^^^^^^^^^^
  File "C:\Users\JANHAVI TUPE\AppData\Local\Programs\Python\Python311\Lib\concurrent\futures\_base.py", line 401, in __get_result
    raise self._exception
  File "C:\Users\JANHAVI TUPE\AppData\Local\Programs\Python\Python311\Lib\concurrent\futures\thread.py", line 58, in run
    result = self.fn(*self.args, **self.kwargs)
             ^^^^^^^^^^^^^^^^^^^^^^^^^^^^^^^^^^
  File "D:\EcoTrack\.venv\Lib\site-packages\earthaccess\store.py", line 137, in multi_thread_open
    f_size = fs.info(url)["size"]
             ^^^^^^^^^^^^
  File "D:\EcoTrack\.venv\Lib\site-packages\fsspec\asyn.py", line 217, in wrapper
    return sync(self.loop, func, *args, **kwargs)
           ^^^^^^^^^^^^^^^^^^^^^^^^^^^^^^^^^^^^^^
  File "D:\EcoTrack\.venv\Lib\site-packages\fsspec\asyn.py", line 106, in sync
    raise return_result
  File "D:\EcoTrack\.venv\Lib\site-packages\fsspec\asyn.py", line 59, in _runner
    result[0] = await coro
                ^^^^^^^^^^
  File "D:\EcoTrack\.venv\Lib\site-packages\fsspec\implementations\http.py", line 460, in _info
    raise FileNotFoundError(url) from exc
FileNotFoundError: https://data.gesdisc.earthdata.nasa.gov/data/OCO2_DATA/OCO2_L2_Lite_FP.11.2r/2023/oco2_LtCO2_231012_B11210Ar_240919180229s.nc4
  [956/1148] 2023-10-12 FAILED (FileNotFoundError: https://data.gesdisc.earthdata.nasa.gov/data/OCO2_DATA/OCO2_L2_Lite_FP.11.2r/2023/oco2_LtCO2_231012_B11210Ar_240919180229s.nc4) — will retry next run
An exception occurred while trying to access remote files via HTTPS
Traceback (most recent call last):
  File "D:\EcoTrack\.venv\Lib\site-packages\aiohttp\connector.py", line 1571, in _create_direct_connection
    hosts = await self._resolve_host(host, port, traces=traces)
            ^^^^^^^^^^^^^^^^^^^^^^^^^^^^^^^^^^^^^^^^^^^^^^^^^^^
  File "D:\EcoTrack\.venv\Lib\site-packages\aiohttp\connector.py", line 1181, in _resolve_host
    return await asyncio.shield(resolved_host_task)
           ^^^^^^^^^^^^^^^^^^^^^^^^^^^^^^^^^^^^^^^^
  File "D:\EcoTrack\.venv\Lib\site-packages\aiohttp\connector.py", line 1212, in _resolve_host_with_throttle
    addrs = await self._resolver.resolve(host, port, family=self._family)
            ^^^^^^^^^^^^^^^^^^^^^^^^^^^^^^^^^^^^^^^^^^^^^^^^^^^^^^^^^^^^^
  File "D:\EcoTrack\.venv\Lib\site-packages\aiohttp\resolver.py", line 47, in resolve
    infos = await self._loop.getaddrinfo(
            ^^^^^^^^^^^^^^^^^^^^^^^^^^^^^
  File "C:\Users\JANHAVI TUPE\AppData\Local\Programs\Python\Python311\Lib\asyncio\base_events.py", line 868, in getaddrinfo
    return await self.run_in_executor(
           ^^^^^^^^^^^^^^^^^^^^^^^^^^^
  File "C:\Users\JANHAVI TUPE\AppData\Local\Programs\Python\Python311\Lib\concurrent\futures\thread.py", line 58, in run
    result = self.fn(*self.args, **self.kwargs)
             ^^^^^^^^^^^^^^^^^^^^^^^^^^^^^^^^^^
  File "C:\Users\JANHAVI TUPE\AppData\Local\Programs\Python\Python311\Lib\socket.py", line 962, in getaddrinfo
    for res in _socket.getaddrinfo(host, port, family, type, proto, flags):
               ^^^^^^^^^^^^^^^^^^^^^^^^^^^^^^^^^^^^^^^^^^^^^^^^^^^^^^^^^^^
socket.gaierror: [Errno 11001] getaddrinfo failed

The above exception was the direct cause of the following exception:

Traceback (most recent call last):
  File "D:\EcoTrack\.venv\Lib\site-packages\fsspec\implementations\http.py", line 447, in _info
    await _file_info(
  File "D:\EcoTrack\.venv\Lib\site-packages\fsspec\implementations\http.py", line 861, in _file_info
    r = await session.get(url, allow_redirects=ar, **kwargs)
        ^^^^^^^^^^^^^^^^^^^^^^^^^^^^^^^^^^^^^^^^^^^^^^^^^^^^
  File "D:\EcoTrack\.venv\Lib\site-packages\aiohttp\client.py", line 858, in _request
    resp = await handler(req)
           ^^^^^^^^^^^^^^^^^^
  File "D:\EcoTrack\.venv\Lib\site-packages\aiohttp\client.py", line 812, in _connect_and_send_request
    conn = await self._connector.connect(
           ^^^^^^^^^^^^^^^^^^^^^^^^^^^^^^
  File "D:\EcoTrack\.venv\Lib\site-packages\aiohttp\connector.py", line 657, in connect
    proto = await self._create_connection(req, traces, timeout)
            ^^^^^^^^^^^^^^^^^^^^^^^^^^^^^^^^^^^^^^^^^^^^^^^^^^^
  File "D:\EcoTrack\.venv\Lib\site-packages\aiohttp\connector.py", line 1242, in _create_connection
    _, proto = await self._create_direct_connection(req, traces, timeout)
               ^^^^^^^^^^^^^^^^^^^^^^^^^^^^^^^^^^^^^^^^^^^^^^^^^^^^^^^^^^
  File "D:\EcoTrack\.venv\Lib\site-packages\aiohttp\connector.py", line 1577, in _create_direct_connection
    raise ClientConnectorDNSError(req.connection_key, exc) from exc
aiohttp.client_exceptions.ClientConnectorDNSError: Cannot connect to host data.gesdisc.earthdata.nasa.gov:443 ssl:default [getaddrinfo failed]

The above exception was the direct cause of the following exception:

Traceback (most recent call last):
  File "D:\EcoTrack\.venv\Lib\site-packages\earthaccess\store.py", line 987, in _open_urls_https
    return _open_files(
           ^^^^^^^^^^^^
  File "D:\EcoTrack\.venv\Lib\site-packages\earthaccess\store.py", line 150, in _open_files
    return pqdm(
           ^^^^^
  File "D:\EcoTrack\.venv\Lib\site-packages\pqdm\threads.py", line 22, in pqdm
    return _parallel_process(
           ^^^^^^^^^^^^^^^^^^
  File "D:\EcoTrack\.venv\Lib\site-packages\pqdm\_base.py", line 79, in _parallel_process
    raise e
  File "D:\EcoTrack\.venv\Lib\site-packages\pqdm\_base.py", line 76, in _parallel_process
    results.append(future.result())
                   ^^^^^^^^^^^^^^^
  File "C:\Users\JANHAVI TUPE\AppData\Local\Programs\Python\Python311\Lib\concurrent\futures\_base.py", line 449, in result
    return self.__get_result()
           ^^^^^^^^^^^^^^^^^^^
  File "C:\Users\JANHAVI TUPE\AppData\Local\Programs\Python\Python311\Lib\concurrent\futures\_base.py", line 401, in __get_result
    raise self._exception
  File "C:\Users\JANHAVI TUPE\AppData\Local\Programs\Python\Python311\Lib\concurrent\futures\thread.py", line 58, in run
    result = self.fn(*self.args, **self.kwargs)
             ^^^^^^^^^^^^^^^^^^^^^^^^^^^^^^^^^^
  File "D:\EcoTrack\.venv\Lib\site-packages\earthaccess\store.py", line 137, in multi_thread_open
    f_size = fs.info(url)["size"]
             ^^^^^^^^^^^^
  File "D:\EcoTrack\.venv\Lib\site-packages\fsspec\asyn.py", line 217, in wrapper
    return sync(self.loop, func, *args, **kwargs)
           ^^^^^^^^^^^^^^^^^^^^^^^^^^^^^^^^^^^^^^
  File "D:\EcoTrack\.venv\Lib\site-packages\fsspec\asyn.py", line 106, in sync
    raise return_result
  File "D:\EcoTrack\.venv\Lib\site-packages\fsspec\asyn.py", line 59, in _runner
    result[0] = await coro
                ^^^^^^^^^^
  File "D:\EcoTrack\.venv\Lib\site-packages\fsspec\implementations\http.py", line 460, in _info
    raise FileNotFoundError(url) from exc
FileNotFoundError: https://data.gesdisc.earthdata.nasa.gov/data/OCO2_DATA/OCO2_L2_Lite_FP.11.2r/2023/oco2_LtCO2_231013_B11210Ar_240919180337s.nc4
  [957/1148] 2023-10-13 FAILED (FileNotFoundError: https://data.gesdisc.earthdata.nasa.gov/data/OCO2_DATA/OCO2_L2_Lite_FP.11.2r/2023/oco2_LtCO2_231013_B11210Ar_240919180337s.nc4) — will retry next run
An exception occurred while trying to access remote files via HTTPS
Traceback (most recent call last):
  File "D:\EcoTrack\.venv\Lib\site-packages\aiohttp\connector.py", line 1571, in _create_direct_connection
    hosts = await self._resolve_host(host, port, traces=traces)
            ^^^^^^^^^^^^^^^^^^^^^^^^^^^^^^^^^^^^^^^^^^^^^^^^^^^
  File "D:\EcoTrack\.venv\Lib\site-packages\aiohttp\connector.py", line 1181, in _resolve_host
    return await asyncio.shield(resolved_host_task)
           ^^^^^^^^^^^^^^^^^^^^^^^^^^^^^^^^^^^^^^^^
  File "D:\EcoTrack\.venv\Lib\site-packages\aiohttp\connector.py", line 1212, in _resolve_host_with_throttle
    addrs = await self._resolver.resolve(host, port, family=self._family)
            ^^^^^^^^^^^^^^^^^^^^^^^^^^^^^^^^^^^^^^^^^^^^^^^^^^^^^^^^^^^^^
  File "D:\EcoTrack\.venv\Lib\site-packages\aiohttp\resolver.py", line 47, in resolve
    infos = await self._loop.getaddrinfo(
            ^^^^^^^^^^^^^^^^^^^^^^^^^^^^^
  File "C:\Users\JANHAVI TUPE\AppData\Local\Programs\Python\Python311\Lib\asyncio\base_events.py", line 868, in getaddrinfo
    return await self.run_in_executor(
           ^^^^^^^^^^^^^^^^^^^^^^^^^^^
  File "C:\Users\JANHAVI TUPE\AppData\Local\Programs\Python\Python311\Lib\concurrent\futures\thread.py", line 58, in run
    result = self.fn(*self.args, **self.kwargs)
             ^^^^^^^^^^^^^^^^^^^^^^^^^^^^^^^^^^
  File "C:\Users\JANHAVI TUPE\AppData\Local\Programs\Python\Python311\Lib\socket.py", line 962, in getaddrinfo
    for res in _socket.getaddrinfo(host, port, family, type, proto, flags):
               ^^^^^^^^^^^^^^^^^^^^^^^^^^^^^^^^^^^^^^^^^^^^^^^^^^^^^^^^^^^
socket.gaierror: [Errno 11001] getaddrinfo failed

The above exception was the direct cause of the following exception:

Traceback (most recent call last):
  File "D:\EcoTrack\.venv\Lib\site-packages\fsspec\implementations\http.py", line 447, in _info
    await _file_info(
  File "D:\EcoTrack\.venv\Lib\site-packages\fsspec\implementations\http.py", line 861, in _file_info
    r = await session.get(url, allow_redirects=ar, **kwargs)
        ^^^^^^^^^^^^^^^^^^^^^^^^^^^^^^^^^^^^^^^^^^^^^^^^^^^^
  File "D:\EcoTrack\.venv\Lib\site-packages\aiohttp\client.py", line 858, in _request
    resp = await handler(req)
           ^^^^^^^^^^^^^^^^^^
  File "D:\EcoTrack\.venv\Lib\site-packages\aiohttp\client.py", line 812, in _connect_and_send_request
    conn = await self._connector.connect(
           ^^^^^^^^^^^^^^^^^^^^^^^^^^^^^^
  File "D:\EcoTrack\.venv\Lib\site-packages\aiohttp\connector.py", line 657, in connect
    proto = await self._create_connection(req, traces, timeout)
            ^^^^^^^^^^^^^^^^^^^^^^^^^^^^^^^^^^^^^^^^^^^^^^^^^^^
  File "D:\EcoTrack\.venv\Lib\site-packages\aiohttp\connector.py", line 1242, in _create_connection
    _, proto = await self._create_direct_connection(req, traces, timeout)
               ^^^^^^^^^^^^^^^^^^^^^^^^^^^^^^^^^^^^^^^^^^^^^^^^^^^^^^^^^^
  File "D:\EcoTrack\.venv\Lib\site-packages\aiohttp\connector.py", line 1577, in _create_direct_connection
    raise ClientConnectorDNSError(req.connection_key, exc) from exc
aiohttp.client_exceptions.ClientConnectorDNSError: Cannot connect to host data.gesdisc.earthdata.nasa.gov:443 ssl:default [getaddrinfo failed]

The above exception was the direct cause of the following exception:

Traceback (most recent call last):
  File "D:\EcoTrack\.venv\Lib\site-packages\earthaccess\store.py", line 987, in _open_urls_https
    return _open_files(
           ^^^^^^^^^^^^
  File "D:\EcoTrack\.venv\Lib\site-packages\earthaccess\store.py", line 150, in _open_files
    return pqdm(
           ^^^^^
  File "D:\EcoTrack\.venv\Lib\site-packages\pqdm\threads.py", line 22, in pqdm
    return _parallel_process(
           ^^^^^^^^^^^^^^^^^^
  File "D:\EcoTrack\.venv\Lib\site-packages\pqdm\_base.py", line 79, in _parallel_process
    raise e
  File "D:\EcoTrack\.venv\Lib\site-packages\pqdm\_base.py", line 76, in _parallel_process
    results.append(future.result())
                   ^^^^^^^^^^^^^^^
  File "C:\Users\JANHAVI TUPE\AppData\Local\Programs\Python\Python311\Lib\concurrent\futures\_base.py", line 449, in result
    return self.__get_result()
           ^^^^^^^^^^^^^^^^^^^
  File "C:\Users\JANHAVI TUPE\AppData\Local\Programs\Python\Python311\Lib\concurrent\futures\_base.py", line 401, in __get_result
    raise self._exception
  File "C:\Users\JANHAVI TUPE\AppData\Local\Programs\Python\Python311\Lib\concurrent\futures\thread.py", line 58, in run
    result = self.fn(*self.args, **self.kwargs)
             ^^^^^^^^^^^^^^^^^^^^^^^^^^^^^^^^^^
  File "D:\EcoTrack\.venv\Lib\site-packages\earthaccess\store.py", line 137, in multi_thread_open
    f_size = fs.info(url)["size"]
             ^^^^^^^^^^^^
  File "D:\EcoTrack\.venv\Lib\site-packages\fsspec\asyn.py", line 217, in wrapper
    return sync(self.loop, func, *args, **kwargs)
           ^^^^^^^^^^^^^^^^^^^^^^^^^^^^^^^^^^^^^^
  File "D:\EcoTrack\.venv\Lib\site-packages\fsspec\asyn.py", line 106, in sync
    raise return_result
  File "D:\EcoTrack\.venv\Lib\site-packages\fsspec\asyn.py", line 59, in _runner
    result[0] = await coro
                ^^^^^^^^^^
  File "D:\EcoTrack\.venv\Lib\site-packages\fsspec\implementations\http.py", line 460, in _info
    raise FileNotFoundError(url) from exc
FileNotFoundError: https://data.gesdisc.earthdata.nasa.gov/data/OCO2_DATA/OCO2_L2_Lite_FP.11.2r/2023/oco2_LtCO2_231015_B11210Ar_240919180348s.nc4
  [958/1148] 2023-10-15 FAILED (FileNotFoundError: https://data.gesdisc.earthdata.nasa.gov/data/OCO2_DATA/OCO2_L2_Lite_FP.11.2r/2023/oco2_LtCO2_231015_B11210Ar_240919180348s.nc4) — will retry next run
An exception occurred while trying to access remote files via HTTPS
Traceback (most recent call last):
  File "D:\EcoTrack\.venv\Lib\site-packages\aiohttp\connector.py", line 1571, in _create_direct_connection
    hosts = await self._resolve_host(host, port, traces=traces)
            ^^^^^^^^^^^^^^^^^^^^^^^^^^^^^^^^^^^^^^^^^^^^^^^^^^^
  File "D:\EcoTrack\.venv\Lib\site-packages\aiohttp\connector.py", line 1181, in _resolve_host
    return await asyncio.shield(resolved_host_task)
           ^^^^^^^^^^^^^^^^^^^^^^^^^^^^^^^^^^^^^^^^
  File "D:\EcoTrack\.venv\Lib\site-packages\aiohttp\connector.py", line 1212, in _resolve_host_with_throttle
    addrs = await self._resolver.resolve(host, port, family=self._family)
            ^^^^^^^^^^^^^^^^^^^^^^^^^^^^^^^^^^^^^^^^^^^^^^^^^^^^^^^^^^^^^
  File "D:\EcoTrack\.venv\Lib\site-packages\aiohttp\resolver.py", line 47, in resolve
    infos = await self._loop.getaddrinfo(
            ^^^^^^^^^^^^^^^^^^^^^^^^^^^^^
  File "C:\Users\JANHAVI TUPE\AppData\Local\Programs\Python\Python311\Lib\asyncio\base_events.py", line 868, in getaddrinfo
    return await self.run_in_executor(
           ^^^^^^^^^^^^^^^^^^^^^^^^^^^
  File "C:\Users\JANHAVI TUPE\AppData\Local\Programs\Python\Python311\Lib\concurrent\futures\thread.py", line 58, in run
    result = self.fn(*self.args, **self.kwargs)
             ^^^^^^^^^^^^^^^^^^^^^^^^^^^^^^^^^^
  File "C:\Users\JANHAVI TUPE\AppData\Local\Programs\Python\Python311\Lib\socket.py", line 962, in getaddrinfo
    for res in _socket.getaddrinfo(host, port, family, type, proto, flags):
               ^^^^^^^^^^^^^^^^^^^^^^^^^^^^^^^^^^^^^^^^^^^^^^^^^^^^^^^^^^^
socket.gaierror: [Errno 11001] getaddrinfo failed

The above exception was the direct cause of the following exception:

Traceback (most recent call last):
  File "D:\EcoTrack\.venv\Lib\site-packages\fsspec\implementations\http.py", line 447, in _info
    await _file_info(
  File "D:\EcoTrack\.venv\Lib\site-packages\fsspec\implementations\http.py", line 861, in _file_info
    r = await session.get(url, allow_redirects=ar, **kwargs)
        ^^^^^^^^^^^^^^^^^^^^^^^^^^^^^^^^^^^^^^^^^^^^^^^^^^^^
  File "D:\EcoTrack\.venv\Lib\site-packages\aiohttp\client.py", line 858, in _request
    resp = await handler(req)
           ^^^^^^^^^^^^^^^^^^
  File "D:\EcoTrack\.venv\Lib\site-packages\aiohttp\client.py", line 812, in _connect_and_send_request
    conn = await self._connector.connect(
           ^^^^^^^^^^^^^^^^^^^^^^^^^^^^^^
  File "D:\EcoTrack\.venv\Lib\site-packages\aiohttp\connector.py", line 657, in connect
    proto = await self._create_connection(req, traces, timeout)
            ^^^^^^^^^^^^^^^^^^^^^^^^^^^^^^^^^^^^^^^^^^^^^^^^^^^
  File "D:\EcoTrack\.venv\Lib\site-packages\aiohttp\connector.py", line 1242, in _create_connection
    _, proto = await self._create_direct_connection(req, traces, timeout)
               ^^^^^^^^^^^^^^^^^^^^^^^^^^^^^^^^^^^^^^^^^^^^^^^^^^^^^^^^^^
  File "D:\EcoTrack\.venv\Lib\site-packages\aiohttp\connector.py", line 1577, in _create_direct_connection
    raise ClientConnectorDNSError(req.connection_key, exc) from exc
aiohttp.client_exceptions.ClientConnectorDNSError: Cannot connect to host data.gesdisc.earthdata.nasa.gov:443 ssl:default [getaddrinfo failed]

The above exception was the direct cause of the following exception:

Traceback (most recent call last):
  File "D:\EcoTrack\.venv\Lib\site-packages\earthaccess\store.py", line 987, in _open_urls_https
    return _open_files(
           ^^^^^^^^^^^^
  File "D:\EcoTrack\.venv\Lib\site-packages\earthaccess\store.py", line 150, in _open_files
    return pqdm(
           ^^^^^
  File "D:\EcoTrack\.venv\Lib\site-packages\pqdm\threads.py", line 22, in pqdm
    return _parallel_process(
           ^^^^^^^^^^^^^^^^^^
  File "D:\EcoTrack\.venv\Lib\site-packages\pqdm\_base.py", line 79, in _parallel_process
    raise e
  File "D:\EcoTrack\.venv\Lib\site-packages\pqdm\_base.py", line 76, in _parallel_process
    results.append(future.result())
                   ^^^^^^^^^^^^^^^
  File "C:\Users\JANHAVI TUPE\AppData\Local\Programs\Python\Python311\Lib\concurrent\futures\_base.py", line 449, in result
    return self.__get_result()
           ^^^^^^^^^^^^^^^^^^^
  File "C:\Users\JANHAVI TUPE\AppData\Local\Programs\Python\Python311\Lib\concurrent\futures\_base.py", line 401, in __get_result
    raise self._exception
  File "C:\Users\JANHAVI TUPE\AppData\Local\Programs\Python\Python311\Lib\concurrent\futures\thread.py", line 58, in run
    result = self.fn(*self.args, **self.kwargs)
             ^^^^^^^^^^^^^^^^^^^^^^^^^^^^^^^^^^
  File "D:\EcoTrack\.venv\Lib\site-packages\earthaccess\store.py", line 137, in multi_thread_open
    f_size = fs.info(url)["size"]
             ^^^^^^^^^^^^
  File "D:\EcoTrack\.venv\Lib\site-packages\fsspec\asyn.py", line 217, in wrapper
    return sync(self.loop, func, *args, **kwargs)
           ^^^^^^^^^^^^^^^^^^^^^^^^^^^^^^^^^^^^^^
  File "D:\EcoTrack\.venv\Lib\site-packages\fsspec\asyn.py", line 106, in sync
    raise return_result
  File "D:\EcoTrack\.venv\Lib\site-packages\fsspec\asyn.py", line 59, in _runner
    result[0] = await coro
                ^^^^^^^^^^
  File "D:\EcoTrack\.venv\Lib\site-packages\fsspec\implementations\http.py", line 460, in _info
    raise FileNotFoundError(url) from exc
FileNotFoundError: https://data.gesdisc.earthdata.nasa.gov/data/OCO2_DATA/OCO2_L2_Lite_FP.11.2r/2023/oco2_LtCO2_231016_B11210Ar_240919180435s.nc4
  [959/1148] 2023-10-16 FAILED (FileNotFoundError: https://data.gesdisc.earthdata.nasa.gov/data/OCO2_DATA/OCO2_L2_Lite_FP.11.2r/2023/oco2_LtCO2_231016_B11210Ar_240919180435s.nc4) — will retry next run
An exception occurred while trying to access remote files via HTTPS
Traceback (most recent call last):
  File "D:\EcoTrack\.venv\Lib\site-packages\aiohttp\connector.py", line 1571, in _create_direct_connection
    hosts = await self._resolve_host(host, port, traces=traces)
            ^^^^^^^^^^^^^^^^^^^^^^^^^^^^^^^^^^^^^^^^^^^^^^^^^^^
  File "D:\EcoTrack\.venv\Lib\site-packages\aiohttp\connector.py", line 1181, in _resolve_host
    return await asyncio.shield(resolved_host_task)
           ^^^^^^^^^^^^^^^^^^^^^^^^^^^^^^^^^^^^^^^^
  File "D:\EcoTrack\.venv\Lib\site-packages\aiohttp\connector.py", line 1212, in _resolve_host_with_throttle
    addrs = await self._resolver.resolve(host, port, family=self._family)
            ^^^^^^^^^^^^^^^^^^^^^^^^^^^^^^^^^^^^^^^^^^^^^^^^^^^^^^^^^^^^^
  File "D:\EcoTrack\.venv\Lib\site-packages\aiohttp\resolver.py", line 47, in resolve
    infos = await self._loop.getaddrinfo(
            ^^^^^^^^^^^^^^^^^^^^^^^^^^^^^
  File "C:\Users\JANHAVI TUPE\AppData\Local\Programs\Python\Python311\Lib\asyncio\base_events.py", line 868, in getaddrinfo
    return await self.run_in_executor(
           ^^^^^^^^^^^^^^^^^^^^^^^^^^^
  File "C:\Users\JANHAVI TUPE\AppData\Local\Programs\Python\Python311\Lib\concurrent\futures\thread.py", line 58, in run
    result = self.fn(*self.args, **self.kwargs)
             ^^^^^^^^^^^^^^^^^^^^^^^^^^^^^^^^^^
  File "C:\Users\JANHAVI TUPE\AppData\Local\Programs\Python\Python311\Lib\socket.py", line 962, in getaddrinfo
    for res in _socket.getaddrinfo(host, port, family, type, proto, flags):
               ^^^^^^^^^^^^^^^^^^^^^^^^^^^^^^^^^^^^^^^^^^^^^^^^^^^^^^^^^^^
socket.gaierror: [Errno 11001] getaddrinfo failed

The above exception was the direct cause of the following exception:

Traceback (most recent call last):
  File "D:\EcoTrack\.venv\Lib\site-packages\fsspec\implementations\http.py", line 447, in _info
    await _file_info(
  File "D:\EcoTrack\.venv\Lib\site-packages\fsspec\implementations\http.py", line 861, in _file_info
    r = await session.get(url, allow_redirects=ar, **kwargs)
        ^^^^^^^^^^^^^^^^^^^^^^^^^^^^^^^^^^^^^^^^^^^^^^^^^^^^
  File "D:\EcoTrack\.venv\Lib\site-packages\aiohttp\client.py", line 858, in _request
    resp = await handler(req)
           ^^^^^^^^^^^^^^^^^^
  File "D:\EcoTrack\.venv\Lib\site-packages\aiohttp\client.py", line 812, in _connect_and_send_request
    conn = await self._connector.connect(
           ^^^^^^^^^^^^^^^^^^^^^^^^^^^^^^
  File "D:\EcoTrack\.venv\Lib\site-packages\aiohttp\connector.py", line 657, in connect
    proto = await self._create_connection(req, traces, timeout)
            ^^^^^^^^^^^^^^^^^^^^^^^^^^^^^^^^^^^^^^^^^^^^^^^^^^^
  File "D:\EcoTrack\.venv\Lib\site-packages\aiohttp\connector.py", line 1242, in _create_connection
    _, proto = await self._create_direct_connection(req, traces, timeout)
               ^^^^^^^^^^^^^^^^^^^^^^^^^^^^^^^^^^^^^^^^^^^^^^^^^^^^^^^^^^
  File "D:\EcoTrack\.venv\Lib\site-packages\aiohttp\connector.py", line 1577, in _create_direct_connection
    raise ClientConnectorDNSError(req.connection_key, exc) from exc
aiohttp.client_exceptions.ClientConnectorDNSError: Cannot connect to host data.gesdisc.earthdata.nasa.gov:443 ssl:default [getaddrinfo failed]

The above exception was the direct cause of the following exception:

Traceback (most recent call last):
  File "D:\EcoTrack\.venv\Lib\site-packages\earthaccess\store.py", line 987, in _open_urls_https
    return _open_files(
           ^^^^^^^^^^^^
  File "D:\EcoTrack\.venv\Lib\site-packages\earthaccess\store.py", line 150, in _open_files
    return pqdm(
           ^^^^^
  File "D:\EcoTrack\.venv\Lib\site-packages\pqdm\threads.py", line 22, in pqdm
    return _parallel_process(
           ^^^^^^^^^^^^^^^^^^
  File "D:\EcoTrack\.venv\Lib\site-packages\pqdm\_base.py", line 79, in _parallel_process
    raise e
  File "D:\EcoTrack\.venv\Lib\site-packages\pqdm\_base.py", line 76, in _parallel_process
    results.append(future.result())
                   ^^^^^^^^^^^^^^^
  File "C:\Users\JANHAVI TUPE\AppData\Local\Programs\Python\Python311\Lib\concurrent\futures\_base.py", line 449, in result
    return self.__get_result()
           ^^^^^^^^^^^^^^^^^^^
  File "C:\Users\JANHAVI TUPE\AppData\Local\Programs\Python\Python311\Lib\concurrent\futures\_base.py", line 401, in __get_result
    raise self._exception
  File "C:\Users\JANHAVI TUPE\AppData\Local\Programs\Python\Python311\Lib\concurrent\futures\thread.py", line 58, in run
    result = self.fn(*self.args, **self.kwargs)
             ^^^^^^^^^^^^^^^^^^^^^^^^^^^^^^^^^^
  File "D:\EcoTrack\.venv\Lib\site-packages\earthaccess\store.py", line 137, in multi_thread_open
    f_size = fs.info(url)["size"]
             ^^^^^^^^^^^^
  File "D:\EcoTrack\.venv\Lib\site-packages\fsspec\asyn.py", line 217, in wrapper
    return sync(self.loop, func, *args, **kwargs)
           ^^^^^^^^^^^^^^^^^^^^^^^^^^^^^^^^^^^^^^
  File "D:\EcoTrack\.venv\Lib\site-packages\fsspec\asyn.py", line 106, in sync
    raise return_result
  File "D:\EcoTrack\.venv\Lib\site-packages\fsspec\asyn.py", line 59, in _runner
    result[0] = await coro
                ^^^^^^^^^^
  File "D:\EcoTrack\.venv\Lib\site-packages\fsspec\implementations\http.py", line 460, in _info
    raise FileNotFoundError(url) from exc
FileNotFoundError: https://data.gesdisc.earthdata.nasa.gov/data/OCO2_DATA/OCO2_L2_Lite_FP.11.2r/2023/oco2_LtCO2_231017_B11210Ar_240919180506s.nc4
  [960/1148] 2023-10-17 FAILED (FileNotFoundError: https://data.gesdisc.earthdata.nasa.gov/data/OCO2_DATA/OCO2_L2_Lite_FP.11.2r/2023/oco2_LtCO2_231017_B11210Ar_240919180506s.nc4) — will retry next run
An exception occurred while trying to access remote files via HTTPS
Traceback (most recent call last):
  File "D:\EcoTrack\.venv\Lib\site-packages\aiohttp\connector.py", line 1571, in _create_direct_connection
    hosts = await self._resolve_host(host, port, traces=traces)
            ^^^^^^^^^^^^^^^^^^^^^^^^^^^^^^^^^^^^^^^^^^^^^^^^^^^
  File "D:\EcoTrack\.venv\Lib\site-packages\aiohttp\connector.py", line 1181, in _resolve_host
    return await asyncio.shield(resolved_host_task)
           ^^^^^^^^^^^^^^^^^^^^^^^^^^^^^^^^^^^^^^^^
  File "D:\EcoTrack\.venv\Lib\site-packages\aiohttp\connector.py", line 1212, in _resolve_host_with_throttle
    addrs = await self._resolver.resolve(host, port, family=self._family)
            ^^^^^^^^^^^^^^^^^^^^^^^^^^^^^^^^^^^^^^^^^^^^^^^^^^^^^^^^^^^^^
  File "D:\EcoTrack\.venv\Lib\site-packages\aiohttp\resolver.py", line 47, in resolve
    infos = await self._loop.getaddrinfo(
            ^^^^^^^^^^^^^^^^^^^^^^^^^^^^^
  File "C:\Users\JANHAVI TUPE\AppData\Local\Programs\Python\Python311\Lib\asyncio\base_events.py", line 868, in getaddrinfo
    return await self.run_in_executor(
           ^^^^^^^^^^^^^^^^^^^^^^^^^^^
  File "C:\Users\JANHAVI TUPE\AppData\Local\Programs\Python\Python311\Lib\concurrent\futures\thread.py", line 58, in run
    result = self.fn(*self.args, **self.kwargs)
             ^^^^^^^^^^^^^^^^^^^^^^^^^^^^^^^^^^
  File "C:\Users\JANHAVI TUPE\AppData\Local\Programs\Python\Python311\Lib\socket.py", line 962, in getaddrinfo
    for res in _socket.getaddrinfo(host, port, family, type, proto, flags):
               ^^^^^^^^^^^^^^^^^^^^^^^^^^^^^^^^^^^^^^^^^^^^^^^^^^^^^^^^^^^
socket.gaierror: [Errno 11001] getaddrinfo failed

The above exception was the direct cause of the following exception:

Traceback (most recent call last):
  File "D:\EcoTrack\.venv\Lib\site-packages\fsspec\implementations\http.py", line 447, in _info
    await _file_info(
  File "D:\EcoTrack\.venv\Lib\site-packages\fsspec\implementations\http.py", line 861, in _file_info
    r = await session.get(url, allow_redirects=ar, **kwargs)
        ^^^^^^^^^^^^^^^^^^^^^^^^^^^^^^^^^^^^^^^^^^^^^^^^^^^^
  File "D:\EcoTrack\.venv\Lib\site-packages\aiohttp\client.py", line 858, in _request
    resp = await handler(req)
           ^^^^^^^^^^^^^^^^^^
  File "D:\EcoTrack\.venv\Lib\site-packages\aiohttp\client.py", line 812, in _connect_and_send_request
    conn = await self._connector.connect(
           ^^^^^^^^^^^^^^^^^^^^^^^^^^^^^^
  File "D:\EcoTrack\.venv\Lib\site-packages\aiohttp\connector.py", line 657, in connect
    proto = await self._create_connection(req, traces, timeout)
            ^^^^^^^^^^^^^^^^^^^^^^^^^^^^^^^^^^^^^^^^^^^^^^^^^^^
  File "D:\EcoTrack\.venv\Lib\site-packages\aiohttp\connector.py", line 1242, in _create_connection
    _, proto = await self._create_direct_connection(req, traces, timeout)
               ^^^^^^^^^^^^^^^^^^^^^^^^^^^^^^^^^^^^^^^^^^^^^^^^^^^^^^^^^^
  File "D:\EcoTrack\.venv\Lib\site-packages\aiohttp\connector.py", line 1577, in _create_direct_connection
    raise ClientConnectorDNSError(req.connection_key, exc) from exc
aiohttp.client_exceptions.ClientConnectorDNSError: Cannot connect to host data.gesdisc.earthdata.nasa.gov:443 ssl:default [getaddrinfo failed]

The above exception was the direct cause of the following exception:

Traceback (most recent call last):
  File "D:\EcoTrack\.venv\Lib\site-packages\earthaccess\store.py", line 987, in _open_urls_https
    return _open_files(
           ^^^^^^^^^^^^
  File "D:\EcoTrack\.venv\Lib\site-packages\earthaccess\store.py", line 150, in _open_files
    return pqdm(
           ^^^^^
  File "D:\EcoTrack\.venv\Lib\site-packages\pqdm\threads.py", line 22, in pqdm
    return _parallel_process(
           ^^^^^^^^^^^^^^^^^^
  File "D:\EcoTrack\.venv\Lib\site-packages\pqdm\_base.py", line 79, in _parallel_process
    raise e
  File "D:\EcoTrack\.venv\Lib\site-packages\pqdm\_base.py", line 76, in _parallel_process
    results.append(future.result())
                   ^^^^^^^^^^^^^^^
  File "C:\Users\JANHAVI TUPE\AppData\Local\Programs\Python\Python311\Lib\concurrent\futures\_base.py", line 449, in result
    return self.__get_result()
           ^^^^^^^^^^^^^^^^^^^
  File "C:\Users\JANHAVI TUPE\AppData\Local\Programs\Python\Python311\Lib\concurrent\futures\_base.py", line 401, in __get_result
    raise self._exception
  File "C:\Users\JANHAVI TUPE\AppData\Local\Programs\Python\Python311\Lib\concurrent\futures\thread.py", line 58, in run
    result = self.fn(*self.args, **self.kwargs)
             ^^^^^^^^^^^^^^^^^^^^^^^^^^^^^^^^^^
  File "D:\EcoTrack\.venv\Lib\site-packages\earthaccess\store.py", line 137, in multi_thread_open
    f_size = fs.info(url)["size"]
             ^^^^^^^^^^^^
  File "D:\EcoTrack\.venv\Lib\site-packages\fsspec\asyn.py", line 217, in wrapper
    return sync(self.loop, func, *args, **kwargs)
           ^^^^^^^^^^^^^^^^^^^^^^^^^^^^^^^^^^^^^^
  File "D:\EcoTrack\.venv\Lib\site-packages\fsspec\asyn.py", line 106, in sync
    raise return_result
  File "D:\EcoTrack\.venv\Lib\site-packages\fsspec\asyn.py", line 59, in _runner
    result[0] = await coro
                ^^^^^^^^^^
  File "D:\EcoTrack\.venv\Lib\site-packages\fsspec\implementations\http.py", line 460, in _info
    raise FileNotFoundError(url) from exc
FileNotFoundError: https://data.gesdisc.earthdata.nasa.gov/data/OCO2_DATA/OCO2_L2_Lite_FP.11.2r/2023/oco2_LtCO2_231018_B11210Ar_240919180603s.nc4
  [961/1148] 2023-10-18 FAILED (FileNotFoundError: https://data.gesdisc.earthdata.nasa.gov/data/OCO2_DATA/OCO2_L2_Lite_FP.11.2r/2023/oco2_LtCO2_231018_B11210Ar_240919180603s.nc4) — will retry next run
An exception occurred while trying to access remote files via HTTPS
Traceback (most recent call last):
  File "D:\EcoTrack\.venv\Lib\site-packages\aiohttp\connector.py", line 1571, in _create_direct_connection
    hosts = await self._resolve_host(host, port, traces=traces)
            ^^^^^^^^^^^^^^^^^^^^^^^^^^^^^^^^^^^^^^^^^^^^^^^^^^^
  File "D:\EcoTrack\.venv\Lib\site-packages\aiohttp\connector.py", line 1181, in _resolve_host
    return await asyncio.shield(resolved_host_task)
           ^^^^^^^^^^^^^^^^^^^^^^^^^^^^^^^^^^^^^^^^
  File "D:\EcoTrack\.venv\Lib\site-packages\aiohttp\connector.py", line 1212, in _resolve_host_with_throttle
    addrs = await self._resolver.resolve(host, port, family=self._family)
            ^^^^^^^^^^^^^^^^^^^^^^^^^^^^^^^^^^^^^^^^^^^^^^^^^^^^^^^^^^^^^
  File "D:\EcoTrack\.venv\Lib\site-packages\aiohttp\resolver.py", line 47, in resolve
    infos = await self._loop.getaddrinfo(
            ^^^^^^^^^^^^^^^^^^^^^^^^^^^^^
  File "C:\Users\JANHAVI TUPE\AppData\Local\Programs\Python\Python311\Lib\asyncio\base_events.py", line 868, in getaddrinfo
    return await self.run_in_executor(
           ^^^^^^^^^^^^^^^^^^^^^^^^^^^
  File "C:\Users\JANHAVI TUPE\AppData\Local\Programs\Python\Python311\Lib\concurrent\futures\thread.py", line 58, in run
    result = self.fn(*self.args, **self.kwargs)
             ^^^^^^^^^^^^^^^^^^^^^^^^^^^^^^^^^^
  File "C:\Users\JANHAVI TUPE\AppData\Local\Programs\Python\Python311\Lib\socket.py", line 962, in getaddrinfo
    for res in _socket.getaddrinfo(host, port, family, type, proto, flags):
               ^^^^^^^^^^^^^^^^^^^^^^^^^^^^^^^^^^^^^^^^^^^^^^^^^^^^^^^^^^^
socket.gaierror: [Errno 11001] getaddrinfo failed

The above exception was the direct cause of the following exception:

Traceback (most recent call last):
  File "D:\EcoTrack\.venv\Lib\site-packages\fsspec\implementations\http.py", line 447, in _info
    await _file_info(
  File "D:\EcoTrack\.venv\Lib\site-packages\fsspec\implementations\http.py", line 861, in _file_info
    r = await session.get(url, allow_redirects=ar, **kwargs)
        ^^^^^^^^^^^^^^^^^^^^^^^^^^^^^^^^^^^^^^^^^^^^^^^^^^^^
  File "D:\EcoTrack\.venv\Lib\site-packages\aiohttp\client.py", line 858, in _request
    resp = await handler(req)
           ^^^^^^^^^^^^^^^^^^
  File "D:\EcoTrack\.venv\Lib\site-packages\aiohttp\client.py", line 812, in _connect_and_send_request
    conn = await self._connector.connect(
           ^^^^^^^^^^^^^^^^^^^^^^^^^^^^^^
  File "D:\EcoTrack\.venv\Lib\site-packages\aiohttp\connector.py", line 657, in connect
    proto = await self._create_connection(req, traces, timeout)
            ^^^^^^^^^^^^^^^^^^^^^^^^^^^^^^^^^^^^^^^^^^^^^^^^^^^
  File "D:\EcoTrack\.venv\Lib\site-packages\aiohttp\connector.py", line 1242, in _create_connection
    _, proto = await self._create_direct_connection(req, traces, timeout)
               ^^^^^^^^^^^^^^^^^^^^^^^^^^^^^^^^^^^^^^^^^^^^^^^^^^^^^^^^^^
  File "D:\EcoTrack\.venv\Lib\site-packages\aiohttp\connector.py", line 1577, in _create_direct_connection
    raise ClientConnectorDNSError(req.connection_key, exc) from exc
aiohttp.client_exceptions.ClientConnectorDNSError: Cannot connect to host data.gesdisc.earthdata.nasa.gov:443 ssl:default [getaddrinfo failed]

The above exception was the direct cause of the following exception:

Traceback (most recent call last):
  File "D:\EcoTrack\.venv\Lib\site-packages\earthaccess\store.py", line 987, in _open_urls_https
    return _open_files(
           ^^^^^^^^^^^^
  File "D:\EcoTrack\.venv\Lib\site-packages\earthaccess\store.py", line 150, in _open_files
    return pqdm(
           ^^^^^
  File "D:\EcoTrack\.venv\Lib\site-packages\pqdm\threads.py", line 22, in pqdm
    return _parallel_process(
           ^^^^^^^^^^^^^^^^^^
  File "D:\EcoTrack\.venv\Lib\site-packages\pqdm\_base.py", line 79, in _parallel_process
    raise e
  File "D:\EcoTrack\.venv\Lib\site-packages\pqdm\_base.py", line 76, in _parallel_process
    results.append(future.result())
                   ^^^^^^^^^^^^^^^
  File "C:\Users\JANHAVI TUPE\AppData\Local\Programs\Python\Python311\Lib\concurrent\futures\_base.py", line 449, in result
    return self.__get_result()
           ^^^^^^^^^^^^^^^^^^^
  File "C:\Users\JANHAVI TUPE\AppData\Local\Programs\Python\Python311\Lib\concurrent\futures\_base.py", line 401, in __get_result
    raise self._exception
  File "C:\Users\JANHAVI TUPE\AppData\Local\Programs\Python\Python311\Lib\concurrent\futures\thread.py", line 58, in run
    result = self.fn(*self.args, **self.kwargs)
             ^^^^^^^^^^^^^^^^^^^^^^^^^^^^^^^^^^
  File "D:\EcoTrack\.venv\Lib\site-packages\earthaccess\store.py", line 137, in multi_thread_open
    f_size = fs.info(url)["size"]
             ^^^^^^^^^^^^
  File "D:\EcoTrack\.venv\Lib\site-packages\fsspec\asyn.py", line 217, in wrapper
    return sync(self.loop, func, *args, **kwargs)
           ^^^^^^^^^^^^^^^^^^^^^^^^^^^^^^^^^^^^^^
  File "D:\EcoTrack\.venv\Lib\site-packages\fsspec\asyn.py", line 106, in sync
    raise return_result
  File "D:\EcoTrack\.venv\Lib\site-packages\fsspec\asyn.py", line 59, in _runner
    result[0] = await coro
                ^^^^^^^^^^
  File "D:\EcoTrack\.venv\Lib\site-packages\fsspec\implementations\http.py", line 460, in _info
    raise FileNotFoundError(url) from exc
FileNotFoundError: https://data.gesdisc.earthdata.nasa.gov/data/OCO2_DATA/OCO2_L2_Lite_FP.11.2r/2023/oco2_LtCO2_231019_B11210Ar_240919180631s.nc4
  [962/1148] 2023-10-19 FAILED (FileNotFoundError: https://data.gesdisc.earthdata.nasa.gov/data/OCO2_DATA/OCO2_L2_Lite_FP.11.2r/2023/oco2_LtCO2_231019_B11210Ar_240919180631s.nc4) — will retry next run
An exception occurred while trying to access remote files via HTTPS
Traceback (most recent call last):
  File "D:\EcoTrack\.venv\Lib\site-packages\aiohttp\connector.py", line 1571, in _create_direct_connection
    hosts = await self._resolve_host(host, port, traces=traces)
            ^^^^^^^^^^^^^^^^^^^^^^^^^^^^^^^^^^^^^^^^^^^^^^^^^^^
  File "D:\EcoTrack\.venv\Lib\site-packages\aiohttp\connector.py", line 1181, in _resolve_host
    return await asyncio.shield(resolved_host_task)
           ^^^^^^^^^^^^^^^^^^^^^^^^^^^^^^^^^^^^^^^^
  File "D:\EcoTrack\.venv\Lib\site-packages\aiohttp\connector.py", line 1212, in _resolve_host_with_throttle
    addrs = await self._resolver.resolve(host, port, family=self._family)
            ^^^^^^^^^^^^^^^^^^^^^^^^^^^^^^^^^^^^^^^^^^^^^^^^^^^^^^^^^^^^^
  File "D:\EcoTrack\.venv\Lib\site-packages\aiohttp\resolver.py", line 47, in resolve
    infos = await self._loop.getaddrinfo(
            ^^^^^^^^^^^^^^^^^^^^^^^^^^^^^
  File "C:\Users\JANHAVI TUPE\AppData\Local\Programs\Python\Python311\Lib\asyncio\base_events.py", line 868, in getaddrinfo
    return await self.run_in_executor(
           ^^^^^^^^^^^^^^^^^^^^^^^^^^^
  File "C:\Users\JANHAVI TUPE\AppData\Local\Programs\Python\Python311\Lib\concurrent\futures\thread.py", line 58, in run
    result = self.fn(*self.args, **self.kwargs)
             ^^^^^^^^^^^^^^^^^^^^^^^^^^^^^^^^^^
  File "C:\Users\JANHAVI TUPE\AppData\Local\Programs\Python\Python311\Lib\socket.py", line 962, in getaddrinfo
    for res in _socket.getaddrinfo(host, port, family, type, proto, flags):
               ^^^^^^^^^^^^^^^^^^^^^^^^^^^^^^^^^^^^^^^^^^^^^^^^^^^^^^^^^^^
socket.gaierror: [Errno 11001] getaddrinfo failed

The above exception was the direct cause of the following exception:

Traceback (most recent call last):
  File "D:\EcoTrack\.venv\Lib\site-packages\fsspec\implementations\http.py", line 447, in _info
    await _file_info(
  File "D:\EcoTrack\.venv\Lib\site-packages\fsspec\implementations\http.py", line 861, in _file_info
    r = await session.get(url, allow_redirects=ar, **kwargs)
        ^^^^^^^^^^^^^^^^^^^^^^^^^^^^^^^^^^^^^^^^^^^^^^^^^^^^
  File "D:\EcoTrack\.venv\Lib\site-packages\aiohttp\client.py", line 858, in _request
    resp = await handler(req)
           ^^^^^^^^^^^^^^^^^^
  File "D:\EcoTrack\.venv\Lib\site-packages\aiohttp\client.py", line 812, in _connect_and_send_request
    conn = await self._connector.connect(
           ^^^^^^^^^^^^^^^^^^^^^^^^^^^^^^
  File "D:\EcoTrack\.venv\Lib\site-packages\aiohttp\connector.py", line 657, in connect
    proto = await self._create_connection(req, traces, timeout)
            ^^^^^^^^^^^^^^^^^^^^^^^^^^^^^^^^^^^^^^^^^^^^^^^^^^^
  File "D:\EcoTrack\.venv\Lib\site-packages\aiohttp\connector.py", line 1242, in _create_connection
    _, proto = await self._create_direct_connection(req, traces, timeout)
               ^^^^^^^^^^^^^^^^^^^^^^^^^^^^^^^^^^^^^^^^^^^^^^^^^^^^^^^^^^
  File "D:\EcoTrack\.venv\Lib\site-packages\aiohttp\connector.py", line 1577, in _create_direct_connection
    raise ClientConnectorDNSError(req.connection_key, exc) from exc
aiohttp.client_exceptions.ClientConnectorDNSError: Cannot connect to host data.gesdisc.earthdata.nasa.gov:443 ssl:default [getaddrinfo failed]

The above exception was the direct cause of the following exception:

Traceback (most recent call last):
  File "D:\EcoTrack\.venv\Lib\site-packages\earthaccess\store.py", line 987, in _open_urls_https
    return _open_files(
           ^^^^^^^^^^^^
  File "D:\EcoTrack\.venv\Lib\site-packages\earthaccess\store.py", line 150, in _open_files
    return pqdm(
           ^^^^^
  File "D:\EcoTrack\.venv\Lib\site-packages\pqdm\threads.py", line 22, in pqdm
    return _parallel_process(
           ^^^^^^^^^^^^^^^^^^
  File "D:\EcoTrack\.venv\Lib\site-packages\pqdm\_base.py", line 79, in _parallel_process
    raise e
  File "D:\EcoTrack\.venv\Lib\site-packages\pqdm\_base.py", line 76, in _parallel_process
    results.append(future.result())
                   ^^^^^^^^^^^^^^^
  File "C:\Users\JANHAVI TUPE\AppData\Local\Programs\Python\Python311\Lib\concurrent\futures\_base.py", line 449, in result
    return self.__get_result()
           ^^^^^^^^^^^^^^^^^^^
  File "C:\Users\JANHAVI TUPE\AppData\Local\Programs\Python\Python311\Lib\concurrent\futures\_base.py", line 401, in __get_result
    raise self._exception
  File "C:\Users\JANHAVI TUPE\AppData\Local\Programs\Python\Python311\Lib\concurrent\futures\thread.py", line 58, in run
    result = self.fn(*self.args, **self.kwargs)
             ^^^^^^^^^^^^^^^^^^^^^^^^^^^^^^^^^^
  File "D:\EcoTrack\.venv\Lib\site-packages\earthaccess\store.py", line 137, in multi_thread_open
    f_size = fs.info(url)["size"]
             ^^^^^^^^^^^^
  File "D:\EcoTrack\.venv\Lib\site-packages\fsspec\asyn.py", line 217, in wrapper
    return sync(self.loop, func, *args, **kwargs)
           ^^^^^^^^^^^^^^^^^^^^^^^^^^^^^^^^^^^^^^
  File "D:\EcoTrack\.venv\Lib\site-packages\fsspec\asyn.py", line 106, in sync
    raise return_result
  File "D:\EcoTrack\.venv\Lib\site-packages\fsspec\asyn.py", line 59, in _runner
    result[0] = await coro
                ^^^^^^^^^^
  File "D:\EcoTrack\.venv\Lib\site-packages\fsspec\implementations\http.py", line 460, in _info
    raise FileNotFoundError(url) from exc
FileNotFoundError: https://data.gesdisc.earthdata.nasa.gov/data/OCO2_DATA/OCO2_L2_Lite_FP.11.2r/2023/oco2_LtCO2_231020_B11210Ar_240919180729s.nc4
  [963/1148] 2023-10-20 FAILED (FileNotFoundError: https://data.gesdisc.earthdata.nasa.gov/data/OCO2_DATA/OCO2_L2_Lite_FP.11.2r/2023/oco2_LtCO2_231020_B11210Ar_240919180729s.nc4) — will retry next run
An exception occurred while trying to access remote files via HTTPS
Traceback (most recent call last):
  File "D:\EcoTrack\.venv\Lib\site-packages\aiohttp\connector.py", line 1571, in _create_direct_connection
    hosts = await self._resolve_host(host, port, traces=traces)
            ^^^^^^^^^^^^^^^^^^^^^^^^^^^^^^^^^^^^^^^^^^^^^^^^^^^
  File "D:\EcoTrack\.venv\Lib\site-packages\aiohttp\connector.py", line 1181, in _resolve_host
    return await asyncio.shield(resolved_host_task)
           ^^^^^^^^^^^^^^^^^^^^^^^^^^^^^^^^^^^^^^^^
  File "D:\EcoTrack\.venv\Lib\site-packages\aiohttp\connector.py", line 1212, in _resolve_host_with_throttle
    addrs = await self._resolver.resolve(host, port, family=self._family)
            ^^^^^^^^^^^^^^^^^^^^^^^^^^^^^^^^^^^^^^^^^^^^^^^^^^^^^^^^^^^^^
  File "D:\EcoTrack\.venv\Lib\site-packages\aiohttp\resolver.py", line 47, in resolve
    infos = await self._loop.getaddrinfo(
            ^^^^^^^^^^^^^^^^^^^^^^^^^^^^^
  File "C:\Users\JANHAVI TUPE\AppData\Local\Programs\Python\Python311\Lib\asyncio\base_events.py", line 868, in getaddrinfo
    return await self.run_in_executor(
           ^^^^^^^^^^^^^^^^^^^^^^^^^^^
  File "C:\Users\JANHAVI TUPE\AppData\Local\Programs\Python\Python311\Lib\concurrent\futures\thread.py", line 58, in run
    result = self.fn(*self.args, **self.kwargs)
             ^^^^^^^^^^^^^^^^^^^^^^^^^^^^^^^^^^
  File "C:\Users\JANHAVI TUPE\AppData\Local\Programs\Python\Python311\Lib\socket.py", line 962, in getaddrinfo
    for res in _socket.getaddrinfo(host, port, family, type, proto, flags):
               ^^^^^^^^^^^^^^^^^^^^^^^^^^^^^^^^^^^^^^^^^^^^^^^^^^^^^^^^^^^
socket.gaierror: [Errno 11001] getaddrinfo failed

The above exception was the direct cause of the following exception:

Traceback (most recent call last):
  File "D:\EcoTrack\.venv\Lib\site-packages\fsspec\implementations\http.py", line 447, in _info
    await _file_info(
  File "D:\EcoTrack\.venv\Lib\site-packages\fsspec\implementations\http.py", line 861, in _file_info
    r = await session.get(url, allow_redirects=ar, **kwargs)
        ^^^^^^^^^^^^^^^^^^^^^^^^^^^^^^^^^^^^^^^^^^^^^^^^^^^^
  File "D:\EcoTrack\.venv\Lib\site-packages\aiohttp\client.py", line 858, in _request
    resp = await handler(req)
           ^^^^^^^^^^^^^^^^^^
  File "D:\EcoTrack\.venv\Lib\site-packages\aiohttp\client.py", line 812, in _connect_and_send_request
    conn = await self._connector.connect(
           ^^^^^^^^^^^^^^^^^^^^^^^^^^^^^^
  File "D:\EcoTrack\.venv\Lib\site-packages\aiohttp\connector.py", line 657, in connect
    proto = await self._create_connection(req, traces, timeout)
            ^^^^^^^^^^^^^^^^^^^^^^^^^^^^^^^^^^^^^^^^^^^^^^^^^^^
  File "D:\EcoTrack\.venv\Lib\site-packages\aiohttp\connector.py", line 1242, in _create_connection
    _, proto = await self._create_direct_connection(req, traces, timeout)
               ^^^^^^^^^^^^^^^^^^^^^^^^^^^^^^^^^^^^^^^^^^^^^^^^^^^^^^^^^^
  File "D:\EcoTrack\.venv\Lib\site-packages\aiohttp\connector.py", line 1577, in _create_direct_connection
    raise ClientConnectorDNSError(req.connection_key, exc) from exc
aiohttp.client_exceptions.ClientConnectorDNSError: Cannot connect to host data.gesdisc.earthdata.nasa.gov:443 ssl:default [getaddrinfo failed]

The above exception was the direct cause of the following exception:

Traceback (most recent call last):
  File "D:\EcoTrack\.venv\Lib\site-packages\earthaccess\store.py", line 987, in _open_urls_https
    return _open_files(
           ^^^^^^^^^^^^
  File "D:\EcoTrack\.venv\Lib\site-packages\earthaccess\store.py", line 150, in _open_files
    return pqdm(
           ^^^^^
  File "D:\EcoTrack\.venv\Lib\site-packages\pqdm\threads.py", line 22, in pqdm
    return _parallel_process(
           ^^^^^^^^^^^^^^^^^^
  File "D:\EcoTrack\.venv\Lib\site-packages\pqdm\_base.py", line 79, in _parallel_process
    raise e
  File "D:\EcoTrack\.venv\Lib\site-packages\pqdm\_base.py", line 76, in _parallel_process
    results.append(future.result())
                   ^^^^^^^^^^^^^^^
  File "C:\Users\JANHAVI TUPE\AppData\Local\Programs\Python\Python311\Lib\concurrent\futures\_base.py", line 449, in result
    return self.__get_result()
           ^^^^^^^^^^^^^^^^^^^
  File "C:\Users\JANHAVI TUPE\AppData\Local\Programs\Python\Python311\Lib\concurrent\futures\_base.py", line 401, in __get_result
    raise self._exception
  File "C:\Users\JANHAVI TUPE\AppData\Local\Programs\Python\Python311\Lib\concurrent\futures\thread.py", line 58, in run
    result = self.fn(*self.args, **self.kwargs)
             ^^^^^^^^^^^^^^^^^^^^^^^^^^^^^^^^^^
  File "D:\EcoTrack\.venv\Lib\site-packages\earthaccess\store.py", line 137, in multi_thread_open
    f_size = fs.info(url)["size"]
             ^^^^^^^^^^^^
  File "D:\EcoTrack\.venv\Lib\site-packages\fsspec\asyn.py", line 217, in wrapper
    return sync(self.loop, func, *args, **kwargs)
           ^^^^^^^^^^^^^^^^^^^^^^^^^^^^^^^^^^^^^^
  File "D:\EcoTrack\.venv\Lib\site-packages\fsspec\asyn.py", line 106, in sync
    raise return_result
  File "D:\EcoTrack\.venv\Lib\site-packages\fsspec\asyn.py", line 59, in _runner
    result[0] = await coro
                ^^^^^^^^^^
  File "D:\EcoTrack\.venv\Lib\site-packages\fsspec\implementations\http.py", line 460, in _info
    raise FileNotFoundError(url) from exc
FileNotFoundError: https://data.gesdisc.earthdata.nasa.gov/data/OCO2_DATA/OCO2_L2_Lite_FP.11.2r/2023/oco2_LtCO2_231022_B11210Ar_240919180751s.nc4
  [964/1148] 2023-10-22 FAILED (FileNotFoundError: https://data.gesdisc.earthdata.nasa.gov/data/OCO2_DATA/OCO2_L2_Lite_FP.11.2r/2023/oco2_LtCO2_231022_B11210Ar_240919180751s.nc4) — will retry next run
An exception occurred while trying to access remote files via HTTPS
Traceback (most recent call last):
  File "D:\EcoTrack\.venv\Lib\site-packages\aiohttp\connector.py", line 1571, in _create_direct_connection
    hosts = await self._resolve_host(host, port, traces=traces)
            ^^^^^^^^^^^^^^^^^^^^^^^^^^^^^^^^^^^^^^^^^^^^^^^^^^^
  File "D:\EcoTrack\.venv\Lib\site-packages\aiohttp\connector.py", line 1181, in _resolve_host
    return await asyncio.shield(resolved_host_task)
           ^^^^^^^^^^^^^^^^^^^^^^^^^^^^^^^^^^^^^^^^
  File "D:\EcoTrack\.venv\Lib\site-packages\aiohttp\connector.py", line 1212, in _resolve_host_with_throttle
    addrs = await self._resolver.resolve(host, port, family=self._family)
            ^^^^^^^^^^^^^^^^^^^^^^^^^^^^^^^^^^^^^^^^^^^^^^^^^^^^^^^^^^^^^
  File "D:\EcoTrack\.venv\Lib\site-packages\aiohttp\resolver.py", line 47, in resolve
    infos = await self._loop.getaddrinfo(
            ^^^^^^^^^^^^^^^^^^^^^^^^^^^^^
  File "C:\Users\JANHAVI TUPE\AppData\Local\Programs\Python\Python311\Lib\asyncio\base_events.py", line 868, in getaddrinfo
    return await self.run_in_executor(
           ^^^^^^^^^^^^^^^^^^^^^^^^^^^
  File "C:\Users\JANHAVI TUPE\AppData\Local\Programs\Python\Python311\Lib\concurrent\futures\thread.py", line 58, in run
    result = self.fn(*self.args, **self.kwargs)
             ^^^^^^^^^^^^^^^^^^^^^^^^^^^^^^^^^^
  File "C:\Users\JANHAVI TUPE\AppData\Local\Programs\Python\Python311\Lib\socket.py", line 962, in getaddrinfo
    for res in _socket.getaddrinfo(host, port, family, type, proto, flags):
               ^^^^^^^^^^^^^^^^^^^^^^^^^^^^^^^^^^^^^^^^^^^^^^^^^^^^^^^^^^^
socket.gaierror: [Errno 11001] getaddrinfo failed

The above exception was the direct cause of the following exception:

Traceback (most recent call last):
  File "D:\EcoTrack\.venv\Lib\site-packages\fsspec\implementations\http.py", line 447, in _info
    await _file_info(
  File "D:\EcoTrack\.venv\Lib\site-packages\fsspec\implementations\http.py", line 861, in _file_info
    r = await session.get(url, allow_redirects=ar, **kwargs)
        ^^^^^^^^^^^^^^^^^^^^^^^^^^^^^^^^^^^^^^^^^^^^^^^^^^^^
  File "D:\EcoTrack\.venv\Lib\site-packages\aiohttp\client.py", line 858, in _request
    resp = await handler(req)
           ^^^^^^^^^^^^^^^^^^
  File "D:\EcoTrack\.venv\Lib\site-packages\aiohttp\client.py", line 812, in _connect_and_send_request
    conn = await self._connector.connect(
           ^^^^^^^^^^^^^^^^^^^^^^^^^^^^^^
  File "D:\EcoTrack\.venv\Lib\site-packages\aiohttp\connector.py", line 657, in connect
    proto = await self._create_connection(req, traces, timeout)
            ^^^^^^^^^^^^^^^^^^^^^^^^^^^^^^^^^^^^^^^^^^^^^^^^^^^
  File "D:\EcoTrack\.venv\Lib\site-packages\aiohttp\connector.py", line 1242, in _create_connection
    _, proto = await self._create_direct_connection(req, traces, timeout)
               ^^^^^^^^^^^^^^^^^^^^^^^^^^^^^^^^^^^^^^^^^^^^^^^^^^^^^^^^^^
  File "D:\EcoTrack\.venv\Lib\site-packages\aiohttp\connector.py", line 1577, in _create_direct_connection
    raise ClientConnectorDNSError(req.connection_key, exc) from exc
aiohttp.client_exceptions.ClientConnectorDNSError: Cannot connect to host data.gesdisc.earthdata.nasa.gov:443 ssl:default [getaddrinfo failed]

The above exception was the direct cause of the following exception:

Traceback (most recent call last):
  File "D:\EcoTrack\.venv\Lib\site-packages\earthaccess\store.py", line 987, in _open_urls_https
    return _open_files(
           ^^^^^^^^^^^^
  File "D:\EcoTrack\.venv\Lib\site-packages\earthaccess\store.py", line 150, in _open_files
    return pqdm(
           ^^^^^
  File "D:\EcoTrack\.venv\Lib\site-packages\pqdm\threads.py", line 22, in pqdm
    return _parallel_process(
           ^^^^^^^^^^^^^^^^^^
  File "D:\EcoTrack\.venv\Lib\site-packages\pqdm\_base.py", line 79, in _parallel_process
    raise e
  File "D:\EcoTrack\.venv\Lib\site-packages\pqdm\_base.py", line 76, in _parallel_process
    results.append(future.result())
                   ^^^^^^^^^^^^^^^
  File "C:\Users\JANHAVI TUPE\AppData\Local\Programs\Python\Python311\Lib\concurrent\futures\_base.py", line 449, in result
    return self.__get_result()
           ^^^^^^^^^^^^^^^^^^^
  File "C:\Users\JANHAVI TUPE\AppData\Local\Programs\Python\Python311\Lib\concurrent\futures\_base.py", line 401, in __get_result
    raise self._exception
  File "C:\Users\JANHAVI TUPE\AppData\Local\Programs\Python\Python311\Lib\concurrent\futures\thread.py", line 58, in run
    result = self.fn(*self.args, **self.kwargs)
             ^^^^^^^^^^^^^^^^^^^^^^^^^^^^^^^^^^
  File "D:\EcoTrack\.venv\Lib\site-packages\earthaccess\store.py", line 137, in multi_thread_open
    f_size = fs.info(url)["size"]
             ^^^^^^^^^^^^
  File "D:\EcoTrack\.venv\Lib\site-packages\fsspec\asyn.py", line 217, in wrapper
    return sync(self.loop, func, *args, **kwargs)
           ^^^^^^^^^^^^^^^^^^^^^^^^^^^^^^^^^^^^^^
  File "D:\EcoTrack\.venv\Lib\site-packages\fsspec\asyn.py", line 106, in sync
    raise return_result
  File "D:\EcoTrack\.venv\Lib\site-packages\fsspec\asyn.py", line 59, in _runner
    result[0] = await coro
                ^^^^^^^^^^
  File "D:\EcoTrack\.venv\Lib\site-packages\fsspec\implementations\http.py", line 460, in _info
    raise FileNotFoundError(url) from exc
FileNotFoundError: https://data.gesdisc.earthdata.nasa.gov/data/OCO2_DATA/OCO2_L2_Lite_FP.11.2r/2023/oco2_LtCO2_231023_B11210Ar_240919180850s.nc4
  [965/1148] 2023-10-23 FAILED (FileNotFoundError: https://data.gesdisc.earthdata.nasa.gov/data/OCO2_DATA/OCO2_L2_Lite_FP.11.2r/2023/oco2_LtCO2_231023_B11210Ar_240919180850s.nc4) — will retry next run
An exception occurred while trying to access remote files via HTTPS
Traceback (most recent call last):
  File "D:\EcoTrack\.venv\Lib\site-packages\aiohttp\connector.py", line 1571, in _create_direct_connection
    hosts = await self._resolve_host(host, port, traces=traces)
            ^^^^^^^^^^^^^^^^^^^^^^^^^^^^^^^^^^^^^^^^^^^^^^^^^^^
  File "D:\EcoTrack\.venv\Lib\site-packages\aiohttp\connector.py", line 1181, in _resolve_host
    return await asyncio.shield(resolved_host_task)
           ^^^^^^^^^^^^^^^^^^^^^^^^^^^^^^^^^^^^^^^^
  File "D:\EcoTrack\.venv\Lib\site-packages\aiohttp\connector.py", line 1212, in _resolve_host_with_throttle
    addrs = await self._resolver.resolve(host, port, family=self._family)
            ^^^^^^^^^^^^^^^^^^^^^^^^^^^^^^^^^^^^^^^^^^^^^^^^^^^^^^^^^^^^^
  File "D:\EcoTrack\.venv\Lib\site-packages\aiohttp\resolver.py", line 47, in resolve
    infos = await self._loop.getaddrinfo(
            ^^^^^^^^^^^^^^^^^^^^^^^^^^^^^
  File "C:\Users\JANHAVI TUPE\AppData\Local\Programs\Python\Python311\Lib\asyncio\base_events.py", line 868, in getaddrinfo
    return await self.run_in_executor(
           ^^^^^^^^^^^^^^^^^^^^^^^^^^^
  File "C:\Users\JANHAVI TUPE\AppData\Local\Programs\Python\Python311\Lib\concurrent\futures\thread.py", line 58, in run
    result = self.fn(*self.args, **self.kwargs)
             ^^^^^^^^^^^^^^^^^^^^^^^^^^^^^^^^^^
  File "C:\Users\JANHAVI TUPE\AppData\Local\Programs\Python\Python311\Lib\socket.py", line 962, in getaddrinfo
    for res in _socket.getaddrinfo(host, port, family, type, proto, flags):
               ^^^^^^^^^^^^^^^^^^^^^^^^^^^^^^^^^^^^^^^^^^^^^^^^^^^^^^^^^^^
socket.gaierror: [Errno 11001] getaddrinfo failed

The above exception was the direct cause of the following exception:

Traceback (most recent call last):
  File "D:\EcoTrack\.venv\Lib\site-packages\fsspec\implementations\http.py", line 447, in _info
    await _file_info(
  File "D:\EcoTrack\.venv\Lib\site-packages\fsspec\implementations\http.py", line 861, in _file_info
    r = await session.get(url, allow_redirects=ar, **kwargs)
        ^^^^^^^^^^^^^^^^^^^^^^^^^^^^^^^^^^^^^^^^^^^^^^^^^^^^
  File "D:\EcoTrack\.venv\Lib\site-packages\aiohttp\client.py", line 858, in _request
    resp = await handler(req)
           ^^^^^^^^^^^^^^^^^^
  File "D:\EcoTrack\.venv\Lib\site-packages\aiohttp\client.py", line 812, in _connect_and_send_request
    conn = await self._connector.connect(
           ^^^^^^^^^^^^^^^^^^^^^^^^^^^^^^
  File "D:\EcoTrack\.venv\Lib\site-packages\aiohttp\connector.py", line 657, in connect
    proto = await self._create_connection(req, traces, timeout)
            ^^^^^^^^^^^^^^^^^^^^^^^^^^^^^^^^^^^^^^^^^^^^^^^^^^^
  File "D:\EcoTrack\.venv\Lib\site-packages\aiohttp\connector.py", line 1242, in _create_connection
    _, proto = await self._create_direct_connection(req, traces, timeout)
               ^^^^^^^^^^^^^^^^^^^^^^^^^^^^^^^^^^^^^^^^^^^^^^^^^^^^^^^^^^
  File "D:\EcoTrack\.venv\Lib\site-packages\aiohttp\connector.py", line 1577, in _create_direct_connection
    raise ClientConnectorDNSError(req.connection_key, exc) from exc
aiohttp.client_exceptions.ClientConnectorDNSError: Cannot connect to host data.gesdisc.earthdata.nasa.gov:443 ssl:default [getaddrinfo failed]

The above exception was the direct cause of the following exception:

Traceback (most recent call last):
  File "D:\EcoTrack\.venv\Lib\site-packages\earthaccess\store.py", line 987, in _open_urls_https
    return _open_files(
           ^^^^^^^^^^^^
  File "D:\EcoTrack\.venv\Lib\site-packages\earthaccess\store.py", line 150, in _open_files
    return pqdm(
           ^^^^^
  File "D:\EcoTrack\.venv\Lib\site-packages\pqdm\threads.py", line 22, in pqdm
    return _parallel_process(
           ^^^^^^^^^^^^^^^^^^
  File "D:\EcoTrack\.venv\Lib\site-packages\pqdm\_base.py", line 79, in _parallel_process
    raise e
  File "D:\EcoTrack\.venv\Lib\site-packages\pqdm\_base.py", line 76, in _parallel_process
    results.append(future.result())
                   ^^^^^^^^^^^^^^^
  File "C:\Users\JANHAVI TUPE\AppData\Local\Programs\Python\Python311\Lib\concurrent\futures\_base.py", line 449, in result
    return self.__get_result()
           ^^^^^^^^^^^^^^^^^^^
  File "C:\Users\JANHAVI TUPE\AppData\Local\Programs\Python\Python311\Lib\concurrent\futures\_base.py", line 401, in __get_result
    raise self._exception
  File "C:\Users\JANHAVI TUPE\AppData\Local\Programs\Python\Python311\Lib\concurrent\futures\thread.py", line 58, in run
    result = self.fn(*self.args, **self.kwargs)
             ^^^^^^^^^^^^^^^^^^^^^^^^^^^^^^^^^^
  File "D:\EcoTrack\.venv\Lib\site-packages\earthaccess\store.py", line 137, in multi_thread_open
    f_size = fs.info(url)["size"]
             ^^^^^^^^^^^^
  File "D:\EcoTrack\.venv\Lib\site-packages\fsspec\asyn.py", line 217, in wrapper
    return sync(self.loop, func, *args, **kwargs)
           ^^^^^^^^^^^^^^^^^^^^^^^^^^^^^^^^^^^^^^
  File "D:\EcoTrack\.venv\Lib\site-packages\fsspec\asyn.py", line 106, in sync
    raise return_result
  File "D:\EcoTrack\.venv\Lib\site-packages\fsspec\asyn.py", line 59, in _runner
    result[0] = await coro
                ^^^^^^^^^^
  File "D:\EcoTrack\.venv\Lib\site-packages\fsspec\implementations\http.py", line 460, in _info
    raise FileNotFoundError(url) from exc
FileNotFoundError: https://data.gesdisc.earthdata.nasa.gov/data/OCO2_DATA/OCO2_L2_Lite_FP.11.2r/2023/oco2_LtCO2_231024_B11210Ar_240919180909s.nc4
  [966/1148] 2023-10-24 FAILED (FileNotFoundError: https://data.gesdisc.earthdata.nasa.gov/data/OCO2_DATA/OCO2_L2_Lite_FP.11.2r/2023/oco2_LtCO2_231024_B11210Ar_240919180909s.nc4) — will retry next run
An exception occurred while trying to access remote files via HTTPS
Traceback (most recent call last):
  File "D:\EcoTrack\.venv\Lib\site-packages\aiohttp\connector.py", line 1571, in _create_direct_connection
    hosts = await self._resolve_host(host, port, traces=traces)
            ^^^^^^^^^^^^^^^^^^^^^^^^^^^^^^^^^^^^^^^^^^^^^^^^^^^
  File "D:\EcoTrack\.venv\Lib\site-packages\aiohttp\connector.py", line 1181, in _resolve_host
    return await asyncio.shield(resolved_host_task)
           ^^^^^^^^^^^^^^^^^^^^^^^^^^^^^^^^^^^^^^^^
  File "D:\EcoTrack\.venv\Lib\site-packages\aiohttp\connector.py", line 1212, in _resolve_host_with_throttle
    addrs = await self._resolver.resolve(host, port, family=self._family)
            ^^^^^^^^^^^^^^^^^^^^^^^^^^^^^^^^^^^^^^^^^^^^^^^^^^^^^^^^^^^^^
  File "D:\EcoTrack\.venv\Lib\site-packages\aiohttp\resolver.py", line 47, in resolve
    infos = await self._loop.getaddrinfo(
            ^^^^^^^^^^^^^^^^^^^^^^^^^^^^^
  File "C:\Users\JANHAVI TUPE\AppData\Local\Programs\Python\Python311\Lib\asyncio\base_events.py", line 868, in getaddrinfo
    return await self.run_in_executor(
           ^^^^^^^^^^^^^^^^^^^^^^^^^^^
  File "C:\Users\JANHAVI TUPE\AppData\Local\Programs\Python\Python311\Lib\concurrent\futures\thread.py", line 58, in run
    result = self.fn(*self.args, **self.kwargs)
             ^^^^^^^^^^^^^^^^^^^^^^^^^^^^^^^^^^
  File "C:\Users\JANHAVI TUPE\AppData\Local\Programs\Python\Python311\Lib\socket.py", line 962, in getaddrinfo
    for res in _socket.getaddrinfo(host, port, family, type, proto, flags):
               ^^^^^^^^^^^^^^^^^^^^^^^^^^^^^^^^^^^^^^^^^^^^^^^^^^^^^^^^^^^
socket.gaierror: [Errno 11001] getaddrinfo failed

The above exception was the direct cause of the following exception:

Traceback (most recent call last):
  File "D:\EcoTrack\.venv\Lib\site-packages\fsspec\implementations\http.py", line 447, in _info
    await _file_info(
  File "D:\EcoTrack\.venv\Lib\site-packages\fsspec\implementations\http.py", line 861, in _file_info
    r = await session.get(url, allow_redirects=ar, **kwargs)
        ^^^^^^^^^^^^^^^^^^^^^^^^^^^^^^^^^^^^^^^^^^^^^^^^^^^^
  File "D:\EcoTrack\.venv\Lib\site-packages\aiohttp\client.py", line 858, in _request
    resp = await handler(req)
           ^^^^^^^^^^^^^^^^^^
  File "D:\EcoTrack\.venv\Lib\site-packages\aiohttp\client.py", line 812, in _connect_and_send_request
    conn = await self._connector.connect(
           ^^^^^^^^^^^^^^^^^^^^^^^^^^^^^^
  File "D:\EcoTrack\.venv\Lib\site-packages\aiohttp\connector.py", line 657, in connect
    proto = await self._create_connection(req, traces, timeout)
            ^^^^^^^^^^^^^^^^^^^^^^^^^^^^^^^^^^^^^^^^^^^^^^^^^^^
  File "D:\EcoTrack\.venv\Lib\site-packages\aiohttp\connector.py", line 1242, in _create_connection
    _, proto = await self._create_direct_connection(req, traces, timeout)
               ^^^^^^^^^^^^^^^^^^^^^^^^^^^^^^^^^^^^^^^^^^^^^^^^^^^^^^^^^^
  File "D:\EcoTrack\.venv\Lib\site-packages\aiohttp\connector.py", line 1577, in _create_direct_connection
    raise ClientConnectorDNSError(req.connection_key, exc) from exc
aiohttp.client_exceptions.ClientConnectorDNSError: Cannot connect to host data.gesdisc.earthdata.nasa.gov:443 ssl:default [getaddrinfo failed]

The above exception was the direct cause of the following exception:

Traceback (most recent call last):
  File "D:\EcoTrack\.venv\Lib\site-packages\earthaccess\store.py", line 987, in _open_urls_https
    return _open_files(
           ^^^^^^^^^^^^
  File "D:\EcoTrack\.venv\Lib\site-packages\earthaccess\store.py", line 150, in _open_files
    return pqdm(
           ^^^^^
  File "D:\EcoTrack\.venv\Lib\site-packages\pqdm\threads.py", line 22, in pqdm
    return _parallel_process(
           ^^^^^^^^^^^^^^^^^^
  File "D:\EcoTrack\.venv\Lib\site-packages\pqdm\_base.py", line 79, in _parallel_process
    raise e
  File "D:\EcoTrack\.venv\Lib\site-packages\pqdm\_base.py", line 76, in _parallel_process
    results.append(future.result())
                   ^^^^^^^^^^^^^^^
  File "C:\Users\JANHAVI TUPE\AppData\Local\Programs\Python\Python311\Lib\concurrent\futures\_base.py", line 449, in result
    return self.__get_result()
           ^^^^^^^^^^^^^^^^^^^
  File "C:\Users\JANHAVI TUPE\AppData\Local\Programs\Python\Python311\Lib\concurrent\futures\_base.py", line 401, in __get_result
    raise self._exception
  File "C:\Users\JANHAVI TUPE\AppData\Local\Programs\Python\Python311\Lib\concurrent\futures\thread.py", line 58, in run
    result = self.fn(*self.args, **self.kwargs)
             ^^^^^^^^^^^^^^^^^^^^^^^^^^^^^^^^^^
  File "D:\EcoTrack\.venv\Lib\site-packages\earthaccess\store.py", line 137, in multi_thread_open
    f_size = fs.info(url)["size"]
             ^^^^^^^^^^^^
  File "D:\EcoTrack\.venv\Lib\site-packages\fsspec\asyn.py", line 217, in wrapper
    return sync(self.loop, func, *args, **kwargs)
           ^^^^^^^^^^^^^^^^^^^^^^^^^^^^^^^^^^^^^^
  File "D:\EcoTrack\.venv\Lib\site-packages\fsspec\asyn.py", line 106, in sync
    raise return_result
  File "D:\EcoTrack\.venv\Lib\site-packages\fsspec\asyn.py", line 59, in _runner
    result[0] = await coro
                ^^^^^^^^^^
  File "D:\EcoTrack\.venv\Lib\site-packages\fsspec\implementations\http.py", line 460, in _info
    raise FileNotFoundError(url) from exc
FileNotFoundError: https://data.gesdisc.earthdata.nasa.gov/data/OCO2_DATA/OCO2_L2_Lite_FP.11.2r/2023/oco2_LtCO2_231025_B11210Ar_240919181013s.nc4
  [967/1148] 2023-10-25 FAILED (FileNotFoundError: https://data.gesdisc.earthdata.nasa.gov/data/OCO2_DATA/OCO2_L2_Lite_FP.11.2r/2023/oco2_LtCO2_231025_B11210Ar_240919181013s.nc4) — will retry next run
An exception occurred while trying to access remote files via HTTPS
Traceback (most recent call last):
  File "D:\EcoTrack\.venv\Lib\site-packages\aiohttp\connector.py", line 1571, in _create_direct_connection
    hosts = await self._resolve_host(host, port, traces=traces)
            ^^^^^^^^^^^^^^^^^^^^^^^^^^^^^^^^^^^^^^^^^^^^^^^^^^^
  File "D:\EcoTrack\.venv\Lib\site-packages\aiohttp\connector.py", line 1181, in _resolve_host
    return await asyncio.shield(resolved_host_task)
           ^^^^^^^^^^^^^^^^^^^^^^^^^^^^^^^^^^^^^^^^
  File "D:\EcoTrack\.venv\Lib\site-packages\aiohttp\connector.py", line 1212, in _resolve_host_with_throttle
    addrs = await self._resolver.resolve(host, port, family=self._family)
            ^^^^^^^^^^^^^^^^^^^^^^^^^^^^^^^^^^^^^^^^^^^^^^^^^^^^^^^^^^^^^
  File "D:\EcoTrack\.venv\Lib\site-packages\aiohttp\resolver.py", line 47, in resolve
    infos = await self._loop.getaddrinfo(
            ^^^^^^^^^^^^^^^^^^^^^^^^^^^^^
  File "C:\Users\JANHAVI TUPE\AppData\Local\Programs\Python\Python311\Lib\asyncio\base_events.py", line 868, in getaddrinfo
    return await self.run_in_executor(
           ^^^^^^^^^^^^^^^^^^^^^^^^^^^
  File "C:\Users\JANHAVI TUPE\AppData\Local\Programs\Python\Python311\Lib\concurrent\futures\thread.py", line 58, in run
    result = self.fn(*self.args, **self.kwargs)
             ^^^^^^^^^^^^^^^^^^^^^^^^^^^^^^^^^^
  File "C:\Users\JANHAVI TUPE\AppData\Local\Programs\Python\Python311\Lib\socket.py", line 962, in getaddrinfo
    for res in _socket.getaddrinfo(host, port, family, type, proto, flags):
               ^^^^^^^^^^^^^^^^^^^^^^^^^^^^^^^^^^^^^^^^^^^^^^^^^^^^^^^^^^^
socket.gaierror: [Errno 11001] getaddrinfo failed

The above exception was the direct cause of the following exception:

Traceback (most recent call last):
  File "D:\EcoTrack\.venv\Lib\site-packages\fsspec\implementations\http.py", line 447, in _info
    await _file_info(
  File "D:\EcoTrack\.venv\Lib\site-packages\fsspec\implementations\http.py", line 861, in _file_info
    r = await session.get(url, allow_redirects=ar, **kwargs)
        ^^^^^^^^^^^^^^^^^^^^^^^^^^^^^^^^^^^^^^^^^^^^^^^^^^^^
  File "D:\EcoTrack\.venv\Lib\site-packages\aiohttp\client.py", line 858, in _request
    resp = await handler(req)
           ^^^^^^^^^^^^^^^^^^
  File "D:\EcoTrack\.venv\Lib\site-packages\aiohttp\client.py", line 812, in _connect_and_send_request
    conn = await self._connector.connect(
           ^^^^^^^^^^^^^^^^^^^^^^^^^^^^^^
  File "D:\EcoTrack\.venv\Lib\site-packages\aiohttp\connector.py", line 657, in connect
    proto = await self._create_connection(req, traces, timeout)
            ^^^^^^^^^^^^^^^^^^^^^^^^^^^^^^^^^^^^^^^^^^^^^^^^^^^
  File "D:\EcoTrack\.venv\Lib\site-packages\aiohttp\connector.py", line 1242, in _create_connection
    _, proto = await self._create_direct_connection(req, traces, timeout)
               ^^^^^^^^^^^^^^^^^^^^^^^^^^^^^^^^^^^^^^^^^^^^^^^^^^^^^^^^^^
  File "D:\EcoTrack\.venv\Lib\site-packages\aiohttp\connector.py", line 1577, in _create_direct_connection
    raise ClientConnectorDNSError(req.connection_key, exc) from exc
aiohttp.client_exceptions.ClientConnectorDNSError: Cannot connect to host data.gesdisc.earthdata.nasa.gov:443 ssl:default [getaddrinfo failed]

The above exception was the direct cause of the following exception:

Traceback (most recent call last):
  File "D:\EcoTrack\.venv\Lib\site-packages\earthaccess\store.py", line 987, in _open_urls_https
    return _open_files(
           ^^^^^^^^^^^^
  File "D:\EcoTrack\.venv\Lib\site-packages\earthaccess\store.py", line 150, in _open_files
    return pqdm(
           ^^^^^
  File "D:\EcoTrack\.venv\Lib\site-packages\pqdm\threads.py", line 22, in pqdm
    return _parallel_process(
           ^^^^^^^^^^^^^^^^^^
  File "D:\EcoTrack\.venv\Lib\site-packages\pqdm\_base.py", line 79, in _parallel_process
    raise e
  File "D:\EcoTrack\.venv\Lib\site-packages\pqdm\_base.py", line 76, in _parallel_process
    results.append(future.result())
                   ^^^^^^^^^^^^^^^
  File "C:\Users\JANHAVI TUPE\AppData\Local\Programs\Python\Python311\Lib\concurrent\futures\_base.py", line 449, in result
    return self.__get_result()
           ^^^^^^^^^^^^^^^^^^^
  File "C:\Users\JANHAVI TUPE\AppData\Local\Programs\Python\Python311\Lib\concurrent\futures\_base.py", line 401, in __get_result
    raise self._exception
  File "C:\Users\JANHAVI TUPE\AppData\Local\Programs\Python\Python311\Lib\concurrent\futures\thread.py", line 58, in run
    result = self.fn(*self.args, **self.kwargs)
             ^^^^^^^^^^^^^^^^^^^^^^^^^^^^^^^^^^
  File "D:\EcoTrack\.venv\Lib\site-packages\earthaccess\store.py", line 137, in multi_thread_open
    f_size = fs.info(url)["size"]
             ^^^^^^^^^^^^
  File "D:\EcoTrack\.venv\Lib\site-packages\fsspec\asyn.py", line 217, in wrapper
    return sync(self.loop, func, *args, **kwargs)
           ^^^^^^^^^^^^^^^^^^^^^^^^^^^^^^^^^^^^^^
  File "D:\EcoTrack\.venv\Lib\site-packages\fsspec\asyn.py", line 106, in sync
    raise return_result
  File "D:\EcoTrack\.venv\Lib\site-packages\fsspec\asyn.py", line 59, in _runner
    result[0] = await coro
                ^^^^^^^^^^
  File "D:\EcoTrack\.venv\Lib\site-packages\fsspec\implementations\http.py", line 460, in _info
    raise FileNotFoundError(url) from exc
FileNotFoundError: https://data.gesdisc.earthdata.nasa.gov/data/OCO2_DATA/OCO2_L2_Lite_FP.11.2r/2023/oco2_LtCO2_231026_B11210Ar_240919181034s.nc4
  [968/1148] 2023-10-26 FAILED (FileNotFoundError: https://data.gesdisc.earthdata.nasa.gov/data/OCO2_DATA/OCO2_L2_Lite_FP.11.2r/2023/oco2_LtCO2_231026_B11210Ar_240919181034s.nc4) — will retry next run
An exception occurred while trying to access remote files via HTTPS
Traceback (most recent call last):
  File "D:\EcoTrack\.venv\Lib\site-packages\aiohttp\connector.py", line 1571, in _create_direct_connection
    hosts = await self._resolve_host(host, port, traces=traces)
            ^^^^^^^^^^^^^^^^^^^^^^^^^^^^^^^^^^^^^^^^^^^^^^^^^^^
  File "D:\EcoTrack\.venv\Lib\site-packages\aiohttp\connector.py", line 1181, in _resolve_host
    return await asyncio.shield(resolved_host_task)
           ^^^^^^^^^^^^^^^^^^^^^^^^^^^^^^^^^^^^^^^^
  File "D:\EcoTrack\.venv\Lib\site-packages\aiohttp\connector.py", line 1212, in _resolve_host_with_throttle
    addrs = await self._resolver.resolve(host, port, family=self._family)
            ^^^^^^^^^^^^^^^^^^^^^^^^^^^^^^^^^^^^^^^^^^^^^^^^^^^^^^^^^^^^^
  File "D:\EcoTrack\.venv\Lib\site-packages\aiohttp\resolver.py", line 47, in resolve
    infos = await self._loop.getaddrinfo(
            ^^^^^^^^^^^^^^^^^^^^^^^^^^^^^
  File "C:\Users\JANHAVI TUPE\AppData\Local\Programs\Python\Python311\Lib\asyncio\base_events.py", line 868, in getaddrinfo
    return await self.run_in_executor(
           ^^^^^^^^^^^^^^^^^^^^^^^^^^^
  File "C:\Users\JANHAVI TUPE\AppData\Local\Programs\Python\Python311\Lib\concurrent\futures\thread.py", line 58, in run
    result = self.fn(*self.args, **self.kwargs)
             ^^^^^^^^^^^^^^^^^^^^^^^^^^^^^^^^^^
  File "C:\Users\JANHAVI TUPE\AppData\Local\Programs\Python\Python311\Lib\socket.py", line 962, in getaddrinfo
    for res in _socket.getaddrinfo(host, port, family, type, proto, flags):
               ^^^^^^^^^^^^^^^^^^^^^^^^^^^^^^^^^^^^^^^^^^^^^^^^^^^^^^^^^^^
socket.gaierror: [Errno 11001] getaddrinfo failed

The above exception was the direct cause of the following exception:

Traceback (most recent call last):
  File "D:\EcoTrack\.venv\Lib\site-packages\fsspec\implementations\http.py", line 447, in _info
    await _file_info(
  File "D:\EcoTrack\.venv\Lib\site-packages\fsspec\implementations\http.py", line 861, in _file_info
    r = await session.get(url, allow_redirects=ar, **kwargs)
        ^^^^^^^^^^^^^^^^^^^^^^^^^^^^^^^^^^^^^^^^^^^^^^^^^^^^
  File "D:\EcoTrack\.venv\Lib\site-packages\aiohttp\client.py", line 858, in _request
    resp = await handler(req)
           ^^^^^^^^^^^^^^^^^^
  File "D:\EcoTrack\.venv\Lib\site-packages\aiohttp\client.py", line 812, in _connect_and_send_request
    conn = await self._connector.connect(
           ^^^^^^^^^^^^^^^^^^^^^^^^^^^^^^
  File "D:\EcoTrack\.venv\Lib\site-packages\aiohttp\connector.py", line 657, in connect
    proto = await self._create_connection(req, traces, timeout)
            ^^^^^^^^^^^^^^^^^^^^^^^^^^^^^^^^^^^^^^^^^^^^^^^^^^^
  File "D:\EcoTrack\.venv\Lib\site-packages\aiohttp\connector.py", line 1242, in _create_connection
    _, proto = await self._create_direct_connection(req, traces, timeout)
               ^^^^^^^^^^^^^^^^^^^^^^^^^^^^^^^^^^^^^^^^^^^^^^^^^^^^^^^^^^
  File "D:\EcoTrack\.venv\Lib\site-packages\aiohttp\connector.py", line 1577, in _create_direct_connection
    raise ClientConnectorDNSError(req.connection_key, exc) from exc
aiohttp.client_exceptions.ClientConnectorDNSError: Cannot connect to host data.gesdisc.earthdata.nasa.gov:443 ssl:default [getaddrinfo failed]

The above exception was the direct cause of the following exception:

Traceback (most recent call last):
  File "D:\EcoTrack\.venv\Lib\site-packages\earthaccess\store.py", line 987, in _open_urls_https
    return _open_files(
           ^^^^^^^^^^^^
  File "D:\EcoTrack\.venv\Lib\site-packages\earthaccess\store.py", line 150, in _open_files
    return pqdm(
           ^^^^^
  File "D:\EcoTrack\.venv\Lib\site-packages\pqdm\threads.py", line 22, in pqdm
    return _parallel_process(
           ^^^^^^^^^^^^^^^^^^
  File "D:\EcoTrack\.venv\Lib\site-packages\pqdm\_base.py", line 79, in _parallel_process
    raise e
  File "D:\EcoTrack\.venv\Lib\site-packages\pqdm\_base.py", line 76, in _parallel_process
    results.append(future.result())
                   ^^^^^^^^^^^^^^^
  File "C:\Users\JANHAVI TUPE\AppData\Local\Programs\Python\Python311\Lib\concurrent\futures\_base.py", line 449, in result
    return self.__get_result()
           ^^^^^^^^^^^^^^^^^^^
  File "C:\Users\JANHAVI TUPE\AppData\Local\Programs\Python\Python311\Lib\concurrent\futures\_base.py", line 401, in __get_result
    raise self._exception
  File "C:\Users\JANHAVI TUPE\AppData\Local\Programs\Python\Python311\Lib\concurrent\futures\thread.py", line 58, in run
    result = self.fn(*self.args, **self.kwargs)
             ^^^^^^^^^^^^^^^^^^^^^^^^^^^^^^^^^^
  File "D:\EcoTrack\.venv\Lib\site-packages\earthaccess\store.py", line 137, in multi_thread_open
    f_size = fs.info(url)["size"]
             ^^^^^^^^^^^^
  File "D:\EcoTrack\.venv\Lib\site-packages\fsspec\asyn.py", line 217, in wrapper
    return sync(self.loop, func, *args, **kwargs)
           ^^^^^^^^^^^^^^^^^^^^^^^^^^^^^^^^^^^^^^
  File "D:\EcoTrack\.venv\Lib\site-packages\fsspec\asyn.py", line 106, in sync
    raise return_result
  File "D:\EcoTrack\.venv\Lib\site-packages\fsspec\asyn.py", line 59, in _runner
    result[0] = await coro
                ^^^^^^^^^^
  File "D:\EcoTrack\.venv\Lib\site-packages\fsspec\implementations\http.py", line 460, in _info
    raise FileNotFoundError(url) from exc
FileNotFoundError: https://data.gesdisc.earthdata.nasa.gov/data/OCO2_DATA/OCO2_L2_Lite_FP.11.2r/2023/oco2_LtCO2_231027_B11210Ar_240919181130s.nc4
  [969/1148] 2023-10-27 FAILED (FileNotFoundError: https://data.gesdisc.earthdata.nasa.gov/data/OCO2_DATA/OCO2_L2_Lite_FP.11.2r/2023/oco2_LtCO2_231027_B11210Ar_240919181130s.nc4) — will retry next run
An exception occurred while trying to access remote files via HTTPS
Traceback (most recent call last):
  File "D:\EcoTrack\.venv\Lib\site-packages\aiohttp\connector.py", line 1571, in _create_direct_connection
    hosts = await self._resolve_host(host, port, traces=traces)
            ^^^^^^^^^^^^^^^^^^^^^^^^^^^^^^^^^^^^^^^^^^^^^^^^^^^
  File "D:\EcoTrack\.venv\Lib\site-packages\aiohttp\connector.py", line 1181, in _resolve_host
    return await asyncio.shield(resolved_host_task)
           ^^^^^^^^^^^^^^^^^^^^^^^^^^^^^^^^^^^^^^^^
  File "D:\EcoTrack\.venv\Lib\site-packages\aiohttp\connector.py", line 1212, in _resolve_host_with_throttle
    addrs = await self._resolver.resolve(host, port, family=self._family)
            ^^^^^^^^^^^^^^^^^^^^^^^^^^^^^^^^^^^^^^^^^^^^^^^^^^^^^^^^^^^^^
  File "D:\EcoTrack\.venv\Lib\site-packages\aiohttp\resolver.py", line 47, in resolve
    infos = await self._loop.getaddrinfo(
            ^^^^^^^^^^^^^^^^^^^^^^^^^^^^^
  File "C:\Users\JANHAVI TUPE\AppData\Local\Programs\Python\Python311\Lib\asyncio\base_events.py", line 868, in getaddrinfo
    return await self.run_in_executor(
           ^^^^^^^^^^^^^^^^^^^^^^^^^^^
  File "C:\Users\JANHAVI TUPE\AppData\Local\Programs\Python\Python311\Lib\concurrent\futures\thread.py", line 58, in run
    result = self.fn(*self.args, **self.kwargs)
             ^^^^^^^^^^^^^^^^^^^^^^^^^^^^^^^^^^
  File "C:\Users\JANHAVI TUPE\AppData\Local\Programs\Python\Python311\Lib\socket.py", line 962, in getaddrinfo
    for res in _socket.getaddrinfo(host, port, family, type, proto, flags):
               ^^^^^^^^^^^^^^^^^^^^^^^^^^^^^^^^^^^^^^^^^^^^^^^^^^^^^^^^^^^
socket.gaierror: [Errno 11001] getaddrinfo failed

The above exception was the direct cause of the following exception:

Traceback (most recent call last):
  File "D:\EcoTrack\.venv\Lib\site-packages\fsspec\implementations\http.py", line 447, in _info
    await _file_info(
  File "D:\EcoTrack\.venv\Lib\site-packages\fsspec\implementations\http.py", line 861, in _file_info
    r = await session.get(url, allow_redirects=ar, **kwargs)
        ^^^^^^^^^^^^^^^^^^^^^^^^^^^^^^^^^^^^^^^^^^^^^^^^^^^^
  File "D:\EcoTrack\.venv\Lib\site-packages\aiohttp\client.py", line 858, in _request
    resp = await handler(req)
           ^^^^^^^^^^^^^^^^^^
  File "D:\EcoTrack\.venv\Lib\site-packages\aiohttp\client.py", line 812, in _connect_and_send_request
    conn = await self._connector.connect(
           ^^^^^^^^^^^^^^^^^^^^^^^^^^^^^^
  File "D:\EcoTrack\.venv\Lib\site-packages\aiohttp\connector.py", line 657, in connect
    proto = await self._create_connection(req, traces, timeout)
            ^^^^^^^^^^^^^^^^^^^^^^^^^^^^^^^^^^^^^^^^^^^^^^^^^^^
  File "D:\EcoTrack\.venv\Lib\site-packages\aiohttp\connector.py", line 1242, in _create_connection
    _, proto = await self._create_direct_connection(req, traces, timeout)
               ^^^^^^^^^^^^^^^^^^^^^^^^^^^^^^^^^^^^^^^^^^^^^^^^^^^^^^^^^^
  File "D:\EcoTrack\.venv\Lib\site-packages\aiohttp\connector.py", line 1577, in _create_direct_connection
    raise ClientConnectorDNSError(req.connection_key, exc) from exc
aiohttp.client_exceptions.ClientConnectorDNSError: Cannot connect to host data.gesdisc.earthdata.nasa.gov:443 ssl:default [getaddrinfo failed]

The above exception was the direct cause of the following exception:

Traceback (most recent call last):
  File "D:\EcoTrack\.venv\Lib\site-packages\earthaccess\store.py", line 987, in _open_urls_https
    return _open_files(
           ^^^^^^^^^^^^
  File "D:\EcoTrack\.venv\Lib\site-packages\earthaccess\store.py", line 150, in _open_files
    return pqdm(
           ^^^^^
  File "D:\EcoTrack\.venv\Lib\site-packages\pqdm\threads.py", line 22, in pqdm
    return _parallel_process(
           ^^^^^^^^^^^^^^^^^^
  File "D:\EcoTrack\.venv\Lib\site-packages\pqdm\_base.py", line 79, in _parallel_process
    raise e
  File "D:\EcoTrack\.venv\Lib\site-packages\pqdm\_base.py", line 76, in _parallel_process
    results.append(future.result())
                   ^^^^^^^^^^^^^^^
  File "C:\Users\JANHAVI TUPE\AppData\Local\Programs\Python\Python311\Lib\concurrent\futures\_base.py", line 449, in result
    return self.__get_result()
           ^^^^^^^^^^^^^^^^^^^
  File "C:\Users\JANHAVI TUPE\AppData\Local\Programs\Python\Python311\Lib\concurrent\futures\_base.py", line 401, in __get_result
    raise self._exception
  File "C:\Users\JANHAVI TUPE\AppData\Local\Programs\Python\Python311\Lib\concurrent\futures\thread.py", line 58, in run
    result = self.fn(*self.args, **self.kwargs)
             ^^^^^^^^^^^^^^^^^^^^^^^^^^^^^^^^^^
  File "D:\EcoTrack\.venv\Lib\site-packages\earthaccess\store.py", line 137, in multi_thread_open
    f_size = fs.info(url)["size"]
             ^^^^^^^^^^^^
  File "D:\EcoTrack\.venv\Lib\site-packages\fsspec\asyn.py", line 217, in wrapper
    return sync(self.loop, func, *args, **kwargs)
           ^^^^^^^^^^^^^^^^^^^^^^^^^^^^^^^^^^^^^^
  File "D:\EcoTrack\.venv\Lib\site-packages\fsspec\asyn.py", line 106, in sync
    raise return_result
  File "D:\EcoTrack\.venv\Lib\site-packages\fsspec\asyn.py", line 59, in _runner
    result[0] = await coro
                ^^^^^^^^^^
  File "D:\EcoTrack\.venv\Lib\site-packages\fsspec\implementations\http.py", line 460, in _info
    raise FileNotFoundError(url) from exc
FileNotFoundError: https://data.gesdisc.earthdata.nasa.gov/data/OCO2_DATA/OCO2_L2_Lite_FP.11.2r/2023/oco2_LtCO2_231029_B11210Ar_240919181152s.nc4
  [970/1148] 2023-10-29 FAILED (FileNotFoundError: https://data.gesdisc.earthdata.nasa.gov/data/OCO2_DATA/OCO2_L2_Lite_FP.11.2r/2023/oco2_LtCO2_231029_B11210Ar_240919181152s.nc4) — will retry next run
An exception occurred while trying to access remote files via HTTPS
Traceback (most recent call last):
  File "D:\EcoTrack\.venv\Lib\site-packages\aiohttp\connector.py", line 1571, in _create_direct_connection
    hosts = await self._resolve_host(host, port, traces=traces)
            ^^^^^^^^^^^^^^^^^^^^^^^^^^^^^^^^^^^^^^^^^^^^^^^^^^^
  File "D:\EcoTrack\.venv\Lib\site-packages\aiohttp\connector.py", line 1181, in _resolve_host
    return await asyncio.shield(resolved_host_task)
           ^^^^^^^^^^^^^^^^^^^^^^^^^^^^^^^^^^^^^^^^
  File "D:\EcoTrack\.venv\Lib\site-packages\aiohttp\connector.py", line 1212, in _resolve_host_with_throttle
    addrs = await self._resolver.resolve(host, port, family=self._family)
            ^^^^^^^^^^^^^^^^^^^^^^^^^^^^^^^^^^^^^^^^^^^^^^^^^^^^^^^^^^^^^
  File "D:\EcoTrack\.venv\Lib\site-packages\aiohttp\resolver.py", line 47, in resolve
    infos = await self._loop.getaddrinfo(
            ^^^^^^^^^^^^^^^^^^^^^^^^^^^^^
  File "C:\Users\JANHAVI TUPE\AppData\Local\Programs\Python\Python311\Lib\asyncio\base_events.py", line 868, in getaddrinfo
    return await self.run_in_executor(
           ^^^^^^^^^^^^^^^^^^^^^^^^^^^
  File "C:\Users\JANHAVI TUPE\AppData\Local\Programs\Python\Python311\Lib\concurrent\futures\thread.py", line 58, in run
    result = self.fn(*self.args, **self.kwargs)
             ^^^^^^^^^^^^^^^^^^^^^^^^^^^^^^^^^^
  File "C:\Users\JANHAVI TUPE\AppData\Local\Programs\Python\Python311\Lib\socket.py", line 962, in getaddrinfo
    for res in _socket.getaddrinfo(host, port, family, type, proto, flags):
               ^^^^^^^^^^^^^^^^^^^^^^^^^^^^^^^^^^^^^^^^^^^^^^^^^^^^^^^^^^^
socket.gaierror: [Errno 11001] getaddrinfo failed

The above exception was the direct cause of the following exception:

Traceback (most recent call last):
  File "D:\EcoTrack\.venv\Lib\site-packages\fsspec\implementations\http.py", line 447, in _info
    await _file_info(
  File "D:\EcoTrack\.venv\Lib\site-packages\fsspec\implementations\http.py", line 861, in _file_info
    r = await session.get(url, allow_redirects=ar, **kwargs)
        ^^^^^^^^^^^^^^^^^^^^^^^^^^^^^^^^^^^^^^^^^^^^^^^^^^^^
  File "D:\EcoTrack\.venv\Lib\site-packages\aiohttp\client.py", line 858, in _request
    resp = await handler(req)
           ^^^^^^^^^^^^^^^^^^
  File "D:\EcoTrack\.venv\Lib\site-packages\aiohttp\client.py", line 812, in _connect_and_send_request
    conn = await self._connector.connect(
           ^^^^^^^^^^^^^^^^^^^^^^^^^^^^^^
  File "D:\EcoTrack\.venv\Lib\site-packages\aiohttp\connector.py", line 657, in connect
    proto = await self._create_connection(req, traces, timeout)
            ^^^^^^^^^^^^^^^^^^^^^^^^^^^^^^^^^^^^^^^^^^^^^^^^^^^
  File "D:\EcoTrack\.venv\Lib\site-packages\aiohttp\connector.py", line 1242, in _create_connection
    _, proto = await self._create_direct_connection(req, traces, timeout)
               ^^^^^^^^^^^^^^^^^^^^^^^^^^^^^^^^^^^^^^^^^^^^^^^^^^^^^^^^^^
  File "D:\EcoTrack\.venv\Lib\site-packages\aiohttp\connector.py", line 1577, in _create_direct_connection
    raise ClientConnectorDNSError(req.connection_key, exc) from exc
aiohttp.client_exceptions.ClientConnectorDNSError: Cannot connect to host data.gesdisc.earthdata.nasa.gov:443 ssl:default [getaddrinfo failed]

The above exception was the direct cause of the following exception:

Traceback (most recent call last):
  File "D:\EcoTrack\.venv\Lib\site-packages\earthaccess\store.py", line 987, in _open_urls_https
    return _open_files(
           ^^^^^^^^^^^^
  File "D:\EcoTrack\.venv\Lib\site-packages\earthaccess\store.py", line 150, in _open_files
    return pqdm(
           ^^^^^
  File "D:\EcoTrack\.venv\Lib\site-packages\pqdm\threads.py", line 22, in pqdm
    return _parallel_process(
           ^^^^^^^^^^^^^^^^^^
  File "D:\EcoTrack\.venv\Lib\site-packages\pqdm\_base.py", line 79, in _parallel_process
    raise e
  File "D:\EcoTrack\.venv\Lib\site-packages\pqdm\_base.py", line 76, in _parallel_process
    results.append(future.result())
                   ^^^^^^^^^^^^^^^
  File "C:\Users\JANHAVI TUPE\AppData\Local\Programs\Python\Python311\Lib\concurrent\futures\_base.py", line 449, in result
    return self.__get_result()
           ^^^^^^^^^^^^^^^^^^^
  File "C:\Users\JANHAVI TUPE\AppData\Local\Programs\Python\Python311\Lib\concurrent\futures\_base.py", line 401, in __get_result
    raise self._exception
  File "C:\Users\JANHAVI TUPE\AppData\Local\Programs\Python\Python311\Lib\concurrent\futures\thread.py", line 58, in run
    result = self.fn(*self.args, **self.kwargs)
             ^^^^^^^^^^^^^^^^^^^^^^^^^^^^^^^^^^
  File "D:\EcoTrack\.venv\Lib\site-packages\earthaccess\store.py", line 137, in multi_thread_open
    f_size = fs.info(url)["size"]
             ^^^^^^^^^^^^
  File "D:\EcoTrack\.venv\Lib\site-packages\fsspec\asyn.py", line 217, in wrapper
    return sync(self.loop, func, *args, **kwargs)
           ^^^^^^^^^^^^^^^^^^^^^^^^^^^^^^^^^^^^^^
  File "D:\EcoTrack\.venv\Lib\site-packages\fsspec\asyn.py", line 106, in sync
    raise return_result
  File "D:\EcoTrack\.venv\Lib\site-packages\fsspec\asyn.py", line 59, in _runner
    result[0] = await coro
                ^^^^^^^^^^
  File "D:\EcoTrack\.venv\Lib\site-packages\fsspec\implementations\http.py", line 460, in _info
    raise FileNotFoundError(url) from exc
FileNotFoundError: https://data.gesdisc.earthdata.nasa.gov/data/OCO2_DATA/OCO2_L2_Lite_FP.11.2r/2023/oco2_LtCO2_231030_B11210Ar_240919181238s.nc4
  [971/1148] 2023-10-30 FAILED (FileNotFoundError: https://data.gesdisc.earthdata.nasa.gov/data/OCO2_DATA/OCO2_L2_Lite_FP.11.2r/2023/oco2_LtCO2_231030_B11210Ar_240919181238s.nc4) — will retry next run
An exception occurred while trying to access remote files via HTTPS
Traceback (most recent call last):
  File "D:\EcoTrack\.venv\Lib\site-packages\aiohttp\connector.py", line 1571, in _create_direct_connection
    hosts = await self._resolve_host(host, port, traces=traces)
            ^^^^^^^^^^^^^^^^^^^^^^^^^^^^^^^^^^^^^^^^^^^^^^^^^^^
  File "D:\EcoTrack\.venv\Lib\site-packages\aiohttp\connector.py", line 1181, in _resolve_host
    return await asyncio.shield(resolved_host_task)
           ^^^^^^^^^^^^^^^^^^^^^^^^^^^^^^^^^^^^^^^^
  File "D:\EcoTrack\.venv\Lib\site-packages\aiohttp\connector.py", line 1212, in _resolve_host_with_throttle
    addrs = await self._resolver.resolve(host, port, family=self._family)
            ^^^^^^^^^^^^^^^^^^^^^^^^^^^^^^^^^^^^^^^^^^^^^^^^^^^^^^^^^^^^^
  File "D:\EcoTrack\.venv\Lib\site-packages\aiohttp\resolver.py", line 47, in resolve
    infos = await self._loop.getaddrinfo(
            ^^^^^^^^^^^^^^^^^^^^^^^^^^^^^
  File "C:\Users\JANHAVI TUPE\AppData\Local\Programs\Python\Python311\Lib\asyncio\base_events.py", line 868, in getaddrinfo
    return await self.run_in_executor(
           ^^^^^^^^^^^^^^^^^^^^^^^^^^^
  File "C:\Users\JANHAVI TUPE\AppData\Local\Programs\Python\Python311\Lib\concurrent\futures\thread.py", line 58, in run
    result = self.fn(*self.args, **self.kwargs)
             ^^^^^^^^^^^^^^^^^^^^^^^^^^^^^^^^^^
  File "C:\Users\JANHAVI TUPE\AppData\Local\Programs\Python\Python311\Lib\socket.py", line 962, in getaddrinfo
    for res in _socket.getaddrinfo(host, port, family, type, proto, flags):
               ^^^^^^^^^^^^^^^^^^^^^^^^^^^^^^^^^^^^^^^^^^^^^^^^^^^^^^^^^^^
socket.gaierror: [Errno 11001] getaddrinfo failed

The above exception was the direct cause of the following exception:

Traceback (most recent call last):
  File "D:\EcoTrack\.venv\Lib\site-packages\fsspec\implementations\http.py", line 447, in _info
    await _file_info(
  File "D:\EcoTrack\.venv\Lib\site-packages\fsspec\implementations\http.py", line 861, in _file_info
    r = await session.get(url, allow_redirects=ar, **kwargs)
        ^^^^^^^^^^^^^^^^^^^^^^^^^^^^^^^^^^^^^^^^^^^^^^^^^^^^
  File "D:\EcoTrack\.venv\Lib\site-packages\aiohttp\client.py", line 858, in _request
    resp = await handler(req)
           ^^^^^^^^^^^^^^^^^^
  File "D:\EcoTrack\.venv\Lib\site-packages\aiohttp\client.py", line 812, in _connect_and_send_request
    conn = await self._connector.connect(
           ^^^^^^^^^^^^^^^^^^^^^^^^^^^^^^
  File "D:\EcoTrack\.venv\Lib\site-packages\aiohttp\connector.py", line 657, in connect
    proto = await self._create_connection(req, traces, timeout)
            ^^^^^^^^^^^^^^^^^^^^^^^^^^^^^^^^^^^^^^^^^^^^^^^^^^^
  File "D:\EcoTrack\.venv\Lib\site-packages\aiohttp\connector.py", line 1242, in _create_connection
    _, proto = await self._create_direct_connection(req, traces, timeout)
               ^^^^^^^^^^^^^^^^^^^^^^^^^^^^^^^^^^^^^^^^^^^^^^^^^^^^^^^^^^
  File "D:\EcoTrack\.venv\Lib\site-packages\aiohttp\connector.py", line 1577, in _create_direct_connection
    raise ClientConnectorDNSError(req.connection_key, exc) from exc
aiohttp.client_exceptions.ClientConnectorDNSError: Cannot connect to host data.gesdisc.earthdata.nasa.gov:443 ssl:default [getaddrinfo failed]

The above exception was the direct cause of the following exception:

Traceback (most recent call last):
  File "D:\EcoTrack\.venv\Lib\site-packages\earthaccess\store.py", line 987, in _open_urls_https
    return _open_files(
           ^^^^^^^^^^^^
  File "D:\EcoTrack\.venv\Lib\site-packages\earthaccess\store.py", line 150, in _open_files
    return pqdm(
           ^^^^^
  File "D:\EcoTrack\.venv\Lib\site-packages\pqdm\threads.py", line 22, in pqdm
    return _parallel_process(
           ^^^^^^^^^^^^^^^^^^
  File "D:\EcoTrack\.venv\Lib\site-packages\pqdm\_base.py", line 79, in _parallel_process
    raise e
  File "D:\EcoTrack\.venv\Lib\site-packages\pqdm\_base.py", line 76, in _parallel_process
    results.append(future.result())
                   ^^^^^^^^^^^^^^^
  File "C:\Users\JANHAVI TUPE\AppData\Local\Programs\Python\Python311\Lib\concurrent\futures\_base.py", line 449, in result
    return self.__get_result()
           ^^^^^^^^^^^^^^^^^^^
  File "C:\Users\JANHAVI TUPE\AppData\Local\Programs\Python\Python311\Lib\concurrent\futures\_base.py", line 401, in __get_result
    raise self._exception
  File "C:\Users\JANHAVI TUPE\AppData\Local\Programs\Python\Python311\Lib\concurrent\futures\thread.py", line 58, in run
    result = self.fn(*self.args, **self.kwargs)
             ^^^^^^^^^^^^^^^^^^^^^^^^^^^^^^^^^^
  File "D:\EcoTrack\.venv\Lib\site-packages\earthaccess\store.py", line 137, in multi_thread_open
    f_size = fs.info(url)["size"]
             ^^^^^^^^^^^^
  File "D:\EcoTrack\.venv\Lib\site-packages\fsspec\asyn.py", line 217, in wrapper
    return sync(self.loop, func, *args, **kwargs)
           ^^^^^^^^^^^^^^^^^^^^^^^^^^^^^^^^^^^^^^
  File "D:\EcoTrack\.venv\Lib\site-packages\fsspec\asyn.py", line 106, in sync
    raise return_result
  File "D:\EcoTrack\.venv\Lib\site-packages\fsspec\asyn.py", line 59, in _runner
    result[0] = await coro
                ^^^^^^^^^^
  File "D:\EcoTrack\.venv\Lib\site-packages\fsspec\implementations\http.py", line 460, in _info
    raise FileNotFoundError(url) from exc
FileNotFoundError: https://data.gesdisc.earthdata.nasa.gov/data/OCO2_DATA/OCO2_L2_Lite_FP.11.2r/2023/oco2_LtCO2_231031_B11210Ar_240919181303s.nc4
  [972/1148] 2023-10-31 FAILED (FileNotFoundError: https://data.gesdisc.earthdata.nasa.gov/data/OCO2_DATA/OCO2_L2_Lite_FP.11.2r/2023/oco2_LtCO2_231031_B11210Ar_240919181303s.nc4) — will retry next run
An exception occurred while trying to access remote files via HTTPS
Traceback (most recent call last):
  File "D:\EcoTrack\.venv\Lib\site-packages\aiohttp\connector.py", line 1571, in _create_direct_connection
    hosts = await self._resolve_host(host, port, traces=traces)
            ^^^^^^^^^^^^^^^^^^^^^^^^^^^^^^^^^^^^^^^^^^^^^^^^^^^
  File "D:\EcoTrack\.venv\Lib\site-packages\aiohttp\connector.py", line 1181, in _resolve_host
    return await asyncio.shield(resolved_host_task)
           ^^^^^^^^^^^^^^^^^^^^^^^^^^^^^^^^^^^^^^^^
  File "D:\EcoTrack\.venv\Lib\site-packages\aiohttp\connector.py", line 1212, in _resolve_host_with_throttle
    addrs = await self._resolver.resolve(host, port, family=self._family)
            ^^^^^^^^^^^^^^^^^^^^^^^^^^^^^^^^^^^^^^^^^^^^^^^^^^^^^^^^^^^^^
  File "D:\EcoTrack\.venv\Lib\site-packages\aiohttp\resolver.py", line 47, in resolve
    infos = await self._loop.getaddrinfo(
            ^^^^^^^^^^^^^^^^^^^^^^^^^^^^^
  File "C:\Users\JANHAVI TUPE\AppData\Local\Programs\Python\Python311\Lib\asyncio\base_events.py", line 868, in getaddrinfo
    return await self.run_in_executor(
           ^^^^^^^^^^^^^^^^^^^^^^^^^^^
  File "C:\Users\JANHAVI TUPE\AppData\Local\Programs\Python\Python311\Lib\concurrent\futures\thread.py", line 58, in run
    result = self.fn(*self.args, **self.kwargs)
             ^^^^^^^^^^^^^^^^^^^^^^^^^^^^^^^^^^
  File "C:\Users\JANHAVI TUPE\AppData\Local\Programs\Python\Python311\Lib\socket.py", line 962, in getaddrinfo
    for res in _socket.getaddrinfo(host, port, family, type, proto, flags):
               ^^^^^^^^^^^^^^^^^^^^^^^^^^^^^^^^^^^^^^^^^^^^^^^^^^^^^^^^^^^
socket.gaierror: [Errno 11001] getaddrinfo failed

The above exception was the direct cause of the following exception:

Traceback (most recent call last):
  File "D:\EcoTrack\.venv\Lib\site-packages\fsspec\implementations\http.py", line 447, in _info
    await _file_info(
  File "D:\EcoTrack\.venv\Lib\site-packages\fsspec\implementations\http.py", line 861, in _file_info
    r = await session.get(url, allow_redirects=ar, **kwargs)
        ^^^^^^^^^^^^^^^^^^^^^^^^^^^^^^^^^^^^^^^^^^^^^^^^^^^^
  File "D:\EcoTrack\.venv\Lib\site-packages\aiohttp\client.py", line 858, in _request
    resp = await handler(req)
           ^^^^^^^^^^^^^^^^^^
  File "D:\EcoTrack\.venv\Lib\site-packages\aiohttp\client.py", line 812, in _connect_and_send_request
    conn = await self._connector.connect(
           ^^^^^^^^^^^^^^^^^^^^^^^^^^^^^^
  File "D:\EcoTrack\.venv\Lib\site-packages\aiohttp\connector.py", line 657, in connect
    proto = await self._create_connection(req, traces, timeout)
            ^^^^^^^^^^^^^^^^^^^^^^^^^^^^^^^^^^^^^^^^^^^^^^^^^^^
  File "D:\EcoTrack\.venv\Lib\site-packages\aiohttp\connector.py", line 1242, in _create_connection
    _, proto = await self._create_direct_connection(req, traces, timeout)
               ^^^^^^^^^^^^^^^^^^^^^^^^^^^^^^^^^^^^^^^^^^^^^^^^^^^^^^^^^^
  File "D:\EcoTrack\.venv\Lib\site-packages\aiohttp\connector.py", line 1577, in _create_direct_connection
    raise ClientConnectorDNSError(req.connection_key, exc) from exc
aiohttp.client_exceptions.ClientConnectorDNSError: Cannot connect to host data.gesdisc.earthdata.nasa.gov:443 ssl:default [getaddrinfo failed]

The above exception was the direct cause of the following exception:

Traceback (most recent call last):
  File "D:\EcoTrack\.venv\Lib\site-packages\earthaccess\store.py", line 987, in _open_urls_https
    return _open_files(
           ^^^^^^^^^^^^
  File "D:\EcoTrack\.venv\Lib\site-packages\earthaccess\store.py", line 150, in _open_files
    return pqdm(
           ^^^^^
  File "D:\EcoTrack\.venv\Lib\site-packages\pqdm\threads.py", line 22, in pqdm
    return _parallel_process(
           ^^^^^^^^^^^^^^^^^^
  File "D:\EcoTrack\.venv\Lib\site-packages\pqdm\_base.py", line 79, in _parallel_process
    raise e
  File "D:\EcoTrack\.venv\Lib\site-packages\pqdm\_base.py", line 76, in _parallel_process
    results.append(future.result())
                   ^^^^^^^^^^^^^^^
  File "C:\Users\JANHAVI TUPE\AppData\Local\Programs\Python\Python311\Lib\concurrent\futures\_base.py", line 449, in result
    return self.__get_result()
           ^^^^^^^^^^^^^^^^^^^
  File "C:\Users\JANHAVI TUPE\AppData\Local\Programs\Python\Python311\Lib\concurrent\futures\_base.py", line 401, in __get_result
    raise self._exception
  File "C:\Users\JANHAVI TUPE\AppData\Local\Programs\Python\Python311\Lib\concurrent\futures\thread.py", line 58, in run
    result = self.fn(*self.args, **self.kwargs)
             ^^^^^^^^^^^^^^^^^^^^^^^^^^^^^^^^^^
  File "D:\EcoTrack\.venv\Lib\site-packages\earthaccess\store.py", line 137, in multi_thread_open
    f_size = fs.info(url)["size"]
             ^^^^^^^^^^^^
  File "D:\EcoTrack\.venv\Lib\site-packages\fsspec\asyn.py", line 217, in wrapper
    return sync(self.loop, func, *args, **kwargs)
           ^^^^^^^^^^^^^^^^^^^^^^^^^^^^^^^^^^^^^^
  File "D:\EcoTrack\.venv\Lib\site-packages\fsspec\asyn.py", line 106, in sync
    raise return_result
  File "D:\EcoTrack\.venv\Lib\site-packages\fsspec\asyn.py", line 59, in _runner
    result[0] = await coro
                ^^^^^^^^^^
  File "D:\EcoTrack\.venv\Lib\site-packages\fsspec\implementations\http.py", line 460, in _info
    raise FileNotFoundError(url) from exc
FileNotFoundError: https://data.gesdisc.earthdata.nasa.gov/data/OCO2_DATA/OCO2_L2_Lite_FP.11.2r/2023/oco2_LtCO2_231101_B11210Ar_240919173600s.nc4
  [973/1148] 2023-11-01 FAILED (FileNotFoundError: https://data.gesdisc.earthdata.nasa.gov/data/OCO2_DATA/OCO2_L2_Lite_FP.11.2r/2023/oco2_LtCO2_231101_B11210Ar_240919173600s.nc4) — will retry next run
An exception occurred while trying to access remote files via HTTPS
Traceback (most recent call last):
  File "D:\EcoTrack\.venv\Lib\site-packages\aiohttp\connector.py", line 1571, in _create_direct_connection
    hosts = await self._resolve_host(host, port, traces=traces)
            ^^^^^^^^^^^^^^^^^^^^^^^^^^^^^^^^^^^^^^^^^^^^^^^^^^^
  File "D:\EcoTrack\.venv\Lib\site-packages\aiohttp\connector.py", line 1181, in _resolve_host
    return await asyncio.shield(resolved_host_task)
           ^^^^^^^^^^^^^^^^^^^^^^^^^^^^^^^^^^^^^^^^
  File "D:\EcoTrack\.venv\Lib\site-packages\aiohttp\connector.py", line 1212, in _resolve_host_with_throttle
    addrs = await self._resolver.resolve(host, port, family=self._family)
            ^^^^^^^^^^^^^^^^^^^^^^^^^^^^^^^^^^^^^^^^^^^^^^^^^^^^^^^^^^^^^
  File "D:\EcoTrack\.venv\Lib\site-packages\aiohttp\resolver.py", line 47, in resolve
    infos = await self._loop.getaddrinfo(
            ^^^^^^^^^^^^^^^^^^^^^^^^^^^^^
  File "C:\Users\JANHAVI TUPE\AppData\Local\Programs\Python\Python311\Lib\asyncio\base_events.py", line 868, in getaddrinfo
    return await self.run_in_executor(
           ^^^^^^^^^^^^^^^^^^^^^^^^^^^
  File "C:\Users\JANHAVI TUPE\AppData\Local\Programs\Python\Python311\Lib\concurrent\futures\thread.py", line 58, in run
    result = self.fn(*self.args, **self.kwargs)
             ^^^^^^^^^^^^^^^^^^^^^^^^^^^^^^^^^^
  File "C:\Users\JANHAVI TUPE\AppData\Local\Programs\Python\Python311\Lib\socket.py", line 962, in getaddrinfo
    for res in _socket.getaddrinfo(host, port, family, type, proto, flags):
               ^^^^^^^^^^^^^^^^^^^^^^^^^^^^^^^^^^^^^^^^^^^^^^^^^^^^^^^^^^^
socket.gaierror: [Errno 11001] getaddrinfo failed

The above exception was the direct cause of the following exception:

Traceback (most recent call last):
  File "D:\EcoTrack\.venv\Lib\site-packages\fsspec\implementations\http.py", line 447, in _info
    await _file_info(
  File "D:\EcoTrack\.venv\Lib\site-packages\fsspec\implementations\http.py", line 861, in _file_info
    r = await session.get(url, allow_redirects=ar, **kwargs)
        ^^^^^^^^^^^^^^^^^^^^^^^^^^^^^^^^^^^^^^^^^^^^^^^^^^^^
  File "D:\EcoTrack\.venv\Lib\site-packages\aiohttp\client.py", line 858, in _request
    resp = await handler(req)
           ^^^^^^^^^^^^^^^^^^
  File "D:\EcoTrack\.venv\Lib\site-packages\aiohttp\client.py", line 812, in _connect_and_send_request
    conn = await self._connector.connect(
           ^^^^^^^^^^^^^^^^^^^^^^^^^^^^^^
  File "D:\EcoTrack\.venv\Lib\site-packages\aiohttp\connector.py", line 657, in connect
    proto = await self._create_connection(req, traces, timeout)
            ^^^^^^^^^^^^^^^^^^^^^^^^^^^^^^^^^^^^^^^^^^^^^^^^^^^
  File "D:\EcoTrack\.venv\Lib\site-packages\aiohttp\connector.py", line 1242, in _create_connection
    _, proto = await self._create_direct_connection(req, traces, timeout)
               ^^^^^^^^^^^^^^^^^^^^^^^^^^^^^^^^^^^^^^^^^^^^^^^^^^^^^^^^^^
  File "D:\EcoTrack\.venv\Lib\site-packages\aiohttp\connector.py", line 1577, in _create_direct_connection
    raise ClientConnectorDNSError(req.connection_key, exc) from exc
aiohttp.client_exceptions.ClientConnectorDNSError: Cannot connect to host data.gesdisc.earthdata.nasa.gov:443 ssl:default [getaddrinfo failed]

The above exception was the direct cause of the following exception:

Traceback (most recent call last):
  File "D:\EcoTrack\.venv\Lib\site-packages\earthaccess\store.py", line 987, in _open_urls_https
    return _open_files(
           ^^^^^^^^^^^^
  File "D:\EcoTrack\.venv\Lib\site-packages\earthaccess\store.py", line 150, in _open_files
    return pqdm(
           ^^^^^
  File "D:\EcoTrack\.venv\Lib\site-packages\pqdm\threads.py", line 22, in pqdm
    return _parallel_process(
           ^^^^^^^^^^^^^^^^^^
  File "D:\EcoTrack\.venv\Lib\site-packages\pqdm\_base.py", line 79, in _parallel_process
    raise e
  File "D:\EcoTrack\.venv\Lib\site-packages\pqdm\_base.py", line 76, in _parallel_process
    results.append(future.result())
                   ^^^^^^^^^^^^^^^
  File "C:\Users\JANHAVI TUPE\AppData\Local\Programs\Python\Python311\Lib\concurrent\futures\_base.py", line 449, in result
    return self.__get_result()
           ^^^^^^^^^^^^^^^^^^^
  File "C:\Users\JANHAVI TUPE\AppData\Local\Programs\Python\Python311\Lib\concurrent\futures\_base.py", line 401, in __get_result
    raise self._exception
  File "C:\Users\JANHAVI TUPE\AppData\Local\Programs\Python\Python311\Lib\concurrent\futures\thread.py", line 58, in run
    result = self.fn(*self.args, **self.kwargs)
             ^^^^^^^^^^^^^^^^^^^^^^^^^^^^^^^^^^
  File "D:\EcoTrack\.venv\Lib\site-packages\earthaccess\store.py", line 137, in multi_thread_open
    f_size = fs.info(url)["size"]
             ^^^^^^^^^^^^
  File "D:\EcoTrack\.venv\Lib\site-packages\fsspec\asyn.py", line 217, in wrapper
    return sync(self.loop, func, *args, **kwargs)
           ^^^^^^^^^^^^^^^^^^^^^^^^^^^^^^^^^^^^^^
  File "D:\EcoTrack\.venv\Lib\site-packages\fsspec\asyn.py", line 106, in sync
    raise return_result
  File "D:\EcoTrack\.venv\Lib\site-packages\fsspec\asyn.py", line 59, in _runner
    result[0] = await coro
                ^^^^^^^^^^
  File "D:\EcoTrack\.venv\Lib\site-packages\fsspec\implementations\http.py", line 460, in _info
    raise FileNotFoundError(url) from exc
FileNotFoundError: https://data.gesdisc.earthdata.nasa.gov/data/OCO2_DATA/OCO2_L2_Lite_FP.11.2r/2023/oco2_LtCO2_231102_B11210Ar_240919181404s.nc4
  [974/1148] 2023-11-02 FAILED (FileNotFoundError: https://data.gesdisc.earthdata.nasa.gov/data/OCO2_DATA/OCO2_L2_Lite_FP.11.2r/2023/oco2_LtCO2_231102_B11210Ar_240919181404s.nc4) — will retry next run
An exception occurred while trying to access remote files via HTTPS
Traceback (most recent call last):
  File "D:\EcoTrack\.venv\Lib\site-packages\aiohttp\connector.py", line 1571, in _create_direct_connection
    hosts = await self._resolve_host(host, port, traces=traces)
            ^^^^^^^^^^^^^^^^^^^^^^^^^^^^^^^^^^^^^^^^^^^^^^^^^^^
  File "D:\EcoTrack\.venv\Lib\site-packages\aiohttp\connector.py", line 1181, in _resolve_host
    return await asyncio.shield(resolved_host_task)
           ^^^^^^^^^^^^^^^^^^^^^^^^^^^^^^^^^^^^^^^^
  File "D:\EcoTrack\.venv\Lib\site-packages\aiohttp\connector.py", line 1212, in _resolve_host_with_throttle
    addrs = await self._resolver.resolve(host, port, family=self._family)
            ^^^^^^^^^^^^^^^^^^^^^^^^^^^^^^^^^^^^^^^^^^^^^^^^^^^^^^^^^^^^^
  File "D:\EcoTrack\.venv\Lib\site-packages\aiohttp\resolver.py", line 47, in resolve
    infos = await self._loop.getaddrinfo(
            ^^^^^^^^^^^^^^^^^^^^^^^^^^^^^
  File "C:\Users\JANHAVI TUPE\AppData\Local\Programs\Python\Python311\Lib\asyncio\base_events.py", line 868, in getaddrinfo
    return await self.run_in_executor(
           ^^^^^^^^^^^^^^^^^^^^^^^^^^^
  File "C:\Users\JANHAVI TUPE\AppData\Local\Programs\Python\Python311\Lib\concurrent\futures\thread.py", line 58, in run
    result = self.fn(*self.args, **self.kwargs)
             ^^^^^^^^^^^^^^^^^^^^^^^^^^^^^^^^^^
  File "C:\Users\JANHAVI TUPE\AppData\Local\Programs\Python\Python311\Lib\socket.py", line 962, in getaddrinfo
    for res in _socket.getaddrinfo(host, port, family, type, proto, flags):
               ^^^^^^^^^^^^^^^^^^^^^^^^^^^^^^^^^^^^^^^^^^^^^^^^^^^^^^^^^^^
socket.gaierror: [Errno 11001] getaddrinfo failed

The above exception was the direct cause of the following exception:

Traceback (most recent call last):
  File "D:\EcoTrack\.venv\Lib\site-packages\fsspec\implementations\http.py", line 447, in _info
    await _file_info(
  File "D:\EcoTrack\.venv\Lib\site-packages\fsspec\implementations\http.py", line 861, in _file_info
    r = await session.get(url, allow_redirects=ar, **kwargs)
        ^^^^^^^^^^^^^^^^^^^^^^^^^^^^^^^^^^^^^^^^^^^^^^^^^^^^
  File "D:\EcoTrack\.venv\Lib\site-packages\aiohttp\client.py", line 858, in _request
    resp = await handler(req)
           ^^^^^^^^^^^^^^^^^^
  File "D:\EcoTrack\.venv\Lib\site-packages\aiohttp\client.py", line 812, in _connect_and_send_request
    conn = await self._connector.connect(
           ^^^^^^^^^^^^^^^^^^^^^^^^^^^^^^
  File "D:\EcoTrack\.venv\Lib\site-packages\aiohttp\connector.py", line 657, in connect
    proto = await self._create_connection(req, traces, timeout)
            ^^^^^^^^^^^^^^^^^^^^^^^^^^^^^^^^^^^^^^^^^^^^^^^^^^^
  File "D:\EcoTrack\.venv\Lib\site-packages\aiohttp\connector.py", line 1242, in _create_connection
    _, proto = await self._create_direct_connection(req, traces, timeout)
               ^^^^^^^^^^^^^^^^^^^^^^^^^^^^^^^^^^^^^^^^^^^^^^^^^^^^^^^^^^
  File "D:\EcoTrack\.venv\Lib\site-packages\aiohttp\connector.py", line 1577, in _create_direct_connection
    raise ClientConnectorDNSError(req.connection_key, exc) from exc
aiohttp.client_exceptions.ClientConnectorDNSError: Cannot connect to host data.gesdisc.earthdata.nasa.gov:443 ssl:default [getaddrinfo failed]

The above exception was the direct cause of the following exception:

Traceback (most recent call last):
  File "D:\EcoTrack\.venv\Lib\site-packages\earthaccess\store.py", line 987, in _open_urls_https
    return _open_files(
           ^^^^^^^^^^^^
  File "D:\EcoTrack\.venv\Lib\site-packages\earthaccess\store.py", line 150, in _open_files
    return pqdm(
           ^^^^^
  File "D:\EcoTrack\.venv\Lib\site-packages\pqdm\threads.py", line 22, in pqdm
    return _parallel_process(
           ^^^^^^^^^^^^^^^^^^
  File "D:\EcoTrack\.venv\Lib\site-packages\pqdm\_base.py", line 79, in _parallel_process
    raise e
  File "D:\EcoTrack\.venv\Lib\site-packages\pqdm\_base.py", line 76, in _parallel_process
    results.append(future.result())
                   ^^^^^^^^^^^^^^^
  File "C:\Users\JANHAVI TUPE\AppData\Local\Programs\Python\Python311\Lib\concurrent\futures\_base.py", line 449, in result
    return self.__get_result()
           ^^^^^^^^^^^^^^^^^^^
  File "C:\Users\JANHAVI TUPE\AppData\Local\Programs\Python\Python311\Lib\concurrent\futures\_base.py", line 401, in __get_result
    raise self._exception
  File "C:\Users\JANHAVI TUPE\AppData\Local\Programs\Python\Python311\Lib\concurrent\futures\thread.py", line 58, in run
    result = self.fn(*self.args, **self.kwargs)
             ^^^^^^^^^^^^^^^^^^^^^^^^^^^^^^^^^^
  File "D:\EcoTrack\.venv\Lib\site-packages\earthaccess\store.py", line 137, in multi_thread_open
    f_size = fs.info(url)["size"]
             ^^^^^^^^^^^^
  File "D:\EcoTrack\.venv\Lib\site-packages\fsspec\asyn.py", line 217, in wrapper
    return sync(self.loop, func, *args, **kwargs)
           ^^^^^^^^^^^^^^^^^^^^^^^^^^^^^^^^^^^^^^
  File "D:\EcoTrack\.venv\Lib\site-packages\fsspec\asyn.py", line 106, in sync
    raise return_result
  File "D:\EcoTrack\.venv\Lib\site-packages\fsspec\asyn.py", line 59, in _runner
    result[0] = await coro
                ^^^^^^^^^^
  File "D:\EcoTrack\.venv\Lib\site-packages\fsspec\implementations\http.py", line 460, in _info
    raise FileNotFoundError(url) from exc
FileNotFoundError: https://data.gesdisc.earthdata.nasa.gov/data/OCO2_DATA/OCO2_L2_Lite_FP.11.2r/2023/oco2_LtCO2_231103_B11210Ar_240919181431s.nc4
  [975/1148] 2023-11-03 FAILED (FileNotFoundError: https://data.gesdisc.earthdata.nasa.gov/data/OCO2_DATA/OCO2_L2_Lite_FP.11.2r/2023/oco2_LtCO2_231103_B11210Ar_240919181431s.nc4) — will retry next run
An exception occurred while trying to access remote files via HTTPS
Traceback (most recent call last):
  File "D:\EcoTrack\.venv\Lib\site-packages\aiohttp\connector.py", line 1571, in _create_direct_connection
    hosts = await self._resolve_host(host, port, traces=traces)
            ^^^^^^^^^^^^^^^^^^^^^^^^^^^^^^^^^^^^^^^^^^^^^^^^^^^
  File "D:\EcoTrack\.venv\Lib\site-packages\aiohttp\connector.py", line 1181, in _resolve_host
    return await asyncio.shield(resolved_host_task)
           ^^^^^^^^^^^^^^^^^^^^^^^^^^^^^^^^^^^^^^^^
  File "D:\EcoTrack\.venv\Lib\site-packages\aiohttp\connector.py", line 1212, in _resolve_host_with_throttle
    addrs = await self._resolver.resolve(host, port, family=self._family)
            ^^^^^^^^^^^^^^^^^^^^^^^^^^^^^^^^^^^^^^^^^^^^^^^^^^^^^^^^^^^^^
  File "D:\EcoTrack\.venv\Lib\site-packages\aiohttp\resolver.py", line 47, in resolve
    infos = await self._loop.getaddrinfo(
            ^^^^^^^^^^^^^^^^^^^^^^^^^^^^^
  File "C:\Users\JANHAVI TUPE\AppData\Local\Programs\Python\Python311\Lib\asyncio\base_events.py", line 868, in getaddrinfo
    return await self.run_in_executor(
           ^^^^^^^^^^^^^^^^^^^^^^^^^^^
  File "C:\Users\JANHAVI TUPE\AppData\Local\Programs\Python\Python311\Lib\concurrent\futures\thread.py", line 58, in run
    result = self.fn(*self.args, **self.kwargs)
             ^^^^^^^^^^^^^^^^^^^^^^^^^^^^^^^^^^
  File "C:\Users\JANHAVI TUPE\AppData\Local\Programs\Python\Python311\Lib\socket.py", line 962, in getaddrinfo
    for res in _socket.getaddrinfo(host, port, family, type, proto, flags):
               ^^^^^^^^^^^^^^^^^^^^^^^^^^^^^^^^^^^^^^^^^^^^^^^^^^^^^^^^^^^
socket.gaierror: [Errno 11001] getaddrinfo failed

The above exception was the direct cause of the following exception:

Traceback (most recent call last):
  File "D:\EcoTrack\.venv\Lib\site-packages\fsspec\implementations\http.py", line 447, in _info
    await _file_info(
  File "D:\EcoTrack\.venv\Lib\site-packages\fsspec\implementations\http.py", line 861, in _file_info
    r = await session.get(url, allow_redirects=ar, **kwargs)
        ^^^^^^^^^^^^^^^^^^^^^^^^^^^^^^^^^^^^^^^^^^^^^^^^^^^^
  File "D:\EcoTrack\.venv\Lib\site-packages\aiohttp\client.py", line 858, in _request
    resp = await handler(req)
           ^^^^^^^^^^^^^^^^^^
  File "D:\EcoTrack\.venv\Lib\site-packages\aiohttp\client.py", line 812, in _connect_and_send_request
    conn = await self._connector.connect(
           ^^^^^^^^^^^^^^^^^^^^^^^^^^^^^^
  File "D:\EcoTrack\.venv\Lib\site-packages\aiohttp\connector.py", line 657, in connect
    proto = await self._create_connection(req, traces, timeout)
            ^^^^^^^^^^^^^^^^^^^^^^^^^^^^^^^^^^^^^^^^^^^^^^^^^^^
  File "D:\EcoTrack\.venv\Lib\site-packages\aiohttp\connector.py", line 1242, in _create_connection
    _, proto = await self._create_direct_connection(req, traces, timeout)
               ^^^^^^^^^^^^^^^^^^^^^^^^^^^^^^^^^^^^^^^^^^^^^^^^^^^^^^^^^^
  File "D:\EcoTrack\.venv\Lib\site-packages\aiohttp\connector.py", line 1577, in _create_direct_connection
    raise ClientConnectorDNSError(req.connection_key, exc) from exc
aiohttp.client_exceptions.ClientConnectorDNSError: Cannot connect to host data.gesdisc.earthdata.nasa.gov:443 ssl:default [getaddrinfo failed]

The above exception was the direct cause of the following exception:

Traceback (most recent call last):
  File "D:\EcoTrack\.venv\Lib\site-packages\earthaccess\store.py", line 987, in _open_urls_https
    return _open_files(
           ^^^^^^^^^^^^
  File "D:\EcoTrack\.venv\Lib\site-packages\earthaccess\store.py", line 150, in _open_files
    return pqdm(
           ^^^^^
  File "D:\EcoTrack\.venv\Lib\site-packages\pqdm\threads.py", line 22, in pqdm
    return _parallel_process(
           ^^^^^^^^^^^^^^^^^^
  File "D:\EcoTrack\.venv\Lib\site-packages\pqdm\_base.py", line 79, in _parallel_process
    raise e
  File "D:\EcoTrack\.venv\Lib\site-packages\pqdm\_base.py", line 76, in _parallel_process
    results.append(future.result())
                   ^^^^^^^^^^^^^^^
  File "C:\Users\JANHAVI TUPE\AppData\Local\Programs\Python\Python311\Lib\concurrent\futures\_base.py", line 449, in result
    return self.__get_result()
           ^^^^^^^^^^^^^^^^^^^
  File "C:\Users\JANHAVI TUPE\AppData\Local\Programs\Python\Python311\Lib\concurrent\futures\_base.py", line 401, in __get_result
    raise self._exception
  File "C:\Users\JANHAVI TUPE\AppData\Local\Programs\Python\Python311\Lib\concurrent\futures\thread.py", line 58, in run
    result = self.fn(*self.args, **self.kwargs)
             ^^^^^^^^^^^^^^^^^^^^^^^^^^^^^^^^^^
  File "D:\EcoTrack\.venv\Lib\site-packages\earthaccess\store.py", line 137, in multi_thread_open
    f_size = fs.info(url)["size"]
             ^^^^^^^^^^^^
  File "D:\EcoTrack\.venv\Lib\site-packages\fsspec\asyn.py", line 217, in wrapper
    return sync(self.loop, func, *args, **kwargs)
           ^^^^^^^^^^^^^^^^^^^^^^^^^^^^^^^^^^^^^^
  File "D:\EcoTrack\.venv\Lib\site-packages\fsspec\asyn.py", line 106, in sync
    raise return_result
  File "D:\EcoTrack\.venv\Lib\site-packages\fsspec\asyn.py", line 59, in _runner
    result[0] = await coro
                ^^^^^^^^^^
  File "D:\EcoTrack\.venv\Lib\site-packages\fsspec\implementations\http.py", line 460, in _info
    raise FileNotFoundError(url) from exc
FileNotFoundError: https://data.gesdisc.earthdata.nasa.gov/data/OCO2_DATA/OCO2_L2_Lite_FP.11.2r/2023/oco2_LtCO2_231105_B11210Ar_240919181513s.nc4
  [976/1148] 2023-11-05 FAILED (FileNotFoundError: https://data.gesdisc.earthdata.nasa.gov/data/OCO2_DATA/OCO2_L2_Lite_FP.11.2r/2023/oco2_LtCO2_231105_B11210Ar_240919181513s.nc4) — will retry next run
An exception occurred while trying to access remote files via HTTPS
Traceback (most recent call last):
  File "D:\EcoTrack\.venv\Lib\site-packages\aiohttp\connector.py", line 1571, in _create_direct_connection
    hosts = await self._resolve_host(host, port, traces=traces)
            ^^^^^^^^^^^^^^^^^^^^^^^^^^^^^^^^^^^^^^^^^^^^^^^^^^^
  File "D:\EcoTrack\.venv\Lib\site-packages\aiohttp\connector.py", line 1181, in _resolve_host
    return await asyncio.shield(resolved_host_task)
           ^^^^^^^^^^^^^^^^^^^^^^^^^^^^^^^^^^^^^^^^
  File "D:\EcoTrack\.venv\Lib\site-packages\aiohttp\connector.py", line 1212, in _resolve_host_with_throttle
    addrs = await self._resolver.resolve(host, port, family=self._family)
            ^^^^^^^^^^^^^^^^^^^^^^^^^^^^^^^^^^^^^^^^^^^^^^^^^^^^^^^^^^^^^
  File "D:\EcoTrack\.venv\Lib\site-packages\aiohttp\resolver.py", line 47, in resolve
    infos = await self._loop.getaddrinfo(
            ^^^^^^^^^^^^^^^^^^^^^^^^^^^^^
  File "C:\Users\JANHAVI TUPE\AppData\Local\Programs\Python\Python311\Lib\asyncio\base_events.py", line 868, in getaddrinfo
    return await self.run_in_executor(
           ^^^^^^^^^^^^^^^^^^^^^^^^^^^
  File "C:\Users\JANHAVI TUPE\AppData\Local\Programs\Python\Python311\Lib\concurrent\futures\thread.py", line 58, in run
    result = self.fn(*self.args, **self.kwargs)
             ^^^^^^^^^^^^^^^^^^^^^^^^^^^^^^^^^^
  File "C:\Users\JANHAVI TUPE\AppData\Local\Programs\Python\Python311\Lib\socket.py", line 962, in getaddrinfo
    for res in _socket.getaddrinfo(host, port, family, type, proto, flags):
               ^^^^^^^^^^^^^^^^^^^^^^^^^^^^^^^^^^^^^^^^^^^^^^^^^^^^^^^^^^^
socket.gaierror: [Errno 11001] getaddrinfo failed

The above exception was the direct cause of the following exception:

Traceback (most recent call last):
  File "D:\EcoTrack\.venv\Lib\site-packages\fsspec\implementations\http.py", line 447, in _info
    await _file_info(
  File "D:\EcoTrack\.venv\Lib\site-packages\fsspec\implementations\http.py", line 861, in _file_info
    r = await session.get(url, allow_redirects=ar, **kwargs)
        ^^^^^^^^^^^^^^^^^^^^^^^^^^^^^^^^^^^^^^^^^^^^^^^^^^^^
  File "D:\EcoTrack\.venv\Lib\site-packages\aiohttp\client.py", line 858, in _request
    resp = await handler(req)
           ^^^^^^^^^^^^^^^^^^
  File "D:\EcoTrack\.venv\Lib\site-packages\aiohttp\client.py", line 812, in _connect_and_send_request
    conn = await self._connector.connect(
           ^^^^^^^^^^^^^^^^^^^^^^^^^^^^^^
  File "D:\EcoTrack\.venv\Lib\site-packages\aiohttp\connector.py", line 657, in connect
    proto = await self._create_connection(req, traces, timeout)
            ^^^^^^^^^^^^^^^^^^^^^^^^^^^^^^^^^^^^^^^^^^^^^^^^^^^
  File "D:\EcoTrack\.venv\Lib\site-packages\aiohttp\connector.py", line 1242, in _create_connection
    _, proto = await self._create_direct_connection(req, traces, timeout)
               ^^^^^^^^^^^^^^^^^^^^^^^^^^^^^^^^^^^^^^^^^^^^^^^^^^^^^^^^^^
  File "D:\EcoTrack\.venv\Lib\site-packages\aiohttp\connector.py", line 1577, in _create_direct_connection
    raise ClientConnectorDNSError(req.connection_key, exc) from exc
aiohttp.client_exceptions.ClientConnectorDNSError: Cannot connect to host data.gesdisc.earthdata.nasa.gov:443 ssl:default [getaddrinfo failed]

The above exception was the direct cause of the following exception:

Traceback (most recent call last):
  File "D:\EcoTrack\.venv\Lib\site-packages\earthaccess\store.py", line 987, in _open_urls_https
    return _open_files(
           ^^^^^^^^^^^^
  File "D:\EcoTrack\.venv\Lib\site-packages\earthaccess\store.py", line 150, in _open_files
    return pqdm(
           ^^^^^
  File "D:\EcoTrack\.venv\Lib\site-packages\pqdm\threads.py", line 22, in pqdm
    return _parallel_process(
           ^^^^^^^^^^^^^^^^^^
  File "D:\EcoTrack\.venv\Lib\site-packages\pqdm\_base.py", line 79, in _parallel_process
    raise e
  File "D:\EcoTrack\.venv\Lib\site-packages\pqdm\_base.py", line 76, in _parallel_process
    results.append(future.result())
                   ^^^^^^^^^^^^^^^
  File "C:\Users\JANHAVI TUPE\AppData\Local\Programs\Python\Python311\Lib\concurrent\futures\_base.py", line 449, in result
    return self.__get_result()
           ^^^^^^^^^^^^^^^^^^^
  File "C:\Users\JANHAVI TUPE\AppData\Local\Programs\Python\Python311\Lib\concurrent\futures\_base.py", line 401, in __get_result
    raise self._exception
  File "C:\Users\JANHAVI TUPE\AppData\Local\Programs\Python\Python311\Lib\concurrent\futures\thread.py", line 58, in run
    result = self.fn(*self.args, **self.kwargs)
             ^^^^^^^^^^^^^^^^^^^^^^^^^^^^^^^^^^
  File "D:\EcoTrack\.venv\Lib\site-packages\earthaccess\store.py", line 137, in multi_thread_open
    f_size = fs.info(url)["size"]
             ^^^^^^^^^^^^
  File "D:\EcoTrack\.venv\Lib\site-packages\fsspec\asyn.py", line 217, in wrapper
    return sync(self.loop, func, *args, **kwargs)
           ^^^^^^^^^^^^^^^^^^^^^^^^^^^^^^^^^^^^^^
  File "D:\EcoTrack\.venv\Lib\site-packages\fsspec\asyn.py", line 106, in sync
    raise return_result
  File "D:\EcoTrack\.venv\Lib\site-packages\fsspec\asyn.py", line 59, in _runner
    result[0] = await coro
                ^^^^^^^^^^
  File "D:\EcoTrack\.venv\Lib\site-packages\fsspec\implementations\http.py", line 460, in _info
    raise FileNotFoundError(url) from exc
FileNotFoundError: https://data.gesdisc.earthdata.nasa.gov/data/OCO2_DATA/OCO2_L2_Lite_FP.11.2r/2023/oco2_LtCO2_231106_B11210Ar_240919181534s.nc4
  [977/1148] 2023-11-06 FAILED (FileNotFoundError: https://data.gesdisc.earthdata.nasa.gov/data/OCO2_DATA/OCO2_L2_Lite_FP.11.2r/2023/oco2_LtCO2_231106_B11210Ar_240919181534s.nc4) — will retry next run
An exception occurred while trying to access remote files via HTTPS
Traceback (most recent call last):
  File "D:\EcoTrack\.venv\Lib\site-packages\aiohttp\connector.py", line 1571, in _create_direct_connection
    hosts = await self._resolve_host(host, port, traces=traces)
            ^^^^^^^^^^^^^^^^^^^^^^^^^^^^^^^^^^^^^^^^^^^^^^^^^^^
  File "D:\EcoTrack\.venv\Lib\site-packages\aiohttp\connector.py", line 1181, in _resolve_host
    return await asyncio.shield(resolved_host_task)
           ^^^^^^^^^^^^^^^^^^^^^^^^^^^^^^^^^^^^^^^^
  File "D:\EcoTrack\.venv\Lib\site-packages\aiohttp\connector.py", line 1212, in _resolve_host_with_throttle
    addrs = await self._resolver.resolve(host, port, family=self._family)
            ^^^^^^^^^^^^^^^^^^^^^^^^^^^^^^^^^^^^^^^^^^^^^^^^^^^^^^^^^^^^^
  File "D:\EcoTrack\.venv\Lib\site-packages\aiohttp\resolver.py", line 47, in resolve
    infos = await self._loop.getaddrinfo(
            ^^^^^^^^^^^^^^^^^^^^^^^^^^^^^
  File "C:\Users\JANHAVI TUPE\AppData\Local\Programs\Python\Python311\Lib\asyncio\base_events.py", line 868, in getaddrinfo
    return await self.run_in_executor(
           ^^^^^^^^^^^^^^^^^^^^^^^^^^^
  File "C:\Users\JANHAVI TUPE\AppData\Local\Programs\Python\Python311\Lib\concurrent\futures\thread.py", line 58, in run
    result = self.fn(*self.args, **self.kwargs)
             ^^^^^^^^^^^^^^^^^^^^^^^^^^^^^^^^^^
  File "C:\Users\JANHAVI TUPE\AppData\Local\Programs\Python\Python311\Lib\socket.py", line 962, in getaddrinfo
    for res in _socket.getaddrinfo(host, port, family, type, proto, flags):
               ^^^^^^^^^^^^^^^^^^^^^^^^^^^^^^^^^^^^^^^^^^^^^^^^^^^^^^^^^^^
socket.gaierror: [Errno 11001] getaddrinfo failed

The above exception was the direct cause of the following exception:

Traceback (most recent call last):
  File "D:\EcoTrack\.venv\Lib\site-packages\fsspec\implementations\http.py", line 447, in _info
    await _file_info(
  File "D:\EcoTrack\.venv\Lib\site-packages\fsspec\implementations\http.py", line 861, in _file_info
    r = await session.get(url, allow_redirects=ar, **kwargs)
        ^^^^^^^^^^^^^^^^^^^^^^^^^^^^^^^^^^^^^^^^^^^^^^^^^^^^
  File "D:\EcoTrack\.venv\Lib\site-packages\aiohttp\client.py", line 858, in _request
    resp = await handler(req)
           ^^^^^^^^^^^^^^^^^^
  File "D:\EcoTrack\.venv\Lib\site-packages\aiohttp\client.py", line 812, in _connect_and_send_request
    conn = await self._connector.connect(
           ^^^^^^^^^^^^^^^^^^^^^^^^^^^^^^
  File "D:\EcoTrack\.venv\Lib\site-packages\aiohttp\connector.py", line 657, in connect
    proto = await self._create_connection(req, traces, timeout)
            ^^^^^^^^^^^^^^^^^^^^^^^^^^^^^^^^^^^^^^^^^^^^^^^^^^^
  File "D:\EcoTrack\.venv\Lib\site-packages\aiohttp\connector.py", line 1242, in _create_connection
    _, proto = await self._create_direct_connection(req, traces, timeout)
               ^^^^^^^^^^^^^^^^^^^^^^^^^^^^^^^^^^^^^^^^^^^^^^^^^^^^^^^^^^
  File "D:\EcoTrack\.venv\Lib\site-packages\aiohttp\connector.py", line 1577, in _create_direct_connection
    raise ClientConnectorDNSError(req.connection_key, exc) from exc
aiohttp.client_exceptions.ClientConnectorDNSError: Cannot connect to host data.gesdisc.earthdata.nasa.gov:443 ssl:default [getaddrinfo failed]

The above exception was the direct cause of the following exception:

Traceback (most recent call last):
  File "D:\EcoTrack\.venv\Lib\site-packages\earthaccess\store.py", line 987, in _open_urls_https
    return _open_files(
           ^^^^^^^^^^^^
  File "D:\EcoTrack\.venv\Lib\site-packages\earthaccess\store.py", line 150, in _open_files
    return pqdm(
           ^^^^^
  File "D:\EcoTrack\.venv\Lib\site-packages\pqdm\threads.py", line 22, in pqdm
    return _parallel_process(
           ^^^^^^^^^^^^^^^^^^
  File "D:\EcoTrack\.venv\Lib\site-packages\pqdm\_base.py", line 79, in _parallel_process
    raise e
  File "D:\EcoTrack\.venv\Lib\site-packages\pqdm\_base.py", line 76, in _parallel_process
    results.append(future.result())
                   ^^^^^^^^^^^^^^^
  File "C:\Users\JANHAVI TUPE\AppData\Local\Programs\Python\Python311\Lib\concurrent\futures\_base.py", line 449, in result
    return self.__get_result()
           ^^^^^^^^^^^^^^^^^^^
  File "C:\Users\JANHAVI TUPE\AppData\Local\Programs\Python\Python311\Lib\concurrent\futures\_base.py", line 401, in __get_result
    raise self._exception
  File "C:\Users\JANHAVI TUPE\AppData\Local\Programs\Python\Python311\Lib\concurrent\futures\thread.py", line 58, in run
    result = self.fn(*self.args, **self.kwargs)
             ^^^^^^^^^^^^^^^^^^^^^^^^^^^^^^^^^^
  File "D:\EcoTrack\.venv\Lib\site-packages\earthaccess\store.py", line 137, in multi_thread_open
    f_size = fs.info(url)["size"]
             ^^^^^^^^^^^^
  File "D:\EcoTrack\.venv\Lib\site-packages\fsspec\asyn.py", line 217, in wrapper
    return sync(self.loop, func, *args, **kwargs)
           ^^^^^^^^^^^^^^^^^^^^^^^^^^^^^^^^^^^^^^
  File "D:\EcoTrack\.venv\Lib\site-packages\fsspec\asyn.py", line 106, in sync
    raise return_result
  File "D:\EcoTrack\.venv\Lib\site-packages\fsspec\asyn.py", line 59, in _runner
    result[0] = await coro
                ^^^^^^^^^^
  File "D:\EcoTrack\.venv\Lib\site-packages\fsspec\implementations\http.py", line 460, in _info
    raise FileNotFoundError(url) from exc
FileNotFoundError: https://data.gesdisc.earthdata.nasa.gov/data/OCO2_DATA/OCO2_L2_Lite_FP.11.2r/2023/oco2_LtCO2_231107_B11210Ar_240919181622s.nc4
  [978/1148] 2023-11-07 FAILED (FileNotFoundError: https://data.gesdisc.earthdata.nasa.gov/data/OCO2_DATA/OCO2_L2_Lite_FP.11.2r/2023/oco2_LtCO2_231107_B11210Ar_240919181622s.nc4) — will retry next run
An exception occurred while trying to access remote files via HTTPS
Traceback (most recent call last):
  File "D:\EcoTrack\.venv\Lib\site-packages\aiohttp\connector.py", line 1571, in _create_direct_connection
    hosts = await self._resolve_host(host, port, traces=traces)
            ^^^^^^^^^^^^^^^^^^^^^^^^^^^^^^^^^^^^^^^^^^^^^^^^^^^
  File "D:\EcoTrack\.venv\Lib\site-packages\aiohttp\connector.py", line 1181, in _resolve_host
    return await asyncio.shield(resolved_host_task)
           ^^^^^^^^^^^^^^^^^^^^^^^^^^^^^^^^^^^^^^^^
  File "D:\EcoTrack\.venv\Lib\site-packages\aiohttp\connector.py", line 1212, in _resolve_host_with_throttle
    addrs = await self._resolver.resolve(host, port, family=self._family)
            ^^^^^^^^^^^^^^^^^^^^^^^^^^^^^^^^^^^^^^^^^^^^^^^^^^^^^^^^^^^^^
  File "D:\EcoTrack\.venv\Lib\site-packages\aiohttp\resolver.py", line 47, in resolve
    infos = await self._loop.getaddrinfo(
            ^^^^^^^^^^^^^^^^^^^^^^^^^^^^^
  File "C:\Users\JANHAVI TUPE\AppData\Local\Programs\Python\Python311\Lib\asyncio\base_events.py", line 868, in getaddrinfo
    return await self.run_in_executor(
           ^^^^^^^^^^^^^^^^^^^^^^^^^^^
  File "C:\Users\JANHAVI TUPE\AppData\Local\Programs\Python\Python311\Lib\concurrent\futures\thread.py", line 58, in run
    result = self.fn(*self.args, **self.kwargs)
             ^^^^^^^^^^^^^^^^^^^^^^^^^^^^^^^^^^
  File "C:\Users\JANHAVI TUPE\AppData\Local\Programs\Python\Python311\Lib\socket.py", line 962, in getaddrinfo
    for res in _socket.getaddrinfo(host, port, family, type, proto, flags):
               ^^^^^^^^^^^^^^^^^^^^^^^^^^^^^^^^^^^^^^^^^^^^^^^^^^^^^^^^^^^
socket.gaierror: [Errno 11001] getaddrinfo failed

The above exception was the direct cause of the following exception:

Traceback (most recent call last):
  File "D:\EcoTrack\.venv\Lib\site-packages\fsspec\implementations\http.py", line 447, in _info
    await _file_info(
  File "D:\EcoTrack\.venv\Lib\site-packages\fsspec\implementations\http.py", line 861, in _file_info
    r = await session.get(url, allow_redirects=ar, **kwargs)
        ^^^^^^^^^^^^^^^^^^^^^^^^^^^^^^^^^^^^^^^^^^^^^^^^^^^^
  File "D:\EcoTrack\.venv\Lib\site-packages\aiohttp\client.py", line 858, in _request
    resp = await handler(req)
           ^^^^^^^^^^^^^^^^^^
  File "D:\EcoTrack\.venv\Lib\site-packages\aiohttp\client.py", line 812, in _connect_and_send_request
    conn = await self._connector.connect(
           ^^^^^^^^^^^^^^^^^^^^^^^^^^^^^^
  File "D:\EcoTrack\.venv\Lib\site-packages\aiohttp\connector.py", line 657, in connect
    proto = await self._create_connection(req, traces, timeout)
            ^^^^^^^^^^^^^^^^^^^^^^^^^^^^^^^^^^^^^^^^^^^^^^^^^^^
  File "D:\EcoTrack\.venv\Lib\site-packages\aiohttp\connector.py", line 1242, in _create_connection
    _, proto = await self._create_direct_connection(req, traces, timeout)
               ^^^^^^^^^^^^^^^^^^^^^^^^^^^^^^^^^^^^^^^^^^^^^^^^^^^^^^^^^^
  File "D:\EcoTrack\.venv\Lib\site-packages\aiohttp\connector.py", line 1577, in _create_direct_connection
    raise ClientConnectorDNSError(req.connection_key, exc) from exc
aiohttp.client_exceptions.ClientConnectorDNSError: Cannot connect to host data.gesdisc.earthdata.nasa.gov:443 ssl:default [getaddrinfo failed]

The above exception was the direct cause of the following exception:

Traceback (most recent call last):
  File "D:\EcoTrack\.venv\Lib\site-packages\earthaccess\store.py", line 987, in _open_urls_https
    return _open_files(
           ^^^^^^^^^^^^
  File "D:\EcoTrack\.venv\Lib\site-packages\earthaccess\store.py", line 150, in _open_files
    return pqdm(
           ^^^^^
  File "D:\EcoTrack\.venv\Lib\site-packages\pqdm\threads.py", line 22, in pqdm
    return _parallel_process(
           ^^^^^^^^^^^^^^^^^^
  File "D:\EcoTrack\.venv\Lib\site-packages\pqdm\_base.py", line 79, in _parallel_process
    raise e
  File "D:\EcoTrack\.venv\Lib\site-packages\pqdm\_base.py", line 76, in _parallel_process
    results.append(future.result())
                   ^^^^^^^^^^^^^^^
  File "C:\Users\JANHAVI TUPE\AppData\Local\Programs\Python\Python311\Lib\concurrent\futures\_base.py", line 449, in result
    return self.__get_result()
           ^^^^^^^^^^^^^^^^^^^
  File "C:\Users\JANHAVI TUPE\AppData\Local\Programs\Python\Python311\Lib\concurrent\futures\_base.py", line 401, in __get_result
    raise self._exception
  File "C:\Users\JANHAVI TUPE\AppData\Local\Programs\Python\Python311\Lib\concurrent\futures\thread.py", line 58, in run
    result = self.fn(*self.args, **self.kwargs)
             ^^^^^^^^^^^^^^^^^^^^^^^^^^^^^^^^^^
  File "D:\EcoTrack\.venv\Lib\site-packages\earthaccess\store.py", line 137, in multi_thread_open
    f_size = fs.info(url)["size"]
             ^^^^^^^^^^^^
  File "D:\EcoTrack\.venv\Lib\site-packages\fsspec\asyn.py", line 217, in wrapper
    return sync(self.loop, func, *args, **kwargs)
           ^^^^^^^^^^^^^^^^^^^^^^^^^^^^^^^^^^^^^^
  File "D:\EcoTrack\.venv\Lib\site-packages\fsspec\asyn.py", line 106, in sync
    raise return_result
  File "D:\EcoTrack\.venv\Lib\site-packages\fsspec\asyn.py", line 59, in _runner
    result[0] = await coro
                ^^^^^^^^^^
  File "D:\EcoTrack\.venv\Lib\site-packages\fsspec\implementations\http.py", line 460, in _info
    raise FileNotFoundError(url) from exc
FileNotFoundError: https://data.gesdisc.earthdata.nasa.gov/data/OCO2_DATA/OCO2_L2_Lite_FP.11.2r/2023/oco2_LtCO2_231108_B11210Ar_240919181651s.nc4
  [979/1148] 2023-11-08 FAILED (FileNotFoundError: https://data.gesdisc.earthdata.nasa.gov/data/OCO2_DATA/OCO2_L2_Lite_FP.11.2r/2023/oco2_LtCO2_231108_B11210Ar_240919181651s.nc4) — will retry next run
An exception occurred while trying to access remote files via HTTPS
Traceback (most recent call last):
  File "D:\EcoTrack\.venv\Lib\site-packages\aiohttp\connector.py", line 1571, in _create_direct_connection
    hosts = await self._resolve_host(host, port, traces=traces)
            ^^^^^^^^^^^^^^^^^^^^^^^^^^^^^^^^^^^^^^^^^^^^^^^^^^^
  File "D:\EcoTrack\.venv\Lib\site-packages\aiohttp\connector.py", line 1181, in _resolve_host
    return await asyncio.shield(resolved_host_task)
           ^^^^^^^^^^^^^^^^^^^^^^^^^^^^^^^^^^^^^^^^
  File "D:\EcoTrack\.venv\Lib\site-packages\aiohttp\connector.py", line 1212, in _resolve_host_with_throttle
    addrs = await self._resolver.resolve(host, port, family=self._family)
            ^^^^^^^^^^^^^^^^^^^^^^^^^^^^^^^^^^^^^^^^^^^^^^^^^^^^^^^^^^^^^
  File "D:\EcoTrack\.venv\Lib\site-packages\aiohttp\resolver.py", line 47, in resolve
    infos = await self._loop.getaddrinfo(
            ^^^^^^^^^^^^^^^^^^^^^^^^^^^^^
  File "C:\Users\JANHAVI TUPE\AppData\Local\Programs\Python\Python311\Lib\asyncio\base_events.py", line 868, in getaddrinfo
    return await self.run_in_executor(
           ^^^^^^^^^^^^^^^^^^^^^^^^^^^
  File "C:\Users\JANHAVI TUPE\AppData\Local\Programs\Python\Python311\Lib\concurrent\futures\thread.py", line 58, in run
    result = self.fn(*self.args, **self.kwargs)
             ^^^^^^^^^^^^^^^^^^^^^^^^^^^^^^^^^^
  File "C:\Users\JANHAVI TUPE\AppData\Local\Programs\Python\Python311\Lib\socket.py", line 962, in getaddrinfo
    for res in _socket.getaddrinfo(host, port, family, type, proto, flags):
               ^^^^^^^^^^^^^^^^^^^^^^^^^^^^^^^^^^^^^^^^^^^^^^^^^^^^^^^^^^^
socket.gaierror: [Errno 11001] getaddrinfo failed

The above exception was the direct cause of the following exception:

Traceback (most recent call last):
  File "D:\EcoTrack\.venv\Lib\site-packages\fsspec\implementations\http.py", line 447, in _info
    await _file_info(
  File "D:\EcoTrack\.venv\Lib\site-packages\fsspec\implementations\http.py", line 861, in _file_info
    r = await session.get(url, allow_redirects=ar, **kwargs)
        ^^^^^^^^^^^^^^^^^^^^^^^^^^^^^^^^^^^^^^^^^^^^^^^^^^^^
  File "D:\EcoTrack\.venv\Lib\site-packages\aiohttp\client.py", line 858, in _request
    resp = await handler(req)
           ^^^^^^^^^^^^^^^^^^
  File "D:\EcoTrack\.venv\Lib\site-packages\aiohttp\client.py", line 812, in _connect_and_send_request
    conn = await self._connector.connect(
           ^^^^^^^^^^^^^^^^^^^^^^^^^^^^^^
  File "D:\EcoTrack\.venv\Lib\site-packages\aiohttp\connector.py", line 657, in connect
    proto = await self._create_connection(req, traces, timeout)
            ^^^^^^^^^^^^^^^^^^^^^^^^^^^^^^^^^^^^^^^^^^^^^^^^^^^
  File "D:\EcoTrack\.venv\Lib\site-packages\aiohttp\connector.py", line 1242, in _create_connection
    _, proto = await self._create_direct_connection(req, traces, timeout)
               ^^^^^^^^^^^^^^^^^^^^^^^^^^^^^^^^^^^^^^^^^^^^^^^^^^^^^^^^^^
  File "D:\EcoTrack\.venv\Lib\site-packages\aiohttp\connector.py", line 1577, in _create_direct_connection
    raise ClientConnectorDNSError(req.connection_key, exc) from exc
aiohttp.client_exceptions.ClientConnectorDNSError: Cannot connect to host data.gesdisc.earthdata.nasa.gov:443 ssl:default [getaddrinfo failed]

The above exception was the direct cause of the following exception:

Traceback (most recent call last):
  File "D:\EcoTrack\.venv\Lib\site-packages\earthaccess\store.py", line 987, in _open_urls_https
    return _open_files(
           ^^^^^^^^^^^^
  File "D:\EcoTrack\.venv\Lib\site-packages\earthaccess\store.py", line 150, in _open_files
    return pqdm(
           ^^^^^
  File "D:\EcoTrack\.venv\Lib\site-packages\pqdm\threads.py", line 22, in pqdm
    return _parallel_process(
           ^^^^^^^^^^^^^^^^^^
  File "D:\EcoTrack\.venv\Lib\site-packages\pqdm\_base.py", line 79, in _parallel_process
    raise e
  File "D:\EcoTrack\.venv\Lib\site-packages\pqdm\_base.py", line 76, in _parallel_process
    results.append(future.result())
                   ^^^^^^^^^^^^^^^
  File "C:\Users\JANHAVI TUPE\AppData\Local\Programs\Python\Python311\Lib\concurrent\futures\_base.py", line 449, in result
    return self.__get_result()
           ^^^^^^^^^^^^^^^^^^^
  File "C:\Users\JANHAVI TUPE\AppData\Local\Programs\Python\Python311\Lib\concurrent\futures\_base.py", line 401, in __get_result
    raise self._exception
  File "C:\Users\JANHAVI TUPE\AppData\Local\Programs\Python\Python311\Lib\concurrent\futures\thread.py", line 58, in run
    result = self.fn(*self.args, **self.kwargs)
             ^^^^^^^^^^^^^^^^^^^^^^^^^^^^^^^^^^
  File "D:\EcoTrack\.venv\Lib\site-packages\earthaccess\store.py", line 137, in multi_thread_open
    f_size = fs.info(url)["size"]
             ^^^^^^^^^^^^
  File "D:\EcoTrack\.venv\Lib\site-packages\fsspec\asyn.py", line 217, in wrapper
    return sync(self.loop, func, *args, **kwargs)
           ^^^^^^^^^^^^^^^^^^^^^^^^^^^^^^^^^^^^^^
  File "D:\EcoTrack\.venv\Lib\site-packages\fsspec\asyn.py", line 106, in sync
    raise return_result
  File "D:\EcoTrack\.venv\Lib\site-packages\fsspec\asyn.py", line 59, in _runner
    result[0] = await coro
                ^^^^^^^^^^
  File "D:\EcoTrack\.venv\Lib\site-packages\fsspec\implementations\http.py", line 460, in _info
    raise FileNotFoundError(url) from exc
FileNotFoundError: https://data.gesdisc.earthdata.nasa.gov/data/OCO2_DATA/OCO2_L2_Lite_FP.11.2r/2023/oco2_LtCO2_231109_B11210Ar_240919181742s.nc4
  [980/1148] 2023-11-09 FAILED (FileNotFoundError: https://data.gesdisc.earthdata.nasa.gov/data/OCO2_DATA/OCO2_L2_Lite_FP.11.2r/2023/oco2_LtCO2_231109_B11210Ar_240919181742s.nc4) — will retry next run
An exception occurred while trying to access remote files via HTTPS
Traceback (most recent call last):
  File "D:\EcoTrack\.venv\Lib\site-packages\aiohttp\connector.py", line 1571, in _create_direct_connection
    hosts = await self._resolve_host(host, port, traces=traces)
            ^^^^^^^^^^^^^^^^^^^^^^^^^^^^^^^^^^^^^^^^^^^^^^^^^^^
  File "D:\EcoTrack\.venv\Lib\site-packages\aiohttp\connector.py", line 1181, in _resolve_host
    return await asyncio.shield(resolved_host_task)
           ^^^^^^^^^^^^^^^^^^^^^^^^^^^^^^^^^^^^^^^^
  File "D:\EcoTrack\.venv\Lib\site-packages\aiohttp\connector.py", line 1212, in _resolve_host_with_throttle
    addrs = await self._resolver.resolve(host, port, family=self._family)
            ^^^^^^^^^^^^^^^^^^^^^^^^^^^^^^^^^^^^^^^^^^^^^^^^^^^^^^^^^^^^^
  File "D:\EcoTrack\.venv\Lib\site-packages\aiohttp\resolver.py", line 47, in resolve
    infos = await self._loop.getaddrinfo(
            ^^^^^^^^^^^^^^^^^^^^^^^^^^^^^
  File "C:\Users\JANHAVI TUPE\AppData\Local\Programs\Python\Python311\Lib\asyncio\base_events.py", line 868, in getaddrinfo
    return await self.run_in_executor(
           ^^^^^^^^^^^^^^^^^^^^^^^^^^^
  File "C:\Users\JANHAVI TUPE\AppData\Local\Programs\Python\Python311\Lib\concurrent\futures\thread.py", line 58, in run
    result = self.fn(*self.args, **self.kwargs)
             ^^^^^^^^^^^^^^^^^^^^^^^^^^^^^^^^^^
  File "C:\Users\JANHAVI TUPE\AppData\Local\Programs\Python\Python311\Lib\socket.py", line 962, in getaddrinfo
    for res in _socket.getaddrinfo(host, port, family, type, proto, flags):
               ^^^^^^^^^^^^^^^^^^^^^^^^^^^^^^^^^^^^^^^^^^^^^^^^^^^^^^^^^^^
socket.gaierror: [Errno 11001] getaddrinfo failed

The above exception was the direct cause of the following exception:

Traceback (most recent call last):
  File "D:\EcoTrack\.venv\Lib\site-packages\fsspec\implementations\http.py", line 447, in _info
    await _file_info(
  File "D:\EcoTrack\.venv\Lib\site-packages\fsspec\implementations\http.py", line 861, in _file_info
    r = await session.get(url, allow_redirects=ar, **kwargs)
        ^^^^^^^^^^^^^^^^^^^^^^^^^^^^^^^^^^^^^^^^^^^^^^^^^^^^
  File "D:\EcoTrack\.venv\Lib\site-packages\aiohttp\client.py", line 858, in _request
    resp = await handler(req)
           ^^^^^^^^^^^^^^^^^^
  File "D:\EcoTrack\.venv\Lib\site-packages\aiohttp\client.py", line 812, in _connect_and_send_request
    conn = await self._connector.connect(
           ^^^^^^^^^^^^^^^^^^^^^^^^^^^^^^
  File "D:\EcoTrack\.venv\Lib\site-packages\aiohttp\connector.py", line 657, in connect
    proto = await self._create_connection(req, traces, timeout)
            ^^^^^^^^^^^^^^^^^^^^^^^^^^^^^^^^^^^^^^^^^^^^^^^^^^^
  File "D:\EcoTrack\.venv\Lib\site-packages\aiohttp\connector.py", line 1242, in _create_connection
    _, proto = await self._create_direct_connection(req, traces, timeout)
               ^^^^^^^^^^^^^^^^^^^^^^^^^^^^^^^^^^^^^^^^^^^^^^^^^^^^^^^^^^
  File "D:\EcoTrack\.venv\Lib\site-packages\aiohttp\connector.py", line 1577, in _create_direct_connection
    raise ClientConnectorDNSError(req.connection_key, exc) from exc
aiohttp.client_exceptions.ClientConnectorDNSError: Cannot connect to host data.gesdisc.earthdata.nasa.gov:443 ssl:default [getaddrinfo failed]

The above exception was the direct cause of the following exception:

Traceback (most recent call last):
  File "D:\EcoTrack\.venv\Lib\site-packages\earthaccess\store.py", line 987, in _open_urls_https
    return _open_files(
           ^^^^^^^^^^^^
  File "D:\EcoTrack\.venv\Lib\site-packages\earthaccess\store.py", line 150, in _open_files
    return pqdm(
           ^^^^^
  File "D:\EcoTrack\.venv\Lib\site-packages\pqdm\threads.py", line 22, in pqdm
    return _parallel_process(
           ^^^^^^^^^^^^^^^^^^
  File "D:\EcoTrack\.venv\Lib\site-packages\pqdm\_base.py", line 79, in _parallel_process
    raise e
  File "D:\EcoTrack\.venv\Lib\site-packages\pqdm\_base.py", line 76, in _parallel_process
    results.append(future.result())
                   ^^^^^^^^^^^^^^^
  File "C:\Users\JANHAVI TUPE\AppData\Local\Programs\Python\Python311\Lib\concurrent\futures\_base.py", line 449, in result
    return self.__get_result()
           ^^^^^^^^^^^^^^^^^^^
  File "C:\Users\JANHAVI TUPE\AppData\Local\Programs\Python\Python311\Lib\concurrent\futures\_base.py", line 401, in __get_result
    raise self._exception
  File "C:\Users\JANHAVI TUPE\AppData\Local\Programs\Python\Python311\Lib\concurrent\futures\thread.py", line 58, in run
    result = self.fn(*self.args, **self.kwargs)
             ^^^^^^^^^^^^^^^^^^^^^^^^^^^^^^^^^^
  File "D:\EcoTrack\.venv\Lib\site-packages\earthaccess\store.py", line 137, in multi_thread_open
    f_size = fs.info(url)["size"]
             ^^^^^^^^^^^^
  File "D:\EcoTrack\.venv\Lib\site-packages\fsspec\asyn.py", line 217, in wrapper
    return sync(self.loop, func, *args, **kwargs)
           ^^^^^^^^^^^^^^^^^^^^^^^^^^^^^^^^^^^^^^
  File "D:\EcoTrack\.venv\Lib\site-packages\fsspec\asyn.py", line 106, in sync
    raise return_result
  File "D:\EcoTrack\.venv\Lib\site-packages\fsspec\asyn.py", line 59, in _runner
    result[0] = await coro
                ^^^^^^^^^^
  File "D:\EcoTrack\.venv\Lib\site-packages\fsspec\implementations\http.py", line 460, in _info
    raise FileNotFoundError(url) from exc
FileNotFoundError: https://data.gesdisc.earthdata.nasa.gov/data/OCO2_DATA/OCO2_L2_Lite_FP.11.2r/2023/oco2_LtCO2_231110_B11210Ar_240919181812s.nc4
  [981/1148] 2023-11-10 FAILED (FileNotFoundError: https://data.gesdisc.earthdata.nasa.gov/data/OCO2_DATA/OCO2_L2_Lite_FP.11.2r/2023/oco2_LtCO2_231110_B11210Ar_240919181812s.nc4) — will retry next run
An exception occurred while trying to access remote files via HTTPS
Traceback (most recent call last):
  File "D:\EcoTrack\.venv\Lib\site-packages\aiohttp\connector.py", line 1571, in _create_direct_connection
    hosts = await self._resolve_host(host, port, traces=traces)
            ^^^^^^^^^^^^^^^^^^^^^^^^^^^^^^^^^^^^^^^^^^^^^^^^^^^
  File "D:\EcoTrack\.venv\Lib\site-packages\aiohttp\connector.py", line 1181, in _resolve_host
    return await asyncio.shield(resolved_host_task)
           ^^^^^^^^^^^^^^^^^^^^^^^^^^^^^^^^^^^^^^^^
  File "D:\EcoTrack\.venv\Lib\site-packages\aiohttp\connector.py", line 1212, in _resolve_host_with_throttle
    addrs = await self._resolver.resolve(host, port, family=self._family)
            ^^^^^^^^^^^^^^^^^^^^^^^^^^^^^^^^^^^^^^^^^^^^^^^^^^^^^^^^^^^^^
  File "D:\EcoTrack\.venv\Lib\site-packages\aiohttp\resolver.py", line 47, in resolve
    infos = await self._loop.getaddrinfo(
            ^^^^^^^^^^^^^^^^^^^^^^^^^^^^^
  File "C:\Users\JANHAVI TUPE\AppData\Local\Programs\Python\Python311\Lib\asyncio\base_events.py", line 868, in getaddrinfo
    return await self.run_in_executor(
           ^^^^^^^^^^^^^^^^^^^^^^^^^^^
  File "C:\Users\JANHAVI TUPE\AppData\Local\Programs\Python\Python311\Lib\concurrent\futures\thread.py", line 58, in run
    result = self.fn(*self.args, **self.kwargs)
             ^^^^^^^^^^^^^^^^^^^^^^^^^^^^^^^^^^
  File "C:\Users\JANHAVI TUPE\AppData\Local\Programs\Python\Python311\Lib\socket.py", line 962, in getaddrinfo
    for res in _socket.getaddrinfo(host, port, family, type, proto, flags):
               ^^^^^^^^^^^^^^^^^^^^^^^^^^^^^^^^^^^^^^^^^^^^^^^^^^^^^^^^^^^
socket.gaierror: [Errno 11001] getaddrinfo failed

The above exception was the direct cause of the following exception:

Traceback (most recent call last):
  File "D:\EcoTrack\.venv\Lib\site-packages\fsspec\implementations\http.py", line 447, in _info
    await _file_info(
  File "D:\EcoTrack\.venv\Lib\site-packages\fsspec\implementations\http.py", line 861, in _file_info
    r = await session.get(url, allow_redirects=ar, **kwargs)
        ^^^^^^^^^^^^^^^^^^^^^^^^^^^^^^^^^^^^^^^^^^^^^^^^^^^^
  File "D:\EcoTrack\.venv\Lib\site-packages\aiohttp\client.py", line 858, in _request
    resp = await handler(req)
           ^^^^^^^^^^^^^^^^^^
  File "D:\EcoTrack\.venv\Lib\site-packages\aiohttp\client.py", line 812, in _connect_and_send_request
    conn = await self._connector.connect(
           ^^^^^^^^^^^^^^^^^^^^^^^^^^^^^^
  File "D:\EcoTrack\.venv\Lib\site-packages\aiohttp\connector.py", line 657, in connect
    proto = await self._create_connection(req, traces, timeout)
            ^^^^^^^^^^^^^^^^^^^^^^^^^^^^^^^^^^^^^^^^^^^^^^^^^^^
  File "D:\EcoTrack\.venv\Lib\site-packages\aiohttp\connector.py", line 1242, in _create_connection
    _, proto = await self._create_direct_connection(req, traces, timeout)
               ^^^^^^^^^^^^^^^^^^^^^^^^^^^^^^^^^^^^^^^^^^^^^^^^^^^^^^^^^^
  File "D:\EcoTrack\.venv\Lib\site-packages\aiohttp\connector.py", line 1577, in _create_direct_connection
    raise ClientConnectorDNSError(req.connection_key, exc) from exc
aiohttp.client_exceptions.ClientConnectorDNSError: Cannot connect to host data.gesdisc.earthdata.nasa.gov:443 ssl:default [getaddrinfo failed]

The above exception was the direct cause of the following exception:

Traceback (most recent call last):
  File "D:\EcoTrack\.venv\Lib\site-packages\earthaccess\store.py", line 987, in _open_urls_https
    return _open_files(
           ^^^^^^^^^^^^
  File "D:\EcoTrack\.venv\Lib\site-packages\earthaccess\store.py", line 150, in _open_files
    return pqdm(
           ^^^^^
  File "D:\EcoTrack\.venv\Lib\site-packages\pqdm\threads.py", line 22, in pqdm
    return _parallel_process(
           ^^^^^^^^^^^^^^^^^^
  File "D:\EcoTrack\.venv\Lib\site-packages\pqdm\_base.py", line 79, in _parallel_process
    raise e
  File "D:\EcoTrack\.venv\Lib\site-packages\pqdm\_base.py", line 76, in _parallel_process
    results.append(future.result())
                   ^^^^^^^^^^^^^^^
  File "C:\Users\JANHAVI TUPE\AppData\Local\Programs\Python\Python311\Lib\concurrent\futures\_base.py", line 449, in result
    return self.__get_result()
           ^^^^^^^^^^^^^^^^^^^
  File "C:\Users\JANHAVI TUPE\AppData\Local\Programs\Python\Python311\Lib\concurrent\futures\_base.py", line 401, in __get_result
    raise self._exception
  File "C:\Users\JANHAVI TUPE\AppData\Local\Programs\Python\Python311\Lib\concurrent\futures\thread.py", line 58, in run
    result = self.fn(*self.args, **self.kwargs)
             ^^^^^^^^^^^^^^^^^^^^^^^^^^^^^^^^^^
  File "D:\EcoTrack\.venv\Lib\site-packages\earthaccess\store.py", line 137, in multi_thread_open
    f_size = fs.info(url)["size"]
             ^^^^^^^^^^^^
  File "D:\EcoTrack\.venv\Lib\site-packages\fsspec\asyn.py", line 217, in wrapper
    return sync(self.loop, func, *args, **kwargs)
           ^^^^^^^^^^^^^^^^^^^^^^^^^^^^^^^^^^^^^^
  File "D:\EcoTrack\.venv\Lib\site-packages\fsspec\asyn.py", line 106, in sync
    raise return_result
  File "D:\EcoTrack\.venv\Lib\site-packages\fsspec\asyn.py", line 59, in _runner
    result[0] = await coro
                ^^^^^^^^^^
  File "D:\EcoTrack\.venv\Lib\site-packages\fsspec\implementations\http.py", line 460, in _info
    raise FileNotFoundError(url) from exc
FileNotFoundError: https://data.gesdisc.earthdata.nasa.gov/data/OCO2_DATA/OCO2_L2_Lite_FP.11.2r/2023/oco2_LtCO2_231112_B11210Ar_240919181857s.nc4
  [982/1148] 2023-11-12 FAILED (FileNotFoundError: https://data.gesdisc.earthdata.nasa.gov/data/OCO2_DATA/OCO2_L2_Lite_FP.11.2r/2023/oco2_LtCO2_231112_B11210Ar_240919181857s.nc4) — will retry next run
An exception occurred while trying to access remote files via HTTPS
Traceback (most recent call last):
  File "D:\EcoTrack\.venv\Lib\site-packages\aiohttp\connector.py", line 1571, in _create_direct_connection
    hosts = await self._resolve_host(host, port, traces=traces)
            ^^^^^^^^^^^^^^^^^^^^^^^^^^^^^^^^^^^^^^^^^^^^^^^^^^^
  File "D:\EcoTrack\.venv\Lib\site-packages\aiohttp\connector.py", line 1181, in _resolve_host
    return await asyncio.shield(resolved_host_task)
           ^^^^^^^^^^^^^^^^^^^^^^^^^^^^^^^^^^^^^^^^
  File "D:\EcoTrack\.venv\Lib\site-packages\aiohttp\connector.py", line 1212, in _resolve_host_with_throttle
    addrs = await self._resolver.resolve(host, port, family=self._family)
            ^^^^^^^^^^^^^^^^^^^^^^^^^^^^^^^^^^^^^^^^^^^^^^^^^^^^^^^^^^^^^
  File "D:\EcoTrack\.venv\Lib\site-packages\aiohttp\resolver.py", line 47, in resolve
    infos = await self._loop.getaddrinfo(
            ^^^^^^^^^^^^^^^^^^^^^^^^^^^^^
  File "C:\Users\JANHAVI TUPE\AppData\Local\Programs\Python\Python311\Lib\asyncio\base_events.py", line 868, in getaddrinfo
    return await self.run_in_executor(
           ^^^^^^^^^^^^^^^^^^^^^^^^^^^
  File "C:\Users\JANHAVI TUPE\AppData\Local\Programs\Python\Python311\Lib\concurrent\futures\thread.py", line 58, in run
    result = self.fn(*self.args, **self.kwargs)
             ^^^^^^^^^^^^^^^^^^^^^^^^^^^^^^^^^^
  File "C:\Users\JANHAVI TUPE\AppData\Local\Programs\Python\Python311\Lib\socket.py", line 962, in getaddrinfo
    for res in _socket.getaddrinfo(host, port, family, type, proto, flags):
               ^^^^^^^^^^^^^^^^^^^^^^^^^^^^^^^^^^^^^^^^^^^^^^^^^^^^^^^^^^^
socket.gaierror: [Errno 11001] getaddrinfo failed

The above exception was the direct cause of the following exception:

Traceback (most recent call last):
  File "D:\EcoTrack\.venv\Lib\site-packages\fsspec\implementations\http.py", line 447, in _info
    await _file_info(
  File "D:\EcoTrack\.venv\Lib\site-packages\fsspec\implementations\http.py", line 861, in _file_info
    r = await session.get(url, allow_redirects=ar, **kwargs)
        ^^^^^^^^^^^^^^^^^^^^^^^^^^^^^^^^^^^^^^^^^^^^^^^^^^^^
  File "D:\EcoTrack\.venv\Lib\site-packages\aiohttp\client.py", line 858, in _request
    resp = await handler(req)
           ^^^^^^^^^^^^^^^^^^
  File "D:\EcoTrack\.venv\Lib\site-packages\aiohttp\client.py", line 812, in _connect_and_send_request
    conn = await self._connector.connect(
           ^^^^^^^^^^^^^^^^^^^^^^^^^^^^^^
  File "D:\EcoTrack\.venv\Lib\site-packages\aiohttp\connector.py", line 657, in connect
    proto = await self._create_connection(req, traces, timeout)
            ^^^^^^^^^^^^^^^^^^^^^^^^^^^^^^^^^^^^^^^^^^^^^^^^^^^
  File "D:\EcoTrack\.venv\Lib\site-packages\aiohttp\connector.py", line 1242, in _create_connection
    _, proto = await self._create_direct_connection(req, traces, timeout)
               ^^^^^^^^^^^^^^^^^^^^^^^^^^^^^^^^^^^^^^^^^^^^^^^^^^^^^^^^^^
  File "D:\EcoTrack\.venv\Lib\site-packages\aiohttp\connector.py", line 1577, in _create_direct_connection
    raise ClientConnectorDNSError(req.connection_key, exc) from exc
aiohttp.client_exceptions.ClientConnectorDNSError: Cannot connect to host data.gesdisc.earthdata.nasa.gov:443 ssl:default [getaddrinfo failed]

The above exception was the direct cause of the following exception:

Traceback (most recent call last):
  File "D:\EcoTrack\.venv\Lib\site-packages\earthaccess\store.py", line 987, in _open_urls_https
    return _open_files(
           ^^^^^^^^^^^^
  File "D:\EcoTrack\.venv\Lib\site-packages\earthaccess\store.py", line 150, in _open_files
    return pqdm(
           ^^^^^
  File "D:\EcoTrack\.venv\Lib\site-packages\pqdm\threads.py", line 22, in pqdm
    return _parallel_process(
           ^^^^^^^^^^^^^^^^^^
  File "D:\EcoTrack\.venv\Lib\site-packages\pqdm\_base.py", line 79, in _parallel_process
    raise e
  File "D:\EcoTrack\.venv\Lib\site-packages\pqdm\_base.py", line 76, in _parallel_process
    results.append(future.result())
                   ^^^^^^^^^^^^^^^
  File "C:\Users\JANHAVI TUPE\AppData\Local\Programs\Python\Python311\Lib\concurrent\futures\_base.py", line 449, in result
    return self.__get_result()
           ^^^^^^^^^^^^^^^^^^^
  File "C:\Users\JANHAVI TUPE\AppData\Local\Programs\Python\Python311\Lib\concurrent\futures\_base.py", line 401, in __get_result
    raise self._exception
  File "C:\Users\JANHAVI TUPE\AppData\Local\Programs\Python\Python311\Lib\concurrent\futures\thread.py", line 58, in run
    result = self.fn(*self.args, **self.kwargs)
             ^^^^^^^^^^^^^^^^^^^^^^^^^^^^^^^^^^
  File "D:\EcoTrack\.venv\Lib\site-packages\earthaccess\store.py", line 137, in multi_thread_open
    f_size = fs.info(url)["size"]
             ^^^^^^^^^^^^
  File "D:\EcoTrack\.venv\Lib\site-packages\fsspec\asyn.py", line 217, in wrapper
    return sync(self.loop, func, *args, **kwargs)
           ^^^^^^^^^^^^^^^^^^^^^^^^^^^^^^^^^^^^^^
  File "D:\EcoTrack\.venv\Lib\site-packages\fsspec\asyn.py", line 106, in sync
    raise return_result
  File "D:\EcoTrack\.venv\Lib\site-packages\fsspec\asyn.py", line 59, in _runner
    result[0] = await coro
                ^^^^^^^^^^
  File "D:\EcoTrack\.venv\Lib\site-packages\fsspec\implementations\http.py", line 460, in _info
    raise FileNotFoundError(url) from exc
FileNotFoundError: https://data.gesdisc.earthdata.nasa.gov/data/OCO2_DATA/OCO2_L2_Lite_FP.11.2r/2023/oco2_LtCO2_231113_B11210Ar_240919181907s.nc4
  [983/1148] 2023-11-13 FAILED (FileNotFoundError: https://data.gesdisc.earthdata.nasa.gov/data/OCO2_DATA/OCO2_L2_Lite_FP.11.2r/2023/oco2_LtCO2_231113_B11210Ar_240919181907s.nc4) — will retry next run
An exception occurred while trying to access remote files via HTTPS
Traceback (most recent call last):
  File "D:\EcoTrack\.venv\Lib\site-packages\aiohttp\connector.py", line 1571, in _create_direct_connection
    hosts = await self._resolve_host(host, port, traces=traces)
            ^^^^^^^^^^^^^^^^^^^^^^^^^^^^^^^^^^^^^^^^^^^^^^^^^^^
  File "D:\EcoTrack\.venv\Lib\site-packages\aiohttp\connector.py", line 1181, in _resolve_host
    return await asyncio.shield(resolved_host_task)
           ^^^^^^^^^^^^^^^^^^^^^^^^^^^^^^^^^^^^^^^^
  File "D:\EcoTrack\.venv\Lib\site-packages\aiohttp\connector.py", line 1212, in _resolve_host_with_throttle
    addrs = await self._resolver.resolve(host, port, family=self._family)
            ^^^^^^^^^^^^^^^^^^^^^^^^^^^^^^^^^^^^^^^^^^^^^^^^^^^^^^^^^^^^^
  File "D:\EcoTrack\.venv\Lib\site-packages\aiohttp\resolver.py", line 47, in resolve
    infos = await self._loop.getaddrinfo(
            ^^^^^^^^^^^^^^^^^^^^^^^^^^^^^
  File "C:\Users\JANHAVI TUPE\AppData\Local\Programs\Python\Python311\Lib\asyncio\base_events.py", line 868, in getaddrinfo
    return await self.run_in_executor(
           ^^^^^^^^^^^^^^^^^^^^^^^^^^^
  File "C:\Users\JANHAVI TUPE\AppData\Local\Programs\Python\Python311\Lib\concurrent\futures\thread.py", line 58, in run
    result = self.fn(*self.args, **self.kwargs)
             ^^^^^^^^^^^^^^^^^^^^^^^^^^^^^^^^^^
  File "C:\Users\JANHAVI TUPE\AppData\Local\Programs\Python\Python311\Lib\socket.py", line 962, in getaddrinfo
    for res in _socket.getaddrinfo(host, port, family, type, proto, flags):
               ^^^^^^^^^^^^^^^^^^^^^^^^^^^^^^^^^^^^^^^^^^^^^^^^^^^^^^^^^^^
socket.gaierror: [Errno 11001] getaddrinfo failed

The above exception was the direct cause of the following exception:

Traceback (most recent call last):
  File "D:\EcoTrack\.venv\Lib\site-packages\fsspec\implementations\http.py", line 447, in _info
    await _file_info(
  File "D:\EcoTrack\.venv\Lib\site-packages\fsspec\implementations\http.py", line 861, in _file_info
    r = await session.get(url, allow_redirects=ar, **kwargs)
        ^^^^^^^^^^^^^^^^^^^^^^^^^^^^^^^^^^^^^^^^^^^^^^^^^^^^
  File "D:\EcoTrack\.venv\Lib\site-packages\aiohttp\client.py", line 858, in _request
    resp = await handler(req)
           ^^^^^^^^^^^^^^^^^^
  File "D:\EcoTrack\.venv\Lib\site-packages\aiohttp\client.py", line 812, in _connect_and_send_request
    conn = await self._connector.connect(
           ^^^^^^^^^^^^^^^^^^^^^^^^^^^^^^
  File "D:\EcoTrack\.venv\Lib\site-packages\aiohttp\connector.py", line 657, in connect
    proto = await self._create_connection(req, traces, timeout)
            ^^^^^^^^^^^^^^^^^^^^^^^^^^^^^^^^^^^^^^^^^^^^^^^^^^^
  File "D:\EcoTrack\.venv\Lib\site-packages\aiohttp\connector.py", line 1242, in _create_connection
    _, proto = await self._create_direct_connection(req, traces, timeout)
               ^^^^^^^^^^^^^^^^^^^^^^^^^^^^^^^^^^^^^^^^^^^^^^^^^^^^^^^^^^
  File "D:\EcoTrack\.venv\Lib\site-packages\aiohttp\connector.py", line 1577, in _create_direct_connection
    raise ClientConnectorDNSError(req.connection_key, exc) from exc
aiohttp.client_exceptions.ClientConnectorDNSError: Cannot connect to host data.gesdisc.earthdata.nasa.gov:443 ssl:default [getaddrinfo failed]

The above exception was the direct cause of the following exception:

Traceback (most recent call last):
  File "D:\EcoTrack\.venv\Lib\site-packages\earthaccess\store.py", line 987, in _open_urls_https
    return _open_files(
           ^^^^^^^^^^^^
  File "D:\EcoTrack\.venv\Lib\site-packages\earthaccess\store.py", line 150, in _open_files
    return pqdm(
           ^^^^^
  File "D:\EcoTrack\.venv\Lib\site-packages\pqdm\threads.py", line 22, in pqdm
    return _parallel_process(
           ^^^^^^^^^^^^^^^^^^
  File "D:\EcoTrack\.venv\Lib\site-packages\pqdm\_base.py", line 79, in _parallel_process
    raise e
  File "D:\EcoTrack\.venv\Lib\site-packages\pqdm\_base.py", line 76, in _parallel_process
    results.append(future.result())
                   ^^^^^^^^^^^^^^^
  File "C:\Users\JANHAVI TUPE\AppData\Local\Programs\Python\Python311\Lib\concurrent\futures\_base.py", line 449, in result
    return self.__get_result()
           ^^^^^^^^^^^^^^^^^^^
  File "C:\Users\JANHAVI TUPE\AppData\Local\Programs\Python\Python311\Lib\concurrent\futures\_base.py", line 401, in __get_result
    raise self._exception
  File "C:\Users\JANHAVI TUPE\AppData\Local\Programs\Python\Python311\Lib\concurrent\futures\thread.py", line 58, in run
    result = self.fn(*self.args, **self.kwargs)
             ^^^^^^^^^^^^^^^^^^^^^^^^^^^^^^^^^^
  File "D:\EcoTrack\.venv\Lib\site-packages\earthaccess\store.py", line 137, in multi_thread_open
    f_size = fs.info(url)["size"]
             ^^^^^^^^^^^^
  File "D:\EcoTrack\.venv\Lib\site-packages\fsspec\asyn.py", line 217, in wrapper
    return sync(self.loop, func, *args, **kwargs)
           ^^^^^^^^^^^^^^^^^^^^^^^^^^^^^^^^^^^^^^
  File "D:\EcoTrack\.venv\Lib\site-packages\fsspec\asyn.py", line 106, in sync
    raise return_result
  File "D:\EcoTrack\.venv\Lib\site-packages\fsspec\asyn.py", line 59, in _runner
    result[0] = await coro
                ^^^^^^^^^^
  File "D:\EcoTrack\.venv\Lib\site-packages\fsspec\implementations\http.py", line 460, in _info
    raise FileNotFoundError(url) from exc
FileNotFoundError: https://data.gesdisc.earthdata.nasa.gov/data/OCO2_DATA/OCO2_L2_Lite_FP.11.2r/2023/oco2_LtCO2_231114_B11210Ar_240919182006s.nc4
  [984/1148] 2023-11-14 FAILED (FileNotFoundError: https://data.gesdisc.earthdata.nasa.gov/data/OCO2_DATA/OCO2_L2_Lite_FP.11.2r/2023/oco2_LtCO2_231114_B11210Ar_240919182006s.nc4) — will retry next run
An exception occurred while trying to access remote files via HTTPS
Traceback (most recent call last):
  File "D:\EcoTrack\.venv\Lib\site-packages\aiohttp\connector.py", line 1571, in _create_direct_connection
    hosts = await self._resolve_host(host, port, traces=traces)
            ^^^^^^^^^^^^^^^^^^^^^^^^^^^^^^^^^^^^^^^^^^^^^^^^^^^
  File "D:\EcoTrack\.venv\Lib\site-packages\aiohttp\connector.py", line 1181, in _resolve_host
    return await asyncio.shield(resolved_host_task)
           ^^^^^^^^^^^^^^^^^^^^^^^^^^^^^^^^^^^^^^^^
  File "D:\EcoTrack\.venv\Lib\site-packages\aiohttp\connector.py", line 1212, in _resolve_host_with_throttle
    addrs = await self._resolver.resolve(host, port, family=self._family)
            ^^^^^^^^^^^^^^^^^^^^^^^^^^^^^^^^^^^^^^^^^^^^^^^^^^^^^^^^^^^^^
  File "D:\EcoTrack\.venv\Lib\site-packages\aiohttp\resolver.py", line 47, in resolve
    infos = await self._loop.getaddrinfo(
            ^^^^^^^^^^^^^^^^^^^^^^^^^^^^^
  File "C:\Users\JANHAVI TUPE\AppData\Local\Programs\Python\Python311\Lib\asyncio\base_events.py", line 868, in getaddrinfo
    return await self.run_in_executor(
           ^^^^^^^^^^^^^^^^^^^^^^^^^^^
  File "C:\Users\JANHAVI TUPE\AppData\Local\Programs\Python\Python311\Lib\concurrent\futures\thread.py", line 58, in run
    result = self.fn(*self.args, **self.kwargs)
             ^^^^^^^^^^^^^^^^^^^^^^^^^^^^^^^^^^
  File "C:\Users\JANHAVI TUPE\AppData\Local\Programs\Python\Python311\Lib\socket.py", line 962, in getaddrinfo
    for res in _socket.getaddrinfo(host, port, family, type, proto, flags):
               ^^^^^^^^^^^^^^^^^^^^^^^^^^^^^^^^^^^^^^^^^^^^^^^^^^^^^^^^^^^
socket.gaierror: [Errno 11001] getaddrinfo failed

The above exception was the direct cause of the following exception:

Traceback (most recent call last):
  File "D:\EcoTrack\.venv\Lib\site-packages\fsspec\implementations\http.py", line 447, in _info
    await _file_info(
  File "D:\EcoTrack\.venv\Lib\site-packages\fsspec\implementations\http.py", line 861, in _file_info
    r = await session.get(url, allow_redirects=ar, **kwargs)
        ^^^^^^^^^^^^^^^^^^^^^^^^^^^^^^^^^^^^^^^^^^^^^^^^^^^^
  File "D:\EcoTrack\.venv\Lib\site-packages\aiohttp\client.py", line 858, in _request
    resp = await handler(req)
           ^^^^^^^^^^^^^^^^^^
  File "D:\EcoTrack\.venv\Lib\site-packages\aiohttp\client.py", line 812, in _connect_and_send_request
    conn = await self._connector.connect(
           ^^^^^^^^^^^^^^^^^^^^^^^^^^^^^^
  File "D:\EcoTrack\.venv\Lib\site-packages\aiohttp\connector.py", line 657, in connect
    proto = await self._create_connection(req, traces, timeout)
            ^^^^^^^^^^^^^^^^^^^^^^^^^^^^^^^^^^^^^^^^^^^^^^^^^^^
  File "D:\EcoTrack\.venv\Lib\site-packages\aiohttp\connector.py", line 1242, in _create_connection
    _, proto = await self._create_direct_connection(req, traces, timeout)
               ^^^^^^^^^^^^^^^^^^^^^^^^^^^^^^^^^^^^^^^^^^^^^^^^^^^^^^^^^^
  File "D:\EcoTrack\.venv\Lib\site-packages\aiohttp\connector.py", line 1577, in _create_direct_connection
    raise ClientConnectorDNSError(req.connection_key, exc) from exc
aiohttp.client_exceptions.ClientConnectorDNSError: Cannot connect to host data.gesdisc.earthdata.nasa.gov:443 ssl:default [getaddrinfo failed]

The above exception was the direct cause of the following exception:

Traceback (most recent call last):
  File "D:\EcoTrack\.venv\Lib\site-packages\earthaccess\store.py", line 987, in _open_urls_https
    return _open_files(
           ^^^^^^^^^^^^
  File "D:\EcoTrack\.venv\Lib\site-packages\earthaccess\store.py", line 150, in _open_files
    return pqdm(
           ^^^^^
  File "D:\EcoTrack\.venv\Lib\site-packages\pqdm\threads.py", line 22, in pqdm
    return _parallel_process(
           ^^^^^^^^^^^^^^^^^^
  File "D:\EcoTrack\.venv\Lib\site-packages\pqdm\_base.py", line 79, in _parallel_process
    raise e
  File "D:\EcoTrack\.venv\Lib\site-packages\pqdm\_base.py", line 76, in _parallel_process
    results.append(future.result())
                   ^^^^^^^^^^^^^^^
  File "C:\Users\JANHAVI TUPE\AppData\Local\Programs\Python\Python311\Lib\concurrent\futures\_base.py", line 449, in result
    return self.__get_result()
           ^^^^^^^^^^^^^^^^^^^
  File "C:\Users\JANHAVI TUPE\AppData\Local\Programs\Python\Python311\Lib\concurrent\futures\_base.py", line 401, in __get_result
    raise self._exception
  File "C:\Users\JANHAVI TUPE\AppData\Local\Programs\Python\Python311\Lib\concurrent\futures\thread.py", line 58, in run
    result = self.fn(*self.args, **self.kwargs)
             ^^^^^^^^^^^^^^^^^^^^^^^^^^^^^^^^^^
  File "D:\EcoTrack\.venv\Lib\site-packages\earthaccess\store.py", line 137, in multi_thread_open
    f_size = fs.info(url)["size"]
             ^^^^^^^^^^^^
  File "D:\EcoTrack\.venv\Lib\site-packages\fsspec\asyn.py", line 217, in wrapper
    return sync(self.loop, func, *args, **kwargs)
           ^^^^^^^^^^^^^^^^^^^^^^^^^^^^^^^^^^^^^^
  File "D:\EcoTrack\.venv\Lib\site-packages\fsspec\asyn.py", line 106, in sync
    raise return_result
  File "D:\EcoTrack\.venv\Lib\site-packages\fsspec\asyn.py", line 59, in _runner
    result[0] = await coro
                ^^^^^^^^^^
  File "D:\EcoTrack\.venv\Lib\site-packages\fsspec\implementations\http.py", line 460, in _info
    raise FileNotFoundError(url) from exc
FileNotFoundError: https://data.gesdisc.earthdata.nasa.gov/data/OCO2_DATA/OCO2_L2_Lite_FP.11.2r/2023/oco2_LtCO2_231115_B11210Ar_240919182023s.nc4
  [985/1148] 2023-11-15 FAILED (FileNotFoundError: https://data.gesdisc.earthdata.nasa.gov/data/OCO2_DATA/OCO2_L2_Lite_FP.11.2r/2023/oco2_LtCO2_231115_B11210Ar_240919182023s.nc4) — will retry next run
An exception occurred while trying to access remote files via HTTPS
Traceback (most recent call last):
  File "D:\EcoTrack\.venv\Lib\site-packages\aiohttp\connector.py", line 1571, in _create_direct_connection
    hosts = await self._resolve_host(host, port, traces=traces)
            ^^^^^^^^^^^^^^^^^^^^^^^^^^^^^^^^^^^^^^^^^^^^^^^^^^^
  File "D:\EcoTrack\.venv\Lib\site-packages\aiohttp\connector.py", line 1181, in _resolve_host
    return await asyncio.shield(resolved_host_task)
           ^^^^^^^^^^^^^^^^^^^^^^^^^^^^^^^^^^^^^^^^
  File "D:\EcoTrack\.venv\Lib\site-packages\aiohttp\connector.py", line 1212, in _resolve_host_with_throttle
    addrs = await self._resolver.resolve(host, port, family=self._family)
            ^^^^^^^^^^^^^^^^^^^^^^^^^^^^^^^^^^^^^^^^^^^^^^^^^^^^^^^^^^^^^
  File "D:\EcoTrack\.venv\Lib\site-packages\aiohttp\resolver.py", line 47, in resolve
    infos = await self._loop.getaddrinfo(
            ^^^^^^^^^^^^^^^^^^^^^^^^^^^^^
  File "C:\Users\JANHAVI TUPE\AppData\Local\Programs\Python\Python311\Lib\asyncio\base_events.py", line 868, in getaddrinfo
    return await self.run_in_executor(
           ^^^^^^^^^^^^^^^^^^^^^^^^^^^
  File "C:\Users\JANHAVI TUPE\AppData\Local\Programs\Python\Python311\Lib\concurrent\futures\thread.py", line 58, in run
    result = self.fn(*self.args, **self.kwargs)
             ^^^^^^^^^^^^^^^^^^^^^^^^^^^^^^^^^^
  File "C:\Users\JANHAVI TUPE\AppData\Local\Programs\Python\Python311\Lib\socket.py", line 962, in getaddrinfo
    for res in _socket.getaddrinfo(host, port, family, type, proto, flags):
               ^^^^^^^^^^^^^^^^^^^^^^^^^^^^^^^^^^^^^^^^^^^^^^^^^^^^^^^^^^^
socket.gaierror: [Errno 11001] getaddrinfo failed

The above exception was the direct cause of the following exception:

Traceback (most recent call last):
  File "D:\EcoTrack\.venv\Lib\site-packages\fsspec\implementations\http.py", line 447, in _info
    await _file_info(
  File "D:\EcoTrack\.venv\Lib\site-packages\fsspec\implementations\http.py", line 861, in _file_info
    r = await session.get(url, allow_redirects=ar, **kwargs)
        ^^^^^^^^^^^^^^^^^^^^^^^^^^^^^^^^^^^^^^^^^^^^^^^^^^^^
  File "D:\EcoTrack\.venv\Lib\site-packages\aiohttp\client.py", line 858, in _request
    resp = await handler(req)
           ^^^^^^^^^^^^^^^^^^
  File "D:\EcoTrack\.venv\Lib\site-packages\aiohttp\client.py", line 812, in _connect_and_send_request
    conn = await self._connector.connect(
           ^^^^^^^^^^^^^^^^^^^^^^^^^^^^^^
  File "D:\EcoTrack\.venv\Lib\site-packages\aiohttp\connector.py", line 657, in connect
    proto = await self._create_connection(req, traces, timeout)
            ^^^^^^^^^^^^^^^^^^^^^^^^^^^^^^^^^^^^^^^^^^^^^^^^^^^
  File "D:\EcoTrack\.venv\Lib\site-packages\aiohttp\connector.py", line 1242, in _create_connection
    _, proto = await self._create_direct_connection(req, traces, timeout)
               ^^^^^^^^^^^^^^^^^^^^^^^^^^^^^^^^^^^^^^^^^^^^^^^^^^^^^^^^^^
  File "D:\EcoTrack\.venv\Lib\site-packages\aiohttp\connector.py", line 1577, in _create_direct_connection
    raise ClientConnectorDNSError(req.connection_key, exc) from exc
aiohttp.client_exceptions.ClientConnectorDNSError: Cannot connect to host data.gesdisc.earthdata.nasa.gov:443 ssl:default [getaddrinfo failed]

The above exception was the direct cause of the following exception:

Traceback (most recent call last):
  File "D:\EcoTrack\.venv\Lib\site-packages\earthaccess\store.py", line 987, in _open_urls_https
    return _open_files(
           ^^^^^^^^^^^^
  File "D:\EcoTrack\.venv\Lib\site-packages\earthaccess\store.py", line 150, in _open_files
    return pqdm(
           ^^^^^
  File "D:\EcoTrack\.venv\Lib\site-packages\pqdm\threads.py", line 22, in pqdm
    return _parallel_process(
           ^^^^^^^^^^^^^^^^^^
  File "D:\EcoTrack\.venv\Lib\site-packages\pqdm\_base.py", line 79, in _parallel_process
    raise e
  File "D:\EcoTrack\.venv\Lib\site-packages\pqdm\_base.py", line 76, in _parallel_process
    results.append(future.result())
                   ^^^^^^^^^^^^^^^
  File "C:\Users\JANHAVI TUPE\AppData\Local\Programs\Python\Python311\Lib\concurrent\futures\_base.py", line 449, in result
    return self.__get_result()
           ^^^^^^^^^^^^^^^^^^^
  File "C:\Users\JANHAVI TUPE\AppData\Local\Programs\Python\Python311\Lib\concurrent\futures\_base.py", line 401, in __get_result
    raise self._exception
  File "C:\Users\JANHAVI TUPE\AppData\Local\Programs\Python\Python311\Lib\concurrent\futures\thread.py", line 58, in run
    result = self.fn(*self.args, **self.kwargs)
             ^^^^^^^^^^^^^^^^^^^^^^^^^^^^^^^^^^
  File "D:\EcoTrack\.venv\Lib\site-packages\earthaccess\store.py", line 137, in multi_thread_open
    f_size = fs.info(url)["size"]
             ^^^^^^^^^^^^
  File "D:\EcoTrack\.venv\Lib\site-packages\fsspec\asyn.py", line 217, in wrapper
    return sync(self.loop, func, *args, **kwargs)
           ^^^^^^^^^^^^^^^^^^^^^^^^^^^^^^^^^^^^^^
  File "D:\EcoTrack\.venv\Lib\site-packages\fsspec\asyn.py", line 106, in sync
    raise return_result
  File "D:\EcoTrack\.venv\Lib\site-packages\fsspec\asyn.py", line 59, in _runner
    result[0] = await coro
                ^^^^^^^^^^
  File "D:\EcoTrack\.venv\Lib\site-packages\fsspec\implementations\http.py", line 460, in _info
    raise FileNotFoundError(url) from exc
FileNotFoundError: https://data.gesdisc.earthdata.nasa.gov/data/OCO2_DATA/OCO2_L2_Lite_FP.11.2r/2023/oco2_LtCO2_231116_B11210Ar_240919182125s.nc4
  [986/1148] 2023-11-16 FAILED (FileNotFoundError: https://data.gesdisc.earthdata.nasa.gov/data/OCO2_DATA/OCO2_L2_Lite_FP.11.2r/2023/oco2_LtCO2_231116_B11210Ar_240919182125s.nc4) — will retry next run
An exception occurred while trying to access remote files via HTTPS
Traceback (most recent call last):
  File "D:\EcoTrack\.venv\Lib\site-packages\aiohttp\connector.py", line 1571, in _create_direct_connection
    hosts = await self._resolve_host(host, port, traces=traces)
            ^^^^^^^^^^^^^^^^^^^^^^^^^^^^^^^^^^^^^^^^^^^^^^^^^^^
  File "D:\EcoTrack\.venv\Lib\site-packages\aiohttp\connector.py", line 1181, in _resolve_host
    return await asyncio.shield(resolved_host_task)
           ^^^^^^^^^^^^^^^^^^^^^^^^^^^^^^^^^^^^^^^^
  File "D:\EcoTrack\.venv\Lib\site-packages\aiohttp\connector.py", line 1212, in _resolve_host_with_throttle
    addrs = await self._resolver.resolve(host, port, family=self._family)
            ^^^^^^^^^^^^^^^^^^^^^^^^^^^^^^^^^^^^^^^^^^^^^^^^^^^^^^^^^^^^^
  File "D:\EcoTrack\.venv\Lib\site-packages\aiohttp\resolver.py", line 47, in resolve
    infos = await self._loop.getaddrinfo(
            ^^^^^^^^^^^^^^^^^^^^^^^^^^^^^
  File "C:\Users\JANHAVI TUPE\AppData\Local\Programs\Python\Python311\Lib\asyncio\base_events.py", line 868, in getaddrinfo
    return await self.run_in_executor(
           ^^^^^^^^^^^^^^^^^^^^^^^^^^^
  File "C:\Users\JANHAVI TUPE\AppData\Local\Programs\Python\Python311\Lib\concurrent\futures\thread.py", line 58, in run
    result = self.fn(*self.args, **self.kwargs)
             ^^^^^^^^^^^^^^^^^^^^^^^^^^^^^^^^^^
  File "C:\Users\JANHAVI TUPE\AppData\Local\Programs\Python\Python311\Lib\socket.py", line 962, in getaddrinfo
    for res in _socket.getaddrinfo(host, port, family, type, proto, flags):
               ^^^^^^^^^^^^^^^^^^^^^^^^^^^^^^^^^^^^^^^^^^^^^^^^^^^^^^^^^^^
socket.gaierror: [Errno 11001] getaddrinfo failed

The above exception was the direct cause of the following exception:

Traceback (most recent call last):
  File "D:\EcoTrack\.venv\Lib\site-packages\fsspec\implementations\http.py", line 447, in _info
    await _file_info(
  File "D:\EcoTrack\.venv\Lib\site-packages\fsspec\implementations\http.py", line 861, in _file_info
    r = await session.get(url, allow_redirects=ar, **kwargs)
        ^^^^^^^^^^^^^^^^^^^^^^^^^^^^^^^^^^^^^^^^^^^^^^^^^^^^
  File "D:\EcoTrack\.venv\Lib\site-packages\aiohttp\client.py", line 858, in _request
    resp = await handler(req)
           ^^^^^^^^^^^^^^^^^^
  File "D:\EcoTrack\.venv\Lib\site-packages\aiohttp\client.py", line 812, in _connect_and_send_request
    conn = await self._connector.connect(
           ^^^^^^^^^^^^^^^^^^^^^^^^^^^^^^
  File "D:\EcoTrack\.venv\Lib\site-packages\aiohttp\connector.py", line 657, in connect
    proto = await self._create_connection(req, traces, timeout)
            ^^^^^^^^^^^^^^^^^^^^^^^^^^^^^^^^^^^^^^^^^^^^^^^^^^^
  File "D:\EcoTrack\.venv\Lib\site-packages\aiohttp\connector.py", line 1242, in _create_connection
    _, proto = await self._create_direct_connection(req, traces, timeout)
               ^^^^^^^^^^^^^^^^^^^^^^^^^^^^^^^^^^^^^^^^^^^^^^^^^^^^^^^^^^
  File "D:\EcoTrack\.venv\Lib\site-packages\aiohttp\connector.py", line 1577, in _create_direct_connection
    raise ClientConnectorDNSError(req.connection_key, exc) from exc
aiohttp.client_exceptions.ClientConnectorDNSError: Cannot connect to host data.gesdisc.earthdata.nasa.gov:443 ssl:default [getaddrinfo failed]

The above exception was the direct cause of the following exception:

Traceback (most recent call last):
  File "D:\EcoTrack\.venv\Lib\site-packages\earthaccess\store.py", line 987, in _open_urls_https
    return _open_files(
           ^^^^^^^^^^^^
  File "D:\EcoTrack\.venv\Lib\site-packages\earthaccess\store.py", line 150, in _open_files
    return pqdm(
           ^^^^^
  File "D:\EcoTrack\.venv\Lib\site-packages\pqdm\threads.py", line 22, in pqdm
    return _parallel_process(
           ^^^^^^^^^^^^^^^^^^
  File "D:\EcoTrack\.venv\Lib\site-packages\pqdm\_base.py", line 79, in _parallel_process
    raise e
  File "D:\EcoTrack\.venv\Lib\site-packages\pqdm\_base.py", line 76, in _parallel_process
    results.append(future.result())
                   ^^^^^^^^^^^^^^^
  File "C:\Users\JANHAVI TUPE\AppData\Local\Programs\Python\Python311\Lib\concurrent\futures\_base.py", line 449, in result
    return self.__get_result()
           ^^^^^^^^^^^^^^^^^^^
  File "C:\Users\JANHAVI TUPE\AppData\Local\Programs\Python\Python311\Lib\concurrent\futures\_base.py", line 401, in __get_result
    raise self._exception
  File "C:\Users\JANHAVI TUPE\AppData\Local\Programs\Python\Python311\Lib\concurrent\futures\thread.py", line 58, in run
    result = self.fn(*self.args, **self.kwargs)
             ^^^^^^^^^^^^^^^^^^^^^^^^^^^^^^^^^^
  File "D:\EcoTrack\.venv\Lib\site-packages\earthaccess\store.py", line 137, in multi_thread_open
    f_size = fs.info(url)["size"]
             ^^^^^^^^^^^^
  File "D:\EcoTrack\.venv\Lib\site-packages\fsspec\asyn.py", line 217, in wrapper
    return sync(self.loop, func, *args, **kwargs)
           ^^^^^^^^^^^^^^^^^^^^^^^^^^^^^^^^^^^^^^
  File "D:\EcoTrack\.venv\Lib\site-packages\fsspec\asyn.py", line 106, in sync
    raise return_result
  File "D:\EcoTrack\.venv\Lib\site-packages\fsspec\asyn.py", line 59, in _runner
    result[0] = await coro
                ^^^^^^^^^^
  File "D:\EcoTrack\.venv\Lib\site-packages\fsspec\implementations\http.py", line 460, in _info
    raise FileNotFoundError(url) from exc
FileNotFoundError: https://data.gesdisc.earthdata.nasa.gov/data/OCO2_DATA/OCO2_L2_Lite_FP.11.2r/2023/oco2_LtCO2_231117_B11210Ar_240919182138s.nc4
  [987/1148] 2023-11-17 FAILED (FileNotFoundError: https://data.gesdisc.earthdata.nasa.gov/data/OCO2_DATA/OCO2_L2_Lite_FP.11.2r/2023/oco2_LtCO2_231117_B11210Ar_240919182138s.nc4) — will retry next run
An exception occurred while trying to access remote files via HTTPS
Traceback (most recent call last):
  File "D:\EcoTrack\.venv\Lib\site-packages\aiohttp\connector.py", line 1571, in _create_direct_connection
    hosts = await self._resolve_host(host, port, traces=traces)
            ^^^^^^^^^^^^^^^^^^^^^^^^^^^^^^^^^^^^^^^^^^^^^^^^^^^
  File "D:\EcoTrack\.venv\Lib\site-packages\aiohttp\connector.py", line 1181, in _resolve_host
    return await asyncio.shield(resolved_host_task)
           ^^^^^^^^^^^^^^^^^^^^^^^^^^^^^^^^^^^^^^^^
  File "D:\EcoTrack\.venv\Lib\site-packages\aiohttp\connector.py", line 1212, in _resolve_host_with_throttle
    addrs = await self._resolver.resolve(host, port, family=self._family)
            ^^^^^^^^^^^^^^^^^^^^^^^^^^^^^^^^^^^^^^^^^^^^^^^^^^^^^^^^^^^^^
  File "D:\EcoTrack\.venv\Lib\site-packages\aiohttp\resolver.py", line 47, in resolve
    infos = await self._loop.getaddrinfo(
            ^^^^^^^^^^^^^^^^^^^^^^^^^^^^^
  File "C:\Users\JANHAVI TUPE\AppData\Local\Programs\Python\Python311\Lib\asyncio\base_events.py", line 868, in getaddrinfo
    return await self.run_in_executor(
           ^^^^^^^^^^^^^^^^^^^^^^^^^^^
  File "C:\Users\JANHAVI TUPE\AppData\Local\Programs\Python\Python311\Lib\concurrent\futures\thread.py", line 58, in run
    result = self.fn(*self.args, **self.kwargs)
             ^^^^^^^^^^^^^^^^^^^^^^^^^^^^^^^^^^
  File "C:\Users\JANHAVI TUPE\AppData\Local\Programs\Python\Python311\Lib\socket.py", line 962, in getaddrinfo
    for res in _socket.getaddrinfo(host, port, family, type, proto, flags):
               ^^^^^^^^^^^^^^^^^^^^^^^^^^^^^^^^^^^^^^^^^^^^^^^^^^^^^^^^^^^
socket.gaierror: [Errno 11001] getaddrinfo failed

The above exception was the direct cause of the following exception:

Traceback (most recent call last):
  File "D:\EcoTrack\.venv\Lib\site-packages\fsspec\implementations\http.py", line 447, in _info
    await _file_info(
  File "D:\EcoTrack\.venv\Lib\site-packages\fsspec\implementations\http.py", line 861, in _file_info
    r = await session.get(url, allow_redirects=ar, **kwargs)
        ^^^^^^^^^^^^^^^^^^^^^^^^^^^^^^^^^^^^^^^^^^^^^^^^^^^^
  File "D:\EcoTrack\.venv\Lib\site-packages\aiohttp\client.py", line 858, in _request
    resp = await handler(req)
           ^^^^^^^^^^^^^^^^^^
  File "D:\EcoTrack\.venv\Lib\site-packages\aiohttp\client.py", line 812, in _connect_and_send_request
    conn = await self._connector.connect(
           ^^^^^^^^^^^^^^^^^^^^^^^^^^^^^^
  File "D:\EcoTrack\.venv\Lib\site-packages\aiohttp\connector.py", line 657, in connect
    proto = await self._create_connection(req, traces, timeout)
            ^^^^^^^^^^^^^^^^^^^^^^^^^^^^^^^^^^^^^^^^^^^^^^^^^^^
  File "D:\EcoTrack\.venv\Lib\site-packages\aiohttp\connector.py", line 1242, in _create_connection
    _, proto = await self._create_direct_connection(req, traces, timeout)
               ^^^^^^^^^^^^^^^^^^^^^^^^^^^^^^^^^^^^^^^^^^^^^^^^^^^^^^^^^^
  File "D:\EcoTrack\.venv\Lib\site-packages\aiohttp\connector.py", line 1577, in _create_direct_connection
    raise ClientConnectorDNSError(req.connection_key, exc) from exc
aiohttp.client_exceptions.ClientConnectorDNSError: Cannot connect to host data.gesdisc.earthdata.nasa.gov:443 ssl:default [getaddrinfo failed]

The above exception was the direct cause of the following exception:

Traceback (most recent call last):
  File "D:\EcoTrack\.venv\Lib\site-packages\earthaccess\store.py", line 987, in _open_urls_https
    return _open_files(
           ^^^^^^^^^^^^
  File "D:\EcoTrack\.venv\Lib\site-packages\earthaccess\store.py", line 150, in _open_files
    return pqdm(
           ^^^^^
  File "D:\EcoTrack\.venv\Lib\site-packages\pqdm\threads.py", line 22, in pqdm
    return _parallel_process(
           ^^^^^^^^^^^^^^^^^^
  File "D:\EcoTrack\.venv\Lib\site-packages\pqdm\_base.py", line 79, in _parallel_process
    raise e
  File "D:\EcoTrack\.venv\Lib\site-packages\pqdm\_base.py", line 76, in _parallel_process
    results.append(future.result())
                   ^^^^^^^^^^^^^^^
  File "C:\Users\JANHAVI TUPE\AppData\Local\Programs\Python\Python311\Lib\concurrent\futures\_base.py", line 449, in result
    return self.__get_result()
           ^^^^^^^^^^^^^^^^^^^
  File "C:\Users\JANHAVI TUPE\AppData\Local\Programs\Python\Python311\Lib\concurrent\futures\_base.py", line 401, in __get_result
    raise self._exception
  File "C:\Users\JANHAVI TUPE\AppData\Local\Programs\Python\Python311\Lib\concurrent\futures\thread.py", line 58, in run
    result = self.fn(*self.args, **self.kwargs)
             ^^^^^^^^^^^^^^^^^^^^^^^^^^^^^^^^^^
  File "D:\EcoTrack\.venv\Lib\site-packages\earthaccess\store.py", line 137, in multi_thread_open
    f_size = fs.info(url)["size"]
             ^^^^^^^^^^^^
  File "D:\EcoTrack\.venv\Lib\site-packages\fsspec\asyn.py", line 217, in wrapper
    return sync(self.loop, func, *args, **kwargs)
           ^^^^^^^^^^^^^^^^^^^^^^^^^^^^^^^^^^^^^^
  File "D:\EcoTrack\.venv\Lib\site-packages\fsspec\asyn.py", line 106, in sync
    raise return_result
  File "D:\EcoTrack\.venv\Lib\site-packages\fsspec\asyn.py", line 59, in _runner
    result[0] = await coro
                ^^^^^^^^^^
  File "D:\EcoTrack\.venv\Lib\site-packages\fsspec\implementations\http.py", line 460, in _info
    raise FileNotFoundError(url) from exc
FileNotFoundError: https://data.gesdisc.earthdata.nasa.gov/data/OCO2_DATA/OCO2_L2_Lite_FP.11.2r/2023/oco2_LtCO2_231119_B11210Ar_240919182240s.nc4
  [988/1148] 2023-11-19 FAILED (FileNotFoundError: https://data.gesdisc.earthdata.nasa.gov/data/OCO2_DATA/OCO2_L2_Lite_FP.11.2r/2023/oco2_LtCO2_231119_B11210Ar_240919182240s.nc4) — will retry next run
An exception occurred while trying to access remote files via HTTPS
Traceback (most recent call last):
  File "D:\EcoTrack\.venv\Lib\site-packages\aiohttp\connector.py", line 1571, in _create_direct_connection
    hosts = await self._resolve_host(host, port, traces=traces)
            ^^^^^^^^^^^^^^^^^^^^^^^^^^^^^^^^^^^^^^^^^^^^^^^^^^^
  File "D:\EcoTrack\.venv\Lib\site-packages\aiohttp\connector.py", line 1181, in _resolve_host
    return await asyncio.shield(resolved_host_task)
           ^^^^^^^^^^^^^^^^^^^^^^^^^^^^^^^^^^^^^^^^
  File "D:\EcoTrack\.venv\Lib\site-packages\aiohttp\connector.py", line 1212, in _resolve_host_with_throttle
    addrs = await self._resolver.resolve(host, port, family=self._family)
            ^^^^^^^^^^^^^^^^^^^^^^^^^^^^^^^^^^^^^^^^^^^^^^^^^^^^^^^^^^^^^
  File "D:\EcoTrack\.venv\Lib\site-packages\aiohttp\resolver.py", line 47, in resolve
    infos = await self._loop.getaddrinfo(
            ^^^^^^^^^^^^^^^^^^^^^^^^^^^^^
  File "C:\Users\JANHAVI TUPE\AppData\Local\Programs\Python\Python311\Lib\asyncio\base_events.py", line 868, in getaddrinfo
    return await self.run_in_executor(
           ^^^^^^^^^^^^^^^^^^^^^^^^^^^
  File "C:\Users\JANHAVI TUPE\AppData\Local\Programs\Python\Python311\Lib\concurrent\futures\thread.py", line 58, in run
    result = self.fn(*self.args, **self.kwargs)
             ^^^^^^^^^^^^^^^^^^^^^^^^^^^^^^^^^^
  File "C:\Users\JANHAVI TUPE\AppData\Local\Programs\Python\Python311\Lib\socket.py", line 962, in getaddrinfo
    for res in _socket.getaddrinfo(host, port, family, type, proto, flags):
               ^^^^^^^^^^^^^^^^^^^^^^^^^^^^^^^^^^^^^^^^^^^^^^^^^^^^^^^^^^^
socket.gaierror: [Errno 11001] getaddrinfo failed

The above exception was the direct cause of the following exception:

Traceback (most recent call last):
  File "D:\EcoTrack\.venv\Lib\site-packages\fsspec\implementations\http.py", line 447, in _info
    await _file_info(
  File "D:\EcoTrack\.venv\Lib\site-packages\fsspec\implementations\http.py", line 861, in _file_info
    r = await session.get(url, allow_redirects=ar, **kwargs)
        ^^^^^^^^^^^^^^^^^^^^^^^^^^^^^^^^^^^^^^^^^^^^^^^^^^^^
  File "D:\EcoTrack\.venv\Lib\site-packages\aiohttp\client.py", line 858, in _request
    resp = await handler(req)
           ^^^^^^^^^^^^^^^^^^
  File "D:\EcoTrack\.venv\Lib\site-packages\aiohttp\client.py", line 812, in _connect_and_send_request
    conn = await self._connector.connect(
           ^^^^^^^^^^^^^^^^^^^^^^^^^^^^^^
  File "D:\EcoTrack\.venv\Lib\site-packages\aiohttp\connector.py", line 657, in connect
    proto = await self._create_connection(req, traces, timeout)
            ^^^^^^^^^^^^^^^^^^^^^^^^^^^^^^^^^^^^^^^^^^^^^^^^^^^
  File "D:\EcoTrack\.venv\Lib\site-packages\aiohttp\connector.py", line 1242, in _create_connection
    _, proto = await self._create_direct_connection(req, traces, timeout)
               ^^^^^^^^^^^^^^^^^^^^^^^^^^^^^^^^^^^^^^^^^^^^^^^^^^^^^^^^^^
  File "D:\EcoTrack\.venv\Lib\site-packages\aiohttp\connector.py", line 1577, in _create_direct_connection
    raise ClientConnectorDNSError(req.connection_key, exc) from exc
aiohttp.client_exceptions.ClientConnectorDNSError: Cannot connect to host data.gesdisc.earthdata.nasa.gov:443 ssl:default [getaddrinfo failed]

The above exception was the direct cause of the following exception:

Traceback (most recent call last):
  File "D:\EcoTrack\.venv\Lib\site-packages\earthaccess\store.py", line 987, in _open_urls_https
    return _open_files(
           ^^^^^^^^^^^^
  File "D:\EcoTrack\.venv\Lib\site-packages\earthaccess\store.py", line 150, in _open_files
    return pqdm(
           ^^^^^
  File "D:\EcoTrack\.venv\Lib\site-packages\pqdm\threads.py", line 22, in pqdm
    return _parallel_process(
           ^^^^^^^^^^^^^^^^^^
  File "D:\EcoTrack\.venv\Lib\site-packages\pqdm\_base.py", line 79, in _parallel_process
    raise e
  File "D:\EcoTrack\.venv\Lib\site-packages\pqdm\_base.py", line 76, in _parallel_process
    results.append(future.result())
                   ^^^^^^^^^^^^^^^
  File "C:\Users\JANHAVI TUPE\AppData\Local\Programs\Python\Python311\Lib\concurrent\futures\_base.py", line 449, in result
    return self.__get_result()
           ^^^^^^^^^^^^^^^^^^^
  File "C:\Users\JANHAVI TUPE\AppData\Local\Programs\Python\Python311\Lib\concurrent\futures\_base.py", line 401, in __get_result
    raise self._exception
  File "C:\Users\JANHAVI TUPE\AppData\Local\Programs\Python\Python311\Lib\concurrent\futures\thread.py", line 58, in run
    result = self.fn(*self.args, **self.kwargs)
             ^^^^^^^^^^^^^^^^^^^^^^^^^^^^^^^^^^
  File "D:\EcoTrack\.venv\Lib\site-packages\earthaccess\store.py", line 137, in multi_thread_open
    f_size = fs.info(url)["size"]
             ^^^^^^^^^^^^
  File "D:\EcoTrack\.venv\Lib\site-packages\fsspec\asyn.py", line 217, in wrapper
    return sync(self.loop, func, *args, **kwargs)
           ^^^^^^^^^^^^^^^^^^^^^^^^^^^^^^^^^^^^^^
  File "D:\EcoTrack\.venv\Lib\site-packages\fsspec\asyn.py", line 106, in sync
    raise return_result
  File "D:\EcoTrack\.venv\Lib\site-packages\fsspec\asyn.py", line 59, in _runner
    result[0] = await coro
                ^^^^^^^^^^
  File "D:\EcoTrack\.venv\Lib\site-packages\fsspec\implementations\http.py", line 460, in _info
    raise FileNotFoundError(url) from exc
FileNotFoundError: https://data.gesdisc.earthdata.nasa.gov/data/OCO2_DATA/OCO2_L2_Lite_FP.11.2r/2023/oco2_LtCO2_231120_B11210Ar_240919182241s.nc4
  [989/1148] 2023-11-20 FAILED (FileNotFoundError: https://data.gesdisc.earthdata.nasa.gov/data/OCO2_DATA/OCO2_L2_Lite_FP.11.2r/2023/oco2_LtCO2_231120_B11210Ar_240919182241s.nc4) — will retry next run
An exception occurred while trying to access remote files via HTTPS
Traceback (most recent call last):
  File "D:\EcoTrack\.venv\Lib\site-packages\aiohttp\connector.py", line 1571, in _create_direct_connection
    hosts = await self._resolve_host(host, port, traces=traces)
            ^^^^^^^^^^^^^^^^^^^^^^^^^^^^^^^^^^^^^^^^^^^^^^^^^^^
  File "D:\EcoTrack\.venv\Lib\site-packages\aiohttp\connector.py", line 1181, in _resolve_host
    return await asyncio.shield(resolved_host_task)
           ^^^^^^^^^^^^^^^^^^^^^^^^^^^^^^^^^^^^^^^^
  File "D:\EcoTrack\.venv\Lib\site-packages\aiohttp\connector.py", line 1212, in _resolve_host_with_throttle
    addrs = await self._resolver.resolve(host, port, family=self._family)
            ^^^^^^^^^^^^^^^^^^^^^^^^^^^^^^^^^^^^^^^^^^^^^^^^^^^^^^^^^^^^^
  File "D:\EcoTrack\.venv\Lib\site-packages\aiohttp\resolver.py", line 47, in resolve
    infos = await self._loop.getaddrinfo(
            ^^^^^^^^^^^^^^^^^^^^^^^^^^^^^
  File "C:\Users\JANHAVI TUPE\AppData\Local\Programs\Python\Python311\Lib\asyncio\base_events.py", line 868, in getaddrinfo
    return await self.run_in_executor(
           ^^^^^^^^^^^^^^^^^^^^^^^^^^^
  File "C:\Users\JANHAVI TUPE\AppData\Local\Programs\Python\Python311\Lib\concurrent\futures\thread.py", line 58, in run
    result = self.fn(*self.args, **self.kwargs)
             ^^^^^^^^^^^^^^^^^^^^^^^^^^^^^^^^^^
  File "C:\Users\JANHAVI TUPE\AppData\Local\Programs\Python\Python311\Lib\socket.py", line 962, in getaddrinfo
    for res in _socket.getaddrinfo(host, port, family, type, proto, flags):
               ^^^^^^^^^^^^^^^^^^^^^^^^^^^^^^^^^^^^^^^^^^^^^^^^^^^^^^^^^^^
socket.gaierror: [Errno 11001] getaddrinfo failed

The above exception was the direct cause of the following exception:

Traceback (most recent call last):
  File "D:\EcoTrack\.venv\Lib\site-packages\fsspec\implementations\http.py", line 447, in _info
    await _file_info(
  File "D:\EcoTrack\.venv\Lib\site-packages\fsspec\implementations\http.py", line 861, in _file_info
    r = await session.get(url, allow_redirects=ar, **kwargs)
        ^^^^^^^^^^^^^^^^^^^^^^^^^^^^^^^^^^^^^^^^^^^^^^^^^^^^
  File "D:\EcoTrack\.venv\Lib\site-packages\aiohttp\client.py", line 858, in _request
    resp = await handler(req)
           ^^^^^^^^^^^^^^^^^^
  File "D:\EcoTrack\.venv\Lib\site-packages\aiohttp\client.py", line 812, in _connect_and_send_request
    conn = await self._connector.connect(
           ^^^^^^^^^^^^^^^^^^^^^^^^^^^^^^
  File "D:\EcoTrack\.venv\Lib\site-packages\aiohttp\connector.py", line 657, in connect
    proto = await self._create_connection(req, traces, timeout)
            ^^^^^^^^^^^^^^^^^^^^^^^^^^^^^^^^^^^^^^^^^^^^^^^^^^^
  File "D:\EcoTrack\.venv\Lib\site-packages\aiohttp\connector.py", line 1242, in _create_connection
    _, proto = await self._create_direct_connection(req, traces, timeout)
               ^^^^^^^^^^^^^^^^^^^^^^^^^^^^^^^^^^^^^^^^^^^^^^^^^^^^^^^^^^
  File "D:\EcoTrack\.venv\Lib\site-packages\aiohttp\connector.py", line 1577, in _create_direct_connection
    raise ClientConnectorDNSError(req.connection_key, exc) from exc
aiohttp.client_exceptions.ClientConnectorDNSError: Cannot connect to host data.gesdisc.earthdata.nasa.gov:443 ssl:default [getaddrinfo failed]

The above exception was the direct cause of the following exception:

Traceback (most recent call last):
  File "D:\EcoTrack\.venv\Lib\site-packages\earthaccess\store.py", line 987, in _open_urls_https
    return _open_files(
           ^^^^^^^^^^^^
  File "D:\EcoTrack\.venv\Lib\site-packages\earthaccess\store.py", line 150, in _open_files
    return pqdm(
           ^^^^^
  File "D:\EcoTrack\.venv\Lib\site-packages\pqdm\threads.py", line 22, in pqdm
    return _parallel_process(
           ^^^^^^^^^^^^^^^^^^
  File "D:\EcoTrack\.venv\Lib\site-packages\pqdm\_base.py", line 79, in _parallel_process
    raise e
  File "D:\EcoTrack\.venv\Lib\site-packages\pqdm\_base.py", line 76, in _parallel_process
    results.append(future.result())
                   ^^^^^^^^^^^^^^^
  File "C:\Users\JANHAVI TUPE\AppData\Local\Programs\Python\Python311\Lib\concurrent\futures\_base.py", line 449, in result
    return self.__get_result()
           ^^^^^^^^^^^^^^^^^^^
  File "C:\Users\JANHAVI TUPE\AppData\Local\Programs\Python\Python311\Lib\concurrent\futures\_base.py", line 401, in __get_result
    raise self._exception
  File "C:\Users\JANHAVI TUPE\AppData\Local\Programs\Python\Python311\Lib\concurrent\futures\thread.py", line 58, in run
    result = self.fn(*self.args, **self.kwargs)
             ^^^^^^^^^^^^^^^^^^^^^^^^^^^^^^^^^^
  File "D:\EcoTrack\.venv\Lib\site-packages\earthaccess\store.py", line 137, in multi_thread_open
    f_size = fs.info(url)["size"]
             ^^^^^^^^^^^^
  File "D:\EcoTrack\.venv\Lib\site-packages\fsspec\asyn.py", line 217, in wrapper
    return sync(self.loop, func, *args, **kwargs)
           ^^^^^^^^^^^^^^^^^^^^^^^^^^^^^^^^^^^^^^
  File "D:\EcoTrack\.venv\Lib\site-packages\fsspec\asyn.py", line 106, in sync
    raise return_result
  File "D:\EcoTrack\.venv\Lib\site-packages\fsspec\asyn.py", line 59, in _runner
    result[0] = await coro
                ^^^^^^^^^^
  File "D:\EcoTrack\.venv\Lib\site-packages\fsspec\implementations\http.py", line 460, in _info
    raise FileNotFoundError(url) from exc
FileNotFoundError: https://data.gesdisc.earthdata.nasa.gov/data/OCO2_DATA/OCO2_L2_Lite_FP.11.2r/2023/oco2_LtCO2_231121_B11210Ar_240919182357s.nc4
  [990/1148] 2023-11-21 FAILED (FileNotFoundError: https://data.gesdisc.earthdata.nasa.gov/data/OCO2_DATA/OCO2_L2_Lite_FP.11.2r/2023/oco2_LtCO2_231121_B11210Ar_240919182357s.nc4) — will retry next run
An exception occurred while trying to access remote files via HTTPS
Traceback (most recent call last):
  File "D:\EcoTrack\.venv\Lib\site-packages\aiohttp\connector.py", line 1571, in _create_direct_connection
    hosts = await self._resolve_host(host, port, traces=traces)
            ^^^^^^^^^^^^^^^^^^^^^^^^^^^^^^^^^^^^^^^^^^^^^^^^^^^
  File "D:\EcoTrack\.venv\Lib\site-packages\aiohttp\connector.py", line 1181, in _resolve_host
    return await asyncio.shield(resolved_host_task)
           ^^^^^^^^^^^^^^^^^^^^^^^^^^^^^^^^^^^^^^^^
  File "D:\EcoTrack\.venv\Lib\site-packages\aiohttp\connector.py", line 1212, in _resolve_host_with_throttle
    addrs = await self._resolver.resolve(host, port, family=self._family)
            ^^^^^^^^^^^^^^^^^^^^^^^^^^^^^^^^^^^^^^^^^^^^^^^^^^^^^^^^^^^^^
  File "D:\EcoTrack\.venv\Lib\site-packages\aiohttp\resolver.py", line 47, in resolve
    infos = await self._loop.getaddrinfo(
            ^^^^^^^^^^^^^^^^^^^^^^^^^^^^^
  File "C:\Users\JANHAVI TUPE\AppData\Local\Programs\Python\Python311\Lib\asyncio\base_events.py", line 868, in getaddrinfo
    return await self.run_in_executor(
           ^^^^^^^^^^^^^^^^^^^^^^^^^^^
  File "C:\Users\JANHAVI TUPE\AppData\Local\Programs\Python\Python311\Lib\concurrent\futures\thread.py", line 58, in run
    result = self.fn(*self.args, **self.kwargs)
             ^^^^^^^^^^^^^^^^^^^^^^^^^^^^^^^^^^
  File "C:\Users\JANHAVI TUPE\AppData\Local\Programs\Python\Python311\Lib\socket.py", line 962, in getaddrinfo
    for res in _socket.getaddrinfo(host, port, family, type, proto, flags):
               ^^^^^^^^^^^^^^^^^^^^^^^^^^^^^^^^^^^^^^^^^^^^^^^^^^^^^^^^^^^
socket.gaierror: [Errno 11001] getaddrinfo failed

The above exception was the direct cause of the following exception:

Traceback (most recent call last):
  File "D:\EcoTrack\.venv\Lib\site-packages\fsspec\implementations\http.py", line 447, in _info
    await _file_info(
  File "D:\EcoTrack\.venv\Lib\site-packages\fsspec\implementations\http.py", line 861, in _file_info
    r = await session.get(url, allow_redirects=ar, **kwargs)
        ^^^^^^^^^^^^^^^^^^^^^^^^^^^^^^^^^^^^^^^^^^^^^^^^^^^^
  File "D:\EcoTrack\.venv\Lib\site-packages\aiohttp\client.py", line 858, in _request
    resp = await handler(req)
           ^^^^^^^^^^^^^^^^^^
  File "D:\EcoTrack\.venv\Lib\site-packages\aiohttp\client.py", line 812, in _connect_and_send_request
    conn = await self._connector.connect(
           ^^^^^^^^^^^^^^^^^^^^^^^^^^^^^^
  File "D:\EcoTrack\.venv\Lib\site-packages\aiohttp\connector.py", line 657, in connect
    proto = await self._create_connection(req, traces, timeout)
            ^^^^^^^^^^^^^^^^^^^^^^^^^^^^^^^^^^^^^^^^^^^^^^^^^^^
  File "D:\EcoTrack\.venv\Lib\site-packages\aiohttp\connector.py", line 1242, in _create_connection
    _, proto = await self._create_direct_connection(req, traces, timeout)
               ^^^^^^^^^^^^^^^^^^^^^^^^^^^^^^^^^^^^^^^^^^^^^^^^^^^^^^^^^^
  File "D:\EcoTrack\.venv\Lib\site-packages\aiohttp\connector.py", line 1577, in _create_direct_connection
    raise ClientConnectorDNSError(req.connection_key, exc) from exc
aiohttp.client_exceptions.ClientConnectorDNSError: Cannot connect to host data.gesdisc.earthdata.nasa.gov:443 ssl:default [getaddrinfo failed]

The above exception was the direct cause of the following exception:

Traceback (most recent call last):
  File "D:\EcoTrack\.venv\Lib\site-packages\earthaccess\store.py", line 987, in _open_urls_https
    return _open_files(
           ^^^^^^^^^^^^
  File "D:\EcoTrack\.venv\Lib\site-packages\earthaccess\store.py", line 150, in _open_files
    return pqdm(
           ^^^^^
  File "D:\EcoTrack\.venv\Lib\site-packages\pqdm\threads.py", line 22, in pqdm
    return _parallel_process(
           ^^^^^^^^^^^^^^^^^^
  File "D:\EcoTrack\.venv\Lib\site-packages\pqdm\_base.py", line 79, in _parallel_process
    raise e
  File "D:\EcoTrack\.venv\Lib\site-packages\pqdm\_base.py", line 76, in _parallel_process
    results.append(future.result())
                   ^^^^^^^^^^^^^^^
  File "C:\Users\JANHAVI TUPE\AppData\Local\Programs\Python\Python311\Lib\concurrent\futures\_base.py", line 449, in result
    return self.__get_result()
           ^^^^^^^^^^^^^^^^^^^
  File "C:\Users\JANHAVI TUPE\AppData\Local\Programs\Python\Python311\Lib\concurrent\futures\_base.py", line 401, in __get_result
    raise self._exception
  File "C:\Users\JANHAVI TUPE\AppData\Local\Programs\Python\Python311\Lib\concurrent\futures\thread.py", line 58, in run
    result = self.fn(*self.args, **self.kwargs)
             ^^^^^^^^^^^^^^^^^^^^^^^^^^^^^^^^^^
  File "D:\EcoTrack\.venv\Lib\site-packages\earthaccess\store.py", line 137, in multi_thread_open
    f_size = fs.info(url)["size"]
             ^^^^^^^^^^^^
  File "D:\EcoTrack\.venv\Lib\site-packages\fsspec\asyn.py", line 217, in wrapper
    return sync(self.loop, func, *args, **kwargs)
           ^^^^^^^^^^^^^^^^^^^^^^^^^^^^^^^^^^^^^^
  File "D:\EcoTrack\.venv\Lib\site-packages\fsspec\asyn.py", line 106, in sync
    raise return_result
  File "D:\EcoTrack\.venv\Lib\site-packages\fsspec\asyn.py", line 59, in _runner
    result[0] = await coro
                ^^^^^^^^^^
  File "D:\EcoTrack\.venv\Lib\site-packages\fsspec\implementations\http.py", line 460, in _info
    raise FileNotFoundError(url) from exc
FileNotFoundError: https://data.gesdisc.earthdata.nasa.gov/data/OCO2_DATA/OCO2_L2_Lite_FP.11.2r/2023/oco2_LtCO2_231122_B11210Ar_240919182357s.nc4
  [991/1148] 2023-11-22 FAILED (FileNotFoundError: https://data.gesdisc.earthdata.nasa.gov/data/OCO2_DATA/OCO2_L2_Lite_FP.11.2r/2023/oco2_LtCO2_231122_B11210Ar_240919182357s.nc4) — will retry next run
An exception occurred while trying to access remote files via HTTPS
Traceback (most recent call last):
  File "D:\EcoTrack\.venv\Lib\site-packages\aiohttp\connector.py", line 1571, in _create_direct_connection
    hosts = await self._resolve_host(host, port, traces=traces)
            ^^^^^^^^^^^^^^^^^^^^^^^^^^^^^^^^^^^^^^^^^^^^^^^^^^^
  File "D:\EcoTrack\.venv\Lib\site-packages\aiohttp\connector.py", line 1181, in _resolve_host
    return await asyncio.shield(resolved_host_task)
           ^^^^^^^^^^^^^^^^^^^^^^^^^^^^^^^^^^^^^^^^
  File "D:\EcoTrack\.venv\Lib\site-packages\aiohttp\connector.py", line 1212, in _resolve_host_with_throttle
    addrs = await self._resolver.resolve(host, port, family=self._family)
            ^^^^^^^^^^^^^^^^^^^^^^^^^^^^^^^^^^^^^^^^^^^^^^^^^^^^^^^^^^^^^
  File "D:\EcoTrack\.venv\Lib\site-packages\aiohttp\resolver.py", line 47, in resolve
    infos = await self._loop.getaddrinfo(
            ^^^^^^^^^^^^^^^^^^^^^^^^^^^^^
  File "C:\Users\JANHAVI TUPE\AppData\Local\Programs\Python\Python311\Lib\asyncio\base_events.py", line 868, in getaddrinfo
    return await self.run_in_executor(
           ^^^^^^^^^^^^^^^^^^^^^^^^^^^
  File "C:\Users\JANHAVI TUPE\AppData\Local\Programs\Python\Python311\Lib\concurrent\futures\thread.py", line 58, in run
    result = self.fn(*self.args, **self.kwargs)
             ^^^^^^^^^^^^^^^^^^^^^^^^^^^^^^^^^^
  File "C:\Users\JANHAVI TUPE\AppData\Local\Programs\Python\Python311\Lib\socket.py", line 962, in getaddrinfo
    for res in _socket.getaddrinfo(host, port, family, type, proto, flags):
               ^^^^^^^^^^^^^^^^^^^^^^^^^^^^^^^^^^^^^^^^^^^^^^^^^^^^^^^^^^^
socket.gaierror: [Errno 11001] getaddrinfo failed

The above exception was the direct cause of the following exception:

Traceback (most recent call last):
  File "D:\EcoTrack\.venv\Lib\site-packages\fsspec\implementations\http.py", line 447, in _info
    await _file_info(
  File "D:\EcoTrack\.venv\Lib\site-packages\fsspec\implementations\http.py", line 861, in _file_info
    r = await session.get(url, allow_redirects=ar, **kwargs)
        ^^^^^^^^^^^^^^^^^^^^^^^^^^^^^^^^^^^^^^^^^^^^^^^^^^^^
  File "D:\EcoTrack\.venv\Lib\site-packages\aiohttp\client.py", line 858, in _request
    resp = await handler(req)
           ^^^^^^^^^^^^^^^^^^
  File "D:\EcoTrack\.venv\Lib\site-packages\aiohttp\client.py", line 812, in _connect_and_send_request
    conn = await self._connector.connect(
           ^^^^^^^^^^^^^^^^^^^^^^^^^^^^^^
  File "D:\EcoTrack\.venv\Lib\site-packages\aiohttp\connector.py", line 657, in connect
    proto = await self._create_connection(req, traces, timeout)
            ^^^^^^^^^^^^^^^^^^^^^^^^^^^^^^^^^^^^^^^^^^^^^^^^^^^
  File "D:\EcoTrack\.venv\Lib\site-packages\aiohttp\connector.py", line 1242, in _create_connection
    _, proto = await self._create_direct_connection(req, traces, timeout)
               ^^^^^^^^^^^^^^^^^^^^^^^^^^^^^^^^^^^^^^^^^^^^^^^^^^^^^^^^^^
  File "D:\EcoTrack\.venv\Lib\site-packages\aiohttp\connector.py", line 1577, in _create_direct_connection
    raise ClientConnectorDNSError(req.connection_key, exc) from exc
aiohttp.client_exceptions.ClientConnectorDNSError: Cannot connect to host data.gesdisc.earthdata.nasa.gov:443 ssl:default [getaddrinfo failed]

The above exception was the direct cause of the following exception:

Traceback (most recent call last):
  File "D:\EcoTrack\.venv\Lib\site-packages\earthaccess\store.py", line 987, in _open_urls_https
    return _open_files(
           ^^^^^^^^^^^^
  File "D:\EcoTrack\.venv\Lib\site-packages\earthaccess\store.py", line 150, in _open_files
    return pqdm(
           ^^^^^
  File "D:\EcoTrack\.venv\Lib\site-packages\pqdm\threads.py", line 22, in pqdm
    return _parallel_process(
           ^^^^^^^^^^^^^^^^^^
  File "D:\EcoTrack\.venv\Lib\site-packages\pqdm\_base.py", line 79, in _parallel_process
    raise e
  File "D:\EcoTrack\.venv\Lib\site-packages\pqdm\_base.py", line 76, in _parallel_process
    results.append(future.result())
                   ^^^^^^^^^^^^^^^
  File "C:\Users\JANHAVI TUPE\AppData\Local\Programs\Python\Python311\Lib\concurrent\futures\_base.py", line 449, in result
    return self.__get_result()
           ^^^^^^^^^^^^^^^^^^^
  File "C:\Users\JANHAVI TUPE\AppData\Local\Programs\Python\Python311\Lib\concurrent\futures\_base.py", line 401, in __get_result
    raise self._exception
  File "C:\Users\JANHAVI TUPE\AppData\Local\Programs\Python\Python311\Lib\concurrent\futures\thread.py", line 58, in run
    result = self.fn(*self.args, **self.kwargs)
             ^^^^^^^^^^^^^^^^^^^^^^^^^^^^^^^^^^
  File "D:\EcoTrack\.venv\Lib\site-packages\earthaccess\store.py", line 137, in multi_thread_open
    f_size = fs.info(url)["size"]
             ^^^^^^^^^^^^
  File "D:\EcoTrack\.venv\Lib\site-packages\fsspec\asyn.py", line 217, in wrapper
    return sync(self.loop, func, *args, **kwargs)
           ^^^^^^^^^^^^^^^^^^^^^^^^^^^^^^^^^^^^^^
  File "D:\EcoTrack\.venv\Lib\site-packages\fsspec\asyn.py", line 106, in sync
    raise return_result
  File "D:\EcoTrack\.venv\Lib\site-packages\fsspec\asyn.py", line 59, in _runner
    result[0] = await coro
                ^^^^^^^^^^
  File "D:\EcoTrack\.venv\Lib\site-packages\fsspec\implementations\http.py", line 460, in _info
    raise FileNotFoundError(url) from exc
FileNotFoundError: https://data.gesdisc.earthdata.nasa.gov/data/OCO2_DATA/OCO2_L2_Lite_FP.11.2r/2023/oco2_LtCO2_231123_B11210Ar_240919182516s.nc4
  [992/1148] 2023-11-23 FAILED (FileNotFoundError: https://data.gesdisc.earthdata.nasa.gov/data/OCO2_DATA/OCO2_L2_Lite_FP.11.2r/2023/oco2_LtCO2_231123_B11210Ar_240919182516s.nc4) — will retry next run
An exception occurred while trying to access remote files via HTTPS
Traceback (most recent call last):
  File "D:\EcoTrack\.venv\Lib\site-packages\aiohttp\connector.py", line 1571, in _create_direct_connection
    hosts = await self._resolve_host(host, port, traces=traces)
            ^^^^^^^^^^^^^^^^^^^^^^^^^^^^^^^^^^^^^^^^^^^^^^^^^^^
  File "D:\EcoTrack\.venv\Lib\site-packages\aiohttp\connector.py", line 1181, in _resolve_host
    return await asyncio.shield(resolved_host_task)
           ^^^^^^^^^^^^^^^^^^^^^^^^^^^^^^^^^^^^^^^^
  File "D:\EcoTrack\.venv\Lib\site-packages\aiohttp\connector.py", line 1212, in _resolve_host_with_throttle
    addrs = await self._resolver.resolve(host, port, family=self._family)
            ^^^^^^^^^^^^^^^^^^^^^^^^^^^^^^^^^^^^^^^^^^^^^^^^^^^^^^^^^^^^^
  File "D:\EcoTrack\.venv\Lib\site-packages\aiohttp\resolver.py", line 47, in resolve
    infos = await self._loop.getaddrinfo(
            ^^^^^^^^^^^^^^^^^^^^^^^^^^^^^
  File "C:\Users\JANHAVI TUPE\AppData\Local\Programs\Python\Python311\Lib\asyncio\base_events.py", line 868, in getaddrinfo
    return await self.run_in_executor(
           ^^^^^^^^^^^^^^^^^^^^^^^^^^^
  File "C:\Users\JANHAVI TUPE\AppData\Local\Programs\Python\Python311\Lib\concurrent\futures\thread.py", line 58, in run
    result = self.fn(*self.args, **self.kwargs)
             ^^^^^^^^^^^^^^^^^^^^^^^^^^^^^^^^^^
  File "C:\Users\JANHAVI TUPE\AppData\Local\Programs\Python\Python311\Lib\socket.py", line 962, in getaddrinfo
    for res in _socket.getaddrinfo(host, port, family, type, proto, flags):
               ^^^^^^^^^^^^^^^^^^^^^^^^^^^^^^^^^^^^^^^^^^^^^^^^^^^^^^^^^^^
socket.gaierror: [Errno 11001] getaddrinfo failed

The above exception was the direct cause of the following exception:

Traceback (most recent call last):
  File "D:\EcoTrack\.venv\Lib\site-packages\fsspec\implementations\http.py", line 447, in _info
    await _file_info(
  File "D:\EcoTrack\.venv\Lib\site-packages\fsspec\implementations\http.py", line 861, in _file_info
    r = await session.get(url, allow_redirects=ar, **kwargs)
        ^^^^^^^^^^^^^^^^^^^^^^^^^^^^^^^^^^^^^^^^^^^^^^^^^^^^
  File "D:\EcoTrack\.venv\Lib\site-packages\aiohttp\client.py", line 858, in _request
    resp = await handler(req)
           ^^^^^^^^^^^^^^^^^^
  File "D:\EcoTrack\.venv\Lib\site-packages\aiohttp\client.py", line 812, in _connect_and_send_request
    conn = await self._connector.connect(
           ^^^^^^^^^^^^^^^^^^^^^^^^^^^^^^
  File "D:\EcoTrack\.venv\Lib\site-packages\aiohttp\connector.py", line 657, in connect
    proto = await self._create_connection(req, traces, timeout)
            ^^^^^^^^^^^^^^^^^^^^^^^^^^^^^^^^^^^^^^^^^^^^^^^^^^^
  File "D:\EcoTrack\.venv\Lib\site-packages\aiohttp\connector.py", line 1242, in _create_connection
    _, proto = await self._create_direct_connection(req, traces, timeout)
               ^^^^^^^^^^^^^^^^^^^^^^^^^^^^^^^^^^^^^^^^^^^^^^^^^^^^^^^^^^
  File "D:\EcoTrack\.venv\Lib\site-packages\aiohttp\connector.py", line 1577, in _create_direct_connection
    raise ClientConnectorDNSError(req.connection_key, exc) from exc
aiohttp.client_exceptions.ClientConnectorDNSError: Cannot connect to host data.gesdisc.earthdata.nasa.gov:443 ssl:default [getaddrinfo failed]

The above exception was the direct cause of the following exception:

Traceback (most recent call last):
  File "D:\EcoTrack\.venv\Lib\site-packages\earthaccess\store.py", line 987, in _open_urls_https
    return _open_files(
           ^^^^^^^^^^^^
  File "D:\EcoTrack\.venv\Lib\site-packages\earthaccess\store.py", line 150, in _open_files
    return pqdm(
           ^^^^^
  File "D:\EcoTrack\.venv\Lib\site-packages\pqdm\threads.py", line 22, in pqdm
    return _parallel_process(
           ^^^^^^^^^^^^^^^^^^
  File "D:\EcoTrack\.venv\Lib\site-packages\pqdm\_base.py", line 79, in _parallel_process
    raise e
  File "D:\EcoTrack\.venv\Lib\site-packages\pqdm\_base.py", line 76, in _parallel_process
    results.append(future.result())
                   ^^^^^^^^^^^^^^^
  File "C:\Users\JANHAVI TUPE\AppData\Local\Programs\Python\Python311\Lib\concurrent\futures\_base.py", line 449, in result
    return self.__get_result()
           ^^^^^^^^^^^^^^^^^^^
  File "C:\Users\JANHAVI TUPE\AppData\Local\Programs\Python\Python311\Lib\concurrent\futures\_base.py", line 401, in __get_result
    raise self._exception
  File "C:\Users\JANHAVI TUPE\AppData\Local\Programs\Python\Python311\Lib\concurrent\futures\thread.py", line 58, in run
    result = self.fn(*self.args, **self.kwargs)
             ^^^^^^^^^^^^^^^^^^^^^^^^^^^^^^^^^^
  File "D:\EcoTrack\.venv\Lib\site-packages\earthaccess\store.py", line 137, in multi_thread_open
    f_size = fs.info(url)["size"]
             ^^^^^^^^^^^^
  File "D:\EcoTrack\.venv\Lib\site-packages\fsspec\asyn.py", line 217, in wrapper
    return sync(self.loop, func, *args, **kwargs)
           ^^^^^^^^^^^^^^^^^^^^^^^^^^^^^^^^^^^^^^
  File "D:\EcoTrack\.venv\Lib\site-packages\fsspec\asyn.py", line 106, in sync
    raise return_result
  File "D:\EcoTrack\.venv\Lib\site-packages\fsspec\asyn.py", line 59, in _runner
    result[0] = await coro
                ^^^^^^^^^^
  File "D:\EcoTrack\.venv\Lib\site-packages\fsspec\implementations\http.py", line 460, in _info
    raise FileNotFoundError(url) from exc
FileNotFoundError: https://data.gesdisc.earthdata.nasa.gov/data/OCO2_DATA/OCO2_L2_Lite_FP.11.2r/2023/oco2_LtCO2_231124_B11210Ar_240919182521s.nc4
  [993/1148] 2023-11-24 FAILED (FileNotFoundError: https://data.gesdisc.earthdata.nasa.gov/data/OCO2_DATA/OCO2_L2_Lite_FP.11.2r/2023/oco2_LtCO2_231124_B11210Ar_240919182521s.nc4) — will retry next run
An exception occurred while trying to access remote files via HTTPS
Traceback (most recent call last):
  File "D:\EcoTrack\.venv\Lib\site-packages\aiohttp\connector.py", line 1571, in _create_direct_connection
    hosts = await self._resolve_host(host, port, traces=traces)
            ^^^^^^^^^^^^^^^^^^^^^^^^^^^^^^^^^^^^^^^^^^^^^^^^^^^
  File "D:\EcoTrack\.venv\Lib\site-packages\aiohttp\connector.py", line 1181, in _resolve_host
    return await asyncio.shield(resolved_host_task)
           ^^^^^^^^^^^^^^^^^^^^^^^^^^^^^^^^^^^^^^^^
  File "D:\EcoTrack\.venv\Lib\site-packages\aiohttp\connector.py", line 1212, in _resolve_host_with_throttle
    addrs = await self._resolver.resolve(host, port, family=self._family)
            ^^^^^^^^^^^^^^^^^^^^^^^^^^^^^^^^^^^^^^^^^^^^^^^^^^^^^^^^^^^^^
  File "D:\EcoTrack\.venv\Lib\site-packages\aiohttp\resolver.py", line 47, in resolve
    infos = await self._loop.getaddrinfo(
            ^^^^^^^^^^^^^^^^^^^^^^^^^^^^^
  File "C:\Users\JANHAVI TUPE\AppData\Local\Programs\Python\Python311\Lib\asyncio\base_events.py", line 868, in getaddrinfo
    return await self.run_in_executor(
           ^^^^^^^^^^^^^^^^^^^^^^^^^^^
  File "C:\Users\JANHAVI TUPE\AppData\Local\Programs\Python\Python311\Lib\concurrent\futures\thread.py", line 58, in run
    result = self.fn(*self.args, **self.kwargs)
             ^^^^^^^^^^^^^^^^^^^^^^^^^^^^^^^^^^
  File "C:\Users\JANHAVI TUPE\AppData\Local\Programs\Python\Python311\Lib\socket.py", line 962, in getaddrinfo
    for res in _socket.getaddrinfo(host, port, family, type, proto, flags):
               ^^^^^^^^^^^^^^^^^^^^^^^^^^^^^^^^^^^^^^^^^^^^^^^^^^^^^^^^^^^
socket.gaierror: [Errno 11001] getaddrinfo failed

The above exception was the direct cause of the following exception:

Traceback (most recent call last):
  File "D:\EcoTrack\.venv\Lib\site-packages\fsspec\implementations\http.py", line 447, in _info
    await _file_info(
  File "D:\EcoTrack\.venv\Lib\site-packages\fsspec\implementations\http.py", line 861, in _file_info
    r = await session.get(url, allow_redirects=ar, **kwargs)
        ^^^^^^^^^^^^^^^^^^^^^^^^^^^^^^^^^^^^^^^^^^^^^^^^^^^^
  File "D:\EcoTrack\.venv\Lib\site-packages\aiohttp\client.py", line 858, in _request
    resp = await handler(req)
           ^^^^^^^^^^^^^^^^^^
  File "D:\EcoTrack\.venv\Lib\site-packages\aiohttp\client.py", line 812, in _connect_and_send_request
    conn = await self._connector.connect(
           ^^^^^^^^^^^^^^^^^^^^^^^^^^^^^^
  File "D:\EcoTrack\.venv\Lib\site-packages\aiohttp\connector.py", line 657, in connect
    proto = await self._create_connection(req, traces, timeout)
            ^^^^^^^^^^^^^^^^^^^^^^^^^^^^^^^^^^^^^^^^^^^^^^^^^^^
  File "D:\EcoTrack\.venv\Lib\site-packages\aiohttp\connector.py", line 1242, in _create_connection
    _, proto = await self._create_direct_connection(req, traces, timeout)
               ^^^^^^^^^^^^^^^^^^^^^^^^^^^^^^^^^^^^^^^^^^^^^^^^^^^^^^^^^^
  File "D:\EcoTrack\.venv\Lib\site-packages\aiohttp\connector.py", line 1577, in _create_direct_connection
    raise ClientConnectorDNSError(req.connection_key, exc) from exc
aiohttp.client_exceptions.ClientConnectorDNSError: Cannot connect to host data.gesdisc.earthdata.nasa.gov:443 ssl:default [getaddrinfo failed]

The above exception was the direct cause of the following exception:

Traceback (most recent call last):
  File "D:\EcoTrack\.venv\Lib\site-packages\earthaccess\store.py", line 987, in _open_urls_https
    return _open_files(
           ^^^^^^^^^^^^
  File "D:\EcoTrack\.venv\Lib\site-packages\earthaccess\store.py", line 150, in _open_files
    return pqdm(
           ^^^^^
  File "D:\EcoTrack\.venv\Lib\site-packages\pqdm\threads.py", line 22, in pqdm
    return _parallel_process(
           ^^^^^^^^^^^^^^^^^^
  File "D:\EcoTrack\.venv\Lib\site-packages\pqdm\_base.py", line 79, in _parallel_process
    raise e
  File "D:\EcoTrack\.venv\Lib\site-packages\pqdm\_base.py", line 76, in _parallel_process
    results.append(future.result())
                   ^^^^^^^^^^^^^^^
  File "C:\Users\JANHAVI TUPE\AppData\Local\Programs\Python\Python311\Lib\concurrent\futures\_base.py", line 449, in result
    return self.__get_result()
           ^^^^^^^^^^^^^^^^^^^
  File "C:\Users\JANHAVI TUPE\AppData\Local\Programs\Python\Python311\Lib\concurrent\futures\_base.py", line 401, in __get_result
    raise self._exception
  File "C:\Users\JANHAVI TUPE\AppData\Local\Programs\Python\Python311\Lib\concurrent\futures\thread.py", line 58, in run
    result = self.fn(*self.args, **self.kwargs)
             ^^^^^^^^^^^^^^^^^^^^^^^^^^^^^^^^^^
  File "D:\EcoTrack\.venv\Lib\site-packages\earthaccess\store.py", line 137, in multi_thread_open
    f_size = fs.info(url)["size"]
             ^^^^^^^^^^^^
  File "D:\EcoTrack\.venv\Lib\site-packages\fsspec\asyn.py", line 217, in wrapper
    return sync(self.loop, func, *args, **kwargs)
           ^^^^^^^^^^^^^^^^^^^^^^^^^^^^^^^^^^^^^^
  File "D:\EcoTrack\.venv\Lib\site-packages\fsspec\asyn.py", line 106, in sync
    raise return_result
  File "D:\EcoTrack\.venv\Lib\site-packages\fsspec\asyn.py", line 59, in _runner
    result[0] = await coro
                ^^^^^^^^^^
  File "D:\EcoTrack\.venv\Lib\site-packages\fsspec\implementations\http.py", line 460, in _info
    raise FileNotFoundError(url) from exc
FileNotFoundError: https://data.gesdisc.earthdata.nasa.gov/data/OCO2_DATA/OCO2_L2_Lite_FP.11.2r/2023/oco2_LtCO2_231126_B11210Ar_240919182618s.nc4
  [994/1148] 2023-11-26 FAILED (FileNotFoundError: https://data.gesdisc.earthdata.nasa.gov/data/OCO2_DATA/OCO2_L2_Lite_FP.11.2r/2023/oco2_LtCO2_231126_B11210Ar_240919182618s.nc4) — will retry next run
An exception occurred while trying to access remote files via HTTPS
Traceback (most recent call last):
  File "D:\EcoTrack\.venv\Lib\site-packages\aiohttp\connector.py", line 1571, in _create_direct_connection
    hosts = await self._resolve_host(host, port, traces=traces)
            ^^^^^^^^^^^^^^^^^^^^^^^^^^^^^^^^^^^^^^^^^^^^^^^^^^^
  File "D:\EcoTrack\.venv\Lib\site-packages\aiohttp\connector.py", line 1181, in _resolve_host
    return await asyncio.shield(resolved_host_task)
           ^^^^^^^^^^^^^^^^^^^^^^^^^^^^^^^^^^^^^^^^
  File "D:\EcoTrack\.venv\Lib\site-packages\aiohttp\connector.py", line 1212, in _resolve_host_with_throttle
    addrs = await self._resolver.resolve(host, port, family=self._family)
            ^^^^^^^^^^^^^^^^^^^^^^^^^^^^^^^^^^^^^^^^^^^^^^^^^^^^^^^^^^^^^
  File "D:\EcoTrack\.venv\Lib\site-packages\aiohttp\resolver.py", line 47, in resolve
    infos = await self._loop.getaddrinfo(
            ^^^^^^^^^^^^^^^^^^^^^^^^^^^^^
  File "C:\Users\JANHAVI TUPE\AppData\Local\Programs\Python\Python311\Lib\asyncio\base_events.py", line 868, in getaddrinfo
    return await self.run_in_executor(
           ^^^^^^^^^^^^^^^^^^^^^^^^^^^
  File "C:\Users\JANHAVI TUPE\AppData\Local\Programs\Python\Python311\Lib\concurrent\futures\thread.py", line 58, in run
    result = self.fn(*self.args, **self.kwargs)
             ^^^^^^^^^^^^^^^^^^^^^^^^^^^^^^^^^^
  File "C:\Users\JANHAVI TUPE\AppData\Local\Programs\Python\Python311\Lib\socket.py", line 962, in getaddrinfo
    for res in _socket.getaddrinfo(host, port, family, type, proto, flags):
               ^^^^^^^^^^^^^^^^^^^^^^^^^^^^^^^^^^^^^^^^^^^^^^^^^^^^^^^^^^^
socket.gaierror: [Errno 11001] getaddrinfo failed

The above exception was the direct cause of the following exception:

Traceback (most recent call last):
  File "D:\EcoTrack\.venv\Lib\site-packages\fsspec\implementations\http.py", line 447, in _info
    await _file_info(
  File "D:\EcoTrack\.venv\Lib\site-packages\fsspec\implementations\http.py", line 861, in _file_info
    r = await session.get(url, allow_redirects=ar, **kwargs)
        ^^^^^^^^^^^^^^^^^^^^^^^^^^^^^^^^^^^^^^^^^^^^^^^^^^^^
  File "D:\EcoTrack\.venv\Lib\site-packages\aiohttp\client.py", line 858, in _request
    resp = await handler(req)
           ^^^^^^^^^^^^^^^^^^
  File "D:\EcoTrack\.venv\Lib\site-packages\aiohttp\client.py", line 812, in _connect_and_send_request
    conn = await self._connector.connect(
           ^^^^^^^^^^^^^^^^^^^^^^^^^^^^^^
  File "D:\EcoTrack\.venv\Lib\site-packages\aiohttp\connector.py", line 657, in connect
    proto = await self._create_connection(req, traces, timeout)
            ^^^^^^^^^^^^^^^^^^^^^^^^^^^^^^^^^^^^^^^^^^^^^^^^^^^
  File "D:\EcoTrack\.venv\Lib\site-packages\aiohttp\connector.py", line 1242, in _create_connection
    _, proto = await self._create_direct_connection(req, traces, timeout)
               ^^^^^^^^^^^^^^^^^^^^^^^^^^^^^^^^^^^^^^^^^^^^^^^^^^^^^^^^^^
  File "D:\EcoTrack\.venv\Lib\site-packages\aiohttp\connector.py", line 1577, in _create_direct_connection
    raise ClientConnectorDNSError(req.connection_key, exc) from exc
aiohttp.client_exceptions.ClientConnectorDNSError: Cannot connect to host data.gesdisc.earthdata.nasa.gov:443 ssl:default [getaddrinfo failed]

The above exception was the direct cause of the following exception:

Traceback (most recent call last):
  File "D:\EcoTrack\.venv\Lib\site-packages\earthaccess\store.py", line 987, in _open_urls_https
    return _open_files(
           ^^^^^^^^^^^^
  File "D:\EcoTrack\.venv\Lib\site-packages\earthaccess\store.py", line 150, in _open_files
    return pqdm(
           ^^^^^
  File "D:\EcoTrack\.venv\Lib\site-packages\pqdm\threads.py", line 22, in pqdm
    return _parallel_process(
           ^^^^^^^^^^^^^^^^^^
  File "D:\EcoTrack\.venv\Lib\site-packages\pqdm\_base.py", line 79, in _parallel_process
    raise e
  File "D:\EcoTrack\.venv\Lib\site-packages\pqdm\_base.py", line 76, in _parallel_process
    results.append(future.result())
                   ^^^^^^^^^^^^^^^
  File "C:\Users\JANHAVI TUPE\AppData\Local\Programs\Python\Python311\Lib\concurrent\futures\_base.py", line 449, in result
    return self.__get_result()
           ^^^^^^^^^^^^^^^^^^^
  File "C:\Users\JANHAVI TUPE\AppData\Local\Programs\Python\Python311\Lib\concurrent\futures\_base.py", line 401, in __get_result
    raise self._exception
  File "C:\Users\JANHAVI TUPE\AppData\Local\Programs\Python\Python311\Lib\concurrent\futures\thread.py", line 58, in run
    result = self.fn(*self.args, **self.kwargs)
             ^^^^^^^^^^^^^^^^^^^^^^^^^^^^^^^^^^
  File "D:\EcoTrack\.venv\Lib\site-packages\earthaccess\store.py", line 137, in multi_thread_open
    f_size = fs.info(url)["size"]
             ^^^^^^^^^^^^
  File "D:\EcoTrack\.venv\Lib\site-packages\fsspec\asyn.py", line 217, in wrapper
    return sync(self.loop, func, *args, **kwargs)
           ^^^^^^^^^^^^^^^^^^^^^^^^^^^^^^^^^^^^^^
  File "D:\EcoTrack\.venv\Lib\site-packages\fsspec\asyn.py", line 106, in sync
    raise return_result
  File "D:\EcoTrack\.venv\Lib\site-packages\fsspec\asyn.py", line 59, in _runner
    result[0] = await coro
                ^^^^^^^^^^
  File "D:\EcoTrack\.venv\Lib\site-packages\fsspec\implementations\http.py", line 460, in _info
    raise FileNotFoundError(url) from exc
FileNotFoundError: https://data.gesdisc.earthdata.nasa.gov/data/OCO2_DATA/OCO2_L2_Lite_FP.11.2r/2023/oco2_LtCO2_231127_B11210Ar_240919182633s.nc4
  [995/1148] 2023-11-27 FAILED (FileNotFoundError: https://data.gesdisc.earthdata.nasa.gov/data/OCO2_DATA/OCO2_L2_Lite_FP.11.2r/2023/oco2_LtCO2_231127_B11210Ar_240919182633s.nc4) — will retry next run
An exception occurred while trying to access remote files via HTTPS
Traceback (most recent call last):
  File "D:\EcoTrack\.venv\Lib\site-packages\aiohttp\connector.py", line 1571, in _create_direct_connection
    hosts = await self._resolve_host(host, port, traces=traces)
            ^^^^^^^^^^^^^^^^^^^^^^^^^^^^^^^^^^^^^^^^^^^^^^^^^^^
  File "D:\EcoTrack\.venv\Lib\site-packages\aiohttp\connector.py", line 1181, in _resolve_host
    return await asyncio.shield(resolved_host_task)
           ^^^^^^^^^^^^^^^^^^^^^^^^^^^^^^^^^^^^^^^^
  File "D:\EcoTrack\.venv\Lib\site-packages\aiohttp\connector.py", line 1212, in _resolve_host_with_throttle
    addrs = await self._resolver.resolve(host, port, family=self._family)
            ^^^^^^^^^^^^^^^^^^^^^^^^^^^^^^^^^^^^^^^^^^^^^^^^^^^^^^^^^^^^^
  File "D:\EcoTrack\.venv\Lib\site-packages\aiohttp\resolver.py", line 47, in resolve
    infos = await self._loop.getaddrinfo(
            ^^^^^^^^^^^^^^^^^^^^^^^^^^^^^
  File "C:\Users\JANHAVI TUPE\AppData\Local\Programs\Python\Python311\Lib\asyncio\base_events.py", line 868, in getaddrinfo
    return await self.run_in_executor(
           ^^^^^^^^^^^^^^^^^^^^^^^^^^^
  File "C:\Users\JANHAVI TUPE\AppData\Local\Programs\Python\Python311\Lib\concurrent\futures\thread.py", line 58, in run
    result = self.fn(*self.args, **self.kwargs)
             ^^^^^^^^^^^^^^^^^^^^^^^^^^^^^^^^^^
  File "C:\Users\JANHAVI TUPE\AppData\Local\Programs\Python\Python311\Lib\socket.py", line 962, in getaddrinfo
    for res in _socket.getaddrinfo(host, port, family, type, proto, flags):
               ^^^^^^^^^^^^^^^^^^^^^^^^^^^^^^^^^^^^^^^^^^^^^^^^^^^^^^^^^^^
socket.gaierror: [Errno 11001] getaddrinfo failed

The above exception was the direct cause of the following exception:

Traceback (most recent call last):
  File "D:\EcoTrack\.venv\Lib\site-packages\fsspec\implementations\http.py", line 447, in _info
    await _file_info(
  File "D:\EcoTrack\.venv\Lib\site-packages\fsspec\implementations\http.py", line 861, in _file_info
    r = await session.get(url, allow_redirects=ar, **kwargs)
        ^^^^^^^^^^^^^^^^^^^^^^^^^^^^^^^^^^^^^^^^^^^^^^^^^^^^
  File "D:\EcoTrack\.venv\Lib\site-packages\aiohttp\client.py", line 858, in _request
    resp = await handler(req)
           ^^^^^^^^^^^^^^^^^^
  File "D:\EcoTrack\.venv\Lib\site-packages\aiohttp\client.py", line 812, in _connect_and_send_request
    conn = await self._connector.connect(
           ^^^^^^^^^^^^^^^^^^^^^^^^^^^^^^
  File "D:\EcoTrack\.venv\Lib\site-packages\aiohttp\connector.py", line 657, in connect
    proto = await self._create_connection(req, traces, timeout)
            ^^^^^^^^^^^^^^^^^^^^^^^^^^^^^^^^^^^^^^^^^^^^^^^^^^^
  File "D:\EcoTrack\.venv\Lib\site-packages\aiohttp\connector.py", line 1242, in _create_connection
    _, proto = await self._create_direct_connection(req, traces, timeout)
               ^^^^^^^^^^^^^^^^^^^^^^^^^^^^^^^^^^^^^^^^^^^^^^^^^^^^^^^^^^
  File "D:\EcoTrack\.venv\Lib\site-packages\aiohttp\connector.py", line 1577, in _create_direct_connection
    raise ClientConnectorDNSError(req.connection_key, exc) from exc
aiohttp.client_exceptions.ClientConnectorDNSError: Cannot connect to host data.gesdisc.earthdata.nasa.gov:443 ssl:default [getaddrinfo failed]

The above exception was the direct cause of the following exception:

Traceback (most recent call last):
  File "D:\EcoTrack\.venv\Lib\site-packages\earthaccess\store.py", line 987, in _open_urls_https
    return _open_files(
           ^^^^^^^^^^^^
  File "D:\EcoTrack\.venv\Lib\site-packages\earthaccess\store.py", line 150, in _open_files
    return pqdm(
           ^^^^^
  File "D:\EcoTrack\.venv\Lib\site-packages\pqdm\threads.py", line 22, in pqdm
    return _parallel_process(
           ^^^^^^^^^^^^^^^^^^
  File "D:\EcoTrack\.venv\Lib\site-packages\pqdm\_base.py", line 79, in _parallel_process
    raise e
  File "D:\EcoTrack\.venv\Lib\site-packages\pqdm\_base.py", line 76, in _parallel_process
    results.append(future.result())
                   ^^^^^^^^^^^^^^^
  File "C:\Users\JANHAVI TUPE\AppData\Local\Programs\Python\Python311\Lib\concurrent\futures\_base.py", line 449, in result
    return self.__get_result()
           ^^^^^^^^^^^^^^^^^^^
  File "C:\Users\JANHAVI TUPE\AppData\Local\Programs\Python\Python311\Lib\concurrent\futures\_base.py", line 401, in __get_result
    raise self._exception
  File "C:\Users\JANHAVI TUPE\AppData\Local\Programs\Python\Python311\Lib\concurrent\futures\thread.py", line 58, in run
    result = self.fn(*self.args, **self.kwargs)
             ^^^^^^^^^^^^^^^^^^^^^^^^^^^^^^^^^^
  File "D:\EcoTrack\.venv\Lib\site-packages\earthaccess\store.py", line 137, in multi_thread_open
    f_size = fs.info(url)["size"]
             ^^^^^^^^^^^^
  File "D:\EcoTrack\.venv\Lib\site-packages\fsspec\asyn.py", line 217, in wrapper
    return sync(self.loop, func, *args, **kwargs)
           ^^^^^^^^^^^^^^^^^^^^^^^^^^^^^^^^^^^^^^
  File "D:\EcoTrack\.venv\Lib\site-packages\fsspec\asyn.py", line 106, in sync
    raise return_result
  File "D:\EcoTrack\.venv\Lib\site-packages\fsspec\asyn.py", line 59, in _runner
    result[0] = await coro
                ^^^^^^^^^^
  File "D:\EcoTrack\.venv\Lib\site-packages\fsspec\implementations\http.py", line 460, in _info
    raise FileNotFoundError(url) from exc
FileNotFoundError: https://data.gesdisc.earthdata.nasa.gov/data/OCO2_DATA/OCO2_L2_Lite_FP.11.2r/2023/oco2_LtCO2_231128_B11210Ar_240919182727s.nc4
  [996/1148] 2023-11-28 FAILED (FileNotFoundError: https://data.gesdisc.earthdata.nasa.gov/data/OCO2_DATA/OCO2_L2_Lite_FP.11.2r/2023/oco2_LtCO2_231128_B11210Ar_240919182727s.nc4) — will retry next run
An exception occurred while trying to access remote files via HTTPS
Traceback (most recent call last):
  File "D:\EcoTrack\.venv\Lib\site-packages\aiohttp\connector.py", line 1571, in _create_direct_connection
    hosts = await self._resolve_host(host, port, traces=traces)
            ^^^^^^^^^^^^^^^^^^^^^^^^^^^^^^^^^^^^^^^^^^^^^^^^^^^
  File "D:\EcoTrack\.venv\Lib\site-packages\aiohttp\connector.py", line 1181, in _resolve_host
    return await asyncio.shield(resolved_host_task)
           ^^^^^^^^^^^^^^^^^^^^^^^^^^^^^^^^^^^^^^^^
  File "D:\EcoTrack\.venv\Lib\site-packages\aiohttp\connector.py", line 1212, in _resolve_host_with_throttle
    addrs = await self._resolver.resolve(host, port, family=self._family)
            ^^^^^^^^^^^^^^^^^^^^^^^^^^^^^^^^^^^^^^^^^^^^^^^^^^^^^^^^^^^^^
  File "D:\EcoTrack\.venv\Lib\site-packages\aiohttp\resolver.py", line 47, in resolve
    infos = await self._loop.getaddrinfo(
            ^^^^^^^^^^^^^^^^^^^^^^^^^^^^^
  File "C:\Users\JANHAVI TUPE\AppData\Local\Programs\Python\Python311\Lib\asyncio\base_events.py", line 868, in getaddrinfo
    return await self.run_in_executor(
           ^^^^^^^^^^^^^^^^^^^^^^^^^^^
  File "C:\Users\JANHAVI TUPE\AppData\Local\Programs\Python\Python311\Lib\concurrent\futures\thread.py", line 58, in run
    result = self.fn(*self.args, **self.kwargs)
             ^^^^^^^^^^^^^^^^^^^^^^^^^^^^^^^^^^
  File "C:\Users\JANHAVI TUPE\AppData\Local\Programs\Python\Python311\Lib\socket.py", line 962, in getaddrinfo
    for res in _socket.getaddrinfo(host, port, family, type, proto, flags):
               ^^^^^^^^^^^^^^^^^^^^^^^^^^^^^^^^^^^^^^^^^^^^^^^^^^^^^^^^^^^
socket.gaierror: [Errno 11001] getaddrinfo failed

The above exception was the direct cause of the following exception:

Traceback (most recent call last):
  File "D:\EcoTrack\.venv\Lib\site-packages\fsspec\implementations\http.py", line 447, in _info
    await _file_info(
  File "D:\EcoTrack\.venv\Lib\site-packages\fsspec\implementations\http.py", line 861, in _file_info
    r = await session.get(url, allow_redirects=ar, **kwargs)
        ^^^^^^^^^^^^^^^^^^^^^^^^^^^^^^^^^^^^^^^^^^^^^^^^^^^^
  File "D:\EcoTrack\.venv\Lib\site-packages\aiohttp\client.py", line 858, in _request
    resp = await handler(req)
           ^^^^^^^^^^^^^^^^^^
  File "D:\EcoTrack\.venv\Lib\site-packages\aiohttp\client.py", line 812, in _connect_and_send_request
    conn = await self._connector.connect(
           ^^^^^^^^^^^^^^^^^^^^^^^^^^^^^^
  File "D:\EcoTrack\.venv\Lib\site-packages\aiohttp\connector.py", line 657, in connect
    proto = await self._create_connection(req, traces, timeout)
            ^^^^^^^^^^^^^^^^^^^^^^^^^^^^^^^^^^^^^^^^^^^^^^^^^^^
  File "D:\EcoTrack\.venv\Lib\site-packages\aiohttp\connector.py", line 1242, in _create_connection
    _, proto = await self._create_direct_connection(req, traces, timeout)
               ^^^^^^^^^^^^^^^^^^^^^^^^^^^^^^^^^^^^^^^^^^^^^^^^^^^^^^^^^^
  File "D:\EcoTrack\.venv\Lib\site-packages\aiohttp\connector.py", line 1577, in _create_direct_connection
    raise ClientConnectorDNSError(req.connection_key, exc) from exc
aiohttp.client_exceptions.ClientConnectorDNSError: Cannot connect to host data.gesdisc.earthdata.nasa.gov:443 ssl:default [getaddrinfo failed]

The above exception was the direct cause of the following exception:

Traceback (most recent call last):
  File "D:\EcoTrack\.venv\Lib\site-packages\earthaccess\store.py", line 987, in _open_urls_https
    return _open_files(
           ^^^^^^^^^^^^
  File "D:\EcoTrack\.venv\Lib\site-packages\earthaccess\store.py", line 150, in _open_files
    return pqdm(
           ^^^^^
  File "D:\EcoTrack\.venv\Lib\site-packages\pqdm\threads.py", line 22, in pqdm
    return _parallel_process(
           ^^^^^^^^^^^^^^^^^^
  File "D:\EcoTrack\.venv\Lib\site-packages\pqdm\_base.py", line 79, in _parallel_process
    raise e
  File "D:\EcoTrack\.venv\Lib\site-packages\pqdm\_base.py", line 76, in _parallel_process
    results.append(future.result())
                   ^^^^^^^^^^^^^^^
  File "C:\Users\JANHAVI TUPE\AppData\Local\Programs\Python\Python311\Lib\concurrent\futures\_base.py", line 449, in result
    return self.__get_result()
           ^^^^^^^^^^^^^^^^^^^
  File "C:\Users\JANHAVI TUPE\AppData\Local\Programs\Python\Python311\Lib\concurrent\futures\_base.py", line 401, in __get_result
    raise self._exception
  File "C:\Users\JANHAVI TUPE\AppData\Local\Programs\Python\Python311\Lib\concurrent\futures\thread.py", line 58, in run
    result = self.fn(*self.args, **self.kwargs)
             ^^^^^^^^^^^^^^^^^^^^^^^^^^^^^^^^^^
  File "D:\EcoTrack\.venv\Lib\site-packages\earthaccess\store.py", line 137, in multi_thread_open
    f_size = fs.info(url)["size"]
             ^^^^^^^^^^^^
  File "D:\EcoTrack\.venv\Lib\site-packages\fsspec\asyn.py", line 217, in wrapper
    return sync(self.loop, func, *args, **kwargs)
           ^^^^^^^^^^^^^^^^^^^^^^^^^^^^^^^^^^^^^^
  File "D:\EcoTrack\.venv\Lib\site-packages\fsspec\asyn.py", line 106, in sync
    raise return_result
  File "D:\EcoTrack\.venv\Lib\site-packages\fsspec\asyn.py", line 59, in _runner
    result[0] = await coro
                ^^^^^^^^^^
  File "D:\EcoTrack\.venv\Lib\site-packages\fsspec\implementations\http.py", line 460, in _info
    raise FileNotFoundError(url) from exc
FileNotFoundError: https://data.gesdisc.earthdata.nasa.gov/data/OCO2_DATA/OCO2_L2_Lite_FP.11.2r/2023/oco2_LtCO2_231129_B11210Ar_240919182745s.nc4
  [997/1148] 2023-11-29 FAILED (FileNotFoundError: https://data.gesdisc.earthdata.nasa.gov/data/OCO2_DATA/OCO2_L2_Lite_FP.11.2r/2023/oco2_LtCO2_231129_B11210Ar_240919182745s.nc4) — will retry next run
An exception occurred while trying to access remote files via HTTPS
Traceback (most recent call last):
  File "D:\EcoTrack\.venv\Lib\site-packages\aiohttp\connector.py", line 1571, in _create_direct_connection
    hosts = await self._resolve_host(host, port, traces=traces)
            ^^^^^^^^^^^^^^^^^^^^^^^^^^^^^^^^^^^^^^^^^^^^^^^^^^^
  File "D:\EcoTrack\.venv\Lib\site-packages\aiohttp\connector.py", line 1181, in _resolve_host
    return await asyncio.shield(resolved_host_task)
           ^^^^^^^^^^^^^^^^^^^^^^^^^^^^^^^^^^^^^^^^
  File "D:\EcoTrack\.venv\Lib\site-packages\aiohttp\connector.py", line 1212, in _resolve_host_with_throttle
    addrs = await self._resolver.resolve(host, port, family=self._family)
            ^^^^^^^^^^^^^^^^^^^^^^^^^^^^^^^^^^^^^^^^^^^^^^^^^^^^^^^^^^^^^
  File "D:\EcoTrack\.venv\Lib\site-packages\aiohttp\resolver.py", line 47, in resolve
    infos = await self._loop.getaddrinfo(
            ^^^^^^^^^^^^^^^^^^^^^^^^^^^^^
  File "C:\Users\JANHAVI TUPE\AppData\Local\Programs\Python\Python311\Lib\asyncio\base_events.py", line 868, in getaddrinfo
    return await self.run_in_executor(
           ^^^^^^^^^^^^^^^^^^^^^^^^^^^
  File "C:\Users\JANHAVI TUPE\AppData\Local\Programs\Python\Python311\Lib\concurrent\futures\thread.py", line 58, in run
    result = self.fn(*self.args, **self.kwargs)
             ^^^^^^^^^^^^^^^^^^^^^^^^^^^^^^^^^^
  File "C:\Users\JANHAVI TUPE\AppData\Local\Programs\Python\Python311\Lib\socket.py", line 962, in getaddrinfo
    for res in _socket.getaddrinfo(host, port, family, type, proto, flags):
               ^^^^^^^^^^^^^^^^^^^^^^^^^^^^^^^^^^^^^^^^^^^^^^^^^^^^^^^^^^^
socket.gaierror: [Errno 11001] getaddrinfo failed

The above exception was the direct cause of the following exception:

Traceback (most recent call last):
  File "D:\EcoTrack\.venv\Lib\site-packages\fsspec\implementations\http.py", line 447, in _info
    await _file_info(
  File "D:\EcoTrack\.venv\Lib\site-packages\fsspec\implementations\http.py", line 861, in _file_info
    r = await session.get(url, allow_redirects=ar, **kwargs)
        ^^^^^^^^^^^^^^^^^^^^^^^^^^^^^^^^^^^^^^^^^^^^^^^^^^^^
  File "D:\EcoTrack\.venv\Lib\site-packages\aiohttp\client.py", line 858, in _request
    resp = await handler(req)
           ^^^^^^^^^^^^^^^^^^
  File "D:\EcoTrack\.venv\Lib\site-packages\aiohttp\client.py", line 812, in _connect_and_send_request
    conn = await self._connector.connect(
           ^^^^^^^^^^^^^^^^^^^^^^^^^^^^^^
  File "D:\EcoTrack\.venv\Lib\site-packages\aiohttp\connector.py", line 657, in connect
    proto = await self._create_connection(req, traces, timeout)
            ^^^^^^^^^^^^^^^^^^^^^^^^^^^^^^^^^^^^^^^^^^^^^^^^^^^
  File "D:\EcoTrack\.venv\Lib\site-packages\aiohttp\connector.py", line 1242, in _create_connection
    _, proto = await self._create_direct_connection(req, traces, timeout)
               ^^^^^^^^^^^^^^^^^^^^^^^^^^^^^^^^^^^^^^^^^^^^^^^^^^^^^^^^^^
  File "D:\EcoTrack\.venv\Lib\site-packages\aiohttp\connector.py", line 1577, in _create_direct_connection
    raise ClientConnectorDNSError(req.connection_key, exc) from exc
aiohttp.client_exceptions.ClientConnectorDNSError: Cannot connect to host data.gesdisc.earthdata.nasa.gov:443 ssl:default [getaddrinfo failed]

The above exception was the direct cause of the following exception:

Traceback (most recent call last):
  File "D:\EcoTrack\.venv\Lib\site-packages\earthaccess\store.py", line 987, in _open_urls_https
    return _open_files(
           ^^^^^^^^^^^^
  File "D:\EcoTrack\.venv\Lib\site-packages\earthaccess\store.py", line 150, in _open_files
    return pqdm(
           ^^^^^
  File "D:\EcoTrack\.venv\Lib\site-packages\pqdm\threads.py", line 22, in pqdm
    return _parallel_process(
           ^^^^^^^^^^^^^^^^^^
  File "D:\EcoTrack\.venv\Lib\site-packages\pqdm\_base.py", line 79, in _parallel_process
    raise e
  File "D:\EcoTrack\.venv\Lib\site-packages\pqdm\_base.py", line 76, in _parallel_process
    results.append(future.result())
                   ^^^^^^^^^^^^^^^
  File "C:\Users\JANHAVI TUPE\AppData\Local\Programs\Python\Python311\Lib\concurrent\futures\_base.py", line 449, in result
    return self.__get_result()
           ^^^^^^^^^^^^^^^^^^^
  File "C:\Users\JANHAVI TUPE\AppData\Local\Programs\Python\Python311\Lib\concurrent\futures\_base.py", line 401, in __get_result
    raise self._exception
  File "C:\Users\JANHAVI TUPE\AppData\Local\Programs\Python\Python311\Lib\concurrent\futures\thread.py", line 58, in run
    result = self.fn(*self.args, **self.kwargs)
             ^^^^^^^^^^^^^^^^^^^^^^^^^^^^^^^^^^
  File "D:\EcoTrack\.venv\Lib\site-packages\earthaccess\store.py", line 137, in multi_thread_open
    f_size = fs.info(url)["size"]
             ^^^^^^^^^^^^
  File "D:\EcoTrack\.venv\Lib\site-packages\fsspec\asyn.py", line 217, in wrapper
    return sync(self.loop, func, *args, **kwargs)
           ^^^^^^^^^^^^^^^^^^^^^^^^^^^^^^^^^^^^^^
  File "D:\EcoTrack\.venv\Lib\site-packages\fsspec\asyn.py", line 106, in sync
    raise return_result
  File "D:\EcoTrack\.venv\Lib\site-packages\fsspec\asyn.py", line 59, in _runner
    result[0] = await coro
                ^^^^^^^^^^
  File "D:\EcoTrack\.venv\Lib\site-packages\fsspec\implementations\http.py", line 460, in _info
    raise FileNotFoundError(url) from exc
FileNotFoundError: https://data.gesdisc.earthdata.nasa.gov/data/OCO2_DATA/OCO2_L2_Lite_FP.11.2r/2023/oco2_LtCO2_231130_B11210Ar_240919182851s.nc4
  [998/1148] 2023-11-30 FAILED (FileNotFoundError: https://data.gesdisc.earthdata.nasa.gov/data/OCO2_DATA/OCO2_L2_Lite_FP.11.2r/2023/oco2_LtCO2_231130_B11210Ar_240919182851s.nc4) — will retry next run
An exception occurred while trying to access remote files via HTTPS
Traceback (most recent call last):
  File "D:\EcoTrack\.venv\Lib\site-packages\aiohttp\connector.py", line 1571, in _create_direct_connection
    hosts = await self._resolve_host(host, port, traces=traces)
            ^^^^^^^^^^^^^^^^^^^^^^^^^^^^^^^^^^^^^^^^^^^^^^^^^^^
  File "D:\EcoTrack\.venv\Lib\site-packages\aiohttp\connector.py", line 1181, in _resolve_host
    return await asyncio.shield(resolved_host_task)
           ^^^^^^^^^^^^^^^^^^^^^^^^^^^^^^^^^^^^^^^^
  File "D:\EcoTrack\.venv\Lib\site-packages\aiohttp\connector.py", line 1212, in _resolve_host_with_throttle
    addrs = await self._resolver.resolve(host, port, family=self._family)
            ^^^^^^^^^^^^^^^^^^^^^^^^^^^^^^^^^^^^^^^^^^^^^^^^^^^^^^^^^^^^^
  File "D:\EcoTrack\.venv\Lib\site-packages\aiohttp\resolver.py", line 47, in resolve
    infos = await self._loop.getaddrinfo(
            ^^^^^^^^^^^^^^^^^^^^^^^^^^^^^
  File "C:\Users\JANHAVI TUPE\AppData\Local\Programs\Python\Python311\Lib\asyncio\base_events.py", line 868, in getaddrinfo
    return await self.run_in_executor(
           ^^^^^^^^^^^^^^^^^^^^^^^^^^^
  File "C:\Users\JANHAVI TUPE\AppData\Local\Programs\Python\Python311\Lib\concurrent\futures\thread.py", line 58, in run
    result = self.fn(*self.args, **self.kwargs)
             ^^^^^^^^^^^^^^^^^^^^^^^^^^^^^^^^^^
  File "C:\Users\JANHAVI TUPE\AppData\Local\Programs\Python\Python311\Lib\socket.py", line 962, in getaddrinfo
    for res in _socket.getaddrinfo(host, port, family, type, proto, flags):
               ^^^^^^^^^^^^^^^^^^^^^^^^^^^^^^^^^^^^^^^^^^^^^^^^^^^^^^^^^^^
socket.gaierror: [Errno 11001] getaddrinfo failed

The above exception was the direct cause of the following exception:

Traceback (most recent call last):
  File "D:\EcoTrack\.venv\Lib\site-packages\fsspec\implementations\http.py", line 447, in _info
    await _file_info(
  File "D:\EcoTrack\.venv\Lib\site-packages\fsspec\implementations\http.py", line 861, in _file_info
    r = await session.get(url, allow_redirects=ar, **kwargs)
        ^^^^^^^^^^^^^^^^^^^^^^^^^^^^^^^^^^^^^^^^^^^^^^^^^^^^
  File "D:\EcoTrack\.venv\Lib\site-packages\aiohttp\client.py", line 858, in _request
    resp = await handler(req)
           ^^^^^^^^^^^^^^^^^^
  File "D:\EcoTrack\.venv\Lib\site-packages\aiohttp\client.py", line 812, in _connect_and_send_request
    conn = await self._connector.connect(
           ^^^^^^^^^^^^^^^^^^^^^^^^^^^^^^
  File "D:\EcoTrack\.venv\Lib\site-packages\aiohttp\connector.py", line 657, in connect
    proto = await self._create_connection(req, traces, timeout)
            ^^^^^^^^^^^^^^^^^^^^^^^^^^^^^^^^^^^^^^^^^^^^^^^^^^^
  File "D:\EcoTrack\.venv\Lib\site-packages\aiohttp\connector.py", line 1242, in _create_connection
    _, proto = await self._create_direct_connection(req, traces, timeout)
               ^^^^^^^^^^^^^^^^^^^^^^^^^^^^^^^^^^^^^^^^^^^^^^^^^^^^^^^^^^
  File "D:\EcoTrack\.venv\Lib\site-packages\aiohttp\connector.py", line 1577, in _create_direct_connection
    raise ClientConnectorDNSError(req.connection_key, exc) from exc
aiohttp.client_exceptions.ClientConnectorDNSError: Cannot connect to host data.gesdisc.earthdata.nasa.gov:443 ssl:default [getaddrinfo failed]

The above exception was the direct cause of the following exception:

Traceback (most recent call last):
  File "D:\EcoTrack\.venv\Lib\site-packages\earthaccess\store.py", line 987, in _open_urls_https
    return _open_files(
           ^^^^^^^^^^^^
  File "D:\EcoTrack\.venv\Lib\site-packages\earthaccess\store.py", line 150, in _open_files
    return pqdm(
           ^^^^^
  File "D:\EcoTrack\.venv\Lib\site-packages\pqdm\threads.py", line 22, in pqdm
    return _parallel_process(
           ^^^^^^^^^^^^^^^^^^
  File "D:\EcoTrack\.venv\Lib\site-packages\pqdm\_base.py", line 79, in _parallel_process
    raise e
  File "D:\EcoTrack\.venv\Lib\site-packages\pqdm\_base.py", line 76, in _parallel_process
    results.append(future.result())
                   ^^^^^^^^^^^^^^^
  File "C:\Users\JANHAVI TUPE\AppData\Local\Programs\Python\Python311\Lib\concurrent\futures\_base.py", line 449, in result
    return self.__get_result()
           ^^^^^^^^^^^^^^^^^^^
  File "C:\Users\JANHAVI TUPE\AppData\Local\Programs\Python\Python311\Lib\concurrent\futures\_base.py", line 401, in __get_result
    raise self._exception
  File "C:\Users\JANHAVI TUPE\AppData\Local\Programs\Python\Python311\Lib\concurrent\futures\thread.py", line 58, in run
    result = self.fn(*self.args, **self.kwargs)
             ^^^^^^^^^^^^^^^^^^^^^^^^^^^^^^^^^^
  File "D:\EcoTrack\.venv\Lib\site-packages\earthaccess\store.py", line 137, in multi_thread_open
    f_size = fs.info(url)["size"]
             ^^^^^^^^^^^^
  File "D:\EcoTrack\.venv\Lib\site-packages\fsspec\asyn.py", line 217, in wrapper
    return sync(self.loop, func, *args, **kwargs)
           ^^^^^^^^^^^^^^^^^^^^^^^^^^^^^^^^^^^^^^
  File "D:\EcoTrack\.venv\Lib\site-packages\fsspec\asyn.py", line 106, in sync
    raise return_result
  File "D:\EcoTrack\.venv\Lib\site-packages\fsspec\asyn.py", line 59, in _runner
    result[0] = await coro
                ^^^^^^^^^^
  File "D:\EcoTrack\.venv\Lib\site-packages\fsspec\implementations\http.py", line 460, in _info
    raise FileNotFoundError(url) from exc
FileNotFoundError: https://data.gesdisc.earthdata.nasa.gov/data/OCO2_DATA/OCO2_L2_Lite_FP.11.2r/2023/oco2_LtCO2_231201_B11210Ar_240919173612s.nc4
  [999/1148] 2023-12-01 FAILED (FileNotFoundError: https://data.gesdisc.earthdata.nasa.gov/data/OCO2_DATA/OCO2_L2_Lite_FP.11.2r/2023/oco2_LtCO2_231201_B11210Ar_240919173612s.nc4) — will retry next run
An exception occurred while trying to access remote files via HTTPS
Traceback (most recent call last):
  File "D:\EcoTrack\.venv\Lib\site-packages\aiohttp\connector.py", line 1571, in _create_direct_connection
    hosts = await self._resolve_host(host, port, traces=traces)
            ^^^^^^^^^^^^^^^^^^^^^^^^^^^^^^^^^^^^^^^^^^^^^^^^^^^
  File "D:\EcoTrack\.venv\Lib\site-packages\aiohttp\connector.py", line 1181, in _resolve_host
    return await asyncio.shield(resolved_host_task)
           ^^^^^^^^^^^^^^^^^^^^^^^^^^^^^^^^^^^^^^^^
  File "D:\EcoTrack\.venv\Lib\site-packages\aiohttp\connector.py", line 1212, in _resolve_host_with_throttle
    addrs = await self._resolver.resolve(host, port, family=self._family)
            ^^^^^^^^^^^^^^^^^^^^^^^^^^^^^^^^^^^^^^^^^^^^^^^^^^^^^^^^^^^^^
  File "D:\EcoTrack\.venv\Lib\site-packages\aiohttp\resolver.py", line 47, in resolve
    infos = await self._loop.getaddrinfo(
            ^^^^^^^^^^^^^^^^^^^^^^^^^^^^^
  File "C:\Users\JANHAVI TUPE\AppData\Local\Programs\Python\Python311\Lib\asyncio\base_events.py", line 868, in getaddrinfo
    return await self.run_in_executor(
           ^^^^^^^^^^^^^^^^^^^^^^^^^^^
  File "C:\Users\JANHAVI TUPE\AppData\Local\Programs\Python\Python311\Lib\concurrent\futures\thread.py", line 58, in run
    result = self.fn(*self.args, **self.kwargs)
             ^^^^^^^^^^^^^^^^^^^^^^^^^^^^^^^^^^
  File "C:\Users\JANHAVI TUPE\AppData\Local\Programs\Python\Python311\Lib\socket.py", line 962, in getaddrinfo
    for res in _socket.getaddrinfo(host, port, family, type, proto, flags):
               ^^^^^^^^^^^^^^^^^^^^^^^^^^^^^^^^^^^^^^^^^^^^^^^^^^^^^^^^^^^
socket.gaierror: [Errno 11001] getaddrinfo failed

The above exception was the direct cause of the following exception:

Traceback (most recent call last):
  File "D:\EcoTrack\.venv\Lib\site-packages\fsspec\implementations\http.py", line 447, in _info
    await _file_info(
  File "D:\EcoTrack\.venv\Lib\site-packages\fsspec\implementations\http.py", line 861, in _file_info
    r = await session.get(url, allow_redirects=ar, **kwargs)
        ^^^^^^^^^^^^^^^^^^^^^^^^^^^^^^^^^^^^^^^^^^^^^^^^^^^^
  File "D:\EcoTrack\.venv\Lib\site-packages\aiohttp\client.py", line 858, in _request
    resp = await handler(req)
           ^^^^^^^^^^^^^^^^^^
  File "D:\EcoTrack\.venv\Lib\site-packages\aiohttp\client.py", line 812, in _connect_and_send_request
    conn = await self._connector.connect(
           ^^^^^^^^^^^^^^^^^^^^^^^^^^^^^^
  File "D:\EcoTrack\.venv\Lib\site-packages\aiohttp\connector.py", line 657, in connect
    proto = await self._create_connection(req, traces, timeout)
            ^^^^^^^^^^^^^^^^^^^^^^^^^^^^^^^^^^^^^^^^^^^^^^^^^^^
  File "D:\EcoTrack\.venv\Lib\site-packages\aiohttp\connector.py", line 1242, in _create_connection
    _, proto = await self._create_direct_connection(req, traces, timeout)
               ^^^^^^^^^^^^^^^^^^^^^^^^^^^^^^^^^^^^^^^^^^^^^^^^^^^^^^^^^^
  File "D:\EcoTrack\.venv\Lib\site-packages\aiohttp\connector.py", line 1577, in _create_direct_connection
    raise ClientConnectorDNSError(req.connection_key, exc) from exc
aiohttp.client_exceptions.ClientConnectorDNSError: Cannot connect to host data.gesdisc.earthdata.nasa.gov:443 ssl:default [getaddrinfo failed]

The above exception was the direct cause of the following exception:

Traceback (most recent call last):
  File "D:\EcoTrack\.venv\Lib\site-packages\earthaccess\store.py", line 987, in _open_urls_https
    return _open_files(
           ^^^^^^^^^^^^
  File "D:\EcoTrack\.venv\Lib\site-packages\earthaccess\store.py", line 150, in _open_files
    return pqdm(
           ^^^^^
  File "D:\EcoTrack\.venv\Lib\site-packages\pqdm\threads.py", line 22, in pqdm
    return _parallel_process(
           ^^^^^^^^^^^^^^^^^^
  File "D:\EcoTrack\.venv\Lib\site-packages\pqdm\_base.py", line 79, in _parallel_process
    raise e
  File "D:\EcoTrack\.venv\Lib\site-packages\pqdm\_base.py", line 76, in _parallel_process
    results.append(future.result())
                   ^^^^^^^^^^^^^^^
  File "C:\Users\JANHAVI TUPE\AppData\Local\Programs\Python\Python311\Lib\concurrent\futures\_base.py", line 449, in result
    return self.__get_result()
           ^^^^^^^^^^^^^^^^^^^
  File "C:\Users\JANHAVI TUPE\AppData\Local\Programs\Python\Python311\Lib\concurrent\futures\_base.py", line 401, in __get_result
    raise self._exception
  File "C:\Users\JANHAVI TUPE\AppData\Local\Programs\Python\Python311\Lib\concurrent\futures\thread.py", line 58, in run
    result = self.fn(*self.args, **self.kwargs)
             ^^^^^^^^^^^^^^^^^^^^^^^^^^^^^^^^^^
  File "D:\EcoTrack\.venv\Lib\site-packages\earthaccess\store.py", line 137, in multi_thread_open
    f_size = fs.info(url)["size"]
             ^^^^^^^^^^^^
  File "D:\EcoTrack\.venv\Lib\site-packages\fsspec\asyn.py", line 217, in wrapper
    return sync(self.loop, func, *args, **kwargs)
           ^^^^^^^^^^^^^^^^^^^^^^^^^^^^^^^^^^^^^^
  File "D:\EcoTrack\.venv\Lib\site-packages\fsspec\asyn.py", line 106, in sync
    raise return_result
  File "D:\EcoTrack\.venv\Lib\site-packages\fsspec\asyn.py", line 59, in _runner
    result[0] = await coro
                ^^^^^^^^^^
  File "D:\EcoTrack\.venv\Lib\site-packages\fsspec\implementations\http.py", line 460, in _info
    raise FileNotFoundError(url) from exc
FileNotFoundError: https://data.gesdisc.earthdata.nasa.gov/data/OCO2_DATA/OCO2_L2_Lite_FP.11.2r/2023/oco2_LtCO2_231203_B11210Ar_240919182908s.nc4
  [1000/1148] 2023-12-03 FAILED (FileNotFoundError: https://data.gesdisc.earthdata.nasa.gov/data/OCO2_DATA/OCO2_L2_Lite_FP.11.2r/2023/oco2_LtCO2_231203_B11210Ar_240919182908s.nc4) — will retry next run
An exception occurred while trying to access remote files via HTTPS
Traceback (most recent call last):
  File "D:\EcoTrack\.venv\Lib\site-packages\aiohttp\connector.py", line 1571, in _create_direct_connection
    hosts = await self._resolve_host(host, port, traces=traces)
            ^^^^^^^^^^^^^^^^^^^^^^^^^^^^^^^^^^^^^^^^^^^^^^^^^^^
  File "D:\EcoTrack\.venv\Lib\site-packages\aiohttp\connector.py", line 1181, in _resolve_host
    return await asyncio.shield(resolved_host_task)
           ^^^^^^^^^^^^^^^^^^^^^^^^^^^^^^^^^^^^^^^^
  File "D:\EcoTrack\.venv\Lib\site-packages\aiohttp\connector.py", line 1212, in _resolve_host_with_throttle
    addrs = await self._resolver.resolve(host, port, family=self._family)
            ^^^^^^^^^^^^^^^^^^^^^^^^^^^^^^^^^^^^^^^^^^^^^^^^^^^^^^^^^^^^^
  File "D:\EcoTrack\.venv\Lib\site-packages\aiohttp\resolver.py", line 47, in resolve
    infos = await self._loop.getaddrinfo(
            ^^^^^^^^^^^^^^^^^^^^^^^^^^^^^
  File "C:\Users\JANHAVI TUPE\AppData\Local\Programs\Python\Python311\Lib\asyncio\base_events.py", line 868, in getaddrinfo
    return await self.run_in_executor(
           ^^^^^^^^^^^^^^^^^^^^^^^^^^^
  File "C:\Users\JANHAVI TUPE\AppData\Local\Programs\Python\Python311\Lib\concurrent\futures\thread.py", line 58, in run
    result = self.fn(*self.args, **self.kwargs)
             ^^^^^^^^^^^^^^^^^^^^^^^^^^^^^^^^^^
  File "C:\Users\JANHAVI TUPE\AppData\Local\Programs\Python\Python311\Lib\socket.py", line 962, in getaddrinfo
    for res in _socket.getaddrinfo(host, port, family, type, proto, flags):
               ^^^^^^^^^^^^^^^^^^^^^^^^^^^^^^^^^^^^^^^^^^^^^^^^^^^^^^^^^^^
socket.gaierror: [Errno 11001] getaddrinfo failed

The above exception was the direct cause of the following exception:

Traceback (most recent call last):
  File "D:\EcoTrack\.venv\Lib\site-packages\fsspec\implementations\http.py", line 447, in _info
    await _file_info(
  File "D:\EcoTrack\.venv\Lib\site-packages\fsspec\implementations\http.py", line 861, in _file_info
    r = await session.get(url, allow_redirects=ar, **kwargs)
        ^^^^^^^^^^^^^^^^^^^^^^^^^^^^^^^^^^^^^^^^^^^^^^^^^^^^
  File "D:\EcoTrack\.venv\Lib\site-packages\aiohttp\client.py", line 858, in _request
    resp = await handler(req)
           ^^^^^^^^^^^^^^^^^^
  File "D:\EcoTrack\.venv\Lib\site-packages\aiohttp\client.py", line 812, in _connect_and_send_request
    conn = await self._connector.connect(
           ^^^^^^^^^^^^^^^^^^^^^^^^^^^^^^
  File "D:\EcoTrack\.venv\Lib\site-packages\aiohttp\connector.py", line 657, in connect
    proto = await self._create_connection(req, traces, timeout)
            ^^^^^^^^^^^^^^^^^^^^^^^^^^^^^^^^^^^^^^^^^^^^^^^^^^^
  File "D:\EcoTrack\.venv\Lib\site-packages\aiohttp\connector.py", line 1242, in _create_connection
    _, proto = await self._create_direct_connection(req, traces, timeout)
               ^^^^^^^^^^^^^^^^^^^^^^^^^^^^^^^^^^^^^^^^^^^^^^^^^^^^^^^^^^
  File "D:\EcoTrack\.venv\Lib\site-packages\aiohttp\connector.py", line 1577, in _create_direct_connection
    raise ClientConnectorDNSError(req.connection_key, exc) from exc
aiohttp.client_exceptions.ClientConnectorDNSError: Cannot connect to host data.gesdisc.earthdata.nasa.gov:443 ssl:default [getaddrinfo failed]

The above exception was the direct cause of the following exception:

Traceback (most recent call last):
  File "D:\EcoTrack\.venv\Lib\site-packages\earthaccess\store.py", line 987, in _open_urls_https
    return _open_files(
           ^^^^^^^^^^^^
  File "D:\EcoTrack\.venv\Lib\site-packages\earthaccess\store.py", line 150, in _open_files
    return pqdm(
           ^^^^^
  File "D:\EcoTrack\.venv\Lib\site-packages\pqdm\threads.py", line 22, in pqdm
    return _parallel_process(
           ^^^^^^^^^^^^^^^^^^
  File "D:\EcoTrack\.venv\Lib\site-packages\pqdm\_base.py", line 79, in _parallel_process
    raise e
  File "D:\EcoTrack\.venv\Lib\site-packages\pqdm\_base.py", line 76, in _parallel_process
    results.append(future.result())
                   ^^^^^^^^^^^^^^^
  File "C:\Users\JANHAVI TUPE\AppData\Local\Programs\Python\Python311\Lib\concurrent\futures\_base.py", line 449, in result
    return self.__get_result()
           ^^^^^^^^^^^^^^^^^^^
  File "C:\Users\JANHAVI TUPE\AppData\Local\Programs\Python\Python311\Lib\concurrent\futures\_base.py", line 401, in __get_result
    raise self._exception
  File "C:\Users\JANHAVI TUPE\AppData\Local\Programs\Python\Python311\Lib\concurrent\futures\thread.py", line 58, in run
    result = self.fn(*self.args, **self.kwargs)
             ^^^^^^^^^^^^^^^^^^^^^^^^^^^^^^^^^^
  File "D:\EcoTrack\.venv\Lib\site-packages\earthaccess\store.py", line 137, in multi_thread_open
    f_size = fs.info(url)["size"]
             ^^^^^^^^^^^^
  File "D:\EcoTrack\.venv\Lib\site-packages\fsspec\asyn.py", line 217, in wrapper
    return sync(self.loop, func, *args, **kwargs)
           ^^^^^^^^^^^^^^^^^^^^^^^^^^^^^^^^^^^^^^
  File "D:\EcoTrack\.venv\Lib\site-packages\fsspec\asyn.py", line 106, in sync
    raise return_result
  File "D:\EcoTrack\.venv\Lib\site-packages\fsspec\asyn.py", line 59, in _runner
    result[0] = await coro
                ^^^^^^^^^^
  File "D:\EcoTrack\.venv\Lib\site-packages\fsspec\implementations\http.py", line 460, in _info
    raise FileNotFoundError(url) from exc
FileNotFoundError: https://data.gesdisc.earthdata.nasa.gov/data/OCO2_DATA/OCO2_L2_Lite_FP.11.2r/2023/oco2_LtCO2_231204_B11210Ar_240919183007s.nc4
  [1001/1148] 2023-12-04 FAILED (FileNotFoundError: https://data.gesdisc.earthdata.nasa.gov/data/OCO2_DATA/OCO2_L2_Lite_FP.11.2r/2023/oco2_LtCO2_231204_B11210Ar_240919183007s.nc4) — will retry next run
An exception occurred while trying to access remote files via HTTPS
Traceback (most recent call last):
  File "D:\EcoTrack\.venv\Lib\site-packages\aiohttp\connector.py", line 1571, in _create_direct_connection
    hosts = await self._resolve_host(host, port, traces=traces)
            ^^^^^^^^^^^^^^^^^^^^^^^^^^^^^^^^^^^^^^^^^^^^^^^^^^^
  File "D:\EcoTrack\.venv\Lib\site-packages\aiohttp\connector.py", line 1181, in _resolve_host
    return await asyncio.shield(resolved_host_task)
           ^^^^^^^^^^^^^^^^^^^^^^^^^^^^^^^^^^^^^^^^
  File "D:\EcoTrack\.venv\Lib\site-packages\aiohttp\connector.py", line 1212, in _resolve_host_with_throttle
    addrs = await self._resolver.resolve(host, port, family=self._family)
            ^^^^^^^^^^^^^^^^^^^^^^^^^^^^^^^^^^^^^^^^^^^^^^^^^^^^^^^^^^^^^
  File "D:\EcoTrack\.venv\Lib\site-packages\aiohttp\resolver.py", line 47, in resolve
    infos = await self._loop.getaddrinfo(
            ^^^^^^^^^^^^^^^^^^^^^^^^^^^^^
  File "C:\Users\JANHAVI TUPE\AppData\Local\Programs\Python\Python311\Lib\asyncio\base_events.py", line 868, in getaddrinfo
    return await self.run_in_executor(
           ^^^^^^^^^^^^^^^^^^^^^^^^^^^
  File "C:\Users\JANHAVI TUPE\AppData\Local\Programs\Python\Python311\Lib\concurrent\futures\thread.py", line 58, in run
    result = self.fn(*self.args, **self.kwargs)
             ^^^^^^^^^^^^^^^^^^^^^^^^^^^^^^^^^^
  File "C:\Users\JANHAVI TUPE\AppData\Local\Programs\Python\Python311\Lib\socket.py", line 962, in getaddrinfo
    for res in _socket.getaddrinfo(host, port, family, type, proto, flags):
               ^^^^^^^^^^^^^^^^^^^^^^^^^^^^^^^^^^^^^^^^^^^^^^^^^^^^^^^^^^^
socket.gaierror: [Errno 11001] getaddrinfo failed

The above exception was the direct cause of the following exception:

Traceback (most recent call last):
  File "D:\EcoTrack\.venv\Lib\site-packages\fsspec\implementations\http.py", line 447, in _info
    await _file_info(
  File "D:\EcoTrack\.venv\Lib\site-packages\fsspec\implementations\http.py", line 861, in _file_info
    r = await session.get(url, allow_redirects=ar, **kwargs)
        ^^^^^^^^^^^^^^^^^^^^^^^^^^^^^^^^^^^^^^^^^^^^^^^^^^^^
  File "D:\EcoTrack\.venv\Lib\site-packages\aiohttp\client.py", line 858, in _request
    resp = await handler(req)
           ^^^^^^^^^^^^^^^^^^
  File "D:\EcoTrack\.venv\Lib\site-packages\aiohttp\client.py", line 812, in _connect_and_send_request
    conn = await self._connector.connect(
           ^^^^^^^^^^^^^^^^^^^^^^^^^^^^^^
  File "D:\EcoTrack\.venv\Lib\site-packages\aiohttp\connector.py", line 657, in connect
    proto = await self._create_connection(req, traces, timeout)
            ^^^^^^^^^^^^^^^^^^^^^^^^^^^^^^^^^^^^^^^^^^^^^^^^^^^
  File "D:\EcoTrack\.venv\Lib\site-packages\aiohttp\connector.py", line 1242, in _create_connection
    _, proto = await self._create_direct_connection(req, traces, timeout)
               ^^^^^^^^^^^^^^^^^^^^^^^^^^^^^^^^^^^^^^^^^^^^^^^^^^^^^^^^^^
  File "D:\EcoTrack\.venv\Lib\site-packages\aiohttp\connector.py", line 1577, in _create_direct_connection
    raise ClientConnectorDNSError(req.connection_key, exc) from exc
aiohttp.client_exceptions.ClientConnectorDNSError: Cannot connect to host data.gesdisc.earthdata.nasa.gov:443 ssl:default [getaddrinfo failed]

The above exception was the direct cause of the following exception:

Traceback (most recent call last):
  File "D:\EcoTrack\.venv\Lib\site-packages\earthaccess\store.py", line 987, in _open_urls_https
    return _open_files(
           ^^^^^^^^^^^^
  File "D:\EcoTrack\.venv\Lib\site-packages\earthaccess\store.py", line 150, in _open_files
    return pqdm(
           ^^^^^
  File "D:\EcoTrack\.venv\Lib\site-packages\pqdm\threads.py", line 22, in pqdm
    return _parallel_process(
           ^^^^^^^^^^^^^^^^^^
  File "D:\EcoTrack\.venv\Lib\site-packages\pqdm\_base.py", line 79, in _parallel_process
    raise e
  File "D:\EcoTrack\.venv\Lib\site-packages\pqdm\_base.py", line 76, in _parallel_process
    results.append(future.result())
                   ^^^^^^^^^^^^^^^
  File "C:\Users\JANHAVI TUPE\AppData\Local\Programs\Python\Python311\Lib\concurrent\futures\_base.py", line 449, in result
    return self.__get_result()
           ^^^^^^^^^^^^^^^^^^^
  File "C:\Users\JANHAVI TUPE\AppData\Local\Programs\Python\Python311\Lib\concurrent\futures\_base.py", line 401, in __get_result
    raise self._exception
  File "C:\Users\JANHAVI TUPE\AppData\Local\Programs\Python\Python311\Lib\concurrent\futures\thread.py", line 58, in run
    result = self.fn(*self.args, **self.kwargs)
             ^^^^^^^^^^^^^^^^^^^^^^^^^^^^^^^^^^
  File "D:\EcoTrack\.venv\Lib\site-packages\earthaccess\store.py", line 137, in multi_thread_open
    f_size = fs.info(url)["size"]
             ^^^^^^^^^^^^
  File "D:\EcoTrack\.venv\Lib\site-packages\fsspec\asyn.py", line 217, in wrapper
    return sync(self.loop, func, *args, **kwargs)
           ^^^^^^^^^^^^^^^^^^^^^^^^^^^^^^^^^^^^^^
  File "D:\EcoTrack\.venv\Lib\site-packages\fsspec\asyn.py", line 106, in sync
    raise return_result
  File "D:\EcoTrack\.venv\Lib\site-packages\fsspec\asyn.py", line 59, in _runner
    result[0] = await coro
                ^^^^^^^^^^
  File "D:\EcoTrack\.venv\Lib\site-packages\fsspec\implementations\http.py", line 460, in _info
    raise FileNotFoundError(url) from exc
FileNotFoundError: https://data.gesdisc.earthdata.nasa.gov/data/OCO2_DATA/OCO2_L2_Lite_FP.11.2r/2023/oco2_LtCO2_231205_B11210Ar_240919183015s.nc4
  [1002/1148] 2023-12-05 FAILED (FileNotFoundError: https://data.gesdisc.earthdata.nasa.gov/data/OCO2_DATA/OCO2_L2_Lite_FP.11.2r/2023/oco2_LtCO2_231205_B11210Ar_240919183015s.nc4) — will retry next run
An exception occurred while trying to access remote files via HTTPS
Traceback (most recent call last):
  File "D:\EcoTrack\.venv\Lib\site-packages\aiohttp\connector.py", line 1571, in _create_direct_connection
    hosts = await self._resolve_host(host, port, traces=traces)
            ^^^^^^^^^^^^^^^^^^^^^^^^^^^^^^^^^^^^^^^^^^^^^^^^^^^
  File "D:\EcoTrack\.venv\Lib\site-packages\aiohttp\connector.py", line 1181, in _resolve_host
    return await asyncio.shield(resolved_host_task)
           ^^^^^^^^^^^^^^^^^^^^^^^^^^^^^^^^^^^^^^^^
  File "D:\EcoTrack\.venv\Lib\site-packages\aiohttp\connector.py", line 1212, in _resolve_host_with_throttle
    addrs = await self._resolver.resolve(host, port, family=self._family)
            ^^^^^^^^^^^^^^^^^^^^^^^^^^^^^^^^^^^^^^^^^^^^^^^^^^^^^^^^^^^^^
  File "D:\EcoTrack\.venv\Lib\site-packages\aiohttp\resolver.py", line 47, in resolve
    infos = await self._loop.getaddrinfo(
            ^^^^^^^^^^^^^^^^^^^^^^^^^^^^^
  File "C:\Users\JANHAVI TUPE\AppData\Local\Programs\Python\Python311\Lib\asyncio\base_events.py", line 868, in getaddrinfo
    return await self.run_in_executor(
           ^^^^^^^^^^^^^^^^^^^^^^^^^^^
  File "C:\Users\JANHAVI TUPE\AppData\Local\Programs\Python\Python311\Lib\concurrent\futures\thread.py", line 58, in run
    result = self.fn(*self.args, **self.kwargs)
             ^^^^^^^^^^^^^^^^^^^^^^^^^^^^^^^^^^
  File "C:\Users\JANHAVI TUPE\AppData\Local\Programs\Python\Python311\Lib\socket.py", line 962, in getaddrinfo
    for res in _socket.getaddrinfo(host, port, family, type, proto, flags):
               ^^^^^^^^^^^^^^^^^^^^^^^^^^^^^^^^^^^^^^^^^^^^^^^^^^^^^^^^^^^
socket.gaierror: [Errno 11001] getaddrinfo failed

The above exception was the direct cause of the following exception:

Traceback (most recent call last):
  File "D:\EcoTrack\.venv\Lib\site-packages\fsspec\implementations\http.py", line 447, in _info
    await _file_info(
  File "D:\EcoTrack\.venv\Lib\site-packages\fsspec\implementations\http.py", line 861, in _file_info
    r = await session.get(url, allow_redirects=ar, **kwargs)
        ^^^^^^^^^^^^^^^^^^^^^^^^^^^^^^^^^^^^^^^^^^^^^^^^^^^^
  File "D:\EcoTrack\.venv\Lib\site-packages\aiohttp\client.py", line 858, in _request
    resp = await handler(req)
           ^^^^^^^^^^^^^^^^^^
  File "D:\EcoTrack\.venv\Lib\site-packages\aiohttp\client.py", line 812, in _connect_and_send_request
    conn = await self._connector.connect(
           ^^^^^^^^^^^^^^^^^^^^^^^^^^^^^^
  File "D:\EcoTrack\.venv\Lib\site-packages\aiohttp\connector.py", line 657, in connect
    proto = await self._create_connection(req, traces, timeout)
            ^^^^^^^^^^^^^^^^^^^^^^^^^^^^^^^^^^^^^^^^^^^^^^^^^^^
  File "D:\EcoTrack\.venv\Lib\site-packages\aiohttp\connector.py", line 1242, in _create_connection
    _, proto = await self._create_direct_connection(req, traces, timeout)
               ^^^^^^^^^^^^^^^^^^^^^^^^^^^^^^^^^^^^^^^^^^^^^^^^^^^^^^^^^^
  File "D:\EcoTrack\.venv\Lib\site-packages\aiohttp\connector.py", line 1577, in _create_direct_connection
    raise ClientConnectorDNSError(req.connection_key, exc) from exc
aiohttp.client_exceptions.ClientConnectorDNSError: Cannot connect to host data.gesdisc.earthdata.nasa.gov:443 ssl:default [getaddrinfo failed]

The above exception was the direct cause of the following exception:

Traceback (most recent call last):
  File "D:\EcoTrack\.venv\Lib\site-packages\earthaccess\store.py", line 987, in _open_urls_https
    return _open_files(
           ^^^^^^^^^^^^
  File "D:\EcoTrack\.venv\Lib\site-packages\earthaccess\store.py", line 150, in _open_files
    return pqdm(
           ^^^^^
  File "D:\EcoTrack\.venv\Lib\site-packages\pqdm\threads.py", line 22, in pqdm
    return _parallel_process(
           ^^^^^^^^^^^^^^^^^^
  File "D:\EcoTrack\.venv\Lib\site-packages\pqdm\_base.py", line 79, in _parallel_process
    raise e
  File "D:\EcoTrack\.venv\Lib\site-packages\pqdm\_base.py", line 76, in _parallel_process
    results.append(future.result())
                   ^^^^^^^^^^^^^^^
  File "C:\Users\JANHAVI TUPE\AppData\Local\Programs\Python\Python311\Lib\concurrent\futures\_base.py", line 449, in result
    return self.__get_result()
           ^^^^^^^^^^^^^^^^^^^
  File "C:\Users\JANHAVI TUPE\AppData\Local\Programs\Python\Python311\Lib\concurrent\futures\_base.py", line 401, in __get_result
    raise self._exception
  File "C:\Users\JANHAVI TUPE\AppData\Local\Programs\Python\Python311\Lib\concurrent\futures\thread.py", line 58, in run
    result = self.fn(*self.args, **self.kwargs)
             ^^^^^^^^^^^^^^^^^^^^^^^^^^^^^^^^^^
  File "D:\EcoTrack\.venv\Lib\site-packages\earthaccess\store.py", line 137, in multi_thread_open
    f_size = fs.info(url)["size"]
             ^^^^^^^^^^^^
  File "D:\EcoTrack\.venv\Lib\site-packages\fsspec\asyn.py", line 217, in wrapper
    return sync(self.loop, func, *args, **kwargs)
           ^^^^^^^^^^^^^^^^^^^^^^^^^^^^^^^^^^^^^^
  File "D:\EcoTrack\.venv\Lib\site-packages\fsspec\asyn.py", line 106, in sync
    raise return_result
  File "D:\EcoTrack\.venv\Lib\site-packages\fsspec\asyn.py", line 59, in _runner
    result[0] = await coro
                ^^^^^^^^^^
  File "D:\EcoTrack\.venv\Lib\site-packages\fsspec\implementations\http.py", line 460, in _info
    raise FileNotFoundError(url) from exc
FileNotFoundError: https://data.gesdisc.earthdata.nasa.gov/data/OCO2_DATA/OCO2_L2_Lite_FP.11.2r/2023/oco2_LtCO2_231206_B11210Ar_240919183124s.nc4
  [1003/1148] 2023-12-06 FAILED (FileNotFoundError: https://data.gesdisc.earthdata.nasa.gov/data/OCO2_DATA/OCO2_L2_Lite_FP.11.2r/2023/oco2_LtCO2_231206_B11210Ar_240919183124s.nc4) — will retry next run
An exception occurred while trying to access remote files via HTTPS
Traceback (most recent call last):
  File "D:\EcoTrack\.venv\Lib\site-packages\aiohttp\connector.py", line 1571, in _create_direct_connection
    hosts = await self._resolve_host(host, port, traces=traces)
            ^^^^^^^^^^^^^^^^^^^^^^^^^^^^^^^^^^^^^^^^^^^^^^^^^^^
  File "D:\EcoTrack\.venv\Lib\site-packages\aiohttp\connector.py", line 1181, in _resolve_host
    return await asyncio.shield(resolved_host_task)
           ^^^^^^^^^^^^^^^^^^^^^^^^^^^^^^^^^^^^^^^^
  File "D:\EcoTrack\.venv\Lib\site-packages\aiohttp\connector.py", line 1212, in _resolve_host_with_throttle
    addrs = await self._resolver.resolve(host, port, family=self._family)
            ^^^^^^^^^^^^^^^^^^^^^^^^^^^^^^^^^^^^^^^^^^^^^^^^^^^^^^^^^^^^^
  File "D:\EcoTrack\.venv\Lib\site-packages\aiohttp\resolver.py", line 47, in resolve
    infos = await self._loop.getaddrinfo(
            ^^^^^^^^^^^^^^^^^^^^^^^^^^^^^
  File "C:\Users\JANHAVI TUPE\AppData\Local\Programs\Python\Python311\Lib\asyncio\base_events.py", line 868, in getaddrinfo
    return await self.run_in_executor(
           ^^^^^^^^^^^^^^^^^^^^^^^^^^^
  File "C:\Users\JANHAVI TUPE\AppData\Local\Programs\Python\Python311\Lib\concurrent\futures\thread.py", line 58, in run
    result = self.fn(*self.args, **self.kwargs)
             ^^^^^^^^^^^^^^^^^^^^^^^^^^^^^^^^^^
  File "C:\Users\JANHAVI TUPE\AppData\Local\Programs\Python\Python311\Lib\socket.py", line 962, in getaddrinfo
    for res in _socket.getaddrinfo(host, port, family, type, proto, flags):
               ^^^^^^^^^^^^^^^^^^^^^^^^^^^^^^^^^^^^^^^^^^^^^^^^^^^^^^^^^^^
socket.gaierror: [Errno 11001] getaddrinfo failed

The above exception was the direct cause of the following exception:

Traceback (most recent call last):
  File "D:\EcoTrack\.venv\Lib\site-packages\fsspec\implementations\http.py", line 447, in _info
    await _file_info(
  File "D:\EcoTrack\.venv\Lib\site-packages\fsspec\implementations\http.py", line 861, in _file_info
    r = await session.get(url, allow_redirects=ar, **kwargs)
        ^^^^^^^^^^^^^^^^^^^^^^^^^^^^^^^^^^^^^^^^^^^^^^^^^^^^
  File "D:\EcoTrack\.venv\Lib\site-packages\aiohttp\client.py", line 858, in _request
    resp = await handler(req)
           ^^^^^^^^^^^^^^^^^^
  File "D:\EcoTrack\.venv\Lib\site-packages\aiohttp\client.py", line 812, in _connect_and_send_request
    conn = await self._connector.connect(
           ^^^^^^^^^^^^^^^^^^^^^^^^^^^^^^
  File "D:\EcoTrack\.venv\Lib\site-packages\aiohttp\connector.py", line 657, in connect
    proto = await self._create_connection(req, traces, timeout)
            ^^^^^^^^^^^^^^^^^^^^^^^^^^^^^^^^^^^^^^^^^^^^^^^^^^^
  File "D:\EcoTrack\.venv\Lib\site-packages\aiohttp\connector.py", line 1242, in _create_connection
    _, proto = await self._create_direct_connection(req, traces, timeout)
               ^^^^^^^^^^^^^^^^^^^^^^^^^^^^^^^^^^^^^^^^^^^^^^^^^^^^^^^^^^
  File "D:\EcoTrack\.venv\Lib\site-packages\aiohttp\connector.py", line 1577, in _create_direct_connection
    raise ClientConnectorDNSError(req.connection_key, exc) from exc
aiohttp.client_exceptions.ClientConnectorDNSError: Cannot connect to host data.gesdisc.earthdata.nasa.gov:443 ssl:default [getaddrinfo failed]

The above exception was the direct cause of the following exception:

Traceback (most recent call last):
  File "D:\EcoTrack\.venv\Lib\site-packages\earthaccess\store.py", line 987, in _open_urls_https
    return _open_files(
           ^^^^^^^^^^^^
  File "D:\EcoTrack\.venv\Lib\site-packages\earthaccess\store.py", line 150, in _open_files
    return pqdm(
           ^^^^^
  File "D:\EcoTrack\.venv\Lib\site-packages\pqdm\threads.py", line 22, in pqdm
    return _parallel_process(
           ^^^^^^^^^^^^^^^^^^
  File "D:\EcoTrack\.venv\Lib\site-packages\pqdm\_base.py", line 79, in _parallel_process
    raise e
  File "D:\EcoTrack\.venv\Lib\site-packages\pqdm\_base.py", line 76, in _parallel_process
    results.append(future.result())
                   ^^^^^^^^^^^^^^^
  File "C:\Users\JANHAVI TUPE\AppData\Local\Programs\Python\Python311\Lib\concurrent\futures\_base.py", line 449, in result
    return self.__get_result()
           ^^^^^^^^^^^^^^^^^^^
  File "C:\Users\JANHAVI TUPE\AppData\Local\Programs\Python\Python311\Lib\concurrent\futures\_base.py", line 401, in __get_result
    raise self._exception
  File "C:\Users\JANHAVI TUPE\AppData\Local\Programs\Python\Python311\Lib\concurrent\futures\thread.py", line 58, in run
    result = self.fn(*self.args, **self.kwargs)
             ^^^^^^^^^^^^^^^^^^^^^^^^^^^^^^^^^^
  File "D:\EcoTrack\.venv\Lib\site-packages\earthaccess\store.py", line 137, in multi_thread_open
    f_size = fs.info(url)["size"]
             ^^^^^^^^^^^^
  File "D:\EcoTrack\.venv\Lib\site-packages\fsspec\asyn.py", line 217, in wrapper
    return sync(self.loop, func, *args, **kwargs)
           ^^^^^^^^^^^^^^^^^^^^^^^^^^^^^^^^^^^^^^
  File "D:\EcoTrack\.venv\Lib\site-packages\fsspec\asyn.py", line 106, in sync
    raise return_result
  File "D:\EcoTrack\.venv\Lib\site-packages\fsspec\asyn.py", line 59, in _runner
    result[0] = await coro
                ^^^^^^^^^^
  File "D:\EcoTrack\.venv\Lib\site-packages\fsspec\implementations\http.py", line 460, in _info
    raise FileNotFoundError(url) from exc
FileNotFoundError: https://data.gesdisc.earthdata.nasa.gov/data/OCO2_DATA/OCO2_L2_Lite_FP.11.2r/2023/oco2_LtCO2_231207_B11210Ar_240919183143s.nc4
  [1004/1148] 2023-12-07 FAILED (FileNotFoundError: https://data.gesdisc.earthdata.nasa.gov/data/OCO2_DATA/OCO2_L2_Lite_FP.11.2r/2023/oco2_LtCO2_231207_B11210Ar_240919183143s.nc4) — will retry next run
An exception occurred while trying to access remote files via HTTPS
Traceback (most recent call last):
  File "D:\EcoTrack\.venv\Lib\site-packages\aiohttp\connector.py", line 1571, in _create_direct_connection
    hosts = await self._resolve_host(host, port, traces=traces)
            ^^^^^^^^^^^^^^^^^^^^^^^^^^^^^^^^^^^^^^^^^^^^^^^^^^^
  File "D:\EcoTrack\.venv\Lib\site-packages\aiohttp\connector.py", line 1181, in _resolve_host
    return await asyncio.shield(resolved_host_task)
           ^^^^^^^^^^^^^^^^^^^^^^^^^^^^^^^^^^^^^^^^
  File "D:\EcoTrack\.venv\Lib\site-packages\aiohttp\connector.py", line 1212, in _resolve_host_with_throttle
    addrs = await self._resolver.resolve(host, port, family=self._family)
            ^^^^^^^^^^^^^^^^^^^^^^^^^^^^^^^^^^^^^^^^^^^^^^^^^^^^^^^^^^^^^
  File "D:\EcoTrack\.venv\Lib\site-packages\aiohttp\resolver.py", line 47, in resolve
    infos = await self._loop.getaddrinfo(
            ^^^^^^^^^^^^^^^^^^^^^^^^^^^^^
  File "C:\Users\JANHAVI TUPE\AppData\Local\Programs\Python\Python311\Lib\asyncio\base_events.py", line 868, in getaddrinfo
    return await self.run_in_executor(
           ^^^^^^^^^^^^^^^^^^^^^^^^^^^
  File "C:\Users\JANHAVI TUPE\AppData\Local\Programs\Python\Python311\Lib\concurrent\futures\thread.py", line 58, in run
    result = self.fn(*self.args, **self.kwargs)
             ^^^^^^^^^^^^^^^^^^^^^^^^^^^^^^^^^^
  File "C:\Users\JANHAVI TUPE\AppData\Local\Programs\Python\Python311\Lib\socket.py", line 962, in getaddrinfo
    for res in _socket.getaddrinfo(host, port, family, type, proto, flags):
               ^^^^^^^^^^^^^^^^^^^^^^^^^^^^^^^^^^^^^^^^^^^^^^^^^^^^^^^^^^^
socket.gaierror: [Errno 11001] getaddrinfo failed

The above exception was the direct cause of the following exception:

Traceback (most recent call last):
  File "D:\EcoTrack\.venv\Lib\site-packages\fsspec\implementations\http.py", line 447, in _info
    await _file_info(
  File "D:\EcoTrack\.venv\Lib\site-packages\fsspec\implementations\http.py", line 861, in _file_info
    r = await session.get(url, allow_redirects=ar, **kwargs)
        ^^^^^^^^^^^^^^^^^^^^^^^^^^^^^^^^^^^^^^^^^^^^^^^^^^^^
  File "D:\EcoTrack\.venv\Lib\site-packages\aiohttp\client.py", line 858, in _request
    resp = await handler(req)
           ^^^^^^^^^^^^^^^^^^
  File "D:\EcoTrack\.venv\Lib\site-packages\aiohttp\client.py", line 812, in _connect_and_send_request
    conn = await self._connector.connect(
           ^^^^^^^^^^^^^^^^^^^^^^^^^^^^^^
  File "D:\EcoTrack\.venv\Lib\site-packages\aiohttp\connector.py", line 657, in connect
    proto = await self._create_connection(req, traces, timeout)
            ^^^^^^^^^^^^^^^^^^^^^^^^^^^^^^^^^^^^^^^^^^^^^^^^^^^
  File "D:\EcoTrack\.venv\Lib\site-packages\aiohttp\connector.py", line 1242, in _create_connection
    _, proto = await self._create_direct_connection(req, traces, timeout)
               ^^^^^^^^^^^^^^^^^^^^^^^^^^^^^^^^^^^^^^^^^^^^^^^^^^^^^^^^^^
  File "D:\EcoTrack\.venv\Lib\site-packages\aiohttp\connector.py", line 1577, in _create_direct_connection
    raise ClientConnectorDNSError(req.connection_key, exc) from exc
aiohttp.client_exceptions.ClientConnectorDNSError: Cannot connect to host data.gesdisc.earthdata.nasa.gov:443 ssl:default [getaddrinfo failed]

The above exception was the direct cause of the following exception:

Traceback (most recent call last):
  File "D:\EcoTrack\.venv\Lib\site-packages\earthaccess\store.py", line 987, in _open_urls_https
    return _open_files(
           ^^^^^^^^^^^^
  File "D:\EcoTrack\.venv\Lib\site-packages\earthaccess\store.py", line 150, in _open_files
    return pqdm(
           ^^^^^
  File "D:\EcoTrack\.venv\Lib\site-packages\pqdm\threads.py", line 22, in pqdm
    return _parallel_process(
           ^^^^^^^^^^^^^^^^^^
  File "D:\EcoTrack\.venv\Lib\site-packages\pqdm\_base.py", line 79, in _parallel_process
    raise e
  File "D:\EcoTrack\.venv\Lib\site-packages\pqdm\_base.py", line 76, in _parallel_process
    results.append(future.result())
                   ^^^^^^^^^^^^^^^
  File "C:\Users\JANHAVI TUPE\AppData\Local\Programs\Python\Python311\Lib\concurrent\futures\_base.py", line 449, in result
    return self.__get_result()
           ^^^^^^^^^^^^^^^^^^^
  File "C:\Users\JANHAVI TUPE\AppData\Local\Programs\Python\Python311\Lib\concurrent\futures\_base.py", line 401, in __get_result
    raise self._exception
  File "C:\Users\JANHAVI TUPE\AppData\Local\Programs\Python\Python311\Lib\concurrent\futures\thread.py", line 58, in run
    result = self.fn(*self.args, **self.kwargs)
             ^^^^^^^^^^^^^^^^^^^^^^^^^^^^^^^^^^
  File "D:\EcoTrack\.venv\Lib\site-packages\earthaccess\store.py", line 137, in multi_thread_open
    f_size = fs.info(url)["size"]
             ^^^^^^^^^^^^
  File "D:\EcoTrack\.venv\Lib\site-packages\fsspec\asyn.py", line 217, in wrapper
    return sync(self.loop, func, *args, **kwargs)
           ^^^^^^^^^^^^^^^^^^^^^^^^^^^^^^^^^^^^^^
  File "D:\EcoTrack\.venv\Lib\site-packages\fsspec\asyn.py", line 106, in sync
    raise return_result
  File "D:\EcoTrack\.venv\Lib\site-packages\fsspec\asyn.py", line 59, in _runner
    result[0] = await coro
                ^^^^^^^^^^
  File "D:\EcoTrack\.venv\Lib\site-packages\fsspec\implementations\http.py", line 460, in _info
    raise FileNotFoundError(url) from exc
FileNotFoundError: https://data.gesdisc.earthdata.nasa.gov/data/OCO2_DATA/OCO2_L2_Lite_FP.11.2r/2023/oco2_LtCO2_231208_B11210Ar_240919183247s.nc4
  [1005/1148] 2023-12-08 FAILED (FileNotFoundError: https://data.gesdisc.earthdata.nasa.gov/data/OCO2_DATA/OCO2_L2_Lite_FP.11.2r/2023/oco2_LtCO2_231208_B11210Ar_240919183247s.nc4) — will retry next run
An exception occurred while trying to access remote files via HTTPS
Traceback (most recent call last):
  File "D:\EcoTrack\.venv\Lib\site-packages\aiohttp\connector.py", line 1571, in _create_direct_connection
    hosts = await self._resolve_host(host, port, traces=traces)
            ^^^^^^^^^^^^^^^^^^^^^^^^^^^^^^^^^^^^^^^^^^^^^^^^^^^
  File "D:\EcoTrack\.venv\Lib\site-packages\aiohttp\connector.py", line 1181, in _resolve_host
    return await asyncio.shield(resolved_host_task)
           ^^^^^^^^^^^^^^^^^^^^^^^^^^^^^^^^^^^^^^^^
  File "D:\EcoTrack\.venv\Lib\site-packages\aiohttp\connector.py", line 1212, in _resolve_host_with_throttle
    addrs = await self._resolver.resolve(host, port, family=self._family)
            ^^^^^^^^^^^^^^^^^^^^^^^^^^^^^^^^^^^^^^^^^^^^^^^^^^^^^^^^^^^^^
  File "D:\EcoTrack\.venv\Lib\site-packages\aiohttp\resolver.py", line 47, in resolve
    infos = await self._loop.getaddrinfo(
            ^^^^^^^^^^^^^^^^^^^^^^^^^^^^^
  File "C:\Users\JANHAVI TUPE\AppData\Local\Programs\Python\Python311\Lib\asyncio\base_events.py", line 868, in getaddrinfo
    return await self.run_in_executor(
           ^^^^^^^^^^^^^^^^^^^^^^^^^^^
  File "C:\Users\JANHAVI TUPE\AppData\Local\Programs\Python\Python311\Lib\concurrent\futures\thread.py", line 58, in run
    result = self.fn(*self.args, **self.kwargs)
             ^^^^^^^^^^^^^^^^^^^^^^^^^^^^^^^^^^
  File "C:\Users\JANHAVI TUPE\AppData\Local\Programs\Python\Python311\Lib\socket.py", line 962, in getaddrinfo
    for res in _socket.getaddrinfo(host, port, family, type, proto, flags):
               ^^^^^^^^^^^^^^^^^^^^^^^^^^^^^^^^^^^^^^^^^^^^^^^^^^^^^^^^^^^
socket.gaierror: [Errno 11001] getaddrinfo failed

The above exception was the direct cause of the following exception:

Traceback (most recent call last):
  File "D:\EcoTrack\.venv\Lib\site-packages\fsspec\implementations\http.py", line 447, in _info
    await _file_info(
  File "D:\EcoTrack\.venv\Lib\site-packages\fsspec\implementations\http.py", line 861, in _file_info
    r = await session.get(url, allow_redirects=ar, **kwargs)
        ^^^^^^^^^^^^^^^^^^^^^^^^^^^^^^^^^^^^^^^^^^^^^^^^^^^^
  File "D:\EcoTrack\.venv\Lib\site-packages\aiohttp\client.py", line 858, in _request
    resp = await handler(req)
           ^^^^^^^^^^^^^^^^^^
  File "D:\EcoTrack\.venv\Lib\site-packages\aiohttp\client.py", line 812, in _connect_and_send_request
    conn = await self._connector.connect(
           ^^^^^^^^^^^^^^^^^^^^^^^^^^^^^^
  File "D:\EcoTrack\.venv\Lib\site-packages\aiohttp\connector.py", line 657, in connect
    proto = await self._create_connection(req, traces, timeout)
            ^^^^^^^^^^^^^^^^^^^^^^^^^^^^^^^^^^^^^^^^^^^^^^^^^^^
  File "D:\EcoTrack\.venv\Lib\site-packages\aiohttp\connector.py", line 1242, in _create_connection
    _, proto = await self._create_direct_connection(req, traces, timeout)
               ^^^^^^^^^^^^^^^^^^^^^^^^^^^^^^^^^^^^^^^^^^^^^^^^^^^^^^^^^^
  File "D:\EcoTrack\.venv\Lib\site-packages\aiohttp\connector.py", line 1577, in _create_direct_connection
    raise ClientConnectorDNSError(req.connection_key, exc) from exc
aiohttp.client_exceptions.ClientConnectorDNSError: Cannot connect to host data.gesdisc.earthdata.nasa.gov:443 ssl:default [getaddrinfo failed]

The above exception was the direct cause of the following exception:

Traceback (most recent call last):
  File "D:\EcoTrack\.venv\Lib\site-packages\earthaccess\store.py", line 987, in _open_urls_https
    return _open_files(
           ^^^^^^^^^^^^
  File "D:\EcoTrack\.venv\Lib\site-packages\earthaccess\store.py", line 150, in _open_files
    return pqdm(
           ^^^^^
  File "D:\EcoTrack\.venv\Lib\site-packages\pqdm\threads.py", line 22, in pqdm
    return _parallel_process(
           ^^^^^^^^^^^^^^^^^^
  File "D:\EcoTrack\.venv\Lib\site-packages\pqdm\_base.py", line 79, in _parallel_process
    raise e
  File "D:\EcoTrack\.venv\Lib\site-packages\pqdm\_base.py", line 76, in _parallel_process
    results.append(future.result())
                   ^^^^^^^^^^^^^^^
  File "C:\Users\JANHAVI TUPE\AppData\Local\Programs\Python\Python311\Lib\concurrent\futures\_base.py", line 449, in result
    return self.__get_result()
           ^^^^^^^^^^^^^^^^^^^
  File "C:\Users\JANHAVI TUPE\AppData\Local\Programs\Python\Python311\Lib\concurrent\futures\_base.py", line 401, in __get_result
    raise self._exception
  File "C:\Users\JANHAVI TUPE\AppData\Local\Programs\Python\Python311\Lib\concurrent\futures\thread.py", line 58, in run
    result = self.fn(*self.args, **self.kwargs)
             ^^^^^^^^^^^^^^^^^^^^^^^^^^^^^^^^^^
  File "D:\EcoTrack\.venv\Lib\site-packages\earthaccess\store.py", line 137, in multi_thread_open
    f_size = fs.info(url)["size"]
             ^^^^^^^^^^^^
  File "D:\EcoTrack\.venv\Lib\site-packages\fsspec\asyn.py", line 217, in wrapper
    return sync(self.loop, func, *args, **kwargs)
           ^^^^^^^^^^^^^^^^^^^^^^^^^^^^^^^^^^^^^^
  File "D:\EcoTrack\.venv\Lib\site-packages\fsspec\asyn.py", line 106, in sync
    raise return_result
  File "D:\EcoTrack\.venv\Lib\site-packages\fsspec\asyn.py", line 59, in _runner
    result[0] = await coro
                ^^^^^^^^^^
  File "D:\EcoTrack\.venv\Lib\site-packages\fsspec\implementations\http.py", line 460, in _info
    raise FileNotFoundError(url) from exc
FileNotFoundError: https://data.gesdisc.earthdata.nasa.gov/data/OCO2_DATA/OCO2_L2_Lite_FP.11.2r/2023/oco2_LtCO2_231210_B11210Ar_240919183307s.nc4
  [1006/1148] 2023-12-10 FAILED (FileNotFoundError: https://data.gesdisc.earthdata.nasa.gov/data/OCO2_DATA/OCO2_L2_Lite_FP.11.2r/2023/oco2_LtCO2_231210_B11210Ar_240919183307s.nc4) — will retry next run
An exception occurred while trying to access remote files via HTTPS
Traceback (most recent call last):
  File "D:\EcoTrack\.venv\Lib\site-packages\aiohttp\connector.py", line 1571, in _create_direct_connection
    hosts = await self._resolve_host(host, port, traces=traces)
            ^^^^^^^^^^^^^^^^^^^^^^^^^^^^^^^^^^^^^^^^^^^^^^^^^^^
  File "D:\EcoTrack\.venv\Lib\site-packages\aiohttp\connector.py", line 1181, in _resolve_host
    return await asyncio.shield(resolved_host_task)
           ^^^^^^^^^^^^^^^^^^^^^^^^^^^^^^^^^^^^^^^^
  File "D:\EcoTrack\.venv\Lib\site-packages\aiohttp\connector.py", line 1212, in _resolve_host_with_throttle
    addrs = await self._resolver.resolve(host, port, family=self._family)
            ^^^^^^^^^^^^^^^^^^^^^^^^^^^^^^^^^^^^^^^^^^^^^^^^^^^^^^^^^^^^^
  File "D:\EcoTrack\.venv\Lib\site-packages\aiohttp\resolver.py", line 47, in resolve
    infos = await self._loop.getaddrinfo(
            ^^^^^^^^^^^^^^^^^^^^^^^^^^^^^
  File "C:\Users\JANHAVI TUPE\AppData\Local\Programs\Python\Python311\Lib\asyncio\base_events.py", line 868, in getaddrinfo
    return await self.run_in_executor(
           ^^^^^^^^^^^^^^^^^^^^^^^^^^^
  File "C:\Users\JANHAVI TUPE\AppData\Local\Programs\Python\Python311\Lib\concurrent\futures\thread.py", line 58, in run
    result = self.fn(*self.args, **self.kwargs)
             ^^^^^^^^^^^^^^^^^^^^^^^^^^^^^^^^^^
  File "C:\Users\JANHAVI TUPE\AppData\Local\Programs\Python\Python311\Lib\socket.py", line 962, in getaddrinfo
    for res in _socket.getaddrinfo(host, port, family, type, proto, flags):
               ^^^^^^^^^^^^^^^^^^^^^^^^^^^^^^^^^^^^^^^^^^^^^^^^^^^^^^^^^^^
socket.gaierror: [Errno 11001] getaddrinfo failed

The above exception was the direct cause of the following exception:

Traceback (most recent call last):
  File "D:\EcoTrack\.venv\Lib\site-packages\fsspec\implementations\http.py", line 447, in _info
    await _file_info(
  File "D:\EcoTrack\.venv\Lib\site-packages\fsspec\implementations\http.py", line 861, in _file_info
    r = await session.get(url, allow_redirects=ar, **kwargs)
        ^^^^^^^^^^^^^^^^^^^^^^^^^^^^^^^^^^^^^^^^^^^^^^^^^^^^
  File "D:\EcoTrack\.venv\Lib\site-packages\aiohttp\client.py", line 858, in _request
    resp = await handler(req)
           ^^^^^^^^^^^^^^^^^^
  File "D:\EcoTrack\.venv\Lib\site-packages\aiohttp\client.py", line 812, in _connect_and_send_request
    conn = await self._connector.connect(
           ^^^^^^^^^^^^^^^^^^^^^^^^^^^^^^
  File "D:\EcoTrack\.venv\Lib\site-packages\aiohttp\connector.py", line 657, in connect
    proto = await self._create_connection(req, traces, timeout)
            ^^^^^^^^^^^^^^^^^^^^^^^^^^^^^^^^^^^^^^^^^^^^^^^^^^^
  File "D:\EcoTrack\.venv\Lib\site-packages\aiohttp\connector.py", line 1242, in _create_connection
    _, proto = await self._create_direct_connection(req, traces, timeout)
               ^^^^^^^^^^^^^^^^^^^^^^^^^^^^^^^^^^^^^^^^^^^^^^^^^^^^^^^^^^
  File "D:\EcoTrack\.venv\Lib\site-packages\aiohttp\connector.py", line 1577, in _create_direct_connection
    raise ClientConnectorDNSError(req.connection_key, exc) from exc
aiohttp.client_exceptions.ClientConnectorDNSError: Cannot connect to host data.gesdisc.earthdata.nasa.gov:443 ssl:default [getaddrinfo failed]

The above exception was the direct cause of the following exception:

Traceback (most recent call last):
  File "D:\EcoTrack\.venv\Lib\site-packages\earthaccess\store.py", line 987, in _open_urls_https
    return _open_files(
           ^^^^^^^^^^^^
  File "D:\EcoTrack\.venv\Lib\site-packages\earthaccess\store.py", line 150, in _open_files
    return pqdm(
           ^^^^^
  File "D:\EcoTrack\.venv\Lib\site-packages\pqdm\threads.py", line 22, in pqdm
    return _parallel_process(
           ^^^^^^^^^^^^^^^^^^
  File "D:\EcoTrack\.venv\Lib\site-packages\pqdm\_base.py", line 79, in _parallel_process
    raise e
  File "D:\EcoTrack\.venv\Lib\site-packages\pqdm\_base.py", line 76, in _parallel_process
    results.append(future.result())
                   ^^^^^^^^^^^^^^^
  File "C:\Users\JANHAVI TUPE\AppData\Local\Programs\Python\Python311\Lib\concurrent\futures\_base.py", line 449, in result
    return self.__get_result()
           ^^^^^^^^^^^^^^^^^^^
  File "C:\Users\JANHAVI TUPE\AppData\Local\Programs\Python\Python311\Lib\concurrent\futures\_base.py", line 401, in __get_result
    raise self._exception
  File "C:\Users\JANHAVI TUPE\AppData\Local\Programs\Python\Python311\Lib\concurrent\futures\thread.py", line 58, in run
    result = self.fn(*self.args, **self.kwargs)
             ^^^^^^^^^^^^^^^^^^^^^^^^^^^^^^^^^^
  File "D:\EcoTrack\.venv\Lib\site-packages\earthaccess\store.py", line 137, in multi_thread_open
    f_size = fs.info(url)["size"]
             ^^^^^^^^^^^^
  File "D:\EcoTrack\.venv\Lib\site-packages\fsspec\asyn.py", line 217, in wrapper
    return sync(self.loop, func, *args, **kwargs)
           ^^^^^^^^^^^^^^^^^^^^^^^^^^^^^^^^^^^^^^
  File "D:\EcoTrack\.venv\Lib\site-packages\fsspec\asyn.py", line 106, in sync
    raise return_result
  File "D:\EcoTrack\.venv\Lib\site-packages\fsspec\asyn.py", line 59, in _runner
    result[0] = await coro
                ^^^^^^^^^^
  File "D:\EcoTrack\.venv\Lib\site-packages\fsspec\implementations\http.py", line 460, in _info
    raise FileNotFoundError(url) from exc
FileNotFoundError: https://data.gesdisc.earthdata.nasa.gov/data/OCO2_DATA/OCO2_L2_Lite_FP.11.2r/2023/oco2_LtCO2_231211_B11210Ar_240919183405s.nc4
  [1007/1148] 2023-12-11 FAILED (FileNotFoundError: https://data.gesdisc.earthdata.nasa.gov/data/OCO2_DATA/OCO2_L2_Lite_FP.11.2r/2023/oco2_LtCO2_231211_B11210Ar_240919183405s.nc4) — will retry next run
An exception occurred while trying to access remote files via HTTPS
Traceback (most recent call last):
  File "D:\EcoTrack\.venv\Lib\site-packages\aiohttp\connector.py", line 1571, in _create_direct_connection
    hosts = await self._resolve_host(host, port, traces=traces)
            ^^^^^^^^^^^^^^^^^^^^^^^^^^^^^^^^^^^^^^^^^^^^^^^^^^^
  File "D:\EcoTrack\.venv\Lib\site-packages\aiohttp\connector.py", line 1181, in _resolve_host
    return await asyncio.shield(resolved_host_task)
           ^^^^^^^^^^^^^^^^^^^^^^^^^^^^^^^^^^^^^^^^
  File "D:\EcoTrack\.venv\Lib\site-packages\aiohttp\connector.py", line 1212, in _resolve_host_with_throttle
    addrs = await self._resolver.resolve(host, port, family=self._family)
            ^^^^^^^^^^^^^^^^^^^^^^^^^^^^^^^^^^^^^^^^^^^^^^^^^^^^^^^^^^^^^
  File "D:\EcoTrack\.venv\Lib\site-packages\aiohttp\resolver.py", line 47, in resolve
    infos = await self._loop.getaddrinfo(
            ^^^^^^^^^^^^^^^^^^^^^^^^^^^^^
  File "C:\Users\JANHAVI TUPE\AppData\Local\Programs\Python\Python311\Lib\asyncio\base_events.py", line 868, in getaddrinfo
    return await self.run_in_executor(
           ^^^^^^^^^^^^^^^^^^^^^^^^^^^
  File "C:\Users\JANHAVI TUPE\AppData\Local\Programs\Python\Python311\Lib\concurrent\futures\thread.py", line 58, in run
    result = self.fn(*self.args, **self.kwargs)
             ^^^^^^^^^^^^^^^^^^^^^^^^^^^^^^^^^^
  File "C:\Users\JANHAVI TUPE\AppData\Local\Programs\Python\Python311\Lib\socket.py", line 962, in getaddrinfo
    for res in _socket.getaddrinfo(host, port, family, type, proto, flags):
               ^^^^^^^^^^^^^^^^^^^^^^^^^^^^^^^^^^^^^^^^^^^^^^^^^^^^^^^^^^^
socket.gaierror: [Errno 11001] getaddrinfo failed

The above exception was the direct cause of the following exception:

Traceback (most recent call last):
  File "D:\EcoTrack\.venv\Lib\site-packages\fsspec\implementations\http.py", line 447, in _info
    await _file_info(
  File "D:\EcoTrack\.venv\Lib\site-packages\fsspec\implementations\http.py", line 861, in _file_info
    r = await session.get(url, allow_redirects=ar, **kwargs)
        ^^^^^^^^^^^^^^^^^^^^^^^^^^^^^^^^^^^^^^^^^^^^^^^^^^^^
  File "D:\EcoTrack\.venv\Lib\site-packages\aiohttp\client.py", line 858, in _request
    resp = await handler(req)
           ^^^^^^^^^^^^^^^^^^
  File "D:\EcoTrack\.venv\Lib\site-packages\aiohttp\client.py", line 812, in _connect_and_send_request
    conn = await self._connector.connect(
           ^^^^^^^^^^^^^^^^^^^^^^^^^^^^^^
  File "D:\EcoTrack\.venv\Lib\site-packages\aiohttp\connector.py", line 657, in connect
    proto = await self._create_connection(req, traces, timeout)
            ^^^^^^^^^^^^^^^^^^^^^^^^^^^^^^^^^^^^^^^^^^^^^^^^^^^
  File "D:\EcoTrack\.venv\Lib\site-packages\aiohttp\connector.py", line 1242, in _create_connection
    _, proto = await self._create_direct_connection(req, traces, timeout)
               ^^^^^^^^^^^^^^^^^^^^^^^^^^^^^^^^^^^^^^^^^^^^^^^^^^^^^^^^^^
  File "D:\EcoTrack\.venv\Lib\site-packages\aiohttp\connector.py", line 1577, in _create_direct_connection
    raise ClientConnectorDNSError(req.connection_key, exc) from exc
aiohttp.client_exceptions.ClientConnectorDNSError: Cannot connect to host data.gesdisc.earthdata.nasa.gov:443 ssl:default [getaddrinfo failed]

The above exception was the direct cause of the following exception:

Traceback (most recent call last):
  File "D:\EcoTrack\.venv\Lib\site-packages\earthaccess\store.py", line 987, in _open_urls_https
    return _open_files(
           ^^^^^^^^^^^^
  File "D:\EcoTrack\.venv\Lib\site-packages\earthaccess\store.py", line 150, in _open_files
    return pqdm(
           ^^^^^
  File "D:\EcoTrack\.venv\Lib\site-packages\pqdm\threads.py", line 22, in pqdm
    return _parallel_process(
           ^^^^^^^^^^^^^^^^^^
  File "D:\EcoTrack\.venv\Lib\site-packages\pqdm\_base.py", line 79, in _parallel_process
    raise e
  File "D:\EcoTrack\.venv\Lib\site-packages\pqdm\_base.py", line 76, in _parallel_process
    results.append(future.result())
                   ^^^^^^^^^^^^^^^
  File "C:\Users\JANHAVI TUPE\AppData\Local\Programs\Python\Python311\Lib\concurrent\futures\_base.py", line 449, in result
    return self.__get_result()
           ^^^^^^^^^^^^^^^^^^^
  File "C:\Users\JANHAVI TUPE\AppData\Local\Programs\Python\Python311\Lib\concurrent\futures\_base.py", line 401, in __get_result
    raise self._exception
  File "C:\Users\JANHAVI TUPE\AppData\Local\Programs\Python\Python311\Lib\concurrent\futures\thread.py", line 58, in run
    result = self.fn(*self.args, **self.kwargs)
             ^^^^^^^^^^^^^^^^^^^^^^^^^^^^^^^^^^
  File "D:\EcoTrack\.venv\Lib\site-packages\earthaccess\store.py", line 137, in multi_thread_open
    f_size = fs.info(url)["size"]
             ^^^^^^^^^^^^
  File "D:\EcoTrack\.venv\Lib\site-packages\fsspec\asyn.py", line 217, in wrapper
    return sync(self.loop, func, *args, **kwargs)
           ^^^^^^^^^^^^^^^^^^^^^^^^^^^^^^^^^^^^^^
  File "D:\EcoTrack\.venv\Lib\site-packages\fsspec\asyn.py", line 106, in sync
    raise return_result
  File "D:\EcoTrack\.venv\Lib\site-packages\fsspec\asyn.py", line 59, in _runner
    result[0] = await coro
                ^^^^^^^^^^
  File "D:\EcoTrack\.venv\Lib\site-packages\fsspec\implementations\http.py", line 460, in _info
    raise FileNotFoundError(url) from exc
FileNotFoundError: https://data.gesdisc.earthdata.nasa.gov/data/OCO2_DATA/OCO2_L2_Lite_FP.11.2r/2023/oco2_LtCO2_231212_B11210Ar_240919183434s.nc4
  [1008/1148] 2023-12-12 FAILED (FileNotFoundError: https://data.gesdisc.earthdata.nasa.gov/data/OCO2_DATA/OCO2_L2_Lite_FP.11.2r/2023/oco2_LtCO2_231212_B11210Ar_240919183434s.nc4) — will retry next run
An exception occurred while trying to access remote files via HTTPS
Traceback (most recent call last):
  File "D:\EcoTrack\.venv\Lib\site-packages\aiohttp\connector.py", line 1571, in _create_direct_connection
    hosts = await self._resolve_host(host, port, traces=traces)
            ^^^^^^^^^^^^^^^^^^^^^^^^^^^^^^^^^^^^^^^^^^^^^^^^^^^
  File "D:\EcoTrack\.venv\Lib\site-packages\aiohttp\connector.py", line 1181, in _resolve_host
    return await asyncio.shield(resolved_host_task)
           ^^^^^^^^^^^^^^^^^^^^^^^^^^^^^^^^^^^^^^^^
  File "D:\EcoTrack\.venv\Lib\site-packages\aiohttp\connector.py", line 1212, in _resolve_host_with_throttle
    addrs = await self._resolver.resolve(host, port, family=self._family)
            ^^^^^^^^^^^^^^^^^^^^^^^^^^^^^^^^^^^^^^^^^^^^^^^^^^^^^^^^^^^^^
  File "D:\EcoTrack\.venv\Lib\site-packages\aiohttp\resolver.py", line 47, in resolve
    infos = await self._loop.getaddrinfo(
            ^^^^^^^^^^^^^^^^^^^^^^^^^^^^^
  File "C:\Users\JANHAVI TUPE\AppData\Local\Programs\Python\Python311\Lib\asyncio\base_events.py", line 868, in getaddrinfo
    return await self.run_in_executor(
           ^^^^^^^^^^^^^^^^^^^^^^^^^^^
  File "C:\Users\JANHAVI TUPE\AppData\Local\Programs\Python\Python311\Lib\concurrent\futures\thread.py", line 58, in run
    result = self.fn(*self.args, **self.kwargs)
             ^^^^^^^^^^^^^^^^^^^^^^^^^^^^^^^^^^
  File "C:\Users\JANHAVI TUPE\AppData\Local\Programs\Python\Python311\Lib\socket.py", line 962, in getaddrinfo
    for res in _socket.getaddrinfo(host, port, family, type, proto, flags):
               ^^^^^^^^^^^^^^^^^^^^^^^^^^^^^^^^^^^^^^^^^^^^^^^^^^^^^^^^^^^
socket.gaierror: [Errno 11001] getaddrinfo failed

The above exception was the direct cause of the following exception:

Traceback (most recent call last):
  File "D:\EcoTrack\.venv\Lib\site-packages\fsspec\implementations\http.py", line 447, in _info
    await _file_info(
  File "D:\EcoTrack\.venv\Lib\site-packages\fsspec\implementations\http.py", line 861, in _file_info
    r = await session.get(url, allow_redirects=ar, **kwargs)
        ^^^^^^^^^^^^^^^^^^^^^^^^^^^^^^^^^^^^^^^^^^^^^^^^^^^^
  File "D:\EcoTrack\.venv\Lib\site-packages\aiohttp\client.py", line 858, in _request
    resp = await handler(req)
           ^^^^^^^^^^^^^^^^^^
  File "D:\EcoTrack\.venv\Lib\site-packages\aiohttp\client.py", line 812, in _connect_and_send_request
    conn = await self._connector.connect(
           ^^^^^^^^^^^^^^^^^^^^^^^^^^^^^^
  File "D:\EcoTrack\.venv\Lib\site-packages\aiohttp\connector.py", line 657, in connect
    proto = await self._create_connection(req, traces, timeout)
            ^^^^^^^^^^^^^^^^^^^^^^^^^^^^^^^^^^^^^^^^^^^^^^^^^^^
  File "D:\EcoTrack\.venv\Lib\site-packages\aiohttp\connector.py", line 1242, in _create_connection
    _, proto = await self._create_direct_connection(req, traces, timeout)
               ^^^^^^^^^^^^^^^^^^^^^^^^^^^^^^^^^^^^^^^^^^^^^^^^^^^^^^^^^^
  File "D:\EcoTrack\.venv\Lib\site-packages\aiohttp\connector.py", line 1577, in _create_direct_connection
    raise ClientConnectorDNSError(req.connection_key, exc) from exc
aiohttp.client_exceptions.ClientConnectorDNSError: Cannot connect to host data.gesdisc.earthdata.nasa.gov:443 ssl:default [getaddrinfo failed]

The above exception was the direct cause of the following exception:

Traceback (most recent call last):
  File "D:\EcoTrack\.venv\Lib\site-packages\earthaccess\store.py", line 987, in _open_urls_https
    return _open_files(
           ^^^^^^^^^^^^
  File "D:\EcoTrack\.venv\Lib\site-packages\earthaccess\store.py", line 150, in _open_files
    return pqdm(
           ^^^^^
  File "D:\EcoTrack\.venv\Lib\site-packages\pqdm\threads.py", line 22, in pqdm
    return _parallel_process(
           ^^^^^^^^^^^^^^^^^^
  File "D:\EcoTrack\.venv\Lib\site-packages\pqdm\_base.py", line 79, in _parallel_process
    raise e
  File "D:\EcoTrack\.venv\Lib\site-packages\pqdm\_base.py", line 76, in _parallel_process
    results.append(future.result())
                   ^^^^^^^^^^^^^^^
  File "C:\Users\JANHAVI TUPE\AppData\Local\Programs\Python\Python311\Lib\concurrent\futures\_base.py", line 449, in result
    return self.__get_result()
           ^^^^^^^^^^^^^^^^^^^
  File "C:\Users\JANHAVI TUPE\AppData\Local\Programs\Python\Python311\Lib\concurrent\futures\_base.py", line 401, in __get_result
    raise self._exception
  File "C:\Users\JANHAVI TUPE\AppData\Local\Programs\Python\Python311\Lib\concurrent\futures\thread.py", line 58, in run
    result = self.fn(*self.args, **self.kwargs)
             ^^^^^^^^^^^^^^^^^^^^^^^^^^^^^^^^^^
  File "D:\EcoTrack\.venv\Lib\site-packages\earthaccess\store.py", line 137, in multi_thread_open
    f_size = fs.info(url)["size"]
             ^^^^^^^^^^^^
  File "D:\EcoTrack\.venv\Lib\site-packages\fsspec\asyn.py", line 217, in wrapper
    return sync(self.loop, func, *args, **kwargs)
           ^^^^^^^^^^^^^^^^^^^^^^^^^^^^^^^^^^^^^^
  File "D:\EcoTrack\.venv\Lib\site-packages\fsspec\asyn.py", line 106, in sync
    raise return_result
  File "D:\EcoTrack\.venv\Lib\site-packages\fsspec\asyn.py", line 59, in _runner
    result[0] = await coro
                ^^^^^^^^^^
  File "D:\EcoTrack\.venv\Lib\site-packages\fsspec\implementations\http.py", line 460, in _info
    raise FileNotFoundError(url) from exc
FileNotFoundError: https://data.gesdisc.earthdata.nasa.gov/data/OCO2_DATA/OCO2_L2_Lite_FP.11.2r/2023/oco2_LtCO2_231213_B11210Ar_240919183501s.nc4
  [1009/1148] 2023-12-13 FAILED (FileNotFoundError: https://data.gesdisc.earthdata.nasa.gov/data/OCO2_DATA/OCO2_L2_Lite_FP.11.2r/2023/oco2_LtCO2_231213_B11210Ar_240919183501s.nc4) — will retry next run
An exception occurred while trying to access remote files via HTTPS
Traceback (most recent call last):
  File "D:\EcoTrack\.venv\Lib\site-packages\aiohttp\connector.py", line 1571, in _create_direct_connection
    hosts = await self._resolve_host(host, port, traces=traces)
            ^^^^^^^^^^^^^^^^^^^^^^^^^^^^^^^^^^^^^^^^^^^^^^^^^^^
  File "D:\EcoTrack\.venv\Lib\site-packages\aiohttp\connector.py", line 1181, in _resolve_host
    return await asyncio.shield(resolved_host_task)
           ^^^^^^^^^^^^^^^^^^^^^^^^^^^^^^^^^^^^^^^^
  File "D:\EcoTrack\.venv\Lib\site-packages\aiohttp\connector.py", line 1212, in _resolve_host_with_throttle
    addrs = await self._resolver.resolve(host, port, family=self._family)
            ^^^^^^^^^^^^^^^^^^^^^^^^^^^^^^^^^^^^^^^^^^^^^^^^^^^^^^^^^^^^^
  File "D:\EcoTrack\.venv\Lib\site-packages\aiohttp\resolver.py", line 47, in resolve
    infos = await self._loop.getaddrinfo(
            ^^^^^^^^^^^^^^^^^^^^^^^^^^^^^
  File "C:\Users\JANHAVI TUPE\AppData\Local\Programs\Python\Python311\Lib\asyncio\base_events.py", line 868, in getaddrinfo
    return await self.run_in_executor(
           ^^^^^^^^^^^^^^^^^^^^^^^^^^^
  File "C:\Users\JANHAVI TUPE\AppData\Local\Programs\Python\Python311\Lib\concurrent\futures\thread.py", line 58, in run
    result = self.fn(*self.args, **self.kwargs)
             ^^^^^^^^^^^^^^^^^^^^^^^^^^^^^^^^^^
  File "C:\Users\JANHAVI TUPE\AppData\Local\Programs\Python\Python311\Lib\socket.py", line 962, in getaddrinfo
    for res in _socket.getaddrinfo(host, port, family, type, proto, flags):
               ^^^^^^^^^^^^^^^^^^^^^^^^^^^^^^^^^^^^^^^^^^^^^^^^^^^^^^^^^^^
socket.gaierror: [Errno 11001] getaddrinfo failed

The above exception was the direct cause of the following exception:

Traceback (most recent call last):
  File "D:\EcoTrack\.venv\Lib\site-packages\fsspec\implementations\http.py", line 447, in _info
    await _file_info(
  File "D:\EcoTrack\.venv\Lib\site-packages\fsspec\implementations\http.py", line 861, in _file_info
    r = await session.get(url, allow_redirects=ar, **kwargs)
        ^^^^^^^^^^^^^^^^^^^^^^^^^^^^^^^^^^^^^^^^^^^^^^^^^^^^
  File "D:\EcoTrack\.venv\Lib\site-packages\aiohttp\client.py", line 858, in _request
    resp = await handler(req)
           ^^^^^^^^^^^^^^^^^^
  File "D:\EcoTrack\.venv\Lib\site-packages\aiohttp\client.py", line 812, in _connect_and_send_request
    conn = await self._connector.connect(
           ^^^^^^^^^^^^^^^^^^^^^^^^^^^^^^
  File "D:\EcoTrack\.venv\Lib\site-packages\aiohttp\connector.py", line 657, in connect
    proto = await self._create_connection(req, traces, timeout)
            ^^^^^^^^^^^^^^^^^^^^^^^^^^^^^^^^^^^^^^^^^^^^^^^^^^^
  File "D:\EcoTrack\.venv\Lib\site-packages\aiohttp\connector.py", line 1242, in _create_connection
    _, proto = await self._create_direct_connection(req, traces, timeout)
               ^^^^^^^^^^^^^^^^^^^^^^^^^^^^^^^^^^^^^^^^^^^^^^^^^^^^^^^^^^
  File "D:\EcoTrack\.venv\Lib\site-packages\aiohttp\connector.py", line 1577, in _create_direct_connection
    raise ClientConnectorDNSError(req.connection_key, exc) from exc
aiohttp.client_exceptions.ClientConnectorDNSError: Cannot connect to host data.gesdisc.earthdata.nasa.gov:443 ssl:default [getaddrinfo failed]

The above exception was the direct cause of the following exception:

Traceback (most recent call last):
  File "D:\EcoTrack\.venv\Lib\site-packages\earthaccess\store.py", line 987, in _open_urls_https
    return _open_files(
           ^^^^^^^^^^^^
  File "D:\EcoTrack\.venv\Lib\site-packages\earthaccess\store.py", line 150, in _open_files
    return pqdm(
           ^^^^^
  File "D:\EcoTrack\.venv\Lib\site-packages\pqdm\threads.py", line 22, in pqdm
    return _parallel_process(
           ^^^^^^^^^^^^^^^^^^
  File "D:\EcoTrack\.venv\Lib\site-packages\pqdm\_base.py", line 79, in _parallel_process
    raise e
  File "D:\EcoTrack\.venv\Lib\site-packages\pqdm\_base.py", line 76, in _parallel_process
    results.append(future.result())
                   ^^^^^^^^^^^^^^^
  File "C:\Users\JANHAVI TUPE\AppData\Local\Programs\Python\Python311\Lib\concurrent\futures\_base.py", line 449, in result
    return self.__get_result()
           ^^^^^^^^^^^^^^^^^^^
  File "C:\Users\JANHAVI TUPE\AppData\Local\Programs\Python\Python311\Lib\concurrent\futures\_base.py", line 401, in __get_result
    raise self._exception
  File "C:\Users\JANHAVI TUPE\AppData\Local\Programs\Python\Python311\Lib\concurrent\futures\thread.py", line 58, in run
    result = self.fn(*self.args, **self.kwargs)
             ^^^^^^^^^^^^^^^^^^^^^^^^^^^^^^^^^^
  File "D:\EcoTrack\.venv\Lib\site-packages\earthaccess\store.py", line 137, in multi_thread_open
    f_size = fs.info(url)["size"]
             ^^^^^^^^^^^^
  File "D:\EcoTrack\.venv\Lib\site-packages\fsspec\asyn.py", line 217, in wrapper
    return sync(self.loop, func, *args, **kwargs)
           ^^^^^^^^^^^^^^^^^^^^^^^^^^^^^^^^^^^^^^
  File "D:\EcoTrack\.venv\Lib\site-packages\fsspec\asyn.py", line 106, in sync
    raise return_result
  File "D:\EcoTrack\.venv\Lib\site-packages\fsspec\asyn.py", line 59, in _runner
    result[0] = await coro
                ^^^^^^^^^^
  File "D:\EcoTrack\.venv\Lib\site-packages\fsspec\implementations\http.py", line 460, in _info
    raise FileNotFoundError(url) from exc
FileNotFoundError: https://data.gesdisc.earthdata.nasa.gov/data/OCO2_DATA/OCO2_L2_Lite_FP.11.2r/2023/oco2_LtCO2_231214_B11210Ar_240919183628s.nc4
  [1010/1148] 2023-12-14 FAILED (FileNotFoundError: https://data.gesdisc.earthdata.nasa.gov/data/OCO2_DATA/OCO2_L2_Lite_FP.11.2r/2023/oco2_LtCO2_231214_B11210Ar_240919183628s.nc4) — will retry next run
An exception occurred while trying to access remote files via HTTPS
Traceback (most recent call last):
  File "D:\EcoTrack\.venv\Lib\site-packages\aiohttp\connector.py", line 1571, in _create_direct_connection
    hosts = await self._resolve_host(host, port, traces=traces)
            ^^^^^^^^^^^^^^^^^^^^^^^^^^^^^^^^^^^^^^^^^^^^^^^^^^^
  File "D:\EcoTrack\.venv\Lib\site-packages\aiohttp\connector.py", line 1181, in _resolve_host
    return await asyncio.shield(resolved_host_task)
           ^^^^^^^^^^^^^^^^^^^^^^^^^^^^^^^^^^^^^^^^
  File "D:\EcoTrack\.venv\Lib\site-packages\aiohttp\connector.py", line 1212, in _resolve_host_with_throttle
    addrs = await self._resolver.resolve(host, port, family=self._family)
            ^^^^^^^^^^^^^^^^^^^^^^^^^^^^^^^^^^^^^^^^^^^^^^^^^^^^^^^^^^^^^
  File "D:\EcoTrack\.venv\Lib\site-packages\aiohttp\resolver.py", line 47, in resolve
    infos = await self._loop.getaddrinfo(
            ^^^^^^^^^^^^^^^^^^^^^^^^^^^^^
  File "C:\Users\JANHAVI TUPE\AppData\Local\Programs\Python\Python311\Lib\asyncio\base_events.py", line 868, in getaddrinfo
    return await self.run_in_executor(
           ^^^^^^^^^^^^^^^^^^^^^^^^^^^
  File "C:\Users\JANHAVI TUPE\AppData\Local\Programs\Python\Python311\Lib\concurrent\futures\thread.py", line 58, in run
    result = self.fn(*self.args, **self.kwargs)
             ^^^^^^^^^^^^^^^^^^^^^^^^^^^^^^^^^^
  File "C:\Users\JANHAVI TUPE\AppData\Local\Programs\Python\Python311\Lib\socket.py", line 962, in getaddrinfo
    for res in _socket.getaddrinfo(host, port, family, type, proto, flags):
               ^^^^^^^^^^^^^^^^^^^^^^^^^^^^^^^^^^^^^^^^^^^^^^^^^^^^^^^^^^^
socket.gaierror: [Errno 11001] getaddrinfo failed

The above exception was the direct cause of the following exception:

Traceback (most recent call last):
  File "D:\EcoTrack\.venv\Lib\site-packages\fsspec\implementations\http.py", line 447, in _info
    await _file_info(
  File "D:\EcoTrack\.venv\Lib\site-packages\fsspec\implementations\http.py", line 861, in _file_info
    r = await session.get(url, allow_redirects=ar, **kwargs)
        ^^^^^^^^^^^^^^^^^^^^^^^^^^^^^^^^^^^^^^^^^^^^^^^^^^^^
  File "D:\EcoTrack\.venv\Lib\site-packages\aiohttp\client.py", line 858, in _request
    resp = await handler(req)
           ^^^^^^^^^^^^^^^^^^
  File "D:\EcoTrack\.venv\Lib\site-packages\aiohttp\client.py", line 812, in _connect_and_send_request
    conn = await self._connector.connect(
           ^^^^^^^^^^^^^^^^^^^^^^^^^^^^^^
  File "D:\EcoTrack\.venv\Lib\site-packages\aiohttp\connector.py", line 657, in connect
    proto = await self._create_connection(req, traces, timeout)
            ^^^^^^^^^^^^^^^^^^^^^^^^^^^^^^^^^^^^^^^^^^^^^^^^^^^
  File "D:\EcoTrack\.venv\Lib\site-packages\aiohttp\connector.py", line 1242, in _create_connection
    _, proto = await self._create_direct_connection(req, traces, timeout)
               ^^^^^^^^^^^^^^^^^^^^^^^^^^^^^^^^^^^^^^^^^^^^^^^^^^^^^^^^^^
  File "D:\EcoTrack\.venv\Lib\site-packages\aiohttp\connector.py", line 1577, in _create_direct_connection
    raise ClientConnectorDNSError(req.connection_key, exc) from exc
aiohttp.client_exceptions.ClientConnectorDNSError: Cannot connect to host data.gesdisc.earthdata.nasa.gov:443 ssl:default [getaddrinfo failed]

The above exception was the direct cause of the following exception:

Traceback (most recent call last):
  File "D:\EcoTrack\.venv\Lib\site-packages\earthaccess\store.py", line 987, in _open_urls_https
    return _open_files(
           ^^^^^^^^^^^^
  File "D:\EcoTrack\.venv\Lib\site-packages\earthaccess\store.py", line 150, in _open_files
    return pqdm(
           ^^^^^
  File "D:\EcoTrack\.venv\Lib\site-packages\pqdm\threads.py", line 22, in pqdm
    return _parallel_process(
           ^^^^^^^^^^^^^^^^^^
  File "D:\EcoTrack\.venv\Lib\site-packages\pqdm\_base.py", line 79, in _parallel_process
    raise e
  File "D:\EcoTrack\.venv\Lib\site-packages\pqdm\_base.py", line 76, in _parallel_process
    results.append(future.result())
                   ^^^^^^^^^^^^^^^
  File "C:\Users\JANHAVI TUPE\AppData\Local\Programs\Python\Python311\Lib\concurrent\futures\_base.py", line 449, in result
    return self.__get_result()
           ^^^^^^^^^^^^^^^^^^^
  File "C:\Users\JANHAVI TUPE\AppData\Local\Programs\Python\Python311\Lib\concurrent\futures\_base.py", line 401, in __get_result
    raise self._exception
  File "C:\Users\JANHAVI TUPE\AppData\Local\Programs\Python\Python311\Lib\concurrent\futures\thread.py", line 58, in run
    result = self.fn(*self.args, **self.kwargs)
             ^^^^^^^^^^^^^^^^^^^^^^^^^^^^^^^^^^
  File "D:\EcoTrack\.venv\Lib\site-packages\earthaccess\store.py", line 137, in multi_thread_open
    f_size = fs.info(url)["size"]
             ^^^^^^^^^^^^
  File "D:\EcoTrack\.venv\Lib\site-packages\fsspec\asyn.py", line 217, in wrapper
    return sync(self.loop, func, *args, **kwargs)
           ^^^^^^^^^^^^^^^^^^^^^^^^^^^^^^^^^^^^^^
  File "D:\EcoTrack\.venv\Lib\site-packages\fsspec\asyn.py", line 106, in sync
    raise return_result
  File "D:\EcoTrack\.venv\Lib\site-packages\fsspec\asyn.py", line 59, in _runner
    result[0] = await coro
                ^^^^^^^^^^
  File "D:\EcoTrack\.venv\Lib\site-packages\fsspec\implementations\http.py", line 460, in _info
    raise FileNotFoundError(url) from exc
FileNotFoundError: https://data.gesdisc.earthdata.nasa.gov/data/OCO2_DATA/OCO2_L2_Lite_FP.11.2r/2023/oco2_LtCO2_231215_B11210Ar_240919183709s.nc4
  [1011/1148] 2023-12-15 FAILED (FileNotFoundError: https://data.gesdisc.earthdata.nasa.gov/data/OCO2_DATA/OCO2_L2_Lite_FP.11.2r/2023/oco2_LtCO2_231215_B11210Ar_240919183709s.nc4) — will retry next run
An exception occurred while trying to access remote files via HTTPS
Traceback (most recent call last):
  File "D:\EcoTrack\.venv\Lib\site-packages\aiohttp\connector.py", line 1571, in _create_direct_connection
    hosts = await self._resolve_host(host, port, traces=traces)
            ^^^^^^^^^^^^^^^^^^^^^^^^^^^^^^^^^^^^^^^^^^^^^^^^^^^
  File "D:\EcoTrack\.venv\Lib\site-packages\aiohttp\connector.py", line 1181, in _resolve_host
    return await asyncio.shield(resolved_host_task)
           ^^^^^^^^^^^^^^^^^^^^^^^^^^^^^^^^^^^^^^^^
  File "D:\EcoTrack\.venv\Lib\site-packages\aiohttp\connector.py", line 1212, in _resolve_host_with_throttle
    addrs = await self._resolver.resolve(host, port, family=self._family)
            ^^^^^^^^^^^^^^^^^^^^^^^^^^^^^^^^^^^^^^^^^^^^^^^^^^^^^^^^^^^^^
  File "D:\EcoTrack\.venv\Lib\site-packages\aiohttp\resolver.py", line 47, in resolve
    infos = await self._loop.getaddrinfo(
            ^^^^^^^^^^^^^^^^^^^^^^^^^^^^^
  File "C:\Users\JANHAVI TUPE\AppData\Local\Programs\Python\Python311\Lib\asyncio\base_events.py", line 868, in getaddrinfo
    return await self.run_in_executor(
           ^^^^^^^^^^^^^^^^^^^^^^^^^^^
  File "C:\Users\JANHAVI TUPE\AppData\Local\Programs\Python\Python311\Lib\concurrent\futures\thread.py", line 58, in run
    result = self.fn(*self.args, **self.kwargs)
             ^^^^^^^^^^^^^^^^^^^^^^^^^^^^^^^^^^
  File "C:\Users\JANHAVI TUPE\AppData\Local\Programs\Python\Python311\Lib\socket.py", line 962, in getaddrinfo
    for res in _socket.getaddrinfo(host, port, family, type, proto, flags):
               ^^^^^^^^^^^^^^^^^^^^^^^^^^^^^^^^^^^^^^^^^^^^^^^^^^^^^^^^^^^
socket.gaierror: [Errno 11001] getaddrinfo failed

The above exception was the direct cause of the following exception:

Traceback (most recent call last):
  File "D:\EcoTrack\.venv\Lib\site-packages\fsspec\implementations\http.py", line 447, in _info
    await _file_info(
  File "D:\EcoTrack\.venv\Lib\site-packages\fsspec\implementations\http.py", line 861, in _file_info
    r = await session.get(url, allow_redirects=ar, **kwargs)
        ^^^^^^^^^^^^^^^^^^^^^^^^^^^^^^^^^^^^^^^^^^^^^^^^^^^^
  File "D:\EcoTrack\.venv\Lib\site-packages\aiohttp\client.py", line 858, in _request
    resp = await handler(req)
           ^^^^^^^^^^^^^^^^^^
  File "D:\EcoTrack\.venv\Lib\site-packages\aiohttp\client.py", line 812, in _connect_and_send_request
    conn = await self._connector.connect(
           ^^^^^^^^^^^^^^^^^^^^^^^^^^^^^^
  File "D:\EcoTrack\.venv\Lib\site-packages\aiohttp\connector.py", line 657, in connect
    proto = await self._create_connection(req, traces, timeout)
            ^^^^^^^^^^^^^^^^^^^^^^^^^^^^^^^^^^^^^^^^^^^^^^^^^^^
  File "D:\EcoTrack\.venv\Lib\site-packages\aiohttp\connector.py", line 1242, in _create_connection
    _, proto = await self._create_direct_connection(req, traces, timeout)
               ^^^^^^^^^^^^^^^^^^^^^^^^^^^^^^^^^^^^^^^^^^^^^^^^^^^^^^^^^^
  File "D:\EcoTrack\.venv\Lib\site-packages\aiohttp\connector.py", line 1577, in _create_direct_connection
    raise ClientConnectorDNSError(req.connection_key, exc) from exc
aiohttp.client_exceptions.ClientConnectorDNSError: Cannot connect to host data.gesdisc.earthdata.nasa.gov:443 ssl:default [getaddrinfo failed]

The above exception was the direct cause of the following exception:

Traceback (most recent call last):
  File "D:\EcoTrack\.venv\Lib\site-packages\earthaccess\store.py", line 987, in _open_urls_https
    return _open_files(
           ^^^^^^^^^^^^
  File "D:\EcoTrack\.venv\Lib\site-packages\earthaccess\store.py", line 150, in _open_files
    return pqdm(
           ^^^^^
  File "D:\EcoTrack\.venv\Lib\site-packages\pqdm\threads.py", line 22, in pqdm
    return _parallel_process(
           ^^^^^^^^^^^^^^^^^^
  File "D:\EcoTrack\.venv\Lib\site-packages\pqdm\_base.py", line 79, in _parallel_process
    raise e
  File "D:\EcoTrack\.venv\Lib\site-packages\pqdm\_base.py", line 76, in _parallel_process
    results.append(future.result())
                   ^^^^^^^^^^^^^^^
  File "C:\Users\JANHAVI TUPE\AppData\Local\Programs\Python\Python311\Lib\concurrent\futures\_base.py", line 449, in result
    return self.__get_result()
           ^^^^^^^^^^^^^^^^^^^
  File "C:\Users\JANHAVI TUPE\AppData\Local\Programs\Python\Python311\Lib\concurrent\futures\_base.py", line 401, in __get_result
    raise self._exception
  File "C:\Users\JANHAVI TUPE\AppData\Local\Programs\Python\Python311\Lib\concurrent\futures\thread.py", line 58, in run
    result = self.fn(*self.args, **self.kwargs)
             ^^^^^^^^^^^^^^^^^^^^^^^^^^^^^^^^^^
  File "D:\EcoTrack\.venv\Lib\site-packages\earthaccess\store.py", line 137, in multi_thread_open
    f_size = fs.info(url)["size"]
             ^^^^^^^^^^^^
  File "D:\EcoTrack\.venv\Lib\site-packages\fsspec\asyn.py", line 217, in wrapper
    return sync(self.loop, func, *args, **kwargs)
           ^^^^^^^^^^^^^^^^^^^^^^^^^^^^^^^^^^^^^^
  File "D:\EcoTrack\.venv\Lib\site-packages\fsspec\asyn.py", line 106, in sync
    raise return_result
  File "D:\EcoTrack\.venv\Lib\site-packages\fsspec\asyn.py", line 59, in _runner
    result[0] = await coro
                ^^^^^^^^^^
  File "D:\EcoTrack\.venv\Lib\site-packages\fsspec\implementations\http.py", line 460, in _info
    raise FileNotFoundError(url) from exc
FileNotFoundError: https://data.gesdisc.earthdata.nasa.gov/data/OCO2_DATA/OCO2_L2_Lite_FP.11.2r/2023/oco2_LtCO2_231217_B11210Ar_240919183756s.nc4
  [1012/1148] 2023-12-17 FAILED (FileNotFoundError: https://data.gesdisc.earthdata.nasa.gov/data/OCO2_DATA/OCO2_L2_Lite_FP.11.2r/2023/oco2_LtCO2_231217_B11210Ar_240919183756s.nc4) — will retry next run
An exception occurred while trying to access remote files via HTTPS
Traceback (most recent call last):
  File "D:\EcoTrack\.venv\Lib\site-packages\aiohttp\connector.py", line 1571, in _create_direct_connection
    hosts = await self._resolve_host(host, port, traces=traces)
            ^^^^^^^^^^^^^^^^^^^^^^^^^^^^^^^^^^^^^^^^^^^^^^^^^^^
  File "D:\EcoTrack\.venv\Lib\site-packages\aiohttp\connector.py", line 1181, in _resolve_host
    return await asyncio.shield(resolved_host_task)
           ^^^^^^^^^^^^^^^^^^^^^^^^^^^^^^^^^^^^^^^^
  File "D:\EcoTrack\.venv\Lib\site-packages\aiohttp\connector.py", line 1212, in _resolve_host_with_throttle
    addrs = await self._resolver.resolve(host, port, family=self._family)
            ^^^^^^^^^^^^^^^^^^^^^^^^^^^^^^^^^^^^^^^^^^^^^^^^^^^^^^^^^^^^^
  File "D:\EcoTrack\.venv\Lib\site-packages\aiohttp\resolver.py", line 47, in resolve
    infos = await self._loop.getaddrinfo(
            ^^^^^^^^^^^^^^^^^^^^^^^^^^^^^
  File "C:\Users\JANHAVI TUPE\AppData\Local\Programs\Python\Python311\Lib\asyncio\base_events.py", line 868, in getaddrinfo
    return await self.run_in_executor(
           ^^^^^^^^^^^^^^^^^^^^^^^^^^^
  File "C:\Users\JANHAVI TUPE\AppData\Local\Programs\Python\Python311\Lib\concurrent\futures\thread.py", line 58, in run
    result = self.fn(*self.args, **self.kwargs)
             ^^^^^^^^^^^^^^^^^^^^^^^^^^^^^^^^^^
  File "C:\Users\JANHAVI TUPE\AppData\Local\Programs\Python\Python311\Lib\socket.py", line 962, in getaddrinfo
    for res in _socket.getaddrinfo(host, port, family, type, proto, flags):
               ^^^^^^^^^^^^^^^^^^^^^^^^^^^^^^^^^^^^^^^^^^^^^^^^^^^^^^^^^^^
socket.gaierror: [Errno 11001] getaddrinfo failed

The above exception was the direct cause of the following exception:

Traceback (most recent call last):
  File "D:\EcoTrack\.venv\Lib\site-packages\fsspec\implementations\http.py", line 447, in _info
    await _file_info(
  File "D:\EcoTrack\.venv\Lib\site-packages\fsspec\implementations\http.py", line 861, in _file_info
    r = await session.get(url, allow_redirects=ar, **kwargs)
        ^^^^^^^^^^^^^^^^^^^^^^^^^^^^^^^^^^^^^^^^^^^^^^^^^^^^
  File "D:\EcoTrack\.venv\Lib\site-packages\aiohttp\client.py", line 858, in _request
    resp = await handler(req)
           ^^^^^^^^^^^^^^^^^^
  File "D:\EcoTrack\.venv\Lib\site-packages\aiohttp\client.py", line 812, in _connect_and_send_request
    conn = await self._connector.connect(
           ^^^^^^^^^^^^^^^^^^^^^^^^^^^^^^
  File "D:\EcoTrack\.venv\Lib\site-packages\aiohttp\connector.py", line 657, in connect
    proto = await self._create_connection(req, traces, timeout)
            ^^^^^^^^^^^^^^^^^^^^^^^^^^^^^^^^^^^^^^^^^^^^^^^^^^^
  File "D:\EcoTrack\.venv\Lib\site-packages\aiohttp\connector.py", line 1242, in _create_connection
    _, proto = await self._create_direct_connection(req, traces, timeout)
               ^^^^^^^^^^^^^^^^^^^^^^^^^^^^^^^^^^^^^^^^^^^^^^^^^^^^^^^^^^
  File "D:\EcoTrack\.venv\Lib\site-packages\aiohttp\connector.py", line 1577, in _create_direct_connection
    raise ClientConnectorDNSError(req.connection_key, exc) from exc
aiohttp.client_exceptions.ClientConnectorDNSError: Cannot connect to host data.gesdisc.earthdata.nasa.gov:443 ssl:default [getaddrinfo failed]

The above exception was the direct cause of the following exception:

Traceback (most recent call last):
  File "D:\EcoTrack\.venv\Lib\site-packages\earthaccess\store.py", line 987, in _open_urls_https
    return _open_files(
           ^^^^^^^^^^^^
  File "D:\EcoTrack\.venv\Lib\site-packages\earthaccess\store.py", line 150, in _open_files
    return pqdm(
           ^^^^^
  File "D:\EcoTrack\.venv\Lib\site-packages\pqdm\threads.py", line 22, in pqdm
    return _parallel_process(
           ^^^^^^^^^^^^^^^^^^
  File "D:\EcoTrack\.venv\Lib\site-packages\pqdm\_base.py", line 79, in _parallel_process
    raise e
  File "D:\EcoTrack\.venv\Lib\site-packages\pqdm\_base.py", line 76, in _parallel_process
    results.append(future.result())
                   ^^^^^^^^^^^^^^^
  File "C:\Users\JANHAVI TUPE\AppData\Local\Programs\Python\Python311\Lib\concurrent\futures\_base.py", line 449, in result
    return self.__get_result()
           ^^^^^^^^^^^^^^^^^^^
  File "C:\Users\JANHAVI TUPE\AppData\Local\Programs\Python\Python311\Lib\concurrent\futures\_base.py", line 401, in __get_result
    raise self._exception
  File "C:\Users\JANHAVI TUPE\AppData\Local\Programs\Python\Python311\Lib\concurrent\futures\thread.py", line 58, in run
    result = self.fn(*self.args, **self.kwargs)
             ^^^^^^^^^^^^^^^^^^^^^^^^^^^^^^^^^^
  File "D:\EcoTrack\.venv\Lib\site-packages\earthaccess\store.py", line 137, in multi_thread_open
    f_size = fs.info(url)["size"]
             ^^^^^^^^^^^^
  File "D:\EcoTrack\.venv\Lib\site-packages\fsspec\asyn.py", line 217, in wrapper
    return sync(self.loop, func, *args, **kwargs)
           ^^^^^^^^^^^^^^^^^^^^^^^^^^^^^^^^^^^^^^
  File "D:\EcoTrack\.venv\Lib\site-packages\fsspec\asyn.py", line 106, in sync
    raise return_result
  File "D:\EcoTrack\.venv\Lib\site-packages\fsspec\asyn.py", line 59, in _runner
    result[0] = await coro
                ^^^^^^^^^^
  File "D:\EcoTrack\.venv\Lib\site-packages\fsspec\implementations\http.py", line 460, in _info
    raise FileNotFoundError(url) from exc
FileNotFoundError: https://data.gesdisc.earthdata.nasa.gov/data/OCO2_DATA/OCO2_L2_Lite_FP.11.2r/2023/oco2_LtCO2_231218_B11210Ar_240919183805s.nc4
  [1013/1148] 2023-12-18 FAILED (FileNotFoundError: https://data.gesdisc.earthdata.nasa.gov/data/OCO2_DATA/OCO2_L2_Lite_FP.11.2r/2023/oco2_LtCO2_231218_B11210Ar_240919183805s.nc4) — will retry next run
An exception occurred while trying to access remote files via HTTPS
Traceback (most recent call last):
  File "D:\EcoTrack\.venv\Lib\site-packages\aiohttp\connector.py", line 1571, in _create_direct_connection
    hosts = await self._resolve_host(host, port, traces=traces)
            ^^^^^^^^^^^^^^^^^^^^^^^^^^^^^^^^^^^^^^^^^^^^^^^^^^^
  File "D:\EcoTrack\.venv\Lib\site-packages\aiohttp\connector.py", line 1181, in _resolve_host
    return await asyncio.shield(resolved_host_task)
           ^^^^^^^^^^^^^^^^^^^^^^^^^^^^^^^^^^^^^^^^
  File "D:\EcoTrack\.venv\Lib\site-packages\aiohttp\connector.py", line 1212, in _resolve_host_with_throttle
    addrs = await self._resolver.resolve(host, port, family=self._family)
            ^^^^^^^^^^^^^^^^^^^^^^^^^^^^^^^^^^^^^^^^^^^^^^^^^^^^^^^^^^^^^
  File "D:\EcoTrack\.venv\Lib\site-packages\aiohttp\resolver.py", line 47, in resolve
    infos = await self._loop.getaddrinfo(
            ^^^^^^^^^^^^^^^^^^^^^^^^^^^^^
  File "C:\Users\JANHAVI TUPE\AppData\Local\Programs\Python\Python311\Lib\asyncio\base_events.py", line 868, in getaddrinfo
    return await self.run_in_executor(
           ^^^^^^^^^^^^^^^^^^^^^^^^^^^
  File "C:\Users\JANHAVI TUPE\AppData\Local\Programs\Python\Python311\Lib\concurrent\futures\thread.py", line 58, in run
    result = self.fn(*self.args, **self.kwargs)
             ^^^^^^^^^^^^^^^^^^^^^^^^^^^^^^^^^^
  File "C:\Users\JANHAVI TUPE\AppData\Local\Programs\Python\Python311\Lib\socket.py", line 962, in getaddrinfo
    for res in _socket.getaddrinfo(host, port, family, type, proto, flags):
               ^^^^^^^^^^^^^^^^^^^^^^^^^^^^^^^^^^^^^^^^^^^^^^^^^^^^^^^^^^^
socket.gaierror: [Errno 11001] getaddrinfo failed

The above exception was the direct cause of the following exception:

Traceback (most recent call last):
  File "D:\EcoTrack\.venv\Lib\site-packages\fsspec\implementations\http.py", line 447, in _info
    await _file_info(
  File "D:\EcoTrack\.venv\Lib\site-packages\fsspec\implementations\http.py", line 861, in _file_info
    r = await session.get(url, allow_redirects=ar, **kwargs)
        ^^^^^^^^^^^^^^^^^^^^^^^^^^^^^^^^^^^^^^^^^^^^^^^^^^^^
  File "D:\EcoTrack\.venv\Lib\site-packages\aiohttp\client.py", line 858, in _request
    resp = await handler(req)
           ^^^^^^^^^^^^^^^^^^
  File "D:\EcoTrack\.venv\Lib\site-packages\aiohttp\client.py", line 812, in _connect_and_send_request
    conn = await self._connector.connect(
           ^^^^^^^^^^^^^^^^^^^^^^^^^^^^^^
  File "D:\EcoTrack\.venv\Lib\site-packages\aiohttp\connector.py", line 657, in connect
    proto = await self._create_connection(req, traces, timeout)
            ^^^^^^^^^^^^^^^^^^^^^^^^^^^^^^^^^^^^^^^^^^^^^^^^^^^
  File "D:\EcoTrack\.venv\Lib\site-packages\aiohttp\connector.py", line 1242, in _create_connection
    _, proto = await self._create_direct_connection(req, traces, timeout)
               ^^^^^^^^^^^^^^^^^^^^^^^^^^^^^^^^^^^^^^^^^^^^^^^^^^^^^^^^^^
  File "D:\EcoTrack\.venv\Lib\site-packages\aiohttp\connector.py", line 1577, in _create_direct_connection
    raise ClientConnectorDNSError(req.connection_key, exc) from exc
aiohttp.client_exceptions.ClientConnectorDNSError: Cannot connect to host data.gesdisc.earthdata.nasa.gov:443 ssl:default [getaddrinfo failed]

The above exception was the direct cause of the following exception:

Traceback (most recent call last):
  File "D:\EcoTrack\.venv\Lib\site-packages\earthaccess\store.py", line 987, in _open_urls_https
    return _open_files(
           ^^^^^^^^^^^^
  File "D:\EcoTrack\.venv\Lib\site-packages\earthaccess\store.py", line 150, in _open_files
    return pqdm(
           ^^^^^
  File "D:\EcoTrack\.venv\Lib\site-packages\pqdm\threads.py", line 22, in pqdm
    return _parallel_process(
           ^^^^^^^^^^^^^^^^^^
  File "D:\EcoTrack\.venv\Lib\site-packages\pqdm\_base.py", line 79, in _parallel_process
    raise e
  File "D:\EcoTrack\.venv\Lib\site-packages\pqdm\_base.py", line 76, in _parallel_process
    results.append(future.result())
                   ^^^^^^^^^^^^^^^
  File "C:\Users\JANHAVI TUPE\AppData\Local\Programs\Python\Python311\Lib\concurrent\futures\_base.py", line 449, in result
    return self.__get_result()
           ^^^^^^^^^^^^^^^^^^^
  File "C:\Users\JANHAVI TUPE\AppData\Local\Programs\Python\Python311\Lib\concurrent\futures\_base.py", line 401, in __get_result
    raise self._exception
  File "C:\Users\JANHAVI TUPE\AppData\Local\Programs\Python\Python311\Lib\concurrent\futures\thread.py", line 58, in run
    result = self.fn(*self.args, **self.kwargs)
             ^^^^^^^^^^^^^^^^^^^^^^^^^^^^^^^^^^
  File "D:\EcoTrack\.venv\Lib\site-packages\earthaccess\store.py", line 137, in multi_thread_open
    f_size = fs.info(url)["size"]
             ^^^^^^^^^^^^
  File "D:\EcoTrack\.venv\Lib\site-packages\fsspec\asyn.py", line 217, in wrapper
    return sync(self.loop, func, *args, **kwargs)
           ^^^^^^^^^^^^^^^^^^^^^^^^^^^^^^^^^^^^^^
  File "D:\EcoTrack\.venv\Lib\site-packages\fsspec\asyn.py", line 106, in sync
    raise return_result
  File "D:\EcoTrack\.venv\Lib\site-packages\fsspec\asyn.py", line 59, in _runner
    result[0] = await coro
                ^^^^^^^^^^
  File "D:\EcoTrack\.venv\Lib\site-packages\fsspec\implementations\http.py", line 460, in _info
    raise FileNotFoundError(url) from exc
FileNotFoundError: https://data.gesdisc.earthdata.nasa.gov/data/OCO2_DATA/OCO2_L2_Lite_FP.11.2r/2023/oco2_LtCO2_231219_B11210Ar_240919183931s.nc4
  [1014/1148] 2023-12-19 FAILED (FileNotFoundError: https://data.gesdisc.earthdata.nasa.gov/data/OCO2_DATA/OCO2_L2_Lite_FP.11.2r/2023/oco2_LtCO2_231219_B11210Ar_240919183931s.nc4) — will retry next run
An exception occurred while trying to access remote files via HTTPS
Traceback (most recent call last):
  File "D:\EcoTrack\.venv\Lib\site-packages\aiohttp\connector.py", line 1571, in _create_direct_connection
    hosts = await self._resolve_host(host, port, traces=traces)
            ^^^^^^^^^^^^^^^^^^^^^^^^^^^^^^^^^^^^^^^^^^^^^^^^^^^
  File "D:\EcoTrack\.venv\Lib\site-packages\aiohttp\connector.py", line 1181, in _resolve_host
    return await asyncio.shield(resolved_host_task)
           ^^^^^^^^^^^^^^^^^^^^^^^^^^^^^^^^^^^^^^^^
  File "D:\EcoTrack\.venv\Lib\site-packages\aiohttp\connector.py", line 1212, in _resolve_host_with_throttle
    addrs = await self._resolver.resolve(host, port, family=self._family)
            ^^^^^^^^^^^^^^^^^^^^^^^^^^^^^^^^^^^^^^^^^^^^^^^^^^^^^^^^^^^^^
  File "D:\EcoTrack\.venv\Lib\site-packages\aiohttp\resolver.py", line 47, in resolve
    infos = await self._loop.getaddrinfo(
            ^^^^^^^^^^^^^^^^^^^^^^^^^^^^^
  File "C:\Users\JANHAVI TUPE\AppData\Local\Programs\Python\Python311\Lib\asyncio\base_events.py", line 868, in getaddrinfo
    return await self.run_in_executor(
           ^^^^^^^^^^^^^^^^^^^^^^^^^^^
  File "C:\Users\JANHAVI TUPE\AppData\Local\Programs\Python\Python311\Lib\concurrent\futures\thread.py", line 58, in run
    result = self.fn(*self.args, **self.kwargs)
             ^^^^^^^^^^^^^^^^^^^^^^^^^^^^^^^^^^
  File "C:\Users\JANHAVI TUPE\AppData\Local\Programs\Python\Python311\Lib\socket.py", line 962, in getaddrinfo
    for res in _socket.getaddrinfo(host, port, family, type, proto, flags):
               ^^^^^^^^^^^^^^^^^^^^^^^^^^^^^^^^^^^^^^^^^^^^^^^^^^^^^^^^^^^
socket.gaierror: [Errno 11001] getaddrinfo failed

The above exception was the direct cause of the following exception:

Traceback (most recent call last):
  File "D:\EcoTrack\.venv\Lib\site-packages\fsspec\implementations\http.py", line 447, in _info
    await _file_info(
  File "D:\EcoTrack\.venv\Lib\site-packages\fsspec\implementations\http.py", line 861, in _file_info
    r = await session.get(url, allow_redirects=ar, **kwargs)
        ^^^^^^^^^^^^^^^^^^^^^^^^^^^^^^^^^^^^^^^^^^^^^^^^^^^^
  File "D:\EcoTrack\.venv\Lib\site-packages\aiohttp\client.py", line 858, in _request
    resp = await handler(req)
           ^^^^^^^^^^^^^^^^^^
  File "D:\EcoTrack\.venv\Lib\site-packages\aiohttp\client.py", line 812, in _connect_and_send_request
    conn = await self._connector.connect(
           ^^^^^^^^^^^^^^^^^^^^^^^^^^^^^^
  File "D:\EcoTrack\.venv\Lib\site-packages\aiohttp\connector.py", line 657, in connect
    proto = await self._create_connection(req, traces, timeout)
            ^^^^^^^^^^^^^^^^^^^^^^^^^^^^^^^^^^^^^^^^^^^^^^^^^^^
  File "D:\EcoTrack\.venv\Lib\site-packages\aiohttp\connector.py", line 1242, in _create_connection
    _, proto = await self._create_direct_connection(req, traces, timeout)
               ^^^^^^^^^^^^^^^^^^^^^^^^^^^^^^^^^^^^^^^^^^^^^^^^^^^^^^^^^^
  File "D:\EcoTrack\.venv\Lib\site-packages\aiohttp\connector.py", line 1577, in _create_direct_connection
    raise ClientConnectorDNSError(req.connection_key, exc) from exc
aiohttp.client_exceptions.ClientConnectorDNSError: Cannot connect to host data.gesdisc.earthdata.nasa.gov:443 ssl:default [getaddrinfo failed]

The above exception was the direct cause of the following exception:

Traceback (most recent call last):
  File "D:\EcoTrack\.venv\Lib\site-packages\earthaccess\store.py", line 987, in _open_urls_https
    return _open_files(
           ^^^^^^^^^^^^
  File "D:\EcoTrack\.venv\Lib\site-packages\earthaccess\store.py", line 150, in _open_files
    return pqdm(
           ^^^^^
  File "D:\EcoTrack\.venv\Lib\site-packages\pqdm\threads.py", line 22, in pqdm
    return _parallel_process(
           ^^^^^^^^^^^^^^^^^^
  File "D:\EcoTrack\.venv\Lib\site-packages\pqdm\_base.py", line 79, in _parallel_process
    raise e
  File "D:\EcoTrack\.venv\Lib\site-packages\pqdm\_base.py", line 76, in _parallel_process
    results.append(future.result())
                   ^^^^^^^^^^^^^^^
  File "C:\Users\JANHAVI TUPE\AppData\Local\Programs\Python\Python311\Lib\concurrent\futures\_base.py", line 449, in result
    return self.__get_result()
           ^^^^^^^^^^^^^^^^^^^
  File "C:\Users\JANHAVI TUPE\AppData\Local\Programs\Python\Python311\Lib\concurrent\futures\_base.py", line 401, in __get_result
    raise self._exception
  File "C:\Users\JANHAVI TUPE\AppData\Local\Programs\Python\Python311\Lib\concurrent\futures\thread.py", line 58, in run
    result = self.fn(*self.args, **self.kwargs)
             ^^^^^^^^^^^^^^^^^^^^^^^^^^^^^^^^^^
  File "D:\EcoTrack\.venv\Lib\site-packages\earthaccess\store.py", line 137, in multi_thread_open
    f_size = fs.info(url)["size"]
             ^^^^^^^^^^^^
  File "D:\EcoTrack\.venv\Lib\site-packages\fsspec\asyn.py", line 217, in wrapper
    return sync(self.loop, func, *args, **kwargs)
           ^^^^^^^^^^^^^^^^^^^^^^^^^^^^^^^^^^^^^^
  File "D:\EcoTrack\.venv\Lib\site-packages\fsspec\asyn.py", line 106, in sync
    raise return_result
  File "D:\EcoTrack\.venv\Lib\site-packages\fsspec\asyn.py", line 59, in _runner
    result[0] = await coro
                ^^^^^^^^^^
  File "D:\EcoTrack\.venv\Lib\site-packages\fsspec\implementations\http.py", line 460, in _info
    raise FileNotFoundError(url) from exc
FileNotFoundError: https://data.gesdisc.earthdata.nasa.gov/data/OCO2_DATA/OCO2_L2_Lite_FP.11.2r/2023/oco2_LtCO2_231220_B11210Ar_240919183942s.nc4
  [1015/1148] 2023-12-20 FAILED (FileNotFoundError: https://data.gesdisc.earthdata.nasa.gov/data/OCO2_DATA/OCO2_L2_Lite_FP.11.2r/2023/oco2_LtCO2_231220_B11210Ar_240919183942s.nc4) — will retry next run
An exception occurred while trying to access remote files via HTTPS
Traceback (most recent call last):
  File "D:\EcoTrack\.venv\Lib\site-packages\aiohttp\connector.py", line 1571, in _create_direct_connection
    hosts = await self._resolve_host(host, port, traces=traces)
            ^^^^^^^^^^^^^^^^^^^^^^^^^^^^^^^^^^^^^^^^^^^^^^^^^^^
  File "D:\EcoTrack\.venv\Lib\site-packages\aiohttp\connector.py", line 1181, in _resolve_host
    return await asyncio.shield(resolved_host_task)
           ^^^^^^^^^^^^^^^^^^^^^^^^^^^^^^^^^^^^^^^^
  File "D:\EcoTrack\.venv\Lib\site-packages\aiohttp\connector.py", line 1212, in _resolve_host_with_throttle
    addrs = await self._resolver.resolve(host, port, family=self._family)
            ^^^^^^^^^^^^^^^^^^^^^^^^^^^^^^^^^^^^^^^^^^^^^^^^^^^^^^^^^^^^^
  File "D:\EcoTrack\.venv\Lib\site-packages\aiohttp\resolver.py", line 47, in resolve
    infos = await self._loop.getaddrinfo(
            ^^^^^^^^^^^^^^^^^^^^^^^^^^^^^
  File "C:\Users\JANHAVI TUPE\AppData\Local\Programs\Python\Python311\Lib\asyncio\base_events.py", line 868, in getaddrinfo
    return await self.run_in_executor(
           ^^^^^^^^^^^^^^^^^^^^^^^^^^^
  File "C:\Users\JANHAVI TUPE\AppData\Local\Programs\Python\Python311\Lib\concurrent\futures\thread.py", line 58, in run
    result = self.fn(*self.args, **self.kwargs)
             ^^^^^^^^^^^^^^^^^^^^^^^^^^^^^^^^^^
  File "C:\Users\JANHAVI TUPE\AppData\Local\Programs\Python\Python311\Lib\socket.py", line 962, in getaddrinfo
    for res in _socket.getaddrinfo(host, port, family, type, proto, flags):
               ^^^^^^^^^^^^^^^^^^^^^^^^^^^^^^^^^^^^^^^^^^^^^^^^^^^^^^^^^^^
socket.gaierror: [Errno 11001] getaddrinfo failed

The above exception was the direct cause of the following exception:

Traceback (most recent call last):
  File "D:\EcoTrack\.venv\Lib\site-packages\fsspec\implementations\http.py", line 447, in _info
    await _file_info(
  File "D:\EcoTrack\.venv\Lib\site-packages\fsspec\implementations\http.py", line 861, in _file_info
    r = await session.get(url, allow_redirects=ar, **kwargs)
        ^^^^^^^^^^^^^^^^^^^^^^^^^^^^^^^^^^^^^^^^^^^^^^^^^^^^
  File "D:\EcoTrack\.venv\Lib\site-packages\aiohttp\client.py", line 858, in _request
    resp = await handler(req)
           ^^^^^^^^^^^^^^^^^^
  File "D:\EcoTrack\.venv\Lib\site-packages\aiohttp\client.py", line 812, in _connect_and_send_request
    conn = await self._connector.connect(
           ^^^^^^^^^^^^^^^^^^^^^^^^^^^^^^
  File "D:\EcoTrack\.venv\Lib\site-packages\aiohttp\connector.py", line 657, in connect
    proto = await self._create_connection(req, traces, timeout)
            ^^^^^^^^^^^^^^^^^^^^^^^^^^^^^^^^^^^^^^^^^^^^^^^^^^^
  File "D:\EcoTrack\.venv\Lib\site-packages\aiohttp\connector.py", line 1242, in _create_connection
    _, proto = await self._create_direct_connection(req, traces, timeout)
               ^^^^^^^^^^^^^^^^^^^^^^^^^^^^^^^^^^^^^^^^^^^^^^^^^^^^^^^^^^
  File "D:\EcoTrack\.venv\Lib\site-packages\aiohttp\connector.py", line 1577, in _create_direct_connection
    raise ClientConnectorDNSError(req.connection_key, exc) from exc
aiohttp.client_exceptions.ClientConnectorDNSError: Cannot connect to host data.gesdisc.earthdata.nasa.gov:443 ssl:default [getaddrinfo failed]

The above exception was the direct cause of the following exception:

Traceback (most recent call last):
  File "D:\EcoTrack\.venv\Lib\site-packages\earthaccess\store.py", line 987, in _open_urls_https
    return _open_files(
           ^^^^^^^^^^^^
  File "D:\EcoTrack\.venv\Lib\site-packages\earthaccess\store.py", line 150, in _open_files
    return pqdm(
           ^^^^^
  File "D:\EcoTrack\.venv\Lib\site-packages\pqdm\threads.py", line 22, in pqdm
    return _parallel_process(
           ^^^^^^^^^^^^^^^^^^
  File "D:\EcoTrack\.venv\Lib\site-packages\pqdm\_base.py", line 79, in _parallel_process
    raise e
  File "D:\EcoTrack\.venv\Lib\site-packages\pqdm\_base.py", line 76, in _parallel_process
    results.append(future.result())
                   ^^^^^^^^^^^^^^^
  File "C:\Users\JANHAVI TUPE\AppData\Local\Programs\Python\Python311\Lib\concurrent\futures\_base.py", line 449, in result
    return self.__get_result()
           ^^^^^^^^^^^^^^^^^^^
  File "C:\Users\JANHAVI TUPE\AppData\Local\Programs\Python\Python311\Lib\concurrent\futures\_base.py", line 401, in __get_result
    raise self._exception
  File "C:\Users\JANHAVI TUPE\AppData\Local\Programs\Python\Python311\Lib\concurrent\futures\thread.py", line 58, in run
    result = self.fn(*self.args, **self.kwargs)
             ^^^^^^^^^^^^^^^^^^^^^^^^^^^^^^^^^^
  File "D:\EcoTrack\.venv\Lib\site-packages\earthaccess\store.py", line 137, in multi_thread_open
    f_size = fs.info(url)["size"]
             ^^^^^^^^^^^^
  File "D:\EcoTrack\.venv\Lib\site-packages\fsspec\asyn.py", line 217, in wrapper
    return sync(self.loop, func, *args, **kwargs)
           ^^^^^^^^^^^^^^^^^^^^^^^^^^^^^^^^^^^^^^
  File "D:\EcoTrack\.venv\Lib\site-packages\fsspec\asyn.py", line 106, in sync
    raise return_result
  File "D:\EcoTrack\.venv\Lib\site-packages\fsspec\asyn.py", line 59, in _runner
    result[0] = await coro
                ^^^^^^^^^^
  File "D:\EcoTrack\.venv\Lib\site-packages\fsspec\implementations\http.py", line 460, in _info
    raise FileNotFoundError(url) from exc
FileNotFoundError: https://data.gesdisc.earthdata.nasa.gov/data/OCO2_DATA/OCO2_L2_Lite_FP.11.2r/2023/oco2_LtCO2_231221_B11210Ar_240919184102s.nc4
  [1016/1148] 2023-12-21 FAILED (FileNotFoundError: https://data.gesdisc.earthdata.nasa.gov/data/OCO2_DATA/OCO2_L2_Lite_FP.11.2r/2023/oco2_LtCO2_231221_B11210Ar_240919184102s.nc4) — will retry next run
An exception occurred while trying to access remote files via HTTPS
Traceback (most recent call last):
  File "D:\EcoTrack\.venv\Lib\site-packages\aiohttp\connector.py", line 1571, in _create_direct_connection
    hosts = await self._resolve_host(host, port, traces=traces)
            ^^^^^^^^^^^^^^^^^^^^^^^^^^^^^^^^^^^^^^^^^^^^^^^^^^^
  File "D:\EcoTrack\.venv\Lib\site-packages\aiohttp\connector.py", line 1181, in _resolve_host
    return await asyncio.shield(resolved_host_task)
           ^^^^^^^^^^^^^^^^^^^^^^^^^^^^^^^^^^^^^^^^
  File "D:\EcoTrack\.venv\Lib\site-packages\aiohttp\connector.py", line 1212, in _resolve_host_with_throttle
    addrs = await self._resolver.resolve(host, port, family=self._family)
            ^^^^^^^^^^^^^^^^^^^^^^^^^^^^^^^^^^^^^^^^^^^^^^^^^^^^^^^^^^^^^
  File "D:\EcoTrack\.venv\Lib\site-packages\aiohttp\resolver.py", line 47, in resolve
    infos = await self._loop.getaddrinfo(
            ^^^^^^^^^^^^^^^^^^^^^^^^^^^^^
  File "C:\Users\JANHAVI TUPE\AppData\Local\Programs\Python\Python311\Lib\asyncio\base_events.py", line 868, in getaddrinfo
    return await self.run_in_executor(
           ^^^^^^^^^^^^^^^^^^^^^^^^^^^
  File "C:\Users\JANHAVI TUPE\AppData\Local\Programs\Python\Python311\Lib\concurrent\futures\thread.py", line 58, in run
    result = self.fn(*self.args, **self.kwargs)
             ^^^^^^^^^^^^^^^^^^^^^^^^^^^^^^^^^^
  File "C:\Users\JANHAVI TUPE\AppData\Local\Programs\Python\Python311\Lib\socket.py", line 962, in getaddrinfo
    for res in _socket.getaddrinfo(host, port, family, type, proto, flags):
               ^^^^^^^^^^^^^^^^^^^^^^^^^^^^^^^^^^^^^^^^^^^^^^^^^^^^^^^^^^^
socket.gaierror: [Errno 11001] getaddrinfo failed

The above exception was the direct cause of the following exception:

Traceback (most recent call last):
  File "D:\EcoTrack\.venv\Lib\site-packages\fsspec\implementations\http.py", line 447, in _info
    await _file_info(
  File "D:\EcoTrack\.venv\Lib\site-packages\fsspec\implementations\http.py", line 861, in _file_info
    r = await session.get(url, allow_redirects=ar, **kwargs)
        ^^^^^^^^^^^^^^^^^^^^^^^^^^^^^^^^^^^^^^^^^^^^^^^^^^^^
  File "D:\EcoTrack\.venv\Lib\site-packages\aiohttp\client.py", line 858, in _request
    resp = await handler(req)
           ^^^^^^^^^^^^^^^^^^
  File "D:\EcoTrack\.venv\Lib\site-packages\aiohttp\client.py", line 812, in _connect_and_send_request
    conn = await self._connector.connect(
           ^^^^^^^^^^^^^^^^^^^^^^^^^^^^^^
  File "D:\EcoTrack\.venv\Lib\site-packages\aiohttp\connector.py", line 657, in connect
    proto = await self._create_connection(req, traces, timeout)
            ^^^^^^^^^^^^^^^^^^^^^^^^^^^^^^^^^^^^^^^^^^^^^^^^^^^
  File "D:\EcoTrack\.venv\Lib\site-packages\aiohttp\connector.py", line 1242, in _create_connection
    _, proto = await self._create_direct_connection(req, traces, timeout)
               ^^^^^^^^^^^^^^^^^^^^^^^^^^^^^^^^^^^^^^^^^^^^^^^^^^^^^^^^^^
  File "D:\EcoTrack\.venv\Lib\site-packages\aiohttp\connector.py", line 1577, in _create_direct_connection
    raise ClientConnectorDNSError(req.connection_key, exc) from exc
aiohttp.client_exceptions.ClientConnectorDNSError: Cannot connect to host data.gesdisc.earthdata.nasa.gov:443 ssl:default [getaddrinfo failed]

The above exception was the direct cause of the following exception:

Traceback (most recent call last):
  File "D:\EcoTrack\.venv\Lib\site-packages\earthaccess\store.py", line 987, in _open_urls_https
    return _open_files(
           ^^^^^^^^^^^^
  File "D:\EcoTrack\.venv\Lib\site-packages\earthaccess\store.py", line 150, in _open_files
    return pqdm(
           ^^^^^
  File "D:\EcoTrack\.venv\Lib\site-packages\pqdm\threads.py", line 22, in pqdm
    return _parallel_process(
           ^^^^^^^^^^^^^^^^^^
  File "D:\EcoTrack\.venv\Lib\site-packages\pqdm\_base.py", line 79, in _parallel_process
    raise e
  File "D:\EcoTrack\.venv\Lib\site-packages\pqdm\_base.py", line 76, in _parallel_process
    results.append(future.result())
                   ^^^^^^^^^^^^^^^
  File "C:\Users\JANHAVI TUPE\AppData\Local\Programs\Python\Python311\Lib\concurrent\futures\_base.py", line 449, in result
    return self.__get_result()
           ^^^^^^^^^^^^^^^^^^^
  File "C:\Users\JANHAVI TUPE\AppData\Local\Programs\Python\Python311\Lib\concurrent\futures\_base.py", line 401, in __get_result
    raise self._exception
  File "C:\Users\JANHAVI TUPE\AppData\Local\Programs\Python\Python311\Lib\concurrent\futures\thread.py", line 58, in run
    result = self.fn(*self.args, **self.kwargs)
             ^^^^^^^^^^^^^^^^^^^^^^^^^^^^^^^^^^
  File "D:\EcoTrack\.venv\Lib\site-packages\earthaccess\store.py", line 137, in multi_thread_open
    f_size = fs.info(url)["size"]
             ^^^^^^^^^^^^
  File "D:\EcoTrack\.venv\Lib\site-packages\fsspec\asyn.py", line 217, in wrapper
    return sync(self.loop, func, *args, **kwargs)
           ^^^^^^^^^^^^^^^^^^^^^^^^^^^^^^^^^^^^^^
  File "D:\EcoTrack\.venv\Lib\site-packages\fsspec\asyn.py", line 106, in sync
    raise return_result
  File "D:\EcoTrack\.venv\Lib\site-packages\fsspec\asyn.py", line 59, in _runner
    result[0] = await coro
                ^^^^^^^^^^
  File "D:\EcoTrack\.venv\Lib\site-packages\fsspec\implementations\http.py", line 460, in _info
    raise FileNotFoundError(url) from exc
FileNotFoundError: https://data.gesdisc.earthdata.nasa.gov/data/OCO2_DATA/OCO2_L2_Lite_FP.11.2r/2023/oco2_LtCO2_231222_B11210Ar_240919184119s.nc4
  [1017/1148] 2023-12-22 FAILED (FileNotFoundError: https://data.gesdisc.earthdata.nasa.gov/data/OCO2_DATA/OCO2_L2_Lite_FP.11.2r/2023/oco2_LtCO2_231222_B11210Ar_240919184119s.nc4) — will retry next run
An exception occurred while trying to access remote files via HTTPS
Traceback (most recent call last):
  File "D:\EcoTrack\.venv\Lib\site-packages\aiohttp\connector.py", line 1571, in _create_direct_connection
    hosts = await self._resolve_host(host, port, traces=traces)
            ^^^^^^^^^^^^^^^^^^^^^^^^^^^^^^^^^^^^^^^^^^^^^^^^^^^
  File "D:\EcoTrack\.venv\Lib\site-packages\aiohttp\connector.py", line 1181, in _resolve_host
    return await asyncio.shield(resolved_host_task)
           ^^^^^^^^^^^^^^^^^^^^^^^^^^^^^^^^^^^^^^^^
  File "D:\EcoTrack\.venv\Lib\site-packages\aiohttp\connector.py", line 1212, in _resolve_host_with_throttle
    addrs = await self._resolver.resolve(host, port, family=self._family)
            ^^^^^^^^^^^^^^^^^^^^^^^^^^^^^^^^^^^^^^^^^^^^^^^^^^^^^^^^^^^^^
  File "D:\EcoTrack\.venv\Lib\site-packages\aiohttp\resolver.py", line 47, in resolve
    infos = await self._loop.getaddrinfo(
            ^^^^^^^^^^^^^^^^^^^^^^^^^^^^^
  File "C:\Users\JANHAVI TUPE\AppData\Local\Programs\Python\Python311\Lib\asyncio\base_events.py", line 868, in getaddrinfo
    return await self.run_in_executor(
           ^^^^^^^^^^^^^^^^^^^^^^^^^^^
  File "C:\Users\JANHAVI TUPE\AppData\Local\Programs\Python\Python311\Lib\concurrent\futures\thread.py", line 58, in run
    result = self.fn(*self.args, **self.kwargs)
             ^^^^^^^^^^^^^^^^^^^^^^^^^^^^^^^^^^
  File "C:\Users\JANHAVI TUPE\AppData\Local\Programs\Python\Python311\Lib\socket.py", line 962, in getaddrinfo
    for res in _socket.getaddrinfo(host, port, family, type, proto, flags):
               ^^^^^^^^^^^^^^^^^^^^^^^^^^^^^^^^^^^^^^^^^^^^^^^^^^^^^^^^^^^
socket.gaierror: [Errno 11001] getaddrinfo failed

The above exception was the direct cause of the following exception:

Traceback (most recent call last):
  File "D:\EcoTrack\.venv\Lib\site-packages\fsspec\implementations\http.py", line 447, in _info
    await _file_info(
  File "D:\EcoTrack\.venv\Lib\site-packages\fsspec\implementations\http.py", line 861, in _file_info
    r = await session.get(url, allow_redirects=ar, **kwargs)
        ^^^^^^^^^^^^^^^^^^^^^^^^^^^^^^^^^^^^^^^^^^^^^^^^^^^^
  File "D:\EcoTrack\.venv\Lib\site-packages\aiohttp\client.py", line 858, in _request
    resp = await handler(req)
           ^^^^^^^^^^^^^^^^^^
  File "D:\EcoTrack\.venv\Lib\site-packages\aiohttp\client.py", line 812, in _connect_and_send_request
    conn = await self._connector.connect(
           ^^^^^^^^^^^^^^^^^^^^^^^^^^^^^^
  File "D:\EcoTrack\.venv\Lib\site-packages\aiohttp\connector.py", line 657, in connect
    proto = await self._create_connection(req, traces, timeout)
            ^^^^^^^^^^^^^^^^^^^^^^^^^^^^^^^^^^^^^^^^^^^^^^^^^^^
  File "D:\EcoTrack\.venv\Lib\site-packages\aiohttp\connector.py", line 1242, in _create_connection
    _, proto = await self._create_direct_connection(req, traces, timeout)
               ^^^^^^^^^^^^^^^^^^^^^^^^^^^^^^^^^^^^^^^^^^^^^^^^^^^^^^^^^^
  File "D:\EcoTrack\.venv\Lib\site-packages\aiohttp\connector.py", line 1577, in _create_direct_connection
    raise ClientConnectorDNSError(req.connection_key, exc) from exc
aiohttp.client_exceptions.ClientConnectorDNSError: Cannot connect to host data.gesdisc.earthdata.nasa.gov:443 ssl:default [getaddrinfo failed]

The above exception was the direct cause of the following exception:

Traceback (most recent call last):
  File "D:\EcoTrack\.venv\Lib\site-packages\earthaccess\store.py", line 987, in _open_urls_https
    return _open_files(
           ^^^^^^^^^^^^
  File "D:\EcoTrack\.venv\Lib\site-packages\earthaccess\store.py", line 150, in _open_files
    return pqdm(
           ^^^^^
  File "D:\EcoTrack\.venv\Lib\site-packages\pqdm\threads.py", line 22, in pqdm
    return _parallel_process(
           ^^^^^^^^^^^^^^^^^^
  File "D:\EcoTrack\.venv\Lib\site-packages\pqdm\_base.py", line 79, in _parallel_process
    raise e
  File "D:\EcoTrack\.venv\Lib\site-packages\pqdm\_base.py", line 76, in _parallel_process
    results.append(future.result())
                   ^^^^^^^^^^^^^^^
  File "C:\Users\JANHAVI TUPE\AppData\Local\Programs\Python\Python311\Lib\concurrent\futures\_base.py", line 449, in result
    return self.__get_result()
           ^^^^^^^^^^^^^^^^^^^
  File "C:\Users\JANHAVI TUPE\AppData\Local\Programs\Python\Python311\Lib\concurrent\futures\_base.py", line 401, in __get_result
    raise self._exception
  File "C:\Users\JANHAVI TUPE\AppData\Local\Programs\Python\Python311\Lib\concurrent\futures\thread.py", line 58, in run
    result = self.fn(*self.args, **self.kwargs)
             ^^^^^^^^^^^^^^^^^^^^^^^^^^^^^^^^^^
  File "D:\EcoTrack\.venv\Lib\site-packages\earthaccess\store.py", line 137, in multi_thread_open
    f_size = fs.info(url)["size"]
             ^^^^^^^^^^^^
  File "D:\EcoTrack\.venv\Lib\site-packages\fsspec\asyn.py", line 217, in wrapper
    return sync(self.loop, func, *args, **kwargs)
           ^^^^^^^^^^^^^^^^^^^^^^^^^^^^^^^^^^^^^^
  File "D:\EcoTrack\.venv\Lib\site-packages\fsspec\asyn.py", line 106, in sync
    raise return_result
  File "D:\EcoTrack\.venv\Lib\site-packages\fsspec\asyn.py", line 59, in _runner
    result[0] = await coro
                ^^^^^^^^^^
  File "D:\EcoTrack\.venv\Lib\site-packages\fsspec\implementations\http.py", line 460, in _info
    raise FileNotFoundError(url) from exc
FileNotFoundError: https://data.gesdisc.earthdata.nasa.gov/data/OCO2_DATA/OCO2_L2_Lite_FP.11.2r/2023/oco2_LtCO2_231224_B11210Ar_240919184225s.nc4
  [1018/1148] 2023-12-24 FAILED (FileNotFoundError: https://data.gesdisc.earthdata.nasa.gov/data/OCO2_DATA/OCO2_L2_Lite_FP.11.2r/2023/oco2_LtCO2_231224_B11210Ar_240919184225s.nc4) — will retry next run
An exception occurred while trying to access remote files via HTTPS
Traceback (most recent call last):
  File "D:\EcoTrack\.venv\Lib\site-packages\aiohttp\connector.py", line 1571, in _create_direct_connection
    hosts = await self._resolve_host(host, port, traces=traces)
            ^^^^^^^^^^^^^^^^^^^^^^^^^^^^^^^^^^^^^^^^^^^^^^^^^^^
  File "D:\EcoTrack\.venv\Lib\site-packages\aiohttp\connector.py", line 1181, in _resolve_host
    return await asyncio.shield(resolved_host_task)
           ^^^^^^^^^^^^^^^^^^^^^^^^^^^^^^^^^^^^^^^^
  File "D:\EcoTrack\.venv\Lib\site-packages\aiohttp\connector.py", line 1212, in _resolve_host_with_throttle
    addrs = await self._resolver.resolve(host, port, family=self._family)
            ^^^^^^^^^^^^^^^^^^^^^^^^^^^^^^^^^^^^^^^^^^^^^^^^^^^^^^^^^^^^^
  File "D:\EcoTrack\.venv\Lib\site-packages\aiohttp\resolver.py", line 47, in resolve
    infos = await self._loop.getaddrinfo(
            ^^^^^^^^^^^^^^^^^^^^^^^^^^^^^
  File "C:\Users\JANHAVI TUPE\AppData\Local\Programs\Python\Python311\Lib\asyncio\base_events.py", line 868, in getaddrinfo
    return await self.run_in_executor(
           ^^^^^^^^^^^^^^^^^^^^^^^^^^^
  File "C:\Users\JANHAVI TUPE\AppData\Local\Programs\Python\Python311\Lib\concurrent\futures\thread.py", line 58, in run
    result = self.fn(*self.args, **self.kwargs)
             ^^^^^^^^^^^^^^^^^^^^^^^^^^^^^^^^^^
  File "C:\Users\JANHAVI TUPE\AppData\Local\Programs\Python\Python311\Lib\socket.py", line 962, in getaddrinfo
    for res in _socket.getaddrinfo(host, port, family, type, proto, flags):
               ^^^^^^^^^^^^^^^^^^^^^^^^^^^^^^^^^^^^^^^^^^^^^^^^^^^^^^^^^^^
socket.gaierror: [Errno 11001] getaddrinfo failed

The above exception was the direct cause of the following exception:

Traceback (most recent call last):
  File "D:\EcoTrack\.venv\Lib\site-packages\fsspec\implementations\http.py", line 447, in _info
    await _file_info(
  File "D:\EcoTrack\.venv\Lib\site-packages\fsspec\implementations\http.py", line 861, in _file_info
    r = await session.get(url, allow_redirects=ar, **kwargs)
        ^^^^^^^^^^^^^^^^^^^^^^^^^^^^^^^^^^^^^^^^^^^^^^^^^^^^
  File "D:\EcoTrack\.venv\Lib\site-packages\aiohttp\client.py", line 858, in _request
    resp = await handler(req)
           ^^^^^^^^^^^^^^^^^^
  File "D:\EcoTrack\.venv\Lib\site-packages\aiohttp\client.py", line 812, in _connect_and_send_request
    conn = await self._connector.connect(
           ^^^^^^^^^^^^^^^^^^^^^^^^^^^^^^
  File "D:\EcoTrack\.venv\Lib\site-packages\aiohttp\connector.py", line 657, in connect
    proto = await self._create_connection(req, traces, timeout)
            ^^^^^^^^^^^^^^^^^^^^^^^^^^^^^^^^^^^^^^^^^^^^^^^^^^^
  File "D:\EcoTrack\.venv\Lib\site-packages\aiohttp\connector.py", line 1242, in _create_connection
    _, proto = await self._create_direct_connection(req, traces, timeout)
               ^^^^^^^^^^^^^^^^^^^^^^^^^^^^^^^^^^^^^^^^^^^^^^^^^^^^^^^^^^
  File "D:\EcoTrack\.venv\Lib\site-packages\aiohttp\connector.py", line 1577, in _create_direct_connection
    raise ClientConnectorDNSError(req.connection_key, exc) from exc
aiohttp.client_exceptions.ClientConnectorDNSError: Cannot connect to host data.gesdisc.earthdata.nasa.gov:443 ssl:default [getaddrinfo failed]

The above exception was the direct cause of the following exception:

Traceback (most recent call last):
  File "D:\EcoTrack\.venv\Lib\site-packages\earthaccess\store.py", line 987, in _open_urls_https
    return _open_files(
           ^^^^^^^^^^^^
  File "D:\EcoTrack\.venv\Lib\site-packages\earthaccess\store.py", line 150, in _open_files
    return pqdm(
           ^^^^^
  File "D:\EcoTrack\.venv\Lib\site-packages\pqdm\threads.py", line 22, in pqdm
    return _parallel_process(
           ^^^^^^^^^^^^^^^^^^
  File "D:\EcoTrack\.venv\Lib\site-packages\pqdm\_base.py", line 79, in _parallel_process
    raise e
  File "D:\EcoTrack\.venv\Lib\site-packages\pqdm\_base.py", line 76, in _parallel_process
    results.append(future.result())
                   ^^^^^^^^^^^^^^^
  File "C:\Users\JANHAVI TUPE\AppData\Local\Programs\Python\Python311\Lib\concurrent\futures\_base.py", line 449, in result
    return self.__get_result()
           ^^^^^^^^^^^^^^^^^^^
  File "C:\Users\JANHAVI TUPE\AppData\Local\Programs\Python\Python311\Lib\concurrent\futures\_base.py", line 401, in __get_result
    raise self._exception
  File "C:\Users\JANHAVI TUPE\AppData\Local\Programs\Python\Python311\Lib\concurrent\futures\thread.py", line 58, in run
    result = self.fn(*self.args, **self.kwargs)
             ^^^^^^^^^^^^^^^^^^^^^^^^^^^^^^^^^^
  File "D:\EcoTrack\.venv\Lib\site-packages\earthaccess\store.py", line 137, in multi_thread_open
    f_size = fs.info(url)["size"]
             ^^^^^^^^^^^^
  File "D:\EcoTrack\.venv\Lib\site-packages\fsspec\asyn.py", line 217, in wrapper
    return sync(self.loop, func, *args, **kwargs)
           ^^^^^^^^^^^^^^^^^^^^^^^^^^^^^^^^^^^^^^
  File "D:\EcoTrack\.venv\Lib\site-packages\fsspec\asyn.py", line 106, in sync
    raise return_result
  File "D:\EcoTrack\.venv\Lib\site-packages\fsspec\asyn.py", line 59, in _runner
    result[0] = await coro
                ^^^^^^^^^^
  File "D:\EcoTrack\.venv\Lib\site-packages\fsspec\implementations\http.py", line 460, in _info
    raise FileNotFoundError(url) from exc
FileNotFoundError: https://data.gesdisc.earthdata.nasa.gov/data/OCO2_DATA/OCO2_L2_Lite_FP.11.2r/2023/oco2_LtCO2_231225_B11210Ar_240919184227s.nc4
  [1019/1148] 2023-12-25 FAILED (FileNotFoundError: https://data.gesdisc.earthdata.nasa.gov/data/OCO2_DATA/OCO2_L2_Lite_FP.11.2r/2023/oco2_LtCO2_231225_B11210Ar_240919184227s.nc4) — will retry next run
An exception occurred while trying to access remote files via HTTPS
Traceback (most recent call last):
  File "D:\EcoTrack\.venv\Lib\site-packages\aiohttp\connector.py", line 1571, in _create_direct_connection
    hosts = await self._resolve_host(host, port, traces=traces)
            ^^^^^^^^^^^^^^^^^^^^^^^^^^^^^^^^^^^^^^^^^^^^^^^^^^^
  File "D:\EcoTrack\.venv\Lib\site-packages\aiohttp\connector.py", line 1181, in _resolve_host
    return await asyncio.shield(resolved_host_task)
           ^^^^^^^^^^^^^^^^^^^^^^^^^^^^^^^^^^^^^^^^
  File "D:\EcoTrack\.venv\Lib\site-packages\aiohttp\connector.py", line 1212, in _resolve_host_with_throttle
    addrs = await self._resolver.resolve(host, port, family=self._family)
            ^^^^^^^^^^^^^^^^^^^^^^^^^^^^^^^^^^^^^^^^^^^^^^^^^^^^^^^^^^^^^
  File "D:\EcoTrack\.venv\Lib\site-packages\aiohttp\resolver.py", line 47, in resolve
    infos = await self._loop.getaddrinfo(
            ^^^^^^^^^^^^^^^^^^^^^^^^^^^^^
  File "C:\Users\JANHAVI TUPE\AppData\Local\Programs\Python\Python311\Lib\asyncio\base_events.py", line 868, in getaddrinfo
    return await self.run_in_executor(
           ^^^^^^^^^^^^^^^^^^^^^^^^^^^
  File "C:\Users\JANHAVI TUPE\AppData\Local\Programs\Python\Python311\Lib\concurrent\futures\thread.py", line 58, in run
    result = self.fn(*self.args, **self.kwargs)
             ^^^^^^^^^^^^^^^^^^^^^^^^^^^^^^^^^^
  File "C:\Users\JANHAVI TUPE\AppData\Local\Programs\Python\Python311\Lib\socket.py", line 962, in getaddrinfo
    for res in _socket.getaddrinfo(host, port, family, type, proto, flags):
               ^^^^^^^^^^^^^^^^^^^^^^^^^^^^^^^^^^^^^^^^^^^^^^^^^^^^^^^^^^^
socket.gaierror: [Errno 11001] getaddrinfo failed

The above exception was the direct cause of the following exception:

Traceback (most recent call last):
  File "D:\EcoTrack\.venv\Lib\site-packages\fsspec\implementations\http.py", line 447, in _info
    await _file_info(
  File "D:\EcoTrack\.venv\Lib\site-packages\fsspec\implementations\http.py", line 861, in _file_info
    r = await session.get(url, allow_redirects=ar, **kwargs)
        ^^^^^^^^^^^^^^^^^^^^^^^^^^^^^^^^^^^^^^^^^^^^^^^^^^^^
  File "D:\EcoTrack\.venv\Lib\site-packages\aiohttp\client.py", line 858, in _request
    resp = await handler(req)
           ^^^^^^^^^^^^^^^^^^
  File "D:\EcoTrack\.venv\Lib\site-packages\aiohttp\client.py", line 812, in _connect_and_send_request
    conn = await self._connector.connect(
           ^^^^^^^^^^^^^^^^^^^^^^^^^^^^^^
  File "D:\EcoTrack\.venv\Lib\site-packages\aiohttp\connector.py", line 657, in connect
    proto = await self._create_connection(req, traces, timeout)
            ^^^^^^^^^^^^^^^^^^^^^^^^^^^^^^^^^^^^^^^^^^^^^^^^^^^
  File "D:\EcoTrack\.venv\Lib\site-packages\aiohttp\connector.py", line 1242, in _create_connection
    _, proto = await self._create_direct_connection(req, traces, timeout)
               ^^^^^^^^^^^^^^^^^^^^^^^^^^^^^^^^^^^^^^^^^^^^^^^^^^^^^^^^^^
  File "D:\EcoTrack\.venv\Lib\site-packages\aiohttp\connector.py", line 1577, in _create_direct_connection
    raise ClientConnectorDNSError(req.connection_key, exc) from exc
aiohttp.client_exceptions.ClientConnectorDNSError: Cannot connect to host data.gesdisc.earthdata.nasa.gov:443 ssl:default [getaddrinfo failed]

The above exception was the direct cause of the following exception:

Traceback (most recent call last):
  File "D:\EcoTrack\.venv\Lib\site-packages\earthaccess\store.py", line 987, in _open_urls_https
    return _open_files(
           ^^^^^^^^^^^^
  File "D:\EcoTrack\.venv\Lib\site-packages\earthaccess\store.py", line 150, in _open_files
    return pqdm(
           ^^^^^
  File "D:\EcoTrack\.venv\Lib\site-packages\pqdm\threads.py", line 22, in pqdm
    return _parallel_process(
           ^^^^^^^^^^^^^^^^^^
  File "D:\EcoTrack\.venv\Lib\site-packages\pqdm\_base.py", line 79, in _parallel_process
    raise e
  File "D:\EcoTrack\.venv\Lib\site-packages\pqdm\_base.py", line 76, in _parallel_process
    results.append(future.result())
                   ^^^^^^^^^^^^^^^
  File "C:\Users\JANHAVI TUPE\AppData\Local\Programs\Python\Python311\Lib\concurrent\futures\_base.py", line 449, in result
    return self.__get_result()
           ^^^^^^^^^^^^^^^^^^^
  File "C:\Users\JANHAVI TUPE\AppData\Local\Programs\Python\Python311\Lib\concurrent\futures\_base.py", line 401, in __get_result
    raise self._exception
  File "C:\Users\JANHAVI TUPE\AppData\Local\Programs\Python\Python311\Lib\concurrent\futures\thread.py", line 58, in run
    result = self.fn(*self.args, **self.kwargs)
             ^^^^^^^^^^^^^^^^^^^^^^^^^^^^^^^^^^
  File "D:\EcoTrack\.venv\Lib\site-packages\earthaccess\store.py", line 137, in multi_thread_open
    f_size = fs.info(url)["size"]
             ^^^^^^^^^^^^
  File "D:\EcoTrack\.venv\Lib\site-packages\fsspec\asyn.py", line 217, in wrapper
    return sync(self.loop, func, *args, **kwargs)
           ^^^^^^^^^^^^^^^^^^^^^^^^^^^^^^^^^^^^^^
  File "D:\EcoTrack\.venv\Lib\site-packages\fsspec\asyn.py", line 106, in sync
    raise return_result
  File "D:\EcoTrack\.venv\Lib\site-packages\fsspec\asyn.py", line 59, in _runner
    result[0] = await coro
                ^^^^^^^^^^
  File "D:\EcoTrack\.venv\Lib\site-packages\fsspec\implementations\http.py", line 460, in _info
    raise FileNotFoundError(url) from exc
FileNotFoundError: https://data.gesdisc.earthdata.nasa.gov/data/OCO2_DATA/OCO2_L2_Lite_FP.11.2r/2023/oco2_LtCO2_231226_B11210Ar_240919184334s.nc4
  [1020/1148] 2023-12-26 FAILED (FileNotFoundError: https://data.gesdisc.earthdata.nasa.gov/data/OCO2_DATA/OCO2_L2_Lite_FP.11.2r/2023/oco2_LtCO2_231226_B11210Ar_240919184334s.nc4) — will retry next run
An exception occurred while trying to access remote files via HTTPS
Traceback (most recent call last):
  File "D:\EcoTrack\.venv\Lib\site-packages\aiohttp\connector.py", line 1571, in _create_direct_connection
    hosts = await self._resolve_host(host, port, traces=traces)
            ^^^^^^^^^^^^^^^^^^^^^^^^^^^^^^^^^^^^^^^^^^^^^^^^^^^
  File "D:\EcoTrack\.venv\Lib\site-packages\aiohttp\connector.py", line 1181, in _resolve_host
    return await asyncio.shield(resolved_host_task)
           ^^^^^^^^^^^^^^^^^^^^^^^^^^^^^^^^^^^^^^^^
  File "D:\EcoTrack\.venv\Lib\site-packages\aiohttp\connector.py", line 1212, in _resolve_host_with_throttle
    addrs = await self._resolver.resolve(host, port, family=self._family)
            ^^^^^^^^^^^^^^^^^^^^^^^^^^^^^^^^^^^^^^^^^^^^^^^^^^^^^^^^^^^^^
  File "D:\EcoTrack\.venv\Lib\site-packages\aiohttp\resolver.py", line 47, in resolve
    infos = await self._loop.getaddrinfo(
            ^^^^^^^^^^^^^^^^^^^^^^^^^^^^^
  File "C:\Users\JANHAVI TUPE\AppData\Local\Programs\Python\Python311\Lib\asyncio\base_events.py", line 868, in getaddrinfo
    return await self.run_in_executor(
           ^^^^^^^^^^^^^^^^^^^^^^^^^^^
  File "C:\Users\JANHAVI TUPE\AppData\Local\Programs\Python\Python311\Lib\concurrent\futures\thread.py", line 58, in run
    result = self.fn(*self.args, **self.kwargs)
             ^^^^^^^^^^^^^^^^^^^^^^^^^^^^^^^^^^
  File "C:\Users\JANHAVI TUPE\AppData\Local\Programs\Python\Python311\Lib\socket.py", line 962, in getaddrinfo
    for res in _socket.getaddrinfo(host, port, family, type, proto, flags):
               ^^^^^^^^^^^^^^^^^^^^^^^^^^^^^^^^^^^^^^^^^^^^^^^^^^^^^^^^^^^
socket.gaierror: [Errno 11001] getaddrinfo failed

The above exception was the direct cause of the following exception:

Traceback (most recent call last):
  File "D:\EcoTrack\.venv\Lib\site-packages\fsspec\implementations\http.py", line 447, in _info
    await _file_info(
  File "D:\EcoTrack\.venv\Lib\site-packages\fsspec\implementations\http.py", line 861, in _file_info
    r = await session.get(url, allow_redirects=ar, **kwargs)
        ^^^^^^^^^^^^^^^^^^^^^^^^^^^^^^^^^^^^^^^^^^^^^^^^^^^^
  File "D:\EcoTrack\.venv\Lib\site-packages\aiohttp\client.py", line 858, in _request
    resp = await handler(req)
           ^^^^^^^^^^^^^^^^^^
  File "D:\EcoTrack\.venv\Lib\site-packages\aiohttp\client.py", line 812, in _connect_and_send_request
    conn = await self._connector.connect(
           ^^^^^^^^^^^^^^^^^^^^^^^^^^^^^^
  File "D:\EcoTrack\.venv\Lib\site-packages\aiohttp\connector.py", line 657, in connect
    proto = await self._create_connection(req, traces, timeout)
            ^^^^^^^^^^^^^^^^^^^^^^^^^^^^^^^^^^^^^^^^^^^^^^^^^^^
  File "D:\EcoTrack\.venv\Lib\site-packages\aiohttp\connector.py", line 1242, in _create_connection
    _, proto = await self._create_direct_connection(req, traces, timeout)
               ^^^^^^^^^^^^^^^^^^^^^^^^^^^^^^^^^^^^^^^^^^^^^^^^^^^^^^^^^^
  File "D:\EcoTrack\.venv\Lib\site-packages\aiohttp\connector.py", line 1577, in _create_direct_connection
    raise ClientConnectorDNSError(req.connection_key, exc) from exc
aiohttp.client_exceptions.ClientConnectorDNSError: Cannot connect to host data.gesdisc.earthdata.nasa.gov:443 ssl:default [getaddrinfo failed]

The above exception was the direct cause of the following exception:

Traceback (most recent call last):
  File "D:\EcoTrack\.venv\Lib\site-packages\earthaccess\store.py", line 987, in _open_urls_https
    return _open_files(
           ^^^^^^^^^^^^
  File "D:\EcoTrack\.venv\Lib\site-packages\earthaccess\store.py", line 150, in _open_files
    return pqdm(
           ^^^^^
  File "D:\EcoTrack\.venv\Lib\site-packages\pqdm\threads.py", line 22, in pqdm
    return _parallel_process(
           ^^^^^^^^^^^^^^^^^^
  File "D:\EcoTrack\.venv\Lib\site-packages\pqdm\_base.py", line 79, in _parallel_process
    raise e
  File "D:\EcoTrack\.venv\Lib\site-packages\pqdm\_base.py", line 76, in _parallel_process
    results.append(future.result())
                   ^^^^^^^^^^^^^^^
  File "C:\Users\JANHAVI TUPE\AppData\Local\Programs\Python\Python311\Lib\concurrent\futures\_base.py", line 449, in result
    return self.__get_result()
           ^^^^^^^^^^^^^^^^^^^
  File "C:\Users\JANHAVI TUPE\AppData\Local\Programs\Python\Python311\Lib\concurrent\futures\_base.py", line 401, in __get_result
    raise self._exception
  File "C:\Users\JANHAVI TUPE\AppData\Local\Programs\Python\Python311\Lib\concurrent\futures\thread.py", line 58, in run
    result = self.fn(*self.args, **self.kwargs)
             ^^^^^^^^^^^^^^^^^^^^^^^^^^^^^^^^^^
  File "D:\EcoTrack\.venv\Lib\site-packages\earthaccess\store.py", line 137, in multi_thread_open
    f_size = fs.info(url)["size"]
             ^^^^^^^^^^^^
  File "D:\EcoTrack\.venv\Lib\site-packages\fsspec\asyn.py", line 217, in wrapper
    return sync(self.loop, func, *args, **kwargs)
           ^^^^^^^^^^^^^^^^^^^^^^^^^^^^^^^^^^^^^^
  File "D:\EcoTrack\.venv\Lib\site-packages\fsspec\asyn.py", line 106, in sync
    raise return_result
  File "D:\EcoTrack\.venv\Lib\site-packages\fsspec\asyn.py", line 59, in _runner
    result[0] = await coro
                ^^^^^^^^^^
  File "D:\EcoTrack\.venv\Lib\site-packages\fsspec\implementations\http.py", line 460, in _info
    raise FileNotFoundError(url) from exc
FileNotFoundError: https://data.gesdisc.earthdata.nasa.gov/data/OCO2_DATA/OCO2_L2_Lite_FP.11.2r/2023/oco2_LtCO2_231227_B11210Ar_240919184345s.nc4
  [1021/1148] 2023-12-27 FAILED (FileNotFoundError: https://data.gesdisc.earthdata.nasa.gov/data/OCO2_DATA/OCO2_L2_Lite_FP.11.2r/2023/oco2_LtCO2_231227_B11210Ar_240919184345s.nc4) — will retry next run
An exception occurred while trying to access remote files via HTTPS
Traceback (most recent call last):
  File "D:\EcoTrack\.venv\Lib\site-packages\aiohttp\connector.py", line 1571, in _create_direct_connection
    hosts = await self._resolve_host(host, port, traces=traces)
            ^^^^^^^^^^^^^^^^^^^^^^^^^^^^^^^^^^^^^^^^^^^^^^^^^^^
  File "D:\EcoTrack\.venv\Lib\site-packages\aiohttp\connector.py", line 1181, in _resolve_host
    return await asyncio.shield(resolved_host_task)
           ^^^^^^^^^^^^^^^^^^^^^^^^^^^^^^^^^^^^^^^^
  File "D:\EcoTrack\.venv\Lib\site-packages\aiohttp\connector.py", line 1212, in _resolve_host_with_throttle
    addrs = await self._resolver.resolve(host, port, family=self._family)
            ^^^^^^^^^^^^^^^^^^^^^^^^^^^^^^^^^^^^^^^^^^^^^^^^^^^^^^^^^^^^^
  File "D:\EcoTrack\.venv\Lib\site-packages\aiohttp\resolver.py", line 47, in resolve
    infos = await self._loop.getaddrinfo(
            ^^^^^^^^^^^^^^^^^^^^^^^^^^^^^
  File "C:\Users\JANHAVI TUPE\AppData\Local\Programs\Python\Python311\Lib\asyncio\base_events.py", line 868, in getaddrinfo
    return await self.run_in_executor(
           ^^^^^^^^^^^^^^^^^^^^^^^^^^^
  File "C:\Users\JANHAVI TUPE\AppData\Local\Programs\Python\Python311\Lib\concurrent\futures\thread.py", line 58, in run
    result = self.fn(*self.args, **self.kwargs)
             ^^^^^^^^^^^^^^^^^^^^^^^^^^^^^^^^^^
  File "C:\Users\JANHAVI TUPE\AppData\Local\Programs\Python\Python311\Lib\socket.py", line 962, in getaddrinfo
    for res in _socket.getaddrinfo(host, port, family, type, proto, flags):
               ^^^^^^^^^^^^^^^^^^^^^^^^^^^^^^^^^^^^^^^^^^^^^^^^^^^^^^^^^^^
socket.gaierror: [Errno 11001] getaddrinfo failed

The above exception was the direct cause of the following exception:

Traceback (most recent call last):
  File "D:\EcoTrack\.venv\Lib\site-packages\fsspec\implementations\http.py", line 447, in _info
    await _file_info(
  File "D:\EcoTrack\.venv\Lib\site-packages\fsspec\implementations\http.py", line 861, in _file_info
    r = await session.get(url, allow_redirects=ar, **kwargs)
        ^^^^^^^^^^^^^^^^^^^^^^^^^^^^^^^^^^^^^^^^^^^^^^^^^^^^
  File "D:\EcoTrack\.venv\Lib\site-packages\aiohttp\client.py", line 858, in _request
    resp = await handler(req)
           ^^^^^^^^^^^^^^^^^^
  File "D:\EcoTrack\.venv\Lib\site-packages\aiohttp\client.py", line 812, in _connect_and_send_request
    conn = await self._connector.connect(
           ^^^^^^^^^^^^^^^^^^^^^^^^^^^^^^
  File "D:\EcoTrack\.venv\Lib\site-packages\aiohttp\connector.py", line 657, in connect
    proto = await self._create_connection(req, traces, timeout)
            ^^^^^^^^^^^^^^^^^^^^^^^^^^^^^^^^^^^^^^^^^^^^^^^^^^^
  File "D:\EcoTrack\.venv\Lib\site-packages\aiohttp\connector.py", line 1242, in _create_connection
    _, proto = await self._create_direct_connection(req, traces, timeout)
               ^^^^^^^^^^^^^^^^^^^^^^^^^^^^^^^^^^^^^^^^^^^^^^^^^^^^^^^^^^
  File "D:\EcoTrack\.venv\Lib\site-packages\aiohttp\connector.py", line 1577, in _create_direct_connection
    raise ClientConnectorDNSError(req.connection_key, exc) from exc
aiohttp.client_exceptions.ClientConnectorDNSError: Cannot connect to host data.gesdisc.earthdata.nasa.gov:443 ssl:default [getaddrinfo failed]

The above exception was the direct cause of the following exception:

Traceback (most recent call last):
  File "D:\EcoTrack\.venv\Lib\site-packages\earthaccess\store.py", line 987, in _open_urls_https
    return _open_files(
           ^^^^^^^^^^^^
  File "D:\EcoTrack\.venv\Lib\site-packages\earthaccess\store.py", line 150, in _open_files
    return pqdm(
           ^^^^^
  File "D:\EcoTrack\.venv\Lib\site-packages\pqdm\threads.py", line 22, in pqdm
    return _parallel_process(
           ^^^^^^^^^^^^^^^^^^
  File "D:\EcoTrack\.venv\Lib\site-packages\pqdm\_base.py", line 79, in _parallel_process
    raise e
  File "D:\EcoTrack\.venv\Lib\site-packages\pqdm\_base.py", line 76, in _parallel_process
    results.append(future.result())
                   ^^^^^^^^^^^^^^^
  File "C:\Users\JANHAVI TUPE\AppData\Local\Programs\Python\Python311\Lib\concurrent\futures\_base.py", line 449, in result
    return self.__get_result()
           ^^^^^^^^^^^^^^^^^^^
  File "C:\Users\JANHAVI TUPE\AppData\Local\Programs\Python\Python311\Lib\concurrent\futures\_base.py", line 401, in __get_result
    raise self._exception
  File "C:\Users\JANHAVI TUPE\AppData\Local\Programs\Python\Python311\Lib\concurrent\futures\thread.py", line 58, in run
    result = self.fn(*self.args, **self.kwargs)
             ^^^^^^^^^^^^^^^^^^^^^^^^^^^^^^^^^^
  File "D:\EcoTrack\.venv\Lib\site-packages\earthaccess\store.py", line 137, in multi_thread_open
    f_size = fs.info(url)["size"]
             ^^^^^^^^^^^^
  File "D:\EcoTrack\.venv\Lib\site-packages\fsspec\asyn.py", line 217, in wrapper
    return sync(self.loop, func, *args, **kwargs)
           ^^^^^^^^^^^^^^^^^^^^^^^^^^^^^^^^^^^^^^
  File "D:\EcoTrack\.venv\Lib\site-packages\fsspec\asyn.py", line 106, in sync
    raise return_result
  File "D:\EcoTrack\.venv\Lib\site-packages\fsspec\asyn.py", line 59, in _runner
    result[0] = await coro
                ^^^^^^^^^^
  File "D:\EcoTrack\.venv\Lib\site-packages\fsspec\implementations\http.py", line 460, in _info
    raise FileNotFoundError(url) from exc
FileNotFoundError: https://data.gesdisc.earthdata.nasa.gov/data/OCO2_DATA/OCO2_L2_Lite_FP.11.2r/2023/oco2_LtCO2_231228_B11210Ar_240919184457s.nc4
  [1022/1148] 2023-12-28 FAILED (FileNotFoundError: https://data.gesdisc.earthdata.nasa.gov/data/OCO2_DATA/OCO2_L2_Lite_FP.11.2r/2023/oco2_LtCO2_231228_B11210Ar_240919184457s.nc4) — will retry next run
An exception occurred while trying to access remote files via HTTPS
Traceback (most recent call last):
  File "D:\EcoTrack\.venv\Lib\site-packages\aiohttp\connector.py", line 1571, in _create_direct_connection
    hosts = await self._resolve_host(host, port, traces=traces)
            ^^^^^^^^^^^^^^^^^^^^^^^^^^^^^^^^^^^^^^^^^^^^^^^^^^^
  File "D:\EcoTrack\.venv\Lib\site-packages\aiohttp\connector.py", line 1181, in _resolve_host
    return await asyncio.shield(resolved_host_task)
           ^^^^^^^^^^^^^^^^^^^^^^^^^^^^^^^^^^^^^^^^
  File "D:\EcoTrack\.venv\Lib\site-packages\aiohttp\connector.py", line 1212, in _resolve_host_with_throttle
    addrs = await self._resolver.resolve(host, port, family=self._family)
            ^^^^^^^^^^^^^^^^^^^^^^^^^^^^^^^^^^^^^^^^^^^^^^^^^^^^^^^^^^^^^
  File "D:\EcoTrack\.venv\Lib\site-packages\aiohttp\resolver.py", line 47, in resolve
    infos = await self._loop.getaddrinfo(
            ^^^^^^^^^^^^^^^^^^^^^^^^^^^^^
  File "C:\Users\JANHAVI TUPE\AppData\Local\Programs\Python\Python311\Lib\asyncio\base_events.py", line 868, in getaddrinfo
    return await self.run_in_executor(
           ^^^^^^^^^^^^^^^^^^^^^^^^^^^
  File "C:\Users\JANHAVI TUPE\AppData\Local\Programs\Python\Python311\Lib\concurrent\futures\thread.py", line 58, in run
    result = self.fn(*self.args, **self.kwargs)
             ^^^^^^^^^^^^^^^^^^^^^^^^^^^^^^^^^^
  File "C:\Users\JANHAVI TUPE\AppData\Local\Programs\Python\Python311\Lib\socket.py", line 962, in getaddrinfo
    for res in _socket.getaddrinfo(host, port, family, type, proto, flags):
               ^^^^^^^^^^^^^^^^^^^^^^^^^^^^^^^^^^^^^^^^^^^^^^^^^^^^^^^^^^^
socket.gaierror: [Errno 11001] getaddrinfo failed

The above exception was the direct cause of the following exception:

Traceback (most recent call last):
  File "D:\EcoTrack\.venv\Lib\site-packages\fsspec\implementations\http.py", line 447, in _info
    await _file_info(
  File "D:\EcoTrack\.venv\Lib\site-packages\fsspec\implementations\http.py", line 861, in _file_info
    r = await session.get(url, allow_redirects=ar, **kwargs)
        ^^^^^^^^^^^^^^^^^^^^^^^^^^^^^^^^^^^^^^^^^^^^^^^^^^^^
  File "D:\EcoTrack\.venv\Lib\site-packages\aiohttp\client.py", line 858, in _request
    resp = await handler(req)
           ^^^^^^^^^^^^^^^^^^
  File "D:\EcoTrack\.venv\Lib\site-packages\aiohttp\client.py", line 812, in _connect_and_send_request
    conn = await self._connector.connect(
           ^^^^^^^^^^^^^^^^^^^^^^^^^^^^^^
  File "D:\EcoTrack\.venv\Lib\site-packages\aiohttp\connector.py", line 657, in connect
    proto = await self._create_connection(req, traces, timeout)
            ^^^^^^^^^^^^^^^^^^^^^^^^^^^^^^^^^^^^^^^^^^^^^^^^^^^
  File "D:\EcoTrack\.venv\Lib\site-packages\aiohttp\connector.py", line 1242, in _create_connection
    _, proto = await self._create_direct_connection(req, traces, timeout)
               ^^^^^^^^^^^^^^^^^^^^^^^^^^^^^^^^^^^^^^^^^^^^^^^^^^^^^^^^^^
  File "D:\EcoTrack\.venv\Lib\site-packages\aiohttp\connector.py", line 1577, in _create_direct_connection
    raise ClientConnectorDNSError(req.connection_key, exc) from exc
aiohttp.client_exceptions.ClientConnectorDNSError: Cannot connect to host data.gesdisc.earthdata.nasa.gov:443 ssl:default [getaddrinfo failed]

The above exception was the direct cause of the following exception:

Traceback (most recent call last):
  File "D:\EcoTrack\.venv\Lib\site-packages\earthaccess\store.py", line 987, in _open_urls_https
    return _open_files(
           ^^^^^^^^^^^^
  File "D:\EcoTrack\.venv\Lib\site-packages\earthaccess\store.py", line 150, in _open_files
    return pqdm(
           ^^^^^
  File "D:\EcoTrack\.venv\Lib\site-packages\pqdm\threads.py", line 22, in pqdm
    return _parallel_process(
           ^^^^^^^^^^^^^^^^^^
  File "D:\EcoTrack\.venv\Lib\site-packages\pqdm\_base.py", line 79, in _parallel_process
    raise e
  File "D:\EcoTrack\.venv\Lib\site-packages\pqdm\_base.py", line 76, in _parallel_process
    results.append(future.result())
                   ^^^^^^^^^^^^^^^
  File "C:\Users\JANHAVI TUPE\AppData\Local\Programs\Python\Python311\Lib\concurrent\futures\_base.py", line 449, in result
    return self.__get_result()
           ^^^^^^^^^^^^^^^^^^^
  File "C:\Users\JANHAVI TUPE\AppData\Local\Programs\Python\Python311\Lib\concurrent\futures\_base.py", line 401, in __get_result
    raise self._exception
  File "C:\Users\JANHAVI TUPE\AppData\Local\Programs\Python\Python311\Lib\concurrent\futures\thread.py", line 58, in run
    result = self.fn(*self.args, **self.kwargs)
             ^^^^^^^^^^^^^^^^^^^^^^^^^^^^^^^^^^
  File "D:\EcoTrack\.venv\Lib\site-packages\earthaccess\store.py", line 137, in multi_thread_open
    f_size = fs.info(url)["size"]
             ^^^^^^^^^^^^
  File "D:\EcoTrack\.venv\Lib\site-packages\fsspec\asyn.py", line 217, in wrapper
    return sync(self.loop, func, *args, **kwargs)
           ^^^^^^^^^^^^^^^^^^^^^^^^^^^^^^^^^^^^^^
  File "D:\EcoTrack\.venv\Lib\site-packages\fsspec\asyn.py", line 106, in sync
    raise return_result
  File "D:\EcoTrack\.venv\Lib\site-packages\fsspec\asyn.py", line 59, in _runner
    result[0] = await coro
                ^^^^^^^^^^
  File "D:\EcoTrack\.venv\Lib\site-packages\fsspec\implementations\http.py", line 460, in _info
    raise FileNotFoundError(url) from exc
FileNotFoundError: https://data.gesdisc.earthdata.nasa.gov/data/OCO2_DATA/OCO2_L2_Lite_FP.11.2r/2023/oco2_LtCO2_231229_B11210Ar_240919184509s.nc4
  [1023/1148] 2023-12-29 FAILED (FileNotFoundError: https://data.gesdisc.earthdata.nasa.gov/data/OCO2_DATA/OCO2_L2_Lite_FP.11.2r/2023/oco2_LtCO2_231229_B11210Ar_240919184509s.nc4) — will retry next run
An exception occurred while trying to access remote files via HTTPS
Traceback (most recent call last):
  File "D:\EcoTrack\.venv\Lib\site-packages\aiohttp\connector.py", line 1571, in _create_direct_connection
    hosts = await self._resolve_host(host, port, traces=traces)
            ^^^^^^^^^^^^^^^^^^^^^^^^^^^^^^^^^^^^^^^^^^^^^^^^^^^
  File "D:\EcoTrack\.venv\Lib\site-packages\aiohttp\connector.py", line 1181, in _resolve_host
    return await asyncio.shield(resolved_host_task)
           ^^^^^^^^^^^^^^^^^^^^^^^^^^^^^^^^^^^^^^^^
  File "D:\EcoTrack\.venv\Lib\site-packages\aiohttp\connector.py", line 1212, in _resolve_host_with_throttle
    addrs = await self._resolver.resolve(host, port, family=self._family)
            ^^^^^^^^^^^^^^^^^^^^^^^^^^^^^^^^^^^^^^^^^^^^^^^^^^^^^^^^^^^^^
  File "D:\EcoTrack\.venv\Lib\site-packages\aiohttp\resolver.py", line 47, in resolve
    infos = await self._loop.getaddrinfo(
            ^^^^^^^^^^^^^^^^^^^^^^^^^^^^^
  File "C:\Users\JANHAVI TUPE\AppData\Local\Programs\Python\Python311\Lib\asyncio\base_events.py", line 868, in getaddrinfo
    return await self.run_in_executor(
           ^^^^^^^^^^^^^^^^^^^^^^^^^^^
  File "C:\Users\JANHAVI TUPE\AppData\Local\Programs\Python\Python311\Lib\concurrent\futures\thread.py", line 58, in run
    result = self.fn(*self.args, **self.kwargs)
             ^^^^^^^^^^^^^^^^^^^^^^^^^^^^^^^^^^
  File "C:\Users\JANHAVI TUPE\AppData\Local\Programs\Python\Python311\Lib\socket.py", line 962, in getaddrinfo
    for res in _socket.getaddrinfo(host, port, family, type, proto, flags):
               ^^^^^^^^^^^^^^^^^^^^^^^^^^^^^^^^^^^^^^^^^^^^^^^^^^^^^^^^^^^
socket.gaierror: [Errno 11001] getaddrinfo failed

The above exception was the direct cause of the following exception:

Traceback (most recent call last):
  File "D:\EcoTrack\.venv\Lib\site-packages\fsspec\implementations\http.py", line 447, in _info
    await _file_info(
  File "D:\EcoTrack\.venv\Lib\site-packages\fsspec\implementations\http.py", line 861, in _file_info
    r = await session.get(url, allow_redirects=ar, **kwargs)
        ^^^^^^^^^^^^^^^^^^^^^^^^^^^^^^^^^^^^^^^^^^^^^^^^^^^^
  File "D:\EcoTrack\.venv\Lib\site-packages\aiohttp\client.py", line 858, in _request
    resp = await handler(req)
           ^^^^^^^^^^^^^^^^^^
  File "D:\EcoTrack\.venv\Lib\site-packages\aiohttp\client.py", line 812, in _connect_and_send_request
    conn = await self._connector.connect(
           ^^^^^^^^^^^^^^^^^^^^^^^^^^^^^^
  File "D:\EcoTrack\.venv\Lib\site-packages\aiohttp\connector.py", line 657, in connect
    proto = await self._create_connection(req, traces, timeout)
            ^^^^^^^^^^^^^^^^^^^^^^^^^^^^^^^^^^^^^^^^^^^^^^^^^^^
  File "D:\EcoTrack\.venv\Lib\site-packages\aiohttp\connector.py", line 1242, in _create_connection
    _, proto = await self._create_direct_connection(req, traces, timeout)
               ^^^^^^^^^^^^^^^^^^^^^^^^^^^^^^^^^^^^^^^^^^^^^^^^^^^^^^^^^^
  File "D:\EcoTrack\.venv\Lib\site-packages\aiohttp\connector.py", line 1577, in _create_direct_connection
    raise ClientConnectorDNSError(req.connection_key, exc) from exc
aiohttp.client_exceptions.ClientConnectorDNSError: Cannot connect to host data.gesdisc.earthdata.nasa.gov:443 ssl:default [getaddrinfo failed]

The above exception was the direct cause of the following exception:

Traceback (most recent call last):
  File "D:\EcoTrack\.venv\Lib\site-packages\earthaccess\store.py", line 987, in _open_urls_https
    return _open_files(
           ^^^^^^^^^^^^
  File "D:\EcoTrack\.venv\Lib\site-packages\earthaccess\store.py", line 150, in _open_files
    return pqdm(
           ^^^^^
  File "D:\EcoTrack\.venv\Lib\site-packages\pqdm\threads.py", line 22, in pqdm
    return _parallel_process(
           ^^^^^^^^^^^^^^^^^^
  File "D:\EcoTrack\.venv\Lib\site-packages\pqdm\_base.py", line 79, in _parallel_process
    raise e
  File "D:\EcoTrack\.venv\Lib\site-packages\pqdm\_base.py", line 76, in _parallel_process
    results.append(future.result())
                   ^^^^^^^^^^^^^^^
  File "C:\Users\JANHAVI TUPE\AppData\Local\Programs\Python\Python311\Lib\concurrent\futures\_base.py", line 449, in result
    return self.__get_result()
           ^^^^^^^^^^^^^^^^^^^
  File "C:\Users\JANHAVI TUPE\AppData\Local\Programs\Python\Python311\Lib\concurrent\futures\_base.py", line 401, in __get_result
    raise self._exception
  File "C:\Users\JANHAVI TUPE\AppData\Local\Programs\Python\Python311\Lib\concurrent\futures\thread.py", line 58, in run
    result = self.fn(*self.args, **self.kwargs)
             ^^^^^^^^^^^^^^^^^^^^^^^^^^^^^^^^^^
  File "D:\EcoTrack\.venv\Lib\site-packages\earthaccess\store.py", line 137, in multi_thread_open
    f_size = fs.info(url)["size"]
             ^^^^^^^^^^^^
  File "D:\EcoTrack\.venv\Lib\site-packages\fsspec\asyn.py", line 217, in wrapper
    return sync(self.loop, func, *args, **kwargs)
           ^^^^^^^^^^^^^^^^^^^^^^^^^^^^^^^^^^^^^^
  File "D:\EcoTrack\.venv\Lib\site-packages\fsspec\asyn.py", line 106, in sync
    raise return_result
  File "D:\EcoTrack\.venv\Lib\site-packages\fsspec\asyn.py", line 59, in _runner
    result[0] = await coro
                ^^^^^^^^^^
  File "D:\EcoTrack\.venv\Lib\site-packages\fsspec\implementations\http.py", line 460, in _info
    raise FileNotFoundError(url) from exc
FileNotFoundError: https://data.gesdisc.earthdata.nasa.gov/data/OCO2_DATA/OCO2_L2_Lite_FP.11.2r/2023/oco2_LtCO2_231230_B11210Ar_240919184615s.nc4
  [1024/1148] 2023-12-30 FAILED (FileNotFoundError: https://data.gesdisc.earthdata.nasa.gov/data/OCO2_DATA/OCO2_L2_Lite_FP.11.2r/2023/oco2_LtCO2_231230_B11210Ar_240919184615s.nc4) — will retry next run
An exception occurred while trying to access remote files via HTTPS
Traceback (most recent call last):
  File "D:\EcoTrack\.venv\Lib\site-packages\aiohttp\connector.py", line 1571, in _create_direct_connection
    hosts = await self._resolve_host(host, port, traces=traces)
            ^^^^^^^^^^^^^^^^^^^^^^^^^^^^^^^^^^^^^^^^^^^^^^^^^^^
  File "D:\EcoTrack\.venv\Lib\site-packages\aiohttp\connector.py", line 1181, in _resolve_host
    return await asyncio.shield(resolved_host_task)
           ^^^^^^^^^^^^^^^^^^^^^^^^^^^^^^^^^^^^^^^^
  File "D:\EcoTrack\.venv\Lib\site-packages\aiohttp\connector.py", line 1212, in _resolve_host_with_throttle
    addrs = await self._resolver.resolve(host, port, family=self._family)
            ^^^^^^^^^^^^^^^^^^^^^^^^^^^^^^^^^^^^^^^^^^^^^^^^^^^^^^^^^^^^^
  File "D:\EcoTrack\.venv\Lib\site-packages\aiohttp\resolver.py", line 47, in resolve
    infos = await self._loop.getaddrinfo(
            ^^^^^^^^^^^^^^^^^^^^^^^^^^^^^
  File "C:\Users\JANHAVI TUPE\AppData\Local\Programs\Python\Python311\Lib\asyncio\base_events.py", line 868, in getaddrinfo
    return await self.run_in_executor(
           ^^^^^^^^^^^^^^^^^^^^^^^^^^^
  File "C:\Users\JANHAVI TUPE\AppData\Local\Programs\Python\Python311\Lib\concurrent\futures\thread.py", line 58, in run
    result = self.fn(*self.args, **self.kwargs)
             ^^^^^^^^^^^^^^^^^^^^^^^^^^^^^^^^^^
  File "C:\Users\JANHAVI TUPE\AppData\Local\Programs\Python\Python311\Lib\socket.py", line 962, in getaddrinfo
    for res in _socket.getaddrinfo(host, port, family, type, proto, flags):
               ^^^^^^^^^^^^^^^^^^^^^^^^^^^^^^^^^^^^^^^^^^^^^^^^^^^^^^^^^^^
socket.gaierror: [Errno 11001] getaddrinfo failed

The above exception was the direct cause of the following exception:

Traceback (most recent call last):
  File "D:\EcoTrack\.venv\Lib\site-packages\fsspec\implementations\http.py", line 447, in _info
    await _file_info(
  File "D:\EcoTrack\.venv\Lib\site-packages\fsspec\implementations\http.py", line 861, in _file_info
    r = await session.get(url, allow_redirects=ar, **kwargs)
        ^^^^^^^^^^^^^^^^^^^^^^^^^^^^^^^^^^^^^^^^^^^^^^^^^^^^
  File "D:\EcoTrack\.venv\Lib\site-packages\aiohttp\client.py", line 858, in _request
    resp = await handler(req)
           ^^^^^^^^^^^^^^^^^^
  File "D:\EcoTrack\.venv\Lib\site-packages\aiohttp\client.py", line 812, in _connect_and_send_request
    conn = await self._connector.connect(
           ^^^^^^^^^^^^^^^^^^^^^^^^^^^^^^
  File "D:\EcoTrack\.venv\Lib\site-packages\aiohttp\connector.py", line 657, in connect
    proto = await self._create_connection(req, traces, timeout)
            ^^^^^^^^^^^^^^^^^^^^^^^^^^^^^^^^^^^^^^^^^^^^^^^^^^^
  File "D:\EcoTrack\.venv\Lib\site-packages\aiohttp\connector.py", line 1242, in _create_connection
    _, proto = await self._create_direct_connection(req, traces, timeout)
               ^^^^^^^^^^^^^^^^^^^^^^^^^^^^^^^^^^^^^^^^^^^^^^^^^^^^^^^^^^
  File "D:\EcoTrack\.venv\Lib\site-packages\aiohttp\connector.py", line 1577, in _create_direct_connection
    raise ClientConnectorDNSError(req.connection_key, exc) from exc
aiohttp.client_exceptions.ClientConnectorDNSError: Cannot connect to host data.gesdisc.earthdata.nasa.gov:443 ssl:default [getaddrinfo failed]

The above exception was the direct cause of the following exception:

Traceback (most recent call last):
  File "D:\EcoTrack\.venv\Lib\site-packages\earthaccess\store.py", line 987, in _open_urls_https
    return _open_files(
           ^^^^^^^^^^^^
  File "D:\EcoTrack\.venv\Lib\site-packages\earthaccess\store.py", line 150, in _open_files
    return pqdm(
           ^^^^^
  File "D:\EcoTrack\.venv\Lib\site-packages\pqdm\threads.py", line 22, in pqdm
    return _parallel_process(
           ^^^^^^^^^^^^^^^^^^
  File "D:\EcoTrack\.venv\Lib\site-packages\pqdm\_base.py", line 79, in _parallel_process
    raise e
  File "D:\EcoTrack\.venv\Lib\site-packages\pqdm\_base.py", line 76, in _parallel_process
    results.append(future.result())
                   ^^^^^^^^^^^^^^^
  File "C:\Users\JANHAVI TUPE\AppData\Local\Programs\Python\Python311\Lib\concurrent\futures\_base.py", line 449, in result
    return self.__get_result()
           ^^^^^^^^^^^^^^^^^^^
  File "C:\Users\JANHAVI TUPE\AppData\Local\Programs\Python\Python311\Lib\concurrent\futures\_base.py", line 401, in __get_result
    raise self._exception
  File "C:\Users\JANHAVI TUPE\AppData\Local\Programs\Python\Python311\Lib\concurrent\futures\thread.py", line 58, in run
    result = self.fn(*self.args, **self.kwargs)
             ^^^^^^^^^^^^^^^^^^^^^^^^^^^^^^^^^^
  File "D:\EcoTrack\.venv\Lib\site-packages\earthaccess\store.py", line 137, in multi_thread_open
    f_size = fs.info(url)["size"]
             ^^^^^^^^^^^^
  File "D:\EcoTrack\.venv\Lib\site-packages\fsspec\asyn.py", line 217, in wrapper
    return sync(self.loop, func, *args, **kwargs)
           ^^^^^^^^^^^^^^^^^^^^^^^^^^^^^^^^^^^^^^
  File "D:\EcoTrack\.venv\Lib\site-packages\fsspec\asyn.py", line 106, in sync
    raise return_result
  File "D:\EcoTrack\.venv\Lib\site-packages\fsspec\asyn.py", line 59, in _runner
    result[0] = await coro
                ^^^^^^^^^^
  File "D:\EcoTrack\.venv\Lib\site-packages\fsspec\implementations\http.py", line 460, in _info
    raise FileNotFoundError(url) from exc
FileNotFoundError: https://data.gesdisc.earthdata.nasa.gov/data/OCO2_DATA/OCO2_L2_Lite_FP.11.2r/2023/oco2_LtCO2_231231_B11210Ar_240919184624s.nc4
  [1025/1148] 2023-12-31 FAILED (FileNotFoundError: https://data.gesdisc.earthdata.nasa.gov/data/OCO2_DATA/OCO2_L2_Lite_FP.11.2r/2023/oco2_LtCO2_231231_B11210Ar_240919184624s.nc4) — will retry next run
An exception occurred while trying to access remote files via HTTPS
Traceback (most recent call last):
  File "D:\EcoTrack\.venv\Lib\site-packages\aiohttp\connector.py", line 1571, in _create_direct_connection
    hosts = await self._resolve_host(host, port, traces=traces)
            ^^^^^^^^^^^^^^^^^^^^^^^^^^^^^^^^^^^^^^^^^^^^^^^^^^^
  File "D:\EcoTrack\.venv\Lib\site-packages\aiohttp\connector.py", line 1181, in _resolve_host
    return await asyncio.shield(resolved_host_task)
           ^^^^^^^^^^^^^^^^^^^^^^^^^^^^^^^^^^^^^^^^
  File "D:\EcoTrack\.venv\Lib\site-packages\aiohttp\connector.py", line 1212, in _resolve_host_with_throttle
    addrs = await self._resolver.resolve(host, port, family=self._family)
            ^^^^^^^^^^^^^^^^^^^^^^^^^^^^^^^^^^^^^^^^^^^^^^^^^^^^^^^^^^^^^
  File "D:\EcoTrack\.venv\Lib\site-packages\aiohttp\resolver.py", line 47, in resolve
    infos = await self._loop.getaddrinfo(
            ^^^^^^^^^^^^^^^^^^^^^^^^^^^^^
  File "C:\Users\JANHAVI TUPE\AppData\Local\Programs\Python\Python311\Lib\asyncio\base_events.py", line 868, in getaddrinfo
    return await self.run_in_executor(
           ^^^^^^^^^^^^^^^^^^^^^^^^^^^
  File "C:\Users\JANHAVI TUPE\AppData\Local\Programs\Python\Python311\Lib\concurrent\futures\thread.py", line 58, in run
    result = self.fn(*self.args, **self.kwargs)
             ^^^^^^^^^^^^^^^^^^^^^^^^^^^^^^^^^^
  File "C:\Users\JANHAVI TUPE\AppData\Local\Programs\Python\Python311\Lib\socket.py", line 962, in getaddrinfo
    for res in _socket.getaddrinfo(host, port, family, type, proto, flags):
               ^^^^^^^^^^^^^^^^^^^^^^^^^^^^^^^^^^^^^^^^^^^^^^^^^^^^^^^^^^^
socket.gaierror: [Errno 11001] getaddrinfo failed

The above exception was the direct cause of the following exception:

Traceback (most recent call last):
  File "D:\EcoTrack\.venv\Lib\site-packages\fsspec\implementations\http.py", line 447, in _info
    await _file_info(
  File "D:\EcoTrack\.venv\Lib\site-packages\fsspec\implementations\http.py", line 861, in _file_info
    r = await session.get(url, allow_redirects=ar, **kwargs)
        ^^^^^^^^^^^^^^^^^^^^^^^^^^^^^^^^^^^^^^^^^^^^^^^^^^^^
  File "D:\EcoTrack\.venv\Lib\site-packages\aiohttp\client.py", line 858, in _request
    resp = await handler(req)
           ^^^^^^^^^^^^^^^^^^
  File "D:\EcoTrack\.venv\Lib\site-packages\aiohttp\client.py", line 812, in _connect_and_send_request
    conn = await self._connector.connect(
           ^^^^^^^^^^^^^^^^^^^^^^^^^^^^^^
  File "D:\EcoTrack\.venv\Lib\site-packages\aiohttp\connector.py", line 657, in connect
    proto = await self._create_connection(req, traces, timeout)
            ^^^^^^^^^^^^^^^^^^^^^^^^^^^^^^^^^^^^^^^^^^^^^^^^^^^
  File "D:\EcoTrack\.venv\Lib\site-packages\aiohttp\connector.py", line 1242, in _create_connection
    _, proto = await self._create_direct_connection(req, traces, timeout)
               ^^^^^^^^^^^^^^^^^^^^^^^^^^^^^^^^^^^^^^^^^^^^^^^^^^^^^^^^^^
  File "D:\EcoTrack\.venv\Lib\site-packages\aiohttp\connector.py", line 1577, in _create_direct_connection
    raise ClientConnectorDNSError(req.connection_key, exc) from exc
aiohttp.client_exceptions.ClientConnectorDNSError: Cannot connect to host data.gesdisc.earthdata.nasa.gov:443 ssl:default [getaddrinfo failed]

The above exception was the direct cause of the following exception:

Traceback (most recent call last):
  File "D:\EcoTrack\.venv\Lib\site-packages\earthaccess\store.py", line 987, in _open_urls_https
    return _open_files(
           ^^^^^^^^^^^^
  File "D:\EcoTrack\.venv\Lib\site-packages\earthaccess\store.py", line 150, in _open_files
    return pqdm(
           ^^^^^
  File "D:\EcoTrack\.venv\Lib\site-packages\pqdm\threads.py", line 22, in pqdm
    return _parallel_process(
           ^^^^^^^^^^^^^^^^^^
  File "D:\EcoTrack\.venv\Lib\site-packages\pqdm\_base.py", line 79, in _parallel_process
    raise e
  File "D:\EcoTrack\.venv\Lib\site-packages\pqdm\_base.py", line 76, in _parallel_process
    results.append(future.result())
                   ^^^^^^^^^^^^^^^
  File "C:\Users\JANHAVI TUPE\AppData\Local\Programs\Python\Python311\Lib\concurrent\futures\_base.py", line 449, in result
    return self.__get_result()
           ^^^^^^^^^^^^^^^^^^^
  File "C:\Users\JANHAVI TUPE\AppData\Local\Programs\Python\Python311\Lib\concurrent\futures\_base.py", line 401, in __get_result
    raise self._exception
  File "C:\Users\JANHAVI TUPE\AppData\Local\Programs\Python\Python311\Lib\concurrent\futures\thread.py", line 58, in run
    result = self.fn(*self.args, **self.kwargs)
             ^^^^^^^^^^^^^^^^^^^^^^^^^^^^^^^^^^
  File "D:\EcoTrack\.venv\Lib\site-packages\earthaccess\store.py", line 137, in multi_thread_open
    f_size = fs.info(url)["size"]
             ^^^^^^^^^^^^
  File "D:\EcoTrack\.venv\Lib\site-packages\fsspec\asyn.py", line 217, in wrapper
    return sync(self.loop, func, *args, **kwargs)
           ^^^^^^^^^^^^^^^^^^^^^^^^^^^^^^^^^^^^^^
  File "D:\EcoTrack\.venv\Lib\site-packages\fsspec\asyn.py", line 106, in sync
    raise return_result
  File "D:\EcoTrack\.venv\Lib\site-packages\fsspec\asyn.py", line 59, in _runner
    result[0] = await coro
                ^^^^^^^^^^
  File "D:\EcoTrack\.venv\Lib\site-packages\fsspec\implementations\http.py", line 460, in _info
    raise FileNotFoundError(url) from exc
FileNotFoundError: https://data.gesdisc.earthdata.nasa.gov/data/OCO2_DATA/OCO2_L2_Lite_FP.11.3r/2024/oco2_LtCO2_240130_B11300Ar_260528182556s.nc4
  [1026/1148] 2024-01-30 FAILED (FileNotFoundError: https://data.gesdisc.earthdata.nasa.gov/data/OCO2_DATA/OCO2_L2_Lite_FP.11.3r/2024/oco2_LtCO2_240130_B11300Ar_260528182556s.nc4) — will retry next run
An exception occurred while trying to access remote files via HTTPS
Traceback (most recent call last):
  File "D:\EcoTrack\.venv\Lib\site-packages\aiohttp\connector.py", line 1571, in _create_direct_connection
    hosts = await self._resolve_host(host, port, traces=traces)
            ^^^^^^^^^^^^^^^^^^^^^^^^^^^^^^^^^^^^^^^^^^^^^^^^^^^
  File "D:\EcoTrack\.venv\Lib\site-packages\aiohttp\connector.py", line 1181, in _resolve_host
    return await asyncio.shield(resolved_host_task)
           ^^^^^^^^^^^^^^^^^^^^^^^^^^^^^^^^^^^^^^^^
  File "D:\EcoTrack\.venv\Lib\site-packages\aiohttp\connector.py", line 1212, in _resolve_host_with_throttle
    addrs = await self._resolver.resolve(host, port, family=self._family)
            ^^^^^^^^^^^^^^^^^^^^^^^^^^^^^^^^^^^^^^^^^^^^^^^^^^^^^^^^^^^^^
  File "D:\EcoTrack\.venv\Lib\site-packages\aiohttp\resolver.py", line 47, in resolve
    infos = await self._loop.getaddrinfo(
            ^^^^^^^^^^^^^^^^^^^^^^^^^^^^^
  File "C:\Users\JANHAVI TUPE\AppData\Local\Programs\Python\Python311\Lib\asyncio\base_events.py", line 868, in getaddrinfo
    return await self.run_in_executor(
           ^^^^^^^^^^^^^^^^^^^^^^^^^^^
  File "C:\Users\JANHAVI TUPE\AppData\Local\Programs\Python\Python311\Lib\concurrent\futures\thread.py", line 58, in run
    result = self.fn(*self.args, **self.kwargs)
             ^^^^^^^^^^^^^^^^^^^^^^^^^^^^^^^^^^
  File "C:\Users\JANHAVI TUPE\AppData\Local\Programs\Python\Python311\Lib\socket.py", line 962, in getaddrinfo
    for res in _socket.getaddrinfo(host, port, family, type, proto, flags):
               ^^^^^^^^^^^^^^^^^^^^^^^^^^^^^^^^^^^^^^^^^^^^^^^^^^^^^^^^^^^
socket.gaierror: [Errno 11001] getaddrinfo failed

The above exception was the direct cause of the following exception:

Traceback (most recent call last):
  File "D:\EcoTrack\.venv\Lib\site-packages\fsspec\implementations\http.py", line 447, in _info
    await _file_info(
  File "D:\EcoTrack\.venv\Lib\site-packages\fsspec\implementations\http.py", line 861, in _file_info
    r = await session.get(url, allow_redirects=ar, **kwargs)
        ^^^^^^^^^^^^^^^^^^^^^^^^^^^^^^^^^^^^^^^^^^^^^^^^^^^^
  File "D:\EcoTrack\.venv\Lib\site-packages\aiohttp\client.py", line 858, in _request
    resp = await handler(req)
           ^^^^^^^^^^^^^^^^^^
  File "D:\EcoTrack\.venv\Lib\site-packages\aiohttp\client.py", line 812, in _connect_and_send_request
    conn = await self._connector.connect(
           ^^^^^^^^^^^^^^^^^^^^^^^^^^^^^^
  File "D:\EcoTrack\.venv\Lib\site-packages\aiohttp\connector.py", line 657, in connect
    proto = await self._create_connection(req, traces, timeout)
            ^^^^^^^^^^^^^^^^^^^^^^^^^^^^^^^^^^^^^^^^^^^^^^^^^^^
  File "D:\EcoTrack\.venv\Lib\site-packages\aiohttp\connector.py", line 1242, in _create_connection
    _, proto = await self._create_direct_connection(req, traces, timeout)
               ^^^^^^^^^^^^^^^^^^^^^^^^^^^^^^^^^^^^^^^^^^^^^^^^^^^^^^^^^^
  File "D:\EcoTrack\.venv\Lib\site-packages\aiohttp\connector.py", line 1577, in _create_direct_connection
    raise ClientConnectorDNSError(req.connection_key, exc) from exc
aiohttp.client_exceptions.ClientConnectorDNSError: Cannot connect to host data.gesdisc.earthdata.nasa.gov:443 ssl:default [getaddrinfo failed]

The above exception was the direct cause of the following exception:

Traceback (most recent call last):
  File "D:\EcoTrack\.venv\Lib\site-packages\earthaccess\store.py", line 987, in _open_urls_https
    return _open_files(
           ^^^^^^^^^^^^
  File "D:\EcoTrack\.venv\Lib\site-packages\earthaccess\store.py", line 150, in _open_files
    return pqdm(
           ^^^^^
  File "D:\EcoTrack\.venv\Lib\site-packages\pqdm\threads.py", line 22, in pqdm
    return _parallel_process(
           ^^^^^^^^^^^^^^^^^^
  File "D:\EcoTrack\.venv\Lib\site-packages\pqdm\_base.py", line 79, in _parallel_process
    raise e
  File "D:\EcoTrack\.venv\Lib\site-packages\pqdm\_base.py", line 76, in _parallel_process
    results.append(future.result())
                   ^^^^^^^^^^^^^^^
  File "C:\Users\JANHAVI TUPE\AppData\Local\Programs\Python\Python311\Lib\concurrent\futures\_base.py", line 449, in result
    return self.__get_result()
           ^^^^^^^^^^^^^^^^^^^
  File "C:\Users\JANHAVI TUPE\AppData\Local\Programs\Python\Python311\Lib\concurrent\futures\_base.py", line 401, in __get_result
    raise self._exception
  File "C:\Users\JANHAVI TUPE\AppData\Local\Programs\Python\Python311\Lib\concurrent\futures\thread.py", line 58, in run
    result = self.fn(*self.args, **self.kwargs)
             ^^^^^^^^^^^^^^^^^^^^^^^^^^^^^^^^^^
  File "D:\EcoTrack\.venv\Lib\site-packages\earthaccess\store.py", line 137, in multi_thread_open
    f_size = fs.info(url)["size"]
             ^^^^^^^^^^^^
  File "D:\EcoTrack\.venv\Lib\site-packages\fsspec\asyn.py", line 217, in wrapper
    return sync(self.loop, func, *args, **kwargs)
           ^^^^^^^^^^^^^^^^^^^^^^^^^^^^^^^^^^^^^^
  File "D:\EcoTrack\.venv\Lib\site-packages\fsspec\asyn.py", line 106, in sync
    raise return_result
  File "D:\EcoTrack\.venv\Lib\site-packages\fsspec\asyn.py", line 59, in _runner
    result[0] = await coro
                ^^^^^^^^^^
  File "D:\EcoTrack\.venv\Lib\site-packages\fsspec\implementations\http.py", line 460, in _info
    raise FileNotFoundError(url) from exc
FileNotFoundError: https://data.gesdisc.earthdata.nasa.gov/data/OCO2_DATA/OCO2_L2_Lite_FP.11.3r/2024/oco2_LtCO2_240131_B11300Ar_260528182641s.nc4
  [1027/1148] 2024-01-31 FAILED (FileNotFoundError: https://data.gesdisc.earthdata.nasa.gov/data/OCO2_DATA/OCO2_L2_Lite_FP.11.3r/2024/oco2_LtCO2_240131_B11300Ar_260528182641s.nc4) — will retry next run
An exception occurred while trying to access remote files via HTTPS
Traceback (most recent call last):
  File "D:\EcoTrack\.venv\Lib\site-packages\aiohttp\connector.py", line 1571, in _create_direct_connection
    hosts = await self._resolve_host(host, port, traces=traces)
            ^^^^^^^^^^^^^^^^^^^^^^^^^^^^^^^^^^^^^^^^^^^^^^^^^^^
  File "D:\EcoTrack\.venv\Lib\site-packages\aiohttp\connector.py", line 1181, in _resolve_host
    return await asyncio.shield(resolved_host_task)
           ^^^^^^^^^^^^^^^^^^^^^^^^^^^^^^^^^^^^^^^^
  File "D:\EcoTrack\.venv\Lib\site-packages\aiohttp\connector.py", line 1212, in _resolve_host_with_throttle
    addrs = await self._resolver.resolve(host, port, family=self._family)
            ^^^^^^^^^^^^^^^^^^^^^^^^^^^^^^^^^^^^^^^^^^^^^^^^^^^^^^^^^^^^^
  File "D:\EcoTrack\.venv\Lib\site-packages\aiohttp\resolver.py", line 47, in resolve
    infos = await self._loop.getaddrinfo(
            ^^^^^^^^^^^^^^^^^^^^^^^^^^^^^
  File "C:\Users\JANHAVI TUPE\AppData\Local\Programs\Python\Python311\Lib\asyncio\base_events.py", line 868, in getaddrinfo
    return await self.run_in_executor(
           ^^^^^^^^^^^^^^^^^^^^^^^^^^^
  File "C:\Users\JANHAVI TUPE\AppData\Local\Programs\Python\Python311\Lib\concurrent\futures\thread.py", line 58, in run
    result = self.fn(*self.args, **self.kwargs)
             ^^^^^^^^^^^^^^^^^^^^^^^^^^^^^^^^^^
  File "C:\Users\JANHAVI TUPE\AppData\Local\Programs\Python\Python311\Lib\socket.py", line 962, in getaddrinfo
    for res in _socket.getaddrinfo(host, port, family, type, proto, flags):
               ^^^^^^^^^^^^^^^^^^^^^^^^^^^^^^^^^^^^^^^^^^^^^^^^^^^^^^^^^^^
socket.gaierror: [Errno 11001] getaddrinfo failed

The above exception was the direct cause of the following exception:

Traceback (most recent call last):
  File "D:\EcoTrack\.venv\Lib\site-packages\fsspec\implementations\http.py", line 447, in _info
    await _file_info(
  File "D:\EcoTrack\.venv\Lib\site-packages\fsspec\implementations\http.py", line 861, in _file_info
    r = await session.get(url, allow_redirects=ar, **kwargs)
        ^^^^^^^^^^^^^^^^^^^^^^^^^^^^^^^^^^^^^^^^^^^^^^^^^^^^
  File "D:\EcoTrack\.venv\Lib\site-packages\aiohttp\client.py", line 858, in _request
    resp = await handler(req)
           ^^^^^^^^^^^^^^^^^^
  File "D:\EcoTrack\.venv\Lib\site-packages\aiohttp\client.py", line 812, in _connect_and_send_request
    conn = await self._connector.connect(
           ^^^^^^^^^^^^^^^^^^^^^^^^^^^^^^
  File "D:\EcoTrack\.venv\Lib\site-packages\aiohttp\connector.py", line 657, in connect
    proto = await self._create_connection(req, traces, timeout)
            ^^^^^^^^^^^^^^^^^^^^^^^^^^^^^^^^^^^^^^^^^^^^^^^^^^^
  File "D:\EcoTrack\.venv\Lib\site-packages\aiohttp\connector.py", line 1242, in _create_connection
    _, proto = await self._create_direct_connection(req, traces, timeout)
               ^^^^^^^^^^^^^^^^^^^^^^^^^^^^^^^^^^^^^^^^^^^^^^^^^^^^^^^^^^
  File "D:\EcoTrack\.venv\Lib\site-packages\aiohttp\connector.py", line 1577, in _create_direct_connection
    raise ClientConnectorDNSError(req.connection_key, exc) from exc
aiohttp.client_exceptions.ClientConnectorDNSError: Cannot connect to host data.gesdisc.earthdata.nasa.gov:443 ssl:default [getaddrinfo failed]

The above exception was the direct cause of the following exception:

Traceback (most recent call last):
  File "D:\EcoTrack\.venv\Lib\site-packages\earthaccess\store.py", line 987, in _open_urls_https
    return _open_files(
           ^^^^^^^^^^^^
  File "D:\EcoTrack\.venv\Lib\site-packages\earthaccess\store.py", line 150, in _open_files
    return pqdm(
           ^^^^^
  File "D:\EcoTrack\.venv\Lib\site-packages\pqdm\threads.py", line 22, in pqdm
    return _parallel_process(
           ^^^^^^^^^^^^^^^^^^
  File "D:\EcoTrack\.venv\Lib\site-packages\pqdm\_base.py", line 79, in _parallel_process
    raise e
  File "D:\EcoTrack\.venv\Lib\site-packages\pqdm\_base.py", line 76, in _parallel_process
    results.append(future.result())
                   ^^^^^^^^^^^^^^^
  File "C:\Users\JANHAVI TUPE\AppData\Local\Programs\Python\Python311\Lib\concurrent\futures\_base.py", line 449, in result
    return self.__get_result()
           ^^^^^^^^^^^^^^^^^^^
  File "C:\Users\JANHAVI TUPE\AppData\Local\Programs\Python\Python311\Lib\concurrent\futures\_base.py", line 401, in __get_result
    raise self._exception
  File "C:\Users\JANHAVI TUPE\AppData\Local\Programs\Python\Python311\Lib\concurrent\futures\thread.py", line 58, in run
    result = self.fn(*self.args, **self.kwargs)
             ^^^^^^^^^^^^^^^^^^^^^^^^^^^^^^^^^^
  File "D:\EcoTrack\.venv\Lib\site-packages\earthaccess\store.py", line 137, in multi_thread_open
    f_size = fs.info(url)["size"]
             ^^^^^^^^^^^^
  File "D:\EcoTrack\.venv\Lib\site-packages\fsspec\asyn.py", line 217, in wrapper
    return sync(self.loop, func, *args, **kwargs)
           ^^^^^^^^^^^^^^^^^^^^^^^^^^^^^^^^^^^^^^
  File "D:\EcoTrack\.venv\Lib\site-packages\fsspec\asyn.py", line 106, in sync
    raise return_result
  File "D:\EcoTrack\.venv\Lib\site-packages\fsspec\asyn.py", line 59, in _runner
    result[0] = await coro
                ^^^^^^^^^^
  File "D:\EcoTrack\.venv\Lib\site-packages\fsspec\implementations\http.py", line 460, in _info
    raise FileNotFoundError(url) from exc
FileNotFoundError: https://data.gesdisc.earthdata.nasa.gov/data/OCO2_DATA/OCO2_L2_Lite_FP.11.3r/2024/oco2_LtCO2_240201_B11300Ar_260528184811s.nc4
  [1028/1148] 2024-02-01 FAILED (FileNotFoundError: https://data.gesdisc.earthdata.nasa.gov/data/OCO2_DATA/OCO2_L2_Lite_FP.11.3r/2024/oco2_LtCO2_240201_B11300Ar_260528184811s.nc4) — will retry next run
An exception occurred while trying to access remote files via HTTPS
Traceback (most recent call last):
  File "D:\EcoTrack\.venv\Lib\site-packages\aiohttp\connector.py", line 1571, in _create_direct_connection
    hosts = await self._resolve_host(host, port, traces=traces)
            ^^^^^^^^^^^^^^^^^^^^^^^^^^^^^^^^^^^^^^^^^^^^^^^^^^^
  File "D:\EcoTrack\.venv\Lib\site-packages\aiohttp\connector.py", line 1181, in _resolve_host
    return await asyncio.shield(resolved_host_task)
           ^^^^^^^^^^^^^^^^^^^^^^^^^^^^^^^^^^^^^^^^
  File "D:\EcoTrack\.venv\Lib\site-packages\aiohttp\connector.py", line 1212, in _resolve_host_with_throttle
    addrs = await self._resolver.resolve(host, port, family=self._family)
            ^^^^^^^^^^^^^^^^^^^^^^^^^^^^^^^^^^^^^^^^^^^^^^^^^^^^^^^^^^^^^
  File "D:\EcoTrack\.venv\Lib\site-packages\aiohttp\resolver.py", line 47, in resolve
    infos = await self._loop.getaddrinfo(
            ^^^^^^^^^^^^^^^^^^^^^^^^^^^^^
  File "C:\Users\JANHAVI TUPE\AppData\Local\Programs\Python\Python311\Lib\asyncio\base_events.py", line 868, in getaddrinfo
    return await self.run_in_executor(
           ^^^^^^^^^^^^^^^^^^^^^^^^^^^
  File "C:\Users\JANHAVI TUPE\AppData\Local\Programs\Python\Python311\Lib\concurrent\futures\thread.py", line 58, in run
    result = self.fn(*self.args, **self.kwargs)
             ^^^^^^^^^^^^^^^^^^^^^^^^^^^^^^^^^^
  File "C:\Users\JANHAVI TUPE\AppData\Local\Programs\Python\Python311\Lib\socket.py", line 962, in getaddrinfo
    for res in _socket.getaddrinfo(host, port, family, type, proto, flags):
               ^^^^^^^^^^^^^^^^^^^^^^^^^^^^^^^^^^^^^^^^^^^^^^^^^^^^^^^^^^^
socket.gaierror: [Errno 11001] getaddrinfo failed

The above exception was the direct cause of the following exception:

Traceback (most recent call last):
  File "D:\EcoTrack\.venv\Lib\site-packages\fsspec\implementations\http.py", line 447, in _info
    await _file_info(
  File "D:\EcoTrack\.venv\Lib\site-packages\fsspec\implementations\http.py", line 861, in _file_info
    r = await session.get(url, allow_redirects=ar, **kwargs)
        ^^^^^^^^^^^^^^^^^^^^^^^^^^^^^^^^^^^^^^^^^^^^^^^^^^^^
  File "D:\EcoTrack\.venv\Lib\site-packages\aiohttp\client.py", line 858, in _request
    resp = await handler(req)
           ^^^^^^^^^^^^^^^^^^
  File "D:\EcoTrack\.venv\Lib\site-packages\aiohttp\client.py", line 812, in _connect_and_send_request
    conn = await self._connector.connect(
           ^^^^^^^^^^^^^^^^^^^^^^^^^^^^^^
  File "D:\EcoTrack\.venv\Lib\site-packages\aiohttp\connector.py", line 657, in connect
    proto = await self._create_connection(req, traces, timeout)
            ^^^^^^^^^^^^^^^^^^^^^^^^^^^^^^^^^^^^^^^^^^^^^^^^^^^
  File "D:\EcoTrack\.venv\Lib\site-packages\aiohttp\connector.py", line 1242, in _create_connection
    _, proto = await self._create_direct_connection(req, traces, timeout)
               ^^^^^^^^^^^^^^^^^^^^^^^^^^^^^^^^^^^^^^^^^^^^^^^^^^^^^^^^^^
  File "D:\EcoTrack\.venv\Lib\site-packages\aiohttp\connector.py", line 1577, in _create_direct_connection
    raise ClientConnectorDNSError(req.connection_key, exc) from exc
aiohttp.client_exceptions.ClientConnectorDNSError: Cannot connect to host data.gesdisc.earthdata.nasa.gov:443 ssl:default [getaddrinfo failed]

The above exception was the direct cause of the following exception:

Traceback (most recent call last):
  File "D:\EcoTrack\.venv\Lib\site-packages\earthaccess\store.py", line 987, in _open_urls_https
    return _open_files(
           ^^^^^^^^^^^^
  File "D:\EcoTrack\.venv\Lib\site-packages\earthaccess\store.py", line 150, in _open_files
    return pqdm(
           ^^^^^
  File "D:\EcoTrack\.venv\Lib\site-packages\pqdm\threads.py", line 22, in pqdm
    return _parallel_process(
           ^^^^^^^^^^^^^^^^^^
  File "D:\EcoTrack\.venv\Lib\site-packages\pqdm\_base.py", line 79, in _parallel_process
    raise e
  File "D:\EcoTrack\.venv\Lib\site-packages\pqdm\_base.py", line 76, in _parallel_process
    results.append(future.result())
                   ^^^^^^^^^^^^^^^
  File "C:\Users\JANHAVI TUPE\AppData\Local\Programs\Python\Python311\Lib\concurrent\futures\_base.py", line 449, in result
    return self.__get_result()
           ^^^^^^^^^^^^^^^^^^^
  File "C:\Users\JANHAVI TUPE\AppData\Local\Programs\Python\Python311\Lib\concurrent\futures\_base.py", line 401, in __get_result
    raise self._exception
  File "C:\Users\JANHAVI TUPE\AppData\Local\Programs\Python\Python311\Lib\concurrent\futures\thread.py", line 58, in run
    result = self.fn(*self.args, **self.kwargs)
             ^^^^^^^^^^^^^^^^^^^^^^^^^^^^^^^^^^
  File "D:\EcoTrack\.venv\Lib\site-packages\earthaccess\store.py", line 137, in multi_thread_open
    f_size = fs.info(url)["size"]
             ^^^^^^^^^^^^
  File "D:\EcoTrack\.venv\Lib\site-packages\fsspec\asyn.py", line 217, in wrapper
    return sync(self.loop, func, *args, **kwargs)
           ^^^^^^^^^^^^^^^^^^^^^^^^^^^^^^^^^^^^^^
  File "D:\EcoTrack\.venv\Lib\site-packages\fsspec\asyn.py", line 106, in sync
    raise return_result
  File "D:\EcoTrack\.venv\Lib\site-packages\fsspec\asyn.py", line 59, in _runner
    result[0] = await coro
                ^^^^^^^^^^
  File "D:\EcoTrack\.venv\Lib\site-packages\fsspec\implementations\http.py", line 460, in _info
    raise FileNotFoundError(url) from exc
FileNotFoundError: https://data.gesdisc.earthdata.nasa.gov/data/OCO2_DATA/OCO2_L2_Lite_FP.11.3r/2024/oco2_LtCO2_240202_B11300Ar_260528184842s.nc4
  [1029/1148] 2024-02-02 FAILED (FileNotFoundError: https://data.gesdisc.earthdata.nasa.gov/data/OCO2_DATA/OCO2_L2_Lite_FP.11.3r/2024/oco2_LtCO2_240202_B11300Ar_260528184842s.nc4) — will retry next run
An exception occurred while trying to access remote files via HTTPS
Traceback (most recent call last):
  File "D:\EcoTrack\.venv\Lib\site-packages\aiohttp\connector.py", line 1571, in _create_direct_connection
    hosts = await self._resolve_host(host, port, traces=traces)
            ^^^^^^^^^^^^^^^^^^^^^^^^^^^^^^^^^^^^^^^^^^^^^^^^^^^
  File "D:\EcoTrack\.venv\Lib\site-packages\aiohttp\connector.py", line 1181, in _resolve_host
    return await asyncio.shield(resolved_host_task)
           ^^^^^^^^^^^^^^^^^^^^^^^^^^^^^^^^^^^^^^^^
  File "D:\EcoTrack\.venv\Lib\site-packages\aiohttp\connector.py", line 1212, in _resolve_host_with_throttle
    addrs = await self._resolver.resolve(host, port, family=self._family)
            ^^^^^^^^^^^^^^^^^^^^^^^^^^^^^^^^^^^^^^^^^^^^^^^^^^^^^^^^^^^^^
  File "D:\EcoTrack\.venv\Lib\site-packages\aiohttp\resolver.py", line 47, in resolve
    infos = await self._loop.getaddrinfo(
            ^^^^^^^^^^^^^^^^^^^^^^^^^^^^^
  File "C:\Users\JANHAVI TUPE\AppData\Local\Programs\Python\Python311\Lib\asyncio\base_events.py", line 868, in getaddrinfo
    return await self.run_in_executor(
           ^^^^^^^^^^^^^^^^^^^^^^^^^^^
  File "C:\Users\JANHAVI TUPE\AppData\Local\Programs\Python\Python311\Lib\concurrent\futures\thread.py", line 58, in run
    result = self.fn(*self.args, **self.kwargs)
             ^^^^^^^^^^^^^^^^^^^^^^^^^^^^^^^^^^
  File "C:\Users\JANHAVI TUPE\AppData\Local\Programs\Python\Python311\Lib\socket.py", line 962, in getaddrinfo
    for res in _socket.getaddrinfo(host, port, family, type, proto, flags):
               ^^^^^^^^^^^^^^^^^^^^^^^^^^^^^^^^^^^^^^^^^^^^^^^^^^^^^^^^^^^
socket.gaierror: [Errno 11001] getaddrinfo failed

The above exception was the direct cause of the following exception:

Traceback (most recent call last):
  File "D:\EcoTrack\.venv\Lib\site-packages\fsspec\implementations\http.py", line 447, in _info
    await _file_info(
  File "D:\EcoTrack\.venv\Lib\site-packages\fsspec\implementations\http.py", line 861, in _file_info
    r = await session.get(url, allow_redirects=ar, **kwargs)
        ^^^^^^^^^^^^^^^^^^^^^^^^^^^^^^^^^^^^^^^^^^^^^^^^^^^^
  File "D:\EcoTrack\.venv\Lib\site-packages\aiohttp\client.py", line 858, in _request
    resp = await handler(req)
           ^^^^^^^^^^^^^^^^^^
  File "D:\EcoTrack\.venv\Lib\site-packages\aiohttp\client.py", line 812, in _connect_and_send_request
    conn = await self._connector.connect(
           ^^^^^^^^^^^^^^^^^^^^^^^^^^^^^^
  File "D:\EcoTrack\.venv\Lib\site-packages\aiohttp\connector.py", line 657, in connect
    proto = await self._create_connection(req, traces, timeout)
            ^^^^^^^^^^^^^^^^^^^^^^^^^^^^^^^^^^^^^^^^^^^^^^^^^^^
  File "D:\EcoTrack\.venv\Lib\site-packages\aiohttp\connector.py", line 1242, in _create_connection
    _, proto = await self._create_direct_connection(req, traces, timeout)
               ^^^^^^^^^^^^^^^^^^^^^^^^^^^^^^^^^^^^^^^^^^^^^^^^^^^^^^^^^^
  File "D:\EcoTrack\.venv\Lib\site-packages\aiohttp\connector.py", line 1577, in _create_direct_connection
    raise ClientConnectorDNSError(req.connection_key, exc) from exc
aiohttp.client_exceptions.ClientConnectorDNSError: Cannot connect to host data.gesdisc.earthdata.nasa.gov:443 ssl:default [getaddrinfo failed]

The above exception was the direct cause of the following exception:

Traceback (most recent call last):
  File "D:\EcoTrack\.venv\Lib\site-packages\earthaccess\store.py", line 987, in _open_urls_https
    return _open_files(
           ^^^^^^^^^^^^
  File "D:\EcoTrack\.venv\Lib\site-packages\earthaccess\store.py", line 150, in _open_files
    return pqdm(
           ^^^^^
  File "D:\EcoTrack\.venv\Lib\site-packages\pqdm\threads.py", line 22, in pqdm
    return _parallel_process(
           ^^^^^^^^^^^^^^^^^^
  File "D:\EcoTrack\.venv\Lib\site-packages\pqdm\_base.py", line 79, in _parallel_process
    raise e
  File "D:\EcoTrack\.venv\Lib\site-packages\pqdm\_base.py", line 76, in _parallel_process
    results.append(future.result())
                   ^^^^^^^^^^^^^^^
  File "C:\Users\JANHAVI TUPE\AppData\Local\Programs\Python\Python311\Lib\concurrent\futures\_base.py", line 449, in result
    return self.__get_result()
           ^^^^^^^^^^^^^^^^^^^
  File "C:\Users\JANHAVI TUPE\AppData\Local\Programs\Python\Python311\Lib\concurrent\futures\_base.py", line 401, in __get_result
    raise self._exception
  File "C:\Users\JANHAVI TUPE\AppData\Local\Programs\Python\Python311\Lib\concurrent\futures\thread.py", line 58, in run
    result = self.fn(*self.args, **self.kwargs)
             ^^^^^^^^^^^^^^^^^^^^^^^^^^^^^^^^^^
  File "D:\EcoTrack\.venv\Lib\site-packages\earthaccess\store.py", line 137, in multi_thread_open
    f_size = fs.info(url)["size"]
             ^^^^^^^^^^^^
  File "D:\EcoTrack\.venv\Lib\site-packages\fsspec\asyn.py", line 217, in wrapper
    return sync(self.loop, func, *args, **kwargs)
           ^^^^^^^^^^^^^^^^^^^^^^^^^^^^^^^^^^^^^^
  File "D:\EcoTrack\.venv\Lib\site-packages\fsspec\asyn.py", line 106, in sync
    raise return_result
  File "D:\EcoTrack\.venv\Lib\site-packages\fsspec\asyn.py", line 59, in _runner
    result[0] = await coro
                ^^^^^^^^^^
  File "D:\EcoTrack\.venv\Lib\site-packages\fsspec\implementations\http.py", line 460, in _info
    raise FileNotFoundError(url) from exc
FileNotFoundError: https://data.gesdisc.earthdata.nasa.gov/data/OCO2_DATA/OCO2_L2_Lite_FP.11.3r/2024/oco2_LtCO2_240203_B11300Ar_260528184931s.nc4
  [1030/1148] 2024-02-03 FAILED (FileNotFoundError: https://data.gesdisc.earthdata.nasa.gov/data/OCO2_DATA/OCO2_L2_Lite_FP.11.3r/2024/oco2_LtCO2_240203_B11300Ar_260528184931s.nc4) — will retry next run
An exception occurred while trying to access remote files via HTTPS
Traceback (most recent call last):
  File "D:\EcoTrack\.venv\Lib\site-packages\aiohttp\connector.py", line 1571, in _create_direct_connection
    hosts = await self._resolve_host(host, port, traces=traces)
            ^^^^^^^^^^^^^^^^^^^^^^^^^^^^^^^^^^^^^^^^^^^^^^^^^^^
  File "D:\EcoTrack\.venv\Lib\site-packages\aiohttp\connector.py", line 1181, in _resolve_host
    return await asyncio.shield(resolved_host_task)
           ^^^^^^^^^^^^^^^^^^^^^^^^^^^^^^^^^^^^^^^^
  File "D:\EcoTrack\.venv\Lib\site-packages\aiohttp\connector.py", line 1212, in _resolve_host_with_throttle
    addrs = await self._resolver.resolve(host, port, family=self._family)
            ^^^^^^^^^^^^^^^^^^^^^^^^^^^^^^^^^^^^^^^^^^^^^^^^^^^^^^^^^^^^^
  File "D:\EcoTrack\.venv\Lib\site-packages\aiohttp\resolver.py", line 47, in resolve
    infos = await self._loop.getaddrinfo(
            ^^^^^^^^^^^^^^^^^^^^^^^^^^^^^
  File "C:\Users\JANHAVI TUPE\AppData\Local\Programs\Python\Python311\Lib\asyncio\base_events.py", line 868, in getaddrinfo
    return await self.run_in_executor(
           ^^^^^^^^^^^^^^^^^^^^^^^^^^^
  File "C:\Users\JANHAVI TUPE\AppData\Local\Programs\Python\Python311\Lib\concurrent\futures\thread.py", line 58, in run
    result = self.fn(*self.args, **self.kwargs)
             ^^^^^^^^^^^^^^^^^^^^^^^^^^^^^^^^^^
  File "C:\Users\JANHAVI TUPE\AppData\Local\Programs\Python\Python311\Lib\socket.py", line 962, in getaddrinfo
    for res in _socket.getaddrinfo(host, port, family, type, proto, flags):
               ^^^^^^^^^^^^^^^^^^^^^^^^^^^^^^^^^^^^^^^^^^^^^^^^^^^^^^^^^^^
socket.gaierror: [Errno 11001] getaddrinfo failed

The above exception was the direct cause of the following exception:

Traceback (most recent call last):
  File "D:\EcoTrack\.venv\Lib\site-packages\fsspec\implementations\http.py", line 447, in _info
    await _file_info(
  File "D:\EcoTrack\.venv\Lib\site-packages\fsspec\implementations\http.py", line 861, in _file_info
    r = await session.get(url, allow_redirects=ar, **kwargs)
        ^^^^^^^^^^^^^^^^^^^^^^^^^^^^^^^^^^^^^^^^^^^^^^^^^^^^
  File "D:\EcoTrack\.venv\Lib\site-packages\aiohttp\client.py", line 858, in _request
    resp = await handler(req)
           ^^^^^^^^^^^^^^^^^^
  File "D:\EcoTrack\.venv\Lib\site-packages\aiohttp\client.py", line 812, in _connect_and_send_request
    conn = await self._connector.connect(
           ^^^^^^^^^^^^^^^^^^^^^^^^^^^^^^
  File "D:\EcoTrack\.venv\Lib\site-packages\aiohttp\connector.py", line 657, in connect
    proto = await self._create_connection(req, traces, timeout)
            ^^^^^^^^^^^^^^^^^^^^^^^^^^^^^^^^^^^^^^^^^^^^^^^^^^^
  File "D:\EcoTrack\.venv\Lib\site-packages\aiohttp\connector.py", line 1242, in _create_connection
    _, proto = await self._create_direct_connection(req, traces, timeout)
               ^^^^^^^^^^^^^^^^^^^^^^^^^^^^^^^^^^^^^^^^^^^^^^^^^^^^^^^^^^
  File "D:\EcoTrack\.venv\Lib\site-packages\aiohttp\connector.py", line 1577, in _create_direct_connection
    raise ClientConnectorDNSError(req.connection_key, exc) from exc
aiohttp.client_exceptions.ClientConnectorDNSError: Cannot connect to host data.gesdisc.earthdata.nasa.gov:443 ssl:default [getaddrinfo failed]

The above exception was the direct cause of the following exception:

Traceback (most recent call last):
  File "D:\EcoTrack\.venv\Lib\site-packages\earthaccess\store.py", line 987, in _open_urls_https
    return _open_files(
           ^^^^^^^^^^^^
  File "D:\EcoTrack\.venv\Lib\site-packages\earthaccess\store.py", line 150, in _open_files
    return pqdm(
           ^^^^^
  File "D:\EcoTrack\.venv\Lib\site-packages\pqdm\threads.py", line 22, in pqdm
    return _parallel_process(
           ^^^^^^^^^^^^^^^^^^
  File "D:\EcoTrack\.venv\Lib\site-packages\pqdm\_base.py", line 79, in _parallel_process
    raise e
  File "D:\EcoTrack\.venv\Lib\site-packages\pqdm\_base.py", line 76, in _parallel_process
    results.append(future.result())
                   ^^^^^^^^^^^^^^^
  File "C:\Users\JANHAVI TUPE\AppData\Local\Programs\Python\Python311\Lib\concurrent\futures\_base.py", line 449, in result
    return self.__get_result()
           ^^^^^^^^^^^^^^^^^^^
  File "C:\Users\JANHAVI TUPE\AppData\Local\Programs\Python\Python311\Lib\concurrent\futures\_base.py", line 401, in __get_result
    raise self._exception
  File "C:\Users\JANHAVI TUPE\AppData\Local\Programs\Python\Python311\Lib\concurrent\futures\thread.py", line 58, in run
    result = self.fn(*self.args, **self.kwargs)
             ^^^^^^^^^^^^^^^^^^^^^^^^^^^^^^^^^^
  File "D:\EcoTrack\.venv\Lib\site-packages\earthaccess\store.py", line 137, in multi_thread_open
    f_size = fs.info(url)["size"]
             ^^^^^^^^^^^^
  File "D:\EcoTrack\.venv\Lib\site-packages\fsspec\asyn.py", line 217, in wrapper
    return sync(self.loop, func, *args, **kwargs)
           ^^^^^^^^^^^^^^^^^^^^^^^^^^^^^^^^^^^^^^
  File "D:\EcoTrack\.venv\Lib\site-packages\fsspec\asyn.py", line 106, in sync
    raise return_result
  File "D:\EcoTrack\.venv\Lib\site-packages\fsspec\asyn.py", line 59, in _runner
    result[0] = await coro
                ^^^^^^^^^^
  File "D:\EcoTrack\.venv\Lib\site-packages\fsspec\implementations\http.py", line 460, in _info
    raise FileNotFoundError(url) from exc
FileNotFoundError: https://data.gesdisc.earthdata.nasa.gov/data/OCO2_DATA/OCO2_L2_Lite_FP.11.3r/2024/oco2_LtCO2_240204_B11300Ar_260528185011s.nc4
  [1031/1148] 2024-02-04 FAILED (FileNotFoundError: https://data.gesdisc.earthdata.nasa.gov/data/OCO2_DATA/OCO2_L2_Lite_FP.11.3r/2024/oco2_LtCO2_240204_B11300Ar_260528185011s.nc4) — will retry next run
An exception occurred while trying to access remote files via HTTPS
Traceback (most recent call last):
  File "D:\EcoTrack\.venv\Lib\site-packages\aiohttp\connector.py", line 1571, in _create_direct_connection
    hosts = await self._resolve_host(host, port, traces=traces)
            ^^^^^^^^^^^^^^^^^^^^^^^^^^^^^^^^^^^^^^^^^^^^^^^^^^^
  File "D:\EcoTrack\.venv\Lib\site-packages\aiohttp\connector.py", line 1181, in _resolve_host
    return await asyncio.shield(resolved_host_task)
           ^^^^^^^^^^^^^^^^^^^^^^^^^^^^^^^^^^^^^^^^
  File "D:\EcoTrack\.venv\Lib\site-packages\aiohttp\connector.py", line 1212, in _resolve_host_with_throttle
    addrs = await self._resolver.resolve(host, port, family=self._family)
            ^^^^^^^^^^^^^^^^^^^^^^^^^^^^^^^^^^^^^^^^^^^^^^^^^^^^^^^^^^^^^
  File "D:\EcoTrack\.venv\Lib\site-packages\aiohttp\resolver.py", line 47, in resolve
    infos = await self._loop.getaddrinfo(
            ^^^^^^^^^^^^^^^^^^^^^^^^^^^^^
  File "C:\Users\JANHAVI TUPE\AppData\Local\Programs\Python\Python311\Lib\asyncio\base_events.py", line 868, in getaddrinfo
    return await self.run_in_executor(
           ^^^^^^^^^^^^^^^^^^^^^^^^^^^
  File "C:\Users\JANHAVI TUPE\AppData\Local\Programs\Python\Python311\Lib\concurrent\futures\thread.py", line 58, in run
    result = self.fn(*self.args, **self.kwargs)
             ^^^^^^^^^^^^^^^^^^^^^^^^^^^^^^^^^^
  File "C:\Users\JANHAVI TUPE\AppData\Local\Programs\Python\Python311\Lib\socket.py", line 962, in getaddrinfo
    for res in _socket.getaddrinfo(host, port, family, type, proto, flags):
               ^^^^^^^^^^^^^^^^^^^^^^^^^^^^^^^^^^^^^^^^^^^^^^^^^^^^^^^^^^^
socket.gaierror: [Errno 11001] getaddrinfo failed

The above exception was the direct cause of the following exception:

Traceback (most recent call last):
  File "D:\EcoTrack\.venv\Lib\site-packages\fsspec\implementations\http.py", line 447, in _info
    await _file_info(
  File "D:\EcoTrack\.venv\Lib\site-packages\fsspec\implementations\http.py", line 861, in _file_info
    r = await session.get(url, allow_redirects=ar, **kwargs)
        ^^^^^^^^^^^^^^^^^^^^^^^^^^^^^^^^^^^^^^^^^^^^^^^^^^^^
  File "D:\EcoTrack\.venv\Lib\site-packages\aiohttp\client.py", line 858, in _request
    resp = await handler(req)
           ^^^^^^^^^^^^^^^^^^
  File "D:\EcoTrack\.venv\Lib\site-packages\aiohttp\client.py", line 812, in _connect_and_send_request
    conn = await self._connector.connect(
           ^^^^^^^^^^^^^^^^^^^^^^^^^^^^^^
  File "D:\EcoTrack\.venv\Lib\site-packages\aiohttp\connector.py", line 657, in connect
    proto = await self._create_connection(req, traces, timeout)
            ^^^^^^^^^^^^^^^^^^^^^^^^^^^^^^^^^^^^^^^^^^^^^^^^^^^
  File "D:\EcoTrack\.venv\Lib\site-packages\aiohttp\connector.py", line 1242, in _create_connection
    _, proto = await self._create_direct_connection(req, traces, timeout)
               ^^^^^^^^^^^^^^^^^^^^^^^^^^^^^^^^^^^^^^^^^^^^^^^^^^^^^^^^^^
  File "D:\EcoTrack\.venv\Lib\site-packages\aiohttp\connector.py", line 1577, in _create_direct_connection
    raise ClientConnectorDNSError(req.connection_key, exc) from exc
aiohttp.client_exceptions.ClientConnectorDNSError: Cannot connect to host data.gesdisc.earthdata.nasa.gov:443 ssl:default [getaddrinfo failed]

The above exception was the direct cause of the following exception:

Traceback (most recent call last):
  File "D:\EcoTrack\.venv\Lib\site-packages\earthaccess\store.py", line 987, in _open_urls_https
    return _open_files(
           ^^^^^^^^^^^^
  File "D:\EcoTrack\.venv\Lib\site-packages\earthaccess\store.py", line 150, in _open_files
    return pqdm(
           ^^^^^
  File "D:\EcoTrack\.venv\Lib\site-packages\pqdm\threads.py", line 22, in pqdm
    return _parallel_process(
           ^^^^^^^^^^^^^^^^^^
  File "D:\EcoTrack\.venv\Lib\site-packages\pqdm\_base.py", line 79, in _parallel_process
    raise e
  File "D:\EcoTrack\.venv\Lib\site-packages\pqdm\_base.py", line 76, in _parallel_process
    results.append(future.result())
                   ^^^^^^^^^^^^^^^
  File "C:\Users\JANHAVI TUPE\AppData\Local\Programs\Python\Python311\Lib\concurrent\futures\_base.py", line 449, in result
    return self.__get_result()
           ^^^^^^^^^^^^^^^^^^^
  File "C:\Users\JANHAVI TUPE\AppData\Local\Programs\Python\Python311\Lib\concurrent\futures\_base.py", line 401, in __get_result
    raise self._exception
  File "C:\Users\JANHAVI TUPE\AppData\Local\Programs\Python\Python311\Lib\concurrent\futures\thread.py", line 58, in run
    result = self.fn(*self.args, **self.kwargs)
             ^^^^^^^^^^^^^^^^^^^^^^^^^^^^^^^^^^
  File "D:\EcoTrack\.venv\Lib\site-packages\earthaccess\store.py", line 137, in multi_thread_open
    f_size = fs.info(url)["size"]
             ^^^^^^^^^^^^
  File "D:\EcoTrack\.venv\Lib\site-packages\fsspec\asyn.py", line 217, in wrapper
    return sync(self.loop, func, *args, **kwargs)
           ^^^^^^^^^^^^^^^^^^^^^^^^^^^^^^^^^^^^^^
  File "D:\EcoTrack\.venv\Lib\site-packages\fsspec\asyn.py", line 106, in sync
    raise return_result
  File "D:\EcoTrack\.venv\Lib\site-packages\fsspec\asyn.py", line 59, in _runner
    result[0] = await coro
                ^^^^^^^^^^
  File "D:\EcoTrack\.venv\Lib\site-packages\fsspec\implementations\http.py", line 460, in _info
    raise FileNotFoundError(url) from exc
FileNotFoundError: https://data.gesdisc.earthdata.nasa.gov/data/OCO2_DATA/OCO2_L2_Lite_FP.11.3r/2024/oco2_LtCO2_240205_B11300Ar_260528185107s.nc4
  [1032/1148] 2024-02-05 FAILED (FileNotFoundError: https://data.gesdisc.earthdata.nasa.gov/data/OCO2_DATA/OCO2_L2_Lite_FP.11.3r/2024/oco2_LtCO2_240205_B11300Ar_260528185107s.nc4) — will retry next run
An exception occurred while trying to access remote files via HTTPS
Traceback (most recent call last):
  File "D:\EcoTrack\.venv\Lib\site-packages\aiohttp\connector.py", line 1571, in _create_direct_connection
    hosts = await self._resolve_host(host, port, traces=traces)
            ^^^^^^^^^^^^^^^^^^^^^^^^^^^^^^^^^^^^^^^^^^^^^^^^^^^
  File "D:\EcoTrack\.venv\Lib\site-packages\aiohttp\connector.py", line 1181, in _resolve_host
    return await asyncio.shield(resolved_host_task)
           ^^^^^^^^^^^^^^^^^^^^^^^^^^^^^^^^^^^^^^^^
  File "D:\EcoTrack\.venv\Lib\site-packages\aiohttp\connector.py", line 1212, in _resolve_host_with_throttle
    addrs = await self._resolver.resolve(host, port, family=self._family)
            ^^^^^^^^^^^^^^^^^^^^^^^^^^^^^^^^^^^^^^^^^^^^^^^^^^^^^^^^^^^^^
  File "D:\EcoTrack\.venv\Lib\site-packages\aiohttp\resolver.py", line 47, in resolve
    infos = await self._loop.getaddrinfo(
            ^^^^^^^^^^^^^^^^^^^^^^^^^^^^^
  File "C:\Users\JANHAVI TUPE\AppData\Local\Programs\Python\Python311\Lib\asyncio\base_events.py", line 868, in getaddrinfo
    return await self.run_in_executor(
           ^^^^^^^^^^^^^^^^^^^^^^^^^^^
  File "C:\Users\JANHAVI TUPE\AppData\Local\Programs\Python\Python311\Lib\concurrent\futures\thread.py", line 58, in run
    result = self.fn(*self.args, **self.kwargs)
             ^^^^^^^^^^^^^^^^^^^^^^^^^^^^^^^^^^
  File "C:\Users\JANHAVI TUPE\AppData\Local\Programs\Python\Python311\Lib\socket.py", line 962, in getaddrinfo
    for res in _socket.getaddrinfo(host, port, family, type, proto, flags):
               ^^^^^^^^^^^^^^^^^^^^^^^^^^^^^^^^^^^^^^^^^^^^^^^^^^^^^^^^^^^
socket.gaierror: [Errno 11001] getaddrinfo failed

The above exception was the direct cause of the following exception:

Traceback (most recent call last):
  File "D:\EcoTrack\.venv\Lib\site-packages\fsspec\implementations\http.py", line 447, in _info
    await _file_info(
  File "D:\EcoTrack\.venv\Lib\site-packages\fsspec\implementations\http.py", line 861, in _file_info
    r = await session.get(url, allow_redirects=ar, **kwargs)
        ^^^^^^^^^^^^^^^^^^^^^^^^^^^^^^^^^^^^^^^^^^^^^^^^^^^^
  File "D:\EcoTrack\.venv\Lib\site-packages\aiohttp\client.py", line 858, in _request
    resp = await handler(req)
           ^^^^^^^^^^^^^^^^^^
  File "D:\EcoTrack\.venv\Lib\site-packages\aiohttp\client.py", line 812, in _connect_and_send_request
    conn = await self._connector.connect(
           ^^^^^^^^^^^^^^^^^^^^^^^^^^^^^^
  File "D:\EcoTrack\.venv\Lib\site-packages\aiohttp\connector.py", line 657, in connect
    proto = await self._create_connection(req, traces, timeout)
            ^^^^^^^^^^^^^^^^^^^^^^^^^^^^^^^^^^^^^^^^^^^^^^^^^^^
  File "D:\EcoTrack\.venv\Lib\site-packages\aiohttp\connector.py", line 1242, in _create_connection
    _, proto = await self._create_direct_connection(req, traces, timeout)
               ^^^^^^^^^^^^^^^^^^^^^^^^^^^^^^^^^^^^^^^^^^^^^^^^^^^^^^^^^^
  File "D:\EcoTrack\.venv\Lib\site-packages\aiohttp\connector.py", line 1577, in _create_direct_connection
    raise ClientConnectorDNSError(req.connection_key, exc) from exc
aiohttp.client_exceptions.ClientConnectorDNSError: Cannot connect to host data.gesdisc.earthdata.nasa.gov:443 ssl:default [getaddrinfo failed]

The above exception was the direct cause of the following exception:

Traceback (most recent call last):
  File "D:\EcoTrack\.venv\Lib\site-packages\earthaccess\store.py", line 987, in _open_urls_https
    return _open_files(
           ^^^^^^^^^^^^
  File "D:\EcoTrack\.venv\Lib\site-packages\earthaccess\store.py", line 150, in _open_files
    return pqdm(
           ^^^^^
  File "D:\EcoTrack\.venv\Lib\site-packages\pqdm\threads.py", line 22, in pqdm
    return _parallel_process(
           ^^^^^^^^^^^^^^^^^^
  File "D:\EcoTrack\.venv\Lib\site-packages\pqdm\_base.py", line 79, in _parallel_process
    raise e
  File "D:\EcoTrack\.venv\Lib\site-packages\pqdm\_base.py", line 76, in _parallel_process
    results.append(future.result())
                   ^^^^^^^^^^^^^^^
  File "C:\Users\JANHAVI TUPE\AppData\Local\Programs\Python\Python311\Lib\concurrent\futures\_base.py", line 449, in result
    return self.__get_result()
           ^^^^^^^^^^^^^^^^^^^
  File "C:\Users\JANHAVI TUPE\AppData\Local\Programs\Python\Python311\Lib\concurrent\futures\_base.py", line 401, in __get_result
    raise self._exception
  File "C:\Users\JANHAVI TUPE\AppData\Local\Programs\Python\Python311\Lib\concurrent\futures\thread.py", line 58, in run
    result = self.fn(*self.args, **self.kwargs)
             ^^^^^^^^^^^^^^^^^^^^^^^^^^^^^^^^^^
  File "D:\EcoTrack\.venv\Lib\site-packages\earthaccess\store.py", line 137, in multi_thread_open
    f_size = fs.info(url)["size"]
             ^^^^^^^^^^^^
  File "D:\EcoTrack\.venv\Lib\site-packages\fsspec\asyn.py", line 217, in wrapper
    return sync(self.loop, func, *args, **kwargs)
           ^^^^^^^^^^^^^^^^^^^^^^^^^^^^^^^^^^^^^^
  File "D:\EcoTrack\.venv\Lib\site-packages\fsspec\asyn.py", line 106, in sync
    raise return_result
  File "D:\EcoTrack\.venv\Lib\site-packages\fsspec\asyn.py", line 59, in _runner
    result[0] = await coro
                ^^^^^^^^^^
  File "D:\EcoTrack\.venv\Lib\site-packages\fsspec\implementations\http.py", line 460, in _info
    raise FileNotFoundError(url) from exc
FileNotFoundError: https://data.gesdisc.earthdata.nasa.gov/data/OCO2_DATA/OCO2_L2_Lite_FP.11.3r/2024/oco2_LtCO2_240206_B11300Ar_260528185148s.nc4
  [1033/1148] 2024-02-06 FAILED (FileNotFoundError: https://data.gesdisc.earthdata.nasa.gov/data/OCO2_DATA/OCO2_L2_Lite_FP.11.3r/2024/oco2_LtCO2_240206_B11300Ar_260528185148s.nc4) — will retry next run
An exception occurred while trying to access remote files via HTTPS
Traceback (most recent call last):
  File "D:\EcoTrack\.venv\Lib\site-packages\aiohttp\connector.py", line 1571, in _create_direct_connection
    hosts = await self._resolve_host(host, port, traces=traces)
            ^^^^^^^^^^^^^^^^^^^^^^^^^^^^^^^^^^^^^^^^^^^^^^^^^^^
  File "D:\EcoTrack\.venv\Lib\site-packages\aiohttp\connector.py", line 1181, in _resolve_host
    return await asyncio.shield(resolved_host_task)
           ^^^^^^^^^^^^^^^^^^^^^^^^^^^^^^^^^^^^^^^^
  File "D:\EcoTrack\.venv\Lib\site-packages\aiohttp\connector.py", line 1212, in _resolve_host_with_throttle
    addrs = await self._resolver.resolve(host, port, family=self._family)
            ^^^^^^^^^^^^^^^^^^^^^^^^^^^^^^^^^^^^^^^^^^^^^^^^^^^^^^^^^^^^^
  File "D:\EcoTrack\.venv\Lib\site-packages\aiohttp\resolver.py", line 47, in resolve
    infos = await self._loop.getaddrinfo(
            ^^^^^^^^^^^^^^^^^^^^^^^^^^^^^
  File "C:\Users\JANHAVI TUPE\AppData\Local\Programs\Python\Python311\Lib\asyncio\base_events.py", line 868, in getaddrinfo
    return await self.run_in_executor(
           ^^^^^^^^^^^^^^^^^^^^^^^^^^^
  File "C:\Users\JANHAVI TUPE\AppData\Local\Programs\Python\Python311\Lib\concurrent\futures\thread.py", line 58, in run
    result = self.fn(*self.args, **self.kwargs)
             ^^^^^^^^^^^^^^^^^^^^^^^^^^^^^^^^^^
  File "C:\Users\JANHAVI TUPE\AppData\Local\Programs\Python\Python311\Lib\socket.py", line 962, in getaddrinfo
    for res in _socket.getaddrinfo(host, port, family, type, proto, flags):
               ^^^^^^^^^^^^^^^^^^^^^^^^^^^^^^^^^^^^^^^^^^^^^^^^^^^^^^^^^^^
socket.gaierror: [Errno 11001] getaddrinfo failed

The above exception was the direct cause of the following exception:

Traceback (most recent call last):
  File "D:\EcoTrack\.venv\Lib\site-packages\fsspec\implementations\http.py", line 447, in _info
    await _file_info(
  File "D:\EcoTrack\.venv\Lib\site-packages\fsspec\implementations\http.py", line 861, in _file_info
    r = await session.get(url, allow_redirects=ar, **kwargs)
        ^^^^^^^^^^^^^^^^^^^^^^^^^^^^^^^^^^^^^^^^^^^^^^^^^^^^
  File "D:\EcoTrack\.venv\Lib\site-packages\aiohttp\client.py", line 858, in _request
    resp = await handler(req)
           ^^^^^^^^^^^^^^^^^^
  File "D:\EcoTrack\.venv\Lib\site-packages\aiohttp\client.py", line 812, in _connect_and_send_request
    conn = await self._connector.connect(
           ^^^^^^^^^^^^^^^^^^^^^^^^^^^^^^
  File "D:\EcoTrack\.venv\Lib\site-packages\aiohttp\connector.py", line 657, in connect
    proto = await self._create_connection(req, traces, timeout)
            ^^^^^^^^^^^^^^^^^^^^^^^^^^^^^^^^^^^^^^^^^^^^^^^^^^^
  File "D:\EcoTrack\.venv\Lib\site-packages\aiohttp\connector.py", line 1242, in _create_connection
    _, proto = await self._create_direct_connection(req, traces, timeout)
               ^^^^^^^^^^^^^^^^^^^^^^^^^^^^^^^^^^^^^^^^^^^^^^^^^^^^^^^^^^
  File "D:\EcoTrack\.venv\Lib\site-packages\aiohttp\connector.py", line 1577, in _create_direct_connection
    raise ClientConnectorDNSError(req.connection_key, exc) from exc
aiohttp.client_exceptions.ClientConnectorDNSError: Cannot connect to host data.gesdisc.earthdata.nasa.gov:443 ssl:default [getaddrinfo failed]

The above exception was the direct cause of the following exception:

Traceback (most recent call last):
  File "D:\EcoTrack\.venv\Lib\site-packages\earthaccess\store.py", line 987, in _open_urls_https
    return _open_files(
           ^^^^^^^^^^^^
  File "D:\EcoTrack\.venv\Lib\site-packages\earthaccess\store.py", line 150, in _open_files
    return pqdm(
           ^^^^^
  File "D:\EcoTrack\.venv\Lib\site-packages\pqdm\threads.py", line 22, in pqdm
    return _parallel_process(
           ^^^^^^^^^^^^^^^^^^
  File "D:\EcoTrack\.venv\Lib\site-packages\pqdm\_base.py", line 79, in _parallel_process
    raise e
  File "D:\EcoTrack\.venv\Lib\site-packages\pqdm\_base.py", line 76, in _parallel_process
    results.append(future.result())
                   ^^^^^^^^^^^^^^^
  File "C:\Users\JANHAVI TUPE\AppData\Local\Programs\Python\Python311\Lib\concurrent\futures\_base.py", line 449, in result
    return self.__get_result()
           ^^^^^^^^^^^^^^^^^^^
  File "C:\Users\JANHAVI TUPE\AppData\Local\Programs\Python\Python311\Lib\concurrent\futures\_base.py", line 401, in __get_result
    raise self._exception
  File "C:\Users\JANHAVI TUPE\AppData\Local\Programs\Python\Python311\Lib\concurrent\futures\thread.py", line 58, in run
    result = self.fn(*self.args, **self.kwargs)
             ^^^^^^^^^^^^^^^^^^^^^^^^^^^^^^^^^^
  File "D:\EcoTrack\.venv\Lib\site-packages\earthaccess\store.py", line 137, in multi_thread_open
    f_size = fs.info(url)["size"]
             ^^^^^^^^^^^^
  File "D:\EcoTrack\.venv\Lib\site-packages\fsspec\asyn.py", line 217, in wrapper
    return sync(self.loop, func, *args, **kwargs)
           ^^^^^^^^^^^^^^^^^^^^^^^^^^^^^^^^^^^^^^
  File "D:\EcoTrack\.venv\Lib\site-packages\fsspec\asyn.py", line 106, in sync
    raise return_result
  File "D:\EcoTrack\.venv\Lib\site-packages\fsspec\asyn.py", line 59, in _runner
    result[0] = await coro
                ^^^^^^^^^^
  File "D:\EcoTrack\.venv\Lib\site-packages\fsspec\implementations\http.py", line 460, in _info
    raise FileNotFoundError(url) from exc
FileNotFoundError: https://data.gesdisc.earthdata.nasa.gov/data/OCO2_DATA/OCO2_L2_Lite_FP.11.3r/2024/oco2_LtCO2_240207_B11300Ar_260528185233s.nc4
  [1034/1148] 2024-02-07 FAILED (FileNotFoundError: https://data.gesdisc.earthdata.nasa.gov/data/OCO2_DATA/OCO2_L2_Lite_FP.11.3r/2024/oco2_LtCO2_240207_B11300Ar_260528185233s.nc4) — will retry next run
An exception occurred while trying to access remote files via HTTPS
Traceback (most recent call last):
  File "D:\EcoTrack\.venv\Lib\site-packages\aiohttp\connector.py", line 1571, in _create_direct_connection
    hosts = await self._resolve_host(host, port, traces=traces)
            ^^^^^^^^^^^^^^^^^^^^^^^^^^^^^^^^^^^^^^^^^^^^^^^^^^^
  File "D:\EcoTrack\.venv\Lib\site-packages\aiohttp\connector.py", line 1181, in _resolve_host
    return await asyncio.shield(resolved_host_task)
           ^^^^^^^^^^^^^^^^^^^^^^^^^^^^^^^^^^^^^^^^
  File "D:\EcoTrack\.venv\Lib\site-packages\aiohttp\connector.py", line 1212, in _resolve_host_with_throttle
    addrs = await self._resolver.resolve(host, port, family=self._family)
            ^^^^^^^^^^^^^^^^^^^^^^^^^^^^^^^^^^^^^^^^^^^^^^^^^^^^^^^^^^^^^
  File "D:\EcoTrack\.venv\Lib\site-packages\aiohttp\resolver.py", line 47, in resolve
    infos = await self._loop.getaddrinfo(
            ^^^^^^^^^^^^^^^^^^^^^^^^^^^^^
  File "C:\Users\JANHAVI TUPE\AppData\Local\Programs\Python\Python311\Lib\asyncio\base_events.py", line 868, in getaddrinfo
    return await self.run_in_executor(
           ^^^^^^^^^^^^^^^^^^^^^^^^^^^
  File "C:\Users\JANHAVI TUPE\AppData\Local\Programs\Python\Python311\Lib\concurrent\futures\thread.py", line 58, in run
    result = self.fn(*self.args, **self.kwargs)
             ^^^^^^^^^^^^^^^^^^^^^^^^^^^^^^^^^^
  File "C:\Users\JANHAVI TUPE\AppData\Local\Programs\Python\Python311\Lib\socket.py", line 962, in getaddrinfo
    for res in _socket.getaddrinfo(host, port, family, type, proto, flags):
               ^^^^^^^^^^^^^^^^^^^^^^^^^^^^^^^^^^^^^^^^^^^^^^^^^^^^^^^^^^^
socket.gaierror: [Errno 11001] getaddrinfo failed

The above exception was the direct cause of the following exception:

Traceback (most recent call last):
  File "D:\EcoTrack\.venv\Lib\site-packages\fsspec\implementations\http.py", line 447, in _info
    await _file_info(
  File "D:\EcoTrack\.venv\Lib\site-packages\fsspec\implementations\http.py", line 861, in _file_info
    r = await session.get(url, allow_redirects=ar, **kwargs)
        ^^^^^^^^^^^^^^^^^^^^^^^^^^^^^^^^^^^^^^^^^^^^^^^^^^^^
  File "D:\EcoTrack\.venv\Lib\site-packages\aiohttp\client.py", line 858, in _request
    resp = await handler(req)
           ^^^^^^^^^^^^^^^^^^
  File "D:\EcoTrack\.venv\Lib\site-packages\aiohttp\client.py", line 812, in _connect_and_send_request
    conn = await self._connector.connect(
           ^^^^^^^^^^^^^^^^^^^^^^^^^^^^^^
  File "D:\EcoTrack\.venv\Lib\site-packages\aiohttp\connector.py", line 657, in connect
    proto = await self._create_connection(req, traces, timeout)
            ^^^^^^^^^^^^^^^^^^^^^^^^^^^^^^^^^^^^^^^^^^^^^^^^^^^
  File "D:\EcoTrack\.venv\Lib\site-packages\aiohttp\connector.py", line 1242, in _create_connection
    _, proto = await self._create_direct_connection(req, traces, timeout)
               ^^^^^^^^^^^^^^^^^^^^^^^^^^^^^^^^^^^^^^^^^^^^^^^^^^^^^^^^^^
  File "D:\EcoTrack\.venv\Lib\site-packages\aiohttp\connector.py", line 1577, in _create_direct_connection
    raise ClientConnectorDNSError(req.connection_key, exc) from exc
aiohttp.client_exceptions.ClientConnectorDNSError: Cannot connect to host data.gesdisc.earthdata.nasa.gov:443 ssl:default [getaddrinfo failed]

The above exception was the direct cause of the following exception:

Traceback (most recent call last):
  File "D:\EcoTrack\.venv\Lib\site-packages\earthaccess\store.py", line 987, in _open_urls_https
    return _open_files(
           ^^^^^^^^^^^^
  File "D:\EcoTrack\.venv\Lib\site-packages\earthaccess\store.py", line 150, in _open_files
    return pqdm(
           ^^^^^
  File "D:\EcoTrack\.venv\Lib\site-packages\pqdm\threads.py", line 22, in pqdm
    return _parallel_process(
           ^^^^^^^^^^^^^^^^^^
  File "D:\EcoTrack\.venv\Lib\site-packages\pqdm\_base.py", line 79, in _parallel_process
    raise e
  File "D:\EcoTrack\.venv\Lib\site-packages\pqdm\_base.py", line 76, in _parallel_process
    results.append(future.result())
                   ^^^^^^^^^^^^^^^
  File "C:\Users\JANHAVI TUPE\AppData\Local\Programs\Python\Python311\Lib\concurrent\futures\_base.py", line 449, in result
    return self.__get_result()
           ^^^^^^^^^^^^^^^^^^^
  File "C:\Users\JANHAVI TUPE\AppData\Local\Programs\Python\Python311\Lib\concurrent\futures\_base.py", line 401, in __get_result
    raise self._exception
  File "C:\Users\JANHAVI TUPE\AppData\Local\Programs\Python\Python311\Lib\concurrent\futures\thread.py", line 58, in run
    result = self.fn(*self.args, **self.kwargs)
             ^^^^^^^^^^^^^^^^^^^^^^^^^^^^^^^^^^
  File "D:\EcoTrack\.venv\Lib\site-packages\earthaccess\store.py", line 137, in multi_thread_open
    f_size = fs.info(url)["size"]
             ^^^^^^^^^^^^
  File "D:\EcoTrack\.venv\Lib\site-packages\fsspec\asyn.py", line 217, in wrapper
    return sync(self.loop, func, *args, **kwargs)
           ^^^^^^^^^^^^^^^^^^^^^^^^^^^^^^^^^^^^^^
  File "D:\EcoTrack\.venv\Lib\site-packages\fsspec\asyn.py", line 106, in sync
    raise return_result
  File "D:\EcoTrack\.venv\Lib\site-packages\fsspec\asyn.py", line 59, in _runner
    result[0] = await coro
                ^^^^^^^^^^
  File "D:\EcoTrack\.venv\Lib\site-packages\fsspec\implementations\http.py", line 460, in _info
    raise FileNotFoundError(url) from exc
FileNotFoundError: https://data.gesdisc.earthdata.nasa.gov/data/OCO2_DATA/OCO2_L2_Lite_FP.11.3r/2024/oco2_LtCO2_240208_B11300Ar_260528185315s.nc4
  [1035/1148] 2024-02-08 FAILED (FileNotFoundError: https://data.gesdisc.earthdata.nasa.gov/data/OCO2_DATA/OCO2_L2_Lite_FP.11.3r/2024/oco2_LtCO2_240208_B11300Ar_260528185315s.nc4) — will retry next run
An exception occurred while trying to access remote files via HTTPS
Traceback (most recent call last):
  File "D:\EcoTrack\.venv\Lib\site-packages\aiohttp\connector.py", line 1571, in _create_direct_connection
    hosts = await self._resolve_host(host, port, traces=traces)
            ^^^^^^^^^^^^^^^^^^^^^^^^^^^^^^^^^^^^^^^^^^^^^^^^^^^
  File "D:\EcoTrack\.venv\Lib\site-packages\aiohttp\connector.py", line 1181, in _resolve_host
    return await asyncio.shield(resolved_host_task)
           ^^^^^^^^^^^^^^^^^^^^^^^^^^^^^^^^^^^^^^^^
  File "D:\EcoTrack\.venv\Lib\site-packages\aiohttp\connector.py", line 1212, in _resolve_host_with_throttle
    addrs = await self._resolver.resolve(host, port, family=self._family)
            ^^^^^^^^^^^^^^^^^^^^^^^^^^^^^^^^^^^^^^^^^^^^^^^^^^^^^^^^^^^^^
  File "D:\EcoTrack\.venv\Lib\site-packages\aiohttp\resolver.py", line 47, in resolve
    infos = await self._loop.getaddrinfo(
            ^^^^^^^^^^^^^^^^^^^^^^^^^^^^^
  File "C:\Users\JANHAVI TUPE\AppData\Local\Programs\Python\Python311\Lib\asyncio\base_events.py", line 868, in getaddrinfo
    return await self.run_in_executor(
           ^^^^^^^^^^^^^^^^^^^^^^^^^^^
  File "C:\Users\JANHAVI TUPE\AppData\Local\Programs\Python\Python311\Lib\concurrent\futures\thread.py", line 58, in run
    result = self.fn(*self.args, **self.kwargs)
             ^^^^^^^^^^^^^^^^^^^^^^^^^^^^^^^^^^
  File "C:\Users\JANHAVI TUPE\AppData\Local\Programs\Python\Python311\Lib\socket.py", line 962, in getaddrinfo
    for res in _socket.getaddrinfo(host, port, family, type, proto, flags):
               ^^^^^^^^^^^^^^^^^^^^^^^^^^^^^^^^^^^^^^^^^^^^^^^^^^^^^^^^^^^
socket.gaierror: [Errno 11001] getaddrinfo failed

The above exception was the direct cause of the following exception:

Traceback (most recent call last):
  File "D:\EcoTrack\.venv\Lib\site-packages\fsspec\implementations\http.py", line 447, in _info
    await _file_info(
  File "D:\EcoTrack\.venv\Lib\site-packages\fsspec\implementations\http.py", line 861, in _file_info
    r = await session.get(url, allow_redirects=ar, **kwargs)
        ^^^^^^^^^^^^^^^^^^^^^^^^^^^^^^^^^^^^^^^^^^^^^^^^^^^^
  File "D:\EcoTrack\.venv\Lib\site-packages\aiohttp\client.py", line 858, in _request
    resp = await handler(req)
           ^^^^^^^^^^^^^^^^^^
  File "D:\EcoTrack\.venv\Lib\site-packages\aiohttp\client.py", line 812, in _connect_and_send_request
    conn = await self._connector.connect(
           ^^^^^^^^^^^^^^^^^^^^^^^^^^^^^^
  File "D:\EcoTrack\.venv\Lib\site-packages\aiohttp\connector.py", line 657, in connect
    proto = await self._create_connection(req, traces, timeout)
            ^^^^^^^^^^^^^^^^^^^^^^^^^^^^^^^^^^^^^^^^^^^^^^^^^^^
  File "D:\EcoTrack\.venv\Lib\site-packages\aiohttp\connector.py", line 1242, in _create_connection
    _, proto = await self._create_direct_connection(req, traces, timeout)
               ^^^^^^^^^^^^^^^^^^^^^^^^^^^^^^^^^^^^^^^^^^^^^^^^^^^^^^^^^^
  File "D:\EcoTrack\.venv\Lib\site-packages\aiohttp\connector.py", line 1577, in _create_direct_connection
    raise ClientConnectorDNSError(req.connection_key, exc) from exc
aiohttp.client_exceptions.ClientConnectorDNSError: Cannot connect to host data.gesdisc.earthdata.nasa.gov:443 ssl:default [getaddrinfo failed]

The above exception was the direct cause of the following exception:

Traceback (most recent call last):
  File "D:\EcoTrack\.venv\Lib\site-packages\earthaccess\store.py", line 987, in _open_urls_https
    return _open_files(
           ^^^^^^^^^^^^
  File "D:\EcoTrack\.venv\Lib\site-packages\earthaccess\store.py", line 150, in _open_files
    return pqdm(
           ^^^^^
  File "D:\EcoTrack\.venv\Lib\site-packages\pqdm\threads.py", line 22, in pqdm
    return _parallel_process(
           ^^^^^^^^^^^^^^^^^^
  File "D:\EcoTrack\.venv\Lib\site-packages\pqdm\_base.py", line 79, in _parallel_process
    raise e
  File "D:\EcoTrack\.venv\Lib\site-packages\pqdm\_base.py", line 76, in _parallel_process
    results.append(future.result())
                   ^^^^^^^^^^^^^^^
  File "C:\Users\JANHAVI TUPE\AppData\Local\Programs\Python\Python311\Lib\concurrent\futures\_base.py", line 449, in result
    return self.__get_result()
           ^^^^^^^^^^^^^^^^^^^
  File "C:\Users\JANHAVI TUPE\AppData\Local\Programs\Python\Python311\Lib\concurrent\futures\_base.py", line 401, in __get_result
    raise self._exception
  File "C:\Users\JANHAVI TUPE\AppData\Local\Programs\Python\Python311\Lib\concurrent\futures\thread.py", line 58, in run
    result = self.fn(*self.args, **self.kwargs)
             ^^^^^^^^^^^^^^^^^^^^^^^^^^^^^^^^^^
  File "D:\EcoTrack\.venv\Lib\site-packages\earthaccess\store.py", line 137, in multi_thread_open
    f_size = fs.info(url)["size"]
             ^^^^^^^^^^^^
  File "D:\EcoTrack\.venv\Lib\site-packages\fsspec\asyn.py", line 217, in wrapper
    return sync(self.loop, func, *args, **kwargs)
           ^^^^^^^^^^^^^^^^^^^^^^^^^^^^^^^^^^^^^^
  File "D:\EcoTrack\.venv\Lib\site-packages\fsspec\asyn.py", line 106, in sync
    raise return_result
  File "D:\EcoTrack\.venv\Lib\site-packages\fsspec\asyn.py", line 59, in _runner
    result[0] = await coro
                ^^^^^^^^^^
  File "D:\EcoTrack\.venv\Lib\site-packages\fsspec\implementations\http.py", line 460, in _info
    raise FileNotFoundError(url) from exc
FileNotFoundError: https://data.gesdisc.earthdata.nasa.gov/data/OCO2_DATA/OCO2_L2_Lite_FP.11.3r/2024/oco2_LtCO2_240209_B11300Ar_260528185406s.nc4
  [1036/1148] 2024-02-09 FAILED (FileNotFoundError: https://data.gesdisc.earthdata.nasa.gov/data/OCO2_DATA/OCO2_L2_Lite_FP.11.3r/2024/oco2_LtCO2_240209_B11300Ar_260528185406s.nc4) — will retry next run
An exception occurred while trying to access remote files via HTTPS
Traceback (most recent call last):
  File "D:\EcoTrack\.venv\Lib\site-packages\aiohttp\connector.py", line 1571, in _create_direct_connection
    hosts = await self._resolve_host(host, port, traces=traces)
            ^^^^^^^^^^^^^^^^^^^^^^^^^^^^^^^^^^^^^^^^^^^^^^^^^^^
  File "D:\EcoTrack\.venv\Lib\site-packages\aiohttp\connector.py", line 1181, in _resolve_host
    return await asyncio.shield(resolved_host_task)
           ^^^^^^^^^^^^^^^^^^^^^^^^^^^^^^^^^^^^^^^^
  File "D:\EcoTrack\.venv\Lib\site-packages\aiohttp\connector.py", line 1212, in _resolve_host_with_throttle
    addrs = await self._resolver.resolve(host, port, family=self._family)
            ^^^^^^^^^^^^^^^^^^^^^^^^^^^^^^^^^^^^^^^^^^^^^^^^^^^^^^^^^^^^^
  File "D:\EcoTrack\.venv\Lib\site-packages\aiohttp\resolver.py", line 47, in resolve
    infos = await self._loop.getaddrinfo(
            ^^^^^^^^^^^^^^^^^^^^^^^^^^^^^
  File "C:\Users\JANHAVI TUPE\AppData\Local\Programs\Python\Python311\Lib\asyncio\base_events.py", line 868, in getaddrinfo
    return await self.run_in_executor(
           ^^^^^^^^^^^^^^^^^^^^^^^^^^^
  File "C:\Users\JANHAVI TUPE\AppData\Local\Programs\Python\Python311\Lib\concurrent\futures\thread.py", line 58, in run
    result = self.fn(*self.args, **self.kwargs)
             ^^^^^^^^^^^^^^^^^^^^^^^^^^^^^^^^^^
  File "C:\Users\JANHAVI TUPE\AppData\Local\Programs\Python\Python311\Lib\socket.py", line 962, in getaddrinfo
    for res in _socket.getaddrinfo(host, port, family, type, proto, flags):
               ^^^^^^^^^^^^^^^^^^^^^^^^^^^^^^^^^^^^^^^^^^^^^^^^^^^^^^^^^^^
socket.gaierror: [Errno 11001] getaddrinfo failed

The above exception was the direct cause of the following exception:

Traceback (most recent call last):
  File "D:\EcoTrack\.venv\Lib\site-packages\fsspec\implementations\http.py", line 447, in _info
    await _file_info(
  File "D:\EcoTrack\.venv\Lib\site-packages\fsspec\implementations\http.py", line 861, in _file_info
    r = await session.get(url, allow_redirects=ar, **kwargs)
        ^^^^^^^^^^^^^^^^^^^^^^^^^^^^^^^^^^^^^^^^^^^^^^^^^^^^
  File "D:\EcoTrack\.venv\Lib\site-packages\aiohttp\client.py", line 858, in _request
    resp = await handler(req)
           ^^^^^^^^^^^^^^^^^^
  File "D:\EcoTrack\.venv\Lib\site-packages\aiohttp\client.py", line 812, in _connect_and_send_request
    conn = await self._connector.connect(
           ^^^^^^^^^^^^^^^^^^^^^^^^^^^^^^
  File "D:\EcoTrack\.venv\Lib\site-packages\aiohttp\connector.py", line 657, in connect
    proto = await self._create_connection(req, traces, timeout)
            ^^^^^^^^^^^^^^^^^^^^^^^^^^^^^^^^^^^^^^^^^^^^^^^^^^^
  File "D:\EcoTrack\.venv\Lib\site-packages\aiohttp\connector.py", line 1242, in _create_connection
    _, proto = await self._create_direct_connection(req, traces, timeout)
               ^^^^^^^^^^^^^^^^^^^^^^^^^^^^^^^^^^^^^^^^^^^^^^^^^^^^^^^^^^
  File "D:\EcoTrack\.venv\Lib\site-packages\aiohttp\connector.py", line 1577, in _create_direct_connection
    raise ClientConnectorDNSError(req.connection_key, exc) from exc
aiohttp.client_exceptions.ClientConnectorDNSError: Cannot connect to host data.gesdisc.earthdata.nasa.gov:443 ssl:default [getaddrinfo failed]

The above exception was the direct cause of the following exception:

Traceback (most recent call last):
  File "D:\EcoTrack\.venv\Lib\site-packages\earthaccess\store.py", line 987, in _open_urls_https
    return _open_files(
           ^^^^^^^^^^^^
  File "D:\EcoTrack\.venv\Lib\site-packages\earthaccess\store.py", line 150, in _open_files
    return pqdm(
           ^^^^^
  File "D:\EcoTrack\.venv\Lib\site-packages\pqdm\threads.py", line 22, in pqdm
    return _parallel_process(
           ^^^^^^^^^^^^^^^^^^
  File "D:\EcoTrack\.venv\Lib\site-packages\pqdm\_base.py", line 79, in _parallel_process
    raise e
  File "D:\EcoTrack\.venv\Lib\site-packages\pqdm\_base.py", line 76, in _parallel_process
    results.append(future.result())
                   ^^^^^^^^^^^^^^^
  File "C:\Users\JANHAVI TUPE\AppData\Local\Programs\Python\Python311\Lib\concurrent\futures\_base.py", line 449, in result
    return self.__get_result()
           ^^^^^^^^^^^^^^^^^^^
  File "C:\Users\JANHAVI TUPE\AppData\Local\Programs\Python\Python311\Lib\concurrent\futures\_base.py", line 401, in __get_result
    raise self._exception
  File "C:\Users\JANHAVI TUPE\AppData\Local\Programs\Python\Python311\Lib\concurrent\futures\thread.py", line 58, in run
    result = self.fn(*self.args, **self.kwargs)
             ^^^^^^^^^^^^^^^^^^^^^^^^^^^^^^^^^^
  File "D:\EcoTrack\.venv\Lib\site-packages\earthaccess\store.py", line 137, in multi_thread_open
    f_size = fs.info(url)["size"]
             ^^^^^^^^^^^^
  File "D:\EcoTrack\.venv\Lib\site-packages\fsspec\asyn.py", line 217, in wrapper
    return sync(self.loop, func, *args, **kwargs)
           ^^^^^^^^^^^^^^^^^^^^^^^^^^^^^^^^^^^^^^
  File "D:\EcoTrack\.venv\Lib\site-packages\fsspec\asyn.py", line 106, in sync
    raise return_result
  File "D:\EcoTrack\.venv\Lib\site-packages\fsspec\asyn.py", line 59, in _runner
    result[0] = await coro
                ^^^^^^^^^^
  File "D:\EcoTrack\.venv\Lib\site-packages\fsspec\implementations\http.py", line 460, in _info
    raise FileNotFoundError(url) from exc
FileNotFoundError: https://data.gesdisc.earthdata.nasa.gov/data/OCO2_DATA/OCO2_L2_Lite_FP.11.3r/2024/oco2_LtCO2_240210_B11300Ar_260528185450s.nc4
  [1037/1148] 2024-02-10 FAILED (FileNotFoundError: https://data.gesdisc.earthdata.nasa.gov/data/OCO2_DATA/OCO2_L2_Lite_FP.11.3r/2024/oco2_LtCO2_240210_B11300Ar_260528185450s.nc4) — will retry next run
An exception occurred while trying to access remote files via HTTPS
Traceback (most recent call last):
  File "D:\EcoTrack\.venv\Lib\site-packages\aiohttp\connector.py", line 1571, in _create_direct_connection
    hosts = await self._resolve_host(host, port, traces=traces)
            ^^^^^^^^^^^^^^^^^^^^^^^^^^^^^^^^^^^^^^^^^^^^^^^^^^^
  File "D:\EcoTrack\.venv\Lib\site-packages\aiohttp\connector.py", line 1181, in _resolve_host
    return await asyncio.shield(resolved_host_task)
           ^^^^^^^^^^^^^^^^^^^^^^^^^^^^^^^^^^^^^^^^
  File "D:\EcoTrack\.venv\Lib\site-packages\aiohttp\connector.py", line 1212, in _resolve_host_with_throttle
    addrs = await self._resolver.resolve(host, port, family=self._family)
            ^^^^^^^^^^^^^^^^^^^^^^^^^^^^^^^^^^^^^^^^^^^^^^^^^^^^^^^^^^^^^
  File "D:\EcoTrack\.venv\Lib\site-packages\aiohttp\resolver.py", line 47, in resolve
    infos = await self._loop.getaddrinfo(
            ^^^^^^^^^^^^^^^^^^^^^^^^^^^^^
  File "C:\Users\JANHAVI TUPE\AppData\Local\Programs\Python\Python311\Lib\asyncio\base_events.py", line 868, in getaddrinfo
    return await self.run_in_executor(
           ^^^^^^^^^^^^^^^^^^^^^^^^^^^
  File "C:\Users\JANHAVI TUPE\AppData\Local\Programs\Python\Python311\Lib\concurrent\futures\thread.py", line 58, in run
    result = self.fn(*self.args, **self.kwargs)
             ^^^^^^^^^^^^^^^^^^^^^^^^^^^^^^^^^^
  File "C:\Users\JANHAVI TUPE\AppData\Local\Programs\Python\Python311\Lib\socket.py", line 962, in getaddrinfo
    for res in _socket.getaddrinfo(host, port, family, type, proto, flags):
               ^^^^^^^^^^^^^^^^^^^^^^^^^^^^^^^^^^^^^^^^^^^^^^^^^^^^^^^^^^^
socket.gaierror: [Errno 11001] getaddrinfo failed

The above exception was the direct cause of the following exception:

Traceback (most recent call last):
  File "D:\EcoTrack\.venv\Lib\site-packages\fsspec\implementations\http.py", line 447, in _info
    await _file_info(
  File "D:\EcoTrack\.venv\Lib\site-packages\fsspec\implementations\http.py", line 861, in _file_info
    r = await session.get(url, allow_redirects=ar, **kwargs)
        ^^^^^^^^^^^^^^^^^^^^^^^^^^^^^^^^^^^^^^^^^^^^^^^^^^^^
  File "D:\EcoTrack\.venv\Lib\site-packages\aiohttp\client.py", line 858, in _request
    resp = await handler(req)
           ^^^^^^^^^^^^^^^^^^
  File "D:\EcoTrack\.venv\Lib\site-packages\aiohttp\client.py", line 812, in _connect_and_send_request
    conn = await self._connector.connect(
           ^^^^^^^^^^^^^^^^^^^^^^^^^^^^^^
  File "D:\EcoTrack\.venv\Lib\site-packages\aiohttp\connector.py", line 657, in connect
    proto = await self._create_connection(req, traces, timeout)
            ^^^^^^^^^^^^^^^^^^^^^^^^^^^^^^^^^^^^^^^^^^^^^^^^^^^
  File "D:\EcoTrack\.venv\Lib\site-packages\aiohttp\connector.py", line 1242, in _create_connection
    _, proto = await self._create_direct_connection(req, traces, timeout)
               ^^^^^^^^^^^^^^^^^^^^^^^^^^^^^^^^^^^^^^^^^^^^^^^^^^^^^^^^^^
  File "D:\EcoTrack\.venv\Lib\site-packages\aiohttp\connector.py", line 1577, in _create_direct_connection
    raise ClientConnectorDNSError(req.connection_key, exc) from exc
aiohttp.client_exceptions.ClientConnectorDNSError: Cannot connect to host data.gesdisc.earthdata.nasa.gov:443 ssl:default [getaddrinfo failed]

The above exception was the direct cause of the following exception:

Traceback (most recent call last):
  File "D:\EcoTrack\.venv\Lib\site-packages\earthaccess\store.py", line 987, in _open_urls_https
    return _open_files(
           ^^^^^^^^^^^^
  File "D:\EcoTrack\.venv\Lib\site-packages\earthaccess\store.py", line 150, in _open_files
    return pqdm(
           ^^^^^
  File "D:\EcoTrack\.venv\Lib\site-packages\pqdm\threads.py", line 22, in pqdm
    return _parallel_process(
           ^^^^^^^^^^^^^^^^^^
  File "D:\EcoTrack\.venv\Lib\site-packages\pqdm\_base.py", line 79, in _parallel_process
    raise e
  File "D:\EcoTrack\.venv\Lib\site-packages\pqdm\_base.py", line 76, in _parallel_process
    results.append(future.result())
                   ^^^^^^^^^^^^^^^
  File "C:\Users\JANHAVI TUPE\AppData\Local\Programs\Python\Python311\Lib\concurrent\futures\_base.py", line 449, in result
    return self.__get_result()
           ^^^^^^^^^^^^^^^^^^^
  File "C:\Users\JANHAVI TUPE\AppData\Local\Programs\Python\Python311\Lib\concurrent\futures\_base.py", line 401, in __get_result
    raise self._exception
  File "C:\Users\JANHAVI TUPE\AppData\Local\Programs\Python\Python311\Lib\concurrent\futures\thread.py", line 58, in run
    result = self.fn(*self.args, **self.kwargs)
             ^^^^^^^^^^^^^^^^^^^^^^^^^^^^^^^^^^
  File "D:\EcoTrack\.venv\Lib\site-packages\earthaccess\store.py", line 137, in multi_thread_open
    f_size = fs.info(url)["size"]
             ^^^^^^^^^^^^
  File "D:\EcoTrack\.venv\Lib\site-packages\fsspec\asyn.py", line 217, in wrapper
    return sync(self.loop, func, *args, **kwargs)
           ^^^^^^^^^^^^^^^^^^^^^^^^^^^^^^^^^^^^^^
  File "D:\EcoTrack\.venv\Lib\site-packages\fsspec\asyn.py", line 106, in sync
    raise return_result
  File "D:\EcoTrack\.venv\Lib\site-packages\fsspec\asyn.py", line 59, in _runner
    result[0] = await coro
                ^^^^^^^^^^
  File "D:\EcoTrack\.venv\Lib\site-packages\fsspec\implementations\http.py", line 460, in _info
    raise FileNotFoundError(url) from exc
FileNotFoundError: https://data.gesdisc.earthdata.nasa.gov/data/OCO2_DATA/OCO2_L2_Lite_FP.11.3r/2024/oco2_LtCO2_240211_B11300Ar_260528185538s.nc4
  [1038/1148] 2024-02-11 FAILED (FileNotFoundError: https://data.gesdisc.earthdata.nasa.gov/data/OCO2_DATA/OCO2_L2_Lite_FP.11.3r/2024/oco2_LtCO2_240211_B11300Ar_260528185538s.nc4) — will retry next run
An exception occurred while trying to access remote files via HTTPS
Traceback (most recent call last):
  File "D:\EcoTrack\.venv\Lib\site-packages\aiohttp\connector.py", line 1571, in _create_direct_connection
    hosts = await self._resolve_host(host, port, traces=traces)
            ^^^^^^^^^^^^^^^^^^^^^^^^^^^^^^^^^^^^^^^^^^^^^^^^^^^
  File "D:\EcoTrack\.venv\Lib\site-packages\aiohttp\connector.py", line 1181, in _resolve_host
    return await asyncio.shield(resolved_host_task)
           ^^^^^^^^^^^^^^^^^^^^^^^^^^^^^^^^^^^^^^^^
  File "D:\EcoTrack\.venv\Lib\site-packages\aiohttp\connector.py", line 1212, in _resolve_host_with_throttle
    addrs = await self._resolver.resolve(host, port, family=self._family)
            ^^^^^^^^^^^^^^^^^^^^^^^^^^^^^^^^^^^^^^^^^^^^^^^^^^^^^^^^^^^^^
  File "D:\EcoTrack\.venv\Lib\site-packages\aiohttp\resolver.py", line 47, in resolve
    infos = await self._loop.getaddrinfo(
            ^^^^^^^^^^^^^^^^^^^^^^^^^^^^^
  File "C:\Users\JANHAVI TUPE\AppData\Local\Programs\Python\Python311\Lib\asyncio\base_events.py", line 868, in getaddrinfo
    return await self.run_in_executor(
           ^^^^^^^^^^^^^^^^^^^^^^^^^^^
  File "C:\Users\JANHAVI TUPE\AppData\Local\Programs\Python\Python311\Lib\concurrent\futures\thread.py", line 58, in run
    result = self.fn(*self.args, **self.kwargs)
             ^^^^^^^^^^^^^^^^^^^^^^^^^^^^^^^^^^
  File "C:\Users\JANHAVI TUPE\AppData\Local\Programs\Python\Python311\Lib\socket.py", line 962, in getaddrinfo
    for res in _socket.getaddrinfo(host, port, family, type, proto, flags):
               ^^^^^^^^^^^^^^^^^^^^^^^^^^^^^^^^^^^^^^^^^^^^^^^^^^^^^^^^^^^
socket.gaierror: [Errno 11001] getaddrinfo failed

The above exception was the direct cause of the following exception:

Traceback (most recent call last):
  File "D:\EcoTrack\.venv\Lib\site-packages\fsspec\implementations\http.py", line 447, in _info
    await _file_info(
  File "D:\EcoTrack\.venv\Lib\site-packages\fsspec\implementations\http.py", line 861, in _file_info
    r = await session.get(url, allow_redirects=ar, **kwargs)
        ^^^^^^^^^^^^^^^^^^^^^^^^^^^^^^^^^^^^^^^^^^^^^^^^^^^^
  File "D:\EcoTrack\.venv\Lib\site-packages\aiohttp\client.py", line 858, in _request
    resp = await handler(req)
           ^^^^^^^^^^^^^^^^^^
  File "D:\EcoTrack\.venv\Lib\site-packages\aiohttp\client.py", line 812, in _connect_and_send_request
    conn = await self._connector.connect(
           ^^^^^^^^^^^^^^^^^^^^^^^^^^^^^^
  File "D:\EcoTrack\.venv\Lib\site-packages\aiohttp\connector.py", line 657, in connect
    proto = await self._create_connection(req, traces, timeout)
            ^^^^^^^^^^^^^^^^^^^^^^^^^^^^^^^^^^^^^^^^^^^^^^^^^^^
  File "D:\EcoTrack\.venv\Lib\site-packages\aiohttp\connector.py", line 1242, in _create_connection
    _, proto = await self._create_direct_connection(req, traces, timeout)
               ^^^^^^^^^^^^^^^^^^^^^^^^^^^^^^^^^^^^^^^^^^^^^^^^^^^^^^^^^^
  File "D:\EcoTrack\.venv\Lib\site-packages\aiohttp\connector.py", line 1577, in _create_direct_connection
    raise ClientConnectorDNSError(req.connection_key, exc) from exc
aiohttp.client_exceptions.ClientConnectorDNSError: Cannot connect to host data.gesdisc.earthdata.nasa.gov:443 ssl:default [getaddrinfo failed]

The above exception was the direct cause of the following exception:

Traceback (most recent call last):
  File "D:\EcoTrack\.venv\Lib\site-packages\earthaccess\store.py", line 987, in _open_urls_https
    return _open_files(
           ^^^^^^^^^^^^
  File "D:\EcoTrack\.venv\Lib\site-packages\earthaccess\store.py", line 150, in _open_files
    return pqdm(
           ^^^^^
  File "D:\EcoTrack\.venv\Lib\site-packages\pqdm\threads.py", line 22, in pqdm
    return _parallel_process(
           ^^^^^^^^^^^^^^^^^^
  File "D:\EcoTrack\.venv\Lib\site-packages\pqdm\_base.py", line 79, in _parallel_process
    raise e
  File "D:\EcoTrack\.venv\Lib\site-packages\pqdm\_base.py", line 76, in _parallel_process
    results.append(future.result())
                   ^^^^^^^^^^^^^^^
  File "C:\Users\JANHAVI TUPE\AppData\Local\Programs\Python\Python311\Lib\concurrent\futures\_base.py", line 449, in result
    return self.__get_result()
           ^^^^^^^^^^^^^^^^^^^
  File "C:\Users\JANHAVI TUPE\AppData\Local\Programs\Python\Python311\Lib\concurrent\futures\_base.py", line 401, in __get_result
    raise self._exception
  File "C:\Users\JANHAVI TUPE\AppData\Local\Programs\Python\Python311\Lib\concurrent\futures\thread.py", line 58, in run
    result = self.fn(*self.args, **self.kwargs)
             ^^^^^^^^^^^^^^^^^^^^^^^^^^^^^^^^^^
  File "D:\EcoTrack\.venv\Lib\site-packages\earthaccess\store.py", line 137, in multi_thread_open
    f_size = fs.info(url)["size"]
             ^^^^^^^^^^^^
  File "D:\EcoTrack\.venv\Lib\site-packages\fsspec\asyn.py", line 217, in wrapper
    return sync(self.loop, func, *args, **kwargs)
           ^^^^^^^^^^^^^^^^^^^^^^^^^^^^^^^^^^^^^^
  File "D:\EcoTrack\.venv\Lib\site-packages\fsspec\asyn.py", line 106, in sync
    raise return_result
  File "D:\EcoTrack\.venv\Lib\site-packages\fsspec\asyn.py", line 59, in _runner
    result[0] = await coro
                ^^^^^^^^^^
  File "D:\EcoTrack\.venv\Lib\site-packages\fsspec\implementations\http.py", line 460, in _info
    raise FileNotFoundError(url) from exc
FileNotFoundError: https://data.gesdisc.earthdata.nasa.gov/data/OCO2_DATA/OCO2_L2_Lite_FP.11.3r/2024/oco2_LtCO2_240212_B11300Ar_260528185619s.nc4
  [1039/1148] 2024-02-12 FAILED (FileNotFoundError: https://data.gesdisc.earthdata.nasa.gov/data/OCO2_DATA/OCO2_L2_Lite_FP.11.3r/2024/oco2_LtCO2_240212_B11300Ar_260528185619s.nc4) — will retry next run
An exception occurred while trying to access remote files via HTTPS
Traceback (most recent call last):
  File "D:\EcoTrack\.venv\Lib\site-packages\aiohttp\connector.py", line 1571, in _create_direct_connection
    hosts = await self._resolve_host(host, port, traces=traces)
            ^^^^^^^^^^^^^^^^^^^^^^^^^^^^^^^^^^^^^^^^^^^^^^^^^^^
  File "D:\EcoTrack\.venv\Lib\site-packages\aiohttp\connector.py", line 1181, in _resolve_host
    return await asyncio.shield(resolved_host_task)
           ^^^^^^^^^^^^^^^^^^^^^^^^^^^^^^^^^^^^^^^^
  File "D:\EcoTrack\.venv\Lib\site-packages\aiohttp\connector.py", line 1212, in _resolve_host_with_throttle
    addrs = await self._resolver.resolve(host, port, family=self._family)
            ^^^^^^^^^^^^^^^^^^^^^^^^^^^^^^^^^^^^^^^^^^^^^^^^^^^^^^^^^^^^^
  File "D:\EcoTrack\.venv\Lib\site-packages\aiohttp\resolver.py", line 47, in resolve
    infos = await self._loop.getaddrinfo(
            ^^^^^^^^^^^^^^^^^^^^^^^^^^^^^
  File "C:\Users\JANHAVI TUPE\AppData\Local\Programs\Python\Python311\Lib\asyncio\base_events.py", line 868, in getaddrinfo
    return await self.run_in_executor(
           ^^^^^^^^^^^^^^^^^^^^^^^^^^^
  File "C:\Users\JANHAVI TUPE\AppData\Local\Programs\Python\Python311\Lib\concurrent\futures\thread.py", line 58, in run
    result = self.fn(*self.args, **self.kwargs)
             ^^^^^^^^^^^^^^^^^^^^^^^^^^^^^^^^^^
  File "C:\Users\JANHAVI TUPE\AppData\Local\Programs\Python\Python311\Lib\socket.py", line 962, in getaddrinfo
    for res in _socket.getaddrinfo(host, port, family, type, proto, flags):
               ^^^^^^^^^^^^^^^^^^^^^^^^^^^^^^^^^^^^^^^^^^^^^^^^^^^^^^^^^^^
socket.gaierror: [Errno 11001] getaddrinfo failed

The above exception was the direct cause of the following exception:

Traceback (most recent call last):
  File "D:\EcoTrack\.venv\Lib\site-packages\fsspec\implementations\http.py", line 447, in _info
    await _file_info(
  File "D:\EcoTrack\.venv\Lib\site-packages\fsspec\implementations\http.py", line 861, in _file_info
    r = await session.get(url, allow_redirects=ar, **kwargs)
        ^^^^^^^^^^^^^^^^^^^^^^^^^^^^^^^^^^^^^^^^^^^^^^^^^^^^
  File "D:\EcoTrack\.venv\Lib\site-packages\aiohttp\client.py", line 858, in _request
    resp = await handler(req)
           ^^^^^^^^^^^^^^^^^^
  File "D:\EcoTrack\.venv\Lib\site-packages\aiohttp\client.py", line 812, in _connect_and_send_request
    conn = await self._connector.connect(
           ^^^^^^^^^^^^^^^^^^^^^^^^^^^^^^
  File "D:\EcoTrack\.venv\Lib\site-packages\aiohttp\connector.py", line 657, in connect
    proto = await self._create_connection(req, traces, timeout)
            ^^^^^^^^^^^^^^^^^^^^^^^^^^^^^^^^^^^^^^^^^^^^^^^^^^^
  File "D:\EcoTrack\.venv\Lib\site-packages\aiohttp\connector.py", line 1242, in _create_connection
    _, proto = await self._create_direct_connection(req, traces, timeout)
               ^^^^^^^^^^^^^^^^^^^^^^^^^^^^^^^^^^^^^^^^^^^^^^^^^^^^^^^^^^
  File "D:\EcoTrack\.venv\Lib\site-packages\aiohttp\connector.py", line 1577, in _create_direct_connection
    raise ClientConnectorDNSError(req.connection_key, exc) from exc
aiohttp.client_exceptions.ClientConnectorDNSError: Cannot connect to host data.gesdisc.earthdata.nasa.gov:443 ssl:default [getaddrinfo failed]

The above exception was the direct cause of the following exception:

Traceback (most recent call last):
  File "D:\EcoTrack\.venv\Lib\site-packages\earthaccess\store.py", line 987, in _open_urls_https
    return _open_files(
           ^^^^^^^^^^^^
  File "D:\EcoTrack\.venv\Lib\site-packages\earthaccess\store.py", line 150, in _open_files
    return pqdm(
           ^^^^^
  File "D:\EcoTrack\.venv\Lib\site-packages\pqdm\threads.py", line 22, in pqdm
    return _parallel_process(
           ^^^^^^^^^^^^^^^^^^
  File "D:\EcoTrack\.venv\Lib\site-packages\pqdm\_base.py", line 79, in _parallel_process
    raise e
  File "D:\EcoTrack\.venv\Lib\site-packages\pqdm\_base.py", line 76, in _parallel_process
    results.append(future.result())
                   ^^^^^^^^^^^^^^^
  File "C:\Users\JANHAVI TUPE\AppData\Local\Programs\Python\Python311\Lib\concurrent\futures\_base.py", line 449, in result
    return self.__get_result()
           ^^^^^^^^^^^^^^^^^^^
  File "C:\Users\JANHAVI TUPE\AppData\Local\Programs\Python\Python311\Lib\concurrent\futures\_base.py", line 401, in __get_result
    raise self._exception
  File "C:\Users\JANHAVI TUPE\AppData\Local\Programs\Python\Python311\Lib\concurrent\futures\thread.py", line 58, in run
    result = self.fn(*self.args, **self.kwargs)
             ^^^^^^^^^^^^^^^^^^^^^^^^^^^^^^^^^^
  File "D:\EcoTrack\.venv\Lib\site-packages\earthaccess\store.py", line 137, in multi_thread_open
    f_size = fs.info(url)["size"]
             ^^^^^^^^^^^^
  File "D:\EcoTrack\.venv\Lib\site-packages\fsspec\asyn.py", line 217, in wrapper
    return sync(self.loop, func, *args, **kwargs)
           ^^^^^^^^^^^^^^^^^^^^^^^^^^^^^^^^^^^^^^
  File "D:\EcoTrack\.venv\Lib\site-packages\fsspec\asyn.py", line 106, in sync
    raise return_result
  File "D:\EcoTrack\.venv\Lib\site-packages\fsspec\asyn.py", line 59, in _runner
    result[0] = await coro
                ^^^^^^^^^^
  File "D:\EcoTrack\.venv\Lib\site-packages\fsspec\implementations\http.py", line 460, in _info
    raise FileNotFoundError(url) from exc
FileNotFoundError: https://data.gesdisc.earthdata.nasa.gov/data/OCO2_DATA/OCO2_L2_Lite_FP.11.3r/2024/oco2_LtCO2_240213_B11300Ar_260528185711s.nc4
  [1040/1148] 2024-02-13 FAILED (FileNotFoundError: https://data.gesdisc.earthdata.nasa.gov/data/OCO2_DATA/OCO2_L2_Lite_FP.11.3r/2024/oco2_LtCO2_240213_B11300Ar_260528185711s.nc4) — will retry next run
An exception occurred while trying to access remote files via HTTPS
Traceback (most recent call last):
  File "D:\EcoTrack\.venv\Lib\site-packages\aiohttp\connector.py", line 1571, in _create_direct_connection
    hosts = await self._resolve_host(host, port, traces=traces)
            ^^^^^^^^^^^^^^^^^^^^^^^^^^^^^^^^^^^^^^^^^^^^^^^^^^^
  File "D:\EcoTrack\.venv\Lib\site-packages\aiohttp\connector.py", line 1181, in _resolve_host
    return await asyncio.shield(resolved_host_task)
           ^^^^^^^^^^^^^^^^^^^^^^^^^^^^^^^^^^^^^^^^
  File "D:\EcoTrack\.venv\Lib\site-packages\aiohttp\connector.py", line 1212, in _resolve_host_with_throttle
    addrs = await self._resolver.resolve(host, port, family=self._family)
            ^^^^^^^^^^^^^^^^^^^^^^^^^^^^^^^^^^^^^^^^^^^^^^^^^^^^^^^^^^^^^
  File "D:\EcoTrack\.venv\Lib\site-packages\aiohttp\resolver.py", line 47, in resolve
    infos = await self._loop.getaddrinfo(
            ^^^^^^^^^^^^^^^^^^^^^^^^^^^^^
  File "C:\Users\JANHAVI TUPE\AppData\Local\Programs\Python\Python311\Lib\asyncio\base_events.py", line 868, in getaddrinfo
    return await self.run_in_executor(
           ^^^^^^^^^^^^^^^^^^^^^^^^^^^
  File "C:\Users\JANHAVI TUPE\AppData\Local\Programs\Python\Python311\Lib\concurrent\futures\thread.py", line 58, in run
    result = self.fn(*self.args, **self.kwargs)
             ^^^^^^^^^^^^^^^^^^^^^^^^^^^^^^^^^^
  File "C:\Users\JANHAVI TUPE\AppData\Local\Programs\Python\Python311\Lib\socket.py", line 962, in getaddrinfo
    for res in _socket.getaddrinfo(host, port, family, type, proto, flags):
               ^^^^^^^^^^^^^^^^^^^^^^^^^^^^^^^^^^^^^^^^^^^^^^^^^^^^^^^^^^^
socket.gaierror: [Errno 11001] getaddrinfo failed

The above exception was the direct cause of the following exception:

Traceback (most recent call last):
  File "D:\EcoTrack\.venv\Lib\site-packages\fsspec\implementations\http.py", line 447, in _info
    await _file_info(
  File "D:\EcoTrack\.venv\Lib\site-packages\fsspec\implementations\http.py", line 861, in _file_info
    r = await session.get(url, allow_redirects=ar, **kwargs)
        ^^^^^^^^^^^^^^^^^^^^^^^^^^^^^^^^^^^^^^^^^^^^^^^^^^^^
  File "D:\EcoTrack\.venv\Lib\site-packages\aiohttp\client.py", line 858, in _request
    resp = await handler(req)
           ^^^^^^^^^^^^^^^^^^
  File "D:\EcoTrack\.venv\Lib\site-packages\aiohttp\client.py", line 812, in _connect_and_send_request
    conn = await self._connector.connect(
           ^^^^^^^^^^^^^^^^^^^^^^^^^^^^^^
  File "D:\EcoTrack\.venv\Lib\site-packages\aiohttp\connector.py", line 657, in connect
    proto = await self._create_connection(req, traces, timeout)
            ^^^^^^^^^^^^^^^^^^^^^^^^^^^^^^^^^^^^^^^^^^^^^^^^^^^
  File "D:\EcoTrack\.venv\Lib\site-packages\aiohttp\connector.py", line 1242, in _create_connection
    _, proto = await self._create_direct_connection(req, traces, timeout)
               ^^^^^^^^^^^^^^^^^^^^^^^^^^^^^^^^^^^^^^^^^^^^^^^^^^^^^^^^^^
  File "D:\EcoTrack\.venv\Lib\site-packages\aiohttp\connector.py", line 1577, in _create_direct_connection
    raise ClientConnectorDNSError(req.connection_key, exc) from exc
aiohttp.client_exceptions.ClientConnectorDNSError: Cannot connect to host data.gesdisc.earthdata.nasa.gov:443 ssl:default [getaddrinfo failed]

The above exception was the direct cause of the following exception:

Traceback (most recent call last):
  File "D:\EcoTrack\.venv\Lib\site-packages\earthaccess\store.py", line 987, in _open_urls_https
    return _open_files(
           ^^^^^^^^^^^^
  File "D:\EcoTrack\.venv\Lib\site-packages\earthaccess\store.py", line 150, in _open_files
    return pqdm(
           ^^^^^
  File "D:\EcoTrack\.venv\Lib\site-packages\pqdm\threads.py", line 22, in pqdm
    return _parallel_process(
           ^^^^^^^^^^^^^^^^^^
  File "D:\EcoTrack\.venv\Lib\site-packages\pqdm\_base.py", line 79, in _parallel_process
    raise e
  File "D:\EcoTrack\.venv\Lib\site-packages\pqdm\_base.py", line 76, in _parallel_process
    results.append(future.result())
                   ^^^^^^^^^^^^^^^
  File "C:\Users\JANHAVI TUPE\AppData\Local\Programs\Python\Python311\Lib\concurrent\futures\_base.py", line 449, in result
    return self.__get_result()
           ^^^^^^^^^^^^^^^^^^^
  File "C:\Users\JANHAVI TUPE\AppData\Local\Programs\Python\Python311\Lib\concurrent\futures\_base.py", line 401, in __get_result
    raise self._exception
  File "C:\Users\JANHAVI TUPE\AppData\Local\Programs\Python\Python311\Lib\concurrent\futures\thread.py", line 58, in run
    result = self.fn(*self.args, **self.kwargs)
             ^^^^^^^^^^^^^^^^^^^^^^^^^^^^^^^^^^
  File "D:\EcoTrack\.venv\Lib\site-packages\earthaccess\store.py", line 137, in multi_thread_open
    f_size = fs.info(url)["size"]
             ^^^^^^^^^^^^
  File "D:\EcoTrack\.venv\Lib\site-packages\fsspec\asyn.py", line 217, in wrapper
    return sync(self.loop, func, *args, **kwargs)
           ^^^^^^^^^^^^^^^^^^^^^^^^^^^^^^^^^^^^^^
  File "D:\EcoTrack\.venv\Lib\site-packages\fsspec\asyn.py", line 106, in sync
    raise return_result
  File "D:\EcoTrack\.venv\Lib\site-packages\fsspec\asyn.py", line 59, in _runner
    result[0] = await coro
                ^^^^^^^^^^
  File "D:\EcoTrack\.venv\Lib\site-packages\fsspec\implementations\http.py", line 460, in _info
    raise FileNotFoundError(url) from exc
FileNotFoundError: https://data.gesdisc.earthdata.nasa.gov/data/OCO2_DATA/OCO2_L2_Lite_FP.11.3r/2024/oco2_LtCO2_240214_B11300Ar_260528185754s.nc4
  [1041/1148] 2024-02-14 FAILED (FileNotFoundError: https://data.gesdisc.earthdata.nasa.gov/data/OCO2_DATA/OCO2_L2_Lite_FP.11.3r/2024/oco2_LtCO2_240214_B11300Ar_260528185754s.nc4) — will retry next run
An exception occurred while trying to access remote files via HTTPS
Traceback (most recent call last):
  File "D:\EcoTrack\.venv\Lib\site-packages\aiohttp\connector.py", line 1571, in _create_direct_connection
    hosts = await self._resolve_host(host, port, traces=traces)
            ^^^^^^^^^^^^^^^^^^^^^^^^^^^^^^^^^^^^^^^^^^^^^^^^^^^
  File "D:\EcoTrack\.venv\Lib\site-packages\aiohttp\connector.py", line 1181, in _resolve_host
    return await asyncio.shield(resolved_host_task)
           ^^^^^^^^^^^^^^^^^^^^^^^^^^^^^^^^^^^^^^^^
  File "D:\EcoTrack\.venv\Lib\site-packages\aiohttp\connector.py", line 1212, in _resolve_host_with_throttle
    addrs = await self._resolver.resolve(host, port, family=self._family)
            ^^^^^^^^^^^^^^^^^^^^^^^^^^^^^^^^^^^^^^^^^^^^^^^^^^^^^^^^^^^^^
  File "D:\EcoTrack\.venv\Lib\site-packages\aiohttp\resolver.py", line 47, in resolve
    infos = await self._loop.getaddrinfo(
            ^^^^^^^^^^^^^^^^^^^^^^^^^^^^^
  File "C:\Users\JANHAVI TUPE\AppData\Local\Programs\Python\Python311\Lib\asyncio\base_events.py", line 868, in getaddrinfo
    return await self.run_in_executor(
           ^^^^^^^^^^^^^^^^^^^^^^^^^^^
  File "C:\Users\JANHAVI TUPE\AppData\Local\Programs\Python\Python311\Lib\concurrent\futures\thread.py", line 58, in run
    result = self.fn(*self.args, **self.kwargs)
             ^^^^^^^^^^^^^^^^^^^^^^^^^^^^^^^^^^
  File "C:\Users\JANHAVI TUPE\AppData\Local\Programs\Python\Python311\Lib\socket.py", line 962, in getaddrinfo
    for res in _socket.getaddrinfo(host, port, family, type, proto, flags):
               ^^^^^^^^^^^^^^^^^^^^^^^^^^^^^^^^^^^^^^^^^^^^^^^^^^^^^^^^^^^
socket.gaierror: [Errno 11001] getaddrinfo failed

The above exception was the direct cause of the following exception:

Traceback (most recent call last):
  File "D:\EcoTrack\.venv\Lib\site-packages\fsspec\implementations\http.py", line 447, in _info
    await _file_info(
  File "D:\EcoTrack\.venv\Lib\site-packages\fsspec\implementations\http.py", line 861, in _file_info
    r = await session.get(url, allow_redirects=ar, **kwargs)
        ^^^^^^^^^^^^^^^^^^^^^^^^^^^^^^^^^^^^^^^^^^^^^^^^^^^^
  File "D:\EcoTrack\.venv\Lib\site-packages\aiohttp\client.py", line 858, in _request
    resp = await handler(req)
           ^^^^^^^^^^^^^^^^^^
  File "D:\EcoTrack\.venv\Lib\site-packages\aiohttp\client.py", line 812, in _connect_and_send_request
    conn = await self._connector.connect(
           ^^^^^^^^^^^^^^^^^^^^^^^^^^^^^^
  File "D:\EcoTrack\.venv\Lib\site-packages\aiohttp\connector.py", line 657, in connect
    proto = await self._create_connection(req, traces, timeout)
            ^^^^^^^^^^^^^^^^^^^^^^^^^^^^^^^^^^^^^^^^^^^^^^^^^^^
  File "D:\EcoTrack\.venv\Lib\site-packages\aiohttp\connector.py", line 1242, in _create_connection
    _, proto = await self._create_direct_connection(req, traces, timeout)
               ^^^^^^^^^^^^^^^^^^^^^^^^^^^^^^^^^^^^^^^^^^^^^^^^^^^^^^^^^^
  File "D:\EcoTrack\.venv\Lib\site-packages\aiohttp\connector.py", line 1577, in _create_direct_connection
    raise ClientConnectorDNSError(req.connection_key, exc) from exc
aiohttp.client_exceptions.ClientConnectorDNSError: Cannot connect to host data.gesdisc.earthdata.nasa.gov:443 ssl:default [getaddrinfo failed]

The above exception was the direct cause of the following exception:

Traceback (most recent call last):
  File "D:\EcoTrack\.venv\Lib\site-packages\earthaccess\store.py", line 987, in _open_urls_https
    return _open_files(
           ^^^^^^^^^^^^
  File "D:\EcoTrack\.venv\Lib\site-packages\earthaccess\store.py", line 150, in _open_files
    return pqdm(
           ^^^^^
  File "D:\EcoTrack\.venv\Lib\site-packages\pqdm\threads.py", line 22, in pqdm
    return _parallel_process(
           ^^^^^^^^^^^^^^^^^^
  File "D:\EcoTrack\.venv\Lib\site-packages\pqdm\_base.py", line 79, in _parallel_process
    raise e
  File "D:\EcoTrack\.venv\Lib\site-packages\pqdm\_base.py", line 76, in _parallel_process
    results.append(future.result())
                   ^^^^^^^^^^^^^^^
  File "C:\Users\JANHAVI TUPE\AppData\Local\Programs\Python\Python311\Lib\concurrent\futures\_base.py", line 449, in result
    return self.__get_result()
           ^^^^^^^^^^^^^^^^^^^
  File "C:\Users\JANHAVI TUPE\AppData\Local\Programs\Python\Python311\Lib\concurrent\futures\_base.py", line 401, in __get_result
    raise self._exception
  File "C:\Users\JANHAVI TUPE\AppData\Local\Programs\Python\Python311\Lib\concurrent\futures\thread.py", line 58, in run
    result = self.fn(*self.args, **self.kwargs)
             ^^^^^^^^^^^^^^^^^^^^^^^^^^^^^^^^^^
  File "D:\EcoTrack\.venv\Lib\site-packages\earthaccess\store.py", line 137, in multi_thread_open
    f_size = fs.info(url)["size"]
             ^^^^^^^^^^^^
  File "D:\EcoTrack\.venv\Lib\site-packages\fsspec\asyn.py", line 217, in wrapper
    return sync(self.loop, func, *args, **kwargs)
           ^^^^^^^^^^^^^^^^^^^^^^^^^^^^^^^^^^^^^^
  File "D:\EcoTrack\.venv\Lib\site-packages\fsspec\asyn.py", line 106, in sync
    raise return_result
  File "D:\EcoTrack\.venv\Lib\site-packages\fsspec\asyn.py", line 59, in _runner
    result[0] = await coro
                ^^^^^^^^^^
  File "D:\EcoTrack\.venv\Lib\site-packages\fsspec\implementations\http.py", line 460, in _info
    raise FileNotFoundError(url) from exc
FileNotFoundError: https://data.gesdisc.earthdata.nasa.gov/data/OCO2_DATA/OCO2_L2_Lite_FP.11.3r/2024/oco2_LtCO2_240215_B11300Ar_260528185844s.nc4
  [1042/1148] 2024-02-15 FAILED (FileNotFoundError: https://data.gesdisc.earthdata.nasa.gov/data/OCO2_DATA/OCO2_L2_Lite_FP.11.3r/2024/oco2_LtCO2_240215_B11300Ar_260528185844s.nc4) — will retry next run
An exception occurred while trying to access remote files via HTTPS
Traceback (most recent call last):
  File "D:\EcoTrack\.venv\Lib\site-packages\aiohttp\connector.py", line 1571, in _create_direct_connection
    hosts = await self._resolve_host(host, port, traces=traces)
            ^^^^^^^^^^^^^^^^^^^^^^^^^^^^^^^^^^^^^^^^^^^^^^^^^^^
  File "D:\EcoTrack\.venv\Lib\site-packages\aiohttp\connector.py", line 1181, in _resolve_host
    return await asyncio.shield(resolved_host_task)
           ^^^^^^^^^^^^^^^^^^^^^^^^^^^^^^^^^^^^^^^^
  File "D:\EcoTrack\.venv\Lib\site-packages\aiohttp\connector.py", line 1212, in _resolve_host_with_throttle
    addrs = await self._resolver.resolve(host, port, family=self._family)
            ^^^^^^^^^^^^^^^^^^^^^^^^^^^^^^^^^^^^^^^^^^^^^^^^^^^^^^^^^^^^^
  File "D:\EcoTrack\.venv\Lib\site-packages\aiohttp\resolver.py", line 47, in resolve
    infos = await self._loop.getaddrinfo(
            ^^^^^^^^^^^^^^^^^^^^^^^^^^^^^
  File "C:\Users\JANHAVI TUPE\AppData\Local\Programs\Python\Python311\Lib\asyncio\base_events.py", line 868, in getaddrinfo
    return await self.run_in_executor(
           ^^^^^^^^^^^^^^^^^^^^^^^^^^^
  File "C:\Users\JANHAVI TUPE\AppData\Local\Programs\Python\Python311\Lib\concurrent\futures\thread.py", line 58, in run
    result = self.fn(*self.args, **self.kwargs)
             ^^^^^^^^^^^^^^^^^^^^^^^^^^^^^^^^^^
  File "C:\Users\JANHAVI TUPE\AppData\Local\Programs\Python\Python311\Lib\socket.py", line 962, in getaddrinfo
    for res in _socket.getaddrinfo(host, port, family, type, proto, flags):
               ^^^^^^^^^^^^^^^^^^^^^^^^^^^^^^^^^^^^^^^^^^^^^^^^^^^^^^^^^^^
socket.gaierror: [Errno 11001] getaddrinfo failed

The above exception was the direct cause of the following exception:

Traceback (most recent call last):
  File "D:\EcoTrack\.venv\Lib\site-packages\fsspec\implementations\http.py", line 447, in _info
    await _file_info(
  File "D:\EcoTrack\.venv\Lib\site-packages\fsspec\implementations\http.py", line 861, in _file_info
    r = await session.get(url, allow_redirects=ar, **kwargs)
        ^^^^^^^^^^^^^^^^^^^^^^^^^^^^^^^^^^^^^^^^^^^^^^^^^^^^
  File "D:\EcoTrack\.venv\Lib\site-packages\aiohttp\client.py", line 858, in _request
    resp = await handler(req)
           ^^^^^^^^^^^^^^^^^^
  File "D:\EcoTrack\.venv\Lib\site-packages\aiohttp\client.py", line 812, in _connect_and_send_request
    conn = await self._connector.connect(
           ^^^^^^^^^^^^^^^^^^^^^^^^^^^^^^
  File "D:\EcoTrack\.venv\Lib\site-packages\aiohttp\connector.py", line 657, in connect
    proto = await self._create_connection(req, traces, timeout)
            ^^^^^^^^^^^^^^^^^^^^^^^^^^^^^^^^^^^^^^^^^^^^^^^^^^^
  File "D:\EcoTrack\.venv\Lib\site-packages\aiohttp\connector.py", line 1242, in _create_connection
    _, proto = await self._create_direct_connection(req, traces, timeout)
               ^^^^^^^^^^^^^^^^^^^^^^^^^^^^^^^^^^^^^^^^^^^^^^^^^^^^^^^^^^
  File "D:\EcoTrack\.venv\Lib\site-packages\aiohttp\connector.py", line 1577, in _create_direct_connection
    raise ClientConnectorDNSError(req.connection_key, exc) from exc
aiohttp.client_exceptions.ClientConnectorDNSError: Cannot connect to host data.gesdisc.earthdata.nasa.gov:443 ssl:default [getaddrinfo failed]

The above exception was the direct cause of the following exception:

Traceback (most recent call last):
  File "D:\EcoTrack\.venv\Lib\site-packages\earthaccess\store.py", line 987, in _open_urls_https
    return _open_files(
           ^^^^^^^^^^^^
  File "D:\EcoTrack\.venv\Lib\site-packages\earthaccess\store.py", line 150, in _open_files
    return pqdm(
           ^^^^^
  File "D:\EcoTrack\.venv\Lib\site-packages\pqdm\threads.py", line 22, in pqdm
    return _parallel_process(
           ^^^^^^^^^^^^^^^^^^
  File "D:\EcoTrack\.venv\Lib\site-packages\pqdm\_base.py", line 79, in _parallel_process
    raise e
  File "D:\EcoTrack\.venv\Lib\site-packages\pqdm\_base.py", line 76, in _parallel_process
    results.append(future.result())
                   ^^^^^^^^^^^^^^^
  File "C:\Users\JANHAVI TUPE\AppData\Local\Programs\Python\Python311\Lib\concurrent\futures\_base.py", line 449, in result
    return self.__get_result()
           ^^^^^^^^^^^^^^^^^^^
  File "C:\Users\JANHAVI TUPE\AppData\Local\Programs\Python\Python311\Lib\concurrent\futures\_base.py", line 401, in __get_result
    raise self._exception
  File "C:\Users\JANHAVI TUPE\AppData\Local\Programs\Python\Python311\Lib\concurrent\futures\thread.py", line 58, in run
    result = self.fn(*self.args, **self.kwargs)
             ^^^^^^^^^^^^^^^^^^^^^^^^^^^^^^^^^^
  File "D:\EcoTrack\.venv\Lib\site-packages\earthaccess\store.py", line 137, in multi_thread_open
    f_size = fs.info(url)["size"]
             ^^^^^^^^^^^^
  File "D:\EcoTrack\.venv\Lib\site-packages\fsspec\asyn.py", line 217, in wrapper
    return sync(self.loop, func, *args, **kwargs)
           ^^^^^^^^^^^^^^^^^^^^^^^^^^^^^^^^^^^^^^
  File "D:\EcoTrack\.venv\Lib\site-packages\fsspec\asyn.py", line 106, in sync
    raise return_result
  File "D:\EcoTrack\.venv\Lib\site-packages\fsspec\asyn.py", line 59, in _runner
    result[0] = await coro
                ^^^^^^^^^^
  File "D:\EcoTrack\.venv\Lib\site-packages\fsspec\implementations\http.py", line 460, in _info
    raise FileNotFoundError(url) from exc
FileNotFoundError: https://data.gesdisc.earthdata.nasa.gov/data/OCO2_DATA/OCO2_L2_Lite_FP.11.3r/2024/oco2_LtCO2_240216_B11300Ar_260528185930s.nc4
  [1043/1148] 2024-02-16 FAILED (FileNotFoundError: https://data.gesdisc.earthdata.nasa.gov/data/OCO2_DATA/OCO2_L2_Lite_FP.11.3r/2024/oco2_LtCO2_240216_B11300Ar_260528185930s.nc4) — will retry next run
An exception occurred while trying to access remote files via HTTPS
Traceback (most recent call last):
  File "D:\EcoTrack\.venv\Lib\site-packages\aiohttp\connector.py", line 1571, in _create_direct_connection
    hosts = await self._resolve_host(host, port, traces=traces)
            ^^^^^^^^^^^^^^^^^^^^^^^^^^^^^^^^^^^^^^^^^^^^^^^^^^^
  File "D:\EcoTrack\.venv\Lib\site-packages\aiohttp\connector.py", line 1181, in _resolve_host
    return await asyncio.shield(resolved_host_task)
           ^^^^^^^^^^^^^^^^^^^^^^^^^^^^^^^^^^^^^^^^
  File "D:\EcoTrack\.venv\Lib\site-packages\aiohttp\connector.py", line 1212, in _resolve_host_with_throttle
    addrs = await self._resolver.resolve(host, port, family=self._family)
            ^^^^^^^^^^^^^^^^^^^^^^^^^^^^^^^^^^^^^^^^^^^^^^^^^^^^^^^^^^^^^
  File "D:\EcoTrack\.venv\Lib\site-packages\aiohttp\resolver.py", line 47, in resolve
    infos = await self._loop.getaddrinfo(
            ^^^^^^^^^^^^^^^^^^^^^^^^^^^^^
  File "C:\Users\JANHAVI TUPE\AppData\Local\Programs\Python\Python311\Lib\asyncio\base_events.py", line 868, in getaddrinfo
    return await self.run_in_executor(
           ^^^^^^^^^^^^^^^^^^^^^^^^^^^
  File "C:\Users\JANHAVI TUPE\AppData\Local\Programs\Python\Python311\Lib\concurrent\futures\thread.py", line 58, in run
    result = self.fn(*self.args, **self.kwargs)
             ^^^^^^^^^^^^^^^^^^^^^^^^^^^^^^^^^^
  File "C:\Users\JANHAVI TUPE\AppData\Local\Programs\Python\Python311\Lib\socket.py", line 962, in getaddrinfo
    for res in _socket.getaddrinfo(host, port, family, type, proto, flags):
               ^^^^^^^^^^^^^^^^^^^^^^^^^^^^^^^^^^^^^^^^^^^^^^^^^^^^^^^^^^^
socket.gaierror: [Errno 11001] getaddrinfo failed

The above exception was the direct cause of the following exception:

Traceback (most recent call last):
  File "D:\EcoTrack\.venv\Lib\site-packages\fsspec\implementations\http.py", line 447, in _info
    await _file_info(
  File "D:\EcoTrack\.venv\Lib\site-packages\fsspec\implementations\http.py", line 861, in _file_info
    r = await session.get(url, allow_redirects=ar, **kwargs)
        ^^^^^^^^^^^^^^^^^^^^^^^^^^^^^^^^^^^^^^^^^^^^^^^^^^^^
  File "D:\EcoTrack\.venv\Lib\site-packages\aiohttp\client.py", line 858, in _request
    resp = await handler(req)
           ^^^^^^^^^^^^^^^^^^
  File "D:\EcoTrack\.venv\Lib\site-packages\aiohttp\client.py", line 812, in _connect_and_send_request
    conn = await self._connector.connect(
           ^^^^^^^^^^^^^^^^^^^^^^^^^^^^^^
  File "D:\EcoTrack\.venv\Lib\site-packages\aiohttp\connector.py", line 657, in connect
    proto = await self._create_connection(req, traces, timeout)
            ^^^^^^^^^^^^^^^^^^^^^^^^^^^^^^^^^^^^^^^^^^^^^^^^^^^
  File "D:\EcoTrack\.venv\Lib\site-packages\aiohttp\connector.py", line 1242, in _create_connection
    _, proto = await self._create_direct_connection(req, traces, timeout)
               ^^^^^^^^^^^^^^^^^^^^^^^^^^^^^^^^^^^^^^^^^^^^^^^^^^^^^^^^^^
  File "D:\EcoTrack\.venv\Lib\site-packages\aiohttp\connector.py", line 1577, in _create_direct_connection
    raise ClientConnectorDNSError(req.connection_key, exc) from exc
aiohttp.client_exceptions.ClientConnectorDNSError: Cannot connect to host data.gesdisc.earthdata.nasa.gov:443 ssl:default [getaddrinfo failed]

The above exception was the direct cause of the following exception:

Traceback (most recent call last):
  File "D:\EcoTrack\.venv\Lib\site-packages\earthaccess\store.py", line 987, in _open_urls_https
    return _open_files(
           ^^^^^^^^^^^^
  File "D:\EcoTrack\.venv\Lib\site-packages\earthaccess\store.py", line 150, in _open_files
    return pqdm(
           ^^^^^
  File "D:\EcoTrack\.venv\Lib\site-packages\pqdm\threads.py", line 22, in pqdm
    return _parallel_process(
           ^^^^^^^^^^^^^^^^^^
  File "D:\EcoTrack\.venv\Lib\site-packages\pqdm\_base.py", line 79, in _parallel_process
    raise e
  File "D:\EcoTrack\.venv\Lib\site-packages\pqdm\_base.py", line 76, in _parallel_process
    results.append(future.result())
                   ^^^^^^^^^^^^^^^
  File "C:\Users\JANHAVI TUPE\AppData\Local\Programs\Python\Python311\Lib\concurrent\futures\_base.py", line 449, in result
    return self.__get_result()
           ^^^^^^^^^^^^^^^^^^^
  File "C:\Users\JANHAVI TUPE\AppData\Local\Programs\Python\Python311\Lib\concurrent\futures\_base.py", line 401, in __get_result
    raise self._exception
  File "C:\Users\JANHAVI TUPE\AppData\Local\Programs\Python\Python311\Lib\concurrent\futures\thread.py", line 58, in run
    result = self.fn(*self.args, **self.kwargs)
             ^^^^^^^^^^^^^^^^^^^^^^^^^^^^^^^^^^
  File "D:\EcoTrack\.venv\Lib\site-packages\earthaccess\store.py", line 137, in multi_thread_open
    f_size = fs.info(url)["size"]
             ^^^^^^^^^^^^
  File "D:\EcoTrack\.venv\Lib\site-packages\fsspec\asyn.py", line 217, in wrapper
    return sync(self.loop, func, *args, **kwargs)
           ^^^^^^^^^^^^^^^^^^^^^^^^^^^^^^^^^^^^^^
  File "D:\EcoTrack\.venv\Lib\site-packages\fsspec\asyn.py", line 106, in sync
    raise return_result
  File "D:\EcoTrack\.venv\Lib\site-packages\fsspec\asyn.py", line 59, in _runner
    result[0] = await coro
                ^^^^^^^^^^
  File "D:\EcoTrack\.venv\Lib\site-packages\fsspec\implementations\http.py", line 460, in _info
    raise FileNotFoundError(url) from exc
FileNotFoundError: https://data.gesdisc.earthdata.nasa.gov/data/OCO2_DATA/OCO2_L2_Lite_FP.11.3r/2024/oco2_LtCO2_240217_B11300Ar_260528190022s.nc4
  [1044/1148] 2024-02-17 FAILED (FileNotFoundError: https://data.gesdisc.earthdata.nasa.gov/data/OCO2_DATA/OCO2_L2_Lite_FP.11.3r/2024/oco2_LtCO2_240217_B11300Ar_260528190022s.nc4) — will retry next run
An exception occurred while trying to access remote files via HTTPS
Traceback (most recent call last):
  File "D:\EcoTrack\.venv\Lib\site-packages\aiohttp\connector.py", line 1571, in _create_direct_connection
    hosts = await self._resolve_host(host, port, traces=traces)
            ^^^^^^^^^^^^^^^^^^^^^^^^^^^^^^^^^^^^^^^^^^^^^^^^^^^
  File "D:\EcoTrack\.venv\Lib\site-packages\aiohttp\connector.py", line 1181, in _resolve_host
    return await asyncio.shield(resolved_host_task)
           ^^^^^^^^^^^^^^^^^^^^^^^^^^^^^^^^^^^^^^^^
  File "D:\EcoTrack\.venv\Lib\site-packages\aiohttp\connector.py", line 1212, in _resolve_host_with_throttle
    addrs = await self._resolver.resolve(host, port, family=self._family)
            ^^^^^^^^^^^^^^^^^^^^^^^^^^^^^^^^^^^^^^^^^^^^^^^^^^^^^^^^^^^^^
  File "D:\EcoTrack\.venv\Lib\site-packages\aiohttp\resolver.py", line 47, in resolve
    infos = await self._loop.getaddrinfo(
            ^^^^^^^^^^^^^^^^^^^^^^^^^^^^^
  File "C:\Users\JANHAVI TUPE\AppData\Local\Programs\Python\Python311\Lib\asyncio\base_events.py", line 868, in getaddrinfo
    return await self.run_in_executor(
           ^^^^^^^^^^^^^^^^^^^^^^^^^^^
  File "C:\Users\JANHAVI TUPE\AppData\Local\Programs\Python\Python311\Lib\concurrent\futures\thread.py", line 58, in run
    result = self.fn(*self.args, **self.kwargs)
             ^^^^^^^^^^^^^^^^^^^^^^^^^^^^^^^^^^
  File "C:\Users\JANHAVI TUPE\AppData\Local\Programs\Python\Python311\Lib\socket.py", line 962, in getaddrinfo
    for res in _socket.getaddrinfo(host, port, family, type, proto, flags):
               ^^^^^^^^^^^^^^^^^^^^^^^^^^^^^^^^^^^^^^^^^^^^^^^^^^^^^^^^^^^
socket.gaierror: [Errno 11001] getaddrinfo failed

The above exception was the direct cause of the following exception:

Traceback (most recent call last):
  File "D:\EcoTrack\.venv\Lib\site-packages\fsspec\implementations\http.py", line 447, in _info
    await _file_info(
  File "D:\EcoTrack\.venv\Lib\site-packages\fsspec\implementations\http.py", line 861, in _file_info
    r = await session.get(url, allow_redirects=ar, **kwargs)
        ^^^^^^^^^^^^^^^^^^^^^^^^^^^^^^^^^^^^^^^^^^^^^^^^^^^^
  File "D:\EcoTrack\.venv\Lib\site-packages\aiohttp\client.py", line 858, in _request
    resp = await handler(req)
           ^^^^^^^^^^^^^^^^^^
  File "D:\EcoTrack\.venv\Lib\site-packages\aiohttp\client.py", line 812, in _connect_and_send_request
    conn = await self._connector.connect(
           ^^^^^^^^^^^^^^^^^^^^^^^^^^^^^^
  File "D:\EcoTrack\.venv\Lib\site-packages\aiohttp\connector.py", line 657, in connect
    proto = await self._create_connection(req, traces, timeout)
            ^^^^^^^^^^^^^^^^^^^^^^^^^^^^^^^^^^^^^^^^^^^^^^^^^^^
  File "D:\EcoTrack\.venv\Lib\site-packages\aiohttp\connector.py", line 1242, in _create_connection
    _, proto = await self._create_direct_connection(req, traces, timeout)
               ^^^^^^^^^^^^^^^^^^^^^^^^^^^^^^^^^^^^^^^^^^^^^^^^^^^^^^^^^^
  File "D:\EcoTrack\.venv\Lib\site-packages\aiohttp\connector.py", line 1577, in _create_direct_connection
    raise ClientConnectorDNSError(req.connection_key, exc) from exc
aiohttp.client_exceptions.ClientConnectorDNSError: Cannot connect to host data.gesdisc.earthdata.nasa.gov:443 ssl:default [getaddrinfo failed]

The above exception was the direct cause of the following exception:

Traceback (most recent call last):
  File "D:\EcoTrack\.venv\Lib\site-packages\earthaccess\store.py", line 987, in _open_urls_https
    return _open_files(
           ^^^^^^^^^^^^
  File "D:\EcoTrack\.venv\Lib\site-packages\earthaccess\store.py", line 150, in _open_files
    return pqdm(
           ^^^^^
  File "D:\EcoTrack\.venv\Lib\site-packages\pqdm\threads.py", line 22, in pqdm
    return _parallel_process(
           ^^^^^^^^^^^^^^^^^^
  File "D:\EcoTrack\.venv\Lib\site-packages\pqdm\_base.py", line 79, in _parallel_process
    raise e
  File "D:\EcoTrack\.venv\Lib\site-packages\pqdm\_base.py", line 76, in _parallel_process
    results.append(future.result())
                   ^^^^^^^^^^^^^^^
  File "C:\Users\JANHAVI TUPE\AppData\Local\Programs\Python\Python311\Lib\concurrent\futures\_base.py", line 449, in result
    return self.__get_result()
           ^^^^^^^^^^^^^^^^^^^
  File "C:\Users\JANHAVI TUPE\AppData\Local\Programs\Python\Python311\Lib\concurrent\futures\_base.py", line 401, in __get_result
    raise self._exception
  File "C:\Users\JANHAVI TUPE\AppData\Local\Programs\Python\Python311\Lib\concurrent\futures\thread.py", line 58, in run
    result = self.fn(*self.args, **self.kwargs)
             ^^^^^^^^^^^^^^^^^^^^^^^^^^^^^^^^^^
  File "D:\EcoTrack\.venv\Lib\site-packages\earthaccess\store.py", line 137, in multi_thread_open
    f_size = fs.info(url)["size"]
             ^^^^^^^^^^^^
  File "D:\EcoTrack\.venv\Lib\site-packages\fsspec\asyn.py", line 217, in wrapper
    return sync(self.loop, func, *args, **kwargs)
           ^^^^^^^^^^^^^^^^^^^^^^^^^^^^^^^^^^^^^^
  File "D:\EcoTrack\.venv\Lib\site-packages\fsspec\asyn.py", line 106, in sync
    raise return_result
  File "D:\EcoTrack\.venv\Lib\site-packages\fsspec\asyn.py", line 59, in _runner
    result[0] = await coro
                ^^^^^^^^^^
  File "D:\EcoTrack\.venv\Lib\site-packages\fsspec\implementations\http.py", line 460, in _info
    raise FileNotFoundError(url) from exc
FileNotFoundError: https://data.gesdisc.earthdata.nasa.gov/data/OCO2_DATA/OCO2_L2_Lite_FP.11.3r/2024/oco2_LtCO2_240218_B11300Ar_260528190102s.nc4
  [1045/1148] 2024-02-18 FAILED (FileNotFoundError: https://data.gesdisc.earthdata.nasa.gov/data/OCO2_DATA/OCO2_L2_Lite_FP.11.3r/2024/oco2_LtCO2_240218_B11300Ar_260528190102s.nc4) — will retry next run
An exception occurred while trying to access remote files via HTTPS
Traceback (most recent call last):
  File "D:\EcoTrack\.venv\Lib\site-packages\aiohttp\connector.py", line 1571, in _create_direct_connection
    hosts = await self._resolve_host(host, port, traces=traces)
            ^^^^^^^^^^^^^^^^^^^^^^^^^^^^^^^^^^^^^^^^^^^^^^^^^^^
  File "D:\EcoTrack\.venv\Lib\site-packages\aiohttp\connector.py", line 1181, in _resolve_host
    return await asyncio.shield(resolved_host_task)
           ^^^^^^^^^^^^^^^^^^^^^^^^^^^^^^^^^^^^^^^^
  File "D:\EcoTrack\.venv\Lib\site-packages\aiohttp\connector.py", line 1212, in _resolve_host_with_throttle
    addrs = await self._resolver.resolve(host, port, family=self._family)
            ^^^^^^^^^^^^^^^^^^^^^^^^^^^^^^^^^^^^^^^^^^^^^^^^^^^^^^^^^^^^^
  File "D:\EcoTrack\.venv\Lib\site-packages\aiohttp\resolver.py", line 47, in resolve
    infos = await self._loop.getaddrinfo(
            ^^^^^^^^^^^^^^^^^^^^^^^^^^^^^
  File "C:\Users\JANHAVI TUPE\AppData\Local\Programs\Python\Python311\Lib\asyncio\base_events.py", line 868, in getaddrinfo
    return await self.run_in_executor(
           ^^^^^^^^^^^^^^^^^^^^^^^^^^^
  File "C:\Users\JANHAVI TUPE\AppData\Local\Programs\Python\Python311\Lib\concurrent\futures\thread.py", line 58, in run
    result = self.fn(*self.args, **self.kwargs)
             ^^^^^^^^^^^^^^^^^^^^^^^^^^^^^^^^^^
  File "C:\Users\JANHAVI TUPE\AppData\Local\Programs\Python\Python311\Lib\socket.py", line 962, in getaddrinfo
    for res in _socket.getaddrinfo(host, port, family, type, proto, flags):
               ^^^^^^^^^^^^^^^^^^^^^^^^^^^^^^^^^^^^^^^^^^^^^^^^^^^^^^^^^^^
socket.gaierror: [Errno 11001] getaddrinfo failed

The above exception was the direct cause of the following exception:

Traceback (most recent call last):
  File "D:\EcoTrack\.venv\Lib\site-packages\fsspec\implementations\http.py", line 447, in _info
    await _file_info(
  File "D:\EcoTrack\.venv\Lib\site-packages\fsspec\implementations\http.py", line 861, in _file_info
    r = await session.get(url, allow_redirects=ar, **kwargs)
        ^^^^^^^^^^^^^^^^^^^^^^^^^^^^^^^^^^^^^^^^^^^^^^^^^^^^
  File "D:\EcoTrack\.venv\Lib\site-packages\aiohttp\client.py", line 858, in _request
    resp = await handler(req)
           ^^^^^^^^^^^^^^^^^^
  File "D:\EcoTrack\.venv\Lib\site-packages\aiohttp\client.py", line 812, in _connect_and_send_request
    conn = await self._connector.connect(
           ^^^^^^^^^^^^^^^^^^^^^^^^^^^^^^
  File "D:\EcoTrack\.venv\Lib\site-packages\aiohttp\connector.py", line 657, in connect
    proto = await self._create_connection(req, traces, timeout)
            ^^^^^^^^^^^^^^^^^^^^^^^^^^^^^^^^^^^^^^^^^^^^^^^^^^^
  File "D:\EcoTrack\.venv\Lib\site-packages\aiohttp\connector.py", line 1242, in _create_connection
    _, proto = await self._create_direct_connection(req, traces, timeout)
               ^^^^^^^^^^^^^^^^^^^^^^^^^^^^^^^^^^^^^^^^^^^^^^^^^^^^^^^^^^
  File "D:\EcoTrack\.venv\Lib\site-packages\aiohttp\connector.py", line 1577, in _create_direct_connection
    raise ClientConnectorDNSError(req.connection_key, exc) from exc
aiohttp.client_exceptions.ClientConnectorDNSError: Cannot connect to host data.gesdisc.earthdata.nasa.gov:443 ssl:default [getaddrinfo failed]

The above exception was the direct cause of the following exception:

Traceback (most recent call last):
  File "D:\EcoTrack\.venv\Lib\site-packages\earthaccess\store.py", line 987, in _open_urls_https
    return _open_files(
           ^^^^^^^^^^^^
  File "D:\EcoTrack\.venv\Lib\site-packages\earthaccess\store.py", line 150, in _open_files
    return pqdm(
           ^^^^^
  File "D:\EcoTrack\.venv\Lib\site-packages\pqdm\threads.py", line 22, in pqdm
    return _parallel_process(
           ^^^^^^^^^^^^^^^^^^
  File "D:\EcoTrack\.venv\Lib\site-packages\pqdm\_base.py", line 79, in _parallel_process
    raise e
  File "D:\EcoTrack\.venv\Lib\site-packages\pqdm\_base.py", line 76, in _parallel_process
    results.append(future.result())
                   ^^^^^^^^^^^^^^^
  File "C:\Users\JANHAVI TUPE\AppData\Local\Programs\Python\Python311\Lib\concurrent\futures\_base.py", line 449, in result
    return self.__get_result()
           ^^^^^^^^^^^^^^^^^^^
  File "C:\Users\JANHAVI TUPE\AppData\Local\Programs\Python\Python311\Lib\concurrent\futures\_base.py", line 401, in __get_result
    raise self._exception
  File "C:\Users\JANHAVI TUPE\AppData\Local\Programs\Python\Python311\Lib\concurrent\futures\thread.py", line 58, in run
    result = self.fn(*self.args, **self.kwargs)
             ^^^^^^^^^^^^^^^^^^^^^^^^^^^^^^^^^^
  File "D:\EcoTrack\.venv\Lib\site-packages\earthaccess\store.py", line 137, in multi_thread_open
    f_size = fs.info(url)["size"]
             ^^^^^^^^^^^^
  File "D:\EcoTrack\.venv\Lib\site-packages\fsspec\asyn.py", line 217, in wrapper
    return sync(self.loop, func, *args, **kwargs)
           ^^^^^^^^^^^^^^^^^^^^^^^^^^^^^^^^^^^^^^
  File "D:\EcoTrack\.venv\Lib\site-packages\fsspec\asyn.py", line 106, in sync
    raise return_result
  File "D:\EcoTrack\.venv\Lib\site-packages\fsspec\asyn.py", line 59, in _runner
    result[0] = await coro
                ^^^^^^^^^^
  File "D:\EcoTrack\.venv\Lib\site-packages\fsspec\implementations\http.py", line 460, in _info
    raise FileNotFoundError(url) from exc
FileNotFoundError: https://data.gesdisc.earthdata.nasa.gov/data/OCO2_DATA/OCO2_L2_Lite_FP.11.3r/2024/oco2_LtCO2_240219_B11300Ar_260528190155s.nc4
  [1046/1148] 2024-02-19 FAILED (FileNotFoundError: https://data.gesdisc.earthdata.nasa.gov/data/OCO2_DATA/OCO2_L2_Lite_FP.11.3r/2024/oco2_LtCO2_240219_B11300Ar_260528190155s.nc4) — will retry next run
An exception occurred while trying to access remote files via HTTPS
Traceback (most recent call last):
  File "D:\EcoTrack\.venv\Lib\site-packages\aiohttp\connector.py", line 1571, in _create_direct_connection
    hosts = await self._resolve_host(host, port, traces=traces)
            ^^^^^^^^^^^^^^^^^^^^^^^^^^^^^^^^^^^^^^^^^^^^^^^^^^^
  File "D:\EcoTrack\.venv\Lib\site-packages\aiohttp\connector.py", line 1181, in _resolve_host
    return await asyncio.shield(resolved_host_task)
           ^^^^^^^^^^^^^^^^^^^^^^^^^^^^^^^^^^^^^^^^
  File "D:\EcoTrack\.venv\Lib\site-packages\aiohttp\connector.py", line 1212, in _resolve_host_with_throttle
    addrs = await self._resolver.resolve(host, port, family=self._family)
            ^^^^^^^^^^^^^^^^^^^^^^^^^^^^^^^^^^^^^^^^^^^^^^^^^^^^^^^^^^^^^
  File "D:\EcoTrack\.venv\Lib\site-packages\aiohttp\resolver.py", line 47, in resolve
    infos = await self._loop.getaddrinfo(
            ^^^^^^^^^^^^^^^^^^^^^^^^^^^^^
  File "C:\Users\JANHAVI TUPE\AppData\Local\Programs\Python\Python311\Lib\asyncio\base_events.py", line 868, in getaddrinfo
    return await self.run_in_executor(
           ^^^^^^^^^^^^^^^^^^^^^^^^^^^
  File "C:\Users\JANHAVI TUPE\AppData\Local\Programs\Python\Python311\Lib\concurrent\futures\thread.py", line 58, in run
    result = self.fn(*self.args, **self.kwargs)
             ^^^^^^^^^^^^^^^^^^^^^^^^^^^^^^^^^^
  File "C:\Users\JANHAVI TUPE\AppData\Local\Programs\Python\Python311\Lib\socket.py", line 962, in getaddrinfo
    for res in _socket.getaddrinfo(host, port, family, type, proto, flags):
               ^^^^^^^^^^^^^^^^^^^^^^^^^^^^^^^^^^^^^^^^^^^^^^^^^^^^^^^^^^^
socket.gaierror: [Errno 11001] getaddrinfo failed

The above exception was the direct cause of the following exception:

Traceback (most recent call last):
  File "D:\EcoTrack\.venv\Lib\site-packages\fsspec\implementations\http.py", line 447, in _info
    await _file_info(
  File "D:\EcoTrack\.venv\Lib\site-packages\fsspec\implementations\http.py", line 861, in _file_info
    r = await session.get(url, allow_redirects=ar, **kwargs)
        ^^^^^^^^^^^^^^^^^^^^^^^^^^^^^^^^^^^^^^^^^^^^^^^^^^^^
  File "D:\EcoTrack\.venv\Lib\site-packages\aiohttp\client.py", line 858, in _request
    resp = await handler(req)
           ^^^^^^^^^^^^^^^^^^
  File "D:\EcoTrack\.venv\Lib\site-packages\aiohttp\client.py", line 812, in _connect_and_send_request
    conn = await self._connector.connect(
           ^^^^^^^^^^^^^^^^^^^^^^^^^^^^^^
  File "D:\EcoTrack\.venv\Lib\site-packages\aiohttp\connector.py", line 657, in connect
    proto = await self._create_connection(req, traces, timeout)
            ^^^^^^^^^^^^^^^^^^^^^^^^^^^^^^^^^^^^^^^^^^^^^^^^^^^
  File "D:\EcoTrack\.venv\Lib\site-packages\aiohttp\connector.py", line 1242, in _create_connection
    _, proto = await self._create_direct_connection(req, traces, timeout)
               ^^^^^^^^^^^^^^^^^^^^^^^^^^^^^^^^^^^^^^^^^^^^^^^^^^^^^^^^^^
  File "D:\EcoTrack\.venv\Lib\site-packages\aiohttp\connector.py", line 1577, in _create_direct_connection
    raise ClientConnectorDNSError(req.connection_key, exc) from exc
aiohttp.client_exceptions.ClientConnectorDNSError: Cannot connect to host data.gesdisc.earthdata.nasa.gov:443 ssl:default [getaddrinfo failed]

The above exception was the direct cause of the following exception:

Traceback (most recent call last):
  File "D:\EcoTrack\.venv\Lib\site-packages\earthaccess\store.py", line 987, in _open_urls_https
    return _open_files(
           ^^^^^^^^^^^^
  File "D:\EcoTrack\.venv\Lib\site-packages\earthaccess\store.py", line 150, in _open_files
    return pqdm(
           ^^^^^
  File "D:\EcoTrack\.venv\Lib\site-packages\pqdm\threads.py", line 22, in pqdm
    return _parallel_process(
           ^^^^^^^^^^^^^^^^^^
  File "D:\EcoTrack\.venv\Lib\site-packages\pqdm\_base.py", line 79, in _parallel_process
    raise e
  File "D:\EcoTrack\.venv\Lib\site-packages\pqdm\_base.py", line 76, in _parallel_process
    results.append(future.result())
                   ^^^^^^^^^^^^^^^
  File "C:\Users\JANHAVI TUPE\AppData\Local\Programs\Python\Python311\Lib\concurrent\futures\_base.py", line 449, in result
    return self.__get_result()
           ^^^^^^^^^^^^^^^^^^^
  File "C:\Users\JANHAVI TUPE\AppData\Local\Programs\Python\Python311\Lib\concurrent\futures\_base.py", line 401, in __get_result
    raise self._exception
  File "C:\Users\JANHAVI TUPE\AppData\Local\Programs\Python\Python311\Lib\concurrent\futures\thread.py", line 58, in run
    result = self.fn(*self.args, **self.kwargs)
             ^^^^^^^^^^^^^^^^^^^^^^^^^^^^^^^^^^
  File "D:\EcoTrack\.venv\Lib\site-packages\earthaccess\store.py", line 137, in multi_thread_open
    f_size = fs.info(url)["size"]
             ^^^^^^^^^^^^
  File "D:\EcoTrack\.venv\Lib\site-packages\fsspec\asyn.py", line 217, in wrapper
    return sync(self.loop, func, *args, **kwargs)
           ^^^^^^^^^^^^^^^^^^^^^^^^^^^^^^^^^^^^^^
  File "D:\EcoTrack\.venv\Lib\site-packages\fsspec\asyn.py", line 106, in sync
    raise return_result
  File "D:\EcoTrack\.venv\Lib\site-packages\fsspec\asyn.py", line 59, in _runner
    result[0] = await coro
                ^^^^^^^^^^
  File "D:\EcoTrack\.venv\Lib\site-packages\fsspec\implementations\http.py", line 460, in _info
    raise FileNotFoundError(url) from exc
FileNotFoundError: https://data.gesdisc.earthdata.nasa.gov/data/OCO2_DATA/OCO2_L2_Lite_FP.11.3r/2024/oco2_LtCO2_240220_B11300Ar_260528190245s.nc4
  [1047/1148] 2024-02-20 FAILED (FileNotFoundError: https://data.gesdisc.earthdata.nasa.gov/data/OCO2_DATA/OCO2_L2_Lite_FP.11.3r/2024/oco2_LtCO2_240220_B11300Ar_260528190245s.nc4) — will retry next run
An exception occurred while trying to access remote files via HTTPS
Traceback (most recent call last):
  File "D:\EcoTrack\.venv\Lib\site-packages\aiohttp\connector.py", line 1571, in _create_direct_connection
    hosts = await self._resolve_host(host, port, traces=traces)
            ^^^^^^^^^^^^^^^^^^^^^^^^^^^^^^^^^^^^^^^^^^^^^^^^^^^
  File "D:\EcoTrack\.venv\Lib\site-packages\aiohttp\connector.py", line 1181, in _resolve_host
    return await asyncio.shield(resolved_host_task)
           ^^^^^^^^^^^^^^^^^^^^^^^^^^^^^^^^^^^^^^^^
  File "D:\EcoTrack\.venv\Lib\site-packages\aiohttp\connector.py", line 1212, in _resolve_host_with_throttle
    addrs = await self._resolver.resolve(host, port, family=self._family)
            ^^^^^^^^^^^^^^^^^^^^^^^^^^^^^^^^^^^^^^^^^^^^^^^^^^^^^^^^^^^^^
  File "D:\EcoTrack\.venv\Lib\site-packages\aiohttp\resolver.py", line 47, in resolve
    infos = await self._loop.getaddrinfo(
            ^^^^^^^^^^^^^^^^^^^^^^^^^^^^^
  File "C:\Users\JANHAVI TUPE\AppData\Local\Programs\Python\Python311\Lib\asyncio\base_events.py", line 868, in getaddrinfo
    return await self.run_in_executor(
           ^^^^^^^^^^^^^^^^^^^^^^^^^^^
  File "C:\Users\JANHAVI TUPE\AppData\Local\Programs\Python\Python311\Lib\concurrent\futures\thread.py", line 58, in run
    result = self.fn(*self.args, **self.kwargs)
             ^^^^^^^^^^^^^^^^^^^^^^^^^^^^^^^^^^
  File "C:\Users\JANHAVI TUPE\AppData\Local\Programs\Python\Python311\Lib\socket.py", line 962, in getaddrinfo
    for res in _socket.getaddrinfo(host, port, family, type, proto, flags):
               ^^^^^^^^^^^^^^^^^^^^^^^^^^^^^^^^^^^^^^^^^^^^^^^^^^^^^^^^^^^
socket.gaierror: [Errno 11001] getaddrinfo failed

The above exception was the direct cause of the following exception:

Traceback (most recent call last):
  File "D:\EcoTrack\.venv\Lib\site-packages\fsspec\implementations\http.py", line 447, in _info
    await _file_info(
  File "D:\EcoTrack\.venv\Lib\site-packages\fsspec\implementations\http.py", line 861, in _file_info
    r = await session.get(url, allow_redirects=ar, **kwargs)
        ^^^^^^^^^^^^^^^^^^^^^^^^^^^^^^^^^^^^^^^^^^^^^^^^^^^^
  File "D:\EcoTrack\.venv\Lib\site-packages\aiohttp\client.py", line 858, in _request
    resp = await handler(req)
           ^^^^^^^^^^^^^^^^^^
  File "D:\EcoTrack\.venv\Lib\site-packages\aiohttp\client.py", line 812, in _connect_and_send_request
    conn = await self._connector.connect(
           ^^^^^^^^^^^^^^^^^^^^^^^^^^^^^^
  File "D:\EcoTrack\.venv\Lib\site-packages\aiohttp\connector.py", line 657, in connect
    proto = await self._create_connection(req, traces, timeout)
            ^^^^^^^^^^^^^^^^^^^^^^^^^^^^^^^^^^^^^^^^^^^^^^^^^^^
  File "D:\EcoTrack\.venv\Lib\site-packages\aiohttp\connector.py", line 1242, in _create_connection
    _, proto = await self._create_direct_connection(req, traces, timeout)
               ^^^^^^^^^^^^^^^^^^^^^^^^^^^^^^^^^^^^^^^^^^^^^^^^^^^^^^^^^^
  File "D:\EcoTrack\.venv\Lib\site-packages\aiohttp\connector.py", line 1577, in _create_direct_connection
    raise ClientConnectorDNSError(req.connection_key, exc) from exc
aiohttp.client_exceptions.ClientConnectorDNSError: Cannot connect to host data.gesdisc.earthdata.nasa.gov:443 ssl:default [getaddrinfo failed]

The above exception was the direct cause of the following exception:

Traceback (most recent call last):
  File "D:\EcoTrack\.venv\Lib\site-packages\earthaccess\store.py", line 987, in _open_urls_https
    return _open_files(
           ^^^^^^^^^^^^
  File "D:\EcoTrack\.venv\Lib\site-packages\earthaccess\store.py", line 150, in _open_files
    return pqdm(
           ^^^^^
  File "D:\EcoTrack\.venv\Lib\site-packages\pqdm\threads.py", line 22, in pqdm
    return _parallel_process(
           ^^^^^^^^^^^^^^^^^^
  File "D:\EcoTrack\.venv\Lib\site-packages\pqdm\_base.py", line 79, in _parallel_process
    raise e
  File "D:\EcoTrack\.venv\Lib\site-packages\pqdm\_base.py", line 76, in _parallel_process
    results.append(future.result())
                   ^^^^^^^^^^^^^^^
  File "C:\Users\JANHAVI TUPE\AppData\Local\Programs\Python\Python311\Lib\concurrent\futures\_base.py", line 449, in result
    return self.__get_result()
           ^^^^^^^^^^^^^^^^^^^
  File "C:\Users\JANHAVI TUPE\AppData\Local\Programs\Python\Python311\Lib\concurrent\futures\_base.py", line 401, in __get_result
    raise self._exception
  File "C:\Users\JANHAVI TUPE\AppData\Local\Programs\Python\Python311\Lib\concurrent\futures\thread.py", line 58, in run
    result = self.fn(*self.args, **self.kwargs)
             ^^^^^^^^^^^^^^^^^^^^^^^^^^^^^^^^^^
  File "D:\EcoTrack\.venv\Lib\site-packages\earthaccess\store.py", line 137, in multi_thread_open
    f_size = fs.info(url)["size"]
             ^^^^^^^^^^^^
  File "D:\EcoTrack\.venv\Lib\site-packages\fsspec\asyn.py", line 217, in wrapper
    return sync(self.loop, func, *args, **kwargs)
           ^^^^^^^^^^^^^^^^^^^^^^^^^^^^^^^^^^^^^^
  File "D:\EcoTrack\.venv\Lib\site-packages\fsspec\asyn.py", line 106, in sync
    raise return_result
  File "D:\EcoTrack\.venv\Lib\site-packages\fsspec\asyn.py", line 59, in _runner
    result[0] = await coro
                ^^^^^^^^^^
  File "D:\EcoTrack\.venv\Lib\site-packages\fsspec\implementations\http.py", line 460, in _info
    raise FileNotFoundError(url) from exc
FileNotFoundError: https://data.gesdisc.earthdata.nasa.gov/data/OCO2_DATA/OCO2_L2_Lite_FP.11.3r/2024/oco2_LtCO2_240221_B11300Ar_260528190331s.nc4
  [1048/1148] 2024-02-21 FAILED (FileNotFoundError: https://data.gesdisc.earthdata.nasa.gov/data/OCO2_DATA/OCO2_L2_Lite_FP.11.3r/2024/oco2_LtCO2_240221_B11300Ar_260528190331s.nc4) — will retry next run
An exception occurred while trying to access remote files via HTTPS
Traceback (most recent call last):
  File "D:\EcoTrack\.venv\Lib\site-packages\aiohttp\connector.py", line 1571, in _create_direct_connection
    hosts = await self._resolve_host(host, port, traces=traces)
            ^^^^^^^^^^^^^^^^^^^^^^^^^^^^^^^^^^^^^^^^^^^^^^^^^^^
  File "D:\EcoTrack\.venv\Lib\site-packages\aiohttp\connector.py", line 1181, in _resolve_host
    return await asyncio.shield(resolved_host_task)
           ^^^^^^^^^^^^^^^^^^^^^^^^^^^^^^^^^^^^^^^^
  File "D:\EcoTrack\.venv\Lib\site-packages\aiohttp\connector.py", line 1212, in _resolve_host_with_throttle
    addrs = await self._resolver.resolve(host, port, family=self._family)
            ^^^^^^^^^^^^^^^^^^^^^^^^^^^^^^^^^^^^^^^^^^^^^^^^^^^^^^^^^^^^^
  File "D:\EcoTrack\.venv\Lib\site-packages\aiohttp\resolver.py", line 47, in resolve
    infos = await self._loop.getaddrinfo(
            ^^^^^^^^^^^^^^^^^^^^^^^^^^^^^
  File "C:\Users\JANHAVI TUPE\AppData\Local\Programs\Python\Python311\Lib\asyncio\base_events.py", line 868, in getaddrinfo
    return await self.run_in_executor(
           ^^^^^^^^^^^^^^^^^^^^^^^^^^^
  File "C:\Users\JANHAVI TUPE\AppData\Local\Programs\Python\Python311\Lib\concurrent\futures\thread.py", line 58, in run
    result = self.fn(*self.args, **self.kwargs)
             ^^^^^^^^^^^^^^^^^^^^^^^^^^^^^^^^^^
  File "C:\Users\JANHAVI TUPE\AppData\Local\Programs\Python\Python311\Lib\socket.py", line 962, in getaddrinfo
    for res in _socket.getaddrinfo(host, port, family, type, proto, flags):
               ^^^^^^^^^^^^^^^^^^^^^^^^^^^^^^^^^^^^^^^^^^^^^^^^^^^^^^^^^^^
socket.gaierror: [Errno 11001] getaddrinfo failed

The above exception was the direct cause of the following exception:

Traceback (most recent call last):
  File "D:\EcoTrack\.venv\Lib\site-packages\fsspec\implementations\http.py", line 447, in _info
    await _file_info(
  File "D:\EcoTrack\.venv\Lib\site-packages\fsspec\implementations\http.py", line 861, in _file_info
    r = await session.get(url, allow_redirects=ar, **kwargs)
        ^^^^^^^^^^^^^^^^^^^^^^^^^^^^^^^^^^^^^^^^^^^^^^^^^^^^
  File "D:\EcoTrack\.venv\Lib\site-packages\aiohttp\client.py", line 858, in _request
    resp = await handler(req)
           ^^^^^^^^^^^^^^^^^^
  File "D:\EcoTrack\.venv\Lib\site-packages\aiohttp\client.py", line 812, in _connect_and_send_request
    conn = await self._connector.connect(
           ^^^^^^^^^^^^^^^^^^^^^^^^^^^^^^
  File "D:\EcoTrack\.venv\Lib\site-packages\aiohttp\connector.py", line 657, in connect
    proto = await self._create_connection(req, traces, timeout)
            ^^^^^^^^^^^^^^^^^^^^^^^^^^^^^^^^^^^^^^^^^^^^^^^^^^^
  File "D:\EcoTrack\.venv\Lib\site-packages\aiohttp\connector.py", line 1242, in _create_connection
    _, proto = await self._create_direct_connection(req, traces, timeout)
               ^^^^^^^^^^^^^^^^^^^^^^^^^^^^^^^^^^^^^^^^^^^^^^^^^^^^^^^^^^
  File "D:\EcoTrack\.venv\Lib\site-packages\aiohttp\connector.py", line 1577, in _create_direct_connection
    raise ClientConnectorDNSError(req.connection_key, exc) from exc
aiohttp.client_exceptions.ClientConnectorDNSError: Cannot connect to host data.gesdisc.earthdata.nasa.gov:443 ssl:default [getaddrinfo failed]

The above exception was the direct cause of the following exception:

Traceback (most recent call last):
  File "D:\EcoTrack\.venv\Lib\site-packages\earthaccess\store.py", line 987, in _open_urls_https
    return _open_files(
           ^^^^^^^^^^^^
  File "D:\EcoTrack\.venv\Lib\site-packages\earthaccess\store.py", line 150, in _open_files
    return pqdm(
           ^^^^^
  File "D:\EcoTrack\.venv\Lib\site-packages\pqdm\threads.py", line 22, in pqdm
    return _parallel_process(
           ^^^^^^^^^^^^^^^^^^
  File "D:\EcoTrack\.venv\Lib\site-packages\pqdm\_base.py", line 79, in _parallel_process
    raise e
  File "D:\EcoTrack\.venv\Lib\site-packages\pqdm\_base.py", line 76, in _parallel_process
    results.append(future.result())
                   ^^^^^^^^^^^^^^^
  File "C:\Users\JANHAVI TUPE\AppData\Local\Programs\Python\Python311\Lib\concurrent\futures\_base.py", line 449, in result
    return self.__get_result()
           ^^^^^^^^^^^^^^^^^^^
  File "C:\Users\JANHAVI TUPE\AppData\Local\Programs\Python\Python311\Lib\concurrent\futures\_base.py", line 401, in __get_result
    raise self._exception
  File "C:\Users\JANHAVI TUPE\AppData\Local\Programs\Python\Python311\Lib\concurrent\futures\thread.py", line 58, in run
    result = self.fn(*self.args, **self.kwargs)
             ^^^^^^^^^^^^^^^^^^^^^^^^^^^^^^^^^^
  File "D:\EcoTrack\.venv\Lib\site-packages\earthaccess\store.py", line 137, in multi_thread_open
    f_size = fs.info(url)["size"]
             ^^^^^^^^^^^^
  File "D:\EcoTrack\.venv\Lib\site-packages\fsspec\asyn.py", line 217, in wrapper
    return sync(self.loop, func, *args, **kwargs)
           ^^^^^^^^^^^^^^^^^^^^^^^^^^^^^^^^^^^^^^
  File "D:\EcoTrack\.venv\Lib\site-packages\fsspec\asyn.py", line 106, in sync
    raise return_result
  File "D:\EcoTrack\.venv\Lib\site-packages\fsspec\asyn.py", line 59, in _runner
    result[0] = await coro
                ^^^^^^^^^^
  File "D:\EcoTrack\.venv\Lib\site-packages\fsspec\implementations\http.py", line 460, in _info
    raise FileNotFoundError(url) from exc
FileNotFoundError: https://data.gesdisc.earthdata.nasa.gov/data/OCO2_DATA/OCO2_L2_Lite_FP.11.3r/2024/oco2_LtCO2_240222_B11300Ar_260528190423s.nc4
  [1049/1148] 2024-02-22 FAILED (FileNotFoundError: https://data.gesdisc.earthdata.nasa.gov/data/OCO2_DATA/OCO2_L2_Lite_FP.11.3r/2024/oco2_LtCO2_240222_B11300Ar_260528190423s.nc4) — will retry next run
An exception occurred while trying to access remote files via HTTPS
Traceback (most recent call last):
  File "D:\EcoTrack\.venv\Lib\site-packages\aiohttp\connector.py", line 1571, in _create_direct_connection
    hosts = await self._resolve_host(host, port, traces=traces)
            ^^^^^^^^^^^^^^^^^^^^^^^^^^^^^^^^^^^^^^^^^^^^^^^^^^^
  File "D:\EcoTrack\.venv\Lib\site-packages\aiohttp\connector.py", line 1181, in _resolve_host
    return await asyncio.shield(resolved_host_task)
           ^^^^^^^^^^^^^^^^^^^^^^^^^^^^^^^^^^^^^^^^
  File "D:\EcoTrack\.venv\Lib\site-packages\aiohttp\connector.py", line 1212, in _resolve_host_with_throttle
    addrs = await self._resolver.resolve(host, port, family=self._family)
            ^^^^^^^^^^^^^^^^^^^^^^^^^^^^^^^^^^^^^^^^^^^^^^^^^^^^^^^^^^^^^
  File "D:\EcoTrack\.venv\Lib\site-packages\aiohttp\resolver.py", line 47, in resolve
    infos = await self._loop.getaddrinfo(
            ^^^^^^^^^^^^^^^^^^^^^^^^^^^^^
  File "C:\Users\JANHAVI TUPE\AppData\Local\Programs\Python\Python311\Lib\asyncio\base_events.py", line 868, in getaddrinfo
    return await self.run_in_executor(
           ^^^^^^^^^^^^^^^^^^^^^^^^^^^
  File "C:\Users\JANHAVI TUPE\AppData\Local\Programs\Python\Python311\Lib\concurrent\futures\thread.py", line 58, in run
    result = self.fn(*self.args, **self.kwargs)
             ^^^^^^^^^^^^^^^^^^^^^^^^^^^^^^^^^^
  File "C:\Users\JANHAVI TUPE\AppData\Local\Programs\Python\Python311\Lib\socket.py", line 962, in getaddrinfo
    for res in _socket.getaddrinfo(host, port, family, type, proto, flags):
               ^^^^^^^^^^^^^^^^^^^^^^^^^^^^^^^^^^^^^^^^^^^^^^^^^^^^^^^^^^^
socket.gaierror: [Errno 11001] getaddrinfo failed

The above exception was the direct cause of the following exception:

Traceback (most recent call last):
  File "D:\EcoTrack\.venv\Lib\site-packages\fsspec\implementations\http.py", line 447, in _info
    await _file_info(
  File "D:\EcoTrack\.venv\Lib\site-packages\fsspec\implementations\http.py", line 861, in _file_info
    r = await session.get(url, allow_redirects=ar, **kwargs)
        ^^^^^^^^^^^^^^^^^^^^^^^^^^^^^^^^^^^^^^^^^^^^^^^^^^^^
  File "D:\EcoTrack\.venv\Lib\site-packages\aiohttp\client.py", line 858, in _request
    resp = await handler(req)
           ^^^^^^^^^^^^^^^^^^
  File "D:\EcoTrack\.venv\Lib\site-packages\aiohttp\client.py", line 812, in _connect_and_send_request
    conn = await self._connector.connect(
           ^^^^^^^^^^^^^^^^^^^^^^^^^^^^^^
  File "D:\EcoTrack\.venv\Lib\site-packages\aiohttp\connector.py", line 657, in connect
    proto = await self._create_connection(req, traces, timeout)
            ^^^^^^^^^^^^^^^^^^^^^^^^^^^^^^^^^^^^^^^^^^^^^^^^^^^
  File "D:\EcoTrack\.venv\Lib\site-packages\aiohttp\connector.py", line 1242, in _create_connection
    _, proto = await self._create_direct_connection(req, traces, timeout)
               ^^^^^^^^^^^^^^^^^^^^^^^^^^^^^^^^^^^^^^^^^^^^^^^^^^^^^^^^^^
  File "D:\EcoTrack\.venv\Lib\site-packages\aiohttp\connector.py", line 1577, in _create_direct_connection
    raise ClientConnectorDNSError(req.connection_key, exc) from exc
aiohttp.client_exceptions.ClientConnectorDNSError: Cannot connect to host data.gesdisc.earthdata.nasa.gov:443 ssl:default [getaddrinfo failed]

The above exception was the direct cause of the following exception:

Traceback (most recent call last):
  File "D:\EcoTrack\.venv\Lib\site-packages\earthaccess\store.py", line 987, in _open_urls_https
    return _open_files(
           ^^^^^^^^^^^^
  File "D:\EcoTrack\.venv\Lib\site-packages\earthaccess\store.py", line 150, in _open_files
    return pqdm(
           ^^^^^
  File "D:\EcoTrack\.venv\Lib\site-packages\pqdm\threads.py", line 22, in pqdm
    return _parallel_process(
           ^^^^^^^^^^^^^^^^^^
  File "D:\EcoTrack\.venv\Lib\site-packages\pqdm\_base.py", line 79, in _parallel_process
    raise e
  File "D:\EcoTrack\.venv\Lib\site-packages\pqdm\_base.py", line 76, in _parallel_process
    results.append(future.result())
                   ^^^^^^^^^^^^^^^
  File "C:\Users\JANHAVI TUPE\AppData\Local\Programs\Python\Python311\Lib\concurrent\futures\_base.py", line 449, in result
    return self.__get_result()
           ^^^^^^^^^^^^^^^^^^^
  File "C:\Users\JANHAVI TUPE\AppData\Local\Programs\Python\Python311\Lib\concurrent\futures\_base.py", line 401, in __get_result
    raise self._exception
  File "C:\Users\JANHAVI TUPE\AppData\Local\Programs\Python\Python311\Lib\concurrent\futures\thread.py", line 58, in run
    result = self.fn(*self.args, **self.kwargs)
             ^^^^^^^^^^^^^^^^^^^^^^^^^^^^^^^^^^
  File "D:\EcoTrack\.venv\Lib\site-packages\earthaccess\store.py", line 137, in multi_thread_open
    f_size = fs.info(url)["size"]
             ^^^^^^^^^^^^
  File "D:\EcoTrack\.venv\Lib\site-packages\fsspec\asyn.py", line 217, in wrapper
    return sync(self.loop, func, *args, **kwargs)
           ^^^^^^^^^^^^^^^^^^^^^^^^^^^^^^^^^^^^^^
  File "D:\EcoTrack\.venv\Lib\site-packages\fsspec\asyn.py", line 106, in sync
    raise return_result
  File "D:\EcoTrack\.venv\Lib\site-packages\fsspec\asyn.py", line 59, in _runner
    result[0] = await coro
                ^^^^^^^^^^
  File "D:\EcoTrack\.venv\Lib\site-packages\fsspec\implementations\http.py", line 460, in _info
    raise FileNotFoundError(url) from exc
FileNotFoundError: https://data.gesdisc.earthdata.nasa.gov/data/OCO2_DATA/OCO2_L2_Lite_FP.11.3r/2024/oco2_LtCO2_240223_B11300Ar_260528190510s.nc4
  [1050/1148] 2024-02-23 FAILED (FileNotFoundError: https://data.gesdisc.earthdata.nasa.gov/data/OCO2_DATA/OCO2_L2_Lite_FP.11.3r/2024/oco2_LtCO2_240223_B11300Ar_260528190510s.nc4) — will retry next run
An exception occurred while trying to access remote files via HTTPS
Traceback (most recent call last):
  File "D:\EcoTrack\.venv\Lib\site-packages\aiohttp\connector.py", line 1571, in _create_direct_connection
    hosts = await self._resolve_host(host, port, traces=traces)
            ^^^^^^^^^^^^^^^^^^^^^^^^^^^^^^^^^^^^^^^^^^^^^^^^^^^
  File "D:\EcoTrack\.venv\Lib\site-packages\aiohttp\connector.py", line 1181, in _resolve_host
    return await asyncio.shield(resolved_host_task)
           ^^^^^^^^^^^^^^^^^^^^^^^^^^^^^^^^^^^^^^^^
  File "D:\EcoTrack\.venv\Lib\site-packages\aiohttp\connector.py", line 1212, in _resolve_host_with_throttle
    addrs = await self._resolver.resolve(host, port, family=self._family)
            ^^^^^^^^^^^^^^^^^^^^^^^^^^^^^^^^^^^^^^^^^^^^^^^^^^^^^^^^^^^^^
  File "D:\EcoTrack\.venv\Lib\site-packages\aiohttp\resolver.py", line 47, in resolve
    infos = await self._loop.getaddrinfo(
            ^^^^^^^^^^^^^^^^^^^^^^^^^^^^^
  File "C:\Users\JANHAVI TUPE\AppData\Local\Programs\Python\Python311\Lib\asyncio\base_events.py", line 868, in getaddrinfo
    return await self.run_in_executor(
           ^^^^^^^^^^^^^^^^^^^^^^^^^^^
  File "C:\Users\JANHAVI TUPE\AppData\Local\Programs\Python\Python311\Lib\concurrent\futures\thread.py", line 58, in run
    result = self.fn(*self.args, **self.kwargs)
             ^^^^^^^^^^^^^^^^^^^^^^^^^^^^^^^^^^
  File "C:\Users\JANHAVI TUPE\AppData\Local\Programs\Python\Python311\Lib\socket.py", line 962, in getaddrinfo
    for res in _socket.getaddrinfo(host, port, family, type, proto, flags):
               ^^^^^^^^^^^^^^^^^^^^^^^^^^^^^^^^^^^^^^^^^^^^^^^^^^^^^^^^^^^
socket.gaierror: [Errno 11001] getaddrinfo failed

The above exception was the direct cause of the following exception:

Traceback (most recent call last):
  File "D:\EcoTrack\.venv\Lib\site-packages\fsspec\implementations\http.py", line 447, in _info
    await _file_info(
  File "D:\EcoTrack\.venv\Lib\site-packages\fsspec\implementations\http.py", line 861, in _file_info
    r = await session.get(url, allow_redirects=ar, **kwargs)
        ^^^^^^^^^^^^^^^^^^^^^^^^^^^^^^^^^^^^^^^^^^^^^^^^^^^^
  File "D:\EcoTrack\.venv\Lib\site-packages\aiohttp\client.py", line 858, in _request
    resp = await handler(req)
           ^^^^^^^^^^^^^^^^^^
  File "D:\EcoTrack\.venv\Lib\site-packages\aiohttp\client.py", line 812, in _connect_and_send_request
    conn = await self._connector.connect(
           ^^^^^^^^^^^^^^^^^^^^^^^^^^^^^^
  File "D:\EcoTrack\.venv\Lib\site-packages\aiohttp\connector.py", line 657, in connect
    proto = await self._create_connection(req, traces, timeout)
            ^^^^^^^^^^^^^^^^^^^^^^^^^^^^^^^^^^^^^^^^^^^^^^^^^^^
  File "D:\EcoTrack\.venv\Lib\site-packages\aiohttp\connector.py", line 1242, in _create_connection
    _, proto = await self._create_direct_connection(req, traces, timeout)
               ^^^^^^^^^^^^^^^^^^^^^^^^^^^^^^^^^^^^^^^^^^^^^^^^^^^^^^^^^^
  File "D:\EcoTrack\.venv\Lib\site-packages\aiohttp\connector.py", line 1577, in _create_direct_connection
    raise ClientConnectorDNSError(req.connection_key, exc) from exc
aiohttp.client_exceptions.ClientConnectorDNSError: Cannot connect to host data.gesdisc.earthdata.nasa.gov:443 ssl:default [getaddrinfo failed]

The above exception was the direct cause of the following exception:

Traceback (most recent call last):
  File "D:\EcoTrack\.venv\Lib\site-packages\earthaccess\store.py", line 987, in _open_urls_https
    return _open_files(
           ^^^^^^^^^^^^
  File "D:\EcoTrack\.venv\Lib\site-packages\earthaccess\store.py", line 150, in _open_files
    return pqdm(
           ^^^^^
  File "D:\EcoTrack\.venv\Lib\site-packages\pqdm\threads.py", line 22, in pqdm
    return _parallel_process(
           ^^^^^^^^^^^^^^^^^^
  File "D:\EcoTrack\.venv\Lib\site-packages\pqdm\_base.py", line 79, in _parallel_process
    raise e
  File "D:\EcoTrack\.venv\Lib\site-packages\pqdm\_base.py", line 76, in _parallel_process
    results.append(future.result())
                   ^^^^^^^^^^^^^^^
  File "C:\Users\JANHAVI TUPE\AppData\Local\Programs\Python\Python311\Lib\concurrent\futures\_base.py", line 449, in result
    return self.__get_result()
           ^^^^^^^^^^^^^^^^^^^
  File "C:\Users\JANHAVI TUPE\AppData\Local\Programs\Python\Python311\Lib\concurrent\futures\_base.py", line 401, in __get_result
    raise self._exception
  File "C:\Users\JANHAVI TUPE\AppData\Local\Programs\Python\Python311\Lib\concurrent\futures\thread.py", line 58, in run
    result = self.fn(*self.args, **self.kwargs)
             ^^^^^^^^^^^^^^^^^^^^^^^^^^^^^^^^^^
  File "D:\EcoTrack\.venv\Lib\site-packages\earthaccess\store.py", line 137, in multi_thread_open
    f_size = fs.info(url)["size"]
             ^^^^^^^^^^^^
  File "D:\EcoTrack\.venv\Lib\site-packages\fsspec\asyn.py", line 217, in wrapper
    return sync(self.loop, func, *args, **kwargs)
           ^^^^^^^^^^^^^^^^^^^^^^^^^^^^^^^^^^^^^^
  File "D:\EcoTrack\.venv\Lib\site-packages\fsspec\asyn.py", line 106, in sync
    raise return_result
  File "D:\EcoTrack\.venv\Lib\site-packages\fsspec\asyn.py", line 59, in _runner
    result[0] = await coro
                ^^^^^^^^^^
  File "D:\EcoTrack\.venv\Lib\site-packages\fsspec\implementations\http.py", line 460, in _info
    raise FileNotFoundError(url) from exc
FileNotFoundError: https://data.gesdisc.earthdata.nasa.gov/data/OCO2_DATA/OCO2_L2_Lite_FP.11.3r/2024/oco2_LtCO2_240224_B11300Ar_260528190559s.nc4
  [1051/1148] 2024-02-24 FAILED (FileNotFoundError: https://data.gesdisc.earthdata.nasa.gov/data/OCO2_DATA/OCO2_L2_Lite_FP.11.3r/2024/oco2_LtCO2_240224_B11300Ar_260528190559s.nc4) — will retry next run
An exception occurred while trying to access remote files via HTTPS
Traceback (most recent call last):
  File "D:\EcoTrack\.venv\Lib\site-packages\aiohttp\connector.py", line 1571, in _create_direct_connection
    hosts = await self._resolve_host(host, port, traces=traces)
            ^^^^^^^^^^^^^^^^^^^^^^^^^^^^^^^^^^^^^^^^^^^^^^^^^^^
  File "D:\EcoTrack\.venv\Lib\site-packages\aiohttp\connector.py", line 1181, in _resolve_host
    return await asyncio.shield(resolved_host_task)
           ^^^^^^^^^^^^^^^^^^^^^^^^^^^^^^^^^^^^^^^^
  File "D:\EcoTrack\.venv\Lib\site-packages\aiohttp\connector.py", line 1212, in _resolve_host_with_throttle
    addrs = await self._resolver.resolve(host, port, family=self._family)
            ^^^^^^^^^^^^^^^^^^^^^^^^^^^^^^^^^^^^^^^^^^^^^^^^^^^^^^^^^^^^^
  File "D:\EcoTrack\.venv\Lib\site-packages\aiohttp\resolver.py", line 47, in resolve
    infos = await self._loop.getaddrinfo(
            ^^^^^^^^^^^^^^^^^^^^^^^^^^^^^
  File "C:\Users\JANHAVI TUPE\AppData\Local\Programs\Python\Python311\Lib\asyncio\base_events.py", line 868, in getaddrinfo
    return await self.run_in_executor(
           ^^^^^^^^^^^^^^^^^^^^^^^^^^^
  File "C:\Users\JANHAVI TUPE\AppData\Local\Programs\Python\Python311\Lib\concurrent\futures\thread.py", line 58, in run
    result = self.fn(*self.args, **self.kwargs)
             ^^^^^^^^^^^^^^^^^^^^^^^^^^^^^^^^^^
  File "C:\Users\JANHAVI TUPE\AppData\Local\Programs\Python\Python311\Lib\socket.py", line 962, in getaddrinfo
    for res in _socket.getaddrinfo(host, port, family, type, proto, flags):
               ^^^^^^^^^^^^^^^^^^^^^^^^^^^^^^^^^^^^^^^^^^^^^^^^^^^^^^^^^^^
socket.gaierror: [Errno 11001] getaddrinfo failed

The above exception was the direct cause of the following exception:

Traceback (most recent call last):
  File "D:\EcoTrack\.venv\Lib\site-packages\fsspec\implementations\http.py", line 447, in _info
    await _file_info(
  File "D:\EcoTrack\.venv\Lib\site-packages\fsspec\implementations\http.py", line 861, in _file_info
    r = await session.get(url, allow_redirects=ar, **kwargs)
        ^^^^^^^^^^^^^^^^^^^^^^^^^^^^^^^^^^^^^^^^^^^^^^^^^^^^
  File "D:\EcoTrack\.venv\Lib\site-packages\aiohttp\client.py", line 858, in _request
    resp = await handler(req)
           ^^^^^^^^^^^^^^^^^^
  File "D:\EcoTrack\.venv\Lib\site-packages\aiohttp\client.py", line 812, in _connect_and_send_request
    conn = await self._connector.connect(
           ^^^^^^^^^^^^^^^^^^^^^^^^^^^^^^
  File "D:\EcoTrack\.venv\Lib\site-packages\aiohttp\connector.py", line 657, in connect
    proto = await self._create_connection(req, traces, timeout)
            ^^^^^^^^^^^^^^^^^^^^^^^^^^^^^^^^^^^^^^^^^^^^^^^^^^^
  File "D:\EcoTrack\.venv\Lib\site-packages\aiohttp\connector.py", line 1242, in _create_connection
    _, proto = await self._create_direct_connection(req, traces, timeout)
               ^^^^^^^^^^^^^^^^^^^^^^^^^^^^^^^^^^^^^^^^^^^^^^^^^^^^^^^^^^
  File "D:\EcoTrack\.venv\Lib\site-packages\aiohttp\connector.py", line 1577, in _create_direct_connection
    raise ClientConnectorDNSError(req.connection_key, exc) from exc
aiohttp.client_exceptions.ClientConnectorDNSError: Cannot connect to host data.gesdisc.earthdata.nasa.gov:443 ssl:default [getaddrinfo failed]

The above exception was the direct cause of the following exception:

Traceback (most recent call last):
  File "D:\EcoTrack\.venv\Lib\site-packages\earthaccess\store.py", line 987, in _open_urls_https
    return _open_files(
           ^^^^^^^^^^^^
  File "D:\EcoTrack\.venv\Lib\site-packages\earthaccess\store.py", line 150, in _open_files
    return pqdm(
           ^^^^^
  File "D:\EcoTrack\.venv\Lib\site-packages\pqdm\threads.py", line 22, in pqdm
    return _parallel_process(
           ^^^^^^^^^^^^^^^^^^
  File "D:\EcoTrack\.venv\Lib\site-packages\pqdm\_base.py", line 79, in _parallel_process
    raise e
  File "D:\EcoTrack\.venv\Lib\site-packages\pqdm\_base.py", line 76, in _parallel_process
    results.append(future.result())
                   ^^^^^^^^^^^^^^^
  File "C:\Users\JANHAVI TUPE\AppData\Local\Programs\Python\Python311\Lib\concurrent\futures\_base.py", line 449, in result
    return self.__get_result()
           ^^^^^^^^^^^^^^^^^^^
  File "C:\Users\JANHAVI TUPE\AppData\Local\Programs\Python\Python311\Lib\concurrent\futures\_base.py", line 401, in __get_result
    raise self._exception
  File "C:\Users\JANHAVI TUPE\AppData\Local\Programs\Python\Python311\Lib\concurrent\futures\thread.py", line 58, in run
    result = self.fn(*self.args, **self.kwargs)
             ^^^^^^^^^^^^^^^^^^^^^^^^^^^^^^^^^^
  File "D:\EcoTrack\.venv\Lib\site-packages\earthaccess\store.py", line 137, in multi_thread_open
    f_size = fs.info(url)["size"]
             ^^^^^^^^^^^^
  File "D:\EcoTrack\.venv\Lib\site-packages\fsspec\asyn.py", line 217, in wrapper
    return sync(self.loop, func, *args, **kwargs)
           ^^^^^^^^^^^^^^^^^^^^^^^^^^^^^^^^^^^^^^
  File "D:\EcoTrack\.venv\Lib\site-packages\fsspec\asyn.py", line 106, in sync
    raise return_result
  File "D:\EcoTrack\.venv\Lib\site-packages\fsspec\asyn.py", line 59, in _runner
    result[0] = await coro
                ^^^^^^^^^^
  File "D:\EcoTrack\.venv\Lib\site-packages\fsspec\implementations\http.py", line 460, in _info
    raise FileNotFoundError(url) from exc
FileNotFoundError: https://data.gesdisc.earthdata.nasa.gov/data/OCO2_DATA/OCO2_L2_Lite_FP.11.3r/2024/oco2_LtCO2_240225_B11300Ar_260528190641s.nc4
  [1052/1148] 2024-02-25 FAILED (FileNotFoundError: https://data.gesdisc.earthdata.nasa.gov/data/OCO2_DATA/OCO2_L2_Lite_FP.11.3r/2024/oco2_LtCO2_240225_B11300Ar_260528190641s.nc4) — will retry next run
An exception occurred while trying to access remote files via HTTPS
Traceback (most recent call last):
  File "D:\EcoTrack\.venv\Lib\site-packages\aiohttp\connector.py", line 1571, in _create_direct_connection
    hosts = await self._resolve_host(host, port, traces=traces)
            ^^^^^^^^^^^^^^^^^^^^^^^^^^^^^^^^^^^^^^^^^^^^^^^^^^^
  File "D:\EcoTrack\.venv\Lib\site-packages\aiohttp\connector.py", line 1181, in _resolve_host
    return await asyncio.shield(resolved_host_task)
           ^^^^^^^^^^^^^^^^^^^^^^^^^^^^^^^^^^^^^^^^
  File "D:\EcoTrack\.venv\Lib\site-packages\aiohttp\connector.py", line 1212, in _resolve_host_with_throttle
    addrs = await self._resolver.resolve(host, port, family=self._family)
            ^^^^^^^^^^^^^^^^^^^^^^^^^^^^^^^^^^^^^^^^^^^^^^^^^^^^^^^^^^^^^
  File "D:\EcoTrack\.venv\Lib\site-packages\aiohttp\resolver.py", line 47, in resolve
    infos = await self._loop.getaddrinfo(
            ^^^^^^^^^^^^^^^^^^^^^^^^^^^^^
  File "C:\Users\JANHAVI TUPE\AppData\Local\Programs\Python\Python311\Lib\asyncio\base_events.py", line 868, in getaddrinfo
    return await self.run_in_executor(
           ^^^^^^^^^^^^^^^^^^^^^^^^^^^
  File "C:\Users\JANHAVI TUPE\AppData\Local\Programs\Python\Python311\Lib\concurrent\futures\thread.py", line 58, in run
    result = self.fn(*self.args, **self.kwargs)
             ^^^^^^^^^^^^^^^^^^^^^^^^^^^^^^^^^^
  File "C:\Users\JANHAVI TUPE\AppData\Local\Programs\Python\Python311\Lib\socket.py", line 962, in getaddrinfo
    for res in _socket.getaddrinfo(host, port, family, type, proto, flags):
               ^^^^^^^^^^^^^^^^^^^^^^^^^^^^^^^^^^^^^^^^^^^^^^^^^^^^^^^^^^^
socket.gaierror: [Errno 11001] getaddrinfo failed

The above exception was the direct cause of the following exception:

Traceback (most recent call last):
  File "D:\EcoTrack\.venv\Lib\site-packages\fsspec\implementations\http.py", line 447, in _info
    await _file_info(
  File "D:\EcoTrack\.venv\Lib\site-packages\fsspec\implementations\http.py", line 861, in _file_info
    r = await session.get(url, allow_redirects=ar, **kwargs)
        ^^^^^^^^^^^^^^^^^^^^^^^^^^^^^^^^^^^^^^^^^^^^^^^^^^^^
  File "D:\EcoTrack\.venv\Lib\site-packages\aiohttp\client.py", line 858, in _request
    resp = await handler(req)
           ^^^^^^^^^^^^^^^^^^
  File "D:\EcoTrack\.venv\Lib\site-packages\aiohttp\client.py", line 812, in _connect_and_send_request
    conn = await self._connector.connect(
           ^^^^^^^^^^^^^^^^^^^^^^^^^^^^^^
  File "D:\EcoTrack\.venv\Lib\site-packages\aiohttp\connector.py", line 657, in connect
    proto = await self._create_connection(req, traces, timeout)
            ^^^^^^^^^^^^^^^^^^^^^^^^^^^^^^^^^^^^^^^^^^^^^^^^^^^
  File "D:\EcoTrack\.venv\Lib\site-packages\aiohttp\connector.py", line 1242, in _create_connection
    _, proto = await self._create_direct_connection(req, traces, timeout)
               ^^^^^^^^^^^^^^^^^^^^^^^^^^^^^^^^^^^^^^^^^^^^^^^^^^^^^^^^^^
  File "D:\EcoTrack\.venv\Lib\site-packages\aiohttp\connector.py", line 1577, in _create_direct_connection
    raise ClientConnectorDNSError(req.connection_key, exc) from exc
aiohttp.client_exceptions.ClientConnectorDNSError: Cannot connect to host data.gesdisc.earthdata.nasa.gov:443 ssl:default [getaddrinfo failed]

The above exception was the direct cause of the following exception:

Traceback (most recent call last):
  File "D:\EcoTrack\.venv\Lib\site-packages\earthaccess\store.py", line 987, in _open_urls_https
    return _open_files(
           ^^^^^^^^^^^^
  File "D:\EcoTrack\.venv\Lib\site-packages\earthaccess\store.py", line 150, in _open_files
    return pqdm(
           ^^^^^
  File "D:\EcoTrack\.venv\Lib\site-packages\pqdm\threads.py", line 22, in pqdm
    return _parallel_process(
           ^^^^^^^^^^^^^^^^^^
  File "D:\EcoTrack\.venv\Lib\site-packages\pqdm\_base.py", line 79, in _parallel_process
    raise e
  File "D:\EcoTrack\.venv\Lib\site-packages\pqdm\_base.py", line 76, in _parallel_process
    results.append(future.result())
                   ^^^^^^^^^^^^^^^
  File "C:\Users\JANHAVI TUPE\AppData\Local\Programs\Python\Python311\Lib\concurrent\futures\_base.py", line 449, in result
    return self.__get_result()
           ^^^^^^^^^^^^^^^^^^^
  File "C:\Users\JANHAVI TUPE\AppData\Local\Programs\Python\Python311\Lib\concurrent\futures\_base.py", line 401, in __get_result
    raise self._exception
  File "C:\Users\JANHAVI TUPE\AppData\Local\Programs\Python\Python311\Lib\concurrent\futures\thread.py", line 58, in run
    result = self.fn(*self.args, **self.kwargs)
             ^^^^^^^^^^^^^^^^^^^^^^^^^^^^^^^^^^
  File "D:\EcoTrack\.venv\Lib\site-packages\earthaccess\store.py", line 137, in multi_thread_open
    f_size = fs.info(url)["size"]
             ^^^^^^^^^^^^
  File "D:\EcoTrack\.venv\Lib\site-packages\fsspec\asyn.py", line 217, in wrapper
    return sync(self.loop, func, *args, **kwargs)
           ^^^^^^^^^^^^^^^^^^^^^^^^^^^^^^^^^^^^^^
  File "D:\EcoTrack\.venv\Lib\site-packages\fsspec\asyn.py", line 106, in sync
    raise return_result
  File "D:\EcoTrack\.venv\Lib\site-packages\fsspec\asyn.py", line 59, in _runner
    result[0] = await coro
                ^^^^^^^^^^
  File "D:\EcoTrack\.venv\Lib\site-packages\fsspec\implementations\http.py", line 460, in _info
    raise FileNotFoundError(url) from exc
FileNotFoundError: https://data.gesdisc.earthdata.nasa.gov/data/OCO2_DATA/OCO2_L2_Lite_FP.11.3r/2024/oco2_LtCO2_240226_B11300Ar_260528190730s.nc4
  [1053/1148] 2024-02-26 FAILED (FileNotFoundError: https://data.gesdisc.earthdata.nasa.gov/data/OCO2_DATA/OCO2_L2_Lite_FP.11.3r/2024/oco2_LtCO2_240226_B11300Ar_260528190730s.nc4) — will retry next run
An exception occurred while trying to access remote files via HTTPS
Traceback (most recent call last):
  File "D:\EcoTrack\.venv\Lib\site-packages\aiohttp\connector.py", line 1571, in _create_direct_connection
    hosts = await self._resolve_host(host, port, traces=traces)
            ^^^^^^^^^^^^^^^^^^^^^^^^^^^^^^^^^^^^^^^^^^^^^^^^^^^
  File "D:\EcoTrack\.venv\Lib\site-packages\aiohttp\connector.py", line 1181, in _resolve_host
    return await asyncio.shield(resolved_host_task)
           ^^^^^^^^^^^^^^^^^^^^^^^^^^^^^^^^^^^^^^^^
  File "D:\EcoTrack\.venv\Lib\site-packages\aiohttp\connector.py", line 1212, in _resolve_host_with_throttle
    addrs = await self._resolver.resolve(host, port, family=self._family)
            ^^^^^^^^^^^^^^^^^^^^^^^^^^^^^^^^^^^^^^^^^^^^^^^^^^^^^^^^^^^^^
  File "D:\EcoTrack\.venv\Lib\site-packages\aiohttp\resolver.py", line 47, in resolve
    infos = await self._loop.getaddrinfo(
            ^^^^^^^^^^^^^^^^^^^^^^^^^^^^^
  File "C:\Users\JANHAVI TUPE\AppData\Local\Programs\Python\Python311\Lib\asyncio\base_events.py", line 868, in getaddrinfo
    return await self.run_in_executor(
           ^^^^^^^^^^^^^^^^^^^^^^^^^^^
  File "C:\Users\JANHAVI TUPE\AppData\Local\Programs\Python\Python311\Lib\concurrent\futures\thread.py", line 58, in run
    result = self.fn(*self.args, **self.kwargs)
             ^^^^^^^^^^^^^^^^^^^^^^^^^^^^^^^^^^
  File "C:\Users\JANHAVI TUPE\AppData\Local\Programs\Python\Python311\Lib\socket.py", line 962, in getaddrinfo
    for res in _socket.getaddrinfo(host, port, family, type, proto, flags):
               ^^^^^^^^^^^^^^^^^^^^^^^^^^^^^^^^^^^^^^^^^^^^^^^^^^^^^^^^^^^
socket.gaierror: [Errno 11001] getaddrinfo failed

The above exception was the direct cause of the following exception:

Traceback (most recent call last):
  File "D:\EcoTrack\.venv\Lib\site-packages\fsspec\implementations\http.py", line 447, in _info
    await _file_info(
  File "D:\EcoTrack\.venv\Lib\site-packages\fsspec\implementations\http.py", line 861, in _file_info
    r = await session.get(url, allow_redirects=ar, **kwargs)
        ^^^^^^^^^^^^^^^^^^^^^^^^^^^^^^^^^^^^^^^^^^^^^^^^^^^^
  File "D:\EcoTrack\.venv\Lib\site-packages\aiohttp\client.py", line 858, in _request
    resp = await handler(req)
           ^^^^^^^^^^^^^^^^^^
  File "D:\EcoTrack\.venv\Lib\site-packages\aiohttp\client.py", line 812, in _connect_and_send_request
    conn = await self._connector.connect(
           ^^^^^^^^^^^^^^^^^^^^^^^^^^^^^^
  File "D:\EcoTrack\.venv\Lib\site-packages\aiohttp\connector.py", line 657, in connect
    proto = await self._create_connection(req, traces, timeout)
            ^^^^^^^^^^^^^^^^^^^^^^^^^^^^^^^^^^^^^^^^^^^^^^^^^^^
  File "D:\EcoTrack\.venv\Lib\site-packages\aiohttp\connector.py", line 1242, in _create_connection
    _, proto = await self._create_direct_connection(req, traces, timeout)
               ^^^^^^^^^^^^^^^^^^^^^^^^^^^^^^^^^^^^^^^^^^^^^^^^^^^^^^^^^^
  File "D:\EcoTrack\.venv\Lib\site-packages\aiohttp\connector.py", line 1577, in _create_direct_connection
    raise ClientConnectorDNSError(req.connection_key, exc) from exc
aiohttp.client_exceptions.ClientConnectorDNSError: Cannot connect to host data.gesdisc.earthdata.nasa.gov:443 ssl:default [getaddrinfo failed]

The above exception was the direct cause of the following exception:

Traceback (most recent call last):
  File "D:\EcoTrack\.venv\Lib\site-packages\earthaccess\store.py", line 987, in _open_urls_https
    return _open_files(
           ^^^^^^^^^^^^
  File "D:\EcoTrack\.venv\Lib\site-packages\earthaccess\store.py", line 150, in _open_files
    return pqdm(
           ^^^^^
  File "D:\EcoTrack\.venv\Lib\site-packages\pqdm\threads.py", line 22, in pqdm
    return _parallel_process(
           ^^^^^^^^^^^^^^^^^^
  File "D:\EcoTrack\.venv\Lib\site-packages\pqdm\_base.py", line 79, in _parallel_process
    raise e
  File "D:\EcoTrack\.venv\Lib\site-packages\pqdm\_base.py", line 76, in _parallel_process
    results.append(future.result())
                   ^^^^^^^^^^^^^^^
  File "C:\Users\JANHAVI TUPE\AppData\Local\Programs\Python\Python311\Lib\concurrent\futures\_base.py", line 449, in result
    return self.__get_result()
           ^^^^^^^^^^^^^^^^^^^
  File "C:\Users\JANHAVI TUPE\AppData\Local\Programs\Python\Python311\Lib\concurrent\futures\_base.py", line 401, in __get_result
    raise self._exception
  File "C:\Users\JANHAVI TUPE\AppData\Local\Programs\Python\Python311\Lib\concurrent\futures\thread.py", line 58, in run
    result = self.fn(*self.args, **self.kwargs)
             ^^^^^^^^^^^^^^^^^^^^^^^^^^^^^^^^^^
  File "D:\EcoTrack\.venv\Lib\site-packages\earthaccess\store.py", line 137, in multi_thread_open
    f_size = fs.info(url)["size"]
             ^^^^^^^^^^^^
  File "D:\EcoTrack\.venv\Lib\site-packages\fsspec\asyn.py", line 217, in wrapper
    return sync(self.loop, func, *args, **kwargs)
           ^^^^^^^^^^^^^^^^^^^^^^^^^^^^^^^^^^^^^^
  File "D:\EcoTrack\.venv\Lib\site-packages\fsspec\asyn.py", line 106, in sync
    raise return_result
  File "D:\EcoTrack\.venv\Lib\site-packages\fsspec\asyn.py", line 59, in _runner
    result[0] = await coro
                ^^^^^^^^^^
  File "D:\EcoTrack\.venv\Lib\site-packages\fsspec\implementations\http.py", line 460, in _info
    raise FileNotFoundError(url) from exc
FileNotFoundError: https://data.gesdisc.earthdata.nasa.gov/data/OCO2_DATA/OCO2_L2_Lite_FP.11.3r/2024/oco2_LtCO2_240227_B11300Ar_260528190833s.nc4
  [1054/1148] 2024-02-27 FAILED (FileNotFoundError: https://data.gesdisc.earthdata.nasa.gov/data/OCO2_DATA/OCO2_L2_Lite_FP.11.3r/2024/oco2_LtCO2_240227_B11300Ar_260528190833s.nc4) — will retry next run
An exception occurred while trying to access remote files via HTTPS
Traceback (most recent call last):
  File "D:\EcoTrack\.venv\Lib\site-packages\aiohttp\connector.py", line 1571, in _create_direct_connection
    hosts = await self._resolve_host(host, port, traces=traces)
            ^^^^^^^^^^^^^^^^^^^^^^^^^^^^^^^^^^^^^^^^^^^^^^^^^^^
  File "D:\EcoTrack\.venv\Lib\site-packages\aiohttp\connector.py", line 1181, in _resolve_host
    return await asyncio.shield(resolved_host_task)
           ^^^^^^^^^^^^^^^^^^^^^^^^^^^^^^^^^^^^^^^^
  File "D:\EcoTrack\.venv\Lib\site-packages\aiohttp\connector.py", line 1212, in _resolve_host_with_throttle
    addrs = await self._resolver.resolve(host, port, family=self._family)
            ^^^^^^^^^^^^^^^^^^^^^^^^^^^^^^^^^^^^^^^^^^^^^^^^^^^^^^^^^^^^^
  File "D:\EcoTrack\.venv\Lib\site-packages\aiohttp\resolver.py", line 47, in resolve
    infos = await self._loop.getaddrinfo(
            ^^^^^^^^^^^^^^^^^^^^^^^^^^^^^
  File "C:\Users\JANHAVI TUPE\AppData\Local\Programs\Python\Python311\Lib\asyncio\base_events.py", line 868, in getaddrinfo
    return await self.run_in_executor(
           ^^^^^^^^^^^^^^^^^^^^^^^^^^^
  File "C:\Users\JANHAVI TUPE\AppData\Local\Programs\Python\Python311\Lib\concurrent\futures\thread.py", line 58, in run
    result = self.fn(*self.args, **self.kwargs)
             ^^^^^^^^^^^^^^^^^^^^^^^^^^^^^^^^^^
  File "C:\Users\JANHAVI TUPE\AppData\Local\Programs\Python\Python311\Lib\socket.py", line 962, in getaddrinfo
    for res in _socket.getaddrinfo(host, port, family, type, proto, flags):
               ^^^^^^^^^^^^^^^^^^^^^^^^^^^^^^^^^^^^^^^^^^^^^^^^^^^^^^^^^^^
socket.gaierror: [Errno 11001] getaddrinfo failed

The above exception was the direct cause of the following exception:

Traceback (most recent call last):
  File "D:\EcoTrack\.venv\Lib\site-packages\fsspec\implementations\http.py", line 447, in _info
    await _file_info(
  File "D:\EcoTrack\.venv\Lib\site-packages\fsspec\implementations\http.py", line 861, in _file_info
    r = await session.get(url, allow_redirects=ar, **kwargs)
        ^^^^^^^^^^^^^^^^^^^^^^^^^^^^^^^^^^^^^^^^^^^^^^^^^^^^
  File "D:\EcoTrack\.venv\Lib\site-packages\aiohttp\client.py", line 858, in _request
    resp = await handler(req)
           ^^^^^^^^^^^^^^^^^^
  File "D:\EcoTrack\.venv\Lib\site-packages\aiohttp\client.py", line 812, in _connect_and_send_request
    conn = await self._connector.connect(
           ^^^^^^^^^^^^^^^^^^^^^^^^^^^^^^
  File "D:\EcoTrack\.venv\Lib\site-packages\aiohttp\connector.py", line 657, in connect
    proto = await self._create_connection(req, traces, timeout)
            ^^^^^^^^^^^^^^^^^^^^^^^^^^^^^^^^^^^^^^^^^^^^^^^^^^^
  File "D:\EcoTrack\.venv\Lib\site-packages\aiohttp\connector.py", line 1242, in _create_connection
    _, proto = await self._create_direct_connection(req, traces, timeout)
               ^^^^^^^^^^^^^^^^^^^^^^^^^^^^^^^^^^^^^^^^^^^^^^^^^^^^^^^^^^
  File "D:\EcoTrack\.venv\Lib\site-packages\aiohttp\connector.py", line 1577, in _create_direct_connection
    raise ClientConnectorDNSError(req.connection_key, exc) from exc
aiohttp.client_exceptions.ClientConnectorDNSError: Cannot connect to host data.gesdisc.earthdata.nasa.gov:443 ssl:default [getaddrinfo failed]

The above exception was the direct cause of the following exception:

Traceback (most recent call last):
  File "D:\EcoTrack\.venv\Lib\site-packages\earthaccess\store.py", line 987, in _open_urls_https
    return _open_files(
           ^^^^^^^^^^^^
  File "D:\EcoTrack\.venv\Lib\site-packages\earthaccess\store.py", line 150, in _open_files
    return pqdm(
           ^^^^^
  File "D:\EcoTrack\.venv\Lib\site-packages\pqdm\threads.py", line 22, in pqdm
    return _parallel_process(
           ^^^^^^^^^^^^^^^^^^
  File "D:\EcoTrack\.venv\Lib\site-packages\pqdm\_base.py", line 79, in _parallel_process
    raise e
  File "D:\EcoTrack\.venv\Lib\site-packages\pqdm\_base.py", line 76, in _parallel_process
    results.append(future.result())
                   ^^^^^^^^^^^^^^^
  File "C:\Users\JANHAVI TUPE\AppData\Local\Programs\Python\Python311\Lib\concurrent\futures\_base.py", line 449, in result
    return self.__get_result()
           ^^^^^^^^^^^^^^^^^^^
  File "C:\Users\JANHAVI TUPE\AppData\Local\Programs\Python\Python311\Lib\concurrent\futures\_base.py", line 401, in __get_result
    raise self._exception
  File "C:\Users\JANHAVI TUPE\AppData\Local\Programs\Python\Python311\Lib\concurrent\futures\thread.py", line 58, in run
    result = self.fn(*self.args, **self.kwargs)
             ^^^^^^^^^^^^^^^^^^^^^^^^^^^^^^^^^^
  File "D:\EcoTrack\.venv\Lib\site-packages\earthaccess\store.py", line 137, in multi_thread_open
    f_size = fs.info(url)["size"]
             ^^^^^^^^^^^^
  File "D:\EcoTrack\.venv\Lib\site-packages\fsspec\asyn.py", line 217, in wrapper
    return sync(self.loop, func, *args, **kwargs)
           ^^^^^^^^^^^^^^^^^^^^^^^^^^^^^^^^^^^^^^
  File "D:\EcoTrack\.venv\Lib\site-packages\fsspec\asyn.py", line 106, in sync
    raise return_result
  File "D:\EcoTrack\.venv\Lib\site-packages\fsspec\asyn.py", line 59, in _runner
    result[0] = await coro
                ^^^^^^^^^^
  File "D:\EcoTrack\.venv\Lib\site-packages\fsspec\implementations\http.py", line 460, in _info
    raise FileNotFoundError(url) from exc
FileNotFoundError: https://data.gesdisc.earthdata.nasa.gov/data/OCO2_DATA/OCO2_L2_Lite_FP.11.3r/2024/oco2_LtCO2_240228_B11300Ar_260528190903s.nc4
  [1055/1148] 2024-02-28 FAILED (FileNotFoundError: https://data.gesdisc.earthdata.nasa.gov/data/OCO2_DATA/OCO2_L2_Lite_FP.11.3r/2024/oco2_LtCO2_240228_B11300Ar_260528190903s.nc4) — will retry next run
An exception occurred while trying to access remote files via HTTPS
Traceback (most recent call last):
  File "D:\EcoTrack\.venv\Lib\site-packages\aiohttp\connector.py", line 1571, in _create_direct_connection
    hosts = await self._resolve_host(host, port, traces=traces)
            ^^^^^^^^^^^^^^^^^^^^^^^^^^^^^^^^^^^^^^^^^^^^^^^^^^^
  File "D:\EcoTrack\.venv\Lib\site-packages\aiohttp\connector.py", line 1181, in _resolve_host
    return await asyncio.shield(resolved_host_task)
           ^^^^^^^^^^^^^^^^^^^^^^^^^^^^^^^^^^^^^^^^
  File "D:\EcoTrack\.venv\Lib\site-packages\aiohttp\connector.py", line 1212, in _resolve_host_with_throttle
    addrs = await self._resolver.resolve(host, port, family=self._family)
            ^^^^^^^^^^^^^^^^^^^^^^^^^^^^^^^^^^^^^^^^^^^^^^^^^^^^^^^^^^^^^
  File "D:\EcoTrack\.venv\Lib\site-packages\aiohttp\resolver.py", line 47, in resolve
    infos = await self._loop.getaddrinfo(
            ^^^^^^^^^^^^^^^^^^^^^^^^^^^^^
  File "C:\Users\JANHAVI TUPE\AppData\Local\Programs\Python\Python311\Lib\asyncio\base_events.py", line 868, in getaddrinfo
    return await self.run_in_executor(
           ^^^^^^^^^^^^^^^^^^^^^^^^^^^
  File "C:\Users\JANHAVI TUPE\AppData\Local\Programs\Python\Python311\Lib\concurrent\futures\thread.py", line 58, in run
    result = self.fn(*self.args, **self.kwargs)
             ^^^^^^^^^^^^^^^^^^^^^^^^^^^^^^^^^^
  File "C:\Users\JANHAVI TUPE\AppData\Local\Programs\Python\Python311\Lib\socket.py", line 962, in getaddrinfo
    for res in _socket.getaddrinfo(host, port, family, type, proto, flags):
               ^^^^^^^^^^^^^^^^^^^^^^^^^^^^^^^^^^^^^^^^^^^^^^^^^^^^^^^^^^^
socket.gaierror: [Errno 11001] getaddrinfo failed

The above exception was the direct cause of the following exception:

Traceback (most recent call last):
  File "D:\EcoTrack\.venv\Lib\site-packages\fsspec\implementations\http.py", line 447, in _info
    await _file_info(
  File "D:\EcoTrack\.venv\Lib\site-packages\fsspec\implementations\http.py", line 861, in _file_info
    r = await session.get(url, allow_redirects=ar, **kwargs)
        ^^^^^^^^^^^^^^^^^^^^^^^^^^^^^^^^^^^^^^^^^^^^^^^^^^^^
  File "D:\EcoTrack\.venv\Lib\site-packages\aiohttp\client.py", line 858, in _request
    resp = await handler(req)
           ^^^^^^^^^^^^^^^^^^
  File "D:\EcoTrack\.venv\Lib\site-packages\aiohttp\client.py", line 812, in _connect_and_send_request
    conn = await self._connector.connect(
           ^^^^^^^^^^^^^^^^^^^^^^^^^^^^^^
  File "D:\EcoTrack\.venv\Lib\site-packages\aiohttp\connector.py", line 657, in connect
    proto = await self._create_connection(req, traces, timeout)
            ^^^^^^^^^^^^^^^^^^^^^^^^^^^^^^^^^^^^^^^^^^^^^^^^^^^
  File "D:\EcoTrack\.venv\Lib\site-packages\aiohttp\connector.py", line 1242, in _create_connection
    _, proto = await self._create_direct_connection(req, traces, timeout)
               ^^^^^^^^^^^^^^^^^^^^^^^^^^^^^^^^^^^^^^^^^^^^^^^^^^^^^^^^^^
  File "D:\EcoTrack\.venv\Lib\site-packages\aiohttp\connector.py", line 1577, in _create_direct_connection
    raise ClientConnectorDNSError(req.connection_key, exc) from exc
aiohttp.client_exceptions.ClientConnectorDNSError: Cannot connect to host data.gesdisc.earthdata.nasa.gov:443 ssl:default [getaddrinfo failed]

The above exception was the direct cause of the following exception:

Traceback (most recent call last):
  File "D:\EcoTrack\.venv\Lib\site-packages\earthaccess\store.py", line 987, in _open_urls_https
    return _open_files(
           ^^^^^^^^^^^^
  File "D:\EcoTrack\.venv\Lib\site-packages\earthaccess\store.py", line 150, in _open_files
    return pqdm(
           ^^^^^
  File "D:\EcoTrack\.venv\Lib\site-packages\pqdm\threads.py", line 22, in pqdm
    return _parallel_process(
           ^^^^^^^^^^^^^^^^^^
  File "D:\EcoTrack\.venv\Lib\site-packages\pqdm\_base.py", line 79, in _parallel_process
    raise e
  File "D:\EcoTrack\.venv\Lib\site-packages\pqdm\_base.py", line 76, in _parallel_process
    results.append(future.result())
                   ^^^^^^^^^^^^^^^
  File "C:\Users\JANHAVI TUPE\AppData\Local\Programs\Python\Python311\Lib\concurrent\futures\_base.py", line 449, in result
    return self.__get_result()
           ^^^^^^^^^^^^^^^^^^^
  File "C:\Users\JANHAVI TUPE\AppData\Local\Programs\Python\Python311\Lib\concurrent\futures\_base.py", line 401, in __get_result
    raise self._exception
  File "C:\Users\JANHAVI TUPE\AppData\Local\Programs\Python\Python311\Lib\concurrent\futures\thread.py", line 58, in run
    result = self.fn(*self.args, **self.kwargs)
             ^^^^^^^^^^^^^^^^^^^^^^^^^^^^^^^^^^
  File "D:\EcoTrack\.venv\Lib\site-packages\earthaccess\store.py", line 137, in multi_thread_open
    f_size = fs.info(url)["size"]
             ^^^^^^^^^^^^
  File "D:\EcoTrack\.venv\Lib\site-packages\fsspec\asyn.py", line 217, in wrapper
    return sync(self.loop, func, *args, **kwargs)
           ^^^^^^^^^^^^^^^^^^^^^^^^^^^^^^^^^^^^^^
  File "D:\EcoTrack\.venv\Lib\site-packages\fsspec\asyn.py", line 106, in sync
    raise return_result
  File "D:\EcoTrack\.venv\Lib\site-packages\fsspec\asyn.py", line 59, in _runner
    result[0] = await coro
                ^^^^^^^^^^
  File "D:\EcoTrack\.venv\Lib\site-packages\fsspec\implementations\http.py", line 460, in _info
    raise FileNotFoundError(url) from exc
FileNotFoundError: https://data.gesdisc.earthdata.nasa.gov/data/OCO2_DATA/OCO2_L2_Lite_FP.11.3r/2024/oco2_LtCO2_240229_B11300Ar_260528190958s.nc4
  [1056/1148] 2024-02-29 FAILED (FileNotFoundError: https://data.gesdisc.earthdata.nasa.gov/data/OCO2_DATA/OCO2_L2_Lite_FP.11.3r/2024/oco2_LtCO2_240229_B11300Ar_260528190958s.nc4) — will retry next run
An exception occurred while trying to access remote files via HTTPS
Traceback (most recent call last):
  File "D:\EcoTrack\.venv\Lib\site-packages\aiohttp\connector.py", line 1571, in _create_direct_connection
    hosts = await self._resolve_host(host, port, traces=traces)
            ^^^^^^^^^^^^^^^^^^^^^^^^^^^^^^^^^^^^^^^^^^^^^^^^^^^
  File "D:\EcoTrack\.venv\Lib\site-packages\aiohttp\connector.py", line 1181, in _resolve_host
    return await asyncio.shield(resolved_host_task)
           ^^^^^^^^^^^^^^^^^^^^^^^^^^^^^^^^^^^^^^^^
  File "D:\EcoTrack\.venv\Lib\site-packages\aiohttp\connector.py", line 1212, in _resolve_host_with_throttle
    addrs = await self._resolver.resolve(host, port, family=self._family)
            ^^^^^^^^^^^^^^^^^^^^^^^^^^^^^^^^^^^^^^^^^^^^^^^^^^^^^^^^^^^^^
  File "D:\EcoTrack\.venv\Lib\site-packages\aiohttp\resolver.py", line 47, in resolve
    infos = await self._loop.getaddrinfo(
            ^^^^^^^^^^^^^^^^^^^^^^^^^^^^^
  File "C:\Users\JANHAVI TUPE\AppData\Local\Programs\Python\Python311\Lib\asyncio\base_events.py", line 868, in getaddrinfo
    return await self.run_in_executor(
           ^^^^^^^^^^^^^^^^^^^^^^^^^^^
  File "C:\Users\JANHAVI TUPE\AppData\Local\Programs\Python\Python311\Lib\concurrent\futures\thread.py", line 58, in run
    result = self.fn(*self.args, **self.kwargs)
             ^^^^^^^^^^^^^^^^^^^^^^^^^^^^^^^^^^
  File "C:\Users\JANHAVI TUPE\AppData\Local\Programs\Python\Python311\Lib\socket.py", line 962, in getaddrinfo
    for res in _socket.getaddrinfo(host, port, family, type, proto, flags):
               ^^^^^^^^^^^^^^^^^^^^^^^^^^^^^^^^^^^^^^^^^^^^^^^^^^^^^^^^^^^
socket.gaierror: [Errno 11001] getaddrinfo failed

The above exception was the direct cause of the following exception:

Traceback (most recent call last):
  File "D:\EcoTrack\.venv\Lib\site-packages\fsspec\implementations\http.py", line 447, in _info
    await _file_info(
  File "D:\EcoTrack\.venv\Lib\site-packages\fsspec\implementations\http.py", line 861, in _file_info
    r = await session.get(url, allow_redirects=ar, **kwargs)
        ^^^^^^^^^^^^^^^^^^^^^^^^^^^^^^^^^^^^^^^^^^^^^^^^^^^^
  File "D:\EcoTrack\.venv\Lib\site-packages\aiohttp\client.py", line 858, in _request
    resp = await handler(req)
           ^^^^^^^^^^^^^^^^^^
  File "D:\EcoTrack\.venv\Lib\site-packages\aiohttp\client.py", line 812, in _connect_and_send_request
    conn = await self._connector.connect(
           ^^^^^^^^^^^^^^^^^^^^^^^^^^^^^^
  File "D:\EcoTrack\.venv\Lib\site-packages\aiohttp\connector.py", line 657, in connect
    proto = await self._create_connection(req, traces, timeout)
            ^^^^^^^^^^^^^^^^^^^^^^^^^^^^^^^^^^^^^^^^^^^^^^^^^^^
  File "D:\EcoTrack\.venv\Lib\site-packages\aiohttp\connector.py", line 1242, in _create_connection
    _, proto = await self._create_direct_connection(req, traces, timeout)
               ^^^^^^^^^^^^^^^^^^^^^^^^^^^^^^^^^^^^^^^^^^^^^^^^^^^^^^^^^^
  File "D:\EcoTrack\.venv\Lib\site-packages\aiohttp\connector.py", line 1577, in _create_direct_connection
    raise ClientConnectorDNSError(req.connection_key, exc) from exc
aiohttp.client_exceptions.ClientConnectorDNSError: Cannot connect to host data.gesdisc.earthdata.nasa.gov:443 ssl:default [getaddrinfo failed]

The above exception was the direct cause of the following exception:

Traceback (most recent call last):
  File "D:\EcoTrack\.venv\Lib\site-packages\earthaccess\store.py", line 987, in _open_urls_https
    return _open_files(
           ^^^^^^^^^^^^
  File "D:\EcoTrack\.venv\Lib\site-packages\earthaccess\store.py", line 150, in _open_files
    return pqdm(
           ^^^^^
  File "D:\EcoTrack\.venv\Lib\site-packages\pqdm\threads.py", line 22, in pqdm
    return _parallel_process(
           ^^^^^^^^^^^^^^^^^^
  File "D:\EcoTrack\.venv\Lib\site-packages\pqdm\_base.py", line 79, in _parallel_process
    raise e
  File "D:\EcoTrack\.venv\Lib\site-packages\pqdm\_base.py", line 76, in _parallel_process
    results.append(future.result())
                   ^^^^^^^^^^^^^^^
  File "C:\Users\JANHAVI TUPE\AppData\Local\Programs\Python\Python311\Lib\concurrent\futures\_base.py", line 449, in result
    return self.__get_result()
           ^^^^^^^^^^^^^^^^^^^
  File "C:\Users\JANHAVI TUPE\AppData\Local\Programs\Python\Python311\Lib\concurrent\futures\_base.py", line 401, in __get_result
    raise self._exception
  File "C:\Users\JANHAVI TUPE\AppData\Local\Programs\Python\Python311\Lib\concurrent\futures\thread.py", line 58, in run
    result = self.fn(*self.args, **self.kwargs)
             ^^^^^^^^^^^^^^^^^^^^^^^^^^^^^^^^^^
  File "D:\EcoTrack\.venv\Lib\site-packages\earthaccess\store.py", line 137, in multi_thread_open
    f_size = fs.info(url)["size"]
             ^^^^^^^^^^^^
  File "D:\EcoTrack\.venv\Lib\site-packages\fsspec\asyn.py", line 217, in wrapper
    return sync(self.loop, func, *args, **kwargs)
           ^^^^^^^^^^^^^^^^^^^^^^^^^^^^^^^^^^^^^^
  File "D:\EcoTrack\.venv\Lib\site-packages\fsspec\asyn.py", line 106, in sync
    raise return_result
  File "D:\EcoTrack\.venv\Lib\site-packages\fsspec\asyn.py", line 59, in _runner
    result[0] = await coro
                ^^^^^^^^^^
  File "D:\EcoTrack\.venv\Lib\site-packages\fsspec\implementations\http.py", line 460, in _info
    raise FileNotFoundError(url) from exc
FileNotFoundError: https://data.gesdisc.earthdata.nasa.gov/data/OCO2_DATA/OCO2_L2_Lite_FP.11.3r/2024/oco2_LtCO2_240301_B11300Ar_260528191058s.nc4
  [1057/1148] 2024-03-01 FAILED (FileNotFoundError: https://data.gesdisc.earthdata.nasa.gov/data/OCO2_DATA/OCO2_L2_Lite_FP.11.3r/2024/oco2_LtCO2_240301_B11300Ar_260528191058s.nc4) — will retry next run
An exception occurred while trying to access remote files via HTTPS
Traceback (most recent call last):
  File "D:\EcoTrack\.venv\Lib\site-packages\aiohttp\connector.py", line 1571, in _create_direct_connection
    hosts = await self._resolve_host(host, port, traces=traces)
            ^^^^^^^^^^^^^^^^^^^^^^^^^^^^^^^^^^^^^^^^^^^^^^^^^^^
  File "D:\EcoTrack\.venv\Lib\site-packages\aiohttp\connector.py", line 1181, in _resolve_host
    return await asyncio.shield(resolved_host_task)
           ^^^^^^^^^^^^^^^^^^^^^^^^^^^^^^^^^^^^^^^^
  File "D:\EcoTrack\.venv\Lib\site-packages\aiohttp\connector.py", line 1212, in _resolve_host_with_throttle
    addrs = await self._resolver.resolve(host, port, family=self._family)
            ^^^^^^^^^^^^^^^^^^^^^^^^^^^^^^^^^^^^^^^^^^^^^^^^^^^^^^^^^^^^^
  File "D:\EcoTrack\.venv\Lib\site-packages\aiohttp\resolver.py", line 47, in resolve
    infos = await self._loop.getaddrinfo(
            ^^^^^^^^^^^^^^^^^^^^^^^^^^^^^
  File "C:\Users\JANHAVI TUPE\AppData\Local\Programs\Python\Python311\Lib\asyncio\base_events.py", line 868, in getaddrinfo
    return await self.run_in_executor(
           ^^^^^^^^^^^^^^^^^^^^^^^^^^^
  File "C:\Users\JANHAVI TUPE\AppData\Local\Programs\Python\Python311\Lib\concurrent\futures\thread.py", line 58, in run
    result = self.fn(*self.args, **self.kwargs)
             ^^^^^^^^^^^^^^^^^^^^^^^^^^^^^^^^^^
  File "C:\Users\JANHAVI TUPE\AppData\Local\Programs\Python\Python311\Lib\socket.py", line 962, in getaddrinfo
    for res in _socket.getaddrinfo(host, port, family, type, proto, flags):
               ^^^^^^^^^^^^^^^^^^^^^^^^^^^^^^^^^^^^^^^^^^^^^^^^^^^^^^^^^^^
socket.gaierror: [Errno 11001] getaddrinfo failed

The above exception was the direct cause of the following exception:

Traceback (most recent call last):
  File "D:\EcoTrack\.venv\Lib\site-packages\fsspec\implementations\http.py", line 447, in _info
    await _file_info(
  File "D:\EcoTrack\.venv\Lib\site-packages\fsspec\implementations\http.py", line 861, in _file_info
    r = await session.get(url, allow_redirects=ar, **kwargs)
        ^^^^^^^^^^^^^^^^^^^^^^^^^^^^^^^^^^^^^^^^^^^^^^^^^^^^
  File "D:\EcoTrack\.venv\Lib\site-packages\aiohttp\client.py", line 858, in _request
    resp = await handler(req)
           ^^^^^^^^^^^^^^^^^^
  File "D:\EcoTrack\.venv\Lib\site-packages\aiohttp\client.py", line 812, in _connect_and_send_request
    conn = await self._connector.connect(
           ^^^^^^^^^^^^^^^^^^^^^^^^^^^^^^
  File "D:\EcoTrack\.venv\Lib\site-packages\aiohttp\connector.py", line 657, in connect
    proto = await self._create_connection(req, traces, timeout)
            ^^^^^^^^^^^^^^^^^^^^^^^^^^^^^^^^^^^^^^^^^^^^^^^^^^^
  File "D:\EcoTrack\.venv\Lib\site-packages\aiohttp\connector.py", line 1242, in _create_connection
    _, proto = await self._create_direct_connection(req, traces, timeout)
               ^^^^^^^^^^^^^^^^^^^^^^^^^^^^^^^^^^^^^^^^^^^^^^^^^^^^^^^^^^
  File "D:\EcoTrack\.venv\Lib\site-packages\aiohttp\connector.py", line 1577, in _create_direct_connection
    raise ClientConnectorDNSError(req.connection_key, exc) from exc
aiohttp.client_exceptions.ClientConnectorDNSError: Cannot connect to host data.gesdisc.earthdata.nasa.gov:443 ssl:default [getaddrinfo failed]

The above exception was the direct cause of the following exception:

Traceback (most recent call last):
  File "D:\EcoTrack\.venv\Lib\site-packages\earthaccess\store.py", line 987, in _open_urls_https
    return _open_files(
           ^^^^^^^^^^^^
  File "D:\EcoTrack\.venv\Lib\site-packages\earthaccess\store.py", line 150, in _open_files
    return pqdm(
           ^^^^^
  File "D:\EcoTrack\.venv\Lib\site-packages\pqdm\threads.py", line 22, in pqdm
    return _parallel_process(
           ^^^^^^^^^^^^^^^^^^
  File "D:\EcoTrack\.venv\Lib\site-packages\pqdm\_base.py", line 79, in _parallel_process
    raise e
  File "D:\EcoTrack\.venv\Lib\site-packages\pqdm\_base.py", line 76, in _parallel_process
    results.append(future.result())
                   ^^^^^^^^^^^^^^^
  File "C:\Users\JANHAVI TUPE\AppData\Local\Programs\Python\Python311\Lib\concurrent\futures\_base.py", line 449, in result
    return self.__get_result()
           ^^^^^^^^^^^^^^^^^^^
  File "C:\Users\JANHAVI TUPE\AppData\Local\Programs\Python\Python311\Lib\concurrent\futures\_base.py", line 401, in __get_result
    raise self._exception
  File "C:\Users\JANHAVI TUPE\AppData\Local\Programs\Python\Python311\Lib\concurrent\futures\thread.py", line 58, in run
    result = self.fn(*self.args, **self.kwargs)
             ^^^^^^^^^^^^^^^^^^^^^^^^^^^^^^^^^^
  File "D:\EcoTrack\.venv\Lib\site-packages\earthaccess\store.py", line 137, in multi_thread_open
    f_size = fs.info(url)["size"]
             ^^^^^^^^^^^^
  File "D:\EcoTrack\.venv\Lib\site-packages\fsspec\asyn.py", line 217, in wrapper
    return sync(self.loop, func, *args, **kwargs)
           ^^^^^^^^^^^^^^^^^^^^^^^^^^^^^^^^^^^^^^
  File "D:\EcoTrack\.venv\Lib\site-packages\fsspec\asyn.py", line 106, in sync
    raise return_result
  File "D:\EcoTrack\.venv\Lib\site-packages\fsspec\asyn.py", line 59, in _runner
    result[0] = await coro
                ^^^^^^^^^^
  File "D:\EcoTrack\.venv\Lib\site-packages\fsspec\implementations\http.py", line 460, in _info
    raise FileNotFoundError(url) from exc
FileNotFoundError: https://data.gesdisc.earthdata.nasa.gov/data/OCO2_DATA/OCO2_L2_Lite_FP.11.3r/2024/oco2_LtCO2_240302_B11300Ar_260528191132s.nc4
  [1058/1148] 2024-03-02 FAILED (FileNotFoundError: https://data.gesdisc.earthdata.nasa.gov/data/OCO2_DATA/OCO2_L2_Lite_FP.11.3r/2024/oco2_LtCO2_240302_B11300Ar_260528191132s.nc4) — will retry next run
An exception occurred while trying to access remote files via HTTPS
Traceback (most recent call last):
  File "D:\EcoTrack\.venv\Lib\site-packages\aiohttp\connector.py", line 1571, in _create_direct_connection
    hosts = await self._resolve_host(host, port, traces=traces)
            ^^^^^^^^^^^^^^^^^^^^^^^^^^^^^^^^^^^^^^^^^^^^^^^^^^^
  File "D:\EcoTrack\.venv\Lib\site-packages\aiohttp\connector.py", line 1181, in _resolve_host
    return await asyncio.shield(resolved_host_task)
           ^^^^^^^^^^^^^^^^^^^^^^^^^^^^^^^^^^^^^^^^
  File "D:\EcoTrack\.venv\Lib\site-packages\aiohttp\connector.py", line 1212, in _resolve_host_with_throttle
    addrs = await self._resolver.resolve(host, port, family=self._family)
            ^^^^^^^^^^^^^^^^^^^^^^^^^^^^^^^^^^^^^^^^^^^^^^^^^^^^^^^^^^^^^
  File "D:\EcoTrack\.venv\Lib\site-packages\aiohttp\resolver.py", line 47, in resolve
    infos = await self._loop.getaddrinfo(
            ^^^^^^^^^^^^^^^^^^^^^^^^^^^^^
  File "C:\Users\JANHAVI TUPE\AppData\Local\Programs\Python\Python311\Lib\asyncio\base_events.py", line 868, in getaddrinfo
    return await self.run_in_executor(
           ^^^^^^^^^^^^^^^^^^^^^^^^^^^
  File "C:\Users\JANHAVI TUPE\AppData\Local\Programs\Python\Python311\Lib\concurrent\futures\thread.py", line 58, in run
    result = self.fn(*self.args, **self.kwargs)
             ^^^^^^^^^^^^^^^^^^^^^^^^^^^^^^^^^^
  File "C:\Users\JANHAVI TUPE\AppData\Local\Programs\Python\Python311\Lib\socket.py", line 962, in getaddrinfo
    for res in _socket.getaddrinfo(host, port, family, type, proto, flags):
               ^^^^^^^^^^^^^^^^^^^^^^^^^^^^^^^^^^^^^^^^^^^^^^^^^^^^^^^^^^^
socket.gaierror: [Errno 11001] getaddrinfo failed

The above exception was the direct cause of the following exception:

Traceback (most recent call last):
  File "D:\EcoTrack\.venv\Lib\site-packages\fsspec\implementations\http.py", line 447, in _info
    await _file_info(
  File "D:\EcoTrack\.venv\Lib\site-packages\fsspec\implementations\http.py", line 861, in _file_info
    r = await session.get(url, allow_redirects=ar, **kwargs)
        ^^^^^^^^^^^^^^^^^^^^^^^^^^^^^^^^^^^^^^^^^^^^^^^^^^^^
  File "D:\EcoTrack\.venv\Lib\site-packages\aiohttp\client.py", line 858, in _request
    resp = await handler(req)
           ^^^^^^^^^^^^^^^^^^
  File "D:\EcoTrack\.venv\Lib\site-packages\aiohttp\client.py", line 812, in _connect_and_send_request
    conn = await self._connector.connect(
           ^^^^^^^^^^^^^^^^^^^^^^^^^^^^^^
  File "D:\EcoTrack\.venv\Lib\site-packages\aiohttp\connector.py", line 657, in connect
    proto = await self._create_connection(req, traces, timeout)
            ^^^^^^^^^^^^^^^^^^^^^^^^^^^^^^^^^^^^^^^^^^^^^^^^^^^
  File "D:\EcoTrack\.venv\Lib\site-packages\aiohttp\connector.py", line 1242, in _create_connection
    _, proto = await self._create_direct_connection(req, traces, timeout)
               ^^^^^^^^^^^^^^^^^^^^^^^^^^^^^^^^^^^^^^^^^^^^^^^^^^^^^^^^^^
  File "D:\EcoTrack\.venv\Lib\site-packages\aiohttp\connector.py", line 1577, in _create_direct_connection
    raise ClientConnectorDNSError(req.connection_key, exc) from exc
aiohttp.client_exceptions.ClientConnectorDNSError: Cannot connect to host data.gesdisc.earthdata.nasa.gov:443 ssl:default [getaddrinfo failed]

The above exception was the direct cause of the following exception:

Traceback (most recent call last):
  File "D:\EcoTrack\.venv\Lib\site-packages\earthaccess\store.py", line 987, in _open_urls_https
    return _open_files(
           ^^^^^^^^^^^^
  File "D:\EcoTrack\.venv\Lib\site-packages\earthaccess\store.py", line 150, in _open_files
    return pqdm(
           ^^^^^
  File "D:\EcoTrack\.venv\Lib\site-packages\pqdm\threads.py", line 22, in pqdm
    return _parallel_process(
           ^^^^^^^^^^^^^^^^^^
  File "D:\EcoTrack\.venv\Lib\site-packages\pqdm\_base.py", line 79, in _parallel_process
    raise e
  File "D:\EcoTrack\.venv\Lib\site-packages\pqdm\_base.py", line 76, in _parallel_process
    results.append(future.result())
                   ^^^^^^^^^^^^^^^
  File "C:\Users\JANHAVI TUPE\AppData\Local\Programs\Python\Python311\Lib\concurrent\futures\_base.py", line 449, in result
    return self.__get_result()
           ^^^^^^^^^^^^^^^^^^^
  File "C:\Users\JANHAVI TUPE\AppData\Local\Programs\Python\Python311\Lib\concurrent\futures\_base.py", line 401, in __get_result
    raise self._exception
  File "C:\Users\JANHAVI TUPE\AppData\Local\Programs\Python\Python311\Lib\concurrent\futures\thread.py", line 58, in run
    result = self.fn(*self.args, **self.kwargs)
             ^^^^^^^^^^^^^^^^^^^^^^^^^^^^^^^^^^
  File "D:\EcoTrack\.venv\Lib\site-packages\earthaccess\store.py", line 137, in multi_thread_open
    f_size = fs.info(url)["size"]
             ^^^^^^^^^^^^
  File "D:\EcoTrack\.venv\Lib\site-packages\fsspec\asyn.py", line 217, in wrapper
    return sync(self.loop, func, *args, **kwargs)
           ^^^^^^^^^^^^^^^^^^^^^^^^^^^^^^^^^^^^^^
  File "D:\EcoTrack\.venv\Lib\site-packages\fsspec\asyn.py", line 106, in sync
    raise return_result
  File "D:\EcoTrack\.venv\Lib\site-packages\fsspec\asyn.py", line 59, in _runner
    result[0] = await coro
                ^^^^^^^^^^
  File "D:\EcoTrack\.venv\Lib\site-packages\fsspec\implementations\http.py", line 460, in _info
    raise FileNotFoundError(url) from exc
FileNotFoundError: https://data.gesdisc.earthdata.nasa.gov/data/OCO2_DATA/OCO2_L2_Lite_FP.11.3r/2024/oco2_LtCO2_240303_B11300Ar_260528191237s.nc4
  [1059/1148] 2024-03-03 FAILED (FileNotFoundError: https://data.gesdisc.earthdata.nasa.gov/data/OCO2_DATA/OCO2_L2_Lite_FP.11.3r/2024/oco2_LtCO2_240303_B11300Ar_260528191237s.nc4) — will retry next run
An exception occurred while trying to access remote files via HTTPS
Traceback (most recent call last):
  File "D:\EcoTrack\.venv\Lib\site-packages\aiohttp\connector.py", line 1571, in _create_direct_connection
    hosts = await self._resolve_host(host, port, traces=traces)
            ^^^^^^^^^^^^^^^^^^^^^^^^^^^^^^^^^^^^^^^^^^^^^^^^^^^
  File "D:\EcoTrack\.venv\Lib\site-packages\aiohttp\connector.py", line 1181, in _resolve_host
    return await asyncio.shield(resolved_host_task)
           ^^^^^^^^^^^^^^^^^^^^^^^^^^^^^^^^^^^^^^^^
  File "D:\EcoTrack\.venv\Lib\site-packages\aiohttp\connector.py", line 1212, in _resolve_host_with_throttle
    addrs = await self._resolver.resolve(host, port, family=self._family)
            ^^^^^^^^^^^^^^^^^^^^^^^^^^^^^^^^^^^^^^^^^^^^^^^^^^^^^^^^^^^^^
  File "D:\EcoTrack\.venv\Lib\site-packages\aiohttp\resolver.py", line 47, in resolve
    infos = await self._loop.getaddrinfo(
            ^^^^^^^^^^^^^^^^^^^^^^^^^^^^^
  File "C:\Users\JANHAVI TUPE\AppData\Local\Programs\Python\Python311\Lib\asyncio\base_events.py", line 868, in getaddrinfo
    return await self.run_in_executor(
           ^^^^^^^^^^^^^^^^^^^^^^^^^^^
  File "C:\Users\JANHAVI TUPE\AppData\Local\Programs\Python\Python311\Lib\concurrent\futures\thread.py", line 58, in run
    result = self.fn(*self.args, **self.kwargs)
             ^^^^^^^^^^^^^^^^^^^^^^^^^^^^^^^^^^
  File "C:\Users\JANHAVI TUPE\AppData\Local\Programs\Python\Python311\Lib\socket.py", line 962, in getaddrinfo
    for res in _socket.getaddrinfo(host, port, family, type, proto, flags):
               ^^^^^^^^^^^^^^^^^^^^^^^^^^^^^^^^^^^^^^^^^^^^^^^^^^^^^^^^^^^
socket.gaierror: [Errno 11001] getaddrinfo failed

The above exception was the direct cause of the following exception:

Traceback (most recent call last):
  File "D:\EcoTrack\.venv\Lib\site-packages\fsspec\implementations\http.py", line 447, in _info
    await _file_info(
  File "D:\EcoTrack\.venv\Lib\site-packages\fsspec\implementations\http.py", line 861, in _file_info
    r = await session.get(url, allow_redirects=ar, **kwargs)
        ^^^^^^^^^^^^^^^^^^^^^^^^^^^^^^^^^^^^^^^^^^^^^^^^^^^^
  File "D:\EcoTrack\.venv\Lib\site-packages\aiohttp\client.py", line 858, in _request
    resp = await handler(req)
           ^^^^^^^^^^^^^^^^^^
  File "D:\EcoTrack\.venv\Lib\site-packages\aiohttp\client.py", line 812, in _connect_and_send_request
    conn = await self._connector.connect(
           ^^^^^^^^^^^^^^^^^^^^^^^^^^^^^^
  File "D:\EcoTrack\.venv\Lib\site-packages\aiohttp\connector.py", line 657, in connect
    proto = await self._create_connection(req, traces, timeout)
            ^^^^^^^^^^^^^^^^^^^^^^^^^^^^^^^^^^^^^^^^^^^^^^^^^^^
  File "D:\EcoTrack\.venv\Lib\site-packages\aiohttp\connector.py", line 1242, in _create_connection
    _, proto = await self._create_direct_connection(req, traces, timeout)
               ^^^^^^^^^^^^^^^^^^^^^^^^^^^^^^^^^^^^^^^^^^^^^^^^^^^^^^^^^^
  File "D:\EcoTrack\.venv\Lib\site-packages\aiohttp\connector.py", line 1577, in _create_direct_connection
    raise ClientConnectorDNSError(req.connection_key, exc) from exc
aiohttp.client_exceptions.ClientConnectorDNSError: Cannot connect to host data.gesdisc.earthdata.nasa.gov:443 ssl:default [getaddrinfo failed]

The above exception was the direct cause of the following exception:

Traceback (most recent call last):
  File "D:\EcoTrack\.venv\Lib\site-packages\earthaccess\store.py", line 987, in _open_urls_https
    return _open_files(
           ^^^^^^^^^^^^
  File "D:\EcoTrack\.venv\Lib\site-packages\earthaccess\store.py", line 150, in _open_files
    return pqdm(
           ^^^^^
  File "D:\EcoTrack\.venv\Lib\site-packages\pqdm\threads.py", line 22, in pqdm
    return _parallel_process(
           ^^^^^^^^^^^^^^^^^^
  File "D:\EcoTrack\.venv\Lib\site-packages\pqdm\_base.py", line 79, in _parallel_process
    raise e
  File "D:\EcoTrack\.venv\Lib\site-packages\pqdm\_base.py", line 76, in _parallel_process
    results.append(future.result())
                   ^^^^^^^^^^^^^^^
  File "C:\Users\JANHAVI TUPE\AppData\Local\Programs\Python\Python311\Lib\concurrent\futures\_base.py", line 449, in result
    return self.__get_result()
           ^^^^^^^^^^^^^^^^^^^
  File "C:\Users\JANHAVI TUPE\AppData\Local\Programs\Python\Python311\Lib\concurrent\futures\_base.py", line 401, in __get_result
    raise self._exception
  File "C:\Users\JANHAVI TUPE\AppData\Local\Programs\Python\Python311\Lib\concurrent\futures\thread.py", line 58, in run
    result = self.fn(*self.args, **self.kwargs)
             ^^^^^^^^^^^^^^^^^^^^^^^^^^^^^^^^^^
  File "D:\EcoTrack\.venv\Lib\site-packages\earthaccess\store.py", line 137, in multi_thread_open
    f_size = fs.info(url)["size"]
             ^^^^^^^^^^^^
  File "D:\EcoTrack\.venv\Lib\site-packages\fsspec\asyn.py", line 217, in wrapper
    return sync(self.loop, func, *args, **kwargs)
           ^^^^^^^^^^^^^^^^^^^^^^^^^^^^^^^^^^^^^^
  File "D:\EcoTrack\.venv\Lib\site-packages\fsspec\asyn.py", line 106, in sync
    raise return_result
  File "D:\EcoTrack\.venv\Lib\site-packages\fsspec\asyn.py", line 59, in _runner
    result[0] = await coro
                ^^^^^^^^^^
  File "D:\EcoTrack\.venv\Lib\site-packages\fsspec\implementations\http.py", line 460, in _info
    raise FileNotFoundError(url) from exc
FileNotFoundError: https://data.gesdisc.earthdata.nasa.gov/data/OCO2_DATA/OCO2_L2_Lite_FP.11.3r/2024/oco2_LtCO2_240304_B11300Ar_260528191302s.nc4
  [1060/1148] 2024-03-04 FAILED (FileNotFoundError: https://data.gesdisc.earthdata.nasa.gov/data/OCO2_DATA/OCO2_L2_Lite_FP.11.3r/2024/oco2_LtCO2_240304_B11300Ar_260528191302s.nc4) — will retry next run
An exception occurred while trying to access remote files via HTTPS
Traceback (most recent call last):
  File "D:\EcoTrack\.venv\Lib\site-packages\aiohttp\connector.py", line 1571, in _create_direct_connection
    hosts = await self._resolve_host(host, port, traces=traces)
            ^^^^^^^^^^^^^^^^^^^^^^^^^^^^^^^^^^^^^^^^^^^^^^^^^^^
  File "D:\EcoTrack\.venv\Lib\site-packages\aiohttp\connector.py", line 1181, in _resolve_host
    return await asyncio.shield(resolved_host_task)
           ^^^^^^^^^^^^^^^^^^^^^^^^^^^^^^^^^^^^^^^^
  File "D:\EcoTrack\.venv\Lib\site-packages\aiohttp\connector.py", line 1212, in _resolve_host_with_throttle
    addrs = await self._resolver.resolve(host, port, family=self._family)
            ^^^^^^^^^^^^^^^^^^^^^^^^^^^^^^^^^^^^^^^^^^^^^^^^^^^^^^^^^^^^^
  File "D:\EcoTrack\.venv\Lib\site-packages\aiohttp\resolver.py", line 47, in resolve
    infos = await self._loop.getaddrinfo(
            ^^^^^^^^^^^^^^^^^^^^^^^^^^^^^
  File "C:\Users\JANHAVI TUPE\AppData\Local\Programs\Python\Python311\Lib\asyncio\base_events.py", line 868, in getaddrinfo
    return await self.run_in_executor(
           ^^^^^^^^^^^^^^^^^^^^^^^^^^^
  File "C:\Users\JANHAVI TUPE\AppData\Local\Programs\Python\Python311\Lib\concurrent\futures\thread.py", line 58, in run
    result = self.fn(*self.args, **self.kwargs)
             ^^^^^^^^^^^^^^^^^^^^^^^^^^^^^^^^^^
  File "C:\Users\JANHAVI TUPE\AppData\Local\Programs\Python\Python311\Lib\socket.py", line 962, in getaddrinfo
    for res in _socket.getaddrinfo(host, port, family, type, proto, flags):
               ^^^^^^^^^^^^^^^^^^^^^^^^^^^^^^^^^^^^^^^^^^^^^^^^^^^^^^^^^^^
socket.gaierror: [Errno 11001] getaddrinfo failed

The above exception was the direct cause of the following exception:

Traceback (most recent call last):
  File "D:\EcoTrack\.venv\Lib\site-packages\fsspec\implementations\http.py", line 447, in _info
    await _file_info(
  File "D:\EcoTrack\.venv\Lib\site-packages\fsspec\implementations\http.py", line 861, in _file_info
    r = await session.get(url, allow_redirects=ar, **kwargs)
        ^^^^^^^^^^^^^^^^^^^^^^^^^^^^^^^^^^^^^^^^^^^^^^^^^^^^
  File "D:\EcoTrack\.venv\Lib\site-packages\aiohttp\client.py", line 858, in _request
    resp = await handler(req)
           ^^^^^^^^^^^^^^^^^^
  File "D:\EcoTrack\.venv\Lib\site-packages\aiohttp\client.py", line 812, in _connect_and_send_request
    conn = await self._connector.connect(
           ^^^^^^^^^^^^^^^^^^^^^^^^^^^^^^
  File "D:\EcoTrack\.venv\Lib\site-packages\aiohttp\connector.py", line 657, in connect
    proto = await self._create_connection(req, traces, timeout)
            ^^^^^^^^^^^^^^^^^^^^^^^^^^^^^^^^^^^^^^^^^^^^^^^^^^^
  File "D:\EcoTrack\.venv\Lib\site-packages\aiohttp\connector.py", line 1242, in _create_connection
    _, proto = await self._create_direct_connection(req, traces, timeout)
               ^^^^^^^^^^^^^^^^^^^^^^^^^^^^^^^^^^^^^^^^^^^^^^^^^^^^^^^^^^
  File "D:\EcoTrack\.venv\Lib\site-packages\aiohttp\connector.py", line 1577, in _create_direct_connection
    raise ClientConnectorDNSError(req.connection_key, exc) from exc
aiohttp.client_exceptions.ClientConnectorDNSError: Cannot connect to host data.gesdisc.earthdata.nasa.gov:443 ssl:default [getaddrinfo failed]

The above exception was the direct cause of the following exception:

Traceback (most recent call last):
  File "D:\EcoTrack\.venv\Lib\site-packages\earthaccess\store.py", line 987, in _open_urls_https
    return _open_files(
           ^^^^^^^^^^^^
  File "D:\EcoTrack\.venv\Lib\site-packages\earthaccess\store.py", line 150, in _open_files
    return pqdm(
           ^^^^^
  File "D:\EcoTrack\.venv\Lib\site-packages\pqdm\threads.py", line 22, in pqdm
    return _parallel_process(
           ^^^^^^^^^^^^^^^^^^
  File "D:\EcoTrack\.venv\Lib\site-packages\pqdm\_base.py", line 79, in _parallel_process
    raise e
  File "D:\EcoTrack\.venv\Lib\site-packages\pqdm\_base.py", line 76, in _parallel_process
    results.append(future.result())
                   ^^^^^^^^^^^^^^^
  File "C:\Users\JANHAVI TUPE\AppData\Local\Programs\Python\Python311\Lib\concurrent\futures\_base.py", line 449, in result
    return self.__get_result()
           ^^^^^^^^^^^^^^^^^^^
  File "C:\Users\JANHAVI TUPE\AppData\Local\Programs\Python\Python311\Lib\concurrent\futures\_base.py", line 401, in __get_result
    raise self._exception
  File "C:\Users\JANHAVI TUPE\AppData\Local\Programs\Python\Python311\Lib\concurrent\futures\thread.py", line 58, in run
    result = self.fn(*self.args, **self.kwargs)
             ^^^^^^^^^^^^^^^^^^^^^^^^^^^^^^^^^^
  File "D:\EcoTrack\.venv\Lib\site-packages\earthaccess\store.py", line 137, in multi_thread_open
    f_size = fs.info(url)["size"]
             ^^^^^^^^^^^^
  File "D:\EcoTrack\.venv\Lib\site-packages\fsspec\asyn.py", line 217, in wrapper
    return sync(self.loop, func, *args, **kwargs)
           ^^^^^^^^^^^^^^^^^^^^^^^^^^^^^^^^^^^^^^
  File "D:\EcoTrack\.venv\Lib\site-packages\fsspec\asyn.py", line 106, in sync
    raise return_result
  File "D:\EcoTrack\.venv\Lib\site-packages\fsspec\asyn.py", line 59, in _runner
    result[0] = await coro
                ^^^^^^^^^^
  File "D:\EcoTrack\.venv\Lib\site-packages\fsspec\implementations\http.py", line 460, in _info
    raise FileNotFoundError(url) from exc
FileNotFoundError: https://data.gesdisc.earthdata.nasa.gov/data/OCO2_DATA/OCO2_L2_Lite_FP.11.3r/2024/oco2_LtCO2_240305_B11300Ar_260528191414s.nc4
  [1061/1148] 2024-03-05 FAILED (FileNotFoundError: https://data.gesdisc.earthdata.nasa.gov/data/OCO2_DATA/OCO2_L2_Lite_FP.11.3r/2024/oco2_LtCO2_240305_B11300Ar_260528191414s.nc4) — will retry next run
An exception occurred while trying to access remote files via HTTPS
Traceback (most recent call last):
  File "D:\EcoTrack\.venv\Lib\site-packages\aiohttp\connector.py", line 1571, in _create_direct_connection
    hosts = await self._resolve_host(host, port, traces=traces)
            ^^^^^^^^^^^^^^^^^^^^^^^^^^^^^^^^^^^^^^^^^^^^^^^^^^^
  File "D:\EcoTrack\.venv\Lib\site-packages\aiohttp\connector.py", line 1181, in _resolve_host
    return await asyncio.shield(resolved_host_task)
           ^^^^^^^^^^^^^^^^^^^^^^^^^^^^^^^^^^^^^^^^
  File "D:\EcoTrack\.venv\Lib\site-packages\aiohttp\connector.py", line 1212, in _resolve_host_with_throttle
    addrs = await self._resolver.resolve(host, port, family=self._family)
            ^^^^^^^^^^^^^^^^^^^^^^^^^^^^^^^^^^^^^^^^^^^^^^^^^^^^^^^^^^^^^
  File "D:\EcoTrack\.venv\Lib\site-packages\aiohttp\resolver.py", line 47, in resolve
    infos = await self._loop.getaddrinfo(
            ^^^^^^^^^^^^^^^^^^^^^^^^^^^^^
  File "C:\Users\JANHAVI TUPE\AppData\Local\Programs\Python\Python311\Lib\asyncio\base_events.py", line 868, in getaddrinfo
    return await self.run_in_executor(
           ^^^^^^^^^^^^^^^^^^^^^^^^^^^
  File "C:\Users\JANHAVI TUPE\AppData\Local\Programs\Python\Python311\Lib\concurrent\futures\thread.py", line 58, in run
    result = self.fn(*self.args, **self.kwargs)
             ^^^^^^^^^^^^^^^^^^^^^^^^^^^^^^^^^^
  File "C:\Users\JANHAVI TUPE\AppData\Local\Programs\Python\Python311\Lib\socket.py", line 962, in getaddrinfo
    for res in _socket.getaddrinfo(host, port, family, type, proto, flags):
               ^^^^^^^^^^^^^^^^^^^^^^^^^^^^^^^^^^^^^^^^^^^^^^^^^^^^^^^^^^^
socket.gaierror: [Errno 11001] getaddrinfo failed

The above exception was the direct cause of the following exception:

Traceback (most recent call last):
  File "D:\EcoTrack\.venv\Lib\site-packages\fsspec\implementations\http.py", line 447, in _info
    await _file_info(
  File "D:\EcoTrack\.venv\Lib\site-packages\fsspec\implementations\http.py", line 861, in _file_info
    r = await session.get(url, allow_redirects=ar, **kwargs)
        ^^^^^^^^^^^^^^^^^^^^^^^^^^^^^^^^^^^^^^^^^^^^^^^^^^^^
  File "D:\EcoTrack\.venv\Lib\site-packages\aiohttp\client.py", line 858, in _request
    resp = await handler(req)
           ^^^^^^^^^^^^^^^^^^
  File "D:\EcoTrack\.venv\Lib\site-packages\aiohttp\client.py", line 812, in _connect_and_send_request
    conn = await self._connector.connect(
           ^^^^^^^^^^^^^^^^^^^^^^^^^^^^^^
  File "D:\EcoTrack\.venv\Lib\site-packages\aiohttp\connector.py", line 657, in connect
    proto = await self._create_connection(req, traces, timeout)
            ^^^^^^^^^^^^^^^^^^^^^^^^^^^^^^^^^^^^^^^^^^^^^^^^^^^
  File "D:\EcoTrack\.venv\Lib\site-packages\aiohttp\connector.py", line 1242, in _create_connection
    _, proto = await self._create_direct_connection(req, traces, timeout)
               ^^^^^^^^^^^^^^^^^^^^^^^^^^^^^^^^^^^^^^^^^^^^^^^^^^^^^^^^^^
  File "D:\EcoTrack\.venv\Lib\site-packages\aiohttp\connector.py", line 1577, in _create_direct_connection
    raise ClientConnectorDNSError(req.connection_key, exc) from exc
aiohttp.client_exceptions.ClientConnectorDNSError: Cannot connect to host data.gesdisc.earthdata.nasa.gov:443 ssl:default [getaddrinfo failed]

The above exception was the direct cause of the following exception:

Traceback (most recent call last):
  File "D:\EcoTrack\.venv\Lib\site-packages\earthaccess\store.py", line 987, in _open_urls_https
    return _open_files(
           ^^^^^^^^^^^^
  File "D:\EcoTrack\.venv\Lib\site-packages\earthaccess\store.py", line 150, in _open_files
    return pqdm(
           ^^^^^
  File "D:\EcoTrack\.venv\Lib\site-packages\pqdm\threads.py", line 22, in pqdm
    return _parallel_process(
           ^^^^^^^^^^^^^^^^^^
  File "D:\EcoTrack\.venv\Lib\site-packages\pqdm\_base.py", line 79, in _parallel_process
    raise e
  File "D:\EcoTrack\.venv\Lib\site-packages\pqdm\_base.py", line 76, in _parallel_process
    results.append(future.result())
                   ^^^^^^^^^^^^^^^
  File "C:\Users\JANHAVI TUPE\AppData\Local\Programs\Python\Python311\Lib\concurrent\futures\_base.py", line 449, in result
    return self.__get_result()
           ^^^^^^^^^^^^^^^^^^^
  File "C:\Users\JANHAVI TUPE\AppData\Local\Programs\Python\Python311\Lib\concurrent\futures\_base.py", line 401, in __get_result
    raise self._exception
  File "C:\Users\JANHAVI TUPE\AppData\Local\Programs\Python\Python311\Lib\concurrent\futures\thread.py", line 58, in run
    result = self.fn(*self.args, **self.kwargs)
             ^^^^^^^^^^^^^^^^^^^^^^^^^^^^^^^^^^
  File "D:\EcoTrack\.venv\Lib\site-packages\earthaccess\store.py", line 137, in multi_thread_open
    f_size = fs.info(url)["size"]
             ^^^^^^^^^^^^
  File "D:\EcoTrack\.venv\Lib\site-packages\fsspec\asyn.py", line 217, in wrapper
    return sync(self.loop, func, *args, **kwargs)
           ^^^^^^^^^^^^^^^^^^^^^^^^^^^^^^^^^^^^^^
  File "D:\EcoTrack\.venv\Lib\site-packages\fsspec\asyn.py", line 106, in sync
    raise return_result
  File "D:\EcoTrack\.venv\Lib\site-packages\fsspec\asyn.py", line 59, in _runner
    result[0] = await coro
                ^^^^^^^^^^
  File "D:\EcoTrack\.venv\Lib\site-packages\fsspec\implementations\http.py", line 460, in _info
    raise FileNotFoundError(url) from exc
FileNotFoundError: https://data.gesdisc.earthdata.nasa.gov/data/OCO2_DATA/OCO2_L2_Lite_FP.11.3r/2024/oco2_LtCO2_240306_B11300Ar_260528191438s.nc4
  [1062/1148] 2024-03-06 FAILED (FileNotFoundError: https://data.gesdisc.earthdata.nasa.gov/data/OCO2_DATA/OCO2_L2_Lite_FP.11.3r/2024/oco2_LtCO2_240306_B11300Ar_260528191438s.nc4) — will retry next run
An exception occurred while trying to access remote files via HTTPS
Traceback (most recent call last):
  File "D:\EcoTrack\.venv\Lib\site-packages\aiohttp\connector.py", line 1571, in _create_direct_connection
    hosts = await self._resolve_host(host, port, traces=traces)
            ^^^^^^^^^^^^^^^^^^^^^^^^^^^^^^^^^^^^^^^^^^^^^^^^^^^
  File "D:\EcoTrack\.venv\Lib\site-packages\aiohttp\connector.py", line 1181, in _resolve_host
    return await asyncio.shield(resolved_host_task)
           ^^^^^^^^^^^^^^^^^^^^^^^^^^^^^^^^^^^^^^^^
  File "D:\EcoTrack\.venv\Lib\site-packages\aiohttp\connector.py", line 1212, in _resolve_host_with_throttle
    addrs = await self._resolver.resolve(host, port, family=self._family)
            ^^^^^^^^^^^^^^^^^^^^^^^^^^^^^^^^^^^^^^^^^^^^^^^^^^^^^^^^^^^^^
  File "D:\EcoTrack\.venv\Lib\site-packages\aiohttp\resolver.py", line 47, in resolve
    infos = await self._loop.getaddrinfo(
            ^^^^^^^^^^^^^^^^^^^^^^^^^^^^^
  File "C:\Users\JANHAVI TUPE\AppData\Local\Programs\Python\Python311\Lib\asyncio\base_events.py", line 868, in getaddrinfo
    return await self.run_in_executor(
           ^^^^^^^^^^^^^^^^^^^^^^^^^^^
  File "C:\Users\JANHAVI TUPE\AppData\Local\Programs\Python\Python311\Lib\concurrent\futures\thread.py", line 58, in run
    result = self.fn(*self.args, **self.kwargs)
             ^^^^^^^^^^^^^^^^^^^^^^^^^^^^^^^^^^
  File "C:\Users\JANHAVI TUPE\AppData\Local\Programs\Python\Python311\Lib\socket.py", line 962, in getaddrinfo
    for res in _socket.getaddrinfo(host, port, family, type, proto, flags):
               ^^^^^^^^^^^^^^^^^^^^^^^^^^^^^^^^^^^^^^^^^^^^^^^^^^^^^^^^^^^
socket.gaierror: [Errno 11001] getaddrinfo failed

The above exception was the direct cause of the following exception:

Traceback (most recent call last):
  File "D:\EcoTrack\.venv\Lib\site-packages\fsspec\implementations\http.py", line 447, in _info
    await _file_info(
  File "D:\EcoTrack\.venv\Lib\site-packages\fsspec\implementations\http.py", line 861, in _file_info
    r = await session.get(url, allow_redirects=ar, **kwargs)
        ^^^^^^^^^^^^^^^^^^^^^^^^^^^^^^^^^^^^^^^^^^^^^^^^^^^^
  File "D:\EcoTrack\.venv\Lib\site-packages\aiohttp\client.py", line 858, in _request
    resp = await handler(req)
           ^^^^^^^^^^^^^^^^^^
  File "D:\EcoTrack\.venv\Lib\site-packages\aiohttp\client.py", line 812, in _connect_and_send_request
    conn = await self._connector.connect(
           ^^^^^^^^^^^^^^^^^^^^^^^^^^^^^^
  File "D:\EcoTrack\.venv\Lib\site-packages\aiohttp\connector.py", line 657, in connect
    proto = await self._create_connection(req, traces, timeout)
            ^^^^^^^^^^^^^^^^^^^^^^^^^^^^^^^^^^^^^^^^^^^^^^^^^^^
  File "D:\EcoTrack\.venv\Lib\site-packages\aiohttp\connector.py", line 1242, in _create_connection
    _, proto = await self._create_direct_connection(req, traces, timeout)
               ^^^^^^^^^^^^^^^^^^^^^^^^^^^^^^^^^^^^^^^^^^^^^^^^^^^^^^^^^^
  File "D:\EcoTrack\.venv\Lib\site-packages\aiohttp\connector.py", line 1577, in _create_direct_connection
    raise ClientConnectorDNSError(req.connection_key, exc) from exc
aiohttp.client_exceptions.ClientConnectorDNSError: Cannot connect to host data.gesdisc.earthdata.nasa.gov:443 ssl:default [getaddrinfo failed]

The above exception was the direct cause of the following exception:

Traceback (most recent call last):
  File "D:\EcoTrack\.venv\Lib\site-packages\earthaccess\store.py", line 987, in _open_urls_https
    return _open_files(
           ^^^^^^^^^^^^
  File "D:\EcoTrack\.venv\Lib\site-packages\earthaccess\store.py", line 150, in _open_files
    return pqdm(
           ^^^^^
  File "D:\EcoTrack\.venv\Lib\site-packages\pqdm\threads.py", line 22, in pqdm
    return _parallel_process(
           ^^^^^^^^^^^^^^^^^^
  File "D:\EcoTrack\.venv\Lib\site-packages\pqdm\_base.py", line 79, in _parallel_process
    raise e
  File "D:\EcoTrack\.venv\Lib\site-packages\pqdm\_base.py", line 76, in _parallel_process
    results.append(future.result())
                   ^^^^^^^^^^^^^^^
  File "C:\Users\JANHAVI TUPE\AppData\Local\Programs\Python\Python311\Lib\concurrent\futures\_base.py", line 449, in result
    return self.__get_result()
           ^^^^^^^^^^^^^^^^^^^
  File "C:\Users\JANHAVI TUPE\AppData\Local\Programs\Python\Python311\Lib\concurrent\futures\_base.py", line 401, in __get_result
    raise self._exception
  File "C:\Users\JANHAVI TUPE\AppData\Local\Programs\Python\Python311\Lib\concurrent\futures\thread.py", line 58, in run
    result = self.fn(*self.args, **self.kwargs)
             ^^^^^^^^^^^^^^^^^^^^^^^^^^^^^^^^^^
  File "D:\EcoTrack\.venv\Lib\site-packages\earthaccess\store.py", line 137, in multi_thread_open
    f_size = fs.info(url)["size"]
             ^^^^^^^^^^^^
  File "D:\EcoTrack\.venv\Lib\site-packages\fsspec\asyn.py", line 217, in wrapper
    return sync(self.loop, func, *args, **kwargs)
           ^^^^^^^^^^^^^^^^^^^^^^^^^^^^^^^^^^^^^^
  File "D:\EcoTrack\.venv\Lib\site-packages\fsspec\asyn.py", line 106, in sync
    raise return_result
  File "D:\EcoTrack\.venv\Lib\site-packages\fsspec\asyn.py", line 59, in _runner
    result[0] = await coro
                ^^^^^^^^^^
  File "D:\EcoTrack\.venv\Lib\site-packages\fsspec\implementations\http.py", line 460, in _info
    raise FileNotFoundError(url) from exc
FileNotFoundError: https://data.gesdisc.earthdata.nasa.gov/data/OCO2_DATA/OCO2_L2_Lite_FP.11.3r/2024/oco2_LtCO2_240307_B11300Ar_260528191541s.nc4
  [1063/1148] 2024-03-07 FAILED (FileNotFoundError: https://data.gesdisc.earthdata.nasa.gov/data/OCO2_DATA/OCO2_L2_Lite_FP.11.3r/2024/oco2_LtCO2_240307_B11300Ar_260528191541s.nc4) — will retry next run
An exception occurred while trying to access remote files via HTTPS
Traceback (most recent call last):
  File "D:\EcoTrack\.venv\Lib\site-packages\aiohttp\connector.py", line 1571, in _create_direct_connection
    hosts = await self._resolve_host(host, port, traces=traces)
            ^^^^^^^^^^^^^^^^^^^^^^^^^^^^^^^^^^^^^^^^^^^^^^^^^^^
  File "D:\EcoTrack\.venv\Lib\site-packages\aiohttp\connector.py", line 1181, in _resolve_host
    return await asyncio.shield(resolved_host_task)
           ^^^^^^^^^^^^^^^^^^^^^^^^^^^^^^^^^^^^^^^^
  File "D:\EcoTrack\.venv\Lib\site-packages\aiohttp\connector.py", line 1212, in _resolve_host_with_throttle
    addrs = await self._resolver.resolve(host, port, family=self._family)
            ^^^^^^^^^^^^^^^^^^^^^^^^^^^^^^^^^^^^^^^^^^^^^^^^^^^^^^^^^^^^^
  File "D:\EcoTrack\.venv\Lib\site-packages\aiohttp\resolver.py", line 47, in resolve
    infos = await self._loop.getaddrinfo(
            ^^^^^^^^^^^^^^^^^^^^^^^^^^^^^
  File "C:\Users\JANHAVI TUPE\AppData\Local\Programs\Python\Python311\Lib\asyncio\base_events.py", line 868, in getaddrinfo
    return await self.run_in_executor(
           ^^^^^^^^^^^^^^^^^^^^^^^^^^^
  File "C:\Users\JANHAVI TUPE\AppData\Local\Programs\Python\Python311\Lib\concurrent\futures\thread.py", line 58, in run
    result = self.fn(*self.args, **self.kwargs)
             ^^^^^^^^^^^^^^^^^^^^^^^^^^^^^^^^^^
  File "C:\Users\JANHAVI TUPE\AppData\Local\Programs\Python\Python311\Lib\socket.py", line 962, in getaddrinfo
    for res in _socket.getaddrinfo(host, port, family, type, proto, flags):
               ^^^^^^^^^^^^^^^^^^^^^^^^^^^^^^^^^^^^^^^^^^^^^^^^^^^^^^^^^^^
socket.gaierror: [Errno 11001] getaddrinfo failed

The above exception was the direct cause of the following exception:

Traceback (most recent call last):
  File "D:\EcoTrack\.venv\Lib\site-packages\fsspec\implementations\http.py", line 447, in _info
    await _file_info(
  File "D:\EcoTrack\.venv\Lib\site-packages\fsspec\implementations\http.py", line 861, in _file_info
    r = await session.get(url, allow_redirects=ar, **kwargs)
        ^^^^^^^^^^^^^^^^^^^^^^^^^^^^^^^^^^^^^^^^^^^^^^^^^^^^
  File "D:\EcoTrack\.venv\Lib\site-packages\aiohttp\client.py", line 858, in _request
    resp = await handler(req)
           ^^^^^^^^^^^^^^^^^^
  File "D:\EcoTrack\.venv\Lib\site-packages\aiohttp\client.py", line 812, in _connect_and_send_request
    conn = await self._connector.connect(
           ^^^^^^^^^^^^^^^^^^^^^^^^^^^^^^
  File "D:\EcoTrack\.venv\Lib\site-packages\aiohttp\connector.py", line 657, in connect
    proto = await self._create_connection(req, traces, timeout)
            ^^^^^^^^^^^^^^^^^^^^^^^^^^^^^^^^^^^^^^^^^^^^^^^^^^^
  File "D:\EcoTrack\.venv\Lib\site-packages\aiohttp\connector.py", line 1242, in _create_connection
    _, proto = await self._create_direct_connection(req, traces, timeout)
               ^^^^^^^^^^^^^^^^^^^^^^^^^^^^^^^^^^^^^^^^^^^^^^^^^^^^^^^^^^
  File "D:\EcoTrack\.venv\Lib\site-packages\aiohttp\connector.py", line 1577, in _create_direct_connection
    raise ClientConnectorDNSError(req.connection_key, exc) from exc
aiohttp.client_exceptions.ClientConnectorDNSError: Cannot connect to host data.gesdisc.earthdata.nasa.gov:443 ssl:default [getaddrinfo failed]

The above exception was the direct cause of the following exception:

Traceback (most recent call last):
  File "D:\EcoTrack\.venv\Lib\site-packages\earthaccess\store.py", line 987, in _open_urls_https
    return _open_files(
           ^^^^^^^^^^^^
  File "D:\EcoTrack\.venv\Lib\site-packages\earthaccess\store.py", line 150, in _open_files
    return pqdm(
           ^^^^^
  File "D:\EcoTrack\.venv\Lib\site-packages\pqdm\threads.py", line 22, in pqdm
    return _parallel_process(
           ^^^^^^^^^^^^^^^^^^
  File "D:\EcoTrack\.venv\Lib\site-packages\pqdm\_base.py", line 79, in _parallel_process
    raise e
  File "D:\EcoTrack\.venv\Lib\site-packages\pqdm\_base.py", line 76, in _parallel_process
    results.append(future.result())
                   ^^^^^^^^^^^^^^^
  File "C:\Users\JANHAVI TUPE\AppData\Local\Programs\Python\Python311\Lib\concurrent\futures\_base.py", line 449, in result
    return self.__get_result()
           ^^^^^^^^^^^^^^^^^^^
  File "C:\Users\JANHAVI TUPE\AppData\Local\Programs\Python\Python311\Lib\concurrent\futures\_base.py", line 401, in __get_result
    raise self._exception
  File "C:\Users\JANHAVI TUPE\AppData\Local\Programs\Python\Python311\Lib\concurrent\futures\thread.py", line 58, in run
    result = self.fn(*self.args, **self.kwargs)
             ^^^^^^^^^^^^^^^^^^^^^^^^^^^^^^^^^^
  File "D:\EcoTrack\.venv\Lib\site-packages\earthaccess\store.py", line 137, in multi_thread_open
    f_size = fs.info(url)["size"]
             ^^^^^^^^^^^^
  File "D:\EcoTrack\.venv\Lib\site-packages\fsspec\asyn.py", line 217, in wrapper
    return sync(self.loop, func, *args, **kwargs)
           ^^^^^^^^^^^^^^^^^^^^^^^^^^^^^^^^^^^^^^
  File "D:\EcoTrack\.venv\Lib\site-packages\fsspec\asyn.py", line 106, in sync
    raise return_result
  File "D:\EcoTrack\.venv\Lib\site-packages\fsspec\asyn.py", line 59, in _runner
    result[0] = await coro
                ^^^^^^^^^^
  File "D:\EcoTrack\.venv\Lib\site-packages\fsspec\implementations\http.py", line 460, in _info
    raise FileNotFoundError(url) from exc
FileNotFoundError: https://data.gesdisc.earthdata.nasa.gov/data/OCO2_DATA/OCO2_L2_Lite_FP.11.3r/2024/oco2_LtCO2_240308_B11300Ar_260528191608s.nc4
  [1064/1148] 2024-03-08 FAILED (FileNotFoundError: https://data.gesdisc.earthdata.nasa.gov/data/OCO2_DATA/OCO2_L2_Lite_FP.11.3r/2024/oco2_LtCO2_240308_B11300Ar_260528191608s.nc4) — will retry next run
An exception occurred while trying to access remote files via HTTPS
Traceback (most recent call last):
  File "D:\EcoTrack\.venv\Lib\site-packages\aiohttp\connector.py", line 1571, in _create_direct_connection
    hosts = await self._resolve_host(host, port, traces=traces)
            ^^^^^^^^^^^^^^^^^^^^^^^^^^^^^^^^^^^^^^^^^^^^^^^^^^^
  File "D:\EcoTrack\.venv\Lib\site-packages\aiohttp\connector.py", line 1181, in _resolve_host
    return await asyncio.shield(resolved_host_task)
           ^^^^^^^^^^^^^^^^^^^^^^^^^^^^^^^^^^^^^^^^
  File "D:\EcoTrack\.venv\Lib\site-packages\aiohttp\connector.py", line 1212, in _resolve_host_with_throttle
    addrs = await self._resolver.resolve(host, port, family=self._family)
            ^^^^^^^^^^^^^^^^^^^^^^^^^^^^^^^^^^^^^^^^^^^^^^^^^^^^^^^^^^^^^
  File "D:\EcoTrack\.venv\Lib\site-packages\aiohttp\resolver.py", line 47, in resolve
    infos = await self._loop.getaddrinfo(
            ^^^^^^^^^^^^^^^^^^^^^^^^^^^^^
  File "C:\Users\JANHAVI TUPE\AppData\Local\Programs\Python\Python311\Lib\asyncio\base_events.py", line 868, in getaddrinfo
    return await self.run_in_executor(
           ^^^^^^^^^^^^^^^^^^^^^^^^^^^
  File "C:\Users\JANHAVI TUPE\AppData\Local\Programs\Python\Python311\Lib\concurrent\futures\thread.py", line 58, in run
    result = self.fn(*self.args, **self.kwargs)
             ^^^^^^^^^^^^^^^^^^^^^^^^^^^^^^^^^^
  File "C:\Users\JANHAVI TUPE\AppData\Local\Programs\Python\Python311\Lib\socket.py", line 962, in getaddrinfo
    for res in _socket.getaddrinfo(host, port, family, type, proto, flags):
               ^^^^^^^^^^^^^^^^^^^^^^^^^^^^^^^^^^^^^^^^^^^^^^^^^^^^^^^^^^^
socket.gaierror: [Errno 11001] getaddrinfo failed

The above exception was the direct cause of the following exception:

Traceback (most recent call last):
  File "D:\EcoTrack\.venv\Lib\site-packages\fsspec\implementations\http.py", line 447, in _info
    await _file_info(
  File "D:\EcoTrack\.venv\Lib\site-packages\fsspec\implementations\http.py", line 861, in _file_info
    r = await session.get(url, allow_redirects=ar, **kwargs)
        ^^^^^^^^^^^^^^^^^^^^^^^^^^^^^^^^^^^^^^^^^^^^^^^^^^^^
  File "D:\EcoTrack\.venv\Lib\site-packages\aiohttp\client.py", line 858, in _request
    resp = await handler(req)
           ^^^^^^^^^^^^^^^^^^
  File "D:\EcoTrack\.venv\Lib\site-packages\aiohttp\client.py", line 812, in _connect_and_send_request
    conn = await self._connector.connect(
           ^^^^^^^^^^^^^^^^^^^^^^^^^^^^^^
  File "D:\EcoTrack\.venv\Lib\site-packages\aiohttp\connector.py", line 657, in connect
    proto = await self._create_connection(req, traces, timeout)
            ^^^^^^^^^^^^^^^^^^^^^^^^^^^^^^^^^^^^^^^^^^^^^^^^^^^
  File "D:\EcoTrack\.venv\Lib\site-packages\aiohttp\connector.py", line 1242, in _create_connection
    _, proto = await self._create_direct_connection(req, traces, timeout)
               ^^^^^^^^^^^^^^^^^^^^^^^^^^^^^^^^^^^^^^^^^^^^^^^^^^^^^^^^^^
  File "D:\EcoTrack\.venv\Lib\site-packages\aiohttp\connector.py", line 1577, in _create_direct_connection
    raise ClientConnectorDNSError(req.connection_key, exc) from exc
aiohttp.client_exceptions.ClientConnectorDNSError: Cannot connect to host data.gesdisc.earthdata.nasa.gov:443 ssl:default [getaddrinfo failed]

The above exception was the direct cause of the following exception:

Traceback (most recent call last):
  File "D:\EcoTrack\.venv\Lib\site-packages\earthaccess\store.py", line 987, in _open_urls_https
    return _open_files(
           ^^^^^^^^^^^^
  File "D:\EcoTrack\.venv\Lib\site-packages\earthaccess\store.py", line 150, in _open_files
    return pqdm(
           ^^^^^
  File "D:\EcoTrack\.venv\Lib\site-packages\pqdm\threads.py", line 22, in pqdm
    return _parallel_process(
           ^^^^^^^^^^^^^^^^^^
  File "D:\EcoTrack\.venv\Lib\site-packages\pqdm\_base.py", line 79, in _parallel_process
    raise e
  File "D:\EcoTrack\.venv\Lib\site-packages\pqdm\_base.py", line 76, in _parallel_process
    results.append(future.result())
                   ^^^^^^^^^^^^^^^
  File "C:\Users\JANHAVI TUPE\AppData\Local\Programs\Python\Python311\Lib\concurrent\futures\_base.py", line 449, in result
    return self.__get_result()
           ^^^^^^^^^^^^^^^^^^^
  File "C:\Users\JANHAVI TUPE\AppData\Local\Programs\Python\Python311\Lib\concurrent\futures\_base.py", line 401, in __get_result
    raise self._exception
  File "C:\Users\JANHAVI TUPE\AppData\Local\Programs\Python\Python311\Lib\concurrent\futures\thread.py", line 58, in run
    result = self.fn(*self.args, **self.kwargs)
             ^^^^^^^^^^^^^^^^^^^^^^^^^^^^^^^^^^
  File "D:\EcoTrack\.venv\Lib\site-packages\earthaccess\store.py", line 137, in multi_thread_open
    f_size = fs.info(url)["size"]
             ^^^^^^^^^^^^
  File "D:\EcoTrack\.venv\Lib\site-packages\fsspec\asyn.py", line 217, in wrapper
    return sync(self.loop, func, *args, **kwargs)
           ^^^^^^^^^^^^^^^^^^^^^^^^^^^^^^^^^^^^^^
  File "D:\EcoTrack\.venv\Lib\site-packages\fsspec\asyn.py", line 106, in sync
    raise return_result
  File "D:\EcoTrack\.venv\Lib\site-packages\fsspec\asyn.py", line 59, in _runner
    result[0] = await coro
                ^^^^^^^^^^
  File "D:\EcoTrack\.venv\Lib\site-packages\fsspec\implementations\http.py", line 460, in _info
    raise FileNotFoundError(url) from exc
FileNotFoundError: https://data.gesdisc.earthdata.nasa.gov/data/OCO2_DATA/OCO2_L2_Lite_FP.11.3r/2024/oco2_LtCO2_240309_B11300Ar_260528191654s.nc4
  [1065/1148] 2024-03-09 FAILED (FileNotFoundError: https://data.gesdisc.earthdata.nasa.gov/data/OCO2_DATA/OCO2_L2_Lite_FP.11.3r/2024/oco2_LtCO2_240309_B11300Ar_260528191654s.nc4) — will retry next run
An exception occurred while trying to access remote files via HTTPS
Traceback (most recent call last):
  File "D:\EcoTrack\.venv\Lib\site-packages\aiohttp\connector.py", line 1571, in _create_direct_connection
    hosts = await self._resolve_host(host, port, traces=traces)
            ^^^^^^^^^^^^^^^^^^^^^^^^^^^^^^^^^^^^^^^^^^^^^^^^^^^
  File "D:\EcoTrack\.venv\Lib\site-packages\aiohttp\connector.py", line 1181, in _resolve_host
    return await asyncio.shield(resolved_host_task)
           ^^^^^^^^^^^^^^^^^^^^^^^^^^^^^^^^^^^^^^^^
  File "D:\EcoTrack\.venv\Lib\site-packages\aiohttp\connector.py", line 1212, in _resolve_host_with_throttle
    addrs = await self._resolver.resolve(host, port, family=self._family)
            ^^^^^^^^^^^^^^^^^^^^^^^^^^^^^^^^^^^^^^^^^^^^^^^^^^^^^^^^^^^^^
  File "D:\EcoTrack\.venv\Lib\site-packages\aiohttp\resolver.py", line 47, in resolve
    infos = await self._loop.getaddrinfo(
            ^^^^^^^^^^^^^^^^^^^^^^^^^^^^^
  File "C:\Users\JANHAVI TUPE\AppData\Local\Programs\Python\Python311\Lib\asyncio\base_events.py", line 868, in getaddrinfo
    return await self.run_in_executor(
           ^^^^^^^^^^^^^^^^^^^^^^^^^^^
  File "C:\Users\JANHAVI TUPE\AppData\Local\Programs\Python\Python311\Lib\concurrent\futures\thread.py", line 58, in run
    result = self.fn(*self.args, **self.kwargs)
             ^^^^^^^^^^^^^^^^^^^^^^^^^^^^^^^^^^
  File "C:\Users\JANHAVI TUPE\AppData\Local\Programs\Python\Python311\Lib\socket.py", line 962, in getaddrinfo
    for res in _socket.getaddrinfo(host, port, family, type, proto, flags):
               ^^^^^^^^^^^^^^^^^^^^^^^^^^^^^^^^^^^^^^^^^^^^^^^^^^^^^^^^^^^
socket.gaierror: [Errno 11001] getaddrinfo failed

The above exception was the direct cause of the following exception:

Traceback (most recent call last):
  File "D:\EcoTrack\.venv\Lib\site-packages\fsspec\implementations\http.py", line 447, in _info
    await _file_info(
  File "D:\EcoTrack\.venv\Lib\site-packages\fsspec\implementations\http.py", line 861, in _file_info
    r = await session.get(url, allow_redirects=ar, **kwargs)
        ^^^^^^^^^^^^^^^^^^^^^^^^^^^^^^^^^^^^^^^^^^^^^^^^^^^^
  File "D:\EcoTrack\.venv\Lib\site-packages\aiohttp\client.py", line 858, in _request
    resp = await handler(req)
           ^^^^^^^^^^^^^^^^^^
  File "D:\EcoTrack\.venv\Lib\site-packages\aiohttp\client.py", line 812, in _connect_and_send_request
    conn = await self._connector.connect(
           ^^^^^^^^^^^^^^^^^^^^^^^^^^^^^^
  File "D:\EcoTrack\.venv\Lib\site-packages\aiohttp\connector.py", line 657, in connect
    proto = await self._create_connection(req, traces, timeout)
            ^^^^^^^^^^^^^^^^^^^^^^^^^^^^^^^^^^^^^^^^^^^^^^^^^^^
  File "D:\EcoTrack\.venv\Lib\site-packages\aiohttp\connector.py", line 1242, in _create_connection
    _, proto = await self._create_direct_connection(req, traces, timeout)
               ^^^^^^^^^^^^^^^^^^^^^^^^^^^^^^^^^^^^^^^^^^^^^^^^^^^^^^^^^^
  File "D:\EcoTrack\.venv\Lib\site-packages\aiohttp\connector.py", line 1577, in _create_direct_connection
    raise ClientConnectorDNSError(req.connection_key, exc) from exc
aiohttp.client_exceptions.ClientConnectorDNSError: Cannot connect to host data.gesdisc.earthdata.nasa.gov:443 ssl:default [getaddrinfo failed]

The above exception was the direct cause of the following exception:

Traceback (most recent call last):
  File "D:\EcoTrack\.venv\Lib\site-packages\earthaccess\store.py", line 987, in _open_urls_https
    return _open_files(
           ^^^^^^^^^^^^
  File "D:\EcoTrack\.venv\Lib\site-packages\earthaccess\store.py", line 150, in _open_files
    return pqdm(
           ^^^^^
  File "D:\EcoTrack\.venv\Lib\site-packages\pqdm\threads.py", line 22, in pqdm
    return _parallel_process(
           ^^^^^^^^^^^^^^^^^^
  File "D:\EcoTrack\.venv\Lib\site-packages\pqdm\_base.py", line 79, in _parallel_process
    raise e
  File "D:\EcoTrack\.venv\Lib\site-packages\pqdm\_base.py", line 76, in _parallel_process
    results.append(future.result())
                   ^^^^^^^^^^^^^^^
  File "C:\Users\JANHAVI TUPE\AppData\Local\Programs\Python\Python311\Lib\concurrent\futures\_base.py", line 449, in result
    return self.__get_result()
           ^^^^^^^^^^^^^^^^^^^
  File "C:\Users\JANHAVI TUPE\AppData\Local\Programs\Python\Python311\Lib\concurrent\futures\_base.py", line 401, in __get_result
    raise self._exception
  File "C:\Users\JANHAVI TUPE\AppData\Local\Programs\Python\Python311\Lib\concurrent\futures\thread.py", line 58, in run
    result = self.fn(*self.args, **self.kwargs)
             ^^^^^^^^^^^^^^^^^^^^^^^^^^^^^^^^^^
  File "D:\EcoTrack\.venv\Lib\site-packages\earthaccess\store.py", line 137, in multi_thread_open
    f_size = fs.info(url)["size"]
             ^^^^^^^^^^^^
  File "D:\EcoTrack\.venv\Lib\site-packages\fsspec\asyn.py", line 217, in wrapper
    return sync(self.loop, func, *args, **kwargs)
           ^^^^^^^^^^^^^^^^^^^^^^^^^^^^^^^^^^^^^^
  File "D:\EcoTrack\.venv\Lib\site-packages\fsspec\asyn.py", line 106, in sync
    raise return_result
  File "D:\EcoTrack\.venv\Lib\site-packages\fsspec\asyn.py", line 59, in _runner
    result[0] = await coro
                ^^^^^^^^^^
  File "D:\EcoTrack\.venv\Lib\site-packages\fsspec\implementations\http.py", line 460, in _info
    raise FileNotFoundError(url) from exc
FileNotFoundError: https://data.gesdisc.earthdata.nasa.gov/data/OCO2_DATA/OCO2_L2_Lite_FP.11.3r/2024/oco2_LtCO2_240310_B11300Ar_260528191739s.nc4
  [1066/1148] 2024-03-10 FAILED (FileNotFoundError: https://data.gesdisc.earthdata.nasa.gov/data/OCO2_DATA/OCO2_L2_Lite_FP.11.3r/2024/oco2_LtCO2_240310_B11300Ar_260528191739s.nc4) — will retry next run
An exception occurred while trying to access remote files via HTTPS
Traceback (most recent call last):
  File "D:\EcoTrack\.venv\Lib\site-packages\aiohttp\connector.py", line 1571, in _create_direct_connection
    hosts = await self._resolve_host(host, port, traces=traces)
            ^^^^^^^^^^^^^^^^^^^^^^^^^^^^^^^^^^^^^^^^^^^^^^^^^^^
  File "D:\EcoTrack\.venv\Lib\site-packages\aiohttp\connector.py", line 1181, in _resolve_host
    return await asyncio.shield(resolved_host_task)
           ^^^^^^^^^^^^^^^^^^^^^^^^^^^^^^^^^^^^^^^^
  File "D:\EcoTrack\.venv\Lib\site-packages\aiohttp\connector.py", line 1212, in _resolve_host_with_throttle
    addrs = await self._resolver.resolve(host, port, family=self._family)
            ^^^^^^^^^^^^^^^^^^^^^^^^^^^^^^^^^^^^^^^^^^^^^^^^^^^^^^^^^^^^^
  File "D:\EcoTrack\.venv\Lib\site-packages\aiohttp\resolver.py", line 47, in resolve
    infos = await self._loop.getaddrinfo(
            ^^^^^^^^^^^^^^^^^^^^^^^^^^^^^
  File "C:\Users\JANHAVI TUPE\AppData\Local\Programs\Python\Python311\Lib\asyncio\base_events.py", line 868, in getaddrinfo
    return await self.run_in_executor(
           ^^^^^^^^^^^^^^^^^^^^^^^^^^^
  File "C:\Users\JANHAVI TUPE\AppData\Local\Programs\Python\Python311\Lib\concurrent\futures\thread.py", line 58, in run
    result = self.fn(*self.args, **self.kwargs)
             ^^^^^^^^^^^^^^^^^^^^^^^^^^^^^^^^^^
  File "C:\Users\JANHAVI TUPE\AppData\Local\Programs\Python\Python311\Lib\socket.py", line 962, in getaddrinfo
    for res in _socket.getaddrinfo(host, port, family, type, proto, flags):
               ^^^^^^^^^^^^^^^^^^^^^^^^^^^^^^^^^^^^^^^^^^^^^^^^^^^^^^^^^^^
socket.gaierror: [Errno 11001] getaddrinfo failed

The above exception was the direct cause of the following exception:

Traceback (most recent call last):
  File "D:\EcoTrack\.venv\Lib\site-packages\fsspec\implementations\http.py", line 447, in _info
    await _file_info(
  File "D:\EcoTrack\.venv\Lib\site-packages\fsspec\implementations\http.py", line 861, in _file_info
    r = await session.get(url, allow_redirects=ar, **kwargs)
        ^^^^^^^^^^^^^^^^^^^^^^^^^^^^^^^^^^^^^^^^^^^^^^^^^^^^
  File "D:\EcoTrack\.venv\Lib\site-packages\aiohttp\client.py", line 858, in _request
    resp = await handler(req)
           ^^^^^^^^^^^^^^^^^^
  File "D:\EcoTrack\.venv\Lib\site-packages\aiohttp\client.py", line 812, in _connect_and_send_request
    conn = await self._connector.connect(
           ^^^^^^^^^^^^^^^^^^^^^^^^^^^^^^
  File "D:\EcoTrack\.venv\Lib\site-packages\aiohttp\connector.py", line 657, in connect
    proto = await self._create_connection(req, traces, timeout)
            ^^^^^^^^^^^^^^^^^^^^^^^^^^^^^^^^^^^^^^^^^^^^^^^^^^^
  File "D:\EcoTrack\.venv\Lib\site-packages\aiohttp\connector.py", line 1242, in _create_connection
    _, proto = await self._create_direct_connection(req, traces, timeout)
               ^^^^^^^^^^^^^^^^^^^^^^^^^^^^^^^^^^^^^^^^^^^^^^^^^^^^^^^^^^
  File "D:\EcoTrack\.venv\Lib\site-packages\aiohttp\connector.py", line 1577, in _create_direct_connection
    raise ClientConnectorDNSError(req.connection_key, exc) from exc
aiohttp.client_exceptions.ClientConnectorDNSError: Cannot connect to host data.gesdisc.earthdata.nasa.gov:443 ssl:default [getaddrinfo failed]

The above exception was the direct cause of the following exception:

Traceback (most recent call last):
  File "D:\EcoTrack\.venv\Lib\site-packages\earthaccess\store.py", line 987, in _open_urls_https
    return _open_files(
           ^^^^^^^^^^^^
  File "D:\EcoTrack\.venv\Lib\site-packages\earthaccess\store.py", line 150, in _open_files
    return pqdm(
           ^^^^^
  File "D:\EcoTrack\.venv\Lib\site-packages\pqdm\threads.py", line 22, in pqdm
    return _parallel_process(
           ^^^^^^^^^^^^^^^^^^
  File "D:\EcoTrack\.venv\Lib\site-packages\pqdm\_base.py", line 79, in _parallel_process
    raise e
  File "D:\EcoTrack\.venv\Lib\site-packages\pqdm\_base.py", line 76, in _parallel_process
    results.append(future.result())
                   ^^^^^^^^^^^^^^^
  File "C:\Users\JANHAVI TUPE\AppData\Local\Programs\Python\Python311\Lib\concurrent\futures\_base.py", line 449, in result
    return self.__get_result()
           ^^^^^^^^^^^^^^^^^^^
  File "C:\Users\JANHAVI TUPE\AppData\Local\Programs\Python\Python311\Lib\concurrent\futures\_base.py", line 401, in __get_result
    raise self._exception
  File "C:\Users\JANHAVI TUPE\AppData\Local\Programs\Python\Python311\Lib\concurrent\futures\thread.py", line 58, in run
    result = self.fn(*self.args, **self.kwargs)
             ^^^^^^^^^^^^^^^^^^^^^^^^^^^^^^^^^^
  File "D:\EcoTrack\.venv\Lib\site-packages\earthaccess\store.py", line 137, in multi_thread_open
    f_size = fs.info(url)["size"]
             ^^^^^^^^^^^^
  File "D:\EcoTrack\.venv\Lib\site-packages\fsspec\asyn.py", line 217, in wrapper
    return sync(self.loop, func, *args, **kwargs)
           ^^^^^^^^^^^^^^^^^^^^^^^^^^^^^^^^^^^^^^
  File "D:\EcoTrack\.venv\Lib\site-packages\fsspec\asyn.py", line 106, in sync
    raise return_result
  File "D:\EcoTrack\.venv\Lib\site-packages\fsspec\asyn.py", line 59, in _runner
    result[0] = await coro
                ^^^^^^^^^^
  File "D:\EcoTrack\.venv\Lib\site-packages\fsspec\implementations\http.py", line 460, in _info
    raise FileNotFoundError(url) from exc
FileNotFoundError: https://data.gesdisc.earthdata.nasa.gov/data/OCO2_DATA/OCO2_L2_Lite_FP.11.3r/2024/oco2_LtCO2_240311_B11300Ar_260528191822s.nc4
  [1067/1148] 2024-03-11 FAILED (FileNotFoundError: https://data.gesdisc.earthdata.nasa.gov/data/OCO2_DATA/OCO2_L2_Lite_FP.11.3r/2024/oco2_LtCO2_240311_B11300Ar_260528191822s.nc4) — will retry next run
An exception occurred while trying to access remote files via HTTPS
Traceback (most recent call last):
  File "D:\EcoTrack\.venv\Lib\site-packages\aiohttp\connector.py", line 1571, in _create_direct_connection
    hosts = await self._resolve_host(host, port, traces=traces)
            ^^^^^^^^^^^^^^^^^^^^^^^^^^^^^^^^^^^^^^^^^^^^^^^^^^^
  File "D:\EcoTrack\.venv\Lib\site-packages\aiohttp\connector.py", line 1181, in _resolve_host
    return await asyncio.shield(resolved_host_task)
           ^^^^^^^^^^^^^^^^^^^^^^^^^^^^^^^^^^^^^^^^
  File "D:\EcoTrack\.venv\Lib\site-packages\aiohttp\connector.py", line 1212, in _resolve_host_with_throttle
    addrs = await self._resolver.resolve(host, port, family=self._family)
            ^^^^^^^^^^^^^^^^^^^^^^^^^^^^^^^^^^^^^^^^^^^^^^^^^^^^^^^^^^^^^
  File "D:\EcoTrack\.venv\Lib\site-packages\aiohttp\resolver.py", line 47, in resolve
    infos = await self._loop.getaddrinfo(
            ^^^^^^^^^^^^^^^^^^^^^^^^^^^^^
  File "C:\Users\JANHAVI TUPE\AppData\Local\Programs\Python\Python311\Lib\asyncio\base_events.py", line 868, in getaddrinfo
    return await self.run_in_executor(
           ^^^^^^^^^^^^^^^^^^^^^^^^^^^
  File "C:\Users\JANHAVI TUPE\AppData\Local\Programs\Python\Python311\Lib\concurrent\futures\thread.py", line 58, in run
    result = self.fn(*self.args, **self.kwargs)
             ^^^^^^^^^^^^^^^^^^^^^^^^^^^^^^^^^^
  File "C:\Users\JANHAVI TUPE\AppData\Local\Programs\Python\Python311\Lib\socket.py", line 962, in getaddrinfo
    for res in _socket.getaddrinfo(host, port, family, type, proto, flags):
               ^^^^^^^^^^^^^^^^^^^^^^^^^^^^^^^^^^^^^^^^^^^^^^^^^^^^^^^^^^^
socket.gaierror: [Errno 11001] getaddrinfo failed

The above exception was the direct cause of the following exception:

Traceback (most recent call last):
  File "D:\EcoTrack\.venv\Lib\site-packages\fsspec\implementations\http.py", line 447, in _info
    await _file_info(
  File "D:\EcoTrack\.venv\Lib\site-packages\fsspec\implementations\http.py", line 861, in _file_info
    r = await session.get(url, allow_redirects=ar, **kwargs)
        ^^^^^^^^^^^^^^^^^^^^^^^^^^^^^^^^^^^^^^^^^^^^^^^^^^^^
  File "D:\EcoTrack\.venv\Lib\site-packages\aiohttp\client.py", line 858, in _request
    resp = await handler(req)
           ^^^^^^^^^^^^^^^^^^
  File "D:\EcoTrack\.venv\Lib\site-packages\aiohttp\client.py", line 812, in _connect_and_send_request
    conn = await self._connector.connect(
           ^^^^^^^^^^^^^^^^^^^^^^^^^^^^^^
  File "D:\EcoTrack\.venv\Lib\site-packages\aiohttp\connector.py", line 657, in connect
    proto = await self._create_connection(req, traces, timeout)
            ^^^^^^^^^^^^^^^^^^^^^^^^^^^^^^^^^^^^^^^^^^^^^^^^^^^
  File "D:\EcoTrack\.venv\Lib\site-packages\aiohttp\connector.py", line 1242, in _create_connection
    _, proto = await self._create_direct_connection(req, traces, timeout)
               ^^^^^^^^^^^^^^^^^^^^^^^^^^^^^^^^^^^^^^^^^^^^^^^^^^^^^^^^^^
  File "D:\EcoTrack\.venv\Lib\site-packages\aiohttp\connector.py", line 1577, in _create_direct_connection
    raise ClientConnectorDNSError(req.connection_key, exc) from exc
aiohttp.client_exceptions.ClientConnectorDNSError: Cannot connect to host data.gesdisc.earthdata.nasa.gov:443 ssl:default [getaddrinfo failed]

The above exception was the direct cause of the following exception:

Traceback (most recent call last):
  File "D:\EcoTrack\.venv\Lib\site-packages\earthaccess\store.py", line 987, in _open_urls_https
    return _open_files(
           ^^^^^^^^^^^^
  File "D:\EcoTrack\.venv\Lib\site-packages\earthaccess\store.py", line 150, in _open_files
    return pqdm(
           ^^^^^
  File "D:\EcoTrack\.venv\Lib\site-packages\pqdm\threads.py", line 22, in pqdm
    return _parallel_process(
           ^^^^^^^^^^^^^^^^^^
  File "D:\EcoTrack\.venv\Lib\site-packages\pqdm\_base.py", line 79, in _parallel_process
    raise e
  File "D:\EcoTrack\.venv\Lib\site-packages\pqdm\_base.py", line 76, in _parallel_process
    results.append(future.result())
                   ^^^^^^^^^^^^^^^
  File "C:\Users\JANHAVI TUPE\AppData\Local\Programs\Python\Python311\Lib\concurrent\futures\_base.py", line 449, in result
    return self.__get_result()
           ^^^^^^^^^^^^^^^^^^^
  File "C:\Users\JANHAVI TUPE\AppData\Local\Programs\Python\Python311\Lib\concurrent\futures\_base.py", line 401, in __get_result
    raise self._exception
  File "C:\Users\JANHAVI TUPE\AppData\Local\Programs\Python\Python311\Lib\concurrent\futures\thread.py", line 58, in run
    result = self.fn(*self.args, **self.kwargs)
             ^^^^^^^^^^^^^^^^^^^^^^^^^^^^^^^^^^
  File "D:\EcoTrack\.venv\Lib\site-packages\earthaccess\store.py", line 137, in multi_thread_open
    f_size = fs.info(url)["size"]
             ^^^^^^^^^^^^
  File "D:\EcoTrack\.venv\Lib\site-packages\fsspec\asyn.py", line 217, in wrapper
    return sync(self.loop, func, *args, **kwargs)
           ^^^^^^^^^^^^^^^^^^^^^^^^^^^^^^^^^^^^^^
  File "D:\EcoTrack\.venv\Lib\site-packages\fsspec\asyn.py", line 106, in sync
    raise return_result
  File "D:\EcoTrack\.venv\Lib\site-packages\fsspec\asyn.py", line 59, in _runner
    result[0] = await coro
                ^^^^^^^^^^
  File "D:\EcoTrack\.venv\Lib\site-packages\fsspec\implementations\http.py", line 460, in _info
    raise FileNotFoundError(url) from exc
FileNotFoundError: https://data.gesdisc.earthdata.nasa.gov/data/OCO2_DATA/OCO2_L2_Lite_FP.11.3r/2024/oco2_LtCO2_240312_B11300Ar_260528191916s.nc4
  [1068/1148] 2024-03-12 FAILED (FileNotFoundError: https://data.gesdisc.earthdata.nasa.gov/data/OCO2_DATA/OCO2_L2_Lite_FP.11.3r/2024/oco2_LtCO2_240312_B11300Ar_260528191916s.nc4) — will retry next run
An exception occurred while trying to access remote files via HTTPS
Traceback (most recent call last):
  File "D:\EcoTrack\.venv\Lib\site-packages\aiohttp\connector.py", line 1571, in _create_direct_connection
    hosts = await self._resolve_host(host, port, traces=traces)
            ^^^^^^^^^^^^^^^^^^^^^^^^^^^^^^^^^^^^^^^^^^^^^^^^^^^
  File "D:\EcoTrack\.venv\Lib\site-packages\aiohttp\connector.py", line 1181, in _resolve_host
    return await asyncio.shield(resolved_host_task)
           ^^^^^^^^^^^^^^^^^^^^^^^^^^^^^^^^^^^^^^^^
  File "D:\EcoTrack\.venv\Lib\site-packages\aiohttp\connector.py", line 1212, in _resolve_host_with_throttle
    addrs = await self._resolver.resolve(host, port, family=self._family)
            ^^^^^^^^^^^^^^^^^^^^^^^^^^^^^^^^^^^^^^^^^^^^^^^^^^^^^^^^^^^^^
  File "D:\EcoTrack\.venv\Lib\site-packages\aiohttp\resolver.py", line 47, in resolve
    infos = await self._loop.getaddrinfo(
            ^^^^^^^^^^^^^^^^^^^^^^^^^^^^^
  File "C:\Users\JANHAVI TUPE\AppData\Local\Programs\Python\Python311\Lib\asyncio\base_events.py", line 868, in getaddrinfo
    return await self.run_in_executor(
           ^^^^^^^^^^^^^^^^^^^^^^^^^^^
  File "C:\Users\JANHAVI TUPE\AppData\Local\Programs\Python\Python311\Lib\concurrent\futures\thread.py", line 58, in run
    result = self.fn(*self.args, **self.kwargs)
             ^^^^^^^^^^^^^^^^^^^^^^^^^^^^^^^^^^
  File "C:\Users\JANHAVI TUPE\AppData\Local\Programs\Python\Python311\Lib\socket.py", line 962, in getaddrinfo
    for res in _socket.getaddrinfo(host, port, family, type, proto, flags):
               ^^^^^^^^^^^^^^^^^^^^^^^^^^^^^^^^^^^^^^^^^^^^^^^^^^^^^^^^^^^
socket.gaierror: [Errno 11001] getaddrinfo failed

The above exception was the direct cause of the following exception:

Traceback (most recent call last):
  File "D:\EcoTrack\.venv\Lib\site-packages\fsspec\implementations\http.py", line 447, in _info
    await _file_info(
  File "D:\EcoTrack\.venv\Lib\site-packages\fsspec\implementations\http.py", line 861, in _file_info
    r = await session.get(url, allow_redirects=ar, **kwargs)
        ^^^^^^^^^^^^^^^^^^^^^^^^^^^^^^^^^^^^^^^^^^^^^^^^^^^^
  File "D:\EcoTrack\.venv\Lib\site-packages\aiohttp\client.py", line 858, in _request
    resp = await handler(req)
           ^^^^^^^^^^^^^^^^^^
  File "D:\EcoTrack\.venv\Lib\site-packages\aiohttp\client.py", line 812, in _connect_and_send_request
    conn = await self._connector.connect(
           ^^^^^^^^^^^^^^^^^^^^^^^^^^^^^^
  File "D:\EcoTrack\.venv\Lib\site-packages\aiohttp\connector.py", line 657, in connect
    proto = await self._create_connection(req, traces, timeout)
            ^^^^^^^^^^^^^^^^^^^^^^^^^^^^^^^^^^^^^^^^^^^^^^^^^^^
  File "D:\EcoTrack\.venv\Lib\site-packages\aiohttp\connector.py", line 1242, in _create_connection
    _, proto = await self._create_direct_connection(req, traces, timeout)
               ^^^^^^^^^^^^^^^^^^^^^^^^^^^^^^^^^^^^^^^^^^^^^^^^^^^^^^^^^^
  File "D:\EcoTrack\.venv\Lib\site-packages\aiohttp\connector.py", line 1577, in _create_direct_connection
    raise ClientConnectorDNSError(req.connection_key, exc) from exc
aiohttp.client_exceptions.ClientConnectorDNSError: Cannot connect to host data.gesdisc.earthdata.nasa.gov:443 ssl:default [getaddrinfo failed]

The above exception was the direct cause of the following exception:

Traceback (most recent call last):
  File "D:\EcoTrack\.venv\Lib\site-packages\earthaccess\store.py", line 987, in _open_urls_https
    return _open_files(
           ^^^^^^^^^^^^
  File "D:\EcoTrack\.venv\Lib\site-packages\earthaccess\store.py", line 150, in _open_files
    return pqdm(
           ^^^^^
  File "D:\EcoTrack\.venv\Lib\site-packages\pqdm\threads.py", line 22, in pqdm
    return _parallel_process(
           ^^^^^^^^^^^^^^^^^^
  File "D:\EcoTrack\.venv\Lib\site-packages\pqdm\_base.py", line 79, in _parallel_process
    raise e
  File "D:\EcoTrack\.venv\Lib\site-packages\pqdm\_base.py", line 76, in _parallel_process
    results.append(future.result())
                   ^^^^^^^^^^^^^^^
  File "C:\Users\JANHAVI TUPE\AppData\Local\Programs\Python\Python311\Lib\concurrent\futures\_base.py", line 449, in result
    return self.__get_result()
           ^^^^^^^^^^^^^^^^^^^
  File "C:\Users\JANHAVI TUPE\AppData\Local\Programs\Python\Python311\Lib\concurrent\futures\_base.py", line 401, in __get_result
    raise self._exception
  File "C:\Users\JANHAVI TUPE\AppData\Local\Programs\Python\Python311\Lib\concurrent\futures\thread.py", line 58, in run
    result = self.fn(*self.args, **self.kwargs)
             ^^^^^^^^^^^^^^^^^^^^^^^^^^^^^^^^^^
  File "D:\EcoTrack\.venv\Lib\site-packages\earthaccess\store.py", line 137, in multi_thread_open
    f_size = fs.info(url)["size"]
             ^^^^^^^^^^^^
  File "D:\EcoTrack\.venv\Lib\site-packages\fsspec\asyn.py", line 217, in wrapper
    return sync(self.loop, func, *args, **kwargs)
           ^^^^^^^^^^^^^^^^^^^^^^^^^^^^^^^^^^^^^^
  File "D:\EcoTrack\.venv\Lib\site-packages\fsspec\asyn.py", line 106, in sync
    raise return_result
  File "D:\EcoTrack\.venv\Lib\site-packages\fsspec\asyn.py", line 59, in _runner
    result[0] = await coro
                ^^^^^^^^^^
  File "D:\EcoTrack\.venv\Lib\site-packages\fsspec\implementations\http.py", line 460, in _info
    raise FileNotFoundError(url) from exc
FileNotFoundError: https://data.gesdisc.earthdata.nasa.gov/data/OCO2_DATA/OCO2_L2_Lite_FP.11.3r/2024/oco2_LtCO2_240313_B11300Ar_260528191950s.nc4
  [1069/1148] 2024-03-13 FAILED (FileNotFoundError: https://data.gesdisc.earthdata.nasa.gov/data/OCO2_DATA/OCO2_L2_Lite_FP.11.3r/2024/oco2_LtCO2_240313_B11300Ar_260528191950s.nc4) — will retry next run
An exception occurred while trying to access remote files via HTTPS
Traceback (most recent call last):
  File "D:\EcoTrack\.venv\Lib\site-packages\aiohttp\connector.py", line 1571, in _create_direct_connection
    hosts = await self._resolve_host(host, port, traces=traces)
            ^^^^^^^^^^^^^^^^^^^^^^^^^^^^^^^^^^^^^^^^^^^^^^^^^^^
  File "D:\EcoTrack\.venv\Lib\site-packages\aiohttp\connector.py", line 1181, in _resolve_host
    return await asyncio.shield(resolved_host_task)
           ^^^^^^^^^^^^^^^^^^^^^^^^^^^^^^^^^^^^^^^^
  File "D:\EcoTrack\.venv\Lib\site-packages\aiohttp\connector.py", line 1212, in _resolve_host_with_throttle
    addrs = await self._resolver.resolve(host, port, family=self._family)
            ^^^^^^^^^^^^^^^^^^^^^^^^^^^^^^^^^^^^^^^^^^^^^^^^^^^^^^^^^^^^^
  File "D:\EcoTrack\.venv\Lib\site-packages\aiohttp\resolver.py", line 47, in resolve
    infos = await self._loop.getaddrinfo(
            ^^^^^^^^^^^^^^^^^^^^^^^^^^^^^
  File "C:\Users\JANHAVI TUPE\AppData\Local\Programs\Python\Python311\Lib\asyncio\base_events.py", line 868, in getaddrinfo
    return await self.run_in_executor(
           ^^^^^^^^^^^^^^^^^^^^^^^^^^^
  File "C:\Users\JANHAVI TUPE\AppData\Local\Programs\Python\Python311\Lib\concurrent\futures\thread.py", line 58, in run
    result = self.fn(*self.args, **self.kwargs)
             ^^^^^^^^^^^^^^^^^^^^^^^^^^^^^^^^^^
  File "C:\Users\JANHAVI TUPE\AppData\Local\Programs\Python\Python311\Lib\socket.py", line 962, in getaddrinfo
    for res in _socket.getaddrinfo(host, port, family, type, proto, flags):
               ^^^^^^^^^^^^^^^^^^^^^^^^^^^^^^^^^^^^^^^^^^^^^^^^^^^^^^^^^^^
socket.gaierror: [Errno 11001] getaddrinfo failed

The above exception was the direct cause of the following exception:

Traceback (most recent call last):
  File "D:\EcoTrack\.venv\Lib\site-packages\fsspec\implementations\http.py", line 447, in _info
    await _file_info(
  File "D:\EcoTrack\.venv\Lib\site-packages\fsspec\implementations\http.py", line 861, in _file_info
    r = await session.get(url, allow_redirects=ar, **kwargs)
        ^^^^^^^^^^^^^^^^^^^^^^^^^^^^^^^^^^^^^^^^^^^^^^^^^^^^
  File "D:\EcoTrack\.venv\Lib\site-packages\aiohttp\client.py", line 858, in _request
    resp = await handler(req)
           ^^^^^^^^^^^^^^^^^^
  File "D:\EcoTrack\.venv\Lib\site-packages\aiohttp\client.py", line 812, in _connect_and_send_request
    conn = await self._connector.connect(
           ^^^^^^^^^^^^^^^^^^^^^^^^^^^^^^
  File "D:\EcoTrack\.venv\Lib\site-packages\aiohttp\connector.py", line 657, in connect
    proto = await self._create_connection(req, traces, timeout)
            ^^^^^^^^^^^^^^^^^^^^^^^^^^^^^^^^^^^^^^^^^^^^^^^^^^^
  File "D:\EcoTrack\.venv\Lib\site-packages\aiohttp\connector.py", line 1242, in _create_connection
    _, proto = await self._create_direct_connection(req, traces, timeout)
               ^^^^^^^^^^^^^^^^^^^^^^^^^^^^^^^^^^^^^^^^^^^^^^^^^^^^^^^^^^
  File "D:\EcoTrack\.venv\Lib\site-packages\aiohttp\connector.py", line 1577, in _create_direct_connection
    raise ClientConnectorDNSError(req.connection_key, exc) from exc
aiohttp.client_exceptions.ClientConnectorDNSError: Cannot connect to host data.gesdisc.earthdata.nasa.gov:443 ssl:default [getaddrinfo failed]

The above exception was the direct cause of the following exception:

Traceback (most recent call last):
  File "D:\EcoTrack\.venv\Lib\site-packages\earthaccess\store.py", line 987, in _open_urls_https
    return _open_files(
           ^^^^^^^^^^^^
  File "D:\EcoTrack\.venv\Lib\site-packages\earthaccess\store.py", line 150, in _open_files
    return pqdm(
           ^^^^^
  File "D:\EcoTrack\.venv\Lib\site-packages\pqdm\threads.py", line 22, in pqdm
    return _parallel_process(
           ^^^^^^^^^^^^^^^^^^
  File "D:\EcoTrack\.venv\Lib\site-packages\pqdm\_base.py", line 79, in _parallel_process
    raise e
  File "D:\EcoTrack\.venv\Lib\site-packages\pqdm\_base.py", line 76, in _parallel_process
    results.append(future.result())
                   ^^^^^^^^^^^^^^^
  File "C:\Users\JANHAVI TUPE\AppData\Local\Programs\Python\Python311\Lib\concurrent\futures\_base.py", line 449, in result
    return self.__get_result()
           ^^^^^^^^^^^^^^^^^^^
  File "C:\Users\JANHAVI TUPE\AppData\Local\Programs\Python\Python311\Lib\concurrent\futures\_base.py", line 401, in __get_result
    raise self._exception
  File "C:\Users\JANHAVI TUPE\AppData\Local\Programs\Python\Python311\Lib\concurrent\futures\thread.py", line 58, in run
    result = self.fn(*self.args, **self.kwargs)
             ^^^^^^^^^^^^^^^^^^^^^^^^^^^^^^^^^^
  File "D:\EcoTrack\.venv\Lib\site-packages\earthaccess\store.py", line 137, in multi_thread_open
    f_size = fs.info(url)["size"]
             ^^^^^^^^^^^^
  File "D:\EcoTrack\.venv\Lib\site-packages\fsspec\asyn.py", line 217, in wrapper
    return sync(self.loop, func, *args, **kwargs)
           ^^^^^^^^^^^^^^^^^^^^^^^^^^^^^^^^^^^^^^
  File "D:\EcoTrack\.venv\Lib\site-packages\fsspec\asyn.py", line 106, in sync
    raise return_result
  File "D:\EcoTrack\.venv\Lib\site-packages\fsspec\asyn.py", line 59, in _runner
    result[0] = await coro
                ^^^^^^^^^^
  File "D:\EcoTrack\.venv\Lib\site-packages\fsspec\implementations\http.py", line 460, in _info
    raise FileNotFoundError(url) from exc
FileNotFoundError: https://data.gesdisc.earthdata.nasa.gov/data/OCO2_DATA/OCO2_L2_Lite_FP.11.3r/2024/oco2_LtCO2_240314_B11300Ar_260528192042s.nc4
  [1070/1148] 2024-03-14 FAILED (FileNotFoundError: https://data.gesdisc.earthdata.nasa.gov/data/OCO2_DATA/OCO2_L2_Lite_FP.11.3r/2024/oco2_LtCO2_240314_B11300Ar_260528192042s.nc4) — will retry next run
An exception occurred while trying to access remote files via HTTPS
Traceback (most recent call last):
  File "D:\EcoTrack\.venv\Lib\site-packages\aiohttp\connector.py", line 1571, in _create_direct_connection
    hosts = await self._resolve_host(host, port, traces=traces)
            ^^^^^^^^^^^^^^^^^^^^^^^^^^^^^^^^^^^^^^^^^^^^^^^^^^^
  File "D:\EcoTrack\.venv\Lib\site-packages\aiohttp\connector.py", line 1181, in _resolve_host
    return await asyncio.shield(resolved_host_task)
           ^^^^^^^^^^^^^^^^^^^^^^^^^^^^^^^^^^^^^^^^
  File "D:\EcoTrack\.venv\Lib\site-packages\aiohttp\connector.py", line 1212, in _resolve_host_with_throttle
    addrs = await self._resolver.resolve(host, port, family=self._family)
            ^^^^^^^^^^^^^^^^^^^^^^^^^^^^^^^^^^^^^^^^^^^^^^^^^^^^^^^^^^^^^
  File "D:\EcoTrack\.venv\Lib\site-packages\aiohttp\resolver.py", line 47, in resolve
    infos = await self._loop.getaddrinfo(
            ^^^^^^^^^^^^^^^^^^^^^^^^^^^^^
  File "C:\Users\JANHAVI TUPE\AppData\Local\Programs\Python\Python311\Lib\asyncio\base_events.py", line 868, in getaddrinfo
    return await self.run_in_executor(
           ^^^^^^^^^^^^^^^^^^^^^^^^^^^
  File "C:\Users\JANHAVI TUPE\AppData\Local\Programs\Python\Python311\Lib\concurrent\futures\thread.py", line 58, in run
    result = self.fn(*self.args, **self.kwargs)
             ^^^^^^^^^^^^^^^^^^^^^^^^^^^^^^^^^^
  File "C:\Users\JANHAVI TUPE\AppData\Local\Programs\Python\Python311\Lib\socket.py", line 962, in getaddrinfo
    for res in _socket.getaddrinfo(host, port, family, type, proto, flags):
               ^^^^^^^^^^^^^^^^^^^^^^^^^^^^^^^^^^^^^^^^^^^^^^^^^^^^^^^^^^^
socket.gaierror: [Errno 11001] getaddrinfo failed

The above exception was the direct cause of the following exception:

Traceback (most recent call last):
  File "D:\EcoTrack\.venv\Lib\site-packages\fsspec\implementations\http.py", line 447, in _info
    await _file_info(
  File "D:\EcoTrack\.venv\Lib\site-packages\fsspec\implementations\http.py", line 861, in _file_info
    r = await session.get(url, allow_redirects=ar, **kwargs)
        ^^^^^^^^^^^^^^^^^^^^^^^^^^^^^^^^^^^^^^^^^^^^^^^^^^^^
  File "D:\EcoTrack\.venv\Lib\site-packages\aiohttp\client.py", line 858, in _request
    resp = await handler(req)
           ^^^^^^^^^^^^^^^^^^
  File "D:\EcoTrack\.venv\Lib\site-packages\aiohttp\client.py", line 812, in _connect_and_send_request
    conn = await self._connector.connect(
           ^^^^^^^^^^^^^^^^^^^^^^^^^^^^^^
  File "D:\EcoTrack\.venv\Lib\site-packages\aiohttp\connector.py", line 657, in connect
    proto = await self._create_connection(req, traces, timeout)
            ^^^^^^^^^^^^^^^^^^^^^^^^^^^^^^^^^^^^^^^^^^^^^^^^^^^
  File "D:\EcoTrack\.venv\Lib\site-packages\aiohttp\connector.py", line 1242, in _create_connection
    _, proto = await self._create_direct_connection(req, traces, timeout)
               ^^^^^^^^^^^^^^^^^^^^^^^^^^^^^^^^^^^^^^^^^^^^^^^^^^^^^^^^^^
  File "D:\EcoTrack\.venv\Lib\site-packages\aiohttp\connector.py", line 1577, in _create_direct_connection
    raise ClientConnectorDNSError(req.connection_key, exc) from exc
aiohttp.client_exceptions.ClientConnectorDNSError: Cannot connect to host data.gesdisc.earthdata.nasa.gov:443 ssl:default [getaddrinfo failed]

The above exception was the direct cause of the following exception:

Traceback (most recent call last):
  File "D:\EcoTrack\.venv\Lib\site-packages\earthaccess\store.py", line 987, in _open_urls_https
    return _open_files(
           ^^^^^^^^^^^^
  File "D:\EcoTrack\.venv\Lib\site-packages\earthaccess\store.py", line 150, in _open_files
    return pqdm(
           ^^^^^
  File "D:\EcoTrack\.venv\Lib\site-packages\pqdm\threads.py", line 22, in pqdm
    return _parallel_process(
           ^^^^^^^^^^^^^^^^^^
  File "D:\EcoTrack\.venv\Lib\site-packages\pqdm\_base.py", line 79, in _parallel_process
    raise e
  File "D:\EcoTrack\.venv\Lib\site-packages\pqdm\_base.py", line 76, in _parallel_process
    results.append(future.result())
                   ^^^^^^^^^^^^^^^
  File "C:\Users\JANHAVI TUPE\AppData\Local\Programs\Python\Python311\Lib\concurrent\futures\_base.py", line 449, in result
    return self.__get_result()
           ^^^^^^^^^^^^^^^^^^^
  File "C:\Users\JANHAVI TUPE\AppData\Local\Programs\Python\Python311\Lib\concurrent\futures\_base.py", line 401, in __get_result
    raise self._exception
  File "C:\Users\JANHAVI TUPE\AppData\Local\Programs\Python\Python311\Lib\concurrent\futures\thread.py", line 58, in run
    result = self.fn(*self.args, **self.kwargs)
             ^^^^^^^^^^^^^^^^^^^^^^^^^^^^^^^^^^
  File "D:\EcoTrack\.venv\Lib\site-packages\earthaccess\store.py", line 137, in multi_thread_open
    f_size = fs.info(url)["size"]
             ^^^^^^^^^^^^
  File "D:\EcoTrack\.venv\Lib\site-packages\fsspec\asyn.py", line 217, in wrapper
    return sync(self.loop, func, *args, **kwargs)
           ^^^^^^^^^^^^^^^^^^^^^^^^^^^^^^^^^^^^^^
  File "D:\EcoTrack\.venv\Lib\site-packages\fsspec\asyn.py", line 106, in sync
    raise return_result
  File "D:\EcoTrack\.venv\Lib\site-packages\fsspec\asyn.py", line 59, in _runner
    result[0] = await coro
                ^^^^^^^^^^
  File "D:\EcoTrack\.venv\Lib\site-packages\fsspec\implementations\http.py", line 460, in _info
    raise FileNotFoundError(url) from exc
FileNotFoundError: https://data.gesdisc.earthdata.nasa.gov/data/OCO2_DATA/OCO2_L2_Lite_FP.11.3r/2024/oco2_LtCO2_240315_B11300Ar_260528192121s.nc4
  [1071/1148] 2024-03-15 FAILED (FileNotFoundError: https://data.gesdisc.earthdata.nasa.gov/data/OCO2_DATA/OCO2_L2_Lite_FP.11.3r/2024/oco2_LtCO2_240315_B11300Ar_260528192121s.nc4) — will retry next run
An exception occurred while trying to access remote files via HTTPS
Traceback (most recent call last):
  File "D:\EcoTrack\.venv\Lib\site-packages\aiohttp\connector.py", line 1571, in _create_direct_connection
    hosts = await self._resolve_host(host, port, traces=traces)
            ^^^^^^^^^^^^^^^^^^^^^^^^^^^^^^^^^^^^^^^^^^^^^^^^^^^
  File "D:\EcoTrack\.venv\Lib\site-packages\aiohttp\connector.py", line 1181, in _resolve_host
    return await asyncio.shield(resolved_host_task)
           ^^^^^^^^^^^^^^^^^^^^^^^^^^^^^^^^^^^^^^^^
  File "D:\EcoTrack\.venv\Lib\site-packages\aiohttp\connector.py", line 1212, in _resolve_host_with_throttle
    addrs = await self._resolver.resolve(host, port, family=self._family)
            ^^^^^^^^^^^^^^^^^^^^^^^^^^^^^^^^^^^^^^^^^^^^^^^^^^^^^^^^^^^^^
  File "D:\EcoTrack\.venv\Lib\site-packages\aiohttp\resolver.py", line 47, in resolve
    infos = await self._loop.getaddrinfo(
            ^^^^^^^^^^^^^^^^^^^^^^^^^^^^^
  File "C:\Users\JANHAVI TUPE\AppData\Local\Programs\Python\Python311\Lib\asyncio\base_events.py", line 868, in getaddrinfo
    return await self.run_in_executor(
           ^^^^^^^^^^^^^^^^^^^^^^^^^^^
  File "C:\Users\JANHAVI TUPE\AppData\Local\Programs\Python\Python311\Lib\concurrent\futures\thread.py", line 58, in run
    result = self.fn(*self.args, **self.kwargs)
             ^^^^^^^^^^^^^^^^^^^^^^^^^^^^^^^^^^
  File "C:\Users\JANHAVI TUPE\AppData\Local\Programs\Python\Python311\Lib\socket.py", line 962, in getaddrinfo
    for res in _socket.getaddrinfo(host, port, family, type, proto, flags):
               ^^^^^^^^^^^^^^^^^^^^^^^^^^^^^^^^^^^^^^^^^^^^^^^^^^^^^^^^^^^
socket.gaierror: [Errno 11001] getaddrinfo failed

The above exception was the direct cause of the following exception:

Traceback (most recent call last):
  File "D:\EcoTrack\.venv\Lib\site-packages\fsspec\implementations\http.py", line 447, in _info
    await _file_info(
  File "D:\EcoTrack\.venv\Lib\site-packages\fsspec\implementations\http.py", line 861, in _file_info
    r = await session.get(url, allow_redirects=ar, **kwargs)
        ^^^^^^^^^^^^^^^^^^^^^^^^^^^^^^^^^^^^^^^^^^^^^^^^^^^^
  File "D:\EcoTrack\.venv\Lib\site-packages\aiohttp\client.py", line 858, in _request
    resp = await handler(req)
           ^^^^^^^^^^^^^^^^^^
  File "D:\EcoTrack\.venv\Lib\site-packages\aiohttp\client.py", line 812, in _connect_and_send_request
    conn = await self._connector.connect(
           ^^^^^^^^^^^^^^^^^^^^^^^^^^^^^^
  File "D:\EcoTrack\.venv\Lib\site-packages\aiohttp\connector.py", line 657, in connect
    proto = await self._create_connection(req, traces, timeout)
            ^^^^^^^^^^^^^^^^^^^^^^^^^^^^^^^^^^^^^^^^^^^^^^^^^^^
  File "D:\EcoTrack\.venv\Lib\site-packages\aiohttp\connector.py", line 1242, in _create_connection
    _, proto = await self._create_direct_connection(req, traces, timeout)
               ^^^^^^^^^^^^^^^^^^^^^^^^^^^^^^^^^^^^^^^^^^^^^^^^^^^^^^^^^^
  File "D:\EcoTrack\.venv\Lib\site-packages\aiohttp\connector.py", line 1577, in _create_direct_connection
    raise ClientConnectorDNSError(req.connection_key, exc) from exc
aiohttp.client_exceptions.ClientConnectorDNSError: Cannot connect to host data.gesdisc.earthdata.nasa.gov:443 ssl:default [getaddrinfo failed]

The above exception was the direct cause of the following exception:

Traceback (most recent call last):
  File "D:\EcoTrack\.venv\Lib\site-packages\earthaccess\store.py", line 987, in _open_urls_https
    return _open_files(
           ^^^^^^^^^^^^
  File "D:\EcoTrack\.venv\Lib\site-packages\earthaccess\store.py", line 150, in _open_files
    return pqdm(
           ^^^^^
  File "D:\EcoTrack\.venv\Lib\site-packages\pqdm\threads.py", line 22, in pqdm
    return _parallel_process(
           ^^^^^^^^^^^^^^^^^^
  File "D:\EcoTrack\.venv\Lib\site-packages\pqdm\_base.py", line 79, in _parallel_process
    raise e
  File "D:\EcoTrack\.venv\Lib\site-packages\pqdm\_base.py", line 76, in _parallel_process
    results.append(future.result())
                   ^^^^^^^^^^^^^^^
  File "C:\Users\JANHAVI TUPE\AppData\Local\Programs\Python\Python311\Lib\concurrent\futures\_base.py", line 449, in result
    return self.__get_result()
           ^^^^^^^^^^^^^^^^^^^
  File "C:\Users\JANHAVI TUPE\AppData\Local\Programs\Python\Python311\Lib\concurrent\futures\_base.py", line 401, in __get_result
    raise self._exception
  File "C:\Users\JANHAVI TUPE\AppData\Local\Programs\Python\Python311\Lib\concurrent\futures\thread.py", line 58, in run
    result = self.fn(*self.args, **self.kwargs)
             ^^^^^^^^^^^^^^^^^^^^^^^^^^^^^^^^^^
  File "D:\EcoTrack\.venv\Lib\site-packages\earthaccess\store.py", line 137, in multi_thread_open
    f_size = fs.info(url)["size"]
             ^^^^^^^^^^^^
  File "D:\EcoTrack\.venv\Lib\site-packages\fsspec\asyn.py", line 217, in wrapper
    return sync(self.loop, func, *args, **kwargs)
           ^^^^^^^^^^^^^^^^^^^^^^^^^^^^^^^^^^^^^^
  File "D:\EcoTrack\.venv\Lib\site-packages\fsspec\asyn.py", line 106, in sync
    raise return_result
  File "D:\EcoTrack\.venv\Lib\site-packages\fsspec\asyn.py", line 59, in _runner
    result[0] = await coro
                ^^^^^^^^^^
  File "D:\EcoTrack\.venv\Lib\site-packages\fsspec\implementations\http.py", line 460, in _info
    raise FileNotFoundError(url) from exc
FileNotFoundError: https://data.gesdisc.earthdata.nasa.gov/data/OCO2_DATA/OCO2_L2_Lite_FP.11.3r/2024/oco2_LtCO2_240316_B11300Ar_260528192201s.nc4
  [1072/1148] 2024-03-16 FAILED (FileNotFoundError: https://data.gesdisc.earthdata.nasa.gov/data/OCO2_DATA/OCO2_L2_Lite_FP.11.3r/2024/oco2_LtCO2_240316_B11300Ar_260528192201s.nc4) — will retry next run
An exception occurred while trying to access remote files via HTTPS
Traceback (most recent call last):
  File "D:\EcoTrack\.venv\Lib\site-packages\aiohttp\connector.py", line 1571, in _create_direct_connection
    hosts = await self._resolve_host(host, port, traces=traces)
            ^^^^^^^^^^^^^^^^^^^^^^^^^^^^^^^^^^^^^^^^^^^^^^^^^^^
  File "D:\EcoTrack\.venv\Lib\site-packages\aiohttp\connector.py", line 1181, in _resolve_host
    return await asyncio.shield(resolved_host_task)
           ^^^^^^^^^^^^^^^^^^^^^^^^^^^^^^^^^^^^^^^^
  File "D:\EcoTrack\.venv\Lib\site-packages\aiohttp\connector.py", line 1212, in _resolve_host_with_throttle
    addrs = await self._resolver.resolve(host, port, family=self._family)
            ^^^^^^^^^^^^^^^^^^^^^^^^^^^^^^^^^^^^^^^^^^^^^^^^^^^^^^^^^^^^^
  File "D:\EcoTrack\.venv\Lib\site-packages\aiohttp\resolver.py", line 47, in resolve
    infos = await self._loop.getaddrinfo(
            ^^^^^^^^^^^^^^^^^^^^^^^^^^^^^
  File "C:\Users\JANHAVI TUPE\AppData\Local\Programs\Python\Python311\Lib\asyncio\base_events.py", line 868, in getaddrinfo
    return await self.run_in_executor(
           ^^^^^^^^^^^^^^^^^^^^^^^^^^^
  File "C:\Users\JANHAVI TUPE\AppData\Local\Programs\Python\Python311\Lib\concurrent\futures\thread.py", line 58, in run
    result = self.fn(*self.args, **self.kwargs)
             ^^^^^^^^^^^^^^^^^^^^^^^^^^^^^^^^^^
  File "C:\Users\JANHAVI TUPE\AppData\Local\Programs\Python\Python311\Lib\socket.py", line 962, in getaddrinfo
    for res in _socket.getaddrinfo(host, port, family, type, proto, flags):
               ^^^^^^^^^^^^^^^^^^^^^^^^^^^^^^^^^^^^^^^^^^^^^^^^^^^^^^^^^^^
socket.gaierror: [Errno 11001] getaddrinfo failed

The above exception was the direct cause of the following exception:

Traceback (most recent call last):
  File "D:\EcoTrack\.venv\Lib\site-packages\fsspec\implementations\http.py", line 447, in _info
    await _file_info(
  File "D:\EcoTrack\.venv\Lib\site-packages\fsspec\implementations\http.py", line 861, in _file_info
    r = await session.get(url, allow_redirects=ar, **kwargs)
        ^^^^^^^^^^^^^^^^^^^^^^^^^^^^^^^^^^^^^^^^^^^^^^^^^^^^
  File "D:\EcoTrack\.venv\Lib\site-packages\aiohttp\client.py", line 858, in _request
    resp = await handler(req)
           ^^^^^^^^^^^^^^^^^^
  File "D:\EcoTrack\.venv\Lib\site-packages\aiohttp\client.py", line 812, in _connect_and_send_request
    conn = await self._connector.connect(
           ^^^^^^^^^^^^^^^^^^^^^^^^^^^^^^
  File "D:\EcoTrack\.venv\Lib\site-packages\aiohttp\connector.py", line 657, in connect
    proto = await self._create_connection(req, traces, timeout)
            ^^^^^^^^^^^^^^^^^^^^^^^^^^^^^^^^^^^^^^^^^^^^^^^^^^^
  File "D:\EcoTrack\.venv\Lib\site-packages\aiohttp\connector.py", line 1242, in _create_connection
    _, proto = await self._create_direct_connection(req, traces, timeout)
               ^^^^^^^^^^^^^^^^^^^^^^^^^^^^^^^^^^^^^^^^^^^^^^^^^^^^^^^^^^
  File "D:\EcoTrack\.venv\Lib\site-packages\aiohttp\connector.py", line 1577, in _create_direct_connection
    raise ClientConnectorDNSError(req.connection_key, exc) from exc
aiohttp.client_exceptions.ClientConnectorDNSError: Cannot connect to host data.gesdisc.earthdata.nasa.gov:443 ssl:default [getaddrinfo failed]

The above exception was the direct cause of the following exception:

Traceback (most recent call last):
  File "D:\EcoTrack\.venv\Lib\site-packages\earthaccess\store.py", line 987, in _open_urls_https
    return _open_files(
           ^^^^^^^^^^^^
  File "D:\EcoTrack\.venv\Lib\site-packages\earthaccess\store.py", line 150, in _open_files
    return pqdm(
           ^^^^^
  File "D:\EcoTrack\.venv\Lib\site-packages\pqdm\threads.py", line 22, in pqdm
    return _parallel_process(
           ^^^^^^^^^^^^^^^^^^
  File "D:\EcoTrack\.venv\Lib\site-packages\pqdm\_base.py", line 79, in _parallel_process
    raise e
  File "D:\EcoTrack\.venv\Lib\site-packages\pqdm\_base.py", line 76, in _parallel_process
    results.append(future.result())
                   ^^^^^^^^^^^^^^^
  File "C:\Users\JANHAVI TUPE\AppData\Local\Programs\Python\Python311\Lib\concurrent\futures\_base.py", line 449, in result
    return self.__get_result()
           ^^^^^^^^^^^^^^^^^^^
  File "C:\Users\JANHAVI TUPE\AppData\Local\Programs\Python\Python311\Lib\concurrent\futures\_base.py", line 401, in __get_result
    raise self._exception
  File "C:\Users\JANHAVI TUPE\AppData\Local\Programs\Python\Python311\Lib\concurrent\futures\thread.py", line 58, in run
    result = self.fn(*self.args, **self.kwargs)
             ^^^^^^^^^^^^^^^^^^^^^^^^^^^^^^^^^^
  File "D:\EcoTrack\.venv\Lib\site-packages\earthaccess\store.py", line 137, in multi_thread_open
    f_size = fs.info(url)["size"]
             ^^^^^^^^^^^^
  File "D:\EcoTrack\.venv\Lib\site-packages\fsspec\asyn.py", line 217, in wrapper
    return sync(self.loop, func, *args, **kwargs)
           ^^^^^^^^^^^^^^^^^^^^^^^^^^^^^^^^^^^^^^
  File "D:\EcoTrack\.venv\Lib\site-packages\fsspec\asyn.py", line 106, in sync
    raise return_result
  File "D:\EcoTrack\.venv\Lib\site-packages\fsspec\asyn.py", line 59, in _runner
    result[0] = await coro
                ^^^^^^^^^^
  File "D:\EcoTrack\.venv\Lib\site-packages\fsspec\implementations\http.py", line 460, in _info
    raise FileNotFoundError(url) from exc
FileNotFoundError: https://data.gesdisc.earthdata.nasa.gov/data/OCO2_DATA/OCO2_L2_Lite_FP.11.3r/2024/oco2_LtCO2_240317_B11300Ar_260528192251s.nc4
  [1073/1148] 2024-03-17 FAILED (FileNotFoundError: https://data.gesdisc.earthdata.nasa.gov/data/OCO2_DATA/OCO2_L2_Lite_FP.11.3r/2024/oco2_LtCO2_240317_B11300Ar_260528192251s.nc4) — will retry next run
An exception occurred while trying to access remote files via HTTPS
Traceback (most recent call last):
  File "D:\EcoTrack\.venv\Lib\site-packages\aiohttp\connector.py", line 1571, in _create_direct_connection
    hosts = await self._resolve_host(host, port, traces=traces)
            ^^^^^^^^^^^^^^^^^^^^^^^^^^^^^^^^^^^^^^^^^^^^^^^^^^^
  File "D:\EcoTrack\.venv\Lib\site-packages\aiohttp\connector.py", line 1181, in _resolve_host
    return await asyncio.shield(resolved_host_task)
           ^^^^^^^^^^^^^^^^^^^^^^^^^^^^^^^^^^^^^^^^
  File "D:\EcoTrack\.venv\Lib\site-packages\aiohttp\connector.py", line 1212, in _resolve_host_with_throttle
    addrs = await self._resolver.resolve(host, port, family=self._family)
            ^^^^^^^^^^^^^^^^^^^^^^^^^^^^^^^^^^^^^^^^^^^^^^^^^^^^^^^^^^^^^
  File "D:\EcoTrack\.venv\Lib\site-packages\aiohttp\resolver.py", line 47, in resolve
    infos = await self._loop.getaddrinfo(
            ^^^^^^^^^^^^^^^^^^^^^^^^^^^^^
  File "C:\Users\JANHAVI TUPE\AppData\Local\Programs\Python\Python311\Lib\asyncio\base_events.py", line 868, in getaddrinfo
    return await self.run_in_executor(
           ^^^^^^^^^^^^^^^^^^^^^^^^^^^
  File "C:\Users\JANHAVI TUPE\AppData\Local\Programs\Python\Python311\Lib\concurrent\futures\thread.py", line 58, in run
    result = self.fn(*self.args, **self.kwargs)
             ^^^^^^^^^^^^^^^^^^^^^^^^^^^^^^^^^^
  File "C:\Users\JANHAVI TUPE\AppData\Local\Programs\Python\Python311\Lib\socket.py", line 962, in getaddrinfo
    for res in _socket.getaddrinfo(host, port, family, type, proto, flags):
               ^^^^^^^^^^^^^^^^^^^^^^^^^^^^^^^^^^^^^^^^^^^^^^^^^^^^^^^^^^^
socket.gaierror: [Errno 11001] getaddrinfo failed

The above exception was the direct cause of the following exception:

Traceback (most recent call last):
  File "D:\EcoTrack\.venv\Lib\site-packages\fsspec\implementations\http.py", line 447, in _info
    await _file_info(
  File "D:\EcoTrack\.venv\Lib\site-packages\fsspec\implementations\http.py", line 861, in _file_info
    r = await session.get(url, allow_redirects=ar, **kwargs)
        ^^^^^^^^^^^^^^^^^^^^^^^^^^^^^^^^^^^^^^^^^^^^^^^^^^^^
  File "D:\EcoTrack\.venv\Lib\site-packages\aiohttp\client.py", line 858, in _request
    resp = await handler(req)
           ^^^^^^^^^^^^^^^^^^
  File "D:\EcoTrack\.venv\Lib\site-packages\aiohttp\client.py", line 812, in _connect_and_send_request
    conn = await self._connector.connect(
           ^^^^^^^^^^^^^^^^^^^^^^^^^^^^^^
  File "D:\EcoTrack\.venv\Lib\site-packages\aiohttp\connector.py", line 657, in connect
    proto = await self._create_connection(req, traces, timeout)
            ^^^^^^^^^^^^^^^^^^^^^^^^^^^^^^^^^^^^^^^^^^^^^^^^^^^
  File "D:\EcoTrack\.venv\Lib\site-packages\aiohttp\connector.py", line 1242, in _create_connection
    _, proto = await self._create_direct_connection(req, traces, timeout)
               ^^^^^^^^^^^^^^^^^^^^^^^^^^^^^^^^^^^^^^^^^^^^^^^^^^^^^^^^^^
  File "D:\EcoTrack\.venv\Lib\site-packages\aiohttp\connector.py", line 1577, in _create_direct_connection
    raise ClientConnectorDNSError(req.connection_key, exc) from exc
aiohttp.client_exceptions.ClientConnectorDNSError: Cannot connect to host data.gesdisc.earthdata.nasa.gov:443 ssl:default [getaddrinfo failed]

The above exception was the direct cause of the following exception:

Traceback (most recent call last):
  File "D:\EcoTrack\.venv\Lib\site-packages\earthaccess\store.py", line 987, in _open_urls_https
    return _open_files(
           ^^^^^^^^^^^^
  File "D:\EcoTrack\.venv\Lib\site-packages\earthaccess\store.py", line 150, in _open_files
    return pqdm(
           ^^^^^
  File "D:\EcoTrack\.venv\Lib\site-packages\pqdm\threads.py", line 22, in pqdm
    return _parallel_process(
           ^^^^^^^^^^^^^^^^^^
  File "D:\EcoTrack\.venv\Lib\site-packages\pqdm\_base.py", line 79, in _parallel_process
    raise e
  File "D:\EcoTrack\.venv\Lib\site-packages\pqdm\_base.py", line 76, in _parallel_process
    results.append(future.result())
                   ^^^^^^^^^^^^^^^
  File "C:\Users\JANHAVI TUPE\AppData\Local\Programs\Python\Python311\Lib\concurrent\futures\_base.py", line 449, in result
    return self.__get_result()
           ^^^^^^^^^^^^^^^^^^^
  File "C:\Users\JANHAVI TUPE\AppData\Local\Programs\Python\Python311\Lib\concurrent\futures\_base.py", line 401, in __get_result
    raise self._exception
  File "C:\Users\JANHAVI TUPE\AppData\Local\Programs\Python\Python311\Lib\concurrent\futures\thread.py", line 58, in run
    result = self.fn(*self.args, **self.kwargs)
             ^^^^^^^^^^^^^^^^^^^^^^^^^^^^^^^^^^
  File "D:\EcoTrack\.venv\Lib\site-packages\earthaccess\store.py", line 137, in multi_thread_open
    f_size = fs.info(url)["size"]
             ^^^^^^^^^^^^
  File "D:\EcoTrack\.venv\Lib\site-packages\fsspec\asyn.py", line 217, in wrapper
    return sync(self.loop, func, *args, **kwargs)
           ^^^^^^^^^^^^^^^^^^^^^^^^^^^^^^^^^^^^^^
  File "D:\EcoTrack\.venv\Lib\site-packages\fsspec\asyn.py", line 106, in sync
    raise return_result
  File "D:\EcoTrack\.venv\Lib\site-packages\fsspec\asyn.py", line 59, in _runner
    result[0] = await coro
                ^^^^^^^^^^
  File "D:\EcoTrack\.venv\Lib\site-packages\fsspec\implementations\http.py", line 460, in _info
    raise FileNotFoundError(url) from exc
FileNotFoundError: https://data.gesdisc.earthdata.nasa.gov/data/OCO2_DATA/OCO2_L2_Lite_FP.11.3r/2024/oco2_LtCO2_240318_B11300Ar_260528192336s.nc4
  [1074/1148] 2024-03-18 FAILED (FileNotFoundError: https://data.gesdisc.earthdata.nasa.gov/data/OCO2_DATA/OCO2_L2_Lite_FP.11.3r/2024/oco2_LtCO2_240318_B11300Ar_260528192336s.nc4) — will retry next run
An exception occurred while trying to access remote files via HTTPS
Traceback (most recent call last):
  File "D:\EcoTrack\.venv\Lib\site-packages\aiohttp\connector.py", line 1571, in _create_direct_connection
    hosts = await self._resolve_host(host, port, traces=traces)
            ^^^^^^^^^^^^^^^^^^^^^^^^^^^^^^^^^^^^^^^^^^^^^^^^^^^
  File "D:\EcoTrack\.venv\Lib\site-packages\aiohttp\connector.py", line 1181, in _resolve_host
    return await asyncio.shield(resolved_host_task)
           ^^^^^^^^^^^^^^^^^^^^^^^^^^^^^^^^^^^^^^^^
  File "D:\EcoTrack\.venv\Lib\site-packages\aiohttp\connector.py", line 1212, in _resolve_host_with_throttle
    addrs = await self._resolver.resolve(host, port, family=self._family)
            ^^^^^^^^^^^^^^^^^^^^^^^^^^^^^^^^^^^^^^^^^^^^^^^^^^^^^^^^^^^^^
  File "D:\EcoTrack\.venv\Lib\site-packages\aiohttp\resolver.py", line 47, in resolve
    infos = await self._loop.getaddrinfo(
            ^^^^^^^^^^^^^^^^^^^^^^^^^^^^^
  File "C:\Users\JANHAVI TUPE\AppData\Local\Programs\Python\Python311\Lib\asyncio\base_events.py", line 868, in getaddrinfo
    return await self.run_in_executor(
           ^^^^^^^^^^^^^^^^^^^^^^^^^^^
  File "C:\Users\JANHAVI TUPE\AppData\Local\Programs\Python\Python311\Lib\concurrent\futures\thread.py", line 58, in run
    result = self.fn(*self.args, **self.kwargs)
             ^^^^^^^^^^^^^^^^^^^^^^^^^^^^^^^^^^
  File "C:\Users\JANHAVI TUPE\AppData\Local\Programs\Python\Python311\Lib\socket.py", line 962, in getaddrinfo
    for res in _socket.getaddrinfo(host, port, family, type, proto, flags):
               ^^^^^^^^^^^^^^^^^^^^^^^^^^^^^^^^^^^^^^^^^^^^^^^^^^^^^^^^^^^
socket.gaierror: [Errno 11001] getaddrinfo failed

The above exception was the direct cause of the following exception:

Traceback (most recent call last):
  File "D:\EcoTrack\.venv\Lib\site-packages\fsspec\implementations\http.py", line 447, in _info
    await _file_info(
  File "D:\EcoTrack\.venv\Lib\site-packages\fsspec\implementations\http.py", line 861, in _file_info
    r = await session.get(url, allow_redirects=ar, **kwargs)
        ^^^^^^^^^^^^^^^^^^^^^^^^^^^^^^^^^^^^^^^^^^^^^^^^^^^^
  File "D:\EcoTrack\.venv\Lib\site-packages\aiohttp\client.py", line 858, in _request
    resp = await handler(req)
           ^^^^^^^^^^^^^^^^^^
  File "D:\EcoTrack\.venv\Lib\site-packages\aiohttp\client.py", line 812, in _connect_and_send_request
    conn = await self._connector.connect(
           ^^^^^^^^^^^^^^^^^^^^^^^^^^^^^^
  File "D:\EcoTrack\.venv\Lib\site-packages\aiohttp\connector.py", line 657, in connect
    proto = await self._create_connection(req, traces, timeout)
            ^^^^^^^^^^^^^^^^^^^^^^^^^^^^^^^^^^^^^^^^^^^^^^^^^^^
  File "D:\EcoTrack\.venv\Lib\site-packages\aiohttp\connector.py", line 1242, in _create_connection
    _, proto = await self._create_direct_connection(req, traces, timeout)
               ^^^^^^^^^^^^^^^^^^^^^^^^^^^^^^^^^^^^^^^^^^^^^^^^^^^^^^^^^^
  File "D:\EcoTrack\.venv\Lib\site-packages\aiohttp\connector.py", line 1577, in _create_direct_connection
    raise ClientConnectorDNSError(req.connection_key, exc) from exc
aiohttp.client_exceptions.ClientConnectorDNSError: Cannot connect to host data.gesdisc.earthdata.nasa.gov:443 ssl:default [getaddrinfo failed]

The above exception was the direct cause of the following exception:

Traceback (most recent call last):
  File "D:\EcoTrack\.venv\Lib\site-packages\earthaccess\store.py", line 987, in _open_urls_https
    return _open_files(
           ^^^^^^^^^^^^
  File "D:\EcoTrack\.venv\Lib\site-packages\earthaccess\store.py", line 150, in _open_files
    return pqdm(
           ^^^^^
  File "D:\EcoTrack\.venv\Lib\site-packages\pqdm\threads.py", line 22, in pqdm
    return _parallel_process(
           ^^^^^^^^^^^^^^^^^^
  File "D:\EcoTrack\.venv\Lib\site-packages\pqdm\_base.py", line 79, in _parallel_process
    raise e
  File "D:\EcoTrack\.venv\Lib\site-packages\pqdm\_base.py", line 76, in _parallel_process
    results.append(future.result())
                   ^^^^^^^^^^^^^^^
  File "C:\Users\JANHAVI TUPE\AppData\Local\Programs\Python\Python311\Lib\concurrent\futures\_base.py", line 449, in result
    return self.__get_result()
           ^^^^^^^^^^^^^^^^^^^
  File "C:\Users\JANHAVI TUPE\AppData\Local\Programs\Python\Python311\Lib\concurrent\futures\_base.py", line 401, in __get_result
    raise self._exception
  File "C:\Users\JANHAVI TUPE\AppData\Local\Programs\Python\Python311\Lib\concurrent\futures\thread.py", line 58, in run
    result = self.fn(*self.args, **self.kwargs)
             ^^^^^^^^^^^^^^^^^^^^^^^^^^^^^^^^^^
  File "D:\EcoTrack\.venv\Lib\site-packages\earthaccess\store.py", line 137, in multi_thread_open
    f_size = fs.info(url)["size"]
             ^^^^^^^^^^^^
  File "D:\EcoTrack\.venv\Lib\site-packages\fsspec\asyn.py", line 217, in wrapper
    return sync(self.loop, func, *args, **kwargs)
           ^^^^^^^^^^^^^^^^^^^^^^^^^^^^^^^^^^^^^^
  File "D:\EcoTrack\.venv\Lib\site-packages\fsspec\asyn.py", line 106, in sync
    raise return_result
  File "D:\EcoTrack\.venv\Lib\site-packages\fsspec\asyn.py", line 59, in _runner
    result[0] = await coro
                ^^^^^^^^^^
  File "D:\EcoTrack\.venv\Lib\site-packages\fsspec\implementations\http.py", line 460, in _info
    raise FileNotFoundError(url) from exc
FileNotFoundError: https://data.gesdisc.earthdata.nasa.gov/data/OCO2_DATA/OCO2_L2_Lite_FP.11.3r/2024/oco2_LtCO2_240319_B11300Ar_260528192433s.nc4
  [1075/1148] 2024-03-19 FAILED (FileNotFoundError: https://data.gesdisc.earthdata.nasa.gov/data/OCO2_DATA/OCO2_L2_Lite_FP.11.3r/2024/oco2_LtCO2_240319_B11300Ar_260528192433s.nc4) — will retry next run
An exception occurred while trying to access remote files via HTTPS
Traceback (most recent call last):
  File "D:\EcoTrack\.venv\Lib\site-packages\aiohttp\connector.py", line 1571, in _create_direct_connection
    hosts = await self._resolve_host(host, port, traces=traces)
            ^^^^^^^^^^^^^^^^^^^^^^^^^^^^^^^^^^^^^^^^^^^^^^^^^^^
  File "D:\EcoTrack\.venv\Lib\site-packages\aiohttp\connector.py", line 1181, in _resolve_host
    return await asyncio.shield(resolved_host_task)
           ^^^^^^^^^^^^^^^^^^^^^^^^^^^^^^^^^^^^^^^^
  File "D:\EcoTrack\.venv\Lib\site-packages\aiohttp\connector.py", line 1212, in _resolve_host_with_throttle
    addrs = await self._resolver.resolve(host, port, family=self._family)
            ^^^^^^^^^^^^^^^^^^^^^^^^^^^^^^^^^^^^^^^^^^^^^^^^^^^^^^^^^^^^^
  File "D:\EcoTrack\.venv\Lib\site-packages\aiohttp\resolver.py", line 47, in resolve
    infos = await self._loop.getaddrinfo(
            ^^^^^^^^^^^^^^^^^^^^^^^^^^^^^
  File "C:\Users\JANHAVI TUPE\AppData\Local\Programs\Python\Python311\Lib\asyncio\base_events.py", line 868, in getaddrinfo
    return await self.run_in_executor(
           ^^^^^^^^^^^^^^^^^^^^^^^^^^^
  File "C:\Users\JANHAVI TUPE\AppData\Local\Programs\Python\Python311\Lib\concurrent\futures\thread.py", line 58, in run
    result = self.fn(*self.args, **self.kwargs)
             ^^^^^^^^^^^^^^^^^^^^^^^^^^^^^^^^^^
  File "C:\Users\JANHAVI TUPE\AppData\Local\Programs\Python\Python311\Lib\socket.py", line 962, in getaddrinfo
    for res in _socket.getaddrinfo(host, port, family, type, proto, flags):
               ^^^^^^^^^^^^^^^^^^^^^^^^^^^^^^^^^^^^^^^^^^^^^^^^^^^^^^^^^^^
socket.gaierror: [Errno 11001] getaddrinfo failed

The above exception was the direct cause of the following exception:

Traceback (most recent call last):
  File "D:\EcoTrack\.venv\Lib\site-packages\fsspec\implementations\http.py", line 447, in _info
    await _file_info(
  File "D:\EcoTrack\.venv\Lib\site-packages\fsspec\implementations\http.py", line 861, in _file_info
    r = await session.get(url, allow_redirects=ar, **kwargs)
        ^^^^^^^^^^^^^^^^^^^^^^^^^^^^^^^^^^^^^^^^^^^^^^^^^^^^
  File "D:\EcoTrack\.venv\Lib\site-packages\aiohttp\client.py", line 858, in _request
    resp = await handler(req)
           ^^^^^^^^^^^^^^^^^^
  File "D:\EcoTrack\.venv\Lib\site-packages\aiohttp\client.py", line 812, in _connect_and_send_request
    conn = await self._connector.connect(
           ^^^^^^^^^^^^^^^^^^^^^^^^^^^^^^
  File "D:\EcoTrack\.venv\Lib\site-packages\aiohttp\connector.py", line 657, in connect
    proto = await self._create_connection(req, traces, timeout)
            ^^^^^^^^^^^^^^^^^^^^^^^^^^^^^^^^^^^^^^^^^^^^^^^^^^^
  File "D:\EcoTrack\.venv\Lib\site-packages\aiohttp\connector.py", line 1242, in _create_connection
    _, proto = await self._create_direct_connection(req, traces, timeout)
               ^^^^^^^^^^^^^^^^^^^^^^^^^^^^^^^^^^^^^^^^^^^^^^^^^^^^^^^^^^
  File "D:\EcoTrack\.venv\Lib\site-packages\aiohttp\connector.py", line 1577, in _create_direct_connection
    raise ClientConnectorDNSError(req.connection_key, exc) from exc
aiohttp.client_exceptions.ClientConnectorDNSError: Cannot connect to host data.gesdisc.earthdata.nasa.gov:443 ssl:default [getaddrinfo failed]

The above exception was the direct cause of the following exception:

Traceback (most recent call last):
  File "D:\EcoTrack\.venv\Lib\site-packages\earthaccess\store.py", line 987, in _open_urls_https
    return _open_files(
           ^^^^^^^^^^^^
  File "D:\EcoTrack\.venv\Lib\site-packages\earthaccess\store.py", line 150, in _open_files
    return pqdm(
           ^^^^^
  File "D:\EcoTrack\.venv\Lib\site-packages\pqdm\threads.py", line 22, in pqdm
    return _parallel_process(
           ^^^^^^^^^^^^^^^^^^
  File "D:\EcoTrack\.venv\Lib\site-packages\pqdm\_base.py", line 79, in _parallel_process
    raise e
  File "D:\EcoTrack\.venv\Lib\site-packages\pqdm\_base.py", line 76, in _parallel_process
    results.append(future.result())
                   ^^^^^^^^^^^^^^^
  File "C:\Users\JANHAVI TUPE\AppData\Local\Programs\Python\Python311\Lib\concurrent\futures\_base.py", line 449, in result
    return self.__get_result()
           ^^^^^^^^^^^^^^^^^^^
  File "C:\Users\JANHAVI TUPE\AppData\Local\Programs\Python\Python311\Lib\concurrent\futures\_base.py", line 401, in __get_result
    raise self._exception
  File "C:\Users\JANHAVI TUPE\AppData\Local\Programs\Python\Python311\Lib\concurrent\futures\thread.py", line 58, in run
    result = self.fn(*self.args, **self.kwargs)
             ^^^^^^^^^^^^^^^^^^^^^^^^^^^^^^^^^^
  File "D:\EcoTrack\.venv\Lib\site-packages\earthaccess\store.py", line 137, in multi_thread_open
    f_size = fs.info(url)["size"]
             ^^^^^^^^^^^^
  File "D:\EcoTrack\.venv\Lib\site-packages\fsspec\asyn.py", line 217, in wrapper
    return sync(self.loop, func, *args, **kwargs)
           ^^^^^^^^^^^^^^^^^^^^^^^^^^^^^^^^^^^^^^
  File "D:\EcoTrack\.venv\Lib\site-packages\fsspec\asyn.py", line 106, in sync
    raise return_result
  File "D:\EcoTrack\.venv\Lib\site-packages\fsspec\asyn.py", line 59, in _runner
    result[0] = await coro
                ^^^^^^^^^^
  File "D:\EcoTrack\.venv\Lib\site-packages\fsspec\implementations\http.py", line 460, in _info
    raise FileNotFoundError(url) from exc
FileNotFoundError: https://data.gesdisc.earthdata.nasa.gov/data/OCO2_DATA/OCO2_L2_Lite_FP.11.3r/2024/oco2_LtCO2_240320_B11300Ar_260528192515s.nc4
  [1076/1148] 2024-03-20 FAILED (FileNotFoundError: https://data.gesdisc.earthdata.nasa.gov/data/OCO2_DATA/OCO2_L2_Lite_FP.11.3r/2024/oco2_LtCO2_240320_B11300Ar_260528192515s.nc4) — will retry next run
An exception occurred while trying to access remote files via HTTPS
Traceback (most recent call last):
  File "D:\EcoTrack\.venv\Lib\site-packages\aiohttp\connector.py", line 1571, in _create_direct_connection
    hosts = await self._resolve_host(host, port, traces=traces)
            ^^^^^^^^^^^^^^^^^^^^^^^^^^^^^^^^^^^^^^^^^^^^^^^^^^^
  File "D:\EcoTrack\.venv\Lib\site-packages\aiohttp\connector.py", line 1181, in _resolve_host
    return await asyncio.shield(resolved_host_task)
           ^^^^^^^^^^^^^^^^^^^^^^^^^^^^^^^^^^^^^^^^
  File "D:\EcoTrack\.venv\Lib\site-packages\aiohttp\connector.py", line 1212, in _resolve_host_with_throttle
    addrs = await self._resolver.resolve(host, port, family=self._family)
            ^^^^^^^^^^^^^^^^^^^^^^^^^^^^^^^^^^^^^^^^^^^^^^^^^^^^^^^^^^^^^
  File "D:\EcoTrack\.venv\Lib\site-packages\aiohttp\resolver.py", line 47, in resolve
    infos = await self._loop.getaddrinfo(
            ^^^^^^^^^^^^^^^^^^^^^^^^^^^^^
  File "C:\Users\JANHAVI TUPE\AppData\Local\Programs\Python\Python311\Lib\asyncio\base_events.py", line 868, in getaddrinfo
    return await self.run_in_executor(
           ^^^^^^^^^^^^^^^^^^^^^^^^^^^
  File "C:\Users\JANHAVI TUPE\AppData\Local\Programs\Python\Python311\Lib\concurrent\futures\thread.py", line 58, in run
    result = self.fn(*self.args, **self.kwargs)
             ^^^^^^^^^^^^^^^^^^^^^^^^^^^^^^^^^^
  File "C:\Users\JANHAVI TUPE\AppData\Local\Programs\Python\Python311\Lib\socket.py", line 962, in getaddrinfo
    for res in _socket.getaddrinfo(host, port, family, type, proto, flags):
               ^^^^^^^^^^^^^^^^^^^^^^^^^^^^^^^^^^^^^^^^^^^^^^^^^^^^^^^^^^^
socket.gaierror: [Errno 11001] getaddrinfo failed

The above exception was the direct cause of the following exception:

Traceback (most recent call last):
  File "D:\EcoTrack\.venv\Lib\site-packages\fsspec\implementations\http.py", line 447, in _info
    await _file_info(
  File "D:\EcoTrack\.venv\Lib\site-packages\fsspec\implementations\http.py", line 861, in _file_info
    r = await session.get(url, allow_redirects=ar, **kwargs)
        ^^^^^^^^^^^^^^^^^^^^^^^^^^^^^^^^^^^^^^^^^^^^^^^^^^^^
  File "D:\EcoTrack\.venv\Lib\site-packages\aiohttp\client.py", line 858, in _request
    resp = await handler(req)
           ^^^^^^^^^^^^^^^^^^
  File "D:\EcoTrack\.venv\Lib\site-packages\aiohttp\client.py", line 812, in _connect_and_send_request
    conn = await self._connector.connect(
           ^^^^^^^^^^^^^^^^^^^^^^^^^^^^^^
  File "D:\EcoTrack\.venv\Lib\site-packages\aiohttp\connector.py", line 657, in connect
    proto = await self._create_connection(req, traces, timeout)
            ^^^^^^^^^^^^^^^^^^^^^^^^^^^^^^^^^^^^^^^^^^^^^^^^^^^
  File "D:\EcoTrack\.venv\Lib\site-packages\aiohttp\connector.py", line 1242, in _create_connection
    _, proto = await self._create_direct_connection(req, traces, timeout)
               ^^^^^^^^^^^^^^^^^^^^^^^^^^^^^^^^^^^^^^^^^^^^^^^^^^^^^^^^^^
  File "D:\EcoTrack\.venv\Lib\site-packages\aiohttp\connector.py", line 1577, in _create_direct_connection
    raise ClientConnectorDNSError(req.connection_key, exc) from exc
aiohttp.client_exceptions.ClientConnectorDNSError: Cannot connect to host data.gesdisc.earthdata.nasa.gov:443 ssl:default [getaddrinfo failed]

The above exception was the direct cause of the following exception:

Traceback (most recent call last):
  File "D:\EcoTrack\.venv\Lib\site-packages\earthaccess\store.py", line 987, in _open_urls_https
    return _open_files(
           ^^^^^^^^^^^^
  File "D:\EcoTrack\.venv\Lib\site-packages\earthaccess\store.py", line 150, in _open_files
    return pqdm(
           ^^^^^
  File "D:\EcoTrack\.venv\Lib\site-packages\pqdm\threads.py", line 22, in pqdm
    return _parallel_process(
           ^^^^^^^^^^^^^^^^^^
  File "D:\EcoTrack\.venv\Lib\site-packages\pqdm\_base.py", line 79, in _parallel_process
    raise e
  File "D:\EcoTrack\.venv\Lib\site-packages\pqdm\_base.py", line 76, in _parallel_process
    results.append(future.result())
                   ^^^^^^^^^^^^^^^
  File "C:\Users\JANHAVI TUPE\AppData\Local\Programs\Python\Python311\Lib\concurrent\futures\_base.py", line 449, in result
    return self.__get_result()
           ^^^^^^^^^^^^^^^^^^^
  File "C:\Users\JANHAVI TUPE\AppData\Local\Programs\Python\Python311\Lib\concurrent\futures\_base.py", line 401, in __get_result
    raise self._exception
  File "C:\Users\JANHAVI TUPE\AppData\Local\Programs\Python\Python311\Lib\concurrent\futures\thread.py", line 58, in run
    result = self.fn(*self.args, **self.kwargs)
             ^^^^^^^^^^^^^^^^^^^^^^^^^^^^^^^^^^
  File "D:\EcoTrack\.venv\Lib\site-packages\earthaccess\store.py", line 137, in multi_thread_open
    f_size = fs.info(url)["size"]
             ^^^^^^^^^^^^
  File "D:\EcoTrack\.venv\Lib\site-packages\fsspec\asyn.py", line 217, in wrapper
    return sync(self.loop, func, *args, **kwargs)
           ^^^^^^^^^^^^^^^^^^^^^^^^^^^^^^^^^^^^^^
  File "D:\EcoTrack\.venv\Lib\site-packages\fsspec\asyn.py", line 106, in sync
    raise return_result
  File "D:\EcoTrack\.venv\Lib\site-packages\fsspec\asyn.py", line 59, in _runner
    result[0] = await coro
                ^^^^^^^^^^
  File "D:\EcoTrack\.venv\Lib\site-packages\fsspec\implementations\http.py", line 460, in _info
    raise FileNotFoundError(url) from exc
FileNotFoundError: https://data.gesdisc.earthdata.nasa.gov/data/OCO2_DATA/OCO2_L2_Lite_FP.11.3r/2024/oco2_LtCO2_240321_B11300Ar_260528192603s.nc4
  [1077/1148] 2024-03-21 FAILED (FileNotFoundError: https://data.gesdisc.earthdata.nasa.gov/data/OCO2_DATA/OCO2_L2_Lite_FP.11.3r/2024/oco2_LtCO2_240321_B11300Ar_260528192603s.nc4) — will retry next run
An exception occurred while trying to access remote files via HTTPS
Traceback (most recent call last):
  File "D:\EcoTrack\.venv\Lib\site-packages\aiohttp\connector.py", line 1571, in _create_direct_connection
    hosts = await self._resolve_host(host, port, traces=traces)
            ^^^^^^^^^^^^^^^^^^^^^^^^^^^^^^^^^^^^^^^^^^^^^^^^^^^
  File "D:\EcoTrack\.venv\Lib\site-packages\aiohttp\connector.py", line 1181, in _resolve_host
    return await asyncio.shield(resolved_host_task)
           ^^^^^^^^^^^^^^^^^^^^^^^^^^^^^^^^^^^^^^^^
  File "D:\EcoTrack\.venv\Lib\site-packages\aiohttp\connector.py", line 1212, in _resolve_host_with_throttle
    addrs = await self._resolver.resolve(host, port, family=self._family)
            ^^^^^^^^^^^^^^^^^^^^^^^^^^^^^^^^^^^^^^^^^^^^^^^^^^^^^^^^^^^^^
  File "D:\EcoTrack\.venv\Lib\site-packages\aiohttp\resolver.py", line 47, in resolve
    infos = await self._loop.getaddrinfo(
            ^^^^^^^^^^^^^^^^^^^^^^^^^^^^^
  File "C:\Users\JANHAVI TUPE\AppData\Local\Programs\Python\Python311\Lib\asyncio\base_events.py", line 868, in getaddrinfo
    return await self.run_in_executor(
           ^^^^^^^^^^^^^^^^^^^^^^^^^^^
  File "C:\Users\JANHAVI TUPE\AppData\Local\Programs\Python\Python311\Lib\concurrent\futures\thread.py", line 58, in run
    result = self.fn(*self.args, **self.kwargs)
             ^^^^^^^^^^^^^^^^^^^^^^^^^^^^^^^^^^
  File "C:\Users\JANHAVI TUPE\AppData\Local\Programs\Python\Python311\Lib\socket.py", line 962, in getaddrinfo
    for res in _socket.getaddrinfo(host, port, family, type, proto, flags):
               ^^^^^^^^^^^^^^^^^^^^^^^^^^^^^^^^^^^^^^^^^^^^^^^^^^^^^^^^^^^
socket.gaierror: [Errno 11001] getaddrinfo failed

The above exception was the direct cause of the following exception:

Traceback (most recent call last):
  File "D:\EcoTrack\.venv\Lib\site-packages\fsspec\implementations\http.py", line 447, in _info
    await _file_info(
  File "D:\EcoTrack\.venv\Lib\site-packages\fsspec\implementations\http.py", line 861, in _file_info
    r = await session.get(url, allow_redirects=ar, **kwargs)
        ^^^^^^^^^^^^^^^^^^^^^^^^^^^^^^^^^^^^^^^^^^^^^^^^^^^^
  File "D:\EcoTrack\.venv\Lib\site-packages\aiohttp\client.py", line 858, in _request
    resp = await handler(req)
           ^^^^^^^^^^^^^^^^^^
  File "D:\EcoTrack\.venv\Lib\site-packages\aiohttp\client.py", line 812, in _connect_and_send_request
    conn = await self._connector.connect(
           ^^^^^^^^^^^^^^^^^^^^^^^^^^^^^^
  File "D:\EcoTrack\.venv\Lib\site-packages\aiohttp\connector.py", line 657, in connect
    proto = await self._create_connection(req, traces, timeout)
            ^^^^^^^^^^^^^^^^^^^^^^^^^^^^^^^^^^^^^^^^^^^^^^^^^^^
  File "D:\EcoTrack\.venv\Lib\site-packages\aiohttp\connector.py", line 1242, in _create_connection
    _, proto = await self._create_direct_connection(req, traces, timeout)
               ^^^^^^^^^^^^^^^^^^^^^^^^^^^^^^^^^^^^^^^^^^^^^^^^^^^^^^^^^^
  File "D:\EcoTrack\.venv\Lib\site-packages\aiohttp\connector.py", line 1577, in _create_direct_connection
    raise ClientConnectorDNSError(req.connection_key, exc) from exc
aiohttp.client_exceptions.ClientConnectorDNSError: Cannot connect to host data.gesdisc.earthdata.nasa.gov:443 ssl:default [getaddrinfo failed]

The above exception was the direct cause of the following exception:

Traceback (most recent call last):
  File "D:\EcoTrack\.venv\Lib\site-packages\earthaccess\store.py", line 987, in _open_urls_https
    return _open_files(
           ^^^^^^^^^^^^
  File "D:\EcoTrack\.venv\Lib\site-packages\earthaccess\store.py", line 150, in _open_files
    return pqdm(
           ^^^^^
  File "D:\EcoTrack\.venv\Lib\site-packages\pqdm\threads.py", line 22, in pqdm
    return _parallel_process(
           ^^^^^^^^^^^^^^^^^^
  File "D:\EcoTrack\.venv\Lib\site-packages\pqdm\_base.py", line 79, in _parallel_process
    raise e
  File "D:\EcoTrack\.venv\Lib\site-packages\pqdm\_base.py", line 76, in _parallel_process
    results.append(future.result())
                   ^^^^^^^^^^^^^^^
  File "C:\Users\JANHAVI TUPE\AppData\Local\Programs\Python\Python311\Lib\concurrent\futures\_base.py", line 449, in result
    return self.__get_result()
           ^^^^^^^^^^^^^^^^^^^
  File "C:\Users\JANHAVI TUPE\AppData\Local\Programs\Python\Python311\Lib\concurrent\futures\_base.py", line 401, in __get_result
    raise self._exception
  File "C:\Users\JANHAVI TUPE\AppData\Local\Programs\Python\Python311\Lib\concurrent\futures\thread.py", line 58, in run
    result = self.fn(*self.args, **self.kwargs)
             ^^^^^^^^^^^^^^^^^^^^^^^^^^^^^^^^^^
  File "D:\EcoTrack\.venv\Lib\site-packages\earthaccess\store.py", line 137, in multi_thread_open
    f_size = fs.info(url)["size"]
             ^^^^^^^^^^^^
  File "D:\EcoTrack\.venv\Lib\site-packages\fsspec\asyn.py", line 217, in wrapper
    return sync(self.loop, func, *args, **kwargs)
           ^^^^^^^^^^^^^^^^^^^^^^^^^^^^^^^^^^^^^^
  File "D:\EcoTrack\.venv\Lib\site-packages\fsspec\asyn.py", line 106, in sync
    raise return_result
  File "D:\EcoTrack\.venv\Lib\site-packages\fsspec\asyn.py", line 59, in _runner
    result[0] = await coro
                ^^^^^^^^^^
  File "D:\EcoTrack\.venv\Lib\site-packages\fsspec\implementations\http.py", line 460, in _info
    raise FileNotFoundError(url) from exc
FileNotFoundError: https://data.gesdisc.earthdata.nasa.gov/data/OCO2_DATA/OCO2_L2_Lite_FP.11.3r/2024/oco2_LtCO2_240322_B11300Ar_260528192643s.nc4
  [1078/1148] 2024-03-22 FAILED (FileNotFoundError: https://data.gesdisc.earthdata.nasa.gov/data/OCO2_DATA/OCO2_L2_Lite_FP.11.3r/2024/oco2_LtCO2_240322_B11300Ar_260528192643s.nc4) — will retry next run
An exception occurred while trying to access remote files via HTTPS
Traceback (most recent call last):
  File "D:\EcoTrack\.venv\Lib\site-packages\aiohttp\connector.py", line 1571, in _create_direct_connection
    hosts = await self._resolve_host(host, port, traces=traces)
            ^^^^^^^^^^^^^^^^^^^^^^^^^^^^^^^^^^^^^^^^^^^^^^^^^^^
  File "D:\EcoTrack\.venv\Lib\site-packages\aiohttp\connector.py", line 1181, in _resolve_host
    return await asyncio.shield(resolved_host_task)
           ^^^^^^^^^^^^^^^^^^^^^^^^^^^^^^^^^^^^^^^^
  File "D:\EcoTrack\.venv\Lib\site-packages\aiohttp\connector.py", line 1212, in _resolve_host_with_throttle
    addrs = await self._resolver.resolve(host, port, family=self._family)
            ^^^^^^^^^^^^^^^^^^^^^^^^^^^^^^^^^^^^^^^^^^^^^^^^^^^^^^^^^^^^^
  File "D:\EcoTrack\.venv\Lib\site-packages\aiohttp\resolver.py", line 47, in resolve
    infos = await self._loop.getaddrinfo(
            ^^^^^^^^^^^^^^^^^^^^^^^^^^^^^
  File "C:\Users\JANHAVI TUPE\AppData\Local\Programs\Python\Python311\Lib\asyncio\base_events.py", line 868, in getaddrinfo
    return await self.run_in_executor(
           ^^^^^^^^^^^^^^^^^^^^^^^^^^^
  File "C:\Users\JANHAVI TUPE\AppData\Local\Programs\Python\Python311\Lib\concurrent\futures\thread.py", line 58, in run
    result = self.fn(*self.args, **self.kwargs)
             ^^^^^^^^^^^^^^^^^^^^^^^^^^^^^^^^^^
  File "C:\Users\JANHAVI TUPE\AppData\Local\Programs\Python\Python311\Lib\socket.py", line 962, in getaddrinfo
    for res in _socket.getaddrinfo(host, port, family, type, proto, flags):
               ^^^^^^^^^^^^^^^^^^^^^^^^^^^^^^^^^^^^^^^^^^^^^^^^^^^^^^^^^^^
socket.gaierror: [Errno 11001] getaddrinfo failed

The above exception was the direct cause of the following exception:

Traceback (most recent call last):
  File "D:\EcoTrack\.venv\Lib\site-packages\fsspec\implementations\http.py", line 447, in _info
    await _file_info(
  File "D:\EcoTrack\.venv\Lib\site-packages\fsspec\implementations\http.py", line 861, in _file_info
    r = await session.get(url, allow_redirects=ar, **kwargs)
        ^^^^^^^^^^^^^^^^^^^^^^^^^^^^^^^^^^^^^^^^^^^^^^^^^^^^
  File "D:\EcoTrack\.venv\Lib\site-packages\aiohttp\client.py", line 858, in _request
    resp = await handler(req)
           ^^^^^^^^^^^^^^^^^^
  File "D:\EcoTrack\.venv\Lib\site-packages\aiohttp\client.py", line 812, in _connect_and_send_request
    conn = await self._connector.connect(
           ^^^^^^^^^^^^^^^^^^^^^^^^^^^^^^
  File "D:\EcoTrack\.venv\Lib\site-packages\aiohttp\connector.py", line 657, in connect
    proto = await self._create_connection(req, traces, timeout)
            ^^^^^^^^^^^^^^^^^^^^^^^^^^^^^^^^^^^^^^^^^^^^^^^^^^^
  File "D:\EcoTrack\.venv\Lib\site-packages\aiohttp\connector.py", line 1242, in _create_connection
    _, proto = await self._create_direct_connection(req, traces, timeout)
               ^^^^^^^^^^^^^^^^^^^^^^^^^^^^^^^^^^^^^^^^^^^^^^^^^^^^^^^^^^
  File "D:\EcoTrack\.venv\Lib\site-packages\aiohttp\connector.py", line 1577, in _create_direct_connection
    raise ClientConnectorDNSError(req.connection_key, exc) from exc
aiohttp.client_exceptions.ClientConnectorDNSError: Cannot connect to host data.gesdisc.earthdata.nasa.gov:443 ssl:default [getaddrinfo failed]

The above exception was the direct cause of the following exception:

Traceback (most recent call last):
  File "D:\EcoTrack\.venv\Lib\site-packages\earthaccess\store.py", line 987, in _open_urls_https
    return _open_files(
           ^^^^^^^^^^^^
  File "D:\EcoTrack\.venv\Lib\site-packages\earthaccess\store.py", line 150, in _open_files
    return pqdm(
           ^^^^^
  File "D:\EcoTrack\.venv\Lib\site-packages\pqdm\threads.py", line 22, in pqdm
    return _parallel_process(
           ^^^^^^^^^^^^^^^^^^
  File "D:\EcoTrack\.venv\Lib\site-packages\pqdm\_base.py", line 79, in _parallel_process
    raise e
  File "D:\EcoTrack\.venv\Lib\site-packages\pqdm\_base.py", line 76, in _parallel_process
    results.append(future.result())
                   ^^^^^^^^^^^^^^^
  File "C:\Users\JANHAVI TUPE\AppData\Local\Programs\Python\Python311\Lib\concurrent\futures\_base.py", line 449, in result
    return self.__get_result()
           ^^^^^^^^^^^^^^^^^^^
  File "C:\Users\JANHAVI TUPE\AppData\Local\Programs\Python\Python311\Lib\concurrent\futures\_base.py", line 401, in __get_result
    raise self._exception
  File "C:\Users\JANHAVI TUPE\AppData\Local\Programs\Python\Python311\Lib\concurrent\futures\thread.py", line 58, in run
    result = self.fn(*self.args, **self.kwargs)
             ^^^^^^^^^^^^^^^^^^^^^^^^^^^^^^^^^^
  File "D:\EcoTrack\.venv\Lib\site-packages\earthaccess\store.py", line 137, in multi_thread_open
    f_size = fs.info(url)["size"]
             ^^^^^^^^^^^^
  File "D:\EcoTrack\.venv\Lib\site-packages\fsspec\asyn.py", line 217, in wrapper
    return sync(self.loop, func, *args, **kwargs)
           ^^^^^^^^^^^^^^^^^^^^^^^^^^^^^^^^^^^^^^
  File "D:\EcoTrack\.venv\Lib\site-packages\fsspec\asyn.py", line 106, in sync
    raise return_result
  File "D:\EcoTrack\.venv\Lib\site-packages\fsspec\asyn.py", line 59, in _runner
    result[0] = await coro
                ^^^^^^^^^^
  File "D:\EcoTrack\.venv\Lib\site-packages\fsspec\implementations\http.py", line 460, in _info
    raise FileNotFoundError(url) from exc
FileNotFoundError: https://data.gesdisc.earthdata.nasa.gov/data/OCO2_DATA/OCO2_L2_Lite_FP.11.3r/2024/oco2_LtCO2_240323_B11300Ar_260528192725s.nc4
  [1079/1148] 2024-03-23 FAILED (FileNotFoundError: https://data.gesdisc.earthdata.nasa.gov/data/OCO2_DATA/OCO2_L2_Lite_FP.11.3r/2024/oco2_LtCO2_240323_B11300Ar_260528192725s.nc4) — will retry next run
An exception occurred while trying to access remote files via HTTPS
Traceback (most recent call last):
  File "D:\EcoTrack\.venv\Lib\site-packages\aiohttp\connector.py", line 1571, in _create_direct_connection
    hosts = await self._resolve_host(host, port, traces=traces)
            ^^^^^^^^^^^^^^^^^^^^^^^^^^^^^^^^^^^^^^^^^^^^^^^^^^^
  File "D:\EcoTrack\.venv\Lib\site-packages\aiohttp\connector.py", line 1181, in _resolve_host
    return await asyncio.shield(resolved_host_task)
           ^^^^^^^^^^^^^^^^^^^^^^^^^^^^^^^^^^^^^^^^
  File "D:\EcoTrack\.venv\Lib\site-packages\aiohttp\connector.py", line 1212, in _resolve_host_with_throttle
    addrs = await self._resolver.resolve(host, port, family=self._family)
            ^^^^^^^^^^^^^^^^^^^^^^^^^^^^^^^^^^^^^^^^^^^^^^^^^^^^^^^^^^^^^
  File "D:\EcoTrack\.venv\Lib\site-packages\aiohttp\resolver.py", line 47, in resolve
    infos = await self._loop.getaddrinfo(
            ^^^^^^^^^^^^^^^^^^^^^^^^^^^^^
  File "C:\Users\JANHAVI TUPE\AppData\Local\Programs\Python\Python311\Lib\asyncio\base_events.py", line 868, in getaddrinfo
    return await self.run_in_executor(
           ^^^^^^^^^^^^^^^^^^^^^^^^^^^
  File "C:\Users\JANHAVI TUPE\AppData\Local\Programs\Python\Python311\Lib\concurrent\futures\thread.py", line 58, in run
    result = self.fn(*self.args, **self.kwargs)
             ^^^^^^^^^^^^^^^^^^^^^^^^^^^^^^^^^^
  File "C:\Users\JANHAVI TUPE\AppData\Local\Programs\Python\Python311\Lib\socket.py", line 962, in getaddrinfo
    for res in _socket.getaddrinfo(host, port, family, type, proto, flags):
               ^^^^^^^^^^^^^^^^^^^^^^^^^^^^^^^^^^^^^^^^^^^^^^^^^^^^^^^^^^^
socket.gaierror: [Errno 11001] getaddrinfo failed

The above exception was the direct cause of the following exception:

Traceback (most recent call last):
  File "D:\EcoTrack\.venv\Lib\site-packages\fsspec\implementations\http.py", line 447, in _info
    await _file_info(
  File "D:\EcoTrack\.venv\Lib\site-packages\fsspec\implementations\http.py", line 861, in _file_info
    r = await session.get(url, allow_redirects=ar, **kwargs)
        ^^^^^^^^^^^^^^^^^^^^^^^^^^^^^^^^^^^^^^^^^^^^^^^^^^^^
  File "D:\EcoTrack\.venv\Lib\site-packages\aiohttp\client.py", line 858, in _request
    resp = await handler(req)
           ^^^^^^^^^^^^^^^^^^
  File "D:\EcoTrack\.venv\Lib\site-packages\aiohttp\client.py", line 812, in _connect_and_send_request
    conn = await self._connector.connect(
           ^^^^^^^^^^^^^^^^^^^^^^^^^^^^^^
  File "D:\EcoTrack\.venv\Lib\site-packages\aiohttp\connector.py", line 657, in connect
    proto = await self._create_connection(req, traces, timeout)
            ^^^^^^^^^^^^^^^^^^^^^^^^^^^^^^^^^^^^^^^^^^^^^^^^^^^
  File "D:\EcoTrack\.venv\Lib\site-packages\aiohttp\connector.py", line 1242, in _create_connection
    _, proto = await self._create_direct_connection(req, traces, timeout)
               ^^^^^^^^^^^^^^^^^^^^^^^^^^^^^^^^^^^^^^^^^^^^^^^^^^^^^^^^^^
  File "D:\EcoTrack\.venv\Lib\site-packages\aiohttp\connector.py", line 1577, in _create_direct_connection
    raise ClientConnectorDNSError(req.connection_key, exc) from exc
aiohttp.client_exceptions.ClientConnectorDNSError: Cannot connect to host data.gesdisc.earthdata.nasa.gov:443 ssl:default [getaddrinfo failed]

The above exception was the direct cause of the following exception:

Traceback (most recent call last):
  File "D:\EcoTrack\.venv\Lib\site-packages\earthaccess\store.py", line 987, in _open_urls_https
    return _open_files(
           ^^^^^^^^^^^^
  File "D:\EcoTrack\.venv\Lib\site-packages\earthaccess\store.py", line 150, in _open_files
    return pqdm(
           ^^^^^
  File "D:\EcoTrack\.venv\Lib\site-packages\pqdm\threads.py", line 22, in pqdm
    return _parallel_process(
           ^^^^^^^^^^^^^^^^^^
  File "D:\EcoTrack\.venv\Lib\site-packages\pqdm\_base.py", line 79, in _parallel_process
    raise e
  File "D:\EcoTrack\.venv\Lib\site-packages\pqdm\_base.py", line 76, in _parallel_process
    results.append(future.result())
                   ^^^^^^^^^^^^^^^
  File "C:\Users\JANHAVI TUPE\AppData\Local\Programs\Python\Python311\Lib\concurrent\futures\_base.py", line 449, in result
    return self.__get_result()
           ^^^^^^^^^^^^^^^^^^^
  File "C:\Users\JANHAVI TUPE\AppData\Local\Programs\Python\Python311\Lib\concurrent\futures\_base.py", line 401, in __get_result
    raise self._exception
  File "C:\Users\JANHAVI TUPE\AppData\Local\Programs\Python\Python311\Lib\concurrent\futures\thread.py", line 58, in run
    result = self.fn(*self.args, **self.kwargs)
             ^^^^^^^^^^^^^^^^^^^^^^^^^^^^^^^^^^
  File "D:\EcoTrack\.venv\Lib\site-packages\earthaccess\store.py", line 137, in multi_thread_open
    f_size = fs.info(url)["size"]
             ^^^^^^^^^^^^
  File "D:\EcoTrack\.venv\Lib\site-packages\fsspec\asyn.py", line 217, in wrapper
    return sync(self.loop, func, *args, **kwargs)
           ^^^^^^^^^^^^^^^^^^^^^^^^^^^^^^^^^^^^^^
  File "D:\EcoTrack\.venv\Lib\site-packages\fsspec\asyn.py", line 106, in sync
    raise return_result
  File "D:\EcoTrack\.venv\Lib\site-packages\fsspec\asyn.py", line 59, in _runner
    result[0] = await coro
                ^^^^^^^^^^
  File "D:\EcoTrack\.venv\Lib\site-packages\fsspec\implementations\http.py", line 460, in _info
    raise FileNotFoundError(url) from exc
FileNotFoundError: https://data.gesdisc.earthdata.nasa.gov/data/OCO2_DATA/OCO2_L2_Lite_FP.11.3r/2024/oco2_LtCO2_240324_B11300Ar_260528192810s.nc4
  [1080/1148] 2024-03-24 FAILED (FileNotFoundError: https://data.gesdisc.earthdata.nasa.gov/data/OCO2_DATA/OCO2_L2_Lite_FP.11.3r/2024/oco2_LtCO2_240324_B11300Ar_260528192810s.nc4) — will retry next run
  [1081/1148] 2024-03-25: 0 soundings near corridor
  [1082/1148] 2024-03-26: 0 soundings near corridor
  [1083/1148] 2024-03-27: 0 soundings near corridor
  [1084/1148] 2024-03-28: 0 soundings near corridor
  [1085/1148] 2024-03-29: 0 soundings near corridor
  [1086/1148] 2024-03-30: 0 soundings near corridor
  [1087/1148] 2024-03-31: 0 soundings near corridor
  [1088/1148] 2024-04-01: 0 soundings near corridor
  [1089/1148] 2024-04-02: 0 soundings near corridor
  [1090/1148] 2024-04-03: 0 soundings near corridor
  [1091/1148] 2024-04-04: 0 soundings near corridor
  [1092/1148] 2024-04-05: 0 soundings near corridor
  [1093/1148] 2024-04-06: 0 soundings near corridor
  [1094/1148] 2024-04-07: 0 soundings near corridor
  [1095/1148] 2024-04-08: 0 soundings near corridor
  [1096/1148] 2024-04-09: 0 soundings near corridor
  [1097/1148] 2024-04-10: 0 soundings near corridor
  [1098/1148] 2024-04-11: 0 soundings near corridor
  [1099/1148] 2024-04-12: 0 soundings near corridor
  [1100/1148] 2024-04-13: 0 soundings near corridor
  [1101/1148] 2024-04-14: 0 soundings near corridor
  [1102/1148] 2024-04-15: 0 soundings near corridor
  [1103/1148] 2024-04-16: 0 soundings near corridor
  [1104/1148] 2024-04-17: 0 soundings near corridor
  [1105/1148] 2024-04-18: 0 soundings near corridor
  [1106/1148] 2024-04-19: 0 soundings near corridor
  [1107/1148] 2024-04-20: 0 soundings near corridor
  [1108/1148] 2024-04-21: 0 soundings near corridor
  [1109/1148] 2024-04-22: 0 soundings near corridor
  [1110/1148] 2024-04-23: 0 soundings near corridor
  [1111/1148] 2024-04-24: 0 soundings near corridor
  [1112/1148] 2024-04-25: 0 soundings near corridor
  [1113/1148] 2024-04-26: 0 soundings near corridor
  [1114/1148] 2024-04-27: 0 soundings near corridor
  [1115/1148] 2024-04-28: 0 soundings near corridor
  [1116/1148] 2024-04-29: 0 soundings near corridor
  [1117/1148] 2024-04-30: 0 soundings near corridor
  [1118/1148] 2024-05-01: 0 soundings near corridor
  [1119/1148] 2024-05-02: 0 soundings near corridor
  [1120/1148] 2024-05-03: 0 soundings near corridor
  [1121/1148] 2024-05-04: 0 soundings near corridor
  [1122/1148] 2024-05-05: 0 soundings near corridor
  [1123/1148] 2024-05-06: 0 soundings near corridor
  [1124/1148] 2024-05-07: 0 soundings near corridor
  [1125/1148] 2024-05-08: 0 soundings near corridor
  [1126/1148] 2024-05-09: 0 soundings near corridor
  [1127/1148] 2024-05-10: 0 soundings near corridor
  [1128/1148] 2024-05-11: 0 soundings near corridor
  [1129/1148] 2024-05-12: 0 soundings near corridor
  [1130/1148] 2024-05-13: 0 soundings near corridor
  [1131/1148] 2024-05-14: 0 soundings near corridor
  [1132/1148] 2024-05-15: 0 soundings near corridor
  [1133/1148] 2024-05-16: 0 soundings near corridor
  [1134/1148] 2024-05-17: 0 soundings near corridor
  [1135/1148] 2024-05-18: 0 soundings near corridor
  [1136/1148] 2024-05-19: 0 soundings near corridor
  [1137/1148] 2024-05-20: 0 soundings near corridor
  [1138/1148] 2024-05-21: 0 soundings near corridor
  [1139/1148] 2024-05-22: 0 soundings near corridor
  [1140/1148] 2024-05-23: 0 soundings near corridor
  [1141/1148] 2024-05-24: 0 soundings near corridor
  [1142/1148] 2024-05-25: 0 soundings near corridor
  [1143/1148] 2024-05-26: 0 soundings near corridor
  [1144/1148] 2024-05-27: 0 soundings near corridor
  [1145/1148] 2024-05-28: 0 soundings near corridor
  [1146/1148] 2024-05-29: 0 soundings near corridor
  [1147/1148] 2024-05-30: 0 soundings near corridor
  [1148/1148] 2024-05-31: 0 soundings near corridor
{
  "product": "oco2",
  "generated": "2026-09-24T07:16:19",
  "days_scanned": 1018,
  "soundings_near_corridor_all_quality": 2134,
  "good_soundings_in_bbox": 93,
  "good_soundings_in_corridor": 62,
  "good_soundings_per_cluster": {
    "C1_shivajinagar_kasarwadi": 58,
    "C2_pcmc": 34,
    "C3_dehu_talegaon": 4
  },
  "days_with_any_good_corridor_sounding": 1,
  "usable_days_(>=20_good_in_corridor)": 1,
  "good_corridor_soundings_by_operation_mode": {
    "1": 62
  },
  "good_corridor_soundings_by_season_month": {
    "2024-01": 62
  }
}

Saved D:\EcoTrack\outputs\feasibility\g1_oco2_summary.json
Read-out guide (a judgement call, record it in docs/decisions.md):
  >= ~15 usable days  -> OCO-3 can serve as an independent validation target (label L2)
  ~5-15 usable days   -> case-study / constraint on cluster totals only
  < ~5 usable days    -> qualitative only; Experiment B reframed, try OCO-2 as well
--- first pass done, retrying failed days
OCO2_L2_Lite_FP: in-season days per version used {'11.2r': 1025, '11.3r': 152}; 1177 days total
159 granules left to scan (1018 already done)
  [1/159] 2023-05-08: 0 soundings near corridor
  [2/159] 2023-05-09: 0 soundings near corridor
  [3/159] 2023-05-10: 0 soundings near corridor
  [4/159] 2023-05-11: 0 soundings near corridor
  [5/159] 2023-05-12: 0 soundings near corridor
  [6/159] 2023-05-13: 0 soundings near corridor
  [7/159] 2023-05-14: 0 soundings near corridor
  [8/159] 2023-05-15: 0 soundings near corridor
  [9/159] 2023-05-16: 0 soundings near corridor
  [10/159] 2023-05-17: 0 soundings near corridor
  [11/159] 2023-05-18: 0 soundings near corridor
  [12/159] 2023-05-19: 0 soundings near corridor
  [13/159] 2023-05-20: 0 soundings near corridor
  [14/159] 2023-05-21: 0 soundings near corridor
  [15/159] 2023-05-22: 0 soundings near corridor
  [16/159] 2023-05-23: 0 soundings near corridor
  [17/159] 2023-05-24: 0 soundings near corridor
  [18/159] 2023-05-25: 0 soundings near corridor
  [19/159] 2023-05-26: 0 soundings near corridor
  [20/159] 2023-05-27: 0 soundings near corridor
  [21/159] 2023-05-28: 0 soundings near corridor
  [22/159] 2023-05-29: 0 soundings near corridor
  [23/159] 2023-05-30: 0 soundings near corridor
  [24/159] 2023-05-31: 0 soundings near corridor
  [25/159] 2023-10-01: 0 soundings near corridor
  [26/159] 2023-10-02: 0 soundings near corridor
  [27/159] 2023-10-03: 0 soundings near corridor
  [28/159] 2023-10-04: 0 soundings near corridor
  [29/159] 2023-10-05: 0 soundings near corridor
  [30/159] 2023-10-06: 0 soundings near corridor
  [31/159] 2023-10-08: 0 soundings near corridor
  [32/159] 2023-10-09: 0 soundings near corridor
  [33/159] 2023-10-10: 0 soundings near corridor
  [34/159] 2023-10-11: 0 soundings near corridor
  [35/159] 2023-10-12: 0 soundings near corridor
  [36/159] 2023-10-13: 0 soundings near corridor
  [37/159] 2023-10-15: 0 soundings near corridor
  [38/159] 2023-10-16: 0 soundings near corridor
  [39/159] 2023-10-17: 0 soundings near corridor
  [40/159] 2023-10-18: 0 soundings near corridor
  [41/159] 2023-10-19: 8 soundings near corridor
  [42/159] 2023-10-20: 0 soundings near corridor
  [43/159] 2023-10-22: 0 soundings near corridor
  [44/159] 2023-10-23: 0 soundings near corridor
  [45/159] 2023-10-24: 0 soundings near corridor
  [46/159] 2023-10-25: 0 soundings near corridor
  [47/159] 2023-10-26: 0 soundings near corridor
  [48/159] 2023-10-27: 0 soundings near corridor
  [49/159] 2023-10-29: 0 soundings near corridor
  [50/159] 2023-10-30: 0 soundings near corridor
  [51/159] 2023-10-31: 0 soundings near corridor
  [52/159] 2023-11-01: 0 soundings near corridor
  [53/159] 2023-11-02: 0 soundings near corridor
  [54/159] 2023-11-03: 0 soundings near corridor
  [55/159] 2023-11-05: 0 soundings near corridor
  [56/159] 2023-11-06: 0 soundings near corridor
  [57/159] 2023-11-07: 0 soundings near corridor
  [58/159] 2023-11-08: 0 soundings near corridor
  [59/159] 2023-11-09: 0 soundings near corridor
  [60/159] 2023-11-10: 0 soundings near corridor
  [61/159] 2023-11-12: 0 soundings near corridor
  [62/159] 2023-11-13: 0 soundings near corridor
  [63/159] 2023-11-14: 0 soundings near corridor
  [64/159] 2023-11-15: 0 soundings near corridor
  [65/159] 2023-11-16: 0 soundings near corridor
  [66/159] 2023-11-17: 0 soundings near corridor
  [67/159] 2023-11-19: 0 soundings near corridor
  [68/159] 2023-11-20: 0 soundings near corridor
  [69/159] 2023-11-21: 0 soundings near corridor
  [70/159] 2023-11-22: 0 soundings near corridor
  [71/159] 2023-11-23: 0 soundings near corridor
  [72/159] 2023-11-24: 0 soundings near corridor
  [73/159] 2023-11-26: 0 soundings near corridor
  [74/159] 2023-11-27: 0 soundings near corridor
  [75/159] 2023-11-28: 0 soundings near corridor
  [76/159] 2023-11-29: 0 soundings near corridor
  [77/159] 2023-11-30: 0 soundings near corridor
  [78/159] 2023-12-01: 0 soundings near corridor
  [79/159] 2023-12-03: 0 soundings near corridor
  [80/159] 2023-12-04: 0 soundings near corridor
  [81/159] 2023-12-05: 0 soundings near corridor
  [82/159] 2023-12-06: 0 soundings near corridor
  [83/159] 2023-12-07: 0 soundings near corridor
  [84/159] 2023-12-08: 0 soundings near corridor
  [85/159] 2023-12-10: 0 soundings near corridor
  [86/159] 2023-12-11: 0 soundings near corridor
  [87/159] 2023-12-12: 0 soundings near corridor
  [88/159] 2023-12-13: 0 soundings near corridor
  [89/159] 2023-12-14: 0 soundings near corridor
  [90/159] 2023-12-15: 0 soundings near corridor
  [91/159] 2023-12-17: 0 soundings near corridor
  [92/159] 2023-12-18: 0 soundings near corridor
  [93/159] 2023-12-19: 0 soundings near corridor
  [94/159] 2023-12-20: 0 soundings near corridor
  [95/159] 2023-12-21: 0 soundings near corridor
  [96/159] 2023-12-22: 0 soundings near corridor
  [97/159] 2023-12-24: 0 soundings near corridor
  [98/159] 2023-12-25: 0 soundings near corridor
  [99/159] 2023-12-26: 0 soundings near corridor
  [100/159] 2023-12-27: 0 soundings near corridor
  [101/159] 2023-12-28: 0 soundings near corridor
  [102/159] 2023-12-29: 0 soundings near corridor
  [103/159] 2023-12-30: 0 soundings near corridor
  [104/159] 2023-12-31: 0 soundings near corridor
  [105/159] 2024-01-30: 0 soundings near corridor
  [106/159] 2024-01-31: 0 soundings near corridor
  [107/159] 2024-02-01: 0 soundings near corridor
  [108/159] 2024-02-02: 0 soundings near corridor
  [109/159] 2024-02-03: 0 soundings near corridor
  [110/159] 2024-02-04: 0 soundings near corridor
  [111/159] 2024-02-05: 0 soundings near corridor
  [112/159] 2024-02-06: 0 soundings near corridor
  [113/159] 2024-02-07: 0 soundings near corridor
  [114/159] 2024-02-08: 0 soundings near corridor
  [115/159] 2024-02-09: 0 soundings near corridor
  [116/159] 2024-02-10: 0 soundings near corridor
  [117/159] 2024-02-11: 0 soundings near corridor
  [118/159] 2024-02-12: 0 soundings near corridor
  [119/159] 2024-02-13: 0 soundings near corridor
  [120/159] 2024-02-14: 0 soundings near corridor
  [121/159] 2024-02-15: 0 soundings near corridor
  [122/159] 2024-02-16: 0 soundings near corridor
  [123/159] 2024-02-17: 0 soundings near corridor
  [124/159] 2024-02-18: 0 soundings near corridor
  [125/159] 2024-02-19: 0 soundings near corridor
  [126/159] 2024-02-20: 0 soundings near corridor
  [127/159] 2024-02-21: 0 soundings near corridor
  [128/159] 2024-02-22: 0 soundings near corridor
  [129/159] 2024-02-23: 0 soundings near corridor
  [130/159] 2024-02-24: 173 soundings near corridor
  [131/159] 2024-02-25: 0 soundings near corridor
  [132/159] 2024-02-26: 0 soundings near corridor
  [133/159] 2024-02-27: 0 soundings near corridor
  [134/159] 2024-02-28: 0 soundings near corridor
  [135/159] 2024-02-29: 0 soundings near corridor
  [136/159] 2024-03-01: 0 soundings near corridor
  [137/159] 2024-03-02: 0 soundings near corridor
  [138/159] 2024-03-03: 0 soundings near corridor
  [139/159] 2024-03-04: 0 soundings near corridor
  [140/159] 2024-03-05: 0 soundings near corridor
  [141/159] 2024-03-06: 0 soundings near corridor
  [142/159] 2024-03-07: 0 soundings near corridor
  [143/159] 2024-03-08: 0 soundings near corridor
  [144/159] 2024-03-09: 0 soundings near corridor
  [145/159] 2024-03-10: 0 soundings near corridor
  [146/159] 2024-03-11: 0 soundings near corridor
  [147/159] 2024-03-12: 0 soundings near corridor
  [148/159] 2024-03-13: 0 soundings near corridor
  [149/159] 2024-03-14: 0 soundings near corridor
  [150/159] 2024-03-15: 0 soundings near corridor
  [151/159] 2024-03-16: 0 soundings near corridor
  [152/159] 2024-03-17: 0 soundings near corridor
  [153/159] 2024-03-18: 0 soundings near corridor
  [154/159] 2024-03-19: 0 soundings near corridor
  [155/159] 2024-03-20: 0 soundings near corridor
  [156/159] 2024-03-21: 0 soundings near corridor
  [157/159] 2024-03-22: 0 soundings near corridor
  [158/159] 2024-03-23: 0 soundings near corridor
  [159/159] 2024-03-24: 0 soundings near corridor
{
  "product": "oco2",
  "generated": "2026-09-24T07:33:19",
  "days_scanned": 1177,
  "soundings_near_corridor_all_quality": 2315,
  "good_soundings_in_bbox": 93,
  "good_soundings_in_corridor": 62,
  "good_soundings_per_cluster": {
    "C1_shivajinagar_kasarwadi": 58,
    "C2_pcmc": 34,
    "C3_dehu_talegaon": 4
  },
  "days_with_any_good_corridor_sounding": 1,
  "usable_days_(>=20_good_in_corridor)": 1,
  "bbox_days_with_>=50_good": {
    "2024-01-23": {
      "n": 93,
      "sam_share": 0.0
    }
  },
  "good_corridor_soundings_by_operation_mode": {
    "1": 62
  },
  "good_corridor_soundings_by_season_month": {
    "2024-01": 62
  }
}

Saved D:\EcoTrack\outputs\feasibility\g1_oco2_summary.json
Read-out guide (a judgement call, record it in docs/decisions.md):
  >= ~15 usable days  -> OCO-3 can serve as an independent validation target (label L2)
  ~5-15 usable days   -> case-study / constraint on cluster totals only
  < ~5 usable days    -> qualitative only; Experiment B reframed, try OCO-2 as well
