mean_no2,n_valid,time,valid_fraction
,0,2019-10-01T00:04,0.0
,0,2019-10-01T01:45,0.0
,0,2019-10-01T03:27,0.0
,0,2019-10-01T05:08,0.0
,0,2019-10-01T06:50,0.0
2.058775585463757e-05,90,2019-10-01T08:31,0.391304347826087
,0,2019-10-01T10:13,0.0
,0,2019-10-01T11:54,0.0
,0,2019-10-01T13:36,0.0
,0,2019-10-01T15:17,0.0
,0,2019-10-01T16:59,0.0
,0,2019-10-01T18:40,0.0
,0,2019-10-01T20:21,0.0
,0,2019-10-01T22:03,0.0
,0,2019-10-01T23:44,0.0
,0,2019-10-02T01:26,0.0
,0,2019-10-02T03:07,0.0
,0,2019-10-02T04:49,0.0
,0,2019-10-02T06:30,0.0
2.8955757358345553e-05,287,2019-10-02T08:12,1.2478260869565216
,0,2019-10-02T09:53,0.0
,0,2019-10-02T11:35,0.0
,0,2019-10-02T13:16,0.0
,0,2019-10-02T14:58,0.0
,0,2019-10-02T16:39,0.0
,0,2019-10-02T18:21,0.0
,0,2019-10-02T20:02,0.0
,0,2019-10-02T21:44,0.0
,0,2019-10-02T23:25,0.0
,0,2019-10-03T01:07,0.0
,0,2019-10-03T02:48,0.0
,0,2019-10-03T04:30,0.0
,0,2019-10-03T06:11,0.0
3.874405073567472e-05,51,2019-10-03T07:53,0.2217391304347826
,0,2019-10-03T09:34,0.0
,0,2019-10-03T11:16,0.0
,0,2019-10-03T12:57,0.0
,0,2019-10-03T14:39,0.0
,0,2019-10-03T16:20,0.0
,0,2019-10-03T18:02,0.0
,0,2019-10-03T19:43,0.0
,0,2019-10-03T21:25,0.0
,0,2019-10-03T23:06,0.0
,0,2019-10-04T00:48,0.0
,0,2019-10-04T02:29,0.0
,0,2019-10-04T04:11,0.0
,0,2019-10-04T05:52,0.0
3.783083440441464e-05,81,2019-10-04T07:34,0.3521739130434783
,0,2019-10-04T09:15,0.0
,0,2019-10-04T10:57,0.0
,0,2019-10-04T12:38,0.0
,0,2019-10-04T14:20,0.0
,0,2019-10-04T16:01,0.0
,0,2019-10-04T17:43,0.0
,0,2019-10-04T19:24,0.0
,0,2019-10-04T21:06,0.0
,0,2019-10-04T22:47,0.0
,0,2019-10-05T00:29,0.0
,0,2019-10-05T02:10,0.0
,0,2019-10-05T03:52,0.0
,0,2019-10-05T05:33,0.0
4.0975463823866216e-05,287,2019-10-05T07:14,1.2478260869565216
,0,2019-10-05T08:56,0.0
,0,2019-10-05T10:37,0.0
,0,2019-10-05T12:19,0.0
,0,2019-10-05T14:00,0.0
,0,2019-10-05T15:42,0.0
,0,2019-10-05T17:23,0.0
,0,2019-10-05T19:05,0.0
,0,2019-10-05T20:46,0.0
,0,2019-10-05T22:28,0.0
,0,2019-10-06T00:09,0.0
,0,2019-10-06T01:51,0.0
,0,2019-10-06T03:32,0.0
,0,2019-10-06T05:14,0.0
2.9507524232030843e-05,8,2019-10-06T06:55,0.034782608695652174
,0,2019-10-06T08:37,0.0
,0,2019-10-06T10:18,0.0
,0,2019-10-06T12:00,0.0
,0,2019-10-06T13:41,0.0
,0,2019-10-06T15:23,0.0
,0,2019-10-06T17:04,0.0
,0,2019-10-06T18:46,0.0
,0,2019-10-06T20:27,0.0
,0,2019-10-06T22:09,0.0
,0,2019-10-06T23:50,0.0
,0,2019-10-07T01:32,0.0
,0,2019-10-07T03:13,0.0
,0,2019-10-07T04:55,0.0
,0,2019-10-07T06:36,0.0
3.691218262117464e-05,13,2019-10-07T08:18,0.05652173913043478
,0,2019-10-07T09:59,0.0
,0,2019-10-07T11:41,0.0
,0,2019-10-07T13:22,0.0
,0,2019-10-07T15:04,0.0
,0,2019-10-07T16:45,0.0
,0,2019-10-07T18:27,0.0
,0,2019-10-07T20:08,0.0
,0,2019-10-07T21:50,0.0
,0,2019-10-07T23:31,0.0
,0,2019-10-08T01:13,0.0
,0,2019-10-08T02:54,0.0
,0,2019-10-08T04:36,0.0
,0,2019-10-08T06:17,0.0
3.291006809429128e-05,287,2019-10-08T07:59,1.2478260869565216
,0,2019-10-08T09:40,0.0
,0,2019-10-08T11:22,0.0
,0,2019-10-08T13:03,0.0
,0,2019-10-08T14:45,0.0
,0,2019-10-08T16:26,0.0
,0,2019-10-08T18:08,0.0
,0,2019-10-08T19:49,0.0
,0,2019-10-08T21:30,0.0
,0,2019-10-08T23:12,0.0
,0,2019-10-09T00:53,0.0
,0,2019-10-09T02:35,0.0
,0,2019-10-09T04:16,0.0
,0,2019-10-09T05:58,0.0
4.3385188549626296e-05,270,2019-10-09T07:39,1.173913043478261
,0,2019-10-09T09:21,0.0
,0,2019-10-09T11:02,0.0
,0,2019-10-09T12:44,0.0
,0,2019-10-09T14:25,0.0
,0,2019-10-09T16:07,0.0
,0,2019-10-09T17:48,0.0
,0,2019-10-09T19:30,0.0
,0,2019-10-09T21:11,0.0
,0,2019-10-09T22:53,0.0
,0,2019-10-10T00:34,0.0
,0,2019-10-10T02:16,0.0
,0,2019-10-10T03:57,0.0
,0,2019-10-10T05:39,0.0
4.216797873077979e-05,235,2019-10-10T07:20,1.0217391304347827
,0,2019-10-10T09:02,0.0
,0,2019-10-10T10:43,0.0
,0,2019-10-10T12:25,0.0
,0,2019-10-10T14:06,0.0
,0,2019-10-10T15:48,0.0
,0,2019-10-10T17:29,0.0
,0,2019-10-10T19:11,0.0
,0,2019-10-10T20:52,0.0
,0,2019-10-10T22:34,0.0
,0,2019-10-11T00:15,0.0
,0,2019-10-11T01:57,0.0
,0,2019-10-11T03:38,0.0
,0,2019-10-11T05:20,0.0
3.363920391300144e-05,287,2019-10-11T07:01,1.2478260869565216
,0,2019-10-11T08:43,0.0
,0,2019-10-11T10:24,0.0
,0,2019-10-11T12:06,0.0
,0,2019-10-11T13:47,0.0
,0,2019-10-11T15:29,0.0
,0,2019-10-11T17:10,0.0
,0,2019-10-11T18:52,0.0
,0,2019-10-11T20:33,0.0
,0,2019-10-11T22:15,0.0
,0,2019-10-11T23:56,0.0
,0,2019-10-12T01:38,0.0
,0,2019-10-12T03:19,0.0
,0,2019-10-12T05:01,0.0
,0,2019-10-12T06:42,0.0
3.787638291417787e-05,265,2019-10-12T08:24,1.1521739130434783
,0,2019-10-12T10:05,0.0
,0,2019-10-12T11:46,0.0
,0,2019-10-12T13:28,0.0
,0,2019-10-12T15:09,0.0
,0,2019-10-12T16:51,0.0
,0,2019-10-12T18:32,0.0
,0,2019-10-12T20:14,0.0
,0,2019-10-12T21:55,0.0
,0,2019-10-12T23:37,0.0
,0,2019-10-13T01:18,0.0
,0,2019-10-13T03:00,0.0
,0,2019-10-13T04:41,0.0
,0,2019-10-13T06:23,0.0
2.8387216739771842e-05,152,2019-10-13T08:04,0.6608695652173913
,0,2019-10-13T09:46,0.0
,0,2019-10-13T11:27,0.0
,0,2019-10-13T13:09,0.0
,0,2019-10-13T14:50,0.0
,0,2019-10-13T16:32,0.0
,0,2019-10-13T18:13,0.0
,0,2019-10-13T19:55,0.0
,0,2019-10-13T21:36,0.0
,0,2019-10-13T23:18,0.0
,0,2019-10-14T00:59,0.0
,0,2019-10-14T02:41,0.0
,0,2019-10-14T04:22,0.0
,0,2019-10-14T06:04,0.0
3.740062465388971e-05,272,2019-10-14T07:45,1.182608695652174
,0,2019-10-14T09:27,0.0
,0,2019-10-14T11:08,0.0
,0,2019-10-14T12:50,0.0
,0,2019-10-14T14:31,0.0
,0,2019-10-14T16:13,0.0
,0,2019-10-14T17:54,0.0
,0,2019-10-14T19:36,0.0
,0,2019-10-14T21:17,0.0
,0,2019-10-14T22:59,0.0
,0,2019-10-15T00:40,0.0
,0,2019-10-15T02:22,0.0
,0,2019-10-15T04:03,0.0
,0,2019-10-15T05:45,0.0
3.868211186000498e-05,287,2019-10-15T07:26,1.2478260869565216
,0,2019-10-15T09:08,0.0
,0,2019-10-15T10:49,0.0
,0,2019-10-15T12:31,0.0
,0,2019-10-15T14:12,0.0
,0,2019-10-15T15:54,0.0
,0,2019-10-15T17:35,0.0
,0,2019-10-15T19:17,0.0
,0,2019-10-15T20:58,0.0
,0,2019-10-15T22:39,0.0
,0,2019-10-16T00:21,0.0
,0,2019-10-16T02:03,0.0
,0,2019-10-16T03:44,0.0
,0,2019-10-16T05:25,0.0
3.669571059927117e-05,275,2019-10-16T07:07,1.1956521739130435
,0,2019-10-16T08:48,0.0
,0,2019-10-16T10:30,0.0
,0,2019-10-16T12:11,0.0
,0,2019-10-16T13:53,0.0
,0,2019-10-16T15:34,0.0
,0,2019-10-16T17:16,0.0
,0,2019-10-16T18:57,0.0
,0,2019-10-16T20:39,0.0
,0,2019-10-16T22:20,0.0
,0,2019-10-17T00:02,0.0
,0,2019-10-17T01:43,0.0
,0,2019-10-17T03:25,0.0
,0,2019-10-17T05:06,0.0
,0,2019-10-17T06:48,0.0
4.3454887186224274e-05,101,2019-10-17T08:29,0.4391304347826087
,0,2019-10-17T10:11,0.0
,0,2019-10-17T11:52,0.0
,0,2019-10-17T13:34,0.0
,0,2019-10-17T15:15,0.0
,0,2019-10-17T16:57,0.0
,0,2019-10-17T18:38,0.0
,0,2019-10-17T20:20,0.0
,0,2019-10-17T22:01,0.0
,0,2019-10-17T23:43,0.0
,0,2019-10-18T01:24,0.0
,0,2019-10-18T03:06,0.0
,0,2019-10-18T04:47,0.0
,0,2019-10-18T06:29,0.0
,0,2019-10-18T08:10,0.0
,0,2019-10-18T09:52,0.0
,0,2019-10-18T11:33,0.0
,0,2019-10-18T13:15,0.0
,0,2019-10-18T14:56,0.0
,0,2019-10-18T16:38,0.0
,0,2019-10-18T18:19,0.0
,0,2019-10-18T20:01,0.0
,0,2019-10-18T21:42,0.0
,0,2019-10-18T23:24,0.0
,0,2019-10-19T01:05,0.0
,0,2019-10-19T02:47,0.0
,0,2019-10-19T04:28,0.0
,0,2019-10-19T06:10,0.0
,0,2019-10-19T07:51,0.0
,0,2019-10-19T09:33,0.0
,0,2019-10-19T11:14,0.0
,0,2019-10-19T12:56,0.0
,0,2019-10-19T14:37,0.0
,0,2019-10-19T16:18,0.0
,0,2019-10-19T18:00,0.0
,0,2019-10-19T19:41,0.0
,0,2019-10-19T21:23,0.0
,0,2019-10-19T23:04,0.0
,0,2019-10-20T00:46,0.0
,0,2019-10-20T02:27,0.0
,0,2019-10-20T04:09,0.0
,0,2019-10-20T05:50,0.0
,0,2019-10-20T07:32,0.0
,0,2019-10-20T09:13,0.0
,0,2019-10-20T10:55,0.0
,0,2019-10-20T12:36,0.0
,0,2019-10-20T14:18,0.0
,0,2019-10-20T15:59,0.0
,0,2019-10-20T17:41,0.0
,0,2019-10-20T20:09,0.0
,0,2019-10-20T21:04,0.0
,0,2019-10-20T22:45,0.0
,0,2019-10-21T00:27,0.0
,0,2019-10-21T02:08,0.0
,0,2019-10-21T03:50,0.0
,0,2019-10-21T05:31,0.0
,0,2019-10-21T07:13,0.0
,0,2019-10-21T08:54,0.0
,0,2019-10-21T10:36,0.0
,0,2019-10-21T12:17,0.0
,0,2019-10-21T13:59,0.0
,0,2019-10-21T15:40,0.0
,0,2019-10-21T17:22,0.0
,0,2019-10-21T19:03,0.0
,0,2019-10-21T20:45,0.0
,0,2019-10-21T22:26,0.0
,0,2019-10-22T00:08,0.0
,0,2019-10-22T01:49,0.0
,0,2019-10-22T03:31,0.0
,0,2019-10-22T05:12,0.0
,0,2019-10-22T06:54,0.0
,0,2019-10-22T08:35,0.0
,0,2019-10-22T10:17,0.0
,0,2019-10-22T11:58,0.0
,0,2019-10-22T13:40,0.0
,0,2019-10-22T15:21,0.0
,0,2019-10-22T17:03,0.0
,0,2019-10-22T18:44,0.0
,0,2019-10-22T20:26,0.0
,0,2019-10-22T22:07,0.0
,0,2019-10-22T23:49,0.0
,0,2019-10-23T01:30,0.0
,0,2019-10-23T03:12,0.0
,0,2019-10-23T04:53,0.0
,0,2019-10-23T06:35,0.0
,0,2019-10-23T08:16,0.0
,0,2019-10-23T09:57,0.0
,0,2019-10-23T11:39,0.0
,0,2019-10-23T13:20,0.0
,0,2019-10-23T15:02,0.0
,0,2019-10-23T16:43,0.0
,0,2019-10-23T18:25,0.0
,0,2019-10-23T20:06,0.0
,0,2019-10-23T21:48,0.0
,0,2019-10-23T23:29,0.0
,0,2019-10-24T01:11,0.0
,0,2019-10-24T02:52,0.0
,0,2019-10-24T04:34,0.0
,0,2019-10-24T06:15,0.0
,0,2019-10-24T07:57,0.0
,0,2019-10-24T09:38,0.0
,0,2019-10-24T11:20,0.0
,0,2019-10-24T13:01,0.0
,0,2019-10-24T14:43,0.0
,0,2019-10-24T16:24,0.0
,0,2019-10-24T18:06,0.0
,0,2019-10-24T19:47,0.0
,0,2019-10-24T21:29,0.0
,0,2019-10-24T23:10,0.0
,0,2019-10-25T00:52,0.0
,0,2019-10-25T02:33,0.0
,0,2019-10-25T04:15,0.0
,0,2019-10-25T05:56,0.0
,0,2019-10-25T07:38,0.0
,0,2019-10-25T09:19,0.0
,0,2019-10-25T11:01,0.0
,0,2019-10-25T12:42,0.0
,0,2019-10-25T14:24,0.0
,0,2019-10-25T16:05,0.0
,0,2019-10-25T17:47,0.0
,0,2019-10-25T19:28,0.0
,0,2019-10-25T21:10,0.0
,0,2019-10-25T22:51,0.0
,0,2019-10-26T00:33,0.0
,0,2019-10-26T02:14,0.0
,0,2019-10-26T03:56,0.0
,0,2019-10-26T05:37,0.0
,0,2019-10-26T07:19,0.0
,0,2019-10-26T09:00,0.0
,0,2019-10-26T10:42,0.0
,0,2019-10-26T12:23,0.0
,0,2019-10-26T14:05,0.0
,0,2019-10-26T15:46,0.0
,0,2019-10-26T17:28,0.0
,0,2019-10-26T19:09,0.0
,0,2019-10-26T20:50,0.0
,0,2019-10-26T22:32,0.0
,0,2019-10-27T00:13,0.0
,0,2019-10-27T01:55,0.0
,0,2019-10-27T03:36,0.0
,0,2019-10-27T05:18,0.0
2.4075308348786194e-05,82,2019-10-27T06:59,0.3565217391304348
,0,2019-10-27T08:41,0.0
,0,2019-10-27T10:22,0.0
,0,2019-10-27T12:04,0.0
,0,2019-10-27T13:45,0.0
,0,2019-10-27T15:27,0.0
,0,2019-10-27T17:08,0.0
,0,2019-10-27T18:50,0.0
,0,2019-10-27T20:31,0.0
,0,2019-10-27T22:13,0.0
,0,2019-10-27T23:54,0.0
,0,2019-10-28T01:36,0.0
,0,2019-10-28T03:17,0.0
,0,2019-10-28T04:59,0.0
,0,2019-10-28T06:40,0.0
,0,2019-10-28T08:22,0.0
,0,2019-10-28T10:03,0.0
,0,2019-10-28T11:45,0.0
,0,2019-10-28T13:26,0.0
,0,2019-10-28T15:08,0.0
,0,2019-10-28T16:49,0.0
,0,2019-10-28T18:31,0.0
,0,2019-10-28T20:12,0.0
,0,2019-10-28T21:54,0.0
,0,2019-10-28T23:35,0.0
,0,2019-10-29T01:17,0.0
,0,2019-10-29T02:58,0.0
,0,2019-10-29T04:40,0.0
,0,2019-10-29T06:21,0.0
2.722729339354419e-05,170,2019-10-29T08:03,0.7391304347826086
,0,2019-10-29T09:44,0.0
,0,2019-10-29T11:26,0.0
,0,2019-10-29T13:07,0.0
,0,2019-10-29T14:49,0.0
,0,2019-10-29T16:30,0.0
,0,2019-10-29T18:12,0.0
,0,2019-10-29T19:53,0.0
,0,2019-10-29T21:35,0.0
,0,2019-10-29T23:16,0.0
,0,2019-10-30T00:58,0.0
,0,2019-10-30T02:39,0.0
,0,2019-10-30T04:21,0.0
,0,2019-10-30T06:02,0.0
3.096822017065241e-05,286,2019-10-30T07:44,1.2434782608695651
,0,2019-10-30T09:25,0.0
,0,2019-10-30T11:07,0.0
,0,2019-10-30T12:48,0.0
,0,2019-10-30T14:30,0.0
,0,2019-10-30T16:11,0.0
,0,2019-10-30T17:53,0.0
,0,2019-10-30T19:34,0.0
,0,2019-10-30T21:15,0.0
,0,2019-10-30T22:57,0.0
,0,2019-10-31T00:38,0.0
,0,2019-10-31T02:20,0.0
,0,2019-10-31T04:01,0.0
,0,2019-10-31T07:24,0.0
,0,2019-10-31T09:06,0.0
,0,2019-10-31T10:47,0.0
,0,2019-10-31T12:29,0.0
,0,2019-10-31T14:10,0.0
,0,2019-10-31T15:52,0.0
,0,2019-10-31T17:33,0.0
,0,2019-10-31T19:15,0.0
,0,2019-10-31T20:56,0.0
,0,2019-10-31T22:38,0.0
,0,2019-11-01T00:19,0.0
,0,2019-11-01T02:01,0.0
,0,2019-11-01T03:42,0.0
,0,2019-11-01T05:24,0.0
,0,2019-11-01T07:05,0.0
,0,2019-11-01T08:47,0.0
,0,2019-11-01T10:28,0.0
,0,2019-11-01T12:10,0.0
,0,2019-11-01T13:51,0.0
,0,2019-11-01T15:33,0.0
,0,2019-11-01T17:14,0.0
,0,2019-11-01T18:56,0.0
,0,2019-11-01T20:37,0.0
,0,2019-11-01T22:19,0.0
,0,2019-11-02T00:00,0.0
,0,2019-11-02T01:42,0.0
,0,2019-11-02T03:23,0.0
,0,2019-11-02T05:57,0.0
,0,2019-11-02T06:46,0.0
,0,2019-11-02T08:28,0.0
,0,2019-11-02T10:09,0.0
,0,2019-11-02T11:51,0.0
,0,2019-11-02T13:32,0.0
,0,2019-11-02T15:14,0.0
,0,2019-11-02T16:55,0.0
,0,2019-11-02T18:37,0.0
,0,2019-11-02T20:18,0.0
,0,2019-11-02T22:00,0.0
,0,2019-11-02T23:41,0.0
,0,2019-11-03T01:23,0.0
,0,2019-11-03T03:04,0.0
,0,2019-11-03T04:46,0.0
,0,2019-11-03T06:27,0.0
2.9342193607057776e-05,265,2019-11-03T08:09,1.1521739130434783
,0,2019-11-03T09:50,0.0
,0,2019-11-03T11:32,0.0
,0,2019-11-03T13:13,0.0
,0,2019-11-03T14:55,0.0
,0,2019-11-03T16:36,0.0
,0,2019-11-03T18:17,0.0
,0,2019-11-03T19:59,0.0
,0,2019-11-03T21:40,0.0
,0,2019-11-03T23:22,0.0
,0,2019-11-04T01:03,0.0
,0,2019-11-04T02:45,0.0
,0,2019-11-04T04:26,0.0
,0,2019-11-04T06:08,0.0
3.7642517089079356e-05,94,2019-11-04T07:49,0.40869565217391307
,0,2019-11-04T09:31,0.0
,0,2019-11-04T11:12,0.0
,0,2019-11-04T12:54,0.0
,0,2019-11-04T14:35,0.0
,0,2019-11-04T16:17,0.0
,0,2019-11-04T17:58,0.0
,0,2019-11-04T19:40,0.0
,0,2019-11-04T21:21,0.0
,0,2019-11-04T23:03,0.0
,0,2019-11-05T00:44,0.0
,0,2019-11-05T02:26,0.0
,0,2019-11-05T04:07,0.0
,0,2019-11-05T05:49,0.0
4.767482660054895e-05,228,2019-11-05T07:30,0.991304347826087
,0,2019-11-05T09:12,0.0
,0,2019-11-05T10:53,0.0
,0,2019-11-05T12:35,0.0
,0,2019-11-05T14:16,0.0
,0,2019-11-05T15:58,0.0
,0,2019-11-05T17:39,0.0
,0,2019-11-05T19:21,0.0
,0,2019-11-05T21:02,0.0
,0,2019-11-05T22:44,0.0
,0,2019-11-06T00:25,0.0
,0,2019-11-06T02:07,0.0
,0,2019-11-06T03:48,0.0
,0,2019-11-06T05:30,0.0
4.381352593358155e-05,64,2019-11-06T07:11,0.2782608695652174
,0,2019-11-06T08:53,0.0
,0,2019-11-06T10:34,0.0
,0,2019-11-06T12:16,0.0
,0,2019-11-06T13:57,0.0
,0,2019-11-06T15:39,0.0
,0,2019-11-06T17:20,0.0
,0,2019-11-06T19:02,0.0
,0,2019-11-06T20:43,0.0
,0,2019-11-06T22:25,0.0
,0,2019-11-07T00:06,0.0
,0,2019-11-07T01:48,0.0
,0,2019-11-07T03:29,0.0
,0,2019-11-07T05:11,0.0
2.6644315592673733e-05,202,2019-11-07T06:52,0.8782608695652174
1.992220588456309e-05,275,2019-11-07T08:34,1.1956521739130435
,0,2019-11-07T10:15,0.0
,0,2019-11-07T11:57,0.0
,0,2019-11-07T13:38,0.0
,0,2019-11-07T15:20,0.0
,0,2019-11-07T17:01,0.0
,0,2019-11-07T18:42,0.0
,0,2019-11-07T20:24,0.0
,0,2019-11-07T22:05,0.0
,0,2019-11-07T23:47,0.0
,0,2019-11-08T01:28,0.0
,0,2019-11-08T03:10,0.0
,0,2019-11-08T04:51,0.0
,0,2019-11-08T06:33,0.0
2.229850939920266e-05,247,2019-11-08T08:14,1.0739130434782609
,0,2019-11-08T09:56,0.0
,0,2019-11-08T11:37,0.0
,0,2019-11-08T13:19,0.0
,0,2019-11-08T15:00,0.0
,0,2019-11-08T16:42,0.0
,0,2019-11-08T18:23,0.0
,0,2019-11-08T20:05,0.0
,0,2019-11-08T21:46,0.0
,0,2019-11-08T23:28,0.0
,0,2019-11-09T01:09,0.0
,0,2019-11-09T02:51,0.0
,0,2019-11-09T04:32,0.0
,0,2019-11-09T06:14,0.0
6.899046372312345e-05,286,2019-11-09T07:55,1.2434782608695651
,0,2019-11-09T09:37,0.0
,0,2019-11-09T11:18,0.0
,0,2019-11-09T13:00,0.0
,0,2019-11-09T14:41,0.0
,0,2019-11-09T16:23,0.0
,0,2019-11-09T18:04,0.0
,0,2019-11-09T19:46,0.0
,0,2019-11-09T21:27,0.0
,0,2019-11-09T23:09,0.0
,0,2019-11-10T00:50,0.0
,0,2019-11-10T02:32,0.0
,0,2019-11-10T04:13,0.0
,0,2019-11-10T05:55,0.0
5.2615065729517244e-05,286,2019-11-10T07:36,1.2434782608695651
,0,2019-11-10T09:18,0.0
,0,2019-11-10T10:59,0.0
,0,2019-11-10T12:41,0.0
,0,2019-11-10T14:22,0.0
,0,2019-11-10T16:04,0.0
,0,2019-11-10T17:45,0.0
,0,2019-11-10T19:27,0.0
,0,2019-11-10T21:08,0.0
,0,2019-11-10T22:50,0.0
,0,2019-11-11T00:31,0.0
,0,2019-11-11T02:13,0.0
,0,2019-11-11T03:54,0.0
,0,2019-11-11T05:36,0.0
4.8124906244291756e-05,286,2019-11-11T07:17,1.2434782608695651
,0,2019-11-11T08:59,0.0
,0,2019-11-11T10:40,0.0
,0,2019-11-11T12:22,0.0
,0,2019-11-11T14:03,0.0
,0,2019-11-11T15:45,0.0
,0,2019-11-11T17:26,0.0
,0,2019-11-11T19:08,0.0
,0,2019-11-11T20:49,0.0
,0,2019-11-11T22:31,0.0
,0,2019-11-12T00:12,0.0
,0,2019-11-12T01:53,0.0
,0,2019-11-12T03:35,0.0
,0,2019-11-12T05:16,0.0
,0,2019-11-12T06:58,0.0
,0,2019-11-12T08:39,0.0
,0,2019-11-12T10:21,0.0
,0,2019-11-12T13:44,0.0
,0,2019-11-12T15:25,0.0
,0,2019-11-12T17:07,0.0
,0,2019-11-12T18:48,0.0
,0,2019-11-12T20:30,0.0
,0,2019-11-12T22:11,0.0
,0,2019-11-12T23:53,0.0
,0,2019-11-13T01:34,0.0
,0,2019-11-13T03:16,0.0
,0,2019-11-13T04:57,0.0
,0,2019-11-13T06:39,0.0
,0,2019-11-13T08:20,0.0
,0,2019-11-13T10:02,0.0
,0,2019-11-13T11:43,0.0
,0,2019-11-13T13:25,0.0
,0,2019-11-13T15:06,0.0
,0,2019-11-13T16:48,0.0
,0,2019-11-13T18:29,0.0
,0,2019-11-13T20:11,0.0
,0,2019-11-13T21:52,0.0
,0,2019-11-13T23:34,0.0
,0,2019-11-14T01:15,0.0
,0,2019-11-14T02:57,0.0
,0,2019-11-14T04:38,0.0
,0,2019-11-14T06:20,0.0
4.883150613070599e-05,286,2019-11-14T08:01,1.2434782608695651
,0,2019-11-14T09:43,0.0
,0,2019-11-14T11:24,0.0
,0,2019-11-14T13:06,0.0
,0,2019-11-14T14:47,0.0
,0,2019-11-14T16:29,0.0
,0,2019-11-14T18:10,0.0
,0,2019-11-14T19:52,0.0
,0,2019-11-14T21:33,0.0
,0,2019-11-14T23:15,0.0
,0,2019-11-15T00:56,0.0
,0,2019-11-15T02:38,0.0
,0,2019-11-15T04:19,0.0
,0,2019-11-15T06:01,0.0
4.450030530851721e-05,90,2019-11-15T07:42,0.391304347826087
,0,2019-11-15T09:24,0.0
,0,2019-11-15T11:05,0.0
,0,2019-11-15T12:47,0.0
,0,2019-11-15T14:28,0.0
,0,2019-11-15T16:10,0.0
,0,2019-11-15T17:51,0.0
,0,2019-11-15T19:33,0.0
,0,2019-11-15T21:14,0.0
,0,2019-11-15T22:56,0.0
,0,2019-11-16T00:37,0.0
,0,2019-11-16T02:19,0.0
,0,2019-11-16T04:00,0.0
,0,2019-11-16T05:42,0.0
4.669502660695002e-05,286,2019-11-16T07:23,1.2434782608695651
,0,2019-11-16T09:04,0.0
,0,2019-11-16T10:46,0.0
,0,2019-11-16T12:27,0.0
,0,2019-11-16T14:09,0.0
,0,2019-11-16T15:50,0.0
,0,2019-11-16T17:32,0.0
,0,2019-11-16T19:13,0.0
,0,2019-11-16T20:55,0.0
,0,2019-11-16T22:36,0.0
,0,2019-11-17T00:18,0.0
,0,2019-11-17T01:59,0.0
,0,2019-11-17T03:41,0.0
,0,2019-11-17T05:22,0.0
3.3344014474026366e-05,232,2019-11-17T07:04,1.008695652173913
,0,2019-11-17T08:45,0.0
,0,2019-11-17T10:27,0.0
,0,2019-11-17T12:08,0.0
,0,2019-11-17T15:31,0.0
,0,2019-11-17T17:13,0.0
,0,2019-11-17T18:54,0.0
,0,2019-11-17T20:36,0.0
,0,2019-11-17T22:17,0.0
,0,2019-11-17T23:59,0.0
,0,2019-11-18T01:40,0.0
,0,2019-11-18T03:22,0.0
,0,2019-11-18T05:03,0.0
,0,2019-11-18T06:45,0.0
4.8000507968240124e-05,286,2019-11-18T08:26,1.2434782608695651
,0,2019-11-18T10:08,0.0
,0,2019-11-18T11:49,0.0
,0,2019-11-18T13:31,0.0
,0,2019-11-18T15:12,0.0
,0,2019-11-18T16:54,0.0
,0,2019-11-18T18:35,0.0
,0,2019-11-18T20:17,0.0
,0,2019-11-18T21:58,0.0
,0,2019-11-18T23:40,0.0
,0,2019-11-19T01:21,0.0
,0,2019-11-19T03:03,0.0
,0,2019-11-19T04:44,0.0
,0,2019-11-19T06:26,0.0
6.351043273243019e-05,286,2019-11-19T08:07,1.2434782608695651
,0,2019-11-19T09:49,0.0
,0,2019-11-19T11:30,0.0
,0,2019-11-19T13:12,0.0
,0,2019-11-19T14:53,0.0
,0,2019-11-19T16:35,0.0
,0,2019-11-19T18:16,0.0
,0,2019-11-19T19:58,0.0
,0,2019-11-19T21:39,0.0
,0,2019-11-19T23:21,0.0
,0,2019-11-20T01:02,0.0
,0,2019-11-20T02:44,0.0
,0,2019-11-20T04:25,0.0
,0,2019-11-20T06:07,0.0
6.071963780791362e-05,286,2019-11-20T07:48,1.2434782608695651
,0,2019-11-20T09:30,0.0
,0,2019-11-20T11:11,0.0
,0,2019-11-20T12:53,0.0
,0,2019-11-20T14:34,0.0
,0,2019-11-20T16:16,0.0
,0,2019-11-20T17:57,0.0
,0,2019-11-20T19:39,0.0
,0,2019-11-20T21:20,0.0
,0,2019-11-20T23:02,0.0
,0,2019-11-21T00:43,0.0
,0,2019-11-21T02:25,0.0
,0,2019-11-21T04:06,0.0
,0,2019-11-21T05:48,0.0
4.920077676995684e-05,180,2019-11-21T07:29,0.782608695652174
,0,2019-11-21T09:10,0.0
,0,2019-11-21T10:52,0.0
,0,2019-11-21T12:33,0.0
,0,2019-11-21T14:15,0.0
,0,2019-11-21T15:56,0.0
,0,2019-11-21T17:38,0.0
,0,2019-11-21T19:19,0.0
,0,2019-11-21T21:01,0.0
,0,2019-11-21T22:42,0.0
,0,2019-11-22T00:24,0.0
,0,2019-11-22T02:05,0.0
,0,2019-11-22T03:47,0.0
,0,2019-11-22T05:28,0.0
4.704514941852223e-05,249,2019-11-22T07:10,1.0826086956521739
,0,2019-11-22T08:51,0.0
,0,2019-11-22T10:33,0.0
,0,2019-11-22T12:14,0.0
,0,2019-11-22T13:56,0.0
,0,2019-11-22T15:37,0.0
,0,2019-11-22T17:19,0.0
,0,2019-11-22T19:00,0.0
,0,2019-11-22T20:42,0.0
,0,2019-11-22T22:23,0.0
,0,2019-11-23T00:05,0.0
,0,2019-11-23T01:46,0.0
,0,2019-11-23T03:28,0.0
,0,2019-11-23T05:09,0.0
4.078704560330889e-05,286,2019-11-23T06:51,1.2434782608695651
5.1596826685804906e-05,286,2019-11-23T08:32,1.2434782608695651
,0,2019-11-23T10:14,0.0
,0,2019-11-23T11:55,0.0
,0,2019-11-23T13:37,0.0
,0,2019-11-23T15:18,0.0
,0,2019-11-23T17:00,0.0
,0,2019-11-23T18:41,0.0
,0,2019-11-23T20:23,0.0
,0,2019-11-23T22:04,0.0
,0,2019-11-23T23:46,0.0
,0,2019-11-24T01:27,0.0
,0,2019-11-24T03:09,0.0
,0,2019-11-24T04:50,0.0
,0,2019-11-24T06:32,0.0
5.370645897365396e-05,286,2019-11-24T08:13,1.2434782608695651
,0,2019-11-24T09:55,0.0
,0,2019-11-24T11:36,0.0
,0,2019-11-24T13:18,0.0
,0,2019-11-24T14:59,0.0
,0,2019-11-24T16:41,0.0
,0,2019-11-24T18:22,0.0
,0,2019-11-24T20:04,0.0
,0,2019-11-24T21:45,0.0
,0,2019-11-24T23:27,0.0
,0,2019-11-25T01:08,0.0
,0,2019-11-25T02:50,0.0
,0,2019-11-25T04:31,0.0
,0,2019-11-25T06:13,0.0
6.315282540157281e-05,286,2019-11-25T07:54,1.2434782608695651
,0,2019-11-25T09:36,0.0
,0,2019-11-25T11:17,0.0
,0,2019-11-25T12:59,0.0
,0,2019-11-25T14:40,0.0
,0,2019-11-25T16:22,0.0
,0,2019-11-25T18:03,0.0
,0,2019-11-25T19:45,0.0
,0,2019-11-25T21:26,0.0
,0,2019-11-25T23:08,0.0
,0,2019-11-26T00:49,0.0
,0,2019-11-26T02:31,0.0
,0,2019-11-26T04:12,0.0
,0,2019-11-26T05:54,0.0
6.104568403392615e-05,286,2019-11-26T07:35,1.2434782608695651
,0,2019-11-26T09:17,0.0
,0,2019-11-26T10:58,0.0
,0,2019-11-26T12:40,0.0
,0,2019-11-26T14:21,0.0
,0,2019-11-26T16:03,0.0
,0,2019-11-26T17:44,0.0
,0,2019-11-26T19:25,0.0
,0,2019-11-26T21:07,0.0
,0,2019-11-26T22:48,0.0
,0,2019-11-27T00:30,0.0
,0,2019-11-27T02:11,0.0
,0,2019-11-27T03:53,0.0
,0,2019-11-27T05:34,0.0
4.637897133908233e-05,286,2019-11-27T07:16,1.2434782608695651
,0,2019-11-27T08:57,0.0
,0,2019-11-27T10:39,0.0
,0,2019-11-27T12:20,0.0
,0,2019-11-27T14:02,0.0
,0,2019-11-27T15:43,0.0
,0,2019-11-27T17:25,0.0
,0,2019-11-27T19:06,0.0
,0,2019-11-27T20:48,0.0
,0,2019-11-27T22:29,0.0
,0,2019-11-28T00:11,0.0
,0,2019-11-28T01:52,0.0
,0,2019-11-28T03:34,0.0
,0,2019-11-28T05:15,0.0
5.275825336815267e-05,286,2019-11-28T06:57,1.2434782608695651
,0,2019-11-28T08:38,0.0
,0,2019-11-28T10:20,0.0
,0,2019-11-28T12:01,0.0
,0,2019-11-28T13:43,0.0
,0,2019-11-28T15:24,0.0
,0,2019-11-28T17:06,0.0
,0,2019-11-28T18:47,0.0
,0,2019-11-28T20:29,0.0
,0,2019-11-28T22:10,0.0
,0,2019-11-28T23:52,0.0
,0,2019-11-29T01:33,0.0
,0,2019-11-29T03:15,0.0
,0,2019-11-29T04:56,0.0
,0,2019-11-29T06:38,0.0
4.3400264010866125e-05,280,2019-11-29T08:19,1.2173913043478262
,0,2019-11-29T10:01,0.0
,0,2019-11-29T11:42,0.0
,0,2019-11-29T13:24,0.0
,0,2019-11-29T15:05,0.0
,0,2019-11-29T16:47,0.0
,0,2019-11-29T18:28,0.0
,0,2019-11-29T20:10,0.0
,0,2019-11-29T21:51,0.0
,0,2019-11-29T23:33,0.0
,0,2019-11-30T01:14,0.0
,0,2019-11-30T02:56,0.0
,0,2019-11-30T04:37,0.0
,0,2019-11-30T06:19,0.0
6.827106951354883e-05,53,2019-11-30T08:00,0.23043478260869565
,0,2019-11-30T09:42,0.0
,0,2019-11-30T11:23,0.0
,0,2019-11-30T13:05,0.0
,0,2019-11-30T14:46,0.0
,0,2019-11-30T16:28,0.0
,0,2019-11-30T18:09,0.0
,0,2019-11-30T19:51,0.0
,0,2019-11-30T21:32,0.0
,0,2019-11-30T23:14,0.0
,0,2019-12-01T00:55,0.0
,0,2019-12-01T02:37,0.0
,0,2019-12-01T04:18,0.0
,0,2019-12-01T06:00,0.0
5.1260704374427146e-05,193,2019-12-01T07:41,0.8391304347826087
,0,2019-12-01T09:23,0.0
,0,2019-12-01T11:04,0.0
,0,2019-12-01T12:46,0.0
,0,2019-12-01T14:27,0.0
,0,2019-12-01T16:09,0.0
,0,2019-12-01T17:50,0.0
,0,2019-12-01T19:32,0.0
,0,2019-12-01T21:13,0.0
,0,2019-12-01T22:55,0.0
,0,2019-12-02T00:36,0.0
,0,2019-12-02T02:18,0.0
,0,2019-12-02T03:59,0.0
,0,2019-12-02T05:41,0.0
2.5447371166862076e-05,13,2019-12-02T07:22,0.05652173913043478
,0,2019-12-02T09:04,0.0
,0,2019-12-02T10:45,0.0
,0,2019-12-02T12:27,0.0
,0,2019-12-02T14:08,0.0
,0,2019-12-02T15:50,0.0
,0,2019-12-02T17:31,0.0
,0,2019-12-02T19:13,0.0
,0,2019-12-02T20:54,0.0
,0,2019-12-02T22:35,0.0
,0,2019-12-03T00:17,0.0
,0,2019-12-03T01:58,0.0
,0,2019-12-03T03:40,0.0
,0,2019-12-03T05:21,0.0
,0,2019-12-03T07:03,0.0
,0,2019-12-03T08:44,0.0
,0,2019-12-03T10:26,0.0
,0,2019-12-03T12:07,0.0
,0,2019-12-03T13:49,0.0
,0,2019-12-03T15:30,0.0
,0,2019-12-03T17:12,0.0
,0,2019-12-03T18:53,0.0
,0,2019-12-03T20:35,0.0
,0,2019-12-03T22:16,0.0
,0,2019-12-03T23:58,0.0
,0,2019-12-04T01:39,0.0
,0,2019-12-04T03:21,0.0
,0,2019-12-04T05:02,0.0
,0,2019-12-04T06:44,0.0
,0,2019-12-04T08:25,0.0
,0,2019-12-04T10:07,0.0
,0,2019-12-04T11:48,0.0
,0,2019-12-04T13:30,0.0
,0,2019-12-04T15:11,0.0
,0,2019-12-04T16:53,0.0
,0,2019-12-04T18:34,0.0
,0,2019-12-04T20:16,0.0
,0,2019-12-04T21:57,0.0
,0,2019-12-04T23:39,0.0
,0,2019-12-05T01:20,0.0
,0,2019-12-05T03:02,0.0
,0,2019-12-05T04:43,0.0
,0,2019-12-05T06:25,0.0
,0,2019-12-05T08:06,0.0
,0,2019-12-05T09:48,0.0
,0,2019-12-05T11:29,0.0
,0,2019-12-05T13:11,0.0
,0,2019-12-05T14:52,0.0
,0,2019-12-05T16:34,0.0
,0,2019-12-05T18:15,0.0
,0,2019-12-05T19:57,0.0
,0,2019-12-05T21:38,0.0
,0,2019-12-05T23:20,0.0
,0,2019-12-06T01:01,0.0
,0,2019-12-06T02:43,0.0
,0,2019-12-06T04:24,0.0
,0,2019-12-06T06:06,0.0
5.237603903699109e-05,286,2019-12-06T07:47,1.2434782608695651
,0,2019-12-06T09:29,0.0
,0,2019-12-06T11:10,0.0
,0,2019-12-06T12:52,0.0
,0,2019-12-06T14:33,0.0
,0,2019-12-06T16:15,0.0
,0,2019-12-06T17:56,0.0
,0,2019-12-06T19:38,0.0
,0,2019-12-06T21:19,0.0
,0,2019-12-06T23:01,0.0
,0,2019-12-07T00:42,0.0
,0,2019-12-07T02:24,0.0
,0,2019-12-07T04:05,0.0
,0,2019-12-07T05:47,0.0
5.071731321570776e-05,286,2019-12-07T07:28,1.2434782608695651
,0,2019-12-07T09:10,0.0
,0,2019-12-07T10:51,0.0
,0,2019-12-07T12:33,0.0
,0,2019-12-07T14:14,0.0
,0,2019-12-07T15:56,0.0
,0,2019-12-07T17:37,0.0
,0,2019-12-07T19:19,0.0
,0,2019-12-07T21:00,0.0
,0,2019-12-07T22:42,0.0
,0,2019-12-08T00:23,0.0
,0,2019-12-08T02:05,0.0
,0,2019-12-08T03:46,0.0
,0,2019-12-08T05:28,0.0
5.695690205129913e-05,162,2019-12-08T07:09,0.7043478260869566
,0,2019-12-08T08:51,0.0
,0,2019-12-08T10:32,0.0
,0,2019-12-08T12:14,0.0
,0,2019-12-08T13:55,0.0
,0,2019-12-08T15:37,0.0
,0,2019-12-08T17:18,0.0
,0,2019-12-08T19:00,0.0
,0,2019-12-08T20:41,0.0
,0,2019-12-08T22:23,0.0
,0,2019-12-09T00:04,0.0
,0,2019-12-09T01:46,0.0
,0,2019-12-09T03:27,0.0
,0,2019-12-09T05:09,0.0
,0,2019-12-09T06:50,0.0
3.624287012342315e-05,92,2019-12-09T08:32,0.4
,0,2019-12-09T10:13,0.0
,0,2019-12-09T11:55,0.0
,0,2019-12-09T13:36,0.0
,0,2019-12-09T15:18,0.0
,0,2019-12-09T16:59,0.0
,0,2019-12-09T18:41,0.0
,0,2019-12-09T20:22,0.0
,0,2019-12-09T22:04,0.0
,0,2019-12-09T23:45,0.0
,0,2019-12-10T01:27,0.0
,0,2019-12-10T03:08,0.0
,0,2019-12-10T04:50,0.0
,0,2019-12-10T06:31,0.0
4.5100156562924265e-05,253,2019-12-10T08:13,1.1
,0,2019-12-10T09:54,0.0
,0,2019-12-10T11:36,0.0
,0,2019-12-10T13:17,0.0
,0,2019-12-10T14:59,0.0
,0,2019-12-10T16:40,0.0
,0,2019-12-10T18:21,0.0
,0,2019-12-10T20:03,0.0
,0,2019-12-10T21:44,0.0
,0,2019-12-10T23:26,0.0
,0,2019-12-11T01:07,0.0
,0,2019-12-11T02:49,0.0
,0,2019-12-11T04:30,0.0
,0,2019-12-11T06:12,0.0
7.34672172338203e-05,245,2019-12-11T07:53,1.065217391304348
,0,2019-12-11T09:35,0.0
,0,2019-12-11T11:16,0.0
,0,2019-12-11T12:58,0.0
,0,2019-12-11T14:39,0.0
,0,2019-12-11T16:21,0.0
,0,2019-12-11T18:02,0.0
,0,2019-12-11T19:44,0.0
,0,2019-12-11T21:25,0.0
,0,2019-12-11T23:07,0.0
,0,2019-12-12T00:48,0.0
,0,2019-12-12T02:30,0.0
,0,2019-12-12T04:11,0.0
,0,2019-12-12T05:53,0.0
8.799135738123656e-05,65,2019-12-12T07:34,0.2826086956521739
,0,2019-12-12T09:16,0.0
,0,2019-12-12T10:57,0.0
,0,2019-12-12T12:39,0.0
,0,2019-12-12T14:20,0.0
,0,2019-12-12T16:02,0.0
,0,2019-12-12T17:43,0.0
,0,2019-12-12T19:25,0.0
,0,2019-12-12T21:06,0.0
,0,2019-12-12T22:48,0.0
,0,2019-12-13T00:29,0.0
,0,2019-12-13T02:11,0.0
,0,2019-12-13T03:52,0.0
,0,2019-12-13T05:34,0.0
5.000366028403669e-05,286,2019-12-13T07:15,1.2434782608695651
,0,2019-12-13T08:57,0.0
,0,2019-12-13T10:38,0.0
,0,2019-12-13T12:20,0.0
,0,2019-12-13T14:01,0.0
,0,2019-12-13T15:43,0.0
,0,2019-12-13T17:24,0.0
,0,2019-12-13T19:06,0.0
,0,2019-12-13T20:47,0.0
,0,2019-12-13T22:29,0.0
,0,2019-12-14T00:10,0.0
,0,2019-12-14T01:52,0.0
,0,2019-12-14T03:33,0.0
,0,2019-12-14T05:15,0.0
7.928574759791578e-05,286,2019-12-14T06:56,1.2434782608695651
,0,2019-12-14T08:38,0.0
,0,2019-12-14T10:19,0.0
,0,2019-12-14T12:01,0.0
,0,2019-12-14T13:42,0.0
,0,2019-12-14T15:24,0.0
,0,2019-12-14T17:05,0.0
,0,2019-12-14T18:47,0.0
,0,2019-12-14T20:28,0.0
,0,2019-12-14T22:10,0.0
,0,2019-12-14T23:51,0.0
,0,2019-12-15T01:33,0.0
,0,2019-12-15T03:14,0.0
,0,2019-12-15T04:56,0.0
,0,2019-12-15T06:37,0.0
7.975748542259542e-05,37,2019-12-15T08:19,0.1608695652173913
,0,2019-12-15T10:00,0.0
,0,2019-12-15T11:42,0.0
,0,2019-12-15T13:23,0.0
,0,2019-12-15T15:05,0.0
,0,2019-12-15T16:46,0.0
,0,2019-12-15T18:28,0.0
,0,2019-12-15T20:09,0.0
,0,2019-12-15T21:51,0.0
,0,2019-12-15T23:32,0.0
,0,2019-12-16T01:14,0.0
,0,2019-12-16T02:55,0.0
,0,2019-12-16T04:37,0.0
,0,2019-12-16T06:18,0.0
6.155585042575688e-05,260,2019-12-16T08:00,1.1304347826086956
,0,2019-12-16T09:41,0.0
,0,2019-12-16T11:23,0.0
,0,2019-12-16T13:04,0.0
,0,2019-12-16T14:46,0.0
,0,2019-12-16T16:27,0.0
,0,2019-12-16T18:09,0.0
,0,2019-12-16T19:50,0.0
,0,2019-12-16T21:32,0.0
,0,2019-12-16T23:13,0.0
,0,2019-12-17T00:55,0.0
,0,2019-12-17T02:36,0.0
,0,2019-12-17T04:18,0.0
,0,2019-12-17T05:59,0.0
6.300099856728283e-05,286,2019-12-17T07:41,1.2434782608695651
,0,2019-12-17T09:22,0.0
,0,2019-12-17T11:04,0.0
,0,2019-12-17T12:45,0.0
,0,2019-12-17T14:27,0.0
,0,2019-12-17T16:08,0.0
,0,2019-12-17T17:50,0.0
,0,2019-12-17T19:31,0.0
,0,2019-12-17T21:13,0.0
,0,2019-12-17T22:54,0.0
,0,2019-12-18T00:36,0.0
,0,2019-12-18T02:17,0.0
,0,2019-12-18T03:59,0.0
,0,2019-12-18T05:40,0.0
4.8196727540959434e-05,262,2019-12-18T07:22,1.1391304347826088
,0,2019-12-18T09:03,0.0
,0,2019-12-18T10:45,0.0
,0,2019-12-18T12:26,0.0
,0,2019-12-18T14:08,0.0
,0,2019-12-18T15:49,0.0
,0,2019-12-18T17:31,0.0
,0,2019-12-18T19:12,0.0
,0,2019-12-18T20:54,0.0
,0,2019-12-18T22:35,0.0
,0,2019-12-19T00:17,0.0
,0,2019-12-19T01:58,0.0
,0,2019-12-19T03:40,0.0
,0,2019-12-19T05:21,0.0
4.8044962099037445e-05,286,2019-12-19T07:03,1.2434782608695651
,0,2019-12-19T08:44,0.0
,0,2019-12-19T10:26,0.0
,0,2019-12-19T12:07,0.0
,0,2019-12-19T13:49,0.0
,0,2019-12-19T15:30,0.0
,0,2019-12-19T17:12,0.0
,0,2019-12-19T18:53,0.0
,0,2019-12-19T20:35,0.0
,0,2019-12-19T22:16,0.0
,0,2019-12-19T23:58,0.0
,0,2019-12-20T01:39,0.0
,0,2019-12-20T03:21,0.0
,0,2019-12-20T05:02,0.0
,0,2019-12-20T06:44,0.0
8.326085320930022e-05,286,2019-12-20T08:25,1.2434782608695651
,0,2019-12-20T10:07,0.0
,0,2019-12-20T11:48,0.0
,0,2019-12-20T13:30,0.0
,0,2019-12-20T15:11,0.0
,0,2019-12-20T16:53,0.0
,0,2019-12-20T18:34,0.0
,0,2019-12-20T20:16,0.0
,0,2019-12-20T21:57,0.0
,0,2019-12-20T23:39,0.0
,0,2019-12-21T01:20,0.0
,0,2019-12-21T03:02,0.0
,0,2019-12-21T04:43,0.0
,0,2019-12-21T06:25,0.0
9.85269388214345e-05,135,2019-12-21T08:06,0.5869565217391305
,0,2019-12-21T09:48,0.0
,0,2019-12-21T11:29,0.0
,0,2019-12-21T13:11,0.0
,0,2019-12-21T14:52,0.0
,0,2019-12-21T16:34,0.0
,0,2019-12-21T18:15,0.0
,0,2019-12-21T19:57,0.0
,0,2019-12-21T21:38,0.0
,0,2019-12-21T23:20,0.0
,0,2019-12-22T01:01,0.0
,0,2019-12-22T02:43,0.0
,0,2019-12-22T04:24,0.0
,0,2019-12-22T06:06,0.0
,0,2019-12-22T07:47,0.0
,0,2019-12-22T09:29,0.0
,0,2019-12-22T11:10,0.0
,0,2019-12-22T12:52,0.0
,0,2019-12-22T14:33,0.0
,0,2019-12-22T16:14,0.0
,0,2019-12-22T17:56,0.0
,0,2019-12-22T19:37,0.0
,0,2019-12-22T21:19,0.0
,0,2019-12-22T23:01,0.0
,0,2019-12-23T00:42,0.0
,0,2019-12-23T02:24,0.0
,0,2019-12-23T04:05,0.0
,0,2019-12-23T05:47,0.0
6.110054453096235e-05,279,2019-12-23T07:28,1.2130434782608697
,0,2019-12-23T09:09,0.0
,0,2019-12-23T10:51,0.0
,0,2019-12-23T12:32,0.0
,0,2019-12-23T14:14,0.0
,0,2019-12-23T15:55,0.0
,0,2019-12-23T17:37,0.0
,0,2019-12-23T19:18,0.0
,0,2019-12-23T21:00,0.0
,0,2019-12-23T22:41,0.0
,0,2019-12-24T00:23,0.0
,0,2019-12-24T02:04,0.0
,0,2019-12-24T03:46,0.0
,0,2019-12-24T05:27,0.0
5.982465096586056e-05,51,2019-12-24T07:09,0.2217391304347826
,0,2019-12-24T08:50,0.0
,0,2019-12-24T10:32,0.0
,0,2019-12-24T12:13,0.0
,0,2019-12-24T13:55,0.0
,0,2019-12-24T15:36,0.0
,0,2019-12-24T17:18,0.0
,0,2019-12-24T18:59,0.0
,0,2019-12-24T20:41,0.0
,0,2019-12-24T22:22,0.0
,0,2019-12-25T00:04,0.0
,0,2019-12-25T01:45,0.0
,0,2019-12-25T03:27,0.0
,0,2019-12-25T05:08,0.0
,0,2019-12-25T06:50,0.0
,0,2019-12-25T08:31,0.0
,0,2019-12-25T10:13,0.0
,0,2019-12-25T11:54,0.0
,0,2019-12-25T13:36,0.0
,0,2019-12-25T15:17,0.0
,0,2019-12-25T16:59,0.0
,0,2019-12-25T18:40,0.0
,0,2019-12-25T20:22,0.0
,0,2019-12-25T22:03,0.0
,0,2019-12-25T23:45,0.0
,0,2019-12-26T01:26,0.0
,0,2019-12-26T03:08,0.0
,0,2019-12-26T04:49,0.0
,0,2019-12-26T06:31,0.0
3.1786755875808604e-05,16,2019-12-26T08:12,0.06956521739130435
,0,2019-12-26T09:54,0.0
,0,2019-12-26T11:35,0.0
,0,2019-12-26T13:17,0.0
,0,2019-12-26T14:58,0.0
,0,2019-12-26T16:40,0.0
,0,2019-12-26T18:21,0.0
,0,2019-12-26T20:03,0.0
,0,2019-12-26T21:44,0.0
,0,2019-12-26T23:26,0.0
,0,2019-12-27T01:07,0.0
,0,2019-12-27T02:49,0.0
,0,2019-12-27T04:30,0.0
,0,2019-12-27T06:12,0.0
6.695261335551985e-05,276,2019-12-27T07:53,1.2
,0,2019-12-27T09:35,0.0
,0,2019-12-27T11:16,0.0
,0,2019-12-27T12:58,0.0
,0,2019-12-27T14:39,0.0
,0,2019-12-27T16:21,0.0
,0,2019-12-27T18:02,0.0
,0,2019-12-27T19:44,0.0
,0,2019-12-27T21:25,0.0
,0,2019-12-27T23:07,0.0
,0,2019-12-28T00:48,0.0
,0,2019-12-28T02:30,0.0
,0,2019-12-28T04:11,0.0
,0,2019-12-28T05:53,0.0
5.6808833468871857e-05,273,2019-12-28T07:34,1.1869565217391305
,0,2019-12-28T09:16,0.0
,0,2019-12-28T10:57,0.0
,0,2019-12-28T12:39,0.0
,0,2019-12-28T14:20,0.0
,0,2019-12-28T16:02,0.0
,0,2019-12-28T17:43,0.0
,0,2019-12-28T19:25,0.0
,0,2019-12-28T21:06,0.0
,0,2019-12-28T22:48,0.0
,0,2019-12-29T00:29,0.0
,0,2019-12-29T02:11,0.0
,0,2019-12-29T03:52,0.0
,0,2019-12-29T05:34,0.0
,0,2019-12-29T07:15,0.0
,0,2019-12-29T08:57,0.0
,0,2019-12-29T10:38,0.0
,0,2019-12-29T12:20,0.0
,0,2019-12-29T14:01,0.0
,0,2019-12-29T15:43,0.0
,0,2019-12-29T17:24,0.0
,0,2019-12-29T19:06,0.0
,0,2019-12-29T20:47,0.0
,0,2019-12-29T22:29,0.0
,0,2019-12-30T00:10,0.0
,0,2019-12-30T01:52,0.0
,0,2019-12-30T03:33,0.0
,0,2019-12-30T05:15,0.0
6.741110191964274e-05,236,2019-12-30T06:56,1.0260869565217392
,0,2019-12-30T08:38,0.0
,0,2019-12-30T10:19,0.0
,0,2019-12-30T12:01,0.0
,0,2019-12-30T13:42,0.0
,0,2019-12-30T15:24,0.0
,0,2019-12-30T17:05,0.0
,0,2019-12-30T18:47,0.0
,0,2019-12-30T20:28,0.0
,0,2019-12-30T22:10,0.0
,0,2019-12-30T23:51,0.0
,0,2019-12-31T01:33,0.0
,0,2019-12-31T03:14,0.0
,0,2019-12-31T04:56,0.0
,0,2019-12-31T06:37,0.0
4.4566511134338854e-05,286,2019-12-31T08:19,1.2434782608695651
,0,2019-12-31T10:00,0.0
,0,2019-12-31T11:42,0.0
,0,2019-12-31T13:23,0.0
,0,2019-12-31T15:05,0.0
,0,2019-12-31T16:46,0.0
,0,2019-12-31T18:28,0.0
,0,2019-12-31T20:09,0.0
,0,2019-12-31T21:51,0.0
,0,2019-12-31T23:32,0.0
,0,2020-01-01T01:14,0.0
,0,2020-01-01T02:55,0.0
,0,2020-01-01T04:37,0.0
,0,2020-01-01T06:18,0.0
7.999893948145598e-05,286,2020-01-01T08:00,1.2434782608695651
,0,2020-01-01T09:41,0.0
,0,2020-01-01T11:23,0.0
,0,2020-01-01T13:04,0.0
,0,2020-01-01T14:46,0.0
,0,2020-01-01T16:27,0.0
,0,2020-01-01T18:09,0.0
,0,2020-01-01T19:50,0.0
,0,2020-01-01T21:32,0.0
,0,2020-01-01T23:13,0.0
,0,2020-01-02T00:55,0.0
,0,2020-01-02T02:36,0.0
,0,2020-01-02T04:18,0.0
,0,2020-01-02T05:59,0.0
5.46180988873895e-05,234,2020-01-02T07:41,1.017391304347826
,0,2020-01-02T09:22,0.0
,0,2020-01-02T11:04,0.0
,0,2020-01-02T12:45,0.0
,0,2020-01-02T14:27,0.0
,0,2020-01-02T16:08,0.0
,0,2020-01-02T17:50,0.0
,0,2020-01-02T19:31,0.0
,0,2020-01-02T21:13,0.0
,0,2020-01-02T22:54,0.0
,0,2020-01-03T00:36,0.0
,0,2020-01-03T02:17,0.0
,0,2020-01-03T03:59,0.0
,0,2020-01-03T05:40,0.0
6.42796682718189e-05,286,2020-01-03T07:22,1.2434782608695651
,0,2020-01-03T09:03,0.0
,0,2020-01-03T10:45,0.0
,0,2020-01-03T12:26,0.0
,0,2020-01-03T14:08,0.0
,0,2020-01-03T15:49,0.0
,0,2020-01-03T17:31,0.0
,0,2020-01-03T19:12,0.0
,0,2020-01-03T20:54,0.0
,0,2020-01-03T22:35,0.0
,0,2020-01-04T00:17,0.0
,0,2020-01-04T01:58,0.0
,0,2020-01-04T03:40,0.0
,0,2020-01-04T05:21,0.0
,0,2020-01-04T07:03,0.0
,0,2020-01-04T08:44,0.0
,0,2020-01-04T10:26,0.0
,0,2020-01-04T12:07,0.0
,0,2020-01-04T13:49,0.0
,0,2020-01-04T15:30,0.0
,0,2020-01-04T17:12,0.0
,0,2020-01-04T18:53,0.0
,0,2020-01-04T20:35,0.0
,0,2020-01-04T22:16,0.0
,0,2020-01-04T23:58,0.0
,0,2020-01-05T01:39,0.0
,0,2020-01-05T03:21,0.0
,0,2020-01-05T05:02,0.0
,0,2020-01-05T06:44,0.0
4.820865987686231e-05,286,2020-01-05T08:25,1.2434782608695651
,0,2020-01-05T10:07,0.0
,0,2020-01-05T11:48,0.0
,0,2020-01-05T13:30,0.0
,0,2020-01-05T15:11,0.0
,0,2020-01-05T16:53,0.0
,0,2020-01-05T18:34,0.0
,0,2020-01-05T20:16,0.0
,0,2020-01-05T21:57,0.0
,0,2020-01-05T23:39,0.0
,0,2020-01-06T01:20,0.0
,0,2020-01-06T03:02,0.0
,0,2020-01-06T04:43,0.0
,0,2020-01-06T06:25,0.0
6.505444190238992e-05,286,2020-01-06T08:06,1.2434782608695651
,0,2020-01-06T09:48,0.0
,0,2020-01-06T11:29,0.0
,0,2020-01-06T13:11,0.0
,0,2020-01-06T14:52,0.0
,0,2020-01-06T16:34,0.0
,0,2020-01-06T18:15,0.0
,0,2020-01-06T19:57,0.0
,0,2020-01-06T21:38,0.0
,0,2020-01-06T23:20,0.0
,0,2020-01-07T01:01,0.0
,0,2020-01-07T02:43,0.0
,0,2020-01-07T04:24,0.0
,0,2020-01-07T06:06,0.0
7.054304169063256e-05,67,2020-01-07T07:47,0.29130434782608694
,0,2020-01-07T09:29,0.0
,0,2020-01-07T11:10,0.0
,0,2020-01-07T12:52,0.0
,0,2020-01-07T14:33,0.0
,0,2020-01-07T16:15,0.0
,0,2020-01-07T17:56,0.0
,0,2020-01-07T19:38,0.0
,0,2020-01-07T21:19,0.0
,0,2020-01-07T23:01,0.0
,0,2020-01-08T00:42,0.0
,0,2020-01-08T02:24,0.0
,0,2020-01-08T04:05,0.0
,0,2020-01-08T05:47,0.0
2.8676226559531367e-05,127,2020-01-08T07:28,0.5521739130434783
,0,2020-01-08T09:10,0.0
,0,2020-01-08T10:51,0.0
,0,2020-01-08T12:33,0.0
,0,2020-01-08T14:14,0.0
,0,2020-01-08T15:56,0.0
,0,2020-01-08T17:37,0.0
,0,2020-01-08T19:19,0.0
,0,2020-01-08T21:00,0.0
,0,2020-01-08T22:42,0.0
,0,2020-01-09T00:23,0.0
,0,2020-01-09T02:05,0.0
,0,2020-01-09T03:46,0.0
,0,2020-01-09T05:28,0.0
7.343712219548025e-05,286,2020-01-09T07:09,1.2434782608695651
,0,2020-01-09T08:51,0.0
,0,2020-01-09T10:32,0.0
,0,2020-01-09T12:14,0.0
,0,2020-01-09T13:55,0.0
,0,2020-01-09T15:37,0.0
,0,2020-01-09T17:18,0.0
,0,2020-01-09T19:00,0.0
,0,2020-01-09T20:41,0.0
,0,2020-01-09T22:23,0.0
,0,2020-01-10T00:04,0.0
,0,2020-01-10T01:46,0.0
,0,2020-01-10T03:27,0.0
,0,2020-01-10T05:09,0.0
5.3331804341255284e-05,91,2020-01-10T06:50,0.39565217391304347
4.635224148869745e-05,286,2020-01-10T08:32,1.2434782608695651
,0,2020-01-10T10:13,0.0
,0,2020-01-10T11:55,0.0
,0,2020-01-10T13:36,0.0
,0,2020-01-10T15:18,0.0
,0,2020-01-10T16:59,0.0
,0,2020-01-10T18:41,0.0
,0,2020-01-10T20:22,0.0
,0,2020-01-10T22:04,0.0
,0,2020-01-10T23:45,0.0
,0,2020-01-11T01:27,0.0
,0,2020-01-11T03:08,0.0
,0,2020-01-11T04:50,0.0
,0,2020-01-11T06:31,0.0
5.277987261175834e-05,286,2020-01-11T08:13,1.2434782608695651
,0,2020-01-11T09:54,0.0
,0,2020-01-11T11:36,0.0
,0,2020-01-11T13:17,0.0
,0,2020-01-11T14:59,0.0
,0,2020-01-11T16:40,0.0
,0,2020-01-11T18:22,0.0
,0,2020-01-11T20:03,0.0
,0,2020-01-11T21:45,0.0
,0,2020-01-11T23:26,0.0
,0,2020-01-12T01:08,0.0
,0,2020-01-12T02:49,0.0
,0,2020-01-12T04:31,0.0
,0,2020-01-12T06:12,0.0
5.936783159190894e-05,286,2020-01-12T07:54,1.2434782608695651
,0,2020-01-12T09:35,0.0
,0,2020-01-12T11:17,0.0
,0,2020-01-12T12:58,0.0
,0,2020-01-12T14:40,0.0
,0,2020-01-12T16:21,0.0
,0,2020-01-12T18:03,0.0
,0,2020-01-12T19:44,0.0
,0,2020-01-12T21:26,0.0
,0,2020-01-12T23:07,0.0
,0,2020-01-13T00:49,0.0
,0,2020-01-13T02:30,0.0
,0,2020-01-13T04:12,0.0
,0,2020-01-13T05:53,0.0
4.495082519048258e-05,58,2020-01-13T07:35,0.25217391304347825
,0,2020-01-13T09:16,0.0
,0,2020-01-13T10:58,0.0
,0,2020-01-13T12:39,0.0
,0,2020-01-13T14:21,0.0
,0,2020-01-13T16:02,0.0
,0,2020-01-13T17:44,0.0
,0,2020-01-13T19:25,0.0
,0,2020-01-13T21:07,0.0
,0,2020-01-13T22:48,0.0
,0,2020-01-14T00:30,0.0
,0,2020-01-14T02:11,0.0
,0,2020-01-14T03:53,0.0
,0,2020-01-14T05:34,0.0
4.784864826747691e-05,286,2020-01-14T07:16,1.2434782608695651
,0,2020-01-14T08:57,0.0
,0,2020-01-14T10:39,0.0
,0,2020-01-14T12:20,0.0
,0,2020-01-14T14:02,0.0
,0,2020-01-14T15:43,0.0
,0,2020-01-14T17:25,0.0
,0,2020-01-14T19:06,0.0
,0,2020-01-14T20:48,0.0
,0,2020-01-14T22:29,0.0
,0,2020-01-15T00:11,0.0
,0,2020-01-15T01:52,0.0
,0,2020-01-15T03:34,0.0
,0,2020-01-15T05:15,0.0
6.015674719009603e-05,85,2020-01-15T06:57,0.3695652173913043
,0,2020-01-15T08:38,0.0
,0,2020-01-15T10:20,0.0
,0,2020-01-15T12:01,0.0
,0,2020-01-15T13:43,0.0
,0,2020-01-15T15:25,0.0
,0,2020-01-15T17:06,0.0
,0,2020-01-15T18:48,0.0
,0,2020-01-15T20:29,0.0
,0,2020-01-15T22:11,0.0
,0,2020-01-15T23:52,0.0
,0,2020-01-16T01:34,0.0
,0,2020-01-16T03:15,0.0
,0,2020-01-16T04:57,0.0
,0,2020-01-16T06:38,0.0
3.842998379812567e-05,286,2020-01-16T08:20,1.2434782608695651
,0,2020-01-16T10:01,0.0
,0,2020-01-16T11:43,0.0
,0,2020-01-16T13:24,0.0
,0,2020-01-16T15:06,0.0
,0,2020-01-16T16:47,0.0
,0,2020-01-16T18:29,0.0
,0,2020-01-16T20:10,0.0
,0,2020-01-16T21:52,0.0
,0,2020-01-16T23:33,0.0
,0,2020-01-17T01:15,0.0
,0,2020-01-17T02:56,0.0
,0,2020-01-17T04:38,0.0
,0,2020-01-17T06:19,0.0
0.00014015749034355495,286,2020-01-17T08:01,1.2434782608695651
,0,2020-01-17T09:42,0.0
,0,2020-01-17T11:24,0.0
,0,2020-01-17T13:05,0.0
,0,2020-01-17T14:47,0.0
,0,2020-01-17T16:28,0.0
,0,2020-01-17T18:10,0.0
,0,2020-01-17T19:51,0.0
,0,2020-01-17T21:33,0.0
,0,2020-01-17T23:14,0.0
,0,2020-01-18T00:56,0.0
,0,2020-01-18T02:37,0.0
,0,2020-01-18T04:19,0.0
,0,2020-01-18T06:00,0.0
9.237589819104737e-05,286,2020-01-18T07:42,1.2434782608695651
,0,2020-01-18T09:23,0.0
,0,2020-01-18T11:05,0.0
,0,2020-01-18T12:46,0.0
,0,2020-01-18T14:28,0.0
,0,2020-01-18T16:09,0.0
,0,2020-01-18T17:51,0.0
,0,2020-01-18T19:32,0.0
,0,2020-01-18T21:14,0.0
,0,2020-01-18T22:55,0.0
,0,2020-01-19T00:37,0.0
,0,2020-01-19T02:18,0.0
,0,2020-01-19T05:41,0.0
5.767508754969407e-05,286,2020-01-19T07:23,1.2434782608695651
,0,2020-01-19T09:04,0.0
,0,2020-01-19T10:46,0.0
,0,2020-01-19T12:27,0.0
,0,2020-01-19T14:09,0.0
,0,2020-01-19T15:50,0.0
,0,2020-01-19T17:32,0.0
,0,2020-01-19T19:13,0.0
,0,2020-01-19T20:55,0.0
,0,2020-01-19T22:36,0.0
,0,2020-01-20T00:18,0.0
,0,2020-01-20T01:59,0.0
,0,2020-01-20T03:41,0.0
,0,2020-01-20T05:22,0.0
5.9175111273498345e-05,286,2020-01-20T07:04,1.2434782608695651
,0,2020-01-20T08:45,0.0
,0,2020-01-20T10:27,0.0
,0,2020-01-20T12:08,0.0
,0,2020-01-20T13:50,0.0
,0,2020-01-20T15:31,0.0
,0,2020-01-20T17:13,0.0
,0,2020-01-20T18:54,0.0
,0,2020-01-20T20:36,0.0
,0,2020-01-20T22:17,0.0
,0,2020-01-20T23:59,0.0
,0,2020-01-21T01:40,0.0
,0,2020-01-21T03:22,0.0
,0,2020-01-21T05:03,0.0
,0,2020-01-21T06:45,0.0
4.109036194813627e-05,75,2020-01-21T08:26,0.32608695652173914
,0,2020-01-21T10:08,0.0
,0,2020-01-21T11:49,0.0
,0,2020-01-21T13:31,0.0
,0,2020-01-21T15:12,0.0
,0,2020-01-21T16:54,0.0
,0,2020-01-21T18:35,0.0
,0,2020-01-21T20:17,0.0
,0,2020-01-21T21:58,0.0
,0,2020-01-21T23:40,0.0
,0,2020-01-22T01:21,0.0
,0,2020-01-22T03:03,0.0
,0,2020-01-22T04:44,0.0
,0,2020-01-22T06:26,0.0
6.843860188019298e-05,285,2020-01-22T08:07,1.2391304347826086
,0,2020-01-22T09:49,0.0
,0,2020-01-22T11:30,0.0
,0,2020-01-22T13:12,0.0
,0,2020-01-22T14:53,0.0
,0,2020-01-22T16:35,0.0
,0,2020-01-22T18:16,0.0
,0,2020-01-22T19:58,0.0
,0,2020-01-22T21:39,0.0
,0,2020-01-22T23:21,0.0
,0,2020-01-23T01:02,0.0
,0,2020-01-23T02:44,0.0
,0,2020-01-23T04:25,0.0
,0,2020-01-23T06:07,0.0
7.754681699174347e-05,286,2020-01-23T07:48,1.2434782608695651
,0,2020-01-23T09:30,0.0
,0,2020-01-23T11:11,0.0
,0,2020-01-23T12:53,0.0
,0,2020-01-23T14:34,0.0
,0,2020-01-23T16:16,0.0
,0,2020-01-23T17:57,0.0
,0,2020-01-23T19:39,0.0
,0,2020-01-23T21:20,0.0
,0,2020-01-23T23:02,0.0
,0,2020-01-24T00:43,0.0
,0,2020-01-24T02:25,0.0
,0,2020-01-24T04:06,0.0
,0,2020-01-24T05:48,0.0
7.807233603869133e-05,286,2020-01-24T07:29,1.2434782608695651
,0,2020-01-24T09:11,0.0
,0,2020-01-24T10:52,0.0
,0,2020-01-24T12:34,0.0
,0,2020-01-24T14:15,0.0
,0,2020-01-24T15:57,0.0
,0,2020-01-24T17:38,0.0
,0,2020-01-24T19:20,0.0
,0,2020-01-24T21:01,0.0
,0,2020-01-24T22:43,0.0
,0,2020-01-25T00:24,0.0
,0,2020-01-25T02:06,0.0
,0,2020-01-25T03:47,0.0
,0,2020-01-25T05:29,0.0
7.639590420929207e-05,286,2020-01-25T07:10,1.2434782608695651
,0,2020-01-25T08:52,0.0
,0,2020-01-25T10:33,0.0
,0,2020-01-25T12:15,0.0
,0,2020-01-25T13:56,0.0
,0,2020-01-25T15:38,0.0
,0,2020-01-25T17:19,0.0
,0,2020-01-25T19:01,0.0
,0,2020-01-25T20:42,0.0
,0,2020-01-25T22:24,0.0
,0,2020-01-26T00:05,0.0
,0,2020-01-26T01:47,0.0
,0,2020-01-26T03:28,0.0
,0,2020-01-26T05:10,0.0
5.2882047718594903e-05,286,2020-01-26T06:51,1.2434782608695651
6.575497112247728e-05,286,2020-01-26T08:33,1.2434782608695651
,0,2020-01-26T10:14,0.0
,0,2020-01-26T11:56,0.0
,0,2020-01-26T13:37,0.0
,0,2020-01-26T15:19,0.0
,0,2020-01-26T17:00,0.0
,0,2020-01-26T18:42,0.0
,0,2020-01-26T20:23,0.0
,0,2020-01-26T22:05,0.0
,0,2020-01-26T23:46,0.0
,0,2020-01-27T01:28,0.0
,0,2020-01-27T03:09,0.0
,0,2020-01-27T04:51,0.0
,0,2020-01-27T06:32,0.0
3.627145352030462e-05,286,2020-01-27T08:14,1.2434782608695651
,0,2020-01-27T09:55,0.0
,0,2020-01-27T11:37,0.0
,0,2020-01-27T13:18,0.0
,0,2020-01-27T15:00,0.0
,0,2020-01-27T16:41,0.0
,0,2020-01-27T18:23,0.0
,0,2020-01-27T20:04,0.0
,0,2020-01-27T21:46,0.0
,0,2020-01-27T23:27,0.0
,0,2020-01-28T01:09,0.0
,0,2020-01-28T02:50,0.0
,0,2020-01-28T04:32,0.0
,0,2020-01-28T06:13,0.0
1.8911530574599205e-05,218,2020-01-28T07:55,0.9478260869565217
,0,2020-01-28T09:36,0.0
,0,2020-01-28T11:18,0.0
,0,2020-01-28T12:59,0.0
,0,2020-01-28T14:41,0.0
,0,2020-01-28T16:22,0.0
,0,2020-01-28T18:04,0.0
,0,2020-01-28T19:45,0.0
,0,2020-01-28T21:27,0.0
,0,2020-01-28T23:08,0.0
,0,2020-01-29T00:50,0.0
,0,2020-01-29T02:32,0.0
,0,2020-01-29T04:13,0.0
,0,2020-01-29T05:55,0.0
4.7347106650319326e-05,286,2020-01-29T07:36,1.2434782608695651
,0,2020-01-29T09:18,0.0
,0,2020-01-29T10:59,0.0
,0,2020-01-29T12:41,0.0
,0,2020-01-29T14:22,0.0
,0,2020-01-29T16:04,0.0
,0,2020-01-29T17:45,0.0
,0,2020-01-29T19:27,0.0
,0,2020-01-29T21:08,0.0
,0,2020-01-29T22:50,0.0
,0,2020-01-30T00:31,0.0
,0,2020-01-30T02:13,0.0
,0,2020-01-30T03:54,0.0
,0,2020-01-30T05:36,0.0
9.389012828773265e-05,286,2020-01-30T07:17,1.2434782608695651
,0,2020-01-30T08:59,0.0
,0,2020-01-30T10:40,0.0
,0,2020-01-30T12:22,0.0
,0,2020-01-30T14:03,0.0
,0,2020-01-30T15:45,0.0
,0,2020-01-30T17:26,0.0
,0,2020-01-30T19:08,0.0
,0,2020-01-30T20:49,0.0
,0,2020-01-30T22:31,0.0
,0,2020-01-31T00:12,0.0
,0,2020-01-31T01:54,0.0
,0,2020-01-31T03:35,0.0
,0,2020-01-31T05:17,0.0
9.188442896739958e-05,286,2020-01-31T06:58,1.2434782608695651
,0,2020-01-31T08:40,0.0
,0,2020-01-31T10:21,0.0
,0,2020-01-31T12:03,0.0
,0,2020-01-31T13:44,0.0
,0,2020-01-31T15:26,0.0
,0,2020-01-31T17:07,0.0
,0,2020-01-31T18:49,0.0
,0,2020-01-31T20:30,0.0
,0,2020-01-31T22:12,0.0
,0,2020-01-31T23:53,0.0
,0,2020-02-01T01:35,0.0
,0,2020-02-01T03:16,0.0
,0,2020-02-01T04:58,0.0
,0,2020-02-01T06:39,0.0
7.306332108854533e-05,286,2020-02-01T08:21,1.2434782608695651
,0,2020-02-01T10:02,0.0
,0,2020-02-01T11:44,0.0
,0,2020-02-01T13:25,0.0
,0,2020-02-01T15:07,0.0
,0,2020-02-01T16:48,0.0
,0,2020-02-01T18:30,0.0
,0,2020-02-01T20:11,0.0
,0,2020-02-01T21:53,0.0
,0,2020-02-01T23:34,0.0
,0,2020-02-02T01:16,0.0
,0,2020-02-02T02:57,0.0
,0,2020-02-02T04:39,0.0
,0,2020-02-02T06:20,0.0
6.99188160006654e-05,286,2020-02-02T08:02,1.2434782608695651
,0,2020-02-02T09:43,0.0
,0,2020-02-02T11:25,0.0
,0,2020-02-02T13:06,0.0
,0,2020-02-02T14:48,0.0
,0,2020-02-02T16:29,0.0
,0,2020-02-02T18:11,0.0
,0,2020-02-02T19:52,0.0
,0,2020-02-02T21:34,0.0
,0,2020-02-02T23:15,0.0
,0,2020-02-03T00:57,0.0
,0,2020-02-03T02:38,0.0
,0,2020-02-03T04:20,0.0
,0,2020-02-03T06:01,0.0
5.121959014785804e-05,286,2020-02-03T07:43,1.2434782608695651
,0,2020-02-03T09:24,0.0
,0,2020-02-03T11:06,0.0
,0,2020-02-03T12:47,0.0
,0,2020-02-03T14:29,0.0
,0,2020-02-03T16:10,0.0
,0,2020-02-03T17:52,0.0
,0,2020-02-03T19:33,0.0
,0,2020-02-03T21:15,0.0
,0,2020-02-03T22:56,0.0
,0,2020-02-04T00:38,0.0
,0,2020-02-04T02:19,0.0
,0,2020-02-04T04:01,0.0
,0,2020-02-04T05:42,0.0
6.480250383854048e-05,286,2020-02-04T07:24,1.2434782608695651
,0,2020-02-04T09:05,0.0
,0,2020-02-04T10:47,0.0
,0,2020-02-04T12:28,0.0
,0,2020-02-04T14:10,0.0
,0,2020-02-04T15:51,0.0
,0,2020-02-04T17:33,0.0
,0,2020-02-04T19:14,0.0
,0,2020-02-04T20:56,0.0
,0,2020-02-04T22:37,0.0
,0,2020-02-05T00:19,0.0
,0,2020-02-05T02:00,0.0
,0,2020-02-05T03:42,0.0
,0,2020-02-05T05:23,0.0
4.364647631918059e-05,286,2020-02-05T07:05,1.2434782608695651
,0,2020-02-05T08:46,0.0
,0,2020-02-05T10:28,0.0
,0,2020-02-05T12:09,0.0
,0,2020-02-05T13:51,0.0
,0,2020-02-05T15:32,0.0
,0,2020-02-05T17:14,0.0
,0,2020-02-05T18:55,0.0
,0,2020-02-05T20:37,0.0
,0,2020-02-05T22:18,0.0
,0,2020-02-06T00:00,0.0
,0,2020-02-06T01:41,0.0
,0,2020-02-06T03:23,0.0
,0,2020-02-06T05:04,0.0
,0,2020-02-06T06:46,0.0
3.341918555512963e-05,286,2020-02-06T08:27,1.2434782608695651
,0,2020-02-06T10:09,0.0
,0,2020-02-06T11:50,0.0
,0,2020-02-06T13:32,0.0
,0,2020-02-06T15:13,0.0
,0,2020-02-06T16:55,0.0
,0,2020-02-06T18:36,0.0
,0,2020-02-06T20:18,0.0
,0,2020-02-06T21:59,0.0
,0,2020-02-06T23:41,0.0
,0,2020-02-07T01:23,0.0
,0,2020-02-07T03:04,0.0
,0,2020-02-07T04:46,0.0
,0,2020-02-07T06:27,0.0
5.8854200293863495e-05,286,2020-02-07T08:09,1.2434782608695651
,0,2020-02-07T09:50,0.0
,0,2020-02-07T11:32,0.0
,0,2020-02-07T13:13,0.0
,0,2020-02-07T14:55,0.0
,0,2020-02-07T16:36,0.0
,0,2020-02-07T18:18,0.0
,0,2020-02-07T19:59,0.0
,0,2020-02-07T21:41,0.0
,0,2020-02-07T23:22,0.0
,0,2020-02-08T01:04,0.0
,0,2020-02-08T02:45,0.0
,0,2020-02-08T04:27,0.0
,0,2020-02-08T06:08,0.0
4.1901665709799444e-05,127,2020-02-08T07:50,0.5521739130434783
,0,2020-02-08T09:31,0.0
,0,2020-02-08T11:13,0.0
,0,2020-02-08T12:54,0.0
,0,2020-02-08T14:36,0.0
,0,2020-02-08T16:17,0.0
,0,2020-02-08T17:59,0.0
,0,2020-02-08T19:40,0.0
,0,2020-02-08T21:22,0.0
,0,2020-02-09T00:45,0.0
,0,2020-02-09T02:26,0.0
,0,2020-02-09T04:08,0.0
,0,2020-02-09T05:49,0.0
4.4509740839053166e-05,286,2020-02-09T07:31,1.2434782608695651
,0,2020-02-09T09:12,0.0
,0,2020-02-09T10:54,0.0
,0,2020-02-09T12:35,0.0
,0,2020-02-09T14:17,0.0
,0,2020-02-09T15:58,0.0
,0,2020-02-09T17:40,0.0
,0,2020-02-09T19:21,0.0
,0,2020-02-09T21:03,0.0
,0,2020-02-09T22:44,0.0
,0,2020-02-10T00:26,0.0
,0,2020-02-10T02:07,0.0
,0,2020-02-10T03:49,0.0
,0,2020-02-10T05:30,0.0
3.8464357439026595e-05,286,2020-02-10T07:12,1.2434782608695651
,0,2020-02-10T08:53,0.0
,0,2020-02-10T10:35,0.0
,0,2020-02-10T15:39,0.0
,0,2020-02-10T17:21,0.0
,0,2020-02-10T19:02,0.0
,0,2020-02-10T20:44,0.0
,0,2020-02-10T22:25,0.0
,0,2020-02-11T00:07,0.0
,0,2020-02-11T01:48,0.0
,0,2020-02-11T03:30,0.0
,0,2020-02-11T05:11,0.0
2.9976267888495074e-05,206,2020-02-11T06:53,0.8956521739130435
2.913076040964505e-05,16,2020-02-11T08:34,0.06956521739130435
,0,2020-02-11T10:16,0.0
,0,2020-02-11T11:57,0.0
,0,2020-02-11T13:39,0.0
,0,2020-02-11T15:20,0.0
,0,2020-02-11T17:02,0.0
,0,2020-02-11T18:43,0.0
,0,2020-02-11T20:25,0.0
,0,2020-02-11T22:06,0.0
,0,2020-02-11T23:48,0.0
,0,2020-02-12T01:29,0.0
,0,2020-02-12T03:11,0.0
,0,2020-02-12T04:52,0.0
,0,2020-02-12T06:34,0.0
,0,2020-02-12T08:15,0.0
,0,2020-02-12T09:57,0.0
,0,2020-02-12T11:38,0.0
,0,2020-02-12T13:20,0.0
,0,2020-02-12T15:01,0.0
,0,2020-02-12T16:43,0.0
,0,2020-02-12T18:24,0.0
,0,2020-02-12T20:06,0.0
,0,2020-02-12T21:47,0.0
,0,2020-02-12T23:29,0.0
,0,2020-02-13T01:10,0.0
,0,2020-02-13T02:52,0.0
,0,2020-02-13T04:33,0.0
,0,2020-02-13T06:15,0.0
,0,2020-02-13T07:56,0.0
,0,2020-02-13T09:38,0.0
,0,2020-02-13T11:19,0.0
,0,2020-02-13T13:01,0.0
,0,2020-02-13T14:42,0.0
,0,2020-02-13T16:24,0.0
,0,2020-02-13T18:05,0.0
,0,2020-02-13T19:47,0.0
,0,2020-02-13T21:28,0.0
,0,2020-02-13T23:10,0.0
,0,2020-02-14T00:51,0.0
,0,2020-02-14T02:33,0.0
,0,2020-02-14T04:14,0.0
,0,2020-02-14T05:56,0.0
9.417870971973047e-05,286,2020-02-14T07:37,1.2434782608695651
,0,2020-02-14T09:19,0.0
,0,2020-02-14T11:00,0.0
,0,2020-02-14T12:42,0.0
,0,2020-02-14T14:24,0.0
,0,2020-02-14T16:05,0.0
,0,2020-02-14T17:47,0.0
,0,2020-02-14T19:28,0.0
,0,2020-02-14T21:10,0.0
,0,2020-02-14T22:51,0.0
,0,2020-02-15T00:33,0.0
,0,2020-02-15T02:14,0.0
,0,2020-02-15T03:56,0.0
,0,2020-02-15T05:37,0.0
7.785850072431345e-05,286,2020-02-15T07:19,1.2434782608695651
,0,2020-02-15T09:00,0.0
,0,2020-02-15T10:42,0.0
,0,2020-02-15T12:23,0.0
,0,2020-02-15T14:05,0.0
,0,2020-02-15T15:46,0.0
,0,2020-02-15T17:28,0.0
,0,2020-02-15T19:09,0.0
,0,2020-02-15T20:51,0.0
,0,2020-02-15T22:32,0.0
,0,2020-02-16T00:14,0.0
,0,2020-02-16T01:55,0.0
,0,2020-02-16T03:37,0.0
,0,2020-02-16T05:18,0.0
5.0375230807698655e-05,286,2020-02-16T07:00,1.2434782608695651
,0,2020-02-16T08:41,0.0
,0,2020-02-16T10:23,0.0
,0,2020-02-16T12:04,0.0
,0,2020-02-16T13:46,0.0
,0,2020-02-16T15:27,0.0
,0,2020-02-16T17:09,0.0
,0,2020-02-16T18:50,0.0
,0,2020-02-16T20:32,0.0
,0,2020-02-16T22:13,0.0
,0,2020-02-16T23:55,0.0
,0,2020-02-17T01:36,0.0
,0,2020-02-17T03:18,0.0
,0,2020-02-17T04:59,0.0
,0,2020-02-17T06:41,0.0
6.554016631417588e-05,286,2020-02-17T08:22,1.2434782608695651
,0,2020-02-17T10:04,0.0
,0,2020-02-17T11:45,0.0
,0,2020-02-17T13:27,0.0
,0,2020-02-17T15:08,0.0
,0,2020-02-17T16:50,0.0
,0,2020-02-17T18:31,0.0
,0,2020-02-17T20:13,0.0
,0,2020-02-17T21:54,0.0
,0,2020-02-17T23:36,0.0
,0,2020-02-18T01:17,0.0
,0,2020-02-18T02:59,0.0
,0,2020-02-18T04:40,0.0
,0,2020-02-18T06:22,0.0
7.986356377349827e-05,286,2020-02-18T08:03,1.2434782608695651
,0,2020-02-18T09:45,0.0
,0,2020-02-18T11:26,0.0
,0,2020-02-18T13:08,0.0
,0,2020-02-18T14:49,0.0
,0,2020-02-18T16:31,0.0
,0,2020-02-18T18:12,0.0
,0,2020-02-18T19:54,0.0
,0,2020-02-18T21:35,0.0
,0,2020-02-18T23:17,0.0
,0,2020-02-19T02:40,0.0
,0,2020-02-19T04:21,0.0
,0,2020-02-19T06:03,0.0
9.428756661116917e-05,286,2020-02-19T07:44,1.2434782608695651
,0,2020-02-19T09:26,0.0
,0,2020-02-19T11:07,0.0
,0,2020-02-19T12:49,0.0
,0,2020-02-19T14:30,0.0
,0,2020-02-19T16:12,0.0
,0,2020-02-19T17:53,0.0
,0,2020-02-19T19:35,0.0
,0,2020-02-19T21:16,0.0
,0,2020-02-19T22:58,0.0
,0,2020-02-20T00:39,0.0
,0,2020-02-20T02:21,0.0
,0,2020-02-20T04:02,0.0
,0,2020-02-20T05:44,0.0
0.00011292802877254248,268,2020-02-20T07:25,1.1652173913043478
,0,2020-02-20T09:07,0.0
,0,2020-02-20T10:48,0.0
,0,2020-02-20T12:30,0.0
,0,2020-02-20T14:11,0.0
,0,2020-02-20T15:53,0.0
,0,2020-02-20T17:34,0.0
,0,2020-02-20T19:16,0.0
,0,2020-02-20T20:57,0.0
,0,2020-02-20T22:39,0.0
,0,2020-02-21T00:20,0.0
,0,2020-02-21T02:02,0.0
,0,2020-02-21T03:43,0.0
,0,2020-02-21T05:25,0.0
5.4372479917639104e-05,286,2020-02-21T07:06,1.2434782608695651
,0,2020-02-21T08:48,0.0
,0,2020-02-21T10:30,0.0
,0,2020-02-21T12:11,0.0
,0,2020-02-21T13:53,0.0
,0,2020-02-21T15:34,0.0
,0,2020-02-21T17:16,0.0
,0,2020-02-21T18:57,0.0
,0,2020-02-21T20:39,0.0
,0,2020-02-21T22:20,0.0
,0,2020-02-22T00:02,0.0
,0,2020-02-22T01:43,0.0
,0,2020-02-22T03:25,0.0
,0,2020-02-22T05:06,0.0
,0,2020-02-22T06:48,0.0
6.565022910708326e-05,286,2020-02-22T08:29,1.2434782608695651
,0,2020-02-22T10:11,0.0
,0,2020-02-22T11:52,0.0
,0,2020-02-22T13:34,0.0
,0,2020-02-22T15:15,0.0
,0,2020-02-22T16:57,0.0
,0,2020-02-22T18:38,0.0
,0,2020-02-22T20:20,0.0
,0,2020-02-22T22:01,0.0
,0,2020-02-22T23:43,0.0
,0,2020-02-23T01:24,0.0
,0,2020-02-23T03:06,0.0
,0,2020-02-23T04:47,0.0
,0,2020-02-23T06:29,0.0
7.428175120795848e-05,286,2020-02-23T08:10,1.2434782608695651
,0,2020-02-23T09:52,0.0
,0,2020-02-23T11:33,0.0
,0,2020-02-23T13:15,0.0
,0,2020-02-23T14:56,0.0
,0,2020-02-23T16:38,0.0
,0,2020-02-23T18:19,0.0
,0,2020-02-23T20:01,0.0
,0,2020-02-23T21:42,0.0
,0,2020-02-23T23:24,0.0
,0,2020-02-24T01:05,0.0
,0,2020-02-24T02:47,0.0
,0,2020-02-24T04:28,0.0
,0,2020-02-24T06:10,0.0
6.112411055108564e-05,286,2020-02-24T07:51,1.2434782608695651
,0,2020-02-24T09:33,0.0
,0,2020-02-24T11:14,0.0
,0,2020-02-24T12:56,0.0
,0,2020-02-24T14:37,0.0
,0,2020-02-24T16:19,0.0
,0,2020-02-24T18:00,0.0
,0,2020-02-24T19:42,0.0
,0,2020-02-24T21:23,0.0
,0,2020-02-24T23:05,0.0
,0,2020-02-25T00:46,0.0
,0,2020-02-25T02:28,0.0
,0,2020-02-25T04:09,0.0
,0,2020-02-25T05:51,0.0
5.5684984294841824e-05,286,2020-02-25T07:32,1.2434782608695651
,0,2020-02-25T09:14,0.0
,0,2020-02-25T10:55,0.0
,0,2020-02-25T12:37,0.0
,0,2020-02-25T14:18,0.0
,0,2020-02-25T16:00,0.0
,0,2020-02-25T17:41,0.0
,0,2020-02-25T19:23,0.0
,0,2020-02-25T21:04,0.0
,0,2020-02-25T22:46,0.0
,0,2020-02-26T00:27,0.0
,0,2020-02-26T02:09,0.0
,0,2020-02-26T03:50,0.0
,0,2020-02-26T05:32,0.0
6.058096027598399e-05,286,2020-02-26T07:13,1.2434782608695651
,0,2020-02-26T08:55,0.0
,0,2020-02-26T10:36,0.0
,0,2020-02-26T12:18,0.0
,0,2020-02-26T13:59,0.0
,0,2020-02-26T15:41,0.0
,0,2020-02-26T17:22,0.0
,0,2020-02-26T19:04,0.0
,0,2020-02-26T20:45,0.0
,0,2020-02-26T22:27,0.0
,0,2020-02-27T00:08,0.0
,0,2020-02-27T01:50,0.0
,0,2020-02-27T03:31,0.0
,0,2020-02-27T05:13,0.0
5.7236057195254086e-05,287,2020-02-27T06:54,1.2478260869565216
7.166180981153759e-05,287,2020-02-27T08:36,1.2478260869565216
,0,2020-02-27T10:17,0.0
,0,2020-02-27T11:59,0.0
,0,2020-02-27T13:40,0.0
,0,2020-02-27T15:22,0.0
,0,2020-02-27T17:04,0.0
,0,2020-02-27T18:45,0.0
,0,2020-02-27T20:27,0.0
,0,2020-02-27T22:08,0.0
,0,2020-02-27T23:50,0.0
,0,2020-02-28T01:31,0.0
,0,2020-02-28T03:13,0.0
,0,2020-02-28T04:54,0.0
,0,2020-02-28T06:36,0.0
8.426879720291299e-05,287,2020-02-28T08:17,1.2478260869565216
,0,2020-02-28T09:59,0.0
,0,2020-02-28T11:40,0.0
,0,2020-02-28T13:22,0.0
,0,2020-02-28T15:03,0.0
,0,2020-02-28T16:45,0.0
,0,2020-02-28T18:26,0.0
,0,2020-02-28T20:08,0.0
,0,2020-02-28T21:49,0.0
,0,2020-02-28T23:31,0.0
,0,2020-02-29T01:12,0.0
,0,2020-02-29T02:54,0.0
,0,2020-02-29T04:35,0.0
,0,2020-02-29T06:17,0.0
9.773474445178042e-05,261,2020-02-29T07:58,1.1347826086956523
,0,2020-02-29T09:40,0.0
,0,2020-02-29T11:21,0.0
,0,2020-02-29T13:03,0.0
,0,2020-02-29T14:44,0.0
,0,2020-02-29T16:26,0.0
,0,2020-02-29T18:07,0.0
,0,2020-02-29T19:49,0.0
,0,2020-02-29T21:30,0.0
,0,2020-02-29T23:12,0.0
,0,2020-03-01T00:53,0.0
,0,2020-03-01T02:35,0.0
,0,2020-03-01T04:16,0.0
,0,2020-03-01T05:58,0.0
5.953176117395233e-05,286,2020-03-01T07:39,1.2434782608695651
,0,2020-03-01T09:21,0.0
,0,2020-03-01T11:02,0.0
,0,2020-03-01T12:44,0.0
,0,2020-03-01T14:25,0.0
,0,2020-03-01T16:07,0.0
,0,2020-03-01T17:48,0.0
,0,2020-03-01T19:30,0.0
,0,2020-03-01T21:11,0.0
,0,2020-03-01T22:53,0.0
,0,2020-03-02T00:34,0.0
,0,2020-03-02T02:16,0.0
,0,2020-03-02T03:57,0.0
,0,2020-03-02T05:39,0.0
6.218604994885993e-05,287,2020-03-02T07:20,1.2478260869565216
,0,2020-03-02T09:02,0.0
,0,2020-03-02T10:43,0.0
,0,2020-03-02T12:25,0.0
,0,2020-03-02T14:06,0.0
,0,2020-03-02T15:48,0.0
,0,2020-03-02T17:29,0.0
,0,2020-03-02T19:11,0.0
,0,2020-03-02T20:52,0.0
,0,2020-03-02T22:34,0.0
,0,2020-03-03T00:15,0.0
,0,2020-03-03T01:57,0.0
,0,2020-03-03T03:38,0.0
,0,2020-03-03T05:20,0.0
3.630155834829281e-05,287,2020-03-03T07:01,1.2478260869565216
,0,2020-03-03T08:43,0.0
,0,2020-03-03T10:24,0.0
,0,2020-03-03T12:06,0.0
,0,2020-03-03T13:47,0.0
,0,2020-03-03T15:29,0.0
,0,2020-03-03T17:10,0.0
,0,2020-03-03T18:52,0.0
,0,2020-03-03T20:33,0.0
,0,2020-03-03T22:15,0.0
,0,2020-03-03T23:56,0.0
,0,2020-03-04T01:38,0.0
,0,2020-03-04T03:19,0.0
,0,2020-03-04T05:01,0.0
,0,2020-03-04T06:42,0.0
3.325398327973457e-05,287,2020-03-04T08:24,1.2478260869565216
,0,2020-03-04T10:05,0.0
,0,2020-03-04T11:47,0.0
,0,2020-03-04T13:28,0.0
,0,2020-03-04T15:10,0.0
,0,2020-03-04T16:52,0.0
,0,2020-03-04T18:33,0.0
,0,2020-03-04T20:15,0.0
,0,2020-03-04T21:56,0.0
,0,2020-03-04T23:38,0.0
,0,2020-03-05T01:19,0.0
,0,2020-03-05T03:01,0.0
,0,2020-03-05T04:42,0.0
,0,2020-03-05T06:24,0.0
7.48335002095619e-05,287,2020-03-05T08:05,1.2478260869565216
,0,2020-03-05T09:47,0.0
,0,2020-03-05T11:28,0.0
,0,2020-03-05T13:10,0.0
,0,2020-03-05T14:51,0.0
,0,2020-03-05T16:33,0.0
,0,2020-03-05T18:14,0.0
,0,2020-03-05T19:56,0.0
,0,2020-03-05T21:37,0.0
,0,2020-03-05T23:19,0.0
,0,2020-03-06T01:00,0.0
,0,2020-03-06T02:42,0.0
,0,2020-03-06T04:23,0.0
,0,2020-03-06T06:05,0.0
2.8784331682842742e-05,287,2020-03-06T07:46,1.2478260869565216
,0,2020-03-06T09:28,0.0
,0,2020-03-06T11:09,0.0
,0,2020-03-06T12:51,0.0
,0,2020-03-06T14:32,0.0
,0,2020-03-06T16:14,0.0
,0,2020-03-06T17:55,0.0
,0,2020-03-06T19:37,0.0
,0,2020-03-06T21:18,0.0
,0,2020-03-06T23:00,0.0
,0,2020-03-07T00:41,0.0
,0,2020-03-07T02:23,0.0
,0,2020-03-07T04:04,0.0
,0,2020-03-07T05:46,0.0
5.2839855512744936e-05,287,2020-03-07T07:27,1.2478260869565216
,0,2020-03-07T09:09,0.0
,0,2020-03-07T10:50,0.0
,0,2020-03-07T12:32,0.0
,0,2020-03-07T14:13,0.0
,0,2020-03-07T15:55,0.0
,0,2020-03-07T17:36,0.0
,0,2020-03-07T19:18,0.0
,0,2020-03-07T20:59,0.0
,0,2020-03-07T22:41,0.0
,0,2020-03-08T00:22,0.0
,0,2020-03-08T02:04,0.0
,0,2020-03-08T03:45,0.0
,0,2020-03-08T05:27,0.0
7.027216348289682e-05,287,2020-03-08T07:08,1.2478260869565216
,0,2020-03-08T08:50,0.0
,0,2020-03-08T10:31,0.0
,0,2020-03-08T12:13,0.0
,0,2020-03-08T13:54,0.0
,0,2020-03-08T15:36,0.0
,0,2020-03-08T17:17,0.0
,0,2020-03-08T18:59,0.0
,0,2020-03-08T20:40,0.0
,0,2020-03-08T22:22,0.0
,0,2020-03-09T00:03,0.0
,0,2020-03-09T01:45,0.0
,0,2020-03-09T03:26,0.0
,0,2020-03-09T05:08,0.0
,0,2020-03-09T06:49,0.0
4.5815267598663234e-05,287,2020-03-09T08:31,1.2478260869565216
,0,2020-03-09T10:12,0.0
,0,2020-03-09T11:54,0.0
,0,2020-03-09T13:35,0.0
,0,2020-03-09T15:17,0.0
,0,2020-03-09T16:58,0.0
,0,2020-03-09T18:40,0.0
,0,2020-03-09T20:21,0.0
,0,2020-03-09T22:03,0.0
,0,2020-03-09T23:44,0.0
,0,2020-03-10T01:26,0.0
,0,2020-03-10T03:07,0.0
,0,2020-03-10T04:49,0.0
,0,2020-03-10T06:30,0.0
4.194494822087506e-05,276,2020-03-10T08:12,1.2
,0,2020-03-10T09:53,0.0
,0,2020-03-10T11:35,0.0
,0,2020-03-10T13:16,0.0
,0,2020-03-10T14:58,0.0
,0,2020-03-10T16:40,0.0
,0,2020-03-10T18:21,0.0
,0,2020-03-10T20:03,0.0
,0,2020-03-10T21:44,0.0
,0,2020-03-10T23:26,0.0
,0,2020-03-11T01:07,0.0
,0,2020-03-11T02:49,0.0
,0,2020-03-11T04:30,0.0
,0,2020-03-11T06:12,0.0
3.597180125068325e-05,287,2020-03-11T07:53,1.2478260869565216
,0,2020-03-11T09:35,0.0
,0,2020-03-11T11:16,0.0
,0,2020-03-11T12:58,0.0
,0,2020-03-11T14:39,0.0
,0,2020-03-11T16:21,0.0
,0,2020-03-11T18:02,0.0
,0,2020-03-11T19:44,0.0
,0,2020-03-11T21:25,0.0
,0,2020-03-11T23:07,0.0
,0,2020-03-12T00:48,0.0
,0,2020-03-12T02:30,0.0
,0,2020-03-12T04:11,0.0
,0,2020-03-12T05:53,0.0
2.508727452088631e-05,243,2020-03-12T07:34,1.0565217391304347
,0,2020-03-12T09:16,0.0
,0,2020-03-12T10:57,0.0
,0,2020-03-12T12:39,0.0
,0,2020-03-12T14:20,0.0
,0,2020-03-12T16:02,0.0
,0,2020-03-12T17:43,0.0
,0,2020-03-12T19:25,0.0
,0,2020-03-12T21:06,0.0
,0,2020-03-12T22:48,0.0
,0,2020-03-13T00:29,0.0
,0,2020-03-13T02:11,0.0
,0,2020-03-13T03:52,0.0
,0,2020-03-13T05:34,0.0
6.418245934873634e-05,287,2020-03-13T07:15,1.2478260869565216
,0,2020-03-13T08:57,0.0
,0,2020-03-13T10:38,0.0
,0,2020-03-13T12:20,0.0
,0,2020-03-13T14:01,0.0
,0,2020-03-13T15:43,0.0
,0,2020-03-13T17:24,0.0
,0,2020-03-13T19:06,0.0
,0,2020-03-13T20:47,0.0
,0,2020-03-13T22:29,0.0
,0,2020-03-14T00:10,0.0
,0,2020-03-14T01:52,0.0
,0,2020-03-14T03:33,0.0
,0,2020-03-14T05:15,0.0
4.911722992532025e-05,287,2020-03-14T06:56,1.2478260869565216
6.847935771460356e-05,287,2020-03-14T08:38,1.2478260869565216
,0,2020-03-14T10:19,0.0
,0,2020-03-14T12:01,0.0
,0,2020-03-14T13:42,0.0
,0,2020-03-14T15:24,0.0
,0,2020-03-14T17:05,0.0
,0,2020-03-14T18:47,0.0
,0,2020-03-14T20:28,0.0
,0,2020-03-14T22:10,0.0
,0,2020-03-14T23:51,0.0
,0,2020-03-15T01:33,0.0
,0,2020-03-15T03:14,0.0
,0,2020-03-15T04:56,0.0
,0,2020-03-15T06:37,0.0
7.31653734754058e-05,287,2020-03-15T08:19,1.2478260869565216
,0,2020-03-15T10:00,0.0
,0,2020-03-15T11:42,0.0
,0,2020-03-15T13:23,0.0
,0,2020-03-15T15:05,0.0
,0,2020-03-15T16:46,0.0
,0,2020-03-15T18:28,0.0
,0,2020-03-15T20:09,0.0
,0,2020-03-15T21:51,0.0
,0,2020-03-15T23:32,0.0
,0,2020-03-16T01:14,0.0
,0,2020-03-16T02:55,0.0
,0,2020-03-16T04:37,0.0
,0,2020-03-16T06:18,0.0
7.957952827468325e-05,287,2020-03-16T08:00,1.2478260869565216
,0,2020-03-16T09:42,0.0
,0,2020-03-16T11:23,0.0
,0,2020-03-16T13:05,0.0
,0,2020-03-16T14:46,0.0
,0,2020-03-16T16:28,0.0
,0,2020-03-16T18:09,0.0
,0,2020-03-16T19:51,0.0
,0,2020-03-16T21:32,0.0
,0,2020-03-16T23:14,0.0
,0,2020-03-17T00:55,0.0
,0,2020-03-17T02:37,0.0
,0,2020-03-17T04:18,0.0
,0,2020-03-17T06:00,0.0
7.752214585992765e-05,287,2020-03-17T07:41,1.2478260869565216
,0,2020-03-17T09:23,0.0
,0,2020-03-17T11:04,0.0
,0,2020-03-17T12:46,0.0
,0,2020-03-17T14:27,0.0
,0,2020-03-17T16:09,0.0
,0,2020-03-17T17:50,0.0
,0,2020-03-17T19:32,0.0
,0,2020-03-17T21:13,0.0
,0,2020-03-17T22:55,0.0
,0,2020-03-18T00:36,0.0
,0,2020-03-18T02:18,0.0
,0,2020-03-18T03:59,0.0
,0,2020-03-18T05:41,0.0
6.451215983809637e-05,287,2020-03-18T07:22,1.2478260869565216
,0,2020-03-18T09:04,0.0
,0,2020-03-18T10:45,0.0
,0,2020-03-18T12:27,0.0
,0,2020-03-18T14:08,0.0
,0,2020-03-18T15:50,0.0
,0,2020-03-18T17:31,0.0
,0,2020-03-18T19:13,0.0
,0,2020-03-18T20:54,0.0
,0,2020-03-18T22:36,0.0
,0,2020-03-19T00:17,0.0
,0,2020-03-19T01:59,0.0
,0,2020-03-19T03:40,0.0
,0,2020-03-19T05:22,0.0
3.7544177022677385e-05,287,2020-03-19T07:03,1.2478260869565216
,0,2020-03-19T08:45,0.0
,0,2020-03-19T10:26,0.0
,0,2020-03-19T12:08,0.0
,0,2020-03-19T13:49,0.0
,0,2020-03-19T15:31,0.0
,0,2020-03-19T17:12,0.0
,0,2020-03-19T18:54,0.0
,0,2020-03-19T20:35,0.0
,0,2020-03-19T22:17,0.0
,0,2020-03-19T23:58,0.0
,0,2020-03-20T01:40,0.0
,0,2020-03-20T03:21,0.0
,0,2020-03-20T05:03,0.0
,0,2020-03-20T06:44,0.0
3.986822053709485e-05,287,2020-03-20T08:26,1.2478260869565216
,0,2020-03-20T10:07,0.0
,0,2020-03-20T11:49,0.0
,0,2020-03-20T13:30,0.0
,0,2020-03-20T15:12,0.0
,0,2020-03-20T16:53,0.0
,0,2020-03-20T18:35,0.0
,0,2020-03-20T20:16,0.0
,0,2020-03-20T21:58,0.0
,0,2020-03-20T23:39,0.0
,0,2020-03-21T01:21,0.0
,0,2020-03-21T03:02,0.0
,0,2020-03-21T04:44,0.0
,0,2020-03-21T06:25,0.0
3.8729888566098096e-05,287,2020-03-21T08:07,1.2478260869565216
,0,2020-03-21T09:48,0.0
,0,2020-03-21T11:30,0.0
,0,2020-03-21T13:11,0.0
,0,2020-03-21T14:53,0.0
,0,2020-03-21T16:34,0.0
,0,2020-03-21T18:16,0.0
,0,2020-03-21T19:57,0.0
,0,2020-03-21T21:39,0.0
,0,2020-03-21T23:21,0.0
,0,2020-03-22T01:02,0.0
,0,2020-03-22T02:44,0.0
,0,2020-03-22T04:25,0.0
,0,2020-03-22T06:07,0.0
3.895256136200842e-05,287,2020-03-22T07:48,1.2478260869565216
,0,2020-03-22T09:30,0.0
,0,2020-03-22T11:11,0.0
,0,2020-03-22T12:53,0.0
,0,2020-03-22T14:34,0.0
,0,2020-03-22T16:16,0.0
,0,2020-03-22T17:57,0.0
,0,2020-03-22T19:39,0.0
,0,2020-03-22T21:20,0.0
,0,2020-03-22T23:02,0.0
,0,2020-03-23T00:43,0.0
,0,2020-03-23T02:25,0.0
,0,2020-03-23T04:06,0.0
,0,2020-03-23T05:48,0.0
5.5758728674511e-05,287,2020-03-23T07:29,1.2478260869565216
,0,2020-03-23T09:11,0.0
,0,2020-03-23T10:52,0.0
,0,2020-03-23T12:34,0.0
,0,2020-03-23T14:15,0.0
,0,2020-03-23T15:57,0.0
,0,2020-03-23T17:38,0.0
,0,2020-03-23T19:20,0.0
,0,2020-03-23T21:01,0.0
,0,2020-03-23T22:43,0.0
,0,2020-03-24T00:24,0.0
,0,2020-03-24T02:06,0.0
,0,2020-03-24T03:47,0.0
,0,2020-03-24T05:29,0.0
3.801159471171868e-05,287,2020-03-24T07:10,1.2478260869565216
,0,2020-03-24T08:52,0.0
,0,2020-03-24T10:33,0.0
,0,2020-03-24T12:15,0.0
,0,2020-03-24T13:56,0.0
,0,2020-03-24T15:38,0.0
,0,2020-03-24T17:19,0.0
,0,2020-03-24T19:01,0.0
,0,2020-03-24T20:42,0.0
,0,2020-03-24T22:24,0.0
,0,2020-03-25T00:05,0.0
,0,2020-03-25T01:47,0.0
,0,2020-03-25T03:28,0.0
,0,2020-03-25T05:10,0.0
,0,2020-03-25T06:51,0.0
,0,2020-03-25T08:33,0.0
,0,2020-03-25T10:14,0.0
,0,2020-03-25T11:56,0.0
,0,2020-03-25T13:37,0.0
,0,2020-03-25T15:19,0.0
,0,2020-03-25T17:00,0.0
,0,2020-03-25T18:42,0.0
,0,2020-03-25T20:23,0.0
,0,2020-03-25T22:05,0.0
,0,2020-03-25T23:46,0.0
,0,2020-03-26T01:28,0.0
,0,2020-03-26T03:09,0.0
,0,2020-03-26T04:51,0.0
,0,2020-03-26T06:32,0.0
3.949913818389257e-05,287,2020-03-26T08:14,1.2478260869565216
,0,2020-03-26T09:55,0.0
,0,2020-03-26T11:37,0.0
,0,2020-03-26T13:18,0.0
,0,2020-03-26T15:00,0.0
,0,2020-03-26T16:41,0.0
,0,2020-03-26T18:23,0.0
,0,2020-03-26T20:04,0.0
,0,2020-03-26T21:46,0.0
,0,2020-03-26T23:27,0.0
,0,2020-03-27T01:09,0.0
,0,2020-03-27T02:50,0.0
,0,2020-03-27T04:32,0.0
,0,2020-03-27T06:13,0.0
2.3386642377456257e-05,20,2020-03-27T07:55,0.08695652173913043
,0,2020-03-27T09:36,0.0
,0,2020-03-27T11:18,0.0
,0,2020-03-27T13:00,0.0
,0,2020-03-27T14:41,0.0
,0,2020-03-27T16:22,0.0
,0,2020-03-27T18:04,0.0
,0,2020-03-27T19:46,0.0
,0,2020-03-27T21:27,0.0
,0,2020-03-27T23:09,0.0
,0,2020-03-28T00:50,0.0
,0,2020-03-28T02:32,0.0
,0,2020-03-28T04:13,0.0
,0,2020-03-28T05:55,0.0
3.402717940884185e-05,183,2020-03-28T07:36,0.7956521739130434
,0,2020-03-28T09:18,0.0
,0,2020-03-28T10:59,0.0
,0,2020-03-28T12:41,0.0
,0,2020-03-28T14:22,0.0
,0,2020-03-28T16:04,0.0
,0,2020-03-28T17:45,0.0
,0,2020-03-28T19:27,0.0
,0,2020-03-28T21:08,0.0
,0,2020-03-28T22:50,0.0
,0,2020-03-29T00:31,0.0
,0,2020-03-29T02:13,0.0
,0,2020-03-29T03:54,0.0
,0,2020-03-29T05:36,0.0
4.2650951641380756e-05,287,2020-03-29T07:17,1.2478260869565216
,0,2020-03-29T08:59,0.0
,0,2020-03-29T10:40,0.0
,0,2020-03-29T12:22,0.0
,0,2020-03-29T14:03,0.0
,0,2020-03-29T15:45,0.0
,0,2020-03-29T17:26,0.0
,0,2020-03-29T19:08,0.0
,0,2020-03-29T20:49,0.0
,0,2020-03-29T22:31,0.0
,0,2020-03-30T00:12,0.0
,0,2020-03-30T01:54,0.0
,0,2020-03-30T03:35,0.0
,0,2020-03-30T05:17,0.0
3.266512729628975e-05,287,2020-03-30T06:58,1.2478260869565216
3.42285701777184e-05,287,2020-03-30T08:40,1.2478260869565216
,0,2020-03-30T10:21,0.0
,0,2020-03-30T12:03,0.0
,0,2020-03-30T13:44,0.0
,0,2020-03-30T15:26,0.0
,0,2020-03-30T17:07,0.0
,0,2020-03-30T18:49,0.0
,0,2020-03-30T20:30,0.0
,0,2020-03-30T22:12,0.0
,0,2020-03-30T23:53,0.0
,0,2020-03-31T01:35,0.0
,0,2020-03-31T03:16,0.0
,0,2020-03-31T04:58,0.0
,0,2020-03-31T06:39,0.0
4.4185401175165216e-05,274,2020-03-31T08:21,1.191304347826087
,0,2020-03-31T10:02,0.0
,0,2020-03-31T11:44,0.0
,0,2020-03-31T13:25,0.0
,0,2020-03-31T15:07,0.0
,0,2020-03-31T16:48,0.0
,0,2020-03-31T18:30,0.0
,0,2020-03-31T20:11,0.0
,0,2020-03-31T21:53,0.0
,0,2020-03-31T23:34,0.0
,0,2020-04-01T01:16,0.0
,0,2020-04-01T02:57,0.0
,0,2020-04-01T04:39,0.0
,0,2020-04-01T06:20,0.0
3.872554781136059e-05,287,2020-04-01T08:02,1.2478260869565216
,0,2020-04-01T09:43,0.0
,0,2020-04-01T11:25,0.0
,0,2020-04-01T13:06,0.0
,0,2020-04-01T14:48,0.0
,0,2020-04-01T16:29,0.0
,0,2020-04-01T18:11,0.0
,0,2020-04-01T19:52,0.0
,0,2020-04-01T21:34,0.0
,0,2020-04-01T23:15,0.0
,0,2020-04-02T00:57,0.0
,0,2020-04-02T02:38,0.0
,0,2020-04-02T04:20,0.0
,0,2020-04-02T06:01,0.0
4.7942722447696355e-05,287,2020-04-02T07:43,1.2478260869565216
,0,2020-04-02T09:24,0.0
,0,2020-04-02T11:06,0.0
,0,2020-04-02T12:48,0.0
,0,2020-04-02T14:29,0.0
,0,2020-04-02T16:11,0.0
,0,2020-04-02T17:52,0.0
,0,2020-04-02T19:34,0.0
,0,2020-04-02T21:15,0.0
,0,2020-04-02T22:57,0.0
,0,2020-04-03T00:38,0.0
,0,2020-04-03T02:20,0.0
,0,2020-04-03T04:01,0.0
,0,2020-04-03T05:43,0.0
2.916318666678857e-05,287,2020-04-03T07:24,1.2478260869565216
,0,2020-04-03T09:06,0.0
,0,2020-04-03T10:47,0.0
,0,2020-04-03T12:29,0.0
,0,2020-04-03T14:10,0.0
,0,2020-04-03T15:52,0.0
,0,2020-04-03T17:33,0.0
,0,2020-04-03T19:15,0.0
,0,2020-04-03T20:56,0.0
,0,2020-04-03T22:38,0.0
,0,2020-04-04T00:19,0.0
,0,2020-04-04T02:01,0.0
,0,2020-04-04T03:42,0.0
,0,2020-04-04T06:09,0.0
3.538528977506425e-05,287,2020-04-04T07:05,1.2478260869565216
,0,2020-04-04T08:47,0.0
,0,2020-04-04T10:28,0.0
,0,2020-04-04T12:10,0.0
,0,2020-04-04T13:51,0.0
,0,2020-04-04T15:33,0.0
,0,2020-04-04T17:14,0.0
,0,2020-04-04T18:56,0.0
,0,2020-04-04T20:37,0.0
,0,2020-04-04T22:19,0.0
,0,2020-04-05T00:00,0.0
,0,2020-04-05T01:42,0.0
,0,2020-04-05T03:23,0.0
,0,2020-04-05T05:05,0.0
,0,2020-04-05T06:46,0.0
3.542773247833337e-05,288,2020-04-05T08:28,1.2521739130434784
,0,2020-04-05T10:09,0.0
,0,2020-04-05T11:51,0.0
,0,2020-04-05T13:32,0.0
,0,2020-04-05T15:14,0.0
,0,2020-04-05T16:55,0.0
,0,2020-04-05T18:37,0.0
,0,2020-04-05T20:18,0.0
,0,2020-04-05T22:00,0.0
,0,2020-04-05T23:41,0.0
,0,2020-04-06T01:23,0.0
,0,2020-04-06T03:04,0.0
,0,2020-04-06T04:46,0.0
,0,2020-04-06T06:27,0.0
2.970005535261053e-05,287,2020-04-06T08:09,1.2478260869565216
,0,2020-04-06T09:50,0.0
,0,2020-04-06T11:32,0.0
,0,2020-04-06T13:13,0.0
,0,2020-04-06T14:55,0.0
,0,2020-04-06T16:36,0.0
,0,2020-04-06T18:18,0.0
,0,2020-04-06T19:59,0.0
,0,2020-04-06T21:41,0.0
,0,2020-04-06T23:22,0.0
,0,2020-04-07T01:04,0.0
,0,2020-04-07T02:45,0.0
,0,2020-04-07T04:27,0.0
,0,2020-04-07T06:08,0.0
2.7024655515273502e-05,287,2020-04-07T07:50,1.2478260869565216
,0,2020-04-07T09:31,0.0
,0,2020-04-07T11:13,0.0
,0,2020-04-07T12:54,0.0
,0,2020-04-07T14:36,0.0
,0,2020-04-07T16:17,0.0
,0,2020-04-07T17:59,0.0
,0,2020-04-07T19:40,0.0
,0,2020-04-07T21:22,0.0
,0,2020-04-07T23:03,0.0
,0,2020-04-08T00:45,0.0
,0,2020-04-08T02:26,0.0
,0,2020-04-08T04:08,0.0
,0,2020-04-08T05:49,0.0
3.1109506676344174e-05,287,2020-04-08T07:31,1.2478260869565216
,0,2020-04-08T09:12,0.0
,0,2020-04-08T10:54,0.0
,0,2020-04-08T12:35,0.0
,0,2020-04-08T14:17,0.0
,0,2020-04-08T15:59,0.0
,0,2020-04-08T17:40,0.0
,0,2020-04-08T19:22,0.0
,0,2020-04-08T21:03,0.0
,0,2020-04-08T22:45,0.0
,0,2020-04-09T00:26,0.0
,0,2020-04-09T02:08,0.0
,0,2020-04-09T03:49,0.0
,0,2020-04-09T05:31,0.0
4.2579416460077775e-05,287,2020-04-09T07:12,1.2478260869565216
,0,2020-04-09T08:54,0.0
,0,2020-04-09T10:35,0.0
,0,2020-04-09T12:17,0.0
,0,2020-04-09T13:58,0.0
,0,2020-04-09T15:40,0.0
,0,2020-04-09T17:21,0.0
,0,2020-04-09T19:03,0.0
,0,2020-04-09T20:44,0.0
,0,2020-04-09T22:26,0.0
,0,2020-04-10T00:07,0.0
,0,2020-04-10T01:49,0.0
,0,2020-04-10T03:30,0.0
,0,2020-04-10T05:12,0.0
,0,2020-04-10T06:53,0.0
2.6841148380075766e-05,214,2020-04-10T08:35,0.9304347826086956
,0,2020-04-10T10:16,0.0
,0,2020-04-10T11:58,0.0
,0,2020-04-10T13:39,0.0
,0,2020-04-10T15:21,0.0
,0,2020-04-10T17:02,0.0
,0,2020-04-10T18:44,0.0
,0,2020-04-10T20:25,0.0
,0,2020-04-10T22:07,0.0
,0,2020-04-10T23:48,0.0
,0,2020-04-11T01:30,0.0
,0,2020-04-11T03:11,0.0
,0,2020-04-11T04:53,0.0
,0,2020-04-11T06:34,0.0
3.523991569728221e-05,253,2020-04-11T08:16,1.1
,0,2020-04-11T09:57,0.0
,0,2020-04-11T11:39,0.0
,0,2020-04-11T13:20,0.0
,0,2020-04-11T15:02,0.0
,0,2020-04-11T16:43,0.0
,0,2020-04-11T18:25,0.0
,0,2020-04-11T20:06,0.0
,0,2020-04-11T21:48,0.0
,0,2020-04-11T23:29,0.0
,0,2020-04-12T01:11,0.0
,0,2020-04-12T02:52,0.0
,0,2020-04-12T04:34,0.0
,0,2020-04-12T06:15,0.0
3.937094141802488e-05,288,2020-04-12T07:57,1.2521739130434784
,0,2020-04-12T09:38,0.0
,0,2020-04-12T11:20,0.0
,0,2020-04-12T13:01,0.0
,0,2020-04-12T14:43,0.0
,0,2020-04-12T16:24,0.0
,0,2020-04-12T18:06,0.0
,0,2020-04-12T19:47,0.0
,0,2020-04-12T21:29,0.0
,0,2020-04-12T23:10,0.0
,0,2020-04-13T00:52,0.0
,0,2020-04-13T02:33,0.0
,0,2020-04-13T04:15,0.0
,0,2020-04-13T05:56,0.0
3.881748317200622e-05,286,2020-04-13T07:38,1.2434782608695651
,0,2020-04-13T09:19,0.0
,0,2020-04-13T11:01,0.0
,0,2020-04-13T12:42,0.0
,0,2020-04-13T14:24,0.0
,0,2020-04-13T16:05,0.0
,0,2020-04-13T17:47,0.0
,0,2020-04-13T19:28,0.0
,0,2020-04-13T21:10,0.0
,0,2020-04-13T22:51,0.0
,0,2020-04-14T00:33,0.0
,0,2020-04-14T02:14,0.0
,0,2020-04-14T03:56,0.0
,0,2020-04-14T05:37,0.0
3.5806214129152895e-05,286,2020-04-14T07:19,1.2434782608695651
,0,2020-04-14T09:00,0.0
,0,2020-04-14T10:42,0.0
,0,2020-04-14T12:23,0.0
,0,2020-04-14T14:05,0.0
,0,2020-04-14T15:46,0.0
,0,2020-04-14T17:28,0.0
,0,2020-04-14T19:09,0.0
,0,2020-04-14T20:51,0.0
,0,2020-04-14T22:33,0.0
,0,2020-04-15T00:14,0.0
,0,2020-04-15T01:55,0.0
,0,2020-04-15T03:37,0.0
,0,2020-04-15T05:18,0.0
3.6523461478214524e-05,286,2020-04-15T07:00,1.2434782608695651
3.878151802680066e-05,152,2020-04-15T08:42,0.6608695652173913
,0,2020-04-15T10:23,0.0
,0,2020-04-15T12:05,0.0
,0,2020-04-15T13:46,0.0
,0,2020-04-15T15:28,0.0
,0,2020-04-15T17:09,0.0
,0,2020-04-15T18:51,0.0
,0,2020-04-15T20:32,0.0
,0,2020-04-15T22:14,0.0
,0,2020-04-15T23:55,0.0
,0,2020-04-16T01:37,0.0
,0,2020-04-16T03:18,0.0
,0,2020-04-16T05:00,0.0
,0,2020-04-16T06:41,0.0
4.318948148054044e-05,195,2020-04-16T08:23,0.8478260869565217
,0,2020-04-16T10:04,0.0
,0,2020-04-16T11:46,0.0
,0,2020-04-16T13:27,0.0
,0,2020-04-16T15:09,0.0
,0,2020-04-16T16:50,0.0
,0,2020-04-16T18:32,0.0
,0,2020-04-16T20:13,0.0
,0,2020-04-16T21:55,0.0
,0,2020-04-16T23:36,0.0
,0,2020-04-17T01:18,0.0
,0,2020-04-17T02:59,0.0
,0,2020-04-17T04:41,0.0
,0,2020-04-17T06:22,0.0
3.794810315632278e-05,286,2020-04-17T08:04,1.2434782608695651
,0,2020-04-17T09:45,0.0
,0,2020-04-17T11:27,0.0
,0,2020-04-17T13:08,0.0
,0,2020-04-17T14:50,0.0
,0,2020-04-17T16:31,0.0
,0,2020-04-17T18:13,0.0
,0,2020-04-17T19:54,0.0
,0,2020-04-17T21:36,0.0
,0,2020-04-17T23:17,0.0
,0,2020-04-18T00:59,0.0
,0,2020-04-18T02:40,0.0
,0,2020-04-18T04:22,0.0
,0,2020-04-18T06:03,0.0
3.569136966183523e-05,286,2020-04-18T07:45,1.2434782608695651
,0,2020-04-18T09:26,0.0
,0,2020-04-18T11:08,0.0
,0,2020-04-18T12:49,0.0
,0,2020-04-18T14:31,0.0
,0,2020-04-18T16:12,0.0
,0,2020-04-18T17:54,0.0
,0,2020-04-18T19:35,0.0
,0,2020-04-18T21:17,0.0
,0,2020-04-18T22:58,0.0
,0,2020-04-19T00:40,0.0
,0,2020-04-19T02:21,0.0
,0,2020-04-19T04:03,0.0
,0,2020-04-19T05:44,0.0
3.5646096377881266e-05,286,2020-04-19T07:26,1.2434782608695651
,0,2020-04-19T09:07,0.0
,0,2020-04-19T10:49,0.0
,0,2020-04-19T12:30,0.0
,0,2020-04-19T14:12,0.0
,0,2020-04-19T15:53,0.0
,0,2020-04-19T17:35,0.0
,0,2020-04-19T19:16,0.0
,0,2020-04-19T20:58,0.0
,0,2020-04-19T22:39,0.0
,0,2020-04-20T00:21,0.0
,0,2020-04-20T02:02,0.0
,0,2020-04-20T03:44,0.0
,0,2020-04-20T05:25,0.0
4.057142581761781e-05,286,2020-04-20T07:07,1.2434782608695651
,0,2020-04-20T08:48,0.0
,0,2020-04-20T10:30,0.0
,0,2020-04-20T12:11,0.0
,0,2020-04-20T13:53,0.0
,0,2020-04-20T15:34,0.0
,0,2020-04-20T17:16,0.0
,0,2020-04-20T18:57,0.0
,0,2020-04-20T20:39,0.0
,0,2020-04-20T22:20,0.0
,0,2020-04-21T00:02,0.0
,0,2020-04-21T01:43,0.0
,0,2020-04-21T03:25,0.0
,0,2020-04-21T05:06,0.0
,0,2020-04-21T06:48,0.0
3.3958020324521935e-05,286,2020-04-21T08:29,1.2434782608695651
,0,2020-04-21T10:11,0.0
,0,2020-04-21T11:52,0.0
,0,2020-04-21T13:34,0.0
,0,2020-04-21T15:15,0.0
,0,2020-04-21T16:57,0.0
,0,2020-04-21T18:38,0.0
,0,2020-04-21T20:20,0.0
,0,2020-04-21T22:01,0.0
,0,2020-04-21T23:43,0.0
,0,2020-04-22T01:25,0.0
,0,2020-04-22T03:06,0.0
,0,2020-04-22T04:48,0.0
,0,2020-04-22T06:29,0.0
3.915018513511711e-05,286,2020-04-22T08:11,1.2434782608695651
,0,2020-04-22T09:52,0.0
,0,2020-04-22T11:34,0.0
,0,2020-04-22T13:15,0.0
,0,2020-04-22T14:57,0.0
,0,2020-04-22T16:38,0.0
,0,2020-04-22T18:20,0.0
,0,2020-04-22T20:01,0.0
,0,2020-04-22T21:43,0.0
,0,2020-04-22T23:24,0.0
,0,2020-04-23T01:06,0.0
,0,2020-04-23T02:47,0.0
,0,2020-04-23T04:29,0.0
,0,2020-04-23T06:10,0.0
3.700626052549317e-05,286,2020-04-23T07:52,1.2434782608695651
,0,2020-04-23T09:33,0.0
,0,2020-04-23T11:15,0.0
,0,2020-04-23T12:56,0.0
,0,2020-04-23T14:38,0.0
,0,2020-04-23T16:19,0.0
,0,2020-04-23T18:01,0.0
,0,2020-04-23T19:42,0.0
,0,2020-04-23T21:24,0.0
,0,2020-04-23T23:05,0.0
,0,2020-04-24T00:47,0.0
,0,2020-04-24T02:28,0.0
,0,2020-04-24T04:10,0.0
,0,2020-04-24T05:51,0.0
2.9051499356758834e-05,286,2020-04-24T07:33,1.2434782608695651
,0,2020-04-24T09:14,0.0
,0,2020-04-24T10:56,0.0
,0,2020-04-24T12:37,0.0
,0,2020-04-24T14:19,0.0
,0,2020-04-24T16:00,0.0
,0,2020-04-24T17:42,0.0
,0,2020-04-24T19:23,0.0
,0,2020-04-24T21:05,0.0
,0,2020-04-24T22:46,0.0
,0,2020-04-25T00:28,0.0
,0,2020-04-25T02:09,0.0
,0,2020-04-25T03:51,0.0
,0,2020-04-25T05:32,0.0
1.7331672481754694e-05,286,2020-04-25T07:14,1.2434782608695651
,0,2020-04-25T08:55,0.0
,0,2020-04-25T10:37,0.0
,0,2020-04-25T12:18,0.0
,0,2020-04-25T14:00,0.0
,0,2020-04-25T15:41,0.0
,0,2020-04-25T17:23,0.0
,0,2020-04-25T19:04,0.0
,0,2020-04-25T20:46,0.0
,0,2020-04-25T22:27,0.0
,0,2020-04-26T00:09,0.0
,0,2020-04-26T01:50,0.0
,0,2020-04-26T03:32,0.0
,0,2020-04-26T05:13,0.0
,0,2020-04-26T06:55,0.0
2.7803507060224305e-05,286,2020-04-26T08:36,1.2434782608695651
,0,2020-04-26T10:18,0.0
,0,2020-04-26T11:59,0.0
,0,2020-04-26T13:41,0.0
,0,2020-04-26T15:22,0.0
,0,2020-04-26T17:04,0.0
,0,2020-04-26T18:45,0.0
,0,2020-04-26T20:27,0.0
,0,2020-04-26T22:08,0.0
,0,2020-04-26T23:50,0.0
,0,2020-04-27T01:31,0.0
,0,2020-04-27T03:13,0.0
,0,2020-04-27T04:54,0.0
,0,2020-04-27T06:36,0.0
3.0319541882788805e-05,286,2020-04-27T08:17,1.2434782608695651
,0,2020-04-27T09:59,0.0
,0,2020-04-27T11:40,0.0
,0,2020-04-27T13:22,0.0
,0,2020-04-27T15:03,0.0
,0,2020-04-27T16:45,0.0
,0,2020-04-27T18:26,0.0
,0,2020-04-27T20:08,0.0
,0,2020-04-27T21:49,0.0
,0,2020-04-27T23:31,0.0
,0,2020-04-28T01:12,0.0
,0,2020-04-28T02:54,0.0
,0,2020-04-28T04:35,0.0
,0,2020-04-28T06:17,0.0
3.764881207563436e-05,238,2020-04-28T07:58,1.0347826086956522
,0,2020-04-28T09:40,0.0
,0,2020-04-28T11:21,0.0
,0,2020-04-28T13:03,0.0
,0,2020-04-28T14:44,0.0
,0,2020-04-28T16:26,0.0
,0,2020-04-28T18:07,0.0
,0,2020-04-28T19:49,0.0
,0,2020-04-28T21:30,0.0
,0,2020-04-28T23:12,0.0
,0,2020-04-29T00:53,0.0
,0,2020-04-29T02:35,0.0
,0,2020-04-29T04:16,0.0
,0,2020-04-29T05:58,0.0
3.174366849258433e-05,284,2020-04-29T07:39,1.2347826086956522
,0,2020-04-29T09:21,0.0
,0,2020-04-29T11:02,0.0
,0,2020-04-29T12:44,0.0
,0,2020-04-29T14:25,0.0
,0,2020-04-29T16:07,0.0
,0,2020-04-29T17:48,0.0
,0,2020-04-29T19:30,0.0
,0,2020-04-29T21:11,0.0
,0,2020-04-29T22:53,0.0
,0,2020-04-30T00:34,0.0
,0,2020-04-30T02:16,0.0
,0,2020-04-30T03:57,0.0
,0,2020-04-30T05:39,0.0
3.088564841131117e-05,173,2020-04-30T07:20,0.7521739130434782
,0,2020-04-30T09:02,0.0
,0,2020-04-30T10:44,0.0
,0,2020-04-30T12:25,0.0
,0,2020-04-30T14:07,0.0
,0,2020-04-30T15:48,0.0
,0,2020-04-30T17:30,0.0
,0,2020-04-30T19:11,0.0
,0,2020-04-30T20:53,0.0
,0,2020-04-30T22:34,0.0
,0,2020-05-01T00:16,0.0
,0,2020-05-01T01:57,0.0
,0,2020-05-01T03:39,0.0
,0,2020-05-01T05:20,0.0
2.9715882526859794e-05,286,2020-05-01T07:02,1.2434782608695651
2.985506378034715e-05,285,2020-05-01T08:43,1.2391304347826086
,0,2020-05-01T10:25,0.0
,0,2020-05-01T12:06,0.0
,0,2020-05-01T13:48,0.0
,0,2020-05-01T15:29,0.0
,0,2020-05-01T17:11,0.0
,0,2020-05-01T18:52,0.0
,0,2020-05-01T20:34,0.0
,0,2020-05-01T22:15,0.0
,0,2020-05-01T23:57,0.0
,0,2020-05-02T01:38,0.0
,0,2020-05-02T03:20,0.0
,0,2020-05-02T05:01,0.0
,0,2020-05-02T06:43,0.0
3.1092997857230276e-05,286,2020-05-02T08:24,1.2434782608695651
,0,2020-05-02T10:06,0.0
,0,2020-05-02T11:47,0.0
,0,2020-05-02T13:29,0.0
,0,2020-05-02T15:10,0.0
,0,2020-05-02T16:52,0.0
,0,2020-05-02T18:33,0.0
,0,2020-05-02T20:15,0.0
,0,2020-05-02T21:56,0.0
,0,2020-05-02T23:38,0.0
,0,2020-05-03T01:19,0.0
,0,2020-05-03T03:01,0.0
,0,2020-05-03T04:42,0.0
,0,2020-05-03T06:24,0.0
2.6206936584294924e-05,286,2020-05-03T08:05,1.2434782608695651
,0,2020-05-03T09:47,0.0
,0,2020-05-03T11:28,0.0
,0,2020-05-03T13:10,0.0
,0,2020-05-03T14:51,0.0
,0,2020-05-03T16:33,0.0
,0,2020-05-03T18:14,0.0
,0,2020-05-03T19:56,0.0
,0,2020-05-03T21:37,0.0
,0,2020-05-03T23:19,0.0
,0,2020-05-04T01:00,0.0
,0,2020-05-04T02:42,0.0
,0,2020-05-04T04:23,0.0
,0,2020-05-04T06:05,0.0
3.270651194953445e-05,286,2020-05-04T07:46,1.2434782608695651
,0,2020-05-04T09:28,0.0
,0,2020-05-04T11:09,0.0
,0,2020-05-04T12:51,0.0
,0,2020-05-04T14:32,0.0
,0,2020-05-04T16:14,0.0
,0,2020-05-04T17:55,0.0
,0,2020-05-04T19:37,0.0
,0,2020-05-04T21:18,0.0
,0,2020-05-04T23:00,0.0
,0,2020-05-05T00:41,0.0
,0,2020-05-05T02:23,0.0
,0,2020-05-05T04:04,0.0
,0,2020-05-05T05:46,0.0
3.4766735629438534e-05,286,2020-05-05T07:27,1.2434782608695651
,0,2020-05-05T09:09,0.0
,0,2020-05-05T10:50,0.0
,0,2020-05-05T12:32,0.0
,0,2020-05-05T14:13,0.0
,0,2020-05-05T15:55,0.0
,0,2020-05-05T17:39,0.0
,0,2020-05-05T19:18,0.0
,0,2020-05-05T20:59,0.0
,0,2020-05-05T22:41,0.0
,0,2020-05-06T00:22,0.0
,0,2020-05-06T02:04,0.0
,0,2020-05-06T03:45,0.0
,0,2020-05-06T05:27,0.0
3.670417360374962e-05,286,2020-05-06T07:08,1.2434782608695651
,0,2020-05-06T08:50,0.0
,0,2020-05-06T10:31,0.0
,0,2020-05-06T12:13,0.0
,0,2020-05-06T13:54,0.0
,0,2020-05-06T15:36,0.0
,0,2020-05-06T17:17,0.0
,0,2020-05-06T18:59,0.0
,0,2020-05-06T20:40,0.0
,0,2020-05-06T22:22,0.0
,0,2020-05-07T00:03,0.0
,0,2020-05-07T01:45,0.0
,0,2020-05-07T03:26,0.0
,0,2020-05-07T05:08,0.0
,0,2020-05-07T06:49,0.0
3.059647744873058e-05,286,2020-05-07T08:31,1.2434782608695651
,0,2020-05-07T10:12,0.0
,0,2020-05-07T11:54,0.0
,0,2020-05-07T13:35,0.0
,0,2020-05-07T15:17,0.0
,0,2020-05-07T16:58,0.0
,0,2020-05-07T18:40,0.0
,0,2020-05-07T20:21,0.0
,0,2020-05-07T22:03,0.0
,0,2020-05-07T23:44,0.0
,0,2020-05-08T01:26,0.0
,0,2020-05-08T03:07,0.0
,0,2020-05-08T04:49,0.0
,0,2020-05-08T06:30,0.0
5.009204395444856e-05,286,2020-05-08T08:12,1.2434782608695651
,0,2020-05-08T09:53,0.0
,0,2020-05-08T11:35,0.0
,0,2020-05-08T13:16,0.0
,0,2020-05-08T14:58,0.0
,0,2020-05-08T16:39,0.0
,0,2020-05-08T18:21,0.0
,0,2020-05-08T20:02,0.0
,0,2020-05-08T21:44,0.0
,0,2020-05-08T23:25,0.0
,0,2020-05-09T01:07,0.0
,0,2020-05-09T02:48,0.0
,0,2020-05-09T04:30,0.0
,0,2020-05-09T06:11,0.0
4.330513564959648e-05,286,2020-05-09T07:53,1.2434782608695651
,0,2020-05-09T09:34,0.0
,0,2020-05-09T11:16,0.0
,0,2020-05-09T12:57,0.0
,0,2020-05-09T14:39,0.0
,0,2020-05-09T16:20,0.0
,0,2020-05-09T18:02,0.0
,0,2020-05-09T19:43,0.0
,0,2020-05-09T21:25,0.0
,0,2020-05-09T23:06,0.0
,0,2020-05-10T00:48,0.0
,0,2020-05-10T02:29,0.0
,0,2020-05-10T04:11,0.0
,0,2020-05-10T05:52,0.0
3.766697480841143e-05,286,2020-05-10T07:34,1.2434782608695651
,0,2020-05-10T09:15,0.0
,0,2020-05-10T10:57,0.0
,0,2020-05-10T12:38,0.0
,0,2020-05-10T14:20,0.0
,0,2020-05-10T16:01,0.0
,0,2020-05-10T17:43,0.0
,0,2020-05-10T19:24,0.0
,0,2020-05-10T21:06,0.0
,0,2020-05-10T22:47,0.0
,0,2020-05-11T00:29,0.0
,0,2020-05-11T02:11,0.0
,0,2020-05-11T03:52,0.0
,0,2020-05-11T05:34,0.0
4.0363463135355377e-05,286,2020-05-11T07:15,1.2434782608695651
,0,2020-05-11T08:57,0.0
,0,2020-05-11T10:38,0.0
,0,2020-05-11T12:20,0.0
,0,2020-05-11T14:01,0.0
,0,2020-05-11T15:43,0.0
,0,2020-05-11T17:24,0.0
,0,2020-05-11T19:06,0.0
,0,2020-05-11T20:47,0.0
,0,2020-05-11T22:29,0.0
,0,2020-05-12T00:10,0.0
,0,2020-05-12T01:52,0.0
,0,2020-05-12T03:33,0.0
,0,2020-05-12T05:15,0.0
,0,2020-05-12T06:56,0.0
3.360157848690481e-05,286,2020-05-12T08:38,1.2434782608695651
,0,2020-05-12T10:19,0.0
,0,2020-05-12T12:01,0.0
,0,2020-05-12T13:42,0.0
,0,2020-05-12T15:24,0.0
,0,2020-05-12T17:05,0.0
,0,2020-05-12T18:47,0.0
,0,2020-05-12T20:28,0.0
,0,2020-05-12T22:10,0.0
,0,2020-05-12T23:51,0.0
,0,2020-05-13T01:33,0.0
,0,2020-05-13T03:14,0.0
,0,2020-05-13T04:56,0.0
,0,2020-05-13T06:37,0.0
5.557276939547629e-05,209,2020-05-13T08:19,0.908695652173913
,0,2020-05-13T10:00,0.0
,0,2020-05-13T11:42,0.0
,0,2020-05-13T13:23,0.0
,0,2020-05-13T15:05,0.0
,0,2020-05-13T16:46,0.0
,0,2020-05-13T18:28,0.0
,0,2020-05-13T20:09,0.0
,0,2020-05-13T21:51,0.0
,0,2020-05-13T23:32,0.0
,0,2020-05-14T01:14,0.0
,0,2020-05-14T02:55,0.0
,0,2020-05-14T04:37,0.0
,0,2020-05-14T06:18,0.0
4.76258092685698e-05,218,2020-05-14T08:00,0.9478260869565217
,0,2020-05-14T09:41,0.0
,0,2020-05-14T11:23,0.0
,0,2020-05-14T13:04,0.0
,0,2020-05-14T14:46,0.0
,0,2020-05-14T16:27,0.0
,0,2020-05-14T18:09,0.0
,0,2020-05-14T19:50,0.0
,0,2020-05-14T21:32,0.0
,0,2020-05-14T23:13,0.0
,0,2020-05-15T00:55,0.0
,0,2020-05-15T02:36,0.0
,0,2020-05-15T04:18,0.0
,0,2020-05-15T05:59,0.0
2.8897486052369934e-05,39,2020-05-15T07:41,0.16956521739130434
,0,2020-05-15T09:22,0.0
,0,2020-05-15T11:04,0.0
,0,2020-05-15T12:45,0.0
,0,2020-05-15T14:27,0.0
,0,2020-05-15T16:08,0.0
,0,2020-05-15T17:50,0.0
,0,2020-05-15T19:31,0.0
,0,2020-05-15T21:13,0.0
,0,2020-05-15T22:54,0.0
,0,2020-05-16T00:36,0.0
,0,2020-05-16T02:17,0.0
,0,2020-05-16T03:59,0.0
,0,2020-05-16T05:40,0.0
4.2962964351910724e-05,43,2020-05-16T07:22,0.18695652173913044
,0,2020-05-16T09:03,0.0
,0,2020-05-16T10:45,0.0
,0,2020-05-16T12:26,0.0
,0,2020-05-16T14:08,0.0
,0,2020-05-16T15:49,0.0
,0,2020-05-16T17:31,0.0
,0,2020-05-16T19:12,0.0
,0,2020-05-16T20:54,0.0
,0,2020-05-16T22:35,0.0
,0,2020-05-17T00:17,0.0
,0,2020-05-17T01:58,0.0
,0,2020-05-17T03:40,0.0
,0,2020-05-17T05:21,0.0
5.466299606559494e-05,179,2020-05-17T07:03,0.7782608695652173
4.754096957194566e-05,211,2020-05-17T08:44,0.9173913043478261
,0,2020-05-17T10:26,0.0
,0,2020-05-17T16:13,0.0
,0,2020-05-17T17:12,0.0
,0,2020-05-17T18:53,0.0
,0,2020-05-17T20:35,0.0
,0,2020-05-17T22:16,0.0
,0,2020-05-17T23:58,0.0
,0,2020-05-18T01:39,0.0
,0,2020-05-18T03:21,0.0
,0,2020-05-18T05:02,0.0
,0,2020-05-18T06:44,0.0
3.622455602279157e-05,286,2020-05-18T08:25,1.2434782608695651
,0,2020-05-18T10:07,0.0
,0,2020-05-18T11:48,0.0
,0,2020-05-18T13:30,0.0
,0,2020-05-18T15:11,0.0
,0,2020-05-18T16:53,0.0
,0,2020-05-18T18:34,0.0
,0,2020-05-18T20:16,0.0
,0,2020-05-18T21:57,0.0
,0,2020-05-18T23:39,0.0
,0,2020-05-19T01:20,0.0
,0,2020-05-19T03:02,0.0
,0,2020-05-19T04:43,0.0
,0,2020-05-19T06:25,0.0
3.504550263574788e-05,279,2020-05-19T08:06,1.2130434782608697
,0,2020-05-19T09:48,0.0
,0,2020-05-19T11:29,0.0
,0,2020-05-19T13:11,0.0
,0,2020-05-19T14:52,0.0
,0,2020-05-19T16:34,0.0
,0,2020-05-19T18:15,0.0
,0,2020-05-19T19:57,0.0
,0,2020-05-19T21:38,0.0
,0,2020-05-19T23:20,0.0
,0,2020-05-20T01:01,0.0
,0,2020-05-20T02:43,0.0
,0,2020-05-20T04:24,0.0
,0,2020-05-20T06:06,0.0
3.8012244004369045e-05,286,2020-05-20T07:47,1.2434782608695651
,0,2020-05-20T09:29,0.0
,0,2020-05-20T11:10,0.0
,0,2020-05-20T12:52,0.0
,0,2020-05-20T14:33,0.0
,0,2020-05-20T16:15,0.0
,0,2020-05-20T17:56,0.0
,0,2020-05-20T19:38,0.0
,0,2020-05-20T21:19,0.0
,0,2020-05-20T23:01,0.0
,0,2020-05-21T00:42,0.0
,0,2020-05-21T02:24,0.0
,0,2020-05-21T04:05,0.0
,0,2020-05-21T05:47,0.0
2.4228643284128774e-05,68,2020-05-21T07:28,0.2956521739130435
,0,2020-05-21T09:10,0.0
,0,2020-05-21T10:51,0.0
,0,2020-05-21T12:33,0.0
,0,2020-05-21T14:14,0.0
,0,2020-05-21T15:56,0.0
,0,2020-05-21T17:37,0.0
,0,2020-05-21T19:19,0.0
,0,2020-05-21T21:00,0.0
,0,2020-05-21T22:42,0.0
,0,2020-05-22T00:23,0.0
,0,2020-05-22T02:05,0.0
,0,2020-05-22T03:46,0.0
,0,2020-05-22T05:28,0.0
3.197155529110209e-05,286,2020-05-22T07:09,1.2434782608695651
,0,2020-05-22T08:51,0.0
,0,2020-05-22T10:32,0.0
,0,2020-05-22T12:14,0.0
,0,2020-05-22T13:55,0.0
,0,2020-05-22T15:37,0.0
,0,2020-05-22T17:18,0.0
,0,2020-05-22T19:00,0.0
,0,2020-05-22T20:41,0.0
,0,2020-05-22T22:23,0.0
,0,2020-05-23T00:04,0.0
,0,2020-05-23T01:46,0.0
,0,2020-05-23T03:27,0.0
,0,2020-05-23T05:09,0.0
,0,2020-05-23T06:50,0.0
2.9796268185328986e-05,286,2020-05-23T08:32,1.2434782608695651
,0,2020-05-23T10:13,0.0
,0,2020-05-23T11:55,0.0
,0,2020-05-23T13:36,0.0
,0,2020-05-23T15:18,0.0
,0,2020-05-23T16:59,0.0
,0,2020-05-23T18:41,0.0
,0,2020-05-23T20:22,0.0
,0,2020-05-23T22:04,0.0
,0,2020-05-23T23:45,0.0
,0,2020-05-24T01:27,0.0
,0,2020-05-24T03:08,0.0
,0,2020-05-24T04:50,0.0
,0,2020-05-24T06:31,0.0
3.0727948273769985e-05,286,2020-05-24T08:13,1.2434782608695651
,0,2020-05-24T09:54,0.0
,0,2020-05-24T11:36,0.0
,0,2020-05-24T13:17,0.0
,0,2020-05-24T14:59,0.0
,0,2020-05-24T16:40,0.0
,0,2020-05-24T18:22,0.0
,0,2020-05-24T20:03,0.0
,0,2020-05-24T21:45,0.0
,0,2020-05-24T23:26,0.0
,0,2020-05-25T01:08,0.0
,0,2020-05-25T02:49,0.0
,0,2020-05-25T04:31,0.0
,0,2020-05-25T06:12,0.0
3.725971986990029e-05,286,2020-05-25T07:54,1.2434782608695651
,0,2020-05-25T09:35,0.0
,0,2020-05-25T11:17,0.0
,0,2020-05-25T12:58,0.0
,0,2020-05-25T14:40,0.0
,0,2020-05-25T16:21,0.0
,0,2020-05-25T18:03,0.0
,0,2020-05-25T19:44,0.0
,0,2020-05-25T21:26,0.0
,0,2020-05-25T23:07,0.0
,0,2020-05-26T00:49,0.0
,0,2020-05-26T02:30,0.0
,0,2020-05-26T04:12,0.0
,0,2020-05-26T05:53,0.0
3.981361306356323e-05,286,2020-05-26T07:35,1.2434782608695651
,0,2020-05-26T09:16,0.0
,0,2020-05-26T10:58,0.0
,0,2020-05-26T12:39,0.0
,0,2020-05-26T14:21,0.0
,0,2020-05-26T16:02,0.0
,0,2020-05-26T17:44,0.0
,0,2020-05-26T19:25,0.0
,0,2020-05-26T21:07,0.0
,0,2020-05-26T22:48,0.0
,0,2020-05-27T00:30,0.0
,0,2020-05-27T02:11,0.0
,0,2020-05-27T03:53,0.0
,0,2020-05-27T05:34,0.0
2.798641768812862e-05,286,2020-05-27T07:16,1.2434782608695651
,0,2020-05-27T08:57,0.0
,0,2020-05-27T10:39,0.0
,0,2020-05-27T12:20,0.0
,0,2020-05-27T14:02,0.0
,0,2020-05-27T15:43,0.0
,0,2020-05-27T17:25,0.0
,0,2020-05-27T19:06,0.0
,0,2020-05-27T20:48,0.0
,0,2020-05-27T22:29,0.0
,0,2020-05-28T00:11,0.0
,0,2020-05-28T01:52,0.0
,0,2020-05-28T03:34,0.0
,0,2020-05-28T05:15,0.0
,0,2020-05-28T06:57,0.0
3.1505744620436624e-05,286,2020-05-28T08:38,1.2434782608695651
,0,2020-05-28T10:20,0.0
,0,2020-05-28T12:01,0.0
,0,2020-05-28T13:43,0.0
,0,2020-05-28T15:24,0.0
,0,2020-05-28T17:06,0.0
,0,2020-05-28T18:47,0.0
,0,2020-05-28T20:29,0.0
,0,2020-05-28T22:10,0.0
,0,2020-05-28T23:52,0.0
,0,2020-05-29T01:33,0.0
,0,2020-05-29T03:15,0.0
,0,2020-05-29T04:56,0.0
,0,2020-05-29T06:38,0.0
2.1354868953893445e-05,286,2020-05-29T08:19,1.2434782608695651
,0,2020-05-29T10:01,0.0
,0,2020-05-29T11:42,0.0
,0,2020-05-29T13:24,0.0
,0,2020-05-29T15:05,0.0
,0,2020-05-29T16:47,0.0
,0,2020-05-29T18:28,0.0
,0,2020-05-29T20:10,0.0
,0,2020-05-29T21:51,0.0
,0,2020-05-29T23:33,0.0
,0,2020-05-30T01:14,0.0
,0,2020-05-30T02:56,0.0
,0,2020-05-30T04:37,0.0
,0,2020-05-30T06:19,0.0
2.1908898254724848e-05,286,2020-05-30T08:00,1.2434782608695651
,0,2020-05-30T09:42,0.0
,0,2020-05-30T11:23,0.0
,0,2020-05-30T13:05,0.0
,0,2020-05-30T14:46,0.0
,0,2020-05-30T16:28,0.0
,0,2020-05-30T18:09,0.0
,0,2020-05-30T19:51,0.0
,0,2020-05-30T21:32,0.0
,0,2020-05-30T23:14,0.0
,0,2020-05-31T00:55,0.0
,0,2020-05-31T02:37,0.0
,0,2020-05-31T04:18,0.0
,0,2020-05-31T06:00,0.0
4.3031525607138686e-05,285,2020-05-31T07:41,1.2391304347826086
,0,2020-05-31T09:23,0.0
,0,2020-05-31T11:04,0.0
,0,2020-05-31T12:46,0.0
,0,2020-05-31T14:27,0.0
,0,2020-05-31T16:09,0.0
,0,2020-05-31T17:50,0.0
,0,2020-05-31T19:32,0.0
,0,2020-05-31T21:13,0.0
,0,2020-05-31T22:55,0.0
,0,2020-10-01T00:41,0.0
,0,2020-10-01T02:23,0.0
,0,2020-10-01T04:04,0.0
,0,2020-10-01T05:46,0.0
2.0184533778640387e-05,110,2020-10-01T07:27,0.4782608695652174
,0,2020-10-01T09:09,0.0
,0,2020-10-01T10:50,0.0
,0,2020-10-01T12:32,0.0
,0,2020-10-01T14:13,0.0
,0,2020-10-01T15:55,0.0
,0,2020-10-01T17:36,0.0
,0,2020-10-01T19:18,0.0
,0,2020-10-01T20:59,0.0
,0,2020-10-01T22:41,0.0
,0,2020-10-02T00:22,0.0
,0,2020-10-02T02:04,0.0
,0,2020-10-02T03:45,0.0
,0,2020-10-02T05:27,0.0
,0,2020-10-02T07:08,0.0
,0,2020-10-02T08:50,0.0
,0,2020-10-02T10:31,0.0
,0,2020-10-02T12:13,0.0
,0,2020-10-02T13:54,0.0
,0,2020-10-02T15:36,0.0
,0,2020-10-02T17:17,0.0
,0,2020-10-02T18:59,0.0
,0,2020-10-02T20:40,0.0
,0,2020-10-02T22:22,0.0
,0,2020-10-03T00:03,0.0
,0,2020-10-03T01:45,0.0
,0,2020-10-03T03:26,0.0
,0,2020-10-03T05:08,0.0
,0,2020-10-03T06:49,0.0
,0,2020-10-03T08:31,0.0
,0,2020-10-03T10:12,0.0
,0,2020-10-03T11:53,0.0
,0,2020-10-03T13:35,0.0
,0,2020-10-03T15:16,0.0
,0,2020-10-03T16:58,0.0
,0,2020-10-03T18:39,0.0
,0,2020-10-03T20:21,0.0
,0,2020-10-03T22:02,0.0
,0,2020-10-03T23:44,0.0
,0,2020-10-04T01:25,0.0
,0,2020-10-04T03:07,0.0
,0,2020-10-04T04:48,0.0
,0,2020-10-04T06:30,0.0
,0,2020-10-04T08:11,0.0
,0,2020-10-04T09:53,0.0
,0,2020-10-04T11:34,0.0
,0,2020-10-04T13:16,0.0
,0,2020-10-04T14:57,0.0
,0,2020-10-04T16:39,0.0
,0,2020-10-04T18:20,0.0
,0,2020-10-04T20:02,0.0
,0,2020-10-04T21:43,0.0
,0,2020-10-04T23:25,0.0
,0,2020-10-05T01:06,0.0
,0,2020-10-05T02:48,0.0
,0,2020-10-05T04:29,0.0
,0,2020-10-05T06:11,0.0
2.7121694189690073e-05,228,2020-10-05T07:52,0.991304347826087
,0,2020-10-05T09:34,0.0
,0,2020-10-05T11:15,0.0
,0,2020-10-05T12:57,0.0
,0,2020-10-05T14:38,0.0
,0,2020-10-05T16:20,0.0
,0,2020-10-05T18:01,0.0
,0,2020-10-05T19:43,0.0
,0,2020-10-05T21:24,0.0
,0,2020-10-05T23:06,0.0
,0,2020-10-06T00:47,0.0
,0,2020-10-06T02:29,0.0
,0,2020-10-06T04:10,0.0
,0,2020-10-06T05:52,0.0
4.110815055219921e-05,252,2020-10-06T07:33,1.0956521739130434
,0,2020-10-06T09:15,0.0
,0,2020-10-06T10:56,0.0
,0,2020-10-06T12:38,0.0
,0,2020-10-06T14:19,0.0
,0,2020-10-06T16:01,0.0
,0,2020-10-06T17:42,0.0
,0,2020-10-06T19:24,0.0
,0,2020-10-06T21:05,0.0
,0,2020-10-06T22:46,0.0
,0,2020-10-07T00:28,0.0
,0,2020-10-07T02:09,0.0
,0,2020-10-07T03:51,0.0
,0,2020-10-07T05:32,0.0
5.597031026097526e-05,4,2020-10-07T07:14,0.017391304347826087
,0,2020-10-07T08:55,0.0
,0,2020-10-07T10:37,0.0
,0,2020-10-07T12:18,0.0
,0,2020-10-07T14:00,0.0
,0,2020-10-07T15:41,0.0
,0,2020-10-07T17:23,0.0
,0,2020-10-07T19:04,0.0
,0,2020-10-07T20:46,0.0
,0,2020-10-07T22:27,0.0
,0,2020-10-08T00:09,0.0
,0,2020-10-08T01:50,0.0
,0,2020-10-08T03:32,0.0
,0,2020-10-08T05:13,0.0
,0,2020-10-08T06:55,0.0
,0,2020-10-08T08:36,0.0
,0,2020-10-08T10:18,0.0
,0,2020-10-08T11:59,0.0
,0,2020-10-08T13:41,0.0
,0,2020-10-08T15:22,0.0
,0,2020-10-08T17:04,0.0
,0,2020-10-08T18:45,0.0
,0,2020-10-08T20:27,0.0
,0,2020-10-08T22:08,0.0
,0,2020-10-08T23:50,0.0
,0,2020-10-09T01:31,0.0
,0,2020-10-09T03:13,0.0
,0,2020-10-09T04:54,0.0
,0,2020-10-09T06:36,0.0
3.547041799159584e-05,163,2020-10-09T08:17,0.7086956521739131
,0,2020-10-09T09:59,0.0
,0,2020-10-09T11:40,0.0
,0,2020-10-09T13:22,0.0
,0,2020-10-09T15:03,0.0
,0,2020-10-09T16:45,0.0
,0,2020-10-09T18:26,0.0
,0,2020-10-09T20:08,0.0
,0,2020-10-09T21:49,0.0
,0,2020-10-09T23:31,0.0
,0,2020-10-10T01:12,0.0
,0,2020-10-10T02:54,0.0
,0,2020-10-10T04:35,0.0
,0,2020-10-10T06:17,0.0
1.5379322531489333e-05,29,2020-10-10T07:58,0.12608695652173912
,0,2020-10-10T09:39,0.0
,0,2020-10-10T11:21,0.0
,0,2020-10-10T13:02,0.0
,0,2020-10-10T14:44,0.0
,0,2020-10-10T16:25,0.0
,0,2020-10-10T18:07,0.0
,0,2020-10-10T19:48,0.0
,0,2020-10-10T21:30,0.0
,0,2020-10-10T23:11,0.0
,0,2020-10-11T00:53,0.0
,0,2020-10-11T02:34,0.0
,0,2020-10-11T04:16,0.0
,0,2020-10-11T05:57,0.0
,0,2020-10-11T07:39,0.0
,0,2020-10-11T09:20,0.0
,0,2020-10-11T11:02,0.0
,0,2020-10-11T12:43,0.0
,0,2020-10-11T14:25,0.0
,0,2020-10-11T16:06,0.0
,0,2020-10-11T17:48,0.0
,0,2020-10-11T19:29,0.0
,0,2020-10-11T21:11,0.0
,0,2020-10-11T22:52,0.0
,0,2020-10-12T00:34,0.0
,0,2020-10-12T02:15,0.0
,0,2020-10-12T03:57,0.0
,0,2020-10-12T05:38,0.0
,0,2020-10-12T07:20,0.0
,0,2020-10-12T09:01,0.0
,0,2020-10-12T10:43,0.0
,0,2020-10-12T12:24,0.0
,0,2020-10-12T14:06,0.0
,0,2020-10-12T15:47,0.0
,0,2020-10-12T17:29,0.0
,0,2020-10-12T19:10,0.0
,0,2020-10-12T20:52,0.0
,0,2020-10-12T22:33,0.0
,0,2020-10-13T00:15,0.0
,0,2020-10-13T01:56,0.0
,0,2020-10-13T03:38,0.0
,0,2020-10-13T05:19,0.0
,0,2020-10-13T07:01,0.0
,0,2020-10-13T08:42,0.0
,0,2020-10-13T10:24,0.0
,0,2020-10-13T12:05,0.0
,0,2020-10-13T13:47,0.0
,0,2020-10-13T15:28,0.0
,0,2020-10-13T17:10,0.0
,0,2020-10-13T18:51,0.0
,0,2020-10-13T20:33,0.0
,0,2020-10-13T22:14,0.0
,0,2020-10-13T23:56,0.0
,0,2020-10-14T01:37,0.0
,0,2020-10-14T03:18,0.0
,0,2020-10-14T05:00,0.0
,0,2020-10-14T06:41,0.0
,0,2020-10-14T08:23,0.0
,0,2020-10-14T10:04,0.0
,0,2020-10-14T11:46,0.0
,0,2020-10-14T13:27,0.0
,0,2020-10-14T15:09,0.0
,0,2020-10-14T16:50,0.0
,0,2020-10-14T18:32,0.0
,0,2020-10-14T20:13,0.0
,0,2020-10-14T21:55,0.0
,0,2020-10-14T23:36,0.0
,0,2020-10-15T01:18,0.0
,0,2020-10-15T02:59,0.0
,0,2020-10-15T04:41,0.0
,0,2020-10-15T06:22,0.0
1.979592880416826e-05,1,2020-10-15T08:04,0.004347826086956522
,0,2020-10-15T09:45,0.0
,0,2020-10-15T11:27,0.0
,0,2020-10-15T13:08,0.0
,0,2020-10-15T14:50,0.0
,0,2020-10-15T16:31,0.0
,0,2020-10-15T18:13,0.0
,0,2020-10-15T19:54,0.0
,0,2020-10-15T21:36,0.0
,0,2020-10-15T23:17,0.0
,0,2020-10-16T00:59,0.0
,0,2020-10-16T02:40,0.0
,0,2020-10-16T04:22,0.0
,0,2020-10-16T06:03,0.0
,0,2020-10-16T07:45,0.0
,0,2020-10-16T09:26,0.0
,0,2020-10-16T11:08,0.0
,0,2020-10-16T12:49,0.0
,0,2020-10-16T14:31,0.0
,0,2020-10-16T16:12,0.0
,0,2020-10-16T17:54,0.0
,0,2020-10-16T19:35,0.0
,0,2020-10-16T21:17,0.0
,0,2020-10-16T22:58,0.0
,0,2020-10-17T00:40,0.0
,0,2020-10-17T02:21,0.0
,0,2020-10-17T04:03,0.0
,0,2020-10-17T05:44,0.0
1.656894497645632e-05,5,2020-10-17T07:26,0.021739130434782608
,0,2020-10-17T09:07,0.0
,0,2020-10-17T10:49,0.0
,0,2020-10-17T12:30,0.0
,0,2020-10-17T14:12,0.0
,0,2020-10-17T15:53,0.0
,0,2020-10-17T17:34,0.0
,0,2020-10-17T19:16,0.0
,0,2020-10-17T20:57,0.0
,0,2020-10-17T22:39,0.0
,0,2020-10-18T00:20,0.0
,0,2020-10-18T02:02,0.0
,0,2020-10-18T03:43,0.0
,0,2020-10-18T05:25,0.0
,0,2020-10-18T07:06,0.0
,0,2020-10-18T08:48,0.0
,0,2020-10-18T10:29,0.0
,0,2020-10-18T12:11,0.0
,0,2020-10-18T13:52,0.0
,0,2020-10-18T15:34,0.0
,0,2020-10-18T17:15,0.0
,0,2020-10-18T18:57,0.0
,0,2020-10-18T20:38,0.0
,0,2020-10-18T22:20,0.0
,0,2020-10-19T00:01,0.0
,0,2020-10-19T01:43,0.0
,0,2020-10-19T03:24,0.0
,0,2020-10-19T05:06,0.0
,0,2020-10-19T06:47,0.0
3.896989327097912e-05,134,2020-10-19T08:29,0.5826086956521739
,0,2020-10-19T10:10,0.0
,0,2020-10-19T11:52,0.0
,0,2020-10-19T13:33,0.0
,0,2020-10-19T15:15,0.0
,0,2020-10-19T16:56,0.0
,0,2020-10-19T18:38,0.0
,0,2020-10-19T20:19,0.0
,0,2020-10-19T22:01,0.0
,0,2020-10-19T23:42,0.0
,0,2020-10-20T01:24,0.0
,0,2020-10-20T03:05,0.0
,0,2020-10-20T04:47,0.0
,0,2020-10-20T06:28,0.0
3.034464230317466e-05,39,2020-10-20T08:10,0.16956521739130434
,0,2020-10-20T09:51,0.0
,0,2020-10-20T11:33,0.0
,0,2020-10-20T13:14,0.0
,0,2020-10-20T14:56,0.0
,0,2020-10-20T16:37,0.0
,0,2020-10-20T18:19,0.0
,0,2020-10-20T20:00,0.0
,0,2020-10-20T21:42,0.0
,0,2020-10-20T23:23,0.0
,0,2020-10-21T01:05,0.0
,0,2020-10-21T02:46,0.0
,0,2020-10-21T04:28,0.0
,0,2020-10-21T06:09,0.0
3.7888813236128965e-05,190,2020-10-21T07:50,0.8260869565217391
,0,2020-10-21T09:32,0.0
,0,2020-10-21T11:13,0.0
,0,2020-10-21T12:55,0.0
,0,2020-10-21T14:36,0.0
,0,2020-10-21T16:18,0.0
,0,2020-10-21T17:59,0.0
,0,2020-10-21T19:41,0.0
,0,2020-10-21T21:22,0.0
,0,2020-10-21T23:04,0.0
,0,2020-10-22T00:45,0.0
,0,2020-10-22T02:27,0.0
,0,2020-10-22T04:08,0.0
,0,2020-10-22T05:50,0.0
4.398600953874568e-05,240,2020-10-22T07:31,1.0434782608695652
,0,2020-10-22T09:13,0.0
,0,2020-10-22T10:54,0.0
,0,2020-10-22T12:36,0.0
,0,2020-10-22T14:17,0.0
,0,2020-10-22T15:59,0.0
,0,2020-10-22T18:28,0.0
,0,2020-10-22T19:22,0.0
,0,2020-10-22T21:03,0.0
,0,2020-10-22T22:45,0.0
,0,2020-10-23T00:26,0.0
,0,2020-10-23T02:08,0.0
,0,2020-10-23T03:49,0.0
,0,2020-10-23T05:31,0.0
4.485397378509901e-05,81,2020-10-23T07:12,0.3521739130434783
,0,2020-10-23T08:54,0.0
,0,2020-10-23T10:35,0.0
,0,2020-10-23T12:17,0.0
,0,2020-10-23T13:58,0.0
,0,2020-10-23T15:40,0.0
,0,2020-10-23T17:21,0.0
,0,2020-10-23T19:03,0.0
,0,2020-10-23T20:44,0.0
,0,2020-10-23T22:26,0.0
,0,2020-10-24T00:07,0.0
,0,2020-10-24T01:49,0.0
,0,2020-10-24T03:30,0.0
,0,2020-10-24T05:12,0.0
,0,2020-10-24T06:53,0.0
,0,2020-10-24T08:35,0.0
,0,2020-10-24T10:16,0.0
,0,2020-10-24T11:58,0.0
,0,2020-10-24T13:39,0.0
,0,2020-10-24T15:21,0.0
,0,2020-10-24T17:02,0.0
,0,2020-10-24T18:44,0.0
,0,2020-10-24T20:25,0.0
,0,2020-10-24T22:06,0.0
,0,2020-10-24T23:48,0.0
,0,2020-10-25T01:29,0.0
,0,2020-10-25T03:11,0.0
,0,2020-10-25T04:52,0.0
,0,2020-10-25T06:34,0.0
2.6550761342699535e-05,143,2020-10-25T08:15,0.6217391304347826
,0,2020-10-25T09:57,0.0
,0,2020-10-25T11:38,0.0
,0,2020-10-25T13:20,0.0
,0,2020-10-25T15:01,0.0
,0,2020-10-25T16:43,0.0
,0,2020-10-25T18:24,0.0
,0,2020-10-25T20:06,0.0
,0,2020-10-25T21:47,0.0
,0,2020-10-25T23:29,0.0
,0,2020-10-26T01:10,0.0
,0,2020-10-26T02:52,0.0
,0,2020-10-26T04:33,0.0
,0,2020-10-26T06:15,0.0
3.169674760620528e-05,161,2020-10-26T07:56,0.7
,0,2020-10-26T09:38,0.0
,0,2020-10-26T11:19,0.0
,0,2020-10-26T13:01,0.0
,0,2020-10-26T14:42,0.0
,0,2020-10-26T16:24,0.0
,0,2020-10-26T18:05,0.0
,0,2020-10-26T19:47,0.0
,0,2020-10-26T21:28,0.0
,0,2020-10-26T23:10,0.0
,0,2020-10-27T00:51,0.0
,0,2020-10-27T02:33,0.0
,0,2020-10-27T04:14,0.0
,0,2020-10-27T05:56,0.0
4.7604476764491554e-05,286,2020-10-27T07:37,1.2434782608695651
,0,2020-10-27T09:19,0.0
,0,2020-10-27T11:00,0.0
,0,2020-10-27T12:42,0.0
,0,2020-10-27T14:23,0.0
,0,2020-10-27T16:05,0.0
,0,2020-10-27T17:46,0.0
,0,2020-10-27T19:28,0.0
,0,2020-10-27T21:09,0.0
,0,2020-10-27T22:51,0.0
,0,2020-10-28T00:32,0.0
,0,2020-10-28T02:14,0.0
,0,2020-10-28T03:55,0.0
,0,2020-10-28T05:37,0.0
4.984197346927425e-05,286,2020-10-28T07:18,1.2434782608695651
,0,2020-10-28T09:00,0.0
,0,2020-10-28T10:41,0.0
,0,2020-10-28T12:23,0.0
,0,2020-10-28T14:04,0.0
,0,2020-10-28T15:45,0.0
,0,2020-10-28T17:27,0.0
,0,2020-10-28T19:08,0.0
,0,2020-10-28T20:50,0.0
,0,2020-10-28T22:31,0.0
,0,2020-10-29T00:13,0.0
,0,2020-10-29T01:54,0.0
,0,2020-10-29T03:36,0.0
,0,2020-10-29T05:17,0.0
4.663963756898926e-05,286,2020-10-29T06:59,1.2434782608695651
,0,2020-10-29T08:40,0.0
,0,2020-10-29T10:22,0.0
,0,2020-10-29T12:03,0.0
,0,2020-10-29T13:45,0.0
,0,2020-10-29T15:26,0.0
,0,2020-10-29T17:08,0.0
,0,2020-10-29T18:49,0.0
,0,2020-10-29T20:31,0.0
,0,2020-10-29T22:12,0.0
,0,2020-10-29T23:54,0.0
,0,2020-10-30T01:35,0.0
,0,2020-10-30T03:17,0.0
,0,2020-10-30T04:58,0.0
,0,2020-10-30T06:40,0.0
5.5853537438361706e-05,286,2020-10-30T08:21,1.2434782608695651
,0,2020-10-30T10:03,0.0
,0,2020-10-30T11:44,0.0
,0,2020-10-30T13:26,0.0
,0,2020-10-30T15:07,0.0
,0,2020-10-30T16:49,0.0
,0,2020-10-30T18:30,0.0
,0,2020-10-30T20:12,0.0
,0,2020-10-30T21:53,0.0
,0,2020-10-30T23:35,0.0
,0,2020-10-31T01:16,0.0
,0,2020-10-31T02:58,0.0
,0,2020-10-31T04:39,0.0
,0,2020-10-31T06:21,0.0
5.786929595947983e-05,261,2020-10-31T08:02,1.1347826086956523
,0,2020-10-31T09:44,0.0
,0,2020-10-31T11:25,0.0
,0,2020-10-31T13:07,0.0
,0,2020-10-31T14:48,0.0
,0,2020-10-31T16:30,0.0
,0,2020-10-31T18:11,0.0
,0,2020-10-31T19:53,0.0
,0,2020-10-31T21:34,0.0
,0,2020-10-31T23:16,0.0
,0,2020-11-01T00:57,0.0
,0,2020-11-01T02:39,0.0
,0,2020-11-01T04:20,0.0
,0,2020-11-01T06:02,0.0
5.280861718295371e-05,286,2020-11-01T07:43,1.2434782608695651
,0,2020-11-01T09:25,0.0
,0,2020-11-01T11:06,0.0
,0,2020-11-01T12:48,0.0
,0,2020-11-01T14:29,0.0
,0,2020-11-01T16:10,0.0
,0,2020-11-01T17:52,0.0
,0,2020-11-01T19:33,0.0
,0,2020-11-01T21:15,0.0
,0,2020-11-01T22:56,0.0
,0,2020-11-02T00:38,0.0
,0,2020-11-02T02:19,0.0
,0,2020-11-02T04:01,0.0
,0,2020-11-02T05:42,0.0
4.6459315184713205e-05,286,2020-11-02T07:24,1.2434782608695651
,0,2020-11-02T09:05,0.0
,0,2020-11-02T10:47,0.0
,0,2020-11-02T12:28,0.0
,0,2020-11-02T14:10,0.0
,0,2020-11-02T15:51,0.0
,0,2020-11-02T17:33,0.0
,0,2020-11-02T19:14,0.0
,0,2020-11-02T20:56,0.0
,0,2020-11-02T22:37,0.0
,0,2020-11-03T00:19,0.0
,0,2020-11-03T02:00,0.0
,0,2020-11-03T03:42,0.0
,0,2020-11-03T05:23,0.0
3.559051332620803e-05,286,2020-11-03T07:05,1.2434782608695651
,0,2020-11-03T08:46,0.0
,0,2020-11-03T10:28,0.0
,0,2020-11-03T12:09,0.0
,0,2020-11-03T13:51,0.0
,0,2020-11-03T15:32,0.0
,0,2020-11-03T17:14,0.0
,0,2020-11-03T18:55,0.0
,0,2020-11-03T20:37,0.0
,0,2020-11-03T22:18,0.0
,0,2020-11-04T00:00,0.0
,0,2020-11-04T01:41,0.0
,0,2020-11-04T03:23,0.0
,0,2020-11-04T05:04,0.0
,0,2020-11-04T06:46,0.0
4.754495449096761e-05,286,2020-11-04T08:27,1.2434782608695651
,0,2020-11-04T10:09,0.0
,0,2020-11-04T11:50,0.0
,0,2020-11-04T13:32,0.0
,0,2020-11-04T15:13,0.0
,0,2020-11-04T16:55,0.0
,0,2020-11-04T18:36,0.0
,0,2020-11-04T20:18,0.0
,0,2020-11-04T21:59,0.0
,0,2020-11-04T23:41,0.0
,0,2020-11-05T01:22,0.0
,0,2020-11-05T03:04,0.0
,0,2020-11-05T04:45,0.0
,0,2020-11-05T06:27,0.0
6.347451881298382e-05,286,2020-11-05T08:08,1.2434782608695651
,0,2020-11-05T09:50,0.0
,0,2020-11-05T11:31,0.0
,0,2020-11-05T13:13,0.0
,0,2020-11-05T14:54,0.0
,0,2020-11-05T16:35,0.0
,0,2020-11-05T18:17,0.0
,0,2020-11-05T19:58,0.0
,0,2020-11-05T21:40,0.0
,0,2020-11-05T23:21,0.0
,0,2020-11-06T01:03,0.0
,0,2020-11-06T02:44,0.0
,0,2020-11-06T04:26,0.0
,0,2020-11-06T06:07,0.0
5.387777365601342e-05,286,2020-11-06T07:49,1.2434782608695651
,0,2020-11-06T09:30,0.0
,0,2020-11-06T11:12,0.0
,0,2020-11-06T12:53,0.0
,0,2020-11-06T14:35,0.0
,0,2020-11-06T16:16,0.0
,0,2020-11-06T17:58,0.0
,0,2020-11-06T19:39,0.0
,0,2020-11-06T21:21,0.0
,0,2020-11-06T23:02,0.0
,0,2020-11-07T00:44,0.0
,0,2020-11-07T02:25,0.0
,0,2020-11-07T04:07,0.0
,0,2020-11-07T05:48,0.0
4.981104359921592e-05,286,2020-11-07T07:30,1.2434782608695651
,0,2020-11-07T09:11,0.0
,0,2020-11-07T10:53,0.0
,0,2020-11-07T12:34,0.0
,0,2020-11-07T14:16,0.0
,0,2020-11-07T15:57,0.0
,0,2020-11-07T17:39,0.0
,0,2020-11-07T19:20,0.0
,0,2020-11-07T21:02,0.0
,0,2020-11-07T22:43,0.0
,0,2020-11-08T00:25,0.0
,0,2020-11-08T03:48,0.0
,0,2020-11-08T05:29,0.0
4.308159152676879e-05,286,2020-11-08T07:11,1.2434782608695651
,0,2020-11-08T08:52,0.0
,0,2020-11-08T10:34,0.0
,0,2020-11-08T12:15,0.0
,0,2020-11-08T13:57,0.0
,0,2020-11-08T15:38,0.0
,0,2020-11-08T17:20,0.0
,0,2020-11-08T19:01,0.0
,0,2020-11-08T20:43,0.0
,0,2020-11-08T22:24,0.0
,0,2020-11-09T00:06,0.0
,0,2020-11-09T01:47,0.0
,0,2020-11-09T03:29,0.0
,0,2020-11-09T05:10,0.0
4.041438172698501e-05,286,2020-11-09T06:52,1.2434782608695651
5.310714948342333e-05,286,2020-11-09T08:33,1.2434782608695651
,0,2020-11-09T10:15,0.0
,0,2020-11-09T11:56,0.0
,0,2020-11-09T13:38,0.0
,0,2020-11-09T15:19,0.0
,0,2020-11-09T17:01,0.0
,0,2020-11-09T18:42,0.0
,0,2020-11-09T20:23,0.0
,0,2020-11-09T22:05,0.0
,0,2020-11-09T23:46,0.0
,0,2020-11-10T01:28,0.0
,0,2020-11-10T03:09,0.0
,0,2020-11-10T04:51,0.0
,0,2020-11-10T06:32,0.0
5.5387034264686144e-05,286,2020-11-10T08:14,1.2434782608695651
,0,2020-11-10T09:55,0.0
,0,2020-11-10T11:37,0.0
,0,2020-11-10T13:18,0.0
,0,2020-11-10T15:00,0.0
,0,2020-11-10T16:41,0.0
,0,2020-11-10T18:23,0.0
,0,2020-11-10T20:04,0.0
,0,2020-11-10T21:46,0.0
,0,2020-11-10T23:27,0.0
,0,2020-11-11T01:09,0.0
,0,2020-11-11T02:50,0.0
,0,2020-11-11T04:32,0.0
,0,2020-11-11T06:13,0.0
6.245749147248749e-05,286,2020-11-11T07:55,1.2434782608695651
,0,2020-11-11T09:36,0.0
,0,2020-11-11T11:18,0.0
,0,2020-11-11T12:59,0.0
,0,2020-11-11T14:41,0.0
,0,2020-11-11T16:22,0.0
,0,2020-11-11T18:04,0.0
,0,2020-11-11T19:45,0.0
,0,2020-11-11T21:27,0.0
,0,2020-11-11T23:08,0.0
,0,2020-11-12T00:50,0.0
,0,2020-11-12T02:31,0.0
,0,2020-11-12T04:13,0.0
,0,2020-11-12T05:54,0.0
6.470965025916113e-05,286,2020-11-12T07:36,1.2434782608695651
,0,2020-11-12T09:17,0.0
,0,2020-11-12T10:59,0.0
,0,2020-11-12T12:40,0.0
,0,2020-11-12T14:22,0.0
,0,2020-11-12T16:03,0.0
,0,2020-11-12T17:45,0.0
,0,2020-11-12T19:26,0.0
,0,2020-11-12T21:08,0.0
,0,2020-11-12T22:49,0.0
,0,2020-11-13T00:31,0.0
,0,2020-11-13T02:12,0.0
,0,2020-11-13T03:54,0.0
,0,2020-11-13T05:35,0.0
3.105853587373052e-05,150,2020-11-13T07:17,0.6521739130434783
,0,2020-11-13T08:58,0.0
,0,2020-11-13T10:40,0.0
,0,2020-11-13T12:21,0.0
,0,2020-11-13T14:03,0.0
,0,2020-11-13T15:44,0.0
,0,2020-11-13T17:26,0.0
,0,2020-11-13T19:07,0.0
,0,2020-11-13T20:49,0.0
,0,2020-11-13T22:30,0.0
,0,2020-11-14T00:12,0.0
,0,2020-11-14T01:53,0.0
,0,2020-11-14T03:35,0.0
,0,2020-11-14T05:16,0.0
3.1090522052187296e-05,176,2020-11-14T06:57,0.7652173913043478
,0,2020-11-14T08:39,0.0
,0,2020-11-14T10:20,0.0
,0,2020-11-14T12:02,0.0
,0,2020-11-14T13:43,0.0
,0,2020-11-14T15:25,0.0
,0,2020-11-14T17:06,0.0
,0,2020-11-14T18:48,0.0
,0,2020-11-14T20:29,0.0
,0,2020-11-14T22:11,0.0
,0,2020-11-14T23:52,0.0
,0,2020-11-15T01:34,0.0
,0,2020-11-15T03:15,0.0
,0,2020-11-15T04:57,0.0
,0,2020-11-15T06:38,0.0
3.6852853816616555e-05,132,2020-11-15T08:20,0.5739130434782609
,0,2020-11-15T10:01,0.0
,0,2020-11-15T11:43,0.0
,0,2020-11-15T13:24,0.0
,0,2020-11-15T15:06,0.0
,0,2020-11-15T16:47,0.0
,0,2020-11-15T18:29,0.0
,0,2020-11-15T20:10,0.0
,0,2020-11-15T21:52,0.0
,0,2020-11-15T23:33,0.0
,0,2020-11-16T01:15,0.0
,0,2020-11-16T02:56,0.0
,0,2020-11-16T04:38,0.0
,0,2020-11-16T06:19,0.0
4.30951972462536e-05,286,2020-11-16T08:01,1.2434782608695651
,0,2020-11-16T09:42,0.0
,0,2020-11-16T11:24,0.0
,0,2020-11-16T13:05,0.0
,0,2020-11-16T14:47,0.0
,0,2020-11-16T16:28,0.0
,0,2020-11-16T18:10,0.0
,0,2020-11-16T19:51,0.0
,0,2020-11-16T21:33,0.0
,0,2020-11-16T23:14,0.0
,0,2020-11-17T00:56,0.0
,0,2020-11-17T02:37,0.0
,0,2020-11-17T04:19,0.0
,0,2020-11-17T06:00,0.0
3.614498650873171e-05,247,2020-11-17T07:42,1.0739130434782609
,0,2020-11-17T09:23,0.0
,0,2020-11-17T11:05,0.0
,0,2020-11-17T12:46,0.0
,0,2020-11-17T14:28,0.0
,0,2020-11-17T16:09,0.0
,0,2020-11-17T17:51,0.0
,0,2020-11-17T20:22,0.0
,0,2020-11-17T21:14,0.0
,0,2020-11-17T22:55,0.0
,0,2020-11-18T00:37,0.0
,0,2020-11-18T02:18,0.0
,0,2020-11-18T04:00,0.0
,0,2020-11-18T05:41,0.0
,0,2020-11-18T07:23,0.0
,0,2020-11-18T09:04,0.0
,0,2020-11-18T10:46,0.0
,0,2020-11-18T12:27,0.0
,0,2020-11-18T14:09,0.0
,0,2020-11-18T15:50,0.0
,0,2020-11-18T17:32,0.0
,0,2020-11-18T19:13,0.0
,0,2020-11-18T20:55,0.0
,0,2020-11-18T22:36,0.0
,0,2020-11-19T00:17,0.0
,0,2020-11-19T01:59,0.0
,0,2020-11-19T03:40,0.0
,0,2020-11-19T05:22,0.0
3.273970894131996e-05,113,2020-11-19T07:03,0.49130434782608695
,0,2020-11-19T08:45,0.0
,0,2020-11-19T10:26,0.0
,0,2020-11-19T12:08,0.0
,0,2020-11-19T13:49,0.0
,0,2020-11-19T15:31,0.0
,0,2020-11-19T17:12,0.0
,0,2020-11-19T18:54,0.0
,0,2020-11-19T20:35,0.0
,0,2020-11-19T22:17,0.0
,0,2020-11-19T23:58,0.0
,0,2020-11-20T01:40,0.0
,0,2020-11-20T03:21,0.0
,0,2020-11-20T05:03,0.0
,0,2020-11-20T06:44,0.0
5.601221701742712e-05,41,2020-11-20T08:26,0.1782608695652174
,0,2020-11-20T10:07,0.0
,0,2020-11-20T11:49,0.0
,0,2020-11-20T13:30,0.0
,0,2020-11-20T15:12,0.0
,0,2020-11-20T16:53,0.0
,0,2020-11-20T18:35,0.0
,0,2020-11-20T20:16,0.0
,0,2020-11-20T21:58,0.0
,0,2020-11-20T23:39,0.0
,0,2020-11-21T01:21,0.0
,0,2020-11-21T03:02,0.0
,0,2020-11-21T04:44,0.0
,0,2020-11-21T06:25,0.0
4.176071662579891e-05,174,2020-11-21T08:07,0.7565217391304347
,0,2020-11-21T09:48,0.0
,0,2020-11-21T11:30,0.0
,0,2020-11-21T13:11,0.0
,0,2020-11-21T14:53,0.0
,0,2020-11-21T16:34,0.0
,0,2020-11-21T18:16,0.0
,0,2020-11-21T19:57,0.0
,0,2020-11-21T21:39,0.0
,0,2020-11-21T23:20,0.0
,0,2020-11-22T01:02,0.0
,0,2020-11-22T02:43,0.0
,0,2020-11-22T04:25,0.0
,0,2020-11-22T06:06,0.0
4.3488577385264275e-05,239,2020-11-22T07:48,1.0391304347826087
,0,2020-11-22T09:29,0.0
,0,2020-11-22T11:11,0.0
,0,2020-11-22T12:52,0.0
,0,2020-11-22T14:34,0.0
,0,2020-11-22T16:15,0.0
,0,2020-11-22T17:57,0.0
,0,2020-11-22T19:38,0.0
,0,2020-11-22T21:20,0.0
,0,2020-11-22T23:01,0.0
,0,2020-11-23T00:43,0.0
,0,2020-11-23T02:24,0.0
,0,2020-11-23T04:06,0.0
,0,2020-11-23T05:47,0.0
5.732780972331025e-05,228,2020-11-23T07:29,0.991304347826087
,0,2020-11-23T09:10,0.0
,0,2020-11-23T10:52,0.0
,0,2020-11-23T12:33,0.0
,0,2020-11-23T14:15,0.0
,0,2020-11-23T15:56,0.0
,0,2020-11-23T17:38,0.0
,0,2020-11-23T19:19,0.0
,0,2020-11-23T21:01,0.0
,0,2020-11-23T22:42,0.0
,0,2020-11-24T00:24,0.0
,0,2020-11-24T02:05,0.0
,0,2020-11-24T03:47,0.0
,0,2020-11-24T05:28,0.0
,0,2020-11-24T07:09,0.0
,0,2020-11-24T08:51,0.0
,0,2020-11-24T10:32,0.0
,0,2020-11-24T12:14,0.0
,0,2020-11-24T13:55,0.0
,0,2020-11-24T15:37,0.0
,0,2020-11-24T17:18,0.0
,0,2020-11-24T19:00,0.0
,0,2020-11-24T20:41,0.0
,0,2020-11-24T22:23,0.0
,0,2020-11-25T00:04,0.0
,0,2020-11-25T01:46,0.0
,0,2020-11-25T03:27,0.0
,0,2020-11-25T05:09,0.0
3.79930801698876e-05,286,2020-11-25T06:50,1.2434782608695651
4.9238512820932534e-05,286,2020-11-25T08:32,1.2434782608695651
,0,2020-11-25T10:13,0.0
,0,2020-11-25T11:55,0.0
,0,2020-11-25T13:36,0.0
,0,2020-11-25T15:18,0.0
,0,2020-11-25T16:59,0.0
,0,2020-11-25T18:41,0.0
,0,2020-11-25T20:22,0.0
,0,2020-11-25T22:04,0.0
,0,2020-11-25T23:45,0.0
,0,2020-11-26T01:27,0.0
,0,2020-11-26T03:08,0.0
,0,2020-11-26T04:50,0.0
,0,2020-11-26T06:31,0.0
3.9294421459564283e-05,215,2020-11-26T08:13,0.9347826086956522
,0,2020-11-26T09:54,0.0
,0,2020-11-26T11:36,0.0
,0,2020-11-26T13:17,0.0
,0,2020-11-26T14:59,0.0
,0,2020-11-26T16:40,0.0
,0,2020-11-26T18:22,0.0
,0,2020-11-26T20:03,0.0
,0,2020-11-26T21:45,0.0
,0,2020-11-26T23:26,0.0
,0,2020-11-27T01:08,0.0
,0,2020-11-27T02:49,0.0
,0,2020-11-27T04:31,0.0
,0,2020-11-27T06:12,0.0
3.1627467787074695e-05,211,2020-11-27T07:54,0.9173913043478261
,0,2020-11-27T09:35,0.0
,0,2020-11-27T11:17,0.0
,0,2020-11-27T12:58,0.0
,0,2020-11-27T14:40,0.0
,0,2020-11-27T16:21,0.0
,0,2020-11-27T18:03,0.0
,0,2020-11-27T19:44,0.0
,0,2020-11-27T21:26,0.0
,0,2020-11-27T23:07,0.0
,0,2020-11-28T00:49,0.0
,0,2020-11-28T02:30,0.0
,0,2020-11-28T04:12,0.0
,0,2020-11-28T05:53,0.0
1.9462620436658597e-05,32,2020-11-28T07:35,0.1391304347826087
,0,2020-11-28T09:16,0.0
,0,2020-11-28T10:58,0.0
,0,2020-11-28T12:39,0.0
,0,2020-11-28T14:21,0.0
,0,2020-11-28T16:02,0.0
,0,2020-11-28T17:44,0.0
,0,2020-11-28T19:25,0.0
,0,2020-11-28T21:07,0.0
,0,2020-11-28T22:48,0.0
,0,2020-11-29T00:30,0.0
,0,2020-11-29T02:11,0.0
,0,2020-11-29T03:53,0.0
,0,2020-11-29T05:34,0.0
3.430215545097728e-05,109,2020-11-29T07:16,0.47391304347826085
,0,2020-11-29T08:57,0.0
,0,2020-11-29T10:39,0.0
,0,2020-11-29T12:20,0.0
,0,2020-11-29T14:02,0.0
,0,2020-11-29T15:43,0.0
,0,2020-11-29T17:25,0.0
,0,2020-11-29T19:06,0.0
,0,2020-11-29T20:48,0.0
,0,2020-11-29T22:29,0.0
,0,2020-11-30T00:11,0.0
,0,2020-11-30T01:52,0.0
,0,2020-11-30T03:34,0.0
,0,2020-11-30T05:15,0.0
4.693515701864042e-05,65,2020-11-30T06:56,0.2826086956521739
,0,2020-11-30T08:38,0.0
,0,2020-11-30T10:19,0.0
,0,2020-11-30T12:01,0.0
,0,2020-11-30T13:42,0.0
,0,2020-11-30T15:24,0.0
,0,2020-11-30T17:05,0.0
,0,2020-11-30T18:47,0.0
,0,2020-11-30T20:28,0.0
,0,2020-11-30T22:10,0.0
,0,2020-11-30T23:51,0.0
,0,2020-12-01T01:33,0.0
,0,2020-12-01T03:14,0.0
,0,2020-12-01T04:56,0.0
,0,2020-12-01T06:37,0.0
,0,2020-12-01T08:19,0.0
,0,2020-12-01T10:00,0.0
,0,2020-12-01T11:42,0.0
,0,2020-12-01T13:23,0.0
,0,2020-12-01T15:05,0.0
,0,2020-12-01T16:46,0.0
,0,2020-12-01T18:28,0.0
,0,2020-12-01T20:09,0.0
,0,2020-12-01T21:51,0.0
,0,2020-12-01T23:32,0.0
,0,2020-12-02T01:14,0.0
,0,2020-12-02T02:55,0.0
,0,2020-12-02T04:37,0.0
,0,2020-12-02T06:18,0.0
5.3257849129171194e-05,286,2020-12-02T08:00,1.2434782608695651
,0,2020-12-02T09:41,0.0
,0,2020-12-02T11:23,0.0
,0,2020-12-02T13:04,0.0
,0,2020-12-02T14:46,0.0
,0,2020-12-02T16:27,0.0
,0,2020-12-02T18:09,0.0
,0,2020-12-02T19:50,0.0
,0,2020-12-02T21:32,0.0
,0,2020-12-02T23:13,0.0
,0,2020-12-03T00:55,0.0
,0,2020-12-03T02:36,0.0
,0,2020-12-03T04:18,0.0
,0,2020-12-03T05:59,0.0
5.9494717725955874e-05,254,2020-12-03T07:41,1.1043478260869566
,0,2020-12-03T09:22,0.0
,0,2020-12-03T11:04,0.0
,0,2020-12-03T12:45,0.0
,0,2020-12-03T14:27,0.0
,0,2020-12-03T16:08,0.0
,0,2020-12-03T17:50,0.0
,0,2020-12-03T19:31,0.0
,0,2020-12-03T21:13,0.0
,0,2020-12-03T22:54,0.0
,0,2020-12-04T00:36,0.0
,0,2020-12-04T02:17,0.0
,0,2020-12-04T03:59,0.0
6.981048861403129e-05,286,2020-12-04T07:22,1.2434782608695651
,0,2020-12-04T09:03,0.0
,0,2020-12-04T10:45,0.0
,0,2020-12-04T12:26,0.0
,0,2020-12-04T14:08,0.0
,0,2020-12-04T15:49,0.0
,0,2020-12-04T17:31,0.0
,0,2020-12-04T19:12,0.0
,0,2020-12-04T20:54,0.0
,0,2020-12-04T22:35,0.0
,0,2020-12-05T00:17,0.0
,0,2020-12-05T01:58,0.0
,0,2020-12-05T03:40,0.0
,0,2020-12-05T05:21,0.0
6.332551705825105e-05,286,2020-12-05T07:03,1.2434782608695651
,0,2020-12-05T08:44,0.0
,0,2020-12-05T10:26,0.0
,0,2020-12-05T12:07,0.0
,0,2020-12-05T13:49,0.0
,0,2020-12-05T15:30,0.0
,0,2020-12-05T17:12,0.0
,0,2020-12-05T18:53,0.0
,0,2020-12-05T20:35,0.0
,0,2020-12-05T22:16,0.0
,0,2020-12-05T23:58,0.0
,0,2020-12-06T01:39,0.0
,0,2020-12-06T03:21,0.0
,0,2020-12-06T05:02,0.0
,0,2020-12-06T06:44,0.0
4.9456488958912796e-05,286,2020-12-06T08:25,1.2434782608695651
,0,2020-12-06T10:07,0.0
,0,2020-12-06T11:48,0.0
,0,2020-12-06T13:30,0.0
,0,2020-12-06T15:11,0.0
,0,2020-12-06T16:53,0.0
,0,2020-12-06T18:34,0.0
,0,2020-12-06T20:16,0.0
,0,2020-12-06T21:57,0.0
,0,2020-12-06T23:39,0.0
,0,2020-12-07T01:20,0.0
,0,2020-12-07T03:02,0.0
,0,2020-12-07T04:43,0.0
,0,2020-12-07T06:24,0.0
5.0711240646032855e-05,286,2020-12-07T08:06,1.2434782608695651
,0,2020-12-07T09:48,0.0
,0,2020-12-07T11:29,0.0
,0,2020-12-07T13:10,0.0
,0,2020-12-07T14:52,0.0
,0,2020-12-07T16:33,0.0
,0,2020-12-07T18:15,0.0
,0,2020-12-07T19:56,0.0
,0,2020-12-07T21:38,0.0
,0,2020-12-07T23:19,0.0
,0,2020-12-08T01:01,0.0
,0,2020-12-08T02:42,0.0
,0,2020-12-08T04:24,0.0
,0,2020-12-08T06:05,0.0
6.207585792406829e-05,286,2020-12-08T07:47,1.2434782608695651
,0,2020-12-08T09:28,0.0
,0,2020-12-08T11:10,0.0
,0,2020-12-08T12:51,0.0
,0,2020-12-08T14:33,0.0
,0,2020-12-08T16:14,0.0
,0,2020-12-08T17:56,0.0
,0,2020-12-08T19:37,0.0
,0,2020-12-08T21:19,0.0
,0,2020-12-08T23:00,0.0
,0,2020-12-09T00:42,0.0
,0,2020-12-09T02:23,0.0
,0,2020-12-09T04:05,0.0
,0,2020-12-09T05:46,0.0
7.361866560806417e-05,286,2020-12-09T07:28,1.2434782608695651
,0,2020-12-09T09:09,0.0
,0,2020-12-09T10:51,0.0
,0,2020-12-09T12:32,0.0
,0,2020-12-09T14:14,0.0
,0,2020-12-09T15:55,0.0
,0,2020-12-09T17:37,0.0
,0,2020-12-09T19:18,0.0
,0,2020-12-09T21:00,0.0
,0,2020-12-09T22:41,0.0
,0,2020-12-10T00:23,0.0
,0,2020-12-10T02:04,0.0
,0,2020-12-10T03:46,0.0
,0,2020-12-10T05:27,0.0
0.00010450685064773955,286,2020-12-10T07:09,1.2434782608695651
,0,2020-12-10T08:50,0.0
,0,2020-12-10T10:32,0.0
,0,2020-12-10T12:13,0.0
,0,2020-12-10T13:55,0.0
,0,2020-12-10T15:36,0.0
,0,2020-12-10T17:18,0.0
,0,2020-12-10T18:59,0.0
,0,2020-12-10T20:41,0.0
,0,2020-12-10T22:22,0.0
,0,2020-12-11T00:04,0.0
,0,2020-12-11T01:45,0.0
,0,2020-12-11T03:27,0.0
,0,2020-12-11T05:08,0.0
,0,2020-12-11T06:50,0.0
7.032043286286857e-05,94,2020-12-11T08:31,0.40869565217391307
,0,2020-12-11T10:13,0.0
,0,2020-12-11T11:54,0.0
,0,2020-12-11T13:36,0.0
,0,2020-12-11T15:17,0.0
,0,2020-12-11T16:59,0.0
,0,2020-12-11T18:40,0.0
,0,2020-12-11T20:22,0.0
,0,2020-12-11T22:03,0.0
,0,2020-12-11T23:45,0.0
,0,2020-12-12T01:26,0.0
,0,2020-12-12T03:08,0.0
,0,2020-12-12T04:49,0.0
,0,2020-12-12T06:31,0.0
0.00013020747555865842,67,2020-12-12T08:12,0.29130434782608694
,0,2020-12-12T09:54,0.0
,0,2020-12-12T11:35,0.0
,0,2020-12-12T13:17,0.0
,0,2020-12-12T14:58,0.0
,0,2020-12-12T16:40,0.0
,0,2020-12-12T18:21,0.0
,0,2020-12-12T20:03,0.0
,0,2020-12-12T21:44,0.0
,0,2020-12-12T23:26,0.0
,0,2020-12-13T01:07,0.0
,0,2020-12-13T02:49,0.0
,0,2020-12-13T04:30,0.0
,0,2020-12-13T06:12,0.0
,0,2020-12-13T07:53,0.0
,0,2020-12-13T09:35,0.0
,0,2020-12-13T11:16,0.0
,0,2020-12-13T12:58,0.0
,0,2020-12-13T14:39,0.0
,0,2020-12-13T16:21,0.0
,0,2020-12-13T18:02,0.0
,0,2020-12-13T19:44,0.0
,0,2020-12-13T21:25,0.0
,0,2020-12-13T23:07,0.0
,0,2020-12-14T00:48,0.0
,0,2020-12-14T02:30,0.0
,0,2020-12-14T04:11,0.0
,0,2020-12-14T05:53,0.0
,0,2020-12-14T07:34,0.0
,0,2020-12-14T09:16,0.0
,0,2020-12-14T10:57,0.0
,0,2020-12-14T12:39,0.0
,0,2020-12-14T14:20,0.0
,0,2020-12-14T16:02,0.0
,0,2020-12-14T17:43,0.0
,0,2020-12-14T19:25,0.0
,0,2020-12-14T21:06,0.0
,0,2020-12-14T22:48,0.0
,0,2020-12-15T00:29,0.0
,0,2020-12-15T02:11,0.0
,0,2020-12-15T03:52,0.0
,0,2020-12-15T05:34,0.0
9.031840891724391e-05,286,2020-12-15T07:15,1.2434782608695651
,0,2020-12-15T08:57,0.0
,0,2020-12-15T10:38,0.0
,0,2020-12-15T12:20,0.0
,0,2020-12-15T14:01,0.0
,0,2020-12-15T15:43,0.0
,0,2020-12-15T17:24,0.0
,0,2020-12-15T19:06,0.0
,0,2020-12-15T20:47,0.0
,0,2020-12-15T22:29,0.0
,0,2020-12-16T00:10,0.0
,0,2020-12-16T01:52,0.0
,0,2020-12-16T03:33,0.0
,0,2020-12-16T05:15,0.0
6.575492135427683e-05,286,2020-12-16T06:56,1.2434782608695651
,0,2020-12-16T08:38,0.0
,0,2020-12-16T10:19,0.0
,0,2020-12-16T12:01,0.0
,0,2020-12-16T13:42,0.0
,0,2020-12-16T15:24,0.0
,0,2020-12-16T17:05,0.0
,0,2020-12-16T18:47,0.0
,0,2020-12-16T20:28,0.0
,0,2020-12-16T22:10,0.0
,0,2020-12-16T23:51,0.0
,0,2020-12-17T01:33,0.0
,0,2020-12-17T03:14,0.0
,0,2020-12-17T04:56,0.0
,0,2020-12-17T06:37,0.0
7.275781699835134e-05,286,2020-12-17T08:18,1.2434782608695651
,0,2020-12-17T10:00,0.0
,0,2020-12-17T11:42,0.0
,0,2020-12-17T13:23,0.0
,0,2020-12-17T15:04,0.0
,0,2020-12-17T16:46,0.0
,0,2020-12-17T18:27,0.0
,0,2020-12-17T20:09,0.0
,0,2020-12-17T21:50,0.0
,0,2020-12-17T23:32,0.0
,0,2020-12-18T01:13,0.0
,0,2020-12-18T02:55,0.0
,0,2020-12-18T04:36,0.0
,0,2020-12-18T06:18,0.0
7.089826815489469e-05,286,2020-12-18T07:59,1.2434782608695651
,0,2020-12-18T09:41,0.0
,0,2020-12-18T11:22,0.0
,0,2020-12-18T13:04,0.0
,0,2020-12-18T14:45,0.0
,0,2020-12-18T16:27,0.0
,0,2020-12-18T18:08,0.0
,0,2020-12-18T19:50,0.0
,0,2020-12-18T21:31,0.0
,0,2020-12-18T23:13,0.0
,0,2020-12-19T00:54,0.0
,0,2020-12-19T02:36,0.0
,0,2020-12-19T04:17,0.0
,0,2020-12-19T05:59,0.0
7.751342715526715e-05,286,2020-12-19T07:40,1.2434782608695651
,0,2020-12-19T09:22,0.0
,0,2020-12-19T11:03,0.0
,0,2020-12-19T12:45,0.0
,0,2020-12-19T14:26,0.0
,0,2020-12-19T16:08,0.0
,0,2020-12-19T17:49,0.0
,0,2020-12-19T19:31,0.0
,0,2020-12-19T21:12,0.0
,0,2020-12-19T22:54,0.0
,0,2020-12-20T00:35,0.0
,0,2020-12-20T02:17,0.0
,0,2020-12-20T03:58,0.0
,0,2020-12-20T05:40,0.0
5.3040968197462105e-05,286,2020-12-20T07:21,1.2434782608695651
,0,2020-12-20T09:03,0.0
,0,2020-12-20T10:44,0.0
,0,2020-12-20T12:26,0.0
,0,2020-12-20T14:07,0.0
,0,2020-12-20T15:49,0.0
,0,2020-12-20T17:30,0.0
,0,2020-12-20T19:12,0.0
,0,2020-12-20T20:53,0.0
,0,2020-12-20T22:35,0.0
,0,2020-12-21T00:16,0.0
,0,2020-12-21T01:58,0.0
,0,2020-12-21T03:39,0.0
,0,2020-12-21T05:21,0.0
6.506133195585719e-05,286,2020-12-21T07:02,1.2434782608695651
,0,2020-12-21T08:44,0.0
,0,2020-12-21T10:25,0.0
,0,2020-12-21T12:07,0.0
,0,2020-12-21T13:48,0.0
,0,2020-12-21T15:30,0.0
,0,2020-12-21T17:11,0.0
,0,2020-12-21T18:53,0.0
,0,2020-12-21T20:34,0.0
,0,2020-12-21T22:16,0.0
,0,2020-12-21T23:57,0.0
,0,2020-12-22T01:39,0.0
,0,2020-12-22T03:20,0.0
,0,2020-12-22T05:02,0.0
,0,2020-12-22T06:43,0.0
9.023469405724312e-05,75,2020-12-22T08:25,0.32608695652173914
,0,2020-12-22T10:06,0.0
,0,2020-12-22T11:48,0.0
,0,2020-12-22T13:29,0.0
,0,2020-12-22T15:11,0.0
,0,2020-12-22T16:52,0.0
,0,2020-12-22T18:34,0.0
,0,2020-12-22T20:15,0.0
,0,2020-12-22T21:57,0.0
,0,2020-12-22T23:38,0.0
,0,2020-12-23T01:20,0.0
,0,2020-12-23T03:01,0.0
,0,2020-12-23T04:43,0.0
,0,2020-12-23T06:24,0.0
8.708028454055507e-05,286,2020-12-23T08:06,1.2434782608695651
,0,2020-12-23T09:47,0.0
,0,2020-12-23T11:29,0.0
,0,2020-12-23T13:10,0.0
,0,2020-12-23T14:52,0.0
,0,2020-12-23T16:33,0.0
,0,2020-12-23T18:15,0.0
,0,2020-12-23T19:56,0.0
,0,2020-12-23T21:38,0.0
,0,2020-12-23T23:19,0.0
,0,2020-12-24T01:01,0.0
,0,2020-12-24T02:42,0.0
,0,2020-12-24T04:24,0.0
,0,2020-12-24T06:05,0.0
7.85399216731284e-05,286,2020-12-24T07:47,1.2434782608695651
,0,2020-12-24T09:28,0.0
,0,2020-12-24T11:10,0.0
,0,2020-12-24T12:51,0.0
,0,2020-12-24T14:33,0.0
,0,2020-12-24T16:14,0.0
,0,2020-12-24T17:56,0.0
,0,2020-12-24T19:37,0.0
,0,2020-12-24T21:19,0.0
,0,2020-12-24T23:00,0.0
,0,2020-12-25T00:42,0.0
,0,2020-12-25T02:23,0.0
,0,2020-12-25T04:05,0.0
,0,2020-12-25T05:46,0.0
8.29347150106483e-05,286,2020-12-25T07:28,1.2434782608695651
,0,2020-12-25T09:09,0.0
,0,2020-12-25T10:51,0.0
,0,2020-12-25T12:32,0.0
,0,2020-12-25T14:14,0.0
,0,2020-12-25T15:55,0.0
,0,2020-12-25T17:37,0.0
,0,2020-12-25T19:18,0.0
,0,2020-12-25T21:00,0.0
,0,2020-12-25T22:41,0.0
,0,2020-12-26T00:23,0.0
,0,2020-12-26T02:04,0.0
,0,2020-12-26T03:46,0.0
,0,2020-12-26T05:27,0.0
8.000433416528843e-05,286,2020-12-26T07:09,1.2434782608695651
,0,2020-12-26T08:50,0.0
,0,2020-12-26T10:32,0.0
,0,2020-12-26T12:13,0.0
,0,2020-12-26T13:55,0.0
,0,2020-12-26T15:36,0.0
,0,2020-12-26T17:18,0.0
,0,2020-12-26T18:59,0.0
,0,2020-12-26T20:41,0.0
,0,2020-12-26T22:22,0.0
,0,2020-12-27T00:04,0.0
,0,2020-12-27T01:45,0.0
,0,2020-12-27T03:27,0.0
,0,2020-12-27T05:08,0.0
7.279831933226669e-05,286,2020-12-27T06:50,1.2434782608695651
6.477080060364752e-05,286,2020-12-27T08:31,1.2434782608695651
,0,2020-12-27T10:13,0.0
,0,2020-12-27T11:54,0.0
,0,2020-12-27T13:36,0.0
,0,2020-12-27T15:17,0.0
,0,2020-12-27T16:59,0.0
,0,2020-12-27T18:40,0.0
,0,2020-12-27T20:22,0.0
,0,2020-12-27T22:03,0.0
,0,2020-12-27T23:45,0.0
,0,2020-12-28T01:26,0.0
,0,2020-12-28T03:08,0.0
,0,2020-12-28T04:49,0.0
,0,2020-12-28T06:31,0.0
6.45485356205883e-05,286,2020-12-28T08:12,1.2434782608695651
,0,2020-12-28T09:54,0.0
,0,2020-12-28T11:35,0.0
,0,2020-12-28T13:17,0.0
,0,2020-12-28T14:58,0.0
,0,2020-12-28T16:40,0.0
,0,2020-12-28T18:21,0.0
,0,2020-12-28T20:03,0.0
,0,2020-12-28T21:44,0.0
,0,2020-12-28T23:26,0.0
,0,2020-12-29T01:07,0.0
,0,2020-12-29T02:49,0.0
,0,2020-12-29T04:30,0.0
,0,2020-12-29T06:12,0.0
0.00011593800537321899,286,2020-12-29T07:53,1.2434782608695651
,0,2020-12-29T09:35,0.0
,0,2020-12-29T11:16,0.0
,0,2020-12-29T12:58,0.0
,0,2020-12-29T14:39,0.0
,0,2020-12-29T16:21,0.0
,0,2020-12-29T18:02,0.0
,0,2020-12-29T19:44,0.0
,0,2020-12-29T21:25,0.0
,0,2020-12-29T23:07,0.0
,0,2020-12-30T00:48,0.0
,0,2020-12-30T02:30,0.0
,0,2020-12-30T04:11,0.0
,0,2020-12-30T05:53,0.0
9.776636728088637e-05,286,2020-12-30T07:34,1.2434782608695651
,0,2020-12-30T09:16,0.0
,0,2020-12-30T10:57,0.0
,0,2020-12-30T12:39,0.0
,0,2020-12-30T14:20,0.0
,0,2020-12-30T16:02,0.0
,0,2020-12-30T17:43,0.0
,0,2020-12-30T19:25,0.0
,0,2020-12-30T21:06,0.0
,0,2020-12-30T22:48,0.0
,0,2020-12-31T00:29,0.0
,0,2020-12-31T02:11,0.0
,0,2020-12-31T03:52,0.0
,0,2020-12-31T05:34,0.0
5.1879076804346624e-05,286,2020-12-31T07:15,1.2434782608695651
,0,2020-12-31T08:57,0.0
,0,2020-12-31T10:38,0.0
,0,2020-12-31T12:20,0.0
,0,2020-12-31T14:01,0.0
,0,2020-12-31T15:43,0.0
,0,2020-12-31T17:24,0.0
,0,2020-12-31T19:06,0.0
,0,2020-12-31T20:47,0.0
,0,2020-12-31T22:29,0.0
,0,2021-01-01T00:10,0.0
,0,2021-01-01T01:52,0.0
,0,2021-01-01T03:33,0.0
,0,2021-01-01T05:15,0.0
5.5856875299048176e-05,137,2021-01-01T06:56,0.5956521739130435
,0,2021-01-01T08:38,0.0
,0,2021-01-01T10:19,0.0
,0,2021-01-01T12:01,0.0
,0,2021-01-01T13:42,0.0
,0,2021-01-01T15:24,0.0
,0,2021-01-01T17:05,0.0
,0,2021-01-01T18:47,0.0
,0,2021-01-01T20:28,0.0
,0,2021-01-01T22:10,0.0
,0,2021-01-01T23:51,0.0
,0,2021-01-02T01:33,0.0
,0,2021-01-02T03:14,0.0
,0,2021-01-02T04:56,0.0
,0,2021-01-02T06:37,0.0
7.276767425762853e-05,17,2021-01-02T08:19,0.07391304347826087
,0,2021-01-02T10:00,0.0
,0,2021-01-02T11:42,0.0
,0,2021-01-02T13:23,0.0
,0,2021-01-02T15:05,0.0
,0,2021-01-02T16:46,0.0
,0,2021-01-02T18:28,0.0
,0,2021-01-02T20:09,0.0
,0,2021-01-02T21:51,0.0
,0,2021-01-02T23:32,0.0
,0,2021-01-03T01:14,0.0
,0,2021-01-03T02:55,0.0
,0,2021-01-03T04:37,0.0
,0,2021-01-03T06:18,0.0
8.64759730268897e-05,237,2021-01-03T08:00,1.0304347826086957
,0,2021-01-03T09:41,0.0
,0,2021-01-03T11:23,0.0
,0,2021-01-03T13:04,0.0
,0,2021-01-03T14:46,0.0
,0,2021-01-03T16:27,0.0
,0,2021-01-03T18:09,0.0
,0,2021-01-03T19:50,0.0
,0,2021-01-03T21:32,0.0
,0,2021-01-03T23:13,0.0
,0,2021-01-04T00:55,0.0
,0,2021-01-04T02:36,0.0
,0,2021-01-04T04:18,0.0
,0,2021-01-04T05:59,0.0
,0,2021-01-04T07:41,0.0
,0,2021-01-04T09:22,0.0
,0,2021-01-04T11:04,0.0
,0,2021-01-04T12:45,0.0
,0,2021-01-04T14:27,0.0
,0,2021-01-04T16:08,0.0
,0,2021-01-04T17:50,0.0
,0,2021-01-04T19:31,0.0
,0,2021-01-04T21:13,0.0
,0,2021-01-04T22:54,0.0
,0,2021-01-05T00:36,0.0
,0,2021-01-05T02:17,0.0
,0,2021-01-05T03:59,0.0
,0,2021-01-05T05:40,0.0
,0,2021-01-05T07:22,0.0
,0,2021-01-05T09:03,0.0
,0,2021-01-05T10:45,0.0
,0,2021-01-05T12:26,0.0
,0,2021-01-05T14:08,0.0
,0,2021-01-05T15:49,0.0
,0,2021-01-05T17:31,0.0
,0,2021-01-05T20:03,0.0
,0,2021-01-05T20:54,0.0
,0,2021-01-05T22:35,0.0
,0,2021-01-06T00:17,0.0
,0,2021-01-06T01:58,0.0
,0,2021-01-06T03:40,0.0
,0,2021-01-06T05:21,0.0
7.657247035085929e-05,286,2021-01-06T07:03,1.2434782608695651
,0,2021-01-06T08:44,0.0
,0,2021-01-06T10:26,0.0
,0,2021-01-06T12:07,0.0
,0,2021-01-06T13:49,0.0
,0,2021-01-06T15:30,0.0
,0,2021-01-06T19:43,0.0
,0,2021-01-06T20:35,0.0
,0,2021-01-06T22:16,0.0
,0,2021-01-06T23:58,0.0
,0,2021-01-07T01:39,0.0
,0,2021-01-07T03:21,0.0
,0,2021-01-07T05:02,0.0
,0,2021-01-07T06:44,0.0
,0,2021-01-07T08:25,0.0
,0,2021-01-07T10:07,0.0
,0,2021-01-07T11:48,0.0
,0,2021-01-07T13:30,0.0
,0,2021-01-07T15:11,0.0
,0,2021-01-07T16:53,0.0
,0,2021-01-07T18:34,0.0
,0,2021-01-07T20:16,0.0
,0,2021-01-07T21:57,0.0
,0,2021-01-07T23:39,0.0
,0,2021-01-08T01:20,0.0
,0,2021-01-08T03:02,0.0
,0,2021-01-08T04:43,0.0
,0,2021-01-08T06:25,0.0
,0,2021-01-08T08:06,0.0
,0,2021-01-08T09:48,0.0
,0,2021-01-08T11:29,0.0
,0,2021-01-08T13:11,0.0
,0,2021-01-08T14:52,0.0
,0,2021-01-08T16:34,0.0
,0,2021-01-08T18:15,0.0
,0,2021-01-08T19:57,0.0
,0,2021-01-08T21:38,0.0
,0,2021-01-08T23:20,0.0
,0,2021-01-09T01:01,0.0
,0,2021-01-09T02:43,0.0
,0,2021-01-09T04:24,0.0
,0,2021-01-09T06:06,0.0
6.153500746642316e-05,153,2021-01-09T07:47,0.6652173913043479
,0,2021-01-09T09:29,0.0
,0,2021-01-09T11:10,0.0
,0,2021-01-09T12:52,0.0
,0,2021-01-09T14:33,0.0
,0,2021-01-09T16:15,0.0
,0,2021-01-09T17:56,0.0
,0,2021-01-09T19:38,0.0
,0,2021-01-09T21:19,0.0
,0,2021-01-09T23:01,0.0
,0,2021-01-10T00:42,0.0
,0,2021-01-10T02:24,0.0
,0,2021-01-10T04:05,0.0
,0,2021-01-10T05:47,0.0
6.706884917176615e-05,226,2021-01-10T07:28,0.9826086956521739
,0,2021-01-10T09:10,0.0
,0,2021-01-10T10:51,0.0
,0,2021-01-10T12:33,0.0
,0,2021-01-10T14:14,0.0
,0,2021-01-10T15:56,0.0
,0,2021-01-10T17:37,0.0
,0,2021-01-10T19:19,0.0
,0,2021-01-10T21:00,0.0
,0,2021-01-10T22:42,0.0
,0,2021-01-11T00:23,0.0
,0,2021-01-11T02:05,0.0
,0,2021-01-11T03:46,0.0
,0,2021-01-11T05:28,0.0
7.102777428785911e-05,286,2021-01-11T07:09,1.2434782608695651
,0,2021-01-11T08:51,0.0
,0,2021-01-11T10:32,0.0
,0,2021-01-11T12:14,0.0
,0,2021-01-11T13:55,0.0
,0,2021-01-11T15:37,0.0
,0,2021-01-11T17:18,0.0
,0,2021-01-11T19:00,0.0
,0,2021-01-11T20:41,0.0
,0,2021-01-11T22:23,0.0
,0,2021-01-12T00:04,0.0
,0,2021-01-12T01:46,0.0
,0,2021-01-12T03:27,0.0
,0,2021-01-12T05:09,0.0
6.280512444614292e-05,259,2021-01-12T06:50,1.126086956521739
5.7318860448206496e-05,286,2021-01-12T08:32,1.2434782608695651
,0,2021-01-12T10:13,0.0
,0,2021-01-12T11:55,0.0
,0,2021-01-12T13:36,0.0
,0,2021-01-12T15:18,0.0
,0,2021-01-12T16:59,0.0
,0,2021-01-12T18:41,0.0
,0,2021-01-12T20:22,0.0
,0,2021-01-12T22:04,0.0
,0,2021-01-12T23:45,0.0
,0,2021-01-13T01:27,0.0
,0,2021-01-13T03:08,0.0
,0,2021-01-13T04:50,0.0
,0,2021-01-13T06:31,0.0
7.384603696011239e-05,109,2021-01-13T08:13,0.47391304347826085
,0,2021-01-13T09:54,0.0
,0,2021-01-13T11:36,0.0
,0,2021-01-13T13:17,0.0
,0,2021-01-13T14:59,0.0
,0,2021-01-13T16:40,0.0
,0,2021-01-13T18:22,0.0
,0,2021-01-13T20:03,0.0
,0,2021-01-13T21:45,0.0
,0,2021-01-13T23:26,0.0
,0,2021-01-14T01:08,0.0
,0,2021-01-14T02:49,0.0
,0,2021-01-14T04:31,0.0
,0,2021-01-14T06:12,0.0
6.807777216027377e-05,286,2021-01-14T07:54,1.2434782608695651
,0,2021-01-14T09:35,0.0
,0,2021-01-14T11:17,0.0
,0,2021-01-14T12:58,0.0
,0,2021-01-14T14:40,0.0
,0,2021-01-14T16:21,0.0
,0,2021-01-14T18:03,0.0
,0,2021-01-14T19:44,0.0
,0,2021-01-14T21:26,0.0
,0,2021-01-14T23:07,0.0
,0,2021-01-15T00:49,0.0
,0,2021-01-15T02:30,0.0
,0,2021-01-15T04:12,0.0
,0,2021-01-15T05:53,0.0
7.26545569106984e-05,286,2021-01-15T07:35,1.2434782608695651
,0,2021-01-15T09:16,0.0
,0,2021-01-15T10:58,0.0
,0,2021-01-15T12:39,0.0
,0,2021-01-15T14:21,0.0
,0,2021-01-15T16:02,0.0
,0,2021-01-15T17:44,0.0
,0,2021-01-15T19:25,0.0
,0,2021-01-15T21:07,0.0
,0,2021-01-15T22:48,0.0
,0,2021-01-16T00:30,0.0
,0,2021-01-16T02:11,0.0
,0,2021-01-16T03:53,0.0
,0,2021-01-16T05:34,0.0
0.00010745825702975569,286,2021-01-16T07:16,1.2434782608695651
,0,2021-01-16T08:57,0.0
,0,2021-01-16T10:39,0.0
,0,2021-01-16T12:20,0.0
,0,2021-01-16T14:02,0.0
,0,2021-01-16T15:43,0.0
,0,2021-01-16T17:25,0.0
,0,2021-01-16T19:06,0.0
,0,2021-01-16T20:48,0.0
,0,2021-01-16T22:29,0.0
,0,2021-01-17T00:11,0.0
,0,2021-01-17T01:52,0.0
,0,2021-01-17T03:34,0.0
,0,2021-01-17T05:15,0.0
8.66490443917593e-05,258,2021-01-17T06:57,1.1217391304347826
,0,2021-01-17T08:38,0.0
,0,2021-01-17T10:20,0.0
,0,2021-01-17T12:01,0.0
,0,2021-01-17T13:43,0.0
,0,2021-01-17T15:24,0.0
,0,2021-01-17T17:06,0.0
,0,2021-01-17T18:47,0.0
,0,2021-01-17T20:29,0.0
,0,2021-01-17T22:10,0.0
,0,2021-01-17T23:52,0.0
,0,2021-01-18T01:33,0.0
,0,2021-01-18T03:15,0.0
,0,2021-01-18T04:56,0.0
,0,2021-01-18T06:38,0.0
0.00011715486633482985,41,2021-01-18T08:19,0.1782608695652174
,0,2021-01-18T10:01,0.0
,0,2021-01-18T11:42,0.0
,0,2021-01-18T13:24,0.0
,0,2021-01-18T18:28,0.0
,0,2021-01-18T20:10,0.0
,0,2021-01-18T21:51,0.0
,0,2021-01-18T23:33,0.0
,0,2021-01-19T01:14,0.0
,0,2021-01-19T02:56,0.0
,0,2021-01-19T04:37,0.0
,0,2021-01-19T06:19,0.0
8.298477515942073e-05,68,2021-01-19T08:00,0.2956521739130435
,0,2021-01-19T09:42,0.0
,0,2021-01-19T11:23,0.0
,0,2021-01-19T13:05,0.0
,0,2021-01-19T14:46,0.0
,0,2021-01-19T16:28,0.0
,0,2021-01-19T18:09,0.0
,0,2021-01-19T19:51,0.0
,0,2021-01-19T21:32,0.0
,0,2021-01-19T23:14,0.0
,0,2021-01-20T00:55,0.0
,0,2021-01-20T02:37,0.0
,0,2021-01-20T04:18,0.0
,0,2021-01-20T06:00,0.0
6.522717785277946e-05,286,2021-01-20T07:41,1.2434782608695651
,0,2021-01-20T09:23,0.0
,0,2021-01-20T11:04,0.0
,0,2021-01-20T12:46,0.0
,0,2021-01-20T14:27,0.0
,0,2021-01-20T16:09,0.0
,0,2021-01-20T17:50,0.0
,0,2021-01-20T19:32,0.0
,0,2021-01-20T21:13,0.0
,0,2021-01-20T22:55,0.0
,0,2021-01-21T00:37,0.0
,0,2021-01-21T02:18,0.0
,0,2021-01-21T03:59,0.0
,0,2021-01-21T05:41,0.0
7.363746016103144e-05,286,2021-01-21T07:23,1.2434782608695651
,0,2021-01-21T09:04,0.0
,0,2021-01-21T10:46,0.0
,0,2021-01-21T12:27,0.0
,0,2021-01-21T14:09,0.0
,0,2021-01-21T15:50,0.0
,0,2021-01-21T17:32,0.0
,0,2021-01-21T19:13,0.0
,0,2021-01-21T20:55,0.0
,0,2021-01-21T22:36,0.0
,0,2021-01-22T00:18,0.0
,0,2021-01-22T01:59,0.0
,0,2021-01-22T03:41,0.0
,0,2021-01-22T05:22,0.0
8.496758237495168e-05,286,2021-01-22T07:04,1.2434782608695651
,0,2021-01-22T08:45,0.0
,0,2021-01-22T10:27,0.0
,0,2021-01-22T12:08,0.0
,0,2021-01-22T13:50,0.0
,0,2021-01-22T15:31,0.0
,0,2021-01-22T17:13,0.0
,0,2021-01-22T18:54,0.0
,0,2021-01-22T20:36,0.0
,0,2021-01-22T22:17,0.0
,0,2021-01-22T23:59,0.0
,0,2021-01-23T01:40,0.0
,0,2021-01-23T03:22,0.0
,0,2021-01-23T05:03,0.0
,0,2021-01-23T06:45,0.0
6.651008224964405e-05,286,2021-01-23T08:26,1.2434782608695651
,0,2021-01-23T10:08,0.0
,0,2021-01-23T11:49,0.0
,0,2021-01-23T13:31,0.0
,0,2021-01-23T15:12,0.0
,0,2021-01-23T16:54,0.0
,0,2021-01-23T18:35,0.0
,0,2021-01-23T20:17,0.0
,0,2021-01-23T21:58,0.0
,0,2021-01-23T23:40,0.0
,0,2021-01-24T01:21,0.0
,0,2021-01-24T03:03,0.0
,0,2021-01-24T04:44,0.0
,0,2021-01-24T06:26,0.0
5.407851311334235e-05,286,2021-01-24T08:07,1.2434782608695651
,0,2021-01-24T09:49,0.0
,0,2021-01-24T11:30,0.0
,0,2021-01-24T13:12,0.0
,0,2021-01-24T14:53,0.0
,0,2021-01-24T16:35,0.0
,0,2021-01-24T18:16,0.0
,0,2021-01-24T19:58,0.0
,0,2021-01-24T21:39,0.0
,0,2021-01-24T23:21,0.0
,0,2021-01-25T01:02,0.0
,0,2021-01-25T02:44,0.0
,0,2021-01-25T04:25,0.0
,0,2021-01-25T06:07,0.0
9.738980270006232e-05,286,2021-01-25T07:48,1.2434782608695651
,0,2021-01-25T09:30,0.0
,0,2021-01-25T11:11,0.0
,0,2021-01-25T12:53,0.0
,0,2021-01-25T14:34,0.0
,0,2021-01-25T16:16,0.0
,0,2021-01-25T17:57,0.0
,0,2021-01-25T19:39,0.0
,0,2021-01-25T21:20,0.0
,0,2021-01-25T23:02,0.0
,0,2021-01-26T00:43,0.0
,0,2021-01-26T02:25,0.0
,0,2021-01-26T04:06,0.0
,0,2021-01-26T05:48,0.0
7.290153490398838e-05,286,2021-01-26T07:29,1.2434782608695651
,0,2021-01-26T09:11,0.0
,0,2021-01-26T10:52,0.0
,0,2021-01-26T12:34,0.0
,0,2021-01-26T14:15,0.0
,0,2021-01-26T15:57,0.0
,0,2021-01-26T17:38,0.0
,0,2021-01-26T19:20,0.0
,0,2021-01-26T21:01,0.0
,0,2021-01-26T22:43,0.0
,0,2021-01-27T00:24,0.0
,0,2021-01-27T02:06,0.0
,0,2021-01-27T03:47,0.0
,0,2021-01-27T05:29,0.0
0.0001268695941979501,286,2021-01-27T07:10,1.2434782608695651
,0,2021-01-27T08:52,0.0
,0,2021-01-27T10:33,0.0
,0,2021-01-27T12:15,0.0
,0,2021-01-27T13:56,0.0
,0,2021-01-27T15:38,0.0
,0,2021-01-27T17:19,0.0
,0,2021-01-27T19:01,0.0
,0,2021-01-27T20:42,0.0
,0,2021-01-27T22:24,0.0
,0,2021-01-28T00:05,0.0
,0,2021-01-28T01:47,0.0
,0,2021-01-28T03:28,0.0
,0,2021-01-28T05:10,0.0
8.739780804577835e-05,286,2021-01-28T06:51,1.2434782608695651
7.279943774543222e-05,286,2021-01-28T08:33,1.2434782608695651
,0,2021-01-28T10:14,0.0
,0,2021-01-28T11:56,0.0
,0,2021-01-28T13:37,0.0
,0,2021-01-28T15:19,0.0
,0,2021-01-28T17:00,0.0
,0,2021-01-28T18:42,0.0
,0,2021-01-28T20:23,0.0
,0,2021-01-28T22:05,0.0
,0,2021-01-28T23:46,0.0
,0,2021-01-29T01:28,0.0
,0,2021-01-29T03:09,0.0
,0,2021-01-29T04:51,0.0
,0,2021-01-29T06:32,0.0
8.126082823573437e-05,286,2021-01-29T08:14,1.2434782608695651
,0,2021-01-29T09:55,0.0
,0,2021-01-29T11:37,0.0
,0,2021-01-29T13:18,0.0
,0,2021-01-29T15:00,0.0
,0,2021-01-29T16:41,0.0
,0,2021-01-29T18:23,0.0
,0,2021-01-29T20:04,0.0
,0,2021-01-29T21:46,0.0
,0,2021-01-29T23:27,0.0
,0,2021-01-30T01:09,0.0
,0,2021-01-30T02:50,0.0
,0,2021-01-30T04:32,0.0
,0,2021-01-30T06:13,0.0
8.287679593198163e-05,286,2021-01-30T07:55,1.2434782608695651
,0,2021-01-30T09:36,0.0
,0,2021-01-30T11:18,0.0
,0,2021-01-30T12:59,0.0
,0,2021-01-30T14:41,0.0
,0,2021-01-30T16:22,0.0
,0,2021-01-30T18:04,0.0
,0,2021-01-30T19:45,0.0
,0,2021-01-30T21:27,0.0
,0,2021-01-30T23:08,0.0
,0,2021-01-31T00:50,0.0
,0,2021-01-31T02:31,0.0
,0,2021-01-31T04:13,0.0
,0,2021-01-31T05:54,0.0
8.616326196934676e-05,286,2021-01-31T07:36,1.2434782608695651
,0,2021-01-31T09:17,0.0
,0,2021-01-31T10:59,0.0
,0,2021-01-31T12:40,0.0
,0,2021-01-31T14:22,0.0
,0,2021-01-31T16:03,0.0
,0,2021-01-31T17:45,0.0
,0,2021-01-31T19:26,0.0
,0,2021-01-31T21:08,0.0
,0,2021-01-31T22:49,0.0
,0,2021-02-01T00:31,0.0
,0,2021-02-01T02:12,0.0
,0,2021-02-01T03:54,0.0
,0,2021-02-01T05:35,0.0
5.1856776611346716e-05,286,2021-02-01T07:17,1.2434782608695651
,0,2021-02-01T08:59,0.0
,0,2021-02-01T10:40,0.0
,0,2021-02-01T12:21,0.0
,0,2021-02-01T14:03,0.0
,0,2021-02-01T15:45,0.0
,0,2021-02-01T17:26,0.0
,0,2021-02-01T19:08,0.0
,0,2021-02-01T20:49,0.0
,0,2021-02-01T22:31,0.0
,0,2021-02-02T00:12,0.0
,0,2021-02-02T01:54,0.0
,0,2021-02-02T03:35,0.0
,0,2021-02-02T05:17,0.0
5.117814711886502e-05,286,2021-02-02T06:58,1.2434782608695651
,0,2021-02-02T08:40,0.0
,0,2021-02-02T10:21,0.0
,0,2021-02-02T12:03,0.0
,0,2021-02-02T13:44,0.0
,0,2021-02-02T15:26,0.0
,0,2021-02-02T17:07,0.0
,0,2021-02-02T18:49,0.0
,0,2021-02-02T20:30,0.0
,0,2021-02-02T22:12,0.0
,0,2021-02-02T23:53,0.0
,0,2021-02-03T01:35,0.0
,0,2021-02-03T03:16,0.0
,0,2021-02-03T04:58,0.0
,0,2021-02-03T06:39,0.0
6.60993910947461e-05,286,2021-02-03T08:21,1.2434782608695651
,0,2021-02-03T10:02,0.0
,0,2021-02-03T11:44,0.0
,0,2021-02-03T13:25,0.0
,0,2021-02-03T15:07,0.0
,0,2021-02-03T16:48,0.0
,0,2021-02-03T18:30,0.0
,0,2021-02-03T20:11,0.0
,0,2021-02-03T21:53,0.0
,0,2021-02-03T23:34,0.0
,0,2021-02-04T01:16,0.0
,0,2021-02-04T02:57,0.0
,0,2021-02-04T04:39,0.0
,0,2021-02-04T06:20,0.0
9.506732580983209e-05,286,2021-02-04T08:02,1.2434782608695651
,0,2021-02-04T09:43,0.0
,0,2021-02-04T11:25,0.0
,0,2021-02-04T13:06,0.0
,0,2021-02-04T14:48,0.0
,0,2021-02-04T16:29,0.0
,0,2021-02-04T18:11,0.0
,0,2021-02-04T19:52,0.0
,0,2021-02-04T21:34,0.0
,0,2021-02-04T23:15,0.0
,0,2021-02-05T00:57,0.0
,0,2021-02-05T02:38,0.0
,0,2021-02-05T04:20,0.0
,0,2021-02-05T06:01,0.0
9.555139882413333e-05,286,2021-02-05T07:43,1.2434782608695651
,0,2021-02-05T09:24,0.0
,0,2021-02-05T11:06,0.0
,0,2021-02-05T12:47,0.0
,0,2021-02-05T14:29,0.0
,0,2021-02-05T16:10,0.0
,0,2021-02-05T17:52,0.0
,0,2021-02-05T19:33,0.0
,0,2021-02-05T21:15,0.0
,0,2021-02-05T22:56,0.0
,0,2021-02-06T00:38,0.0
,0,2021-02-06T02:19,0.0
,0,2021-02-06T04:01,0.0
,0,2021-02-06T05:42,0.0
6.673467358207853e-05,286,2021-02-06T07:24,1.2434782608695651
,0,2021-02-06T09:05,0.0
,0,2021-02-06T10:47,0.0
,0,2021-02-06T12:28,0.0
,0,2021-02-06T14:10,0.0
,0,2021-02-06T15:51,0.0
,0,2021-02-06T17:33,0.0
,0,2021-02-06T19:14,0.0
,0,2021-02-06T20:56,0.0
,0,2021-02-06T22:37,0.0
,0,2021-02-07T00:19,0.0
,0,2021-02-07T02:00,0.0
,0,2021-02-07T03:42,0.0
,0,2021-02-07T05:23,0.0
6.40371270544439e-05,286,2021-02-07T07:05,1.2434782608695651
,0,2021-02-07T08:46,0.0
,0,2021-02-07T10:28,0.0
,0,2021-02-07T12:09,0.0
,0,2021-02-07T13:51,0.0
,0,2021-02-07T15:32,0.0
,0,2021-02-07T17:14,0.0
,0,2021-02-07T18:55,0.0
,0,2021-02-07T20:37,0.0
,0,2021-02-07T22:18,0.0
,0,2021-02-08T00:00,0.0
,0,2021-02-08T01:41,0.0
,0,2021-02-08T03:23,0.0
,0,2021-02-08T05:04,0.0
,0,2021-02-08T06:46,0.0
5.816685979339586e-05,286,2021-02-08T08:27,1.2434782608695651
,0,2021-02-08T10:09,0.0
,0,2021-02-08T11:50,0.0
,0,2021-02-08T13:32,0.0
,0,2021-02-08T15:13,0.0
,0,2021-02-08T16:55,0.0
,0,2021-02-08T18:36,0.0
,0,2021-02-08T20:18,0.0
,0,2021-02-08T21:59,0.0
,0,2021-02-08T23:41,0.0
,0,2021-02-09T01:22,0.0
,0,2021-02-09T03:04,0.0
,0,2021-02-09T04:45,0.0
,0,2021-02-09T06:27,0.0
7.227785609241661e-05,286,2021-02-09T08:08,1.2434782608695651
,0,2021-02-09T09:50,0.0
,0,2021-02-09T11:31,0.0
,0,2021-02-09T13:13,0.0
,0,2021-02-09T14:54,0.0
,0,2021-02-09T16:36,0.0
,0,2021-02-09T18:18,0.0
,0,2021-02-09T19:59,0.0
,0,2021-02-09T21:41,0.0
,0,2021-02-09T23:22,0.0
,0,2021-02-10T01:04,0.0
,0,2021-02-10T02:45,0.0
,0,2021-02-10T04:27,0.0
,0,2021-02-10T06:08,0.0
9.591754013385164e-05,286,2021-02-10T07:50,1.2434782608695651
,0,2021-02-10T09:31,0.0
,0,2021-02-10T11:13,0.0
,0,2021-02-10T12:54,0.0
,0,2021-02-10T14:36,0.0
,0,2021-02-10T16:17,0.0
,0,2021-02-10T17:59,0.0
,0,2021-02-10T19:40,0.0
,0,2021-02-10T21:22,0.0
,0,2021-02-10T23:03,0.0
,0,2021-02-11T00:45,0.0
,0,2021-02-11T02:26,0.0
,0,2021-02-11T04:08,0.0
,0,2021-02-11T05:49,0.0
8.668351209100481e-05,286,2021-02-11T07:31,1.2434782608695651
,0,2021-02-11T09:12,0.0
,0,2021-02-11T10:54,0.0
,0,2021-02-11T12:35,0.0
,0,2021-02-11T14:17,0.0
,0,2021-02-11T15:58,0.0
,0,2021-02-11T17:40,0.0
,0,2021-02-11T19:21,0.0
,0,2021-02-11T21:03,0.0
,0,2021-02-11T22:44,0.0
,0,2021-02-12T00:26,0.0
,0,2021-02-12T02:07,0.0
,0,2021-02-12T03:49,0.0
,0,2021-02-12T05:30,0.0
9.418794067993309e-05,286,2021-02-12T07:12,1.2434782608695651
,0,2021-02-12T08:53,0.0
,0,2021-02-12T10:35,0.0
,0,2021-02-12T12:16,0.0
,0,2021-02-12T13:58,0.0
,0,2021-02-12T15:39,0.0
,0,2021-02-12T17:21,0.0
,0,2021-02-12T19:02,0.0
,0,2021-02-12T20:44,0.0
,0,2021-02-12T22:25,0.0
,0,2021-02-13T00:07,0.0
,0,2021-02-13T01:48,0.0
,0,2021-02-13T03:30,0.0
,0,2021-02-13T05:11,0.0
8.007096114440727e-05,286,2021-02-13T06:53,1.2434782608695651
8.088182753496896e-05,286,2021-02-13T08:34,1.2434782608695651
,0,2021-02-13T10:16,0.0
,0,2021-02-13T11:57,0.0
,0,2021-02-13T13:39,0.0
,0,2021-02-13T15:20,0.0
,0,2021-02-13T17:02,0.0
,0,2021-02-13T18:43,0.0
,0,2021-02-13T20:25,0.0
,0,2021-02-13T22:06,0.0
,0,2021-02-13T23:48,0.0
,0,2021-02-14T01:29,0.0
,0,2021-02-14T03:11,0.0
,0,2021-02-14T04:52,0.0
,0,2021-02-14T06:34,0.0
7.054655612614196e-05,286,2021-02-14T08:15,1.2434782608695651
,0,2021-02-14T09:57,0.0
,0,2021-02-14T11:38,0.0
,0,2021-02-14T13:20,0.0
,0,2021-02-14T15:01,0.0
,0,2021-02-14T16:43,0.0
,0,2021-02-14T18:24,0.0
,0,2021-02-14T20:06,0.0
,0,2021-02-14T21:47,0.0
,0,2021-02-14T23:29,0.0
,0,2021-02-15T01:10,0.0
,0,2021-02-15T02:52,0.0
,0,2021-02-15T04:33,0.0
,0,2021-02-15T06:15,0.0
9.579933877163235e-05,230,2021-02-15T07:56,1.0
,0,2021-02-15T09:38,0.0
,0,2021-02-15T11:19,0.0
,0,2021-02-15T13:01,0.0
,0,2021-02-15T14:42,0.0
,0,2021-02-15T16:24,0.0
,0,2021-02-15T18:05,0.0
,0,2021-02-15T19:47,0.0
,0,2021-02-15T21:28,0.0
,0,2021-02-15T23:10,0.0
,0,2021-02-16T00:51,0.0
,0,2021-02-16T02:33,0.0
,0,2021-02-16T04:14,0.0
,0,2021-02-16T05:56,0.0
0.00011115467688994397,276,2021-02-16T07:37,1.2
,0,2021-02-16T09:19,0.0
,0,2021-02-16T11:00,0.0
,0,2021-02-16T12:42,0.0
,0,2021-02-16T14:23,0.0
,0,2021-02-16T16:05,0.0
,0,2021-02-16T17:46,0.0
,0,2021-02-16T19:28,0.0
,0,2021-02-16T21:09,0.0
,0,2021-02-16T22:51,0.0
,0,2021-02-17T00:32,0.0
,0,2021-02-17T02:14,0.0
,0,2021-02-17T03:56,0.0
,0,2021-02-17T05:37,0.0
7.125974908158657e-05,286,2021-02-17T07:19,1.2434782608695651
,0,2021-02-17T09:00,0.0
,0,2021-02-17T10:42,0.0
,0,2021-02-17T12:23,0.0
,0,2021-02-17T14:05,0.0
,0,2021-02-17T15:46,0.0
,0,2021-02-17T17:28,0.0
,0,2021-02-17T19:09,0.0
,0,2021-02-17T20:51,0.0
,0,2021-02-17T22:32,0.0
,0,2021-02-18T00:14,0.0
,0,2021-02-18T01:55,0.0
,0,2021-02-18T03:37,0.0
,0,2021-02-18T05:18,0.0
6.822827291820657e-05,286,2021-02-18T07:00,1.2434782608695651
,0,2021-02-18T08:41,0.0
,0,2021-02-18T10:23,0.0
,0,2021-02-18T12:04,0.0
,0,2021-02-18T13:46,0.0
,0,2021-02-18T15:27,0.0
,0,2021-02-18T17:09,0.0
,0,2021-02-18T18:50,0.0
,0,2021-02-18T20:32,0.0
,0,2021-02-18T22:13,0.0
,0,2021-02-18T23:55,0.0
,0,2021-02-19T01:36,0.0
,0,2021-02-19T03:18,0.0
,0,2021-02-19T04:59,0.0
,0,2021-02-19T06:41,0.0
4.8890702350756365e-05,6,2021-02-19T08:22,0.02608695652173913
,0,2021-02-19T10:04,0.0
,0,2021-02-19T11:45,0.0
,0,2021-02-19T13:27,0.0
,0,2021-02-19T15:08,0.0
,0,2021-02-19T16:50,0.0
,0,2021-02-19T18:31,0.0
,0,2021-02-19T20:13,0.0
,0,2021-02-19T21:54,0.0
,0,2021-02-19T23:36,0.0
,0,2021-02-20T01:17,0.0
,0,2021-02-20T02:59,0.0
,0,2021-02-20T04:40,0.0
,0,2021-02-20T06:22,0.0
4.9398624828131425e-05,254,2021-02-20T08:03,1.1043478260869566
,0,2021-02-20T09:45,0.0
,0,2021-02-20T11:26,0.0
,0,2021-02-20T13:08,0.0
,0,2021-02-20T14:49,0.0
,0,2021-02-20T16:31,0.0
,0,2021-02-20T18:12,0.0
,0,2021-02-20T19:54,0.0
,0,2021-02-20T21:35,0.0
,0,2021-02-20T23:17,0.0
,0,2021-02-21T00:58,0.0
,0,2021-02-21T02:40,0.0
,0,2021-02-21T04:21,0.0
,0,2021-02-21T06:03,0.0
5.265021053019007e-05,286,2021-02-21T07:44,1.2434782608695651
,0,2021-02-21T09:26,0.0
,0,2021-02-21T11:07,0.0
,0,2021-02-21T12:49,0.0
,0,2021-02-21T14:30,0.0
,0,2021-02-21T16:12,0.0
,0,2021-02-21T17:53,0.0
,0,2021-02-21T19:35,0.0
,0,2021-02-21T21:16,0.0
,0,2021-02-21T22:58,0.0
,0,2021-02-22T00:39,0.0
,0,2021-02-22T02:21,0.0
,0,2021-02-22T04:02,0.0
,0,2021-02-22T05:44,0.0
5.927566044838067e-05,286,2021-02-22T07:25,1.2434782608695651
,0,2021-02-22T09:07,0.0
,0,2021-02-22T10:48,0.0
,0,2021-02-22T12:30,0.0
,0,2021-02-22T14:11,0.0
,0,2021-02-22T15:53,0.0
,0,2021-02-22T17:34,0.0
,0,2021-02-22T19:16,0.0
,0,2021-02-22T20:57,0.0
,0,2021-02-22T22:39,0.0
,0,2021-02-23T00:20,0.0
,0,2021-02-23T02:02,0.0
,0,2021-02-23T03:43,0.0
,0,2021-02-23T05:25,0.0
7.961846706130598e-05,286,2021-02-23T07:06,1.2434782608695651
,0,2021-02-23T08:48,0.0
,0,2021-02-23T10:29,0.0
,0,2021-02-23T12:11,0.0
,0,2021-02-23T13:52,0.0
,0,2021-02-23T15:34,0.0
,0,2021-02-23T17:15,0.0
,0,2021-02-23T18:57,0.0
,0,2021-02-23T20:39,0.0
,0,2021-02-23T22:20,0.0
,0,2021-02-24T00:02,0.0
,0,2021-02-24T01:43,0.0
,0,2021-02-24T03:25,0.0
,0,2021-02-24T05:06,0.0
,0,2021-02-24T06:48,0.0
7.13897135871942e-05,286,2021-02-24T08:29,1.2434782608695651
,0,2021-02-24T10:11,0.0
,0,2021-02-24T11:52,0.0
,0,2021-02-24T13:34,0.0
,0,2021-02-24T15:15,0.0
,0,2021-02-24T16:57,0.0
,0,2021-02-24T18:38,0.0
,0,2021-02-24T20:20,0.0
,0,2021-02-24T22:01,0.0
,0,2021-02-24T23:43,0.0
,0,2021-02-25T01:24,0.0
,0,2021-02-25T03:06,0.0
,0,2021-02-25T04:47,0.0
,0,2021-02-25T06:29,0.0
8.044282986082491e-05,212,2021-02-25T08:10,0.9217391304347826
,0,2021-02-25T09:52,0.0
,0,2021-02-25T11:33,0.0
,0,2021-02-25T13:15,0.0
,0,2021-02-25T14:56,0.0
,0,2021-02-25T16:38,0.0
,0,2021-02-25T18:19,0.0
,0,2021-02-25T20:01,0.0
,0,2021-02-25T21:42,0.0
,0,2021-02-25T23:24,0.0
,0,2021-02-26T01:05,0.0
,0,2021-02-26T02:47,0.0
,0,2021-02-26T04:28,0.0
,0,2021-02-26T06:10,0.0
6.827354959703244e-05,283,2021-02-26T07:51,1.2304347826086957
,0,2021-02-26T09:33,0.0
,0,2021-02-26T11:14,0.0
,0,2021-02-26T12:56,0.0
,0,2021-02-26T14:37,0.0
,0,2021-02-26T16:19,0.0
,0,2021-02-26T18:00,0.0
,0,2021-02-26T19:42,0.0
,0,2021-02-26T21:23,0.0
,0,2021-02-26T23:05,0.0
,0,2021-02-27T00:46,0.0
,0,2021-02-27T02:28,0.0
,0,2021-02-27T04:09,0.0
,0,2021-02-27T05:51,0.0
9.73904067283282e-05,287,2021-02-27T07:32,1.2478260869565216
,0,2021-02-27T09:14,0.0
,0,2021-02-27T10:55,0.0
,0,2021-02-27T12:37,0.0
,0,2021-02-27T14:18,0.0
,0,2021-02-27T16:00,0.0
,0,2021-02-27T17:41,0.0
,0,2021-02-27T19:23,0.0
,0,2021-02-27T21:04,0.0
,0,2021-02-27T22:46,0.0
,0,2021-02-28T00:27,0.0
,0,2021-02-28T02:09,0.0
,0,2021-02-28T03:50,0.0
,0,2021-02-28T05:32,0.0
5.44287741737764e-05,287,2021-02-28T07:13,1.2478260869565216
,0,2021-02-28T08:55,0.0
,0,2021-02-28T10:36,0.0
,0,2021-02-28T12:18,0.0
,0,2021-02-28T13:59,0.0
,0,2021-02-28T15:41,0.0
,0,2021-02-28T17:22,0.0
,0,2021-02-28T19:04,0.0
,0,2021-02-28T20:45,0.0
,0,2021-02-28T22:27,0.0
,0,2021-03-01T00:08,0.0
,0,2021-03-01T01:50,0.0
,0,2021-03-01T03:31,0.0
,0,2021-03-01T05:13,0.0
5.772381582074471e-05,287,2021-03-01T06:54,1.2478260869565216
6.575810059194973e-05,192,2021-03-01T08:36,0.8347826086956521
,0,2021-03-01T10:17,0.0
,0,2021-03-01T11:59,0.0
,0,2021-03-01T13:40,0.0
,0,2021-03-01T15:22,0.0
,0,2021-03-01T17:03,0.0
,0,2021-03-01T18:45,0.0
,0,2021-03-01T20:26,0.0
,0,2021-03-01T22:08,0.0
,0,2021-03-01T23:49,0.0
,0,2021-03-02T01:31,0.0
,0,2021-03-02T03:13,0.0
,0,2021-03-02T04:54,0.0
,0,2021-03-02T06:36,0.0
6.285984816176375e-05,287,2021-03-02T08:17,1.2478260869565216
,0,2021-03-02T09:59,0.0
,0,2021-03-02T11:40,0.0
,0,2021-03-02T13:22,0.0
,0,2021-03-02T15:03,0.0
,0,2021-03-02T16:45,0.0
,0,2021-03-02T18:26,0.0
,0,2021-03-02T20:08,0.0
,0,2021-03-02T21:49,0.0
,0,2021-03-02T23:31,0.0
,0,2021-03-03T01:12,0.0
,0,2021-03-03T02:54,0.0
,0,2021-03-03T04:35,0.0
,0,2021-03-03T06:17,0.0
7.829031049890016e-05,287,2021-03-03T07:58,1.2478260869565216
,0,2021-03-03T09:40,0.0
,0,2021-03-03T11:21,0.0
,0,2021-03-03T13:03,0.0
,0,2021-03-03T14:44,0.0
,0,2021-03-03T16:26,0.0
,0,2021-03-03T18:07,0.0
,0,2021-03-03T19:49,0.0
,0,2021-03-03T21:30,0.0
,0,2021-03-03T23:12,0.0
,0,2021-03-04T00:53,0.0
,0,2021-03-04T02:35,0.0
,0,2021-03-04T04:16,0.0
,0,2021-03-04T05:58,0.0
9.547282459964824e-05,287,2021-03-04T07:39,1.2478260869565216
,0,2021-03-04T09:21,0.0
,0,2021-03-04T11:02,0.0
,0,2021-03-04T12:44,0.0
,0,2021-03-04T14:25,0.0
,0,2021-03-04T16:07,0.0
,0,2021-03-04T17:48,0.0
,0,2021-03-04T19:30,0.0
,0,2021-03-04T21:11,0.0
,0,2021-03-04T22:53,0.0
,0,2021-03-05T00:34,0.0
,0,2021-03-05T02:16,0.0
,0,2021-03-05T03:57,0.0
,0,2021-03-05T05:39,0.0
6.43313426358892e-05,287,2021-03-05T07:20,1.2478260869565216
,0,2021-03-05T09:02,0.0
,0,2021-03-05T10:43,0.0
,0,2021-03-05T12:25,0.0
,0,2021-03-05T14:06,0.0
,0,2021-03-05T15:48,0.0
,0,2021-03-05T17:29,0.0
,0,2021-03-05T19:11,0.0
,0,2021-03-05T20:52,0.0
,0,2021-03-05T22:34,0.0
,0,2021-03-06T00:15,0.0
,0,2021-03-06T01:57,0.0
,0,2021-03-06T03:38,0.0
,0,2021-03-06T05:20,0.0
8.810839659489412e-05,287,2021-03-06T07:01,1.2478260869565216
,0,2021-03-06T08:43,0.0
,0,2021-03-06T10:24,0.0
,0,2021-03-06T12:06,0.0
,0,2021-03-06T13:47,0.0
,0,2021-03-06T15:29,0.0
,0,2021-03-06T17:10,0.0
,0,2021-03-06T18:52,0.0
,0,2021-03-06T20:33,0.0
,0,2021-03-06T22:15,0.0
,0,2021-03-06T23:56,0.0
,0,2021-03-07T01:38,0.0
,0,2021-03-07T03:19,0.0
,0,2021-03-07T05:01,0.0
,0,2021-03-07T06:42,0.0
6.169254747709494e-05,287,2021-03-07T08:24,1.2478260869565216
,0,2021-03-07T10:05,0.0
,0,2021-03-07T11:47,0.0
,0,2021-03-07T13:28,0.0
,0,2021-03-07T15:10,0.0
,0,2021-03-07T16:51,0.0
,0,2021-03-07T18:33,0.0
,0,2021-03-07T20:14,0.0
,0,2021-03-07T21:56,0.0
,0,2021-03-07T23:37,0.0
,0,2021-03-08T01:19,0.0
,0,2021-03-08T03:01,0.0
,0,2021-03-08T04:42,0.0
,0,2021-03-08T06:24,0.0
7.983332916797323e-05,287,2021-03-08T08:05,1.2478260869565216
,0,2021-03-08T09:47,0.0
,0,2021-03-08T11:28,0.0
,0,2021-03-08T13:10,0.0
,0,2021-03-08T14:51,0.0
,0,2021-03-08T16:33,0.0
,0,2021-03-08T18:14,0.0
,0,2021-03-08T19:56,0.0
,0,2021-03-08T21:37,0.0
,0,2021-03-08T23:19,0.0
,0,2021-03-09T01:00,0.0
,0,2021-03-09T02:42,0.0
,0,2021-03-09T04:23,0.0
,0,2021-03-09T06:05,0.0
7.702596259546672e-05,287,2021-03-09T07:46,1.2478260869565216
,0,2021-03-09T09:28,0.0
,0,2021-03-09T11:09,0.0
,0,2021-03-09T12:51,0.0
,0,2021-03-09T14:32,0.0
,0,2021-03-09T16:14,0.0
,0,2021-03-09T17:55,0.0
,0,2021-03-09T19:37,0.0
,0,2021-03-09T21:18,0.0
,0,2021-03-09T23:00,0.0
,0,2021-03-10T00:41,0.0
,0,2021-03-10T02:23,0.0
,0,2021-03-10T04:04,0.0
,0,2021-03-10T05:46,0.0
8.298013149475598e-05,287,2021-03-10T07:27,1.2478260869565216
,0,2021-03-10T09:09,0.0
,0,2021-03-10T10:50,0.0
,0,2021-03-10T12:32,0.0
,0,2021-03-10T14:13,0.0
,0,2021-03-10T15:55,0.0
,0,2021-03-10T17:36,0.0
,0,2021-03-10T19:18,0.0
,0,2021-03-10T20:59,0.0
,0,2021-03-10T22:41,0.0
,0,2021-03-11T00:22,0.0
,0,2021-03-11T02:04,0.0
,0,2021-03-11T03:45,0.0
,0,2021-03-11T05:27,0.0
0.00010891374796795346,287,2021-03-11T07:08,1.2478260869565216
,0,2021-03-11T08:50,0.0
,0,2021-03-11T10:31,0.0
,0,2021-03-11T12:13,0.0
,0,2021-03-11T13:54,0.0
,0,2021-03-11T15:36,0.0
,0,2021-03-11T17:17,0.0
,0,2021-03-11T18:59,0.0
,0,2021-03-11T20:40,0.0
,0,2021-03-11T22:22,0.0
,0,2021-03-12T00:03,0.0
,0,2021-03-12T01:45,0.0
,0,2021-03-12T03:26,0.0
,0,2021-03-12T05:08,0.0
,0,2021-03-12T06:49,0.0
8.075095258393733e-05,273,2021-03-12T08:31,1.1869565217391305
,0,2021-03-12T10:12,0.0
,0,2021-03-12T11:54,0.0
,0,2021-03-12T13:35,0.0
,0,2021-03-12T15:17,0.0
,0,2021-03-12T16:58,0.0
,0,2021-03-12T18:40,0.0
,0,2021-03-12T20:21,0.0
,0,2021-03-12T22:03,0.0
,0,2021-03-12T23:44,0.0
,0,2021-03-13T01:26,0.0
,0,2021-03-13T03:07,0.0
,0,2021-03-13T04:49,0.0
,0,2021-03-13T06:30,0.0
6.189126656851776e-05,287,2021-03-13T08:12,1.2478260869565216
,0,2021-03-13T09:53,0.0
,0,2021-03-13T11:35,0.0
,0,2021-03-13T13:16,0.0
,0,2021-03-13T14:58,0.0
,0,2021-03-13T16:39,0.0
,0,2021-03-13T18:21,0.0
,0,2021-03-13T20:02,0.0
,0,2021-03-13T21:44,0.0
,0,2021-03-13T23:26,0.0
,0,2021-03-14T01:07,0.0
,0,2021-03-14T02:49,0.0
,0,2021-03-14T04:30,0.0
,0,2021-03-14T06:12,0.0
8.688964694509026e-05,287,2021-03-14T07:53,1.2478260869565216
,0,2021-03-14T09:35,0.0
,0,2021-03-14T11:16,0.0
,0,2021-03-14T12:58,0.0
,0,2021-03-14T14:39,0.0
,0,2021-03-14T16:21,0.0
,0,2021-03-14T18:02,0.0
,0,2021-03-14T19:44,0.0
,0,2021-03-14T21:25,0.0
,0,2021-03-14T23:07,0.0
,0,2021-03-15T00:48,0.0
,0,2021-03-15T02:30,0.0
,0,2021-03-15T04:11,0.0
,0,2021-03-15T05:53,0.0
0.00011267454283390504,287,2021-03-15T07:34,1.2478260869565216
,0,2021-03-15T09:16,0.0
,0,2021-03-15T10:57,0.0
,0,2021-03-15T12:39,0.0
,0,2021-03-15T15:11,0.0
,0,2021-03-15T16:02,0.0
,0,2021-03-15T17:43,0.0
,0,2021-03-15T19:25,0.0
,0,2021-03-15T21:06,0.0
,0,2021-03-15T22:48,0.0
,0,2021-03-16T00:29,0.0
,0,2021-03-16T02:11,0.0
,0,2021-03-16T03:52,0.0
,0,2021-03-16T05:34,0.0
7.807498036224829e-05,287,2021-03-16T07:15,1.2478260869565216
,0,2021-03-16T08:57,0.0
,0,2021-03-16T10:38,0.0
,0,2021-03-16T12:20,0.0
,0,2021-03-16T14:01,0.0
,0,2021-03-16T15:43,0.0
,0,2021-03-16T17:24,0.0
,0,2021-03-16T19:06,0.0
,0,2021-03-16T20:47,0.0
,0,2021-03-16T22:29,0.0
,0,2021-03-17T00:10,0.0
,0,2021-03-17T01:52,0.0
,0,2021-03-17T03:33,0.0
,0,2021-03-17T05:15,0.0
,0,2021-03-17T06:56,0.0
7.019108473044311e-05,38,2021-03-17T08:38,0.16521739130434782
,0,2021-03-17T10:19,0.0
,0,2021-03-17T12:01,0.0
,0,2021-03-17T13:42,0.0
,0,2021-03-17T15:24,0.0
,0,2021-03-17T17:05,0.0
,0,2021-03-17T18:47,0.0
,0,2021-03-17T20:28,0.0
,0,2021-03-17T22:10,0.0
,0,2021-03-17T23:51,0.0
,0,2021-03-18T01:33,0.0
,0,2021-03-18T03:14,0.0
,0,2021-03-18T04:56,0.0
,0,2021-03-18T06:37,0.0
8.927547527424196e-05,180,2021-03-18T08:19,0.782608695652174
,0,2021-03-18T10:00,0.0
,0,2021-03-18T11:42,0.0
,0,2021-03-18T13:23,0.0
,0,2021-03-18T15:05,0.0
,0,2021-03-18T16:46,0.0
,0,2021-03-18T18:28,0.0
,0,2021-03-18T20:09,0.0
,0,2021-03-18T21:51,0.0
,0,2021-03-18T23:32,0.0
,0,2021-03-19T01:14,0.0
,0,2021-03-19T02:55,0.0
,0,2021-03-19T04:37,0.0
,0,2021-03-19T06:18,0.0
5.376990339079787e-05,260,2021-03-19T08:00,1.1304347826086956
,0,2021-03-19T09:41,0.0
,0,2021-03-19T11:23,0.0
,0,2021-03-19T13:04,0.0
,0,2021-03-19T14:46,0.0
,0,2021-03-19T16:27,0.0
,0,2021-03-19T18:09,0.0
,0,2021-03-19T19:51,0.0
,0,2021-03-19T21:32,0.0
,0,2021-03-19T23:14,0.0
,0,2021-03-20T00:55,0.0
,0,2021-03-20T02:37,0.0
,0,2021-03-20T04:18,0.0
,0,2021-03-20T06:00,0.0
7.974259927907337e-05,287,2021-03-20T07:41,1.2478260869565216
,0,2021-03-20T09:23,0.0
,0,2021-03-20T11:04,0.0
,0,2021-03-20T12:46,0.0
,0,2021-03-20T14:27,0.0
,0,2021-03-20T16:09,0.0
,0,2021-03-20T17:50,0.0
,0,2021-03-20T19:32,0.0
,0,2021-03-20T21:13,0.0
,0,2021-03-20T22:55,0.0
,0,2021-03-21T00:36,0.0
,0,2021-03-21T02:18,0.0
,0,2021-03-21T03:59,0.0
,0,2021-03-21T05:41,0.0
6.716448049483966e-05,287,2021-03-21T07:22,1.2478260869565216
,0,2021-03-21T09:04,0.0
,0,2021-03-21T10:45,0.0
,0,2021-03-21T12:27,0.0
,0,2021-03-21T14:08,0.0
,0,2021-03-21T15:50,0.0
,0,2021-03-21T17:31,0.0
,0,2021-03-21T19:13,0.0
,0,2021-03-21T20:54,0.0
,0,2021-03-21T22:36,0.0
,0,2021-03-22T00:17,0.0
,0,2021-03-22T01:59,0.0
,0,2021-03-22T03:40,0.0
,0,2021-03-22T05:22,0.0
5.9009078701660325e-05,214,2021-03-22T07:03,0.9304347826086956
,0,2021-03-22T08:45,0.0
,0,2021-03-22T10:26,0.0
,0,2021-03-22T12:08,0.0
,0,2021-03-22T13:49,0.0
,0,2021-03-22T15:31,0.0
,0,2021-03-22T17:12,0.0
,0,2021-03-22T18:54,0.0
,0,2021-03-22T20:35,0.0
,0,2021-03-22T22:17,0.0
,0,2021-03-22T23:58,0.0
,0,2021-03-23T01:40,0.0
,0,2021-03-23T03:21,0.0
,0,2021-03-23T05:03,0.0
,0,2021-03-23T06:44,0.0
5.1494498063493855e-05,287,2021-03-23T08:26,1.2478260869565216
,0,2021-03-23T10:07,0.0
,0,2021-03-23T11:49,0.0
,0,2021-03-23T13:30,0.0
,0,2021-03-23T15:12,0.0
,0,2021-03-23T16:53,0.0
,0,2021-03-23T18:35,0.0
,0,2021-03-23T20:16,0.0
,0,2021-03-23T21:58,0.0
,0,2021-03-23T23:39,0.0
,0,2021-03-24T01:21,0.0
,0,2021-03-24T03:02,0.0
,0,2021-03-24T04:44,0.0
,0,2021-03-24T06:25,0.0
6.102172478433846e-05,287,2021-03-24T08:07,1.2478260869565216
,0,2021-03-24T09:48,0.0
,0,2021-03-24T11:30,0.0
,0,2021-03-24T13:11,0.0
,0,2021-03-24T14:53,0.0
,0,2021-03-24T16:34,0.0
,0,2021-03-24T18:16,0.0
,0,2021-03-24T19:57,0.0
,0,2021-03-24T21:39,0.0
,0,2021-03-24T23:20,0.0
,0,2021-03-25T01:02,0.0
,0,2021-03-25T02:43,0.0
,0,2021-03-25T04:25,0.0
,0,2021-03-25T06:06,0.0
5.4596577146269656e-05,266,2021-03-25T07:48,1.1565217391304348
,0,2021-03-25T09:29,0.0
,0,2021-03-25T11:11,0.0
,0,2021-03-25T12:53,0.0
,0,2021-03-25T14:34,0.0
,0,2021-03-25T16:16,0.0
,0,2021-03-25T17:57,0.0
,0,2021-03-25T19:39,0.0
,0,2021-03-25T21:20,0.0
,0,2021-03-25T23:02,0.0
,0,2021-03-26T00:43,0.0
,0,2021-03-26T02:25,0.0
,0,2021-03-26T04:06,0.0
,0,2021-03-26T05:48,0.0
6.260238683929837e-05,287,2021-03-26T07:29,1.2478260869565216
,0,2021-03-26T09:11,0.0
,0,2021-03-26T10:52,0.0
,0,2021-03-26T12:34,0.0
,0,2021-03-26T14:15,0.0
,0,2021-03-26T15:57,0.0
,0,2021-03-26T17:38,0.0
,0,2021-03-26T19:20,0.0
,0,2021-03-26T21:01,0.0
,0,2021-03-26T22:43,0.0
,0,2021-03-27T00:24,0.0
,0,2021-03-27T02:06,0.0
,0,2021-03-27T03:47,0.0
,0,2021-03-27T05:29,0.0
5.351101452232671e-05,287,2021-03-27T07:10,1.2478260869565216
,0,2021-03-27T08:52,0.0
,0,2021-03-27T10:33,0.0
,0,2021-03-27T12:15,0.0
,0,2021-03-27T13:56,0.0
,0,2021-03-27T15:38,0.0
,0,2021-03-27T17:19,0.0
,0,2021-03-27T19:01,0.0
,0,2021-03-27T20:42,0.0
,0,2021-03-27T22:24,0.0
,0,2021-03-28T00:05,0.0
,0,2021-03-28T01:47,0.0
,0,2021-03-28T03:28,0.0
,0,2021-03-28T05:10,0.0
,0,2021-03-28T06:51,0.0
5.941772489982587e-05,287,2021-03-28T08:33,1.2478260869565216
,0,2021-03-28T10:14,0.0
,0,2021-03-28T11:56,0.0
,0,2021-03-28T13:37,0.0
,0,2021-03-28T15:19,0.0
,0,2021-03-28T17:00,0.0
,0,2021-03-28T18:42,0.0
,0,2021-03-28T20:23,0.0
,0,2021-03-28T22:05,0.0
,0,2021-03-28T23:46,0.0
,0,2021-03-29T01:28,0.0
,0,2021-03-29T03:09,0.0
,0,2021-03-29T04:51,0.0
,0,2021-03-29T06:32,0.0
6.904307128055085e-05,287,2021-03-29T08:14,1.2478260869565216
,0,2021-03-29T09:55,0.0
,0,2021-03-29T11:37,0.0
,0,2021-03-29T13:18,0.0
,0,2021-03-29T15:00,0.0
,0,2021-03-29T16:41,0.0
,0,2021-03-29T18:23,0.0
,0,2021-03-29T20:04,0.0
,0,2021-03-29T21:46,0.0
,0,2021-03-29T23:27,0.0
,0,2021-03-30T01:09,0.0
,0,2021-03-30T02:50,0.0
,0,2021-03-30T04:32,0.0
,0,2021-03-30T06:13,0.0
4.5013208404538145e-05,287,2021-03-30T07:55,1.2478260869565216
,0,2021-03-30T09:36,0.0
,0,2021-03-30T11:18,0.0
,0,2021-03-30T12:59,0.0
,0,2021-03-30T14:41,0.0
,0,2021-03-30T16:22,0.0
,0,2021-03-30T18:04,0.0
,0,2021-03-30T19:45,0.0
,0,2021-03-30T21:27,0.0
,0,2021-03-30T23:08,0.0
,0,2021-03-31T00:50,0.0
,0,2021-03-31T02:31,0.0
,0,2021-03-31T04:13,0.0
,0,2021-03-31T05:54,0.0
6.592208785083225e-05,287,2021-03-31T07:36,1.2478260869565216
,0,2021-03-31T09:17,0.0
,0,2021-03-31T10:59,0.0
,0,2021-03-31T12:41,0.0
,0,2021-03-31T14:22,0.0
,0,2021-03-31T16:04,0.0
,0,2021-03-31T17:45,0.0
,0,2021-03-31T19:27,0.0
,0,2021-03-31T21:08,0.0
,0,2021-03-31T22:50,0.0
,0,2021-04-01T00:31,0.0
,0,2021-04-01T02:13,0.0
,0,2021-04-01T03:54,0.0
,0,2021-04-01T05:36,0.0
3.576108215845591e-05,287,2021-04-01T07:17,1.2478260869565216
,0,2021-04-01T08:59,0.0
,0,2021-04-01T10:40,0.0
,0,2021-04-01T12:22,0.0
,0,2021-04-01T14:03,0.0
,0,2021-04-01T15:45,0.0
,0,2021-04-01T17:26,0.0
,0,2021-04-01T19:08,0.0
,0,2021-04-01T20:49,0.0
,0,2021-04-01T22:31,0.0
,0,2021-04-02T00:12,0.0
,0,2021-04-02T01:54,0.0
,0,2021-04-02T03:35,0.0
,0,2021-04-02T05:17,0.0
3.937900442634161e-05,287,2021-04-02T06:58,1.2478260869565216
3.705864876261344e-05,288,2021-04-02T08:40,1.2521739130434784
,0,2021-04-02T10:21,0.0
,0,2021-04-02T12:03,0.0
,0,2021-04-02T13:44,0.0
,0,2021-04-02T15:26,0.0
,0,2021-04-02T17:07,0.0
,0,2021-04-02T18:49,0.0
,0,2021-04-02T20:30,0.0
,0,2021-04-02T22:12,0.0
,0,2021-04-02T23:53,0.0
,0,2021-04-03T01:35,0.0
,0,2021-04-03T03:16,0.0
,0,2021-04-03T04:58,0.0
,0,2021-04-03T06:39,0.0
6.220624847526928e-05,287,2021-04-03T08:21,1.2478260869565216
,0,2021-04-03T10:02,0.0
,0,2021-04-03T11:44,0.0
,0,2021-04-03T13:25,0.0
,0,2021-04-03T15:07,0.0
,0,2021-04-03T16:48,0.0
,0,2021-04-03T18:30,0.0
,0,2021-04-03T20:11,0.0
,0,2021-04-03T21:53,0.0
,0,2021-04-03T23:34,0.0
,0,2021-04-04T01:16,0.0
,0,2021-04-04T02:57,0.0
,0,2021-04-04T04:39,0.0
,0,2021-04-04T06:20,0.0
6.411556191330892e-05,259,2021-04-04T08:02,1.126086956521739
,0,2021-04-04T09:43,0.0
,0,2021-04-04T11:25,0.0
,0,2021-04-04T13:06,0.0
,0,2021-04-04T14:48,0.0
,0,2021-04-04T16:29,0.0
,0,2021-04-04T18:11,0.0
,0,2021-04-04T19:52,0.0
,0,2021-04-04T21:34,0.0
,0,2021-04-04T23:15,0.0
,0,2021-04-05T00:57,0.0
,0,2021-04-05T02:38,0.0
,0,2021-04-05T04:20,0.0
,0,2021-04-05T06:01,0.0
8.691316075213496e-05,287,2021-04-05T07:43,1.2478260869565216
,0,2021-04-05T09:24,0.0
,0,2021-04-05T11:06,0.0
,0,2021-04-05T12:47,0.0
,0,2021-04-05T14:29,0.0
,0,2021-04-05T16:10,0.0
,0,2021-04-05T17:52,0.0
,0,2021-04-05T19:33,0.0
,0,2021-04-05T21:15,0.0
,0,2021-04-05T22:56,0.0
,0,2021-04-06T00:38,0.0
,0,2021-04-06T02:19,0.0
,0,2021-04-06T04:01,0.0
,0,2021-04-06T05:42,0.0
6.341155520033225e-05,287,2021-04-06T07:24,1.2478260869565216
,0,2021-04-06T09:05,0.0
,0,2021-04-06T10:47,0.0
,0,2021-04-06T12:28,0.0
,0,2021-04-06T14:10,0.0
,0,2021-04-06T15:52,0.0
,0,2021-04-06T17:33,0.0
,0,2021-04-06T19:15,0.0
,0,2021-04-06T20:56,0.0
,0,2021-04-06T22:38,0.0
,0,2021-04-07T00:19,0.0
,0,2021-04-07T02:01,0.0
,0,2021-04-07T03:42,0.0
,0,2021-04-07T05:24,0.0
5.975681027352904e-05,287,2021-04-07T07:05,1.2478260869565216
,0,2021-04-07T08:47,0.0
,0,2021-04-07T10:28,0.0
,0,2021-04-07T12:10,0.0
,0,2021-04-07T13:51,0.0
,0,2021-04-07T15:33,0.0
,0,2021-04-07T17:14,0.0
,0,2021-04-07T18:56,0.0
,0,2021-04-07T20:37,0.0
,0,2021-04-07T22:19,0.0
,0,2021-04-08T00:00,0.0
,0,2021-04-08T01:42,0.0
,0,2021-04-08T03:23,0.0
,0,2021-04-08T05:05,0.0
,0,2021-04-08T06:46,0.0
,0,2021-04-08T08:28,0.0
,0,2021-04-08T10:09,0.0
,0,2021-04-08T11:51,0.0
,0,2021-04-08T13:32,0.0
,0,2021-04-08T15:14,0.0
,0,2021-04-08T16:55,0.0
,0,2021-04-08T18:37,0.0
,0,2021-04-08T20:18,0.0
,0,2021-04-08T22:00,0.0
,0,2021-04-08T23:41,0.0
,0,2021-04-09T01:23,0.0
,0,2021-04-09T03:04,0.0
,0,2021-04-09T04:46,0.0
,0,2021-04-09T06:27,0.0
6.543612041496236e-05,261,2021-04-09T08:09,1.1347826086956523
,0,2021-04-09T09:50,0.0
,0,2021-04-09T11:32,0.0
,0,2021-04-09T13:13,0.0
,0,2021-04-09T14:55,0.0
,0,2021-04-09T16:36,0.0
,0,2021-04-09T18:18,0.0
,0,2021-04-09T19:59,0.0
,0,2021-04-09T21:41,0.0
,0,2021-04-09T23:22,0.0
,0,2021-04-10T01:04,0.0
,0,2021-04-10T02:45,0.0
,0,2021-04-10T04:27,0.0
,0,2021-04-10T06:08,0.0
5.982286049601267e-05,58,2021-04-10T07:50,0.25217391304347825
,0,2021-04-10T09:31,0.0
,0,2021-04-10T11:13,0.0
,0,2021-04-10T12:54,0.0
,0,2021-04-10T14:36,0.0
,0,2021-04-10T16:17,0.0
,0,2021-04-10T17:59,0.0
,0,2021-04-10T19:40,0.0
,0,2021-04-10T21:22,0.0
,0,2021-04-10T23:03,0.0
,0,2021-04-11T00:45,0.0
,0,2021-04-11T02:26,0.0
,0,2021-04-11T04:08,0.0
,0,2021-04-11T05:49,0.0
4.268779191954226e-05,287,2021-04-11T07:31,1.2478260869565216
,0,2021-04-11T09:12,0.0
,0,2021-04-11T10:54,0.0
,0,2021-04-11T12:35,0.0
,0,2021-04-11T14:17,0.0
,0,2021-04-11T15:58,0.0
,0,2021-04-11T17:40,0.0
,0,2021-04-11T19:21,0.0
,0,2021-04-11T21:03,0.0
,0,2021-04-11T22:44,0.0
,0,2021-04-12T00:26,0.0
,0,2021-04-12T02:07,0.0
,0,2021-04-12T03:49,0.0
,0,2021-04-12T05:30,0.0
6.279362615652963e-05,184,2021-04-12T07:12,0.8
,0,2021-04-12T08:53,0.0
,0,2021-04-12T10:35,0.0
,0,2021-04-12T12:16,0.0
,0,2021-04-12T13:58,0.0
,0,2021-04-12T15:39,0.0
,0,2021-04-12T17:21,0.0
,0,2021-04-12T19:02,0.0
,0,2021-04-12T20:44,0.0
,0,2021-04-12T22:25,0.0
,0,2021-04-13T00:07,0.0
,0,2021-04-13T01:48,0.0
,0,2021-04-13T07:36,0.0
4.139927860971605e-05,194,2021-04-13T08:35,0.8434782608695652
,0,2021-04-13T10:16,0.0
,0,2021-04-13T11:58,0.0
,0,2021-04-13T13:39,0.0
,0,2021-04-13T15:21,0.0
,0,2021-04-13T17:02,0.0
,0,2021-04-13T18:44,0.0
,0,2021-04-13T20:25,0.0
,0,2021-04-13T22:07,0.0
,0,2021-04-13T23:48,0.0
,0,2021-04-14T01:30,0.0
,0,2021-04-14T03:11,0.0
,0,2021-04-14T04:53,0.0
,0,2021-04-14T06:34,0.0
,0,2021-04-14T08:16,0.0
,0,2021-04-14T09:57,0.0
,0,2021-04-14T11:39,0.0
,0,2021-04-14T13:20,0.0
,0,2021-04-14T15:02,0.0
,0,2021-04-14T16:43,0.0
,0,2021-04-14T18:25,0.0
,0,2021-04-14T20:06,0.0
,0,2021-04-14T21:48,0.0
,0,2021-04-14T23:29,0.0
,0,2021-04-15T01:11,0.0
,0,2021-04-15T02:52,0.0
,0,2021-04-15T04:34,0.0
,0,2021-04-15T06:15,0.0
6.743966229944027e-05,286,2021-04-15T07:57,1.2434782608695651
,0,2021-04-15T09:38,0.0
,0,2021-04-15T11:20,0.0
,0,2021-04-15T13:01,0.0
,0,2021-04-15T14:43,0.0
,0,2021-04-15T16:24,0.0
,0,2021-04-15T18:06,0.0
,0,2021-04-15T19:47,0.0
,0,2021-04-15T21:29,0.0
,0,2021-04-15T23:10,0.0
,0,2021-04-16T00:52,0.0
,0,2021-04-16T02:33,0.0
,0,2021-04-16T04:15,0.0
,0,2021-04-16T05:56,0.0
6.534360176438558e-05,286,2021-04-16T07:38,1.2434782608695651
,0,2021-04-16T09:19,0.0
,0,2021-04-16T11:01,0.0
,0,2021-04-16T12:42,0.0
,0,2021-04-16T14:24,0.0
,0,2021-04-16T16:05,0.0
,0,2021-04-16T17:47,0.0
,0,2021-04-16T19:28,0.0
,0,2021-04-16T21:10,0.0
,0,2021-04-16T22:51,0.0
,0,2021-04-17T00:33,0.0
,0,2021-04-17T02:14,0.0
,0,2021-04-17T03:56,0.0
,0,2021-04-17T05:37,0.0
7.670090942764511e-05,250,2021-04-17T07:19,1.0869565217391304
,0,2021-04-17T09:00,0.0
,0,2021-04-17T10:42,0.0
,0,2021-04-17T12:23,0.0
,0,2021-04-17T14:05,0.0
,0,2021-04-17T15:46,0.0
,0,2021-04-17T17:28,0.0
,0,2021-04-17T19:09,0.0
,0,2021-04-17T20:51,0.0
,0,2021-04-17T22:32,0.0
,0,2021-04-18T00:14,0.0
,0,2021-04-18T01:55,0.0
,0,2021-04-18T03:37,0.0
,0,2021-04-18T05:18,0.0
5.059519874616318e-05,256,2021-04-18T07:00,1.1130434782608696
5.2787725883273914e-05,207,2021-04-18T08:41,0.9
,0,2021-04-18T10:23,0.0
,0,2021-04-18T12:04,0.0
,0,2021-04-18T13:46,0.0
,0,2021-04-18T15:27,0.0
,0,2021-04-18T17:09,0.0
,0,2021-04-18T18:50,0.0
,0,2021-04-18T20:32,0.0
,0,2021-04-18T22:13,0.0
,0,2021-04-18T23:55,0.0
,0,2021-04-19T01:36,0.0
,0,2021-04-19T03:18,0.0
,0,2021-04-19T04:59,0.0
,0,2021-04-19T06:41,0.0
3.662339013400821e-05,286,2021-04-19T08:22,1.2434782608695651
,0,2021-04-19T10:04,0.0
,0,2021-04-19T11:45,0.0
,0,2021-04-19T13:27,0.0
,0,2021-04-19T15:08,0.0
,0,2021-04-19T16:50,0.0
,0,2021-04-19T18:31,0.0
,0,2021-04-19T20:13,0.0
,0,2021-04-19T21:54,0.0
,0,2021-04-19T23:36,0.0
,0,2021-04-20T01:17,0.0
,0,2021-04-20T02:59,0.0
,0,2021-04-20T04:40,0.0
,0,2021-04-20T06:22,0.0
4.182328779552816e-05,286,2021-04-20T08:04,1.2434782608695651
,0,2021-04-20T09:45,0.0
,0,2021-04-20T11:27,0.0
,0,2021-04-20T13:08,0.0
,0,2021-04-20T14:50,0.0
,0,2021-04-20T16:31,0.0
,0,2021-04-20T18:13,0.0
,0,2021-04-20T19:54,0.0
,0,2021-04-20T21:36,0.0
,0,2021-04-20T23:17,0.0
,0,2021-04-21T00:59,0.0
,0,2021-04-21T02:40,0.0
,0,2021-04-21T04:22,0.0
,0,2021-04-21T06:03,0.0
3.14961535612756e-05,286,2021-04-21T07:45,1.2434782608695651
,0,2021-04-21T09:26,0.0
,0,2021-04-21T11:08,0.0
,0,2021-04-21T12:49,0.0
,0,2021-04-21T14:31,0.0
,0,2021-04-21T16:12,0.0
,0,2021-04-21T17:54,0.0
,0,2021-04-21T19:35,0.0
,0,2021-04-21T21:17,0.0
,0,2021-04-21T22:58,0.0
,0,2021-04-22T00:40,0.0
,0,2021-04-22T02:21,0.0
,0,2021-04-22T04:03,0.0
,0,2021-04-22T05:44,0.0
4.856306458019013e-05,271,2021-04-22T07:26,1.1782608695652175
,0,2021-04-22T09:07,0.0
,0,2021-04-22T10:49,0.0
,0,2021-04-22T12:30,0.0
,0,2021-04-22T14:12,0.0
,0,2021-04-22T15:53,0.0
,0,2021-04-22T17:35,0.0
,0,2021-04-22T19:16,0.0
,0,2021-04-22T20:58,0.0
,0,2021-04-22T22:39,0.0
,0,2021-04-23T00:21,0.0
,0,2021-04-23T02:02,0.0
,0,2021-04-23T03:44,0.0
,0,2021-04-23T05:25,0.0
3.1196680054182615e-05,8,2021-04-23T07:07,0.034782608695652174
,0,2021-04-23T08:48,0.0
,0,2021-04-23T10:30,0.0
,0,2021-04-23T12:11,0.0
,0,2021-04-23T13:53,0.0
,0,2021-04-23T15:34,0.0
,0,2021-04-23T17:16,0.0
,0,2021-04-23T18:57,0.0
,0,2021-04-23T20:39,0.0
,0,2021-04-23T22:20,0.0
,0,2021-04-24T00:02,0.0
,0,2021-04-24T01:43,0.0
,0,2021-04-24T03:25,0.0
,0,2021-04-24T05:06,0.0
,0,2021-04-24T06:48,0.0
5.079926866871566e-05,286,2021-04-24T08:29,1.2434782608695651
,0,2021-04-24T10:11,0.0
,0,2021-04-24T11:52,0.0
,0,2021-04-24T13:34,0.0
,0,2021-04-24T15:15,0.0
,0,2021-04-24T16:57,0.0
,0,2021-04-24T18:38,0.0
,0,2021-04-24T20:20,0.0
,0,2021-04-24T22:01,0.0
,0,2021-04-24T23:43,0.0
,0,2021-04-25T01:24,0.0
,0,2021-04-25T03:06,0.0
,0,2021-04-25T04:47,0.0
,0,2021-04-25T06:29,0.0
5.592927351317318e-05,247,2021-04-25T08:10,1.0739130434782609
,0,2021-04-25T09:52,0.0
,0,2021-04-25T11:33,0.0
,0,2021-04-25T13:15,0.0
,0,2021-04-25T14:56,0.0
,0,2021-04-25T16:38,0.0
,0,2021-04-25T18:19,0.0
,0,2021-04-25T20:01,0.0
,0,2021-04-25T21:42,0.0
,0,2021-04-25T23:24,0.0
,0,2021-04-26T01:05,0.0
,0,2021-04-26T02:47,0.0
,0,2021-04-26T04:28,0.0
,0,2021-04-26T06:10,0.0
6.681378677493665e-05,286,2021-04-26T07:51,1.2434782608695651
,0,2021-04-26T09:33,0.0
,0,2021-04-26T11:14,0.0
,0,2021-04-26T12:56,0.0
,0,2021-04-26T14:37,0.0
,0,2021-04-26T16:19,0.0
,0,2021-04-26T18:00,0.0
,0,2021-04-26T19:42,0.0
,0,2021-04-26T21:23,0.0
,0,2021-04-26T23:05,0.0
,0,2021-04-27T00:46,0.0
,0,2021-04-27T02:28,0.0
,0,2021-04-27T04:09,0.0
,0,2021-04-27T05:51,0.0
5.6479231043855196e-05,286,2021-04-27T07:32,1.2434782608695651
,0,2021-04-27T09:14,0.0
,0,2021-04-27T10:55,0.0
,0,2021-04-27T12:37,0.0
,0,2021-04-27T14:18,0.0
,0,2021-04-27T16:00,0.0
,0,2021-04-27T17:41,0.0
,0,2021-04-27T19:23,0.0
,0,2021-04-27T21:04,0.0
,0,2021-04-27T22:46,0.0
,0,2021-04-28T00:27,0.0
,0,2021-04-28T02:09,0.0
,0,2021-04-28T03:50,0.0
,0,2021-04-28T05:32,0.0
4.4969672256532115e-05,286,2021-04-28T07:13,1.2434782608695651
,0,2021-04-28T08:55,0.0
,0,2021-04-28T10:37,0.0
,0,2021-04-28T12:18,0.0
,0,2021-04-28T14:00,0.0
,0,2021-04-28T15:41,0.0
,0,2021-04-28T17:23,0.0
,0,2021-04-28T19:04,0.0
,0,2021-04-28T20:46,0.0
,0,2021-04-28T22:27,0.0
,0,2021-04-29T00:09,0.0
,0,2021-04-29T01:50,0.0
,0,2021-04-29T03:32,0.0
,0,2021-04-29T05:13,0.0
,0,2021-04-29T06:55,0.0
4.64795223664694e-05,4,2021-04-29T08:36,0.017391304347826087
,0,2021-04-29T10:18,0.0
,0,2021-04-29T11:59,0.0
,0,2021-04-29T13:41,0.0
,0,2021-04-29T15:22,0.0
,0,2021-04-29T17:04,0.0
,0,2021-04-29T18:45,0.0
,0,2021-04-29T20:27,0.0
,0,2021-04-29T22:08,0.0
,0,2021-04-29T23:50,0.0
,0,2021-04-30T01:31,0.0
,0,2021-04-30T03:13,0.0
,0,2021-04-30T04:54,0.0
,0,2021-04-30T06:36,0.0
5.1085892134551255e-05,145,2021-04-30T08:17,0.6304347826086957
,0,2021-04-30T09:59,0.0
,0,2021-04-30T11:40,0.0
,0,2021-04-30T13:22,0.0
,0,2021-04-30T15:03,0.0
,0,2021-04-30T16:45,0.0
,0,2021-04-30T18:26,0.0
,0,2021-04-30T20:08,0.0
,0,2021-04-30T21:49,0.0
,0,2021-04-30T23:31,0.0
,0,2021-05-01T01:12,0.0
,0,2021-05-01T02:54,0.0
,0,2021-05-01T04:35,0.0
,0,2021-05-01T06:17,0.0
,0,2021-05-01T07:58,0.0
,0,2021-05-01T09:40,0.0
,0,2021-05-01T11:21,0.0
,0,2021-05-01T13:03,0.0
,0,2021-05-01T14:44,0.0
,0,2021-05-01T16:26,0.0
,0,2021-05-01T18:07,0.0
,0,2021-05-01T19:49,0.0
,0,2021-05-01T21:30,0.0
,0,2021-05-01T23:12,0.0
,0,2021-05-02T00:53,0.0
,0,2021-05-02T02:35,0.0
,0,2021-05-02T04:16,0.0
,0,2021-05-02T05:58,0.0
5.9625657502919615e-05,229,2021-05-02T07:39,0.9956521739130435
,0,2021-05-02T09:21,0.0
,0,2021-05-02T11:02,0.0
,0,2021-05-02T12:44,0.0
,0,2021-05-02T14:25,0.0
,0,2021-05-02T16:07,0.0
,0,2021-05-02T17:48,0.0
,0,2021-05-02T19:30,0.0
,0,2021-05-02T21:11,0.0
,0,2021-05-02T22:53,0.0
,0,2021-05-03T00:34,0.0
,0,2021-05-03T02:16,0.0
,0,2021-05-03T03:57,0.0
,0,2021-05-03T05:39,0.0
5.5550207491818034e-05,286,2021-05-03T07:20,1.2434782608695651
,0,2021-05-03T09:02,0.0
,0,2021-05-03T10:43,0.0
,0,2021-05-03T12:25,0.0
,0,2021-05-03T14:06,0.0
,0,2021-05-03T15:48,0.0
,0,2021-05-03T17:29,0.0
,0,2021-05-03T19:11,0.0
,0,2021-05-03T20:52,0.0
,0,2021-05-03T22:34,0.0
,0,2021-05-04T00:15,0.0
,0,2021-05-04T01:57,0.0
,0,2021-05-04T03:38,0.0
,0,2021-05-04T05:20,0.0
,0,2021-05-04T08:43,0.0
,0,2021-05-04T10:24,0.0
,0,2021-05-04T12:06,0.0
,0,2021-05-04T13:47,0.0
,0,2021-05-04T15:29,0.0
,0,2021-05-04T17:10,0.0
,0,2021-05-04T18:52,0.0
,0,2021-05-04T20:33,0.0
,0,2021-05-04T22:15,0.0
,0,2021-05-04T23:56,0.0
,0,2021-05-05T01:38,0.0
,0,2021-05-05T03:19,0.0
,0,2021-05-05T05:01,0.0
,0,2021-05-05T06:42,0.0
5.373924271767356e-05,131,2021-05-05T08:24,0.5695652173913044
,0,2021-05-05T10:05,0.0
,0,2021-05-05T11:47,0.0
,0,2021-05-05T13:28,0.0
,0,2021-05-05T15:10,0.0
,0,2021-05-05T16:51,0.0
,0,2021-05-05T18:33,0.0
,0,2021-05-05T20:14,0.0
,0,2021-05-05T21:56,0.0
,0,2021-05-05T23:37,0.0
,0,2021-05-06T01:19,0.0
,0,2021-05-06T03:00,0.0
,0,2021-05-06T04:42,0.0
,0,2021-05-06T06:23,0.0
6.400142000131381e-05,190,2021-05-06T08:05,0.8260869565217391
,0,2021-05-06T09:46,0.0
,0,2021-05-06T11:28,0.0
,0,2021-05-06T13:09,0.0
,0,2021-05-06T14:51,0.0
,0,2021-05-06T16:32,0.0
,0,2021-05-06T18:14,0.0
,0,2021-05-06T19:55,0.0
,0,2021-05-06T21:37,0.0
,0,2021-05-06T23:18,0.0
,0,2021-05-07T01:00,0.0
,0,2021-05-07T02:41,0.0
,0,2021-05-07T04:23,0.0
,0,2021-05-07T06:04,0.0
5.3518377294251056e-05,84,2021-05-07T07:46,0.3652173913043478
,0,2021-05-07T09:27,0.0
,0,2021-05-07T11:09,0.0
,0,2021-05-07T12:50,0.0
,0,2021-05-07T14:32,0.0
,0,2021-05-07T16:13,0.0
,0,2021-05-07T17:55,0.0
,0,2021-05-07T19:36,0.0
,0,2021-05-07T21:18,0.0
,0,2021-05-07T22:59,0.0
,0,2021-05-08T00:41,0.0
,0,2021-05-08T02:22,0.0
,0,2021-05-08T04:04,0.0
,0,2021-05-08T05:45,0.0
6.647623531288619e-05,126,2021-05-08T07:27,0.5478260869565217
,0,2021-05-08T09:08,0.0
,0,2021-05-08T10:50,0.0
,0,2021-05-08T12:31,0.0
,0,2021-05-08T14:13,0.0
,0,2021-05-08T15:54,0.0
,0,2021-05-08T17:36,0.0
,0,2021-05-08T19:17,0.0
,0,2021-05-08T20:59,0.0
,0,2021-05-08T22:40,0.0
,0,2021-05-09T00:22,0.0
,0,2021-05-09T02:03,0.0
,0,2021-05-09T03:45,0.0
,0,2021-05-09T05:27,0.0
3.3974019672849325e-05,26,2021-05-09T07:08,0.11304347826086956
,0,2021-05-09T08:50,0.0
,0,2021-05-09T10:31,0.0
,0,2021-05-09T12:13,0.0
,0,2021-05-09T13:54,0.0
,0,2021-05-09T15:36,0.0
,0,2021-05-09T17:17,0.0
,0,2021-05-09T18:59,0.0
,0,2021-05-09T20:40,0.0
,0,2021-05-09T22:22,0.0
,0,2021-05-10T00:03,0.0
,0,2021-05-10T01:45,0.0
,0,2021-05-10T03:26,0.0
,0,2021-05-10T05:08,0.0
,0,2021-05-10T06:49,0.0
4.5739143302392654e-05,286,2021-05-10T08:31,1.2434782608695651
,0,2021-05-10T10:12,0.0
,0,2021-05-10T11:54,0.0
,0,2021-05-10T13:35,0.0
,0,2021-05-10T15:17,0.0
,0,2021-05-10T16:58,0.0
,0,2021-05-10T18:40,0.0
,0,2021-05-10T20:21,0.0
,0,2021-05-10T22:03,0.0
,0,2021-05-10T23:44,0.0
,0,2021-05-11T01:26,0.0
,0,2021-05-11T03:07,0.0
,0,2021-05-11T04:49,0.0
,0,2021-05-11T06:30,0.0
3.0385154623637392e-05,286,2021-05-11T08:12,1.2434782608695651
,0,2021-05-11T09:53,0.0
,0,2021-05-11T11:35,0.0
,0,2021-05-11T13:16,0.0
,0,2021-05-11T14:58,0.0
,0,2021-05-11T16:39,0.0
,0,2021-05-11T18:21,0.0
,0,2021-05-11T20:02,0.0
,0,2021-05-11T21:44,0.0
,0,2021-05-11T23:25,0.0
,0,2021-05-12T01:07,0.0
,0,2021-05-12T02:48,0.0
,0,2021-05-12T04:30,0.0
,0,2021-05-12T06:11,0.0
3.7034218783267976e-05,286,2021-05-12T07:53,1.2434782608695651
,0,2021-05-12T09:34,0.0
,0,2021-05-12T11:16,0.0
,0,2021-05-12T12:57,0.0
,0,2021-05-12T14:39,0.0
,0,2021-05-12T16:20,0.0
,0,2021-05-12T18:02,0.0
,0,2021-05-12T19:43,0.0
,0,2021-05-12T21:25,0.0
,0,2021-05-12T23:06,0.0
,0,2021-05-13T00:48,0.0
,0,2021-05-13T02:29,0.0
,0,2021-05-13T04:11,0.0
,0,2021-05-13T05:52,0.0
9.326037668247175e-06,1,2021-05-13T07:34,0.004347826086956522
,0,2021-05-13T09:15,0.0
,0,2021-05-13T10:57,0.0
,0,2021-05-13T12:38,0.0
,0,2021-05-13T14:20,0.0
,0,2021-05-13T16:01,0.0
,0,2021-05-13T17:43,0.0
,0,2021-05-13T19:24,0.0
,0,2021-05-13T21:06,0.0
,0,2021-05-13T22:47,0.0
,0,2021-05-14T00:29,0.0
,0,2021-05-14T02:10,0.0
,0,2021-05-14T03:52,0.0
,0,2021-05-14T05:33,0.0
4.0727952020183707e-05,124,2021-05-14T07:15,0.5391304347826087
,0,2021-05-14T08:56,0.0
,0,2021-05-14T10:38,0.0
,0,2021-05-14T12:19,0.0
,0,2021-05-14T14:01,0.0
,0,2021-05-14T15:42,0.0
,0,2021-05-14T17:24,0.0
,0,2021-05-14T19:05,0.0
,0,2021-05-14T20:47,0.0
,0,2021-05-14T22:28,0.0
,0,2021-05-15T00:10,0.0
,0,2021-05-15T01:51,0.0
,0,2021-05-15T03:33,0.0
,0,2021-05-15T05:14,0.0
,0,2021-05-15T06:56,0.0
,0,2021-05-15T08:37,0.0
,0,2021-05-15T10:19,0.0
,0,2021-05-15T12:00,0.0
,0,2021-05-15T13:42,0.0
,0,2021-05-15T15:23,0.0
,0,2021-05-15T17:05,0.0
,0,2021-05-15T18:46,0.0
,0,2021-05-15T20:28,0.0
,0,2021-05-15T22:09,0.0
,0,2021-05-15T23:51,0.0
,0,2021-05-16T01:32,0.0
,0,2021-05-16T03:14,0.0
,0,2021-05-16T04:55,0.0
,0,2021-05-16T06:37,0.0
,0,2021-05-16T08:18,0.0
,0,2021-05-16T10:00,0.0
,0,2021-05-16T11:41,0.0
,0,2021-05-16T13:23,0.0
,0,2021-05-16T15:04,0.0
,0,2021-05-16T16:46,0.0
,0,2021-05-16T18:27,0.0
,0,2021-05-16T20:09,0.0
,0,2021-05-16T21:50,0.0
,0,2021-05-16T23:32,0.0
,0,2021-05-17T01:13,0.0
,0,2021-05-17T02:55,0.0
,0,2021-05-17T04:36,0.0
,0,2021-05-17T06:18,0.0
,0,2021-05-17T07:59,0.0
,0,2021-05-17T09:41,0.0
,0,2021-05-17T11:22,0.0
,0,2021-05-17T13:04,0.0
,0,2021-05-17T14:45,0.0
,0,2021-05-17T16:27,0.0
,0,2021-05-17T18:08,0.0
,0,2021-05-17T19:50,0.0
,0,2021-05-17T21:31,0.0
,0,2021-05-17T23:13,0.0
,0,2021-05-18T00:54,0.0
,0,2021-05-18T02:36,0.0
,0,2021-05-18T04:17,0.0
,0,2021-05-18T05:59,0.0
,0,2021-05-18T07:40,0.0
,0,2021-05-18T09:22,0.0
,0,2021-05-18T11:03,0.0
,0,2021-05-18T12:45,0.0
,0,2021-05-18T14:26,0.0
,0,2021-05-18T16:08,0.0
,0,2021-05-18T17:49,0.0
,0,2021-05-18T19:31,0.0
,0,2021-05-18T21:12,0.0
,0,2021-05-18T22:54,0.0
,0,2021-05-19T01:20,0.0
,0,2021-05-19T02:17,0.0
,0,2021-05-19T03:58,0.0
,0,2021-05-19T05:40,0.0
,0,2021-05-19T07:21,0.0
,0,2021-05-19T09:03,0.0
,0,2021-05-19T10:44,0.0
,0,2021-05-19T12:26,0.0
,0,2021-05-19T14:07,0.0
,0,2021-05-19T15:49,0.0
,0,2021-05-19T17:30,0.0
,0,2021-05-19T19:12,0.0
,0,2021-05-19T20:53,0.0
,0,2021-05-19T22:35,0.0
,0,2021-05-20T00:16,0.0
,0,2021-05-20T01:58,0.0
,0,2021-05-20T03:39,0.0
,0,2021-05-20T05:21,0.0
3.0561397639792385e-05,262,2021-05-20T07:02,1.1391304347826088
3.166112685644393e-05,286,2021-05-20T08:44,1.2434782608695651
,0,2021-05-20T10:25,0.0
,0,2021-05-20T12:07,0.0
,0,2021-05-20T13:48,0.0
,0,2021-05-20T15:30,0.0
,0,2021-05-20T17:11,0.0
,0,2021-05-20T18:53,0.0
,0,2021-05-20T20:34,0.0
,0,2021-05-20T22:16,0.0
,0,2021-05-20T23:57,0.0
,0,2021-05-21T01:39,0.0
,0,2021-05-21T03:20,0.0
,0,2021-05-21T05:02,0.0
,0,2021-05-21T06:43,0.0
4.120527952810192e-05,286,2021-05-21T08:25,1.2434782608695651
,0,2021-05-21T10:06,0.0
,0,2021-05-21T11:48,0.0
,0,2021-05-21T13:29,0.0
,0,2021-05-21T15:11,0.0
,0,2021-05-21T16:52,0.0
,0,2021-05-21T18:34,0.0
,0,2021-05-21T20:15,0.0
,0,2021-05-21T21:57,0.0
,0,2021-05-21T23:38,0.0
,0,2021-05-22T01:20,0.0
,0,2021-05-22T03:01,0.0
,0,2021-05-22T04:43,0.0
,0,2021-05-22T06:24,0.0
4.6844221379776375e-05,276,2021-05-22T08:06,1.2
,0,2021-05-22T09:47,0.0
,0,2021-05-22T11:29,0.0
,0,2021-05-22T13:10,0.0
,0,2021-05-22T14:52,0.0
,0,2021-05-22T16:33,0.0
,0,2021-05-22T18:15,0.0
,0,2021-05-22T19:56,0.0
,0,2021-05-22T21:38,0.0
,0,2021-05-22T23:19,0.0
,0,2021-05-23T01:01,0.0
,0,2021-05-23T02:42,0.0
,0,2021-05-23T04:24,0.0
,0,2021-05-23T06:05,0.0
4.582412192915588e-05,286,2021-05-23T07:47,1.2434782608695651
,0,2021-05-23T09:28,0.0
,0,2021-05-23T11:10,0.0
,0,2021-05-23T16:55,0.0
,0,2021-05-23T17:56,0.0
,0,2021-05-23T19:37,0.0
,0,2021-05-23T21:19,0.0
,0,2021-05-23T23:00,0.0
,0,2021-05-24T00:42,0.0
,0,2021-05-24T02:23,0.0
,0,2021-05-24T04:05,0.0
,0,2021-05-24T05:46,0.0
3.908366072852351e-05,286,2021-05-24T07:28,1.2434782608695651
,0,2021-05-24T09:09,0.0
,0,2021-05-24T10:51,0.0
,0,2021-05-24T12:32,0.0
,0,2021-05-24T14:14,0.0
,0,2021-05-24T15:55,0.0
,0,2021-05-24T17:37,0.0
,0,2021-05-24T19:18,0.0
,0,2021-05-24T21:00,0.0
,0,2021-05-24T22:41,0.0
,0,2021-05-25T00:23,0.0
,0,2021-05-25T02:04,0.0
,0,2021-05-25T03:46,0.0
,0,2021-05-25T05:27,0.0
3.591951165406494e-05,232,2021-05-25T07:09,1.008695652173913
,0,2021-05-25T08:50,0.0
,0,2021-05-25T10:32,0.0
,0,2021-05-25T12:13,0.0
,0,2021-05-25T13:55,0.0
,0,2021-05-25T15:36,0.0
,0,2021-05-25T17:18,0.0
,0,2021-05-25T18:59,0.0
,0,2021-05-25T20:41,0.0
,0,2021-05-25T22:22,0.0
,0,2021-05-26T00:04,0.0
,0,2021-05-26T01:45,0.0
,0,2021-05-26T03:27,0.0
,0,2021-05-26T05:08,0.0
,0,2021-05-26T06:50,0.0
2.791572574860925e-05,286,2021-05-26T08:31,1.2434782608695651
,0,2021-05-26T10:13,0.0
,0,2021-05-26T11:54,0.0
,0,2021-05-26T13:36,0.0
,0,2021-05-26T15:17,0.0
,0,2021-05-26T16:59,0.0
,0,2021-05-26T18:40,0.0
,0,2021-05-26T20:22,0.0
,0,2021-05-26T22:03,0.0
,0,2021-05-26T23:45,0.0
,0,2021-05-27T01:26,0.0
,0,2021-05-27T03:08,0.0
,0,2021-05-27T04:49,0.0
,0,2021-05-27T06:31,0.0
2.503630853270185e-05,213,2021-05-27T08:12,0.9260869565217391
,0,2021-05-27T09:54,0.0
,0,2021-05-27T11:35,0.0
,0,2021-05-27T13:17,0.0
,0,2021-05-27T14:58,0.0
,0,2021-05-27T16:40,0.0
,0,2021-05-27T18:21,0.0
,0,2021-05-27T20:03,0.0
,0,2021-05-27T21:44,0.0
,0,2021-05-27T23:26,0.0
,0,2021-05-28T01:07,0.0
,0,2021-05-28T02:49,0.0
,0,2021-05-28T04:30,0.0
,0,2021-05-28T06:12,0.0
2.4705374992610428e-05,178,2021-05-28T07:53,0.7739130434782608
,0,2021-05-28T09:35,0.0
,0,2021-05-28T11:16,0.0
,0,2021-05-28T12:58,0.0
,0,2021-05-28T14:39,0.0
,0,2021-05-28T16:21,0.0
,0,2021-05-28T18:02,0.0
,0,2021-05-28T20:21,0.0
,0,2021-05-28T21:25,0.0
,0,2021-05-28T23:07,0.0
,0,2021-05-29T00:48,0.0
,0,2021-05-29T02:30,0.0
,0,2021-05-29T04:11,0.0
,0,2021-05-29T05:53,0.0
1.9489190467913315e-05,1,2021-05-29T07:34,0.004347826086956522
,0,2021-05-29T09:16,0.0
,0,2021-05-29T10:57,0.0
,0,2021-05-29T12:39,0.0
,0,2021-05-29T14:20,0.0
,0,2021-05-29T16:02,0.0
,0,2021-05-29T17:43,0.0
,0,2021-05-29T19:25,0.0
,0,2021-05-29T21:06,0.0
,0,2021-05-29T22:48,0.0
,0,2021-05-30T00:29,0.0
,0,2021-05-30T02:11,0.0
,0,2021-05-30T03:52,0.0
,0,2021-05-30T05:34,0.0
5.265318254875035e-05,263,2021-05-30T07:15,1.1434782608695653
,0,2021-05-30T08:57,0.0
,0,2021-05-30T10:38,0.0
,0,2021-05-30T12:20,0.0
,0,2021-05-30T14:01,0.0
,0,2021-05-30T15:43,0.0
,0,2021-05-30T17:24,0.0
,0,2021-05-30T19:06,0.0
,0,2021-05-30T20:47,0.0
,0,2021-05-30T22:29,0.0
,0,2021-05-31T00:10,0.0
,0,2021-05-31T01:52,0.0
,0,2021-05-31T03:33,0.0
,0,2021-05-31T05:15,0.0
,0,2021-05-31T06:56,0.0
,0,2021-05-31T08:38,0.0
,0,2021-05-31T10:19,0.0
,0,2021-05-31T12:01,0.0
,0,2021-05-31T13:42,0.0
,0,2021-05-31T15:24,0.0
,0,2021-05-31T17:05,0.0
,0,2021-05-31T18:47,0.0
,0,2021-05-31T20:28,0.0
,0,2021-05-31T22:10,0.0
,0,2021-05-31T23:51,0.0
,0,2021-10-01T01:39,0.0
,0,2021-10-01T03:20,0.0
,0,2021-10-01T05:02,0.0
,0,2021-10-01T06:43,0.0
3.7324505344212924e-05,47,2021-10-01T08:25,0.20434782608695654
,0,2021-10-01T10:06,0.0
,0,2021-10-01T11:48,0.0
,0,2021-10-01T13:29,0.0
,0,2021-10-01T15:10,0.0
,0,2021-10-01T16:52,0.0
,0,2021-10-01T18:33,0.0
,0,2021-10-01T20:15,0.0
,0,2021-10-01T21:56,0.0
,0,2021-10-01T23:38,0.0
,0,2021-10-02T01:19,0.0
,0,2021-10-02T03:01,0.0
,0,2021-10-02T04:42,0.0
,0,2021-10-02T06:24,0.0
4.7081989865793024e-05,263,2021-10-02T08:05,1.1434782608695653
,0,2021-10-02T09:47,0.0
,0,2021-10-02T11:28,0.0
,0,2021-10-02T13:10,0.0
,0,2021-10-02T14:51,0.0
,0,2021-10-02T16:33,0.0
,0,2021-10-02T18:14,0.0
,0,2021-10-02T19:56,0.0
,0,2021-10-02T21:37,0.0
,0,2021-10-02T23:19,0.0
,0,2021-10-03T01:00,0.0
,0,2021-10-03T02:42,0.0
,0,2021-10-03T04:23,0.0
,0,2021-10-03T06:05,0.0
4.002504583500616e-05,129,2021-10-03T07:46,0.5608695652173913
,0,2021-10-03T09:28,0.0
,0,2021-10-03T11:09,0.0
,0,2021-10-03T12:51,0.0
,0,2021-10-03T14:32,0.0
,0,2021-10-03T16:14,0.0
,0,2021-10-03T17:55,0.0
,0,2021-10-03T19:37,0.0
,0,2021-10-03T21:18,0.0
,0,2021-10-03T23:00,0.0
,0,2021-10-04T00:41,0.0
,0,2021-10-04T02:23,0.0
,0,2021-10-04T04:04,0.0
,0,2021-10-04T05:46,0.0
4.665590684336867e-05,210,2021-10-04T07:27,0.9130434782608695
,0,2021-10-04T09:09,0.0
,0,2021-10-04T10:50,0.0
,0,2021-10-04T12:32,0.0
,0,2021-10-04T14:13,0.0
,0,2021-10-04T15:55,0.0
,0,2021-10-04T17:36,0.0
,0,2021-10-04T19:18,0.0
,0,2021-10-04T20:59,0.0
,0,2021-10-04T22:41,0.0
,0,2021-10-05T00:22,0.0
,0,2021-10-05T02:04,0.0
,0,2021-10-05T03:45,0.0
,0,2021-10-05T05:27,0.0
4.0538674084963084e-05,287,2021-10-05T07:08,1.2478260869565216
,0,2021-10-05T08:49,0.0
,0,2021-10-05T10:31,0.0
,0,2021-10-05T12:12,0.0
,0,2021-10-05T13:54,0.0
,0,2021-10-05T15:35,0.0
,0,2021-10-05T17:17,0.0
,0,2021-10-05T18:58,0.0
,0,2021-10-05T20:40,0.0
,0,2021-10-05T22:21,0.0
,0,2021-10-06T00:03,0.0
,0,2021-10-06T01:44,0.0
,0,2021-10-06T03:26,0.0
,0,2021-10-06T05:07,0.0
,0,2021-10-06T06:49,0.0
3.4083898980727586e-05,54,2021-10-06T08:30,0.23478260869565218
,0,2021-10-06T10:12,0.0
,0,2021-10-06T11:53,0.0
,0,2021-10-06T13:35,0.0
,0,2021-10-06T15:16,0.0
,0,2021-10-06T16:58,0.0
,0,2021-10-06T18:39,0.0
,0,2021-10-06T20:21,0.0
,0,2021-10-06T22:02,0.0
,0,2021-10-06T23:44,0.0
,0,2021-10-07T01:25,0.0
,0,2021-10-07T03:07,0.0
,0,2021-10-07T04:48,0.0
,0,2021-10-07T06:30,0.0
3.1632623572885715e-05,223,2021-10-07T08:11,0.9695652173913043
,0,2021-10-07T09:53,0.0
,0,2021-10-07T11:34,0.0
,0,2021-10-07T13:16,0.0
,0,2021-10-07T14:57,0.0
,0,2021-10-07T16:39,0.0
,0,2021-10-07T18:20,0.0
,0,2021-10-07T20:02,0.0
,0,2021-10-07T21:43,0.0
,0,2021-10-07T23:25,0.0
,0,2021-10-08T01:06,0.0
,0,2021-10-08T02:48,0.0
,0,2021-10-08T04:29,0.0
,0,2021-10-08T06:11,0.0
3.514394663717098e-05,47,2021-10-08T07:52,0.20434782608695654
,0,2021-10-08T09:34,0.0
,0,2021-10-08T11:15,0.0
,0,2021-10-08T12:57,0.0
,0,2021-10-08T14:38,0.0
,0,2021-10-08T16:20,0.0
,0,2021-10-08T18:01,0.0
,0,2021-10-08T19:43,0.0
,0,2021-10-08T21:24,0.0
,0,2021-10-08T23:05,0.0
,0,2021-10-09T00:47,0.0
,0,2021-10-09T02:28,0.0
,0,2021-10-09T04:10,0.0
,0,2021-10-09T05:51,0.0
3.0402515515554857e-05,145,2021-10-09T07:33,0.6304347826086957
,0,2021-10-09T09:14,0.0
,0,2021-10-09T10:56,0.0
,0,2021-10-09T12:37,0.0
,0,2021-10-09T14:19,0.0
,0,2021-10-09T16:00,0.0
,0,2021-10-09T17:42,0.0
,0,2021-10-09T19:23,0.0
,0,2021-10-09T21:05,0.0
,0,2021-10-09T22:46,0.0
,0,2021-10-10T00:28,0.0
,0,2021-10-10T02:09,0.0
,0,2021-10-10T03:51,0.0
,0,2021-10-10T05:32,0.0
,0,2021-10-10T07:14,0.0
,0,2021-10-10T08:55,0.0
,0,2021-10-10T10:37,0.0
,0,2021-10-10T12:18,0.0
,0,2021-10-10T14:00,0.0
,0,2021-10-10T15:41,0.0
,0,2021-10-10T17:23,0.0
,0,2021-10-10T19:04,0.0
,0,2021-10-10T20:46,0.0
,0,2021-10-10T22:27,0.0
,0,2021-10-11T00:09,0.0
,0,2021-10-11T01:50,0.0
,0,2021-10-11T03:32,0.0
,0,2021-10-11T05:13,0.0
2.7392582757986925e-05,256,2021-10-11T06:55,1.1130434782608696
2.8494353506142926e-05,287,2021-10-11T08:36,1.2478260869565216
,0,2021-10-11T10:18,0.0
,0,2021-10-11T11:59,0.0
,0,2021-10-11T13:41,0.0
,0,2021-10-11T15:22,0.0
,0,2021-10-11T17:04,0.0
,0,2021-10-11T18:45,0.0
,0,2021-10-11T20:27,0.0
,0,2021-10-11T22:08,0.0
,0,2021-10-11T23:50,0.0
,0,2021-10-12T01:31,0.0
,0,2021-10-12T03:13,0.0
,0,2021-10-12T04:54,0.0
,0,2021-10-12T06:36,0.0
4.2374899146082274e-05,206,2021-10-12T08:17,0.8956521739130435
,0,2021-10-12T09:59,0.0
,0,2021-10-12T11:40,0.0
,0,2021-10-12T13:22,0.0
,0,2021-10-12T15:03,0.0
,0,2021-10-12T16:44,0.0
,0,2021-10-12T18:26,0.0
,0,2021-10-12T20:07,0.0
,0,2021-10-12T21:49,0.0
,0,2021-10-12T23:30,0.0
,0,2021-10-13T01:12,0.0
,0,2021-10-13T02:53,0.0
,0,2021-10-13T04:35,0.0
,0,2021-10-13T06:16,0.0
3.873129006339037e-05,287,2021-10-13T07:58,1.2478260869565216
,0,2021-10-13T09:39,0.0
,0,2021-10-13T11:21,0.0
,0,2021-10-13T13:02,0.0
,0,2021-10-13T14:44,0.0
,0,2021-10-13T16:25,0.0
,0,2021-10-13T18:07,0.0
,0,2021-10-13T19:48,0.0
,0,2021-10-13T21:30,0.0
,0,2021-10-13T23:11,0.0
,0,2021-10-14T00:53,0.0
,0,2021-10-14T02:34,0.0
,0,2021-10-14T04:16,0.0
,0,2021-10-14T05:57,0.0
3.580923084948572e-05,173,2021-10-14T07:39,0.7521739130434782
,0,2021-10-14T09:20,0.0
,0,2021-10-14T11:02,0.0
,0,2021-10-14T12:43,0.0
,0,2021-10-14T14:25,0.0
,0,2021-10-14T16:06,0.0
,0,2021-10-14T17:48,0.0
,0,2021-10-14T19:29,0.0
,0,2021-10-14T21:11,0.0
,0,2021-10-14T22:52,0.0
,0,2021-10-15T00:34,0.0
,0,2021-10-15T02:15,0.0
,0,2021-10-15T03:57,0.0
,0,2021-10-15T05:38,0.0
3.332493462072578e-05,287,2021-10-15T07:20,1.2478260869565216
,0,2021-10-15T09:01,0.0
,0,2021-10-15T10:43,0.0
,0,2021-10-15T12:24,0.0
,0,2021-10-15T14:06,0.0
,0,2021-10-15T15:47,0.0
,0,2021-10-15T17:29,0.0
,0,2021-10-15T19:10,0.0
,0,2021-10-15T20:52,0.0
,0,2021-10-15T22:33,0.0
,0,2021-10-16T00:15,0.0
,0,2021-10-16T01:56,0.0
,0,2021-10-16T03:38,0.0
,0,2021-10-16T05:19,0.0
3.959695718119746e-05,286,2021-10-16T07:00,1.2434782608695651
,0,2021-10-16T08:42,0.0
,0,2021-10-16T10:23,0.0
,0,2021-10-16T12:05,0.0
,0,2021-10-16T13:46,0.0
,0,2021-10-16T15:28,0.0
,0,2021-10-16T17:09,0.0
,0,2021-10-16T18:51,0.0
,0,2021-10-16T20:32,0.0
,0,2021-10-16T22:14,0.0
,0,2021-10-16T23:55,0.0
,0,2021-10-17T01:37,0.0
,0,2021-10-17T03:18,0.0
,0,2021-10-17T05:00,0.0
,0,2021-10-17T06:41,0.0
3.185190261000827e-05,1,2021-10-17T08:23,0.004347826086956522
,0,2021-10-17T10:04,0.0
,0,2021-10-17T11:46,0.0
,0,2021-10-17T13:27,0.0
,0,2021-10-17T15:09,0.0
,0,2021-10-17T16:50,0.0
,0,2021-10-17T18:32,0.0
,0,2021-10-17T20:13,0.0
,0,2021-10-17T21:55,0.0
,0,2021-10-17T23:36,0.0
,0,2021-10-18T01:18,0.0
,0,2021-10-18T02:59,0.0
,0,2021-10-18T04:41,0.0
,0,2021-10-18T06:22,0.0
3.0631641464329325e-05,273,2021-10-18T08:04,1.1869565217391305
,0,2021-10-18T09:45,0.0
,0,2021-10-18T11:27,0.0
,0,2021-10-18T13:08,0.0
,0,2021-10-18T14:50,0.0
,0,2021-10-18T16:31,0.0
,0,2021-10-18T18:13,0.0
,0,2021-10-18T19:54,0.0
,0,2021-10-18T21:36,0.0
,0,2021-10-18T23:17,0.0
,0,2021-10-19T00:59,0.0
,0,2021-10-19T02:40,0.0
,0,2021-10-19T04:22,0.0
,0,2021-10-19T06:03,0.0
3.330163743195209e-05,212,2021-10-19T07:45,0.9217391304347826
,0,2021-10-19T09:26,0.0
,0,2021-10-19T11:08,0.0
,0,2021-10-19T12:49,0.0
,0,2021-10-19T14:31,0.0
,0,2021-10-19T16:12,0.0
,0,2021-10-19T17:54,0.0
,0,2021-10-19T19:35,0.0
,0,2021-10-19T21:17,0.0
,0,2021-10-19T22:58,0.0
,0,2021-10-20T00:39,0.0
,0,2021-10-20T02:21,0.0
,0,2021-10-20T04:02,0.0
,0,2021-10-20T05:44,0.0
5.832040093663463e-05,286,2021-10-20T07:25,1.2434782608695651
,0,2021-10-20T09:07,0.0
,0,2021-10-20T10:48,0.0
,0,2021-10-20T12:30,0.0
,0,2021-10-20T14:11,0.0
,0,2021-10-20T15:53,0.0
,0,2021-10-20T17:34,0.0
,0,2021-10-20T19:16,0.0
,0,2021-10-20T20:57,0.0
,0,2021-10-20T22:39,0.0
,0,2021-10-21T00:20,0.0
,0,2021-10-21T02:02,0.0
,0,2021-10-21T03:43,0.0
,0,2021-10-21T05:25,0.0
5.1585390697506494e-05,286,2021-10-21T07:06,1.2434782608695651
,0,2021-10-21T08:48,0.0
,0,2021-10-21T10:29,0.0
,0,2021-10-21T12:11,0.0
,0,2021-10-21T13:52,0.0
,0,2021-10-21T15:34,0.0
,0,2021-10-21T17:15,0.0
,0,2021-10-21T18:57,0.0
,0,2021-10-21T22:20,0.0
,0,2021-10-22T00:01,0.0
,0,2021-10-22T01:43,0.0
,0,2021-10-22T03:24,0.0
,0,2021-10-22T05:06,0.0
,0,2021-10-22T06:47,0.0
4.91411436580918e-05,286,2021-10-22T08:29,1.2434782608695651
,0,2021-10-22T10:10,0.0
,0,2021-10-22T11:52,0.0
,0,2021-10-22T13:33,0.0
,0,2021-10-22T15:15,0.0
,0,2021-10-22T16:56,0.0
,0,2021-10-22T18:38,0.0
,0,2021-10-22T20:19,0.0
,0,2021-10-22T22:01,0.0
,0,2021-10-22T23:42,0.0
,0,2021-10-23T01:24,0.0
,0,2021-10-23T03:05,0.0
,0,2021-10-23T04:47,0.0
,0,2021-10-23T06:28,0.0
5.1369854757566656e-05,286,2021-10-23T08:10,1.2434782608695651
,0,2021-10-23T09:51,0.0
,0,2021-10-23T11:33,0.0
,0,2021-10-23T13:14,0.0
,0,2021-10-23T14:55,0.0
,0,2021-10-23T16:37,0.0
,0,2021-10-23T18:18,0.0
,0,2021-10-23T20:00,0.0
,0,2021-10-23T21:41,0.0
,0,2021-10-23T23:23,0.0
,0,2021-10-24T01:04,0.0
,0,2021-10-24T02:46,0.0
,0,2021-10-24T04:27,0.0
,0,2021-10-24T06:09,0.0
3.128846485501608e-05,245,2021-10-24T07:50,1.065217391304348
,0,2021-10-24T09:32,0.0
,0,2021-10-24T11:13,0.0
,0,2021-10-24T12:55,0.0
,0,2021-10-24T14:36,0.0
,0,2021-10-24T16:18,0.0
,0,2021-10-24T17:59,0.0
,0,2021-10-24T19:41,0.0
,0,2021-10-24T21:22,0.0
,0,2021-10-24T23:04,0.0
,0,2021-10-25T00:45,0.0
,0,2021-10-25T02:33,0.0
,0,2021-10-25T04:08,0.0
,0,2021-10-25T05:50,0.0
5.8858777274024926e-05,256,2021-10-25T07:31,1.1130434782608696
,0,2021-10-25T09:13,0.0
,0,2021-10-25T10:54,0.0
,0,2021-10-25T12:36,0.0
,0,2021-10-25T14:17,0.0
,0,2021-10-25T15:59,0.0
,0,2021-10-25T17:40,0.0
,0,2021-10-25T19:22,0.0
,0,2021-10-25T21:03,0.0
,0,2021-10-25T22:45,0.0
,0,2021-10-26T00:26,0.0
,0,2021-10-26T02:08,0.0
,0,2021-10-26T03:49,0.0
,0,2021-10-26T05:31,0.0
5.496506190438259e-05,286,2021-10-26T07:12,1.2434782608695651
,0,2021-10-26T08:54,0.0
,0,2021-10-26T10:35,0.0
,0,2021-10-26T12:17,0.0
,0,2021-10-26T13:58,0.0
,0,2021-10-26T15:40,0.0
,0,2021-10-26T17:21,0.0
,0,2021-10-26T19:03,0.0
,0,2021-10-26T20:44,0.0
,0,2021-10-26T22:26,0.0
,0,2021-10-27T00:07,0.0
,0,2021-10-27T01:49,0.0
,0,2021-10-27T03:30,0.0
,0,2021-10-27T05:12,0.0
4.062597565585085e-05,272,2021-10-27T06:53,1.182608695652174
5.3310795596737155e-05,286,2021-10-27T08:35,1.2434782608695651
,0,2021-10-27T10:16,0.0
,0,2021-10-27T11:57,0.0
,0,2021-10-27T13:39,0.0
,0,2021-10-27T15:20,0.0
,0,2021-10-27T17:02,0.0
,0,2021-10-27T18:43,0.0
,0,2021-10-27T20:25,0.0
,0,2021-10-27T22:06,0.0
,0,2021-10-27T23:48,0.0
,0,2021-10-28T01:29,0.0
,0,2021-10-28T03:11,0.0
,0,2021-10-28T04:52,0.0
,0,2021-10-28T06:34,0.0
2.434936706794169e-05,28,2021-10-28T08:15,0.12173913043478261
,0,2021-10-28T09:57,0.0
,0,2021-10-28T11:38,0.0
,0,2021-10-28T13:20,0.0
,0,2021-10-28T15:01,0.0
,0,2021-10-28T16:43,0.0
,0,2021-10-28T18:24,0.0
,0,2021-10-28T20:06,0.0
,0,2021-10-28T21:47,0.0
,0,2021-10-28T23:29,0.0
,0,2021-10-29T01:10,0.0
,0,2021-10-29T02:52,0.0
,0,2021-10-29T04:33,0.0
,0,2021-10-29T06:15,0.0
6.024773624028913e-05,286,2021-10-29T07:56,1.2434782608695651
,0,2021-10-29T09:38,0.0
,0,2021-10-29T11:19,0.0
,0,2021-10-29T13:01,0.0
,0,2021-10-29T14:42,0.0
,0,2021-10-29T16:24,0.0
,0,2021-10-29T18:05,0.0
,0,2021-10-29T19:47,0.0
,0,2021-10-29T21:28,0.0
,0,2021-10-29T23:10,0.0
,0,2021-10-30T00:51,0.0
,0,2021-10-30T02:33,0.0
,0,2021-10-30T04:14,0.0
,0,2021-10-30T05:56,0.0
6.033344894610504e-05,286,2021-10-30T07:37,1.2434782608695651
,0,2021-10-30T09:19,0.0
,0,2021-10-30T11:00,0.0
,0,2021-10-30T12:42,0.0
,0,2021-10-30T14:23,0.0
,0,2021-10-30T16:05,0.0
,0,2021-10-30T17:46,0.0
,0,2021-10-30T19:28,0.0
,0,2021-10-30T21:09,0.0
,0,2021-10-30T22:51,0.0
,0,2021-10-31T00:32,0.0
,0,2021-10-31T02:14,0.0
,0,2021-10-31T03:55,0.0
,0,2021-10-31T05:36,0.0
6.139988168503093e-05,286,2021-10-31T07:18,1.2434782608695651
,0,2021-10-31T09:00,0.0
,0,2021-10-31T10:41,0.0
,0,2021-10-31T12:22,0.0
,0,2021-10-31T14:04,0.0
,0,2021-10-31T15:45,0.0
,0,2021-10-31T17:27,0.0
,0,2021-10-31T19:08,0.0
,0,2021-10-31T20:50,0.0
,0,2021-10-31T22:31,0.0
,0,2021-11-01T00:13,0.0
,0,2021-11-01T01:54,0.0
,0,2021-11-01T03:36,0.0
,0,2021-11-01T05:17,0.0
,0,2021-11-01T06:59,0.0
,0,2021-11-01T08:40,0.0
,0,2021-11-01T10:22,0.0
,0,2021-11-01T12:03,0.0
,0,2021-11-01T13:45,0.0
,0,2021-11-01T15:26,0.0
,0,2021-11-01T17:08,0.0
,0,2021-11-01T18:49,0.0
,0,2021-11-01T20:31,0.0
,0,2021-11-01T22:12,0.0
,0,2021-11-01T23:54,0.0
,0,2021-11-02T01:35,0.0
,0,2021-11-02T03:17,0.0
,0,2021-11-02T04:58,0.0
,0,2021-11-02T06:40,0.0
4.992499937094339e-05,10,2021-11-02T08:21,0.043478260869565216
,0,2021-11-02T10:03,0.0
,0,2021-11-02T11:44,0.0
,0,2021-11-02T13:26,0.0
,0,2021-11-02T15:07,0.0
,0,2021-11-02T16:49,0.0
,0,2021-11-02T18:30,0.0
,0,2021-11-02T20:12,0.0
,0,2021-11-02T21:53,0.0
,0,2021-11-02T23:35,0.0
,0,2021-11-03T01:16,0.0
,0,2021-11-03T02:58,0.0
,0,2021-11-03T04:39,0.0
,0,2021-11-03T06:21,0.0
3.3330693529023145e-05,148,2021-11-03T08:02,0.6434782608695652
,0,2021-11-03T09:44,0.0
,0,2021-11-03T11:25,0.0
,0,2021-11-03T13:07,0.0
,0,2021-11-03T14:48,0.0
,0,2021-11-03T16:30,0.0
,0,2021-11-03T18:11,0.0
,0,2021-11-03T19:53,0.0
,0,2021-11-03T21:34,0.0
,0,2021-11-03T23:16,0.0
,0,2021-11-04T00:57,0.0
,0,2021-11-04T02:39,0.0
,0,2021-11-04T04:20,0.0
,0,2021-11-04T06:02,0.0
4.056652568152723e-05,226,2021-11-04T07:43,0.9826086956521739
,0,2021-11-04T09:25,0.0
,0,2021-11-04T11:06,0.0
,0,2021-11-04T12:47,0.0
,0,2021-11-04T14:29,0.0
,0,2021-11-04T16:10,0.0
,0,2021-11-04T17:52,0.0
,0,2021-11-04T19:33,0.0
,0,2021-11-04T21:15,0.0
,0,2021-11-04T22:56,0.0
,0,2021-11-05T00:38,0.0
,0,2021-11-05T02:19,0.0
,0,2021-11-05T04:01,0.0
,0,2021-11-05T05:42,0.0
6.527397691662912e-05,27,2021-11-05T07:24,0.11739130434782609
,0,2021-11-05T09:05,0.0
,0,2021-11-05T10:47,0.0
,0,2021-11-05T12:28,0.0
,0,2021-11-05T14:10,0.0
,0,2021-11-05T15:51,0.0
,0,2021-11-05T17:33,0.0
,0,2021-11-05T19:14,0.0
,0,2021-11-05T20:56,0.0
,0,2021-11-05T22:37,0.0
,0,2021-11-06T00:19,0.0
,0,2021-11-06T02:00,0.0
,0,2021-11-06T03:42,0.0
,0,2021-11-06T05:23,0.0
,0,2021-11-06T07:05,0.0
,0,2021-11-06T08:46,0.0
,0,2021-11-06T10:28,0.0
,0,2021-11-06T12:09,0.0
,0,2021-11-06T13:51,0.0
,0,2021-11-06T15:32,0.0
,0,2021-11-06T17:14,0.0
,0,2021-11-06T18:55,0.0
,0,2021-11-06T20:37,0.0
,0,2021-11-06T22:18,0.0
,0,2021-11-07T00:00,0.0
,0,2021-11-07T01:41,0.0
,0,2021-11-07T03:23,0.0
,0,2021-11-07T05:04,0.0
,0,2021-11-07T06:46,0.0
,0,2021-11-07T08:27,0.0
,0,2021-11-07T10:09,0.0
,0,2021-11-07T11:50,0.0
,0,2021-11-07T13:32,0.0
,0,2021-11-07T15:13,0.0
,0,2021-11-07T16:55,0.0
,0,2021-11-07T18:36,0.0
,0,2021-11-07T20:18,0.0
,0,2021-11-07T21:59,0.0
,0,2021-11-07T23:41,0.0
,0,2021-11-08T01:22,0.0
,0,2021-11-08T03:04,0.0
,0,2021-11-08T04:45,0.0
,0,2021-11-08T06:27,0.0
4.957780450337481e-05,286,2021-11-08T08:08,1.2434782608695651
,0,2021-11-08T09:50,0.0
,0,2021-11-08T11:31,0.0
,0,2021-11-08T13:13,0.0
,0,2021-11-08T14:54,0.0
,0,2021-11-08T16:35,0.0
,0,2021-11-08T18:17,0.0
,0,2021-11-08T19:58,0.0
,0,2021-11-08T21:40,0.0
,0,2021-11-08T23:21,0.0
,0,2021-11-09T01:03,0.0
,0,2021-11-09T02:44,0.0
,0,2021-11-09T04:26,0.0
,0,2021-11-09T06:07,0.0
5.4202401860228336e-05,286,2021-11-09T07:49,1.2434782608695651
,0,2021-11-09T09:30,0.0
,0,2021-11-09T11:12,0.0
,0,2021-11-09T12:53,0.0
,0,2021-11-09T14:35,0.0
,0,2021-11-09T16:16,0.0
,0,2021-11-09T17:58,0.0
,0,2021-11-09T19:39,0.0
,0,2021-11-09T21:21,0.0
,0,2021-11-09T23:02,0.0
,0,2021-11-10T00:44,0.0
,0,2021-11-10T02:25,0.0
,0,2021-11-10T04:07,0.0
,0,2021-11-10T05:48,0.0
6.237124193970112e-05,286,2021-11-10T07:30,1.2434782608695651
,0,2021-11-10T09:11,0.0
,0,2021-11-10T10:53,0.0
,0,2021-11-10T12:34,0.0
,0,2021-11-10T14:16,0.0
,0,2021-11-10T15:57,0.0
,0,2021-11-10T17:39,0.0
,0,2021-11-10T19:20,0.0
,0,2021-11-10T21:02,0.0
,0,2021-11-10T22:43,0.0
,0,2021-11-11T00:25,0.0
,0,2021-11-11T02:06,0.0
,0,2021-11-11T03:48,0.0
,0,2021-11-11T05:29,0.0
6.269439921248945e-05,286,2021-11-11T07:11,1.2434782608695651
,0,2021-11-11T08:52,0.0
,0,2021-11-11T10:34,0.0
,0,2021-11-11T12:15,0.0
,0,2021-11-11T13:57,0.0
,0,2021-11-11T15:38,0.0
,0,2021-11-11T17:20,0.0
,0,2021-11-11T19:01,0.0
,0,2021-11-11T20:43,0.0
,0,2021-11-11T22:24,0.0
,0,2021-11-12T00:06,0.0
,0,2021-11-12T01:47,0.0
,0,2021-11-12T03:29,0.0
,0,2021-11-12T05:10,0.0
5.107015086615386e-05,262,2021-11-12T06:52,1.1391304347826088
6.330668185798465e-05,286,2021-11-12T08:33,1.2434782608695651
,0,2021-11-12T10:15,0.0
,0,2021-11-12T11:56,0.0
,0,2021-11-12T13:38,0.0
,0,2021-11-12T15:19,0.0
,0,2021-11-12T17:01,0.0
,0,2021-11-12T18:42,0.0
,0,2021-11-12T20:24,0.0
,0,2021-11-12T22:05,0.0
,0,2021-11-12T23:46,0.0
,0,2021-11-13T01:28,0.0
,0,2021-11-13T03:09,0.0
,0,2021-11-13T04:51,0.0
,0,2021-11-13T06:32,0.0
3.16244443319921e-05,3,2021-11-13T08:14,0.013043478260869565
,0,2021-11-13T09:55,0.0
,0,2021-11-13T11:37,0.0
,0,2021-11-13T13:18,0.0
,0,2021-11-13T15:00,0.0
,0,2021-11-13T16:41,0.0
,0,2021-11-13T18:23,0.0
,0,2021-11-13T20:04,0.0
,0,2021-11-13T21:46,0.0
,0,2021-11-13T23:27,0.0
,0,2021-11-14T01:09,0.0
,0,2021-11-14T02:50,0.0
,0,2021-11-14T04:32,0.0
,0,2021-11-14T06:13,0.0
3.998241858669878e-05,169,2021-11-14T07:55,0.7347826086956522
,0,2021-11-14T09:36,0.0
,0,2021-11-14T11:18,0.0
,0,2021-11-14T12:59,0.0
,0,2021-11-14T14:41,0.0
,0,2021-11-14T16:22,0.0
,0,2021-11-14T18:04,0.0
,0,2021-11-14T19:45,0.0
,0,2021-11-14T21:27,0.0
,0,2021-11-14T23:08,0.0
,0,2021-11-15T00:50,0.0
,0,2021-11-15T02:31,0.0
,0,2021-11-15T04:13,0.0
,0,2021-11-15T05:54,0.0
4.4961615312445376e-05,147,2021-11-15T07:36,0.6391304347826087
,0,2021-11-15T09:17,0.0
,0,2021-11-15T10:59,0.0
,0,2021-11-15T12:40,0.0
,0,2021-11-15T14:22,0.0
,0,2021-11-15T16:03,0.0
,0,2021-11-15T17:45,0.0
,0,2021-11-15T19:26,0.0
,0,2021-11-15T21:08,0.0
,0,2021-11-15T22:49,0.0
,0,2021-11-16T00:31,0.0
,0,2021-11-16T02:12,0.0
,0,2021-11-16T03:54,0.0
,0,2021-11-16T05:35,0.0
,0,2021-11-16T07:17,0.0
,0,2021-11-16T08:58,0.0
,0,2021-11-16T10:40,0.0
,0,2021-11-16T12:21,0.0
,0,2021-11-16T14:03,0.0
,0,2021-11-16T15:44,0.0
,0,2021-11-16T17:26,0.0
,0,2021-11-16T19:07,0.0
,0,2021-11-16T20:49,0.0
,0,2021-11-16T22:30,0.0
,0,2021-11-17T00:12,0.0
,0,2021-11-17T01:53,0.0
,0,2021-11-17T03:35,0.0
,0,2021-11-17T05:16,0.0
,0,2021-11-17T06:58,0.0
,0,2021-11-17T08:39,0.0
,0,2021-11-17T10:21,0.0
,0,2021-11-17T12:02,0.0
,0,2021-11-17T13:44,0.0
,0,2021-11-17T15:25,0.0
,0,2021-11-17T17:06,0.0
,0,2021-11-17T18:48,0.0
,0,2021-11-17T20:29,0.0
,0,2021-11-17T22:11,0.0
,0,2021-11-17T23:52,0.0
,0,2021-11-18T01:34,0.0
,0,2021-11-18T03:15,0.0
,0,2021-11-18T04:57,0.0
,0,2021-11-18T06:38,0.0
3.729432982623915e-05,136,2021-11-18T08:20,0.591304347826087
,0,2021-11-18T10:01,0.0
,0,2021-11-18T11:43,0.0
,0,2021-11-18T13:24,0.0
,0,2021-11-18T15:06,0.0
,0,2021-11-18T16:47,0.0
,0,2021-11-18T18:29,0.0
,0,2021-11-18T20:10,0.0
,0,2021-11-18T21:52,0.0
,0,2021-11-18T23:33,0.0
,0,2021-11-19T01:15,0.0
,0,2021-11-19T02:56,0.0
,0,2021-11-19T04:38,0.0
,0,2021-11-19T06:19,0.0
,0,2021-11-19T08:01,0.0
,0,2021-11-19T09:42,0.0
,0,2021-11-19T11:24,0.0
,0,2021-11-19T13:05,0.0
,0,2021-11-19T14:47,0.0
,0,2021-11-19T16:28,0.0
,0,2021-11-19T18:10,0.0
,0,2021-11-19T19:51,0.0
,0,2021-11-19T21:33,0.0
,0,2021-11-19T23:14,0.0
,0,2021-11-20T00:56,0.0
,0,2021-11-20T02:37,0.0
,0,2021-11-20T04:19,0.0
,0,2021-11-20T06:00,0.0
2.5434764595775884e-05,42,2021-11-20T07:42,0.1826086956521739
,0,2021-11-20T09:23,0.0
,0,2021-11-20T11:05,0.0
,0,2021-11-20T12:46,0.0
,0,2021-11-20T14:28,0.0
,0,2021-11-20T16:09,0.0
,0,2021-11-20T17:51,0.0
,0,2021-11-20T19:32,0.0
,0,2021-11-20T21:14,0.0
,0,2021-11-20T22:55,0.0
,0,2021-11-21T00:37,0.0
,0,2021-11-21T02:18,0.0
,0,2021-11-21T04:00,0.0
,0,2021-11-21T05:41,0.0
,0,2021-11-21T07:23,0.0
,0,2021-11-21T09:04,0.0
,0,2021-11-21T10:46,0.0
,0,2021-11-21T12:27,0.0
,0,2021-11-21T14:09,0.0
,0,2021-11-21T15:50,0.0
,0,2021-11-21T17:32,0.0
,0,2021-11-21T19:13,0.0
,0,2021-11-21T20:55,0.0
,0,2021-11-21T22:36,0.0
,0,2021-11-22T00:18,0.0
,0,2021-11-22T01:59,0.0
,0,2021-11-22T03:41,0.0
,0,2021-11-22T05:22,0.0
,0,2021-11-22T07:04,0.0
,0,2021-11-22T08:45,0.0
,0,2021-11-22T10:27,0.0
,0,2021-11-22T12:08,0.0
,0,2021-11-22T13:50,0.0
,0,2021-11-22T15:31,0.0
,0,2021-11-22T17:12,0.0
,0,2021-11-22T18:54,0.0
,0,2021-11-22T20:35,0.0
,0,2021-11-22T22:17,0.0
,0,2021-11-22T23:58,0.0
,0,2021-11-23T01:40,0.0
,0,2021-11-23T03:21,0.0
,0,2021-11-23T05:03,0.0
,0,2021-11-23T06:44,0.0
4.215484402056925e-05,256,2021-11-23T08:26,1.1130434782608696
,0,2021-11-23T10:07,0.0
,0,2021-11-23T11:49,0.0
,0,2021-11-23T13:30,0.0
,0,2021-11-23T15:12,0.0
,0,2021-11-23T16:53,0.0
,0,2021-11-23T18:35,0.0
,0,2021-11-23T20:16,0.0
,0,2021-11-23T21:58,0.0
,0,2021-11-23T23:39,0.0
,0,2021-11-24T01:21,0.0
,0,2021-11-24T03:02,0.0
,0,2021-11-24T04:44,0.0
,0,2021-11-24T06:25,0.0
3.502555504553153e-05,286,2021-11-24T08:07,1.2434782608695651
,0,2021-11-24T09:48,0.0
,0,2021-11-24T11:30,0.0
,0,2021-11-24T13:11,0.0
,0,2021-11-24T14:53,0.0
,0,2021-11-24T16:34,0.0
,0,2021-11-24T18:16,0.0
,0,2021-11-24T19:57,0.0
,0,2021-11-24T21:39,0.0
,0,2021-11-24T23:20,0.0
,0,2021-11-25T01:02,0.0
,0,2021-11-25T02:43,0.0
,0,2021-11-25T04:25,0.0
,0,2021-11-25T06:06,0.0
6.815541164834634e-05,280,2021-11-25T07:48,1.2173913043478262
,0,2021-11-25T09:29,0.0
,0,2021-11-25T11:11,0.0
,0,2021-11-25T12:52,0.0
,0,2021-11-25T14:34,0.0
,0,2021-11-25T16:15,0.0
,0,2021-11-25T17:57,0.0
,0,2021-11-25T19:38,0.0
,0,2021-11-25T21:20,0.0
,0,2021-11-25T23:01,0.0
,0,2021-11-26T00:43,0.0
,0,2021-11-26T02:24,0.0
,0,2021-11-26T04:06,0.0
,0,2021-11-26T05:47,0.0
6.630847159795436e-05,286,2021-11-26T07:29,1.2434782608695651
,0,2021-11-26T09:10,0.0
,0,2021-11-26T10:52,0.0
,0,2021-11-26T12:33,0.0
,0,2021-11-26T14:15,0.0
,0,2021-11-26T15:56,0.0
,0,2021-11-26T17:38,0.0
,0,2021-11-26T19:19,0.0
,0,2021-11-26T21:01,0.0
,0,2021-11-26T22:42,0.0
,0,2021-11-27T00:24,0.0
,0,2021-11-27T02:05,0.0
,0,2021-11-27T03:47,0.0
,0,2021-11-27T05:28,0.0
5.611928244895705e-05,286,2021-11-27T07:10,1.2434782608695651
,0,2021-11-27T08:51,0.0
,0,2021-11-27T10:33,0.0
,0,2021-11-27T12:14,0.0
,0,2021-11-27T13:56,0.0
,0,2021-11-27T15:37,0.0
,0,2021-11-27T17:19,0.0
,0,2021-11-27T19:00,0.0
,0,2021-11-27T20:42,0.0
,0,2021-11-27T22:23,0.0
,0,2021-11-28T00:05,0.0
,0,2021-11-28T01:46,0.0
,0,2021-11-28T03:28,0.0
,0,2021-11-28T05:09,0.0
3.6056557040887235e-05,266,2021-11-28T06:51,1.1565217391304348
4.11759843386159e-05,286,2021-11-28T08:32,1.2434782608695651
,0,2021-11-28T10:14,0.0
,0,2021-11-28T11:55,0.0
,0,2021-11-28T13:37,0.0
,0,2021-11-28T15:18,0.0
,0,2021-11-28T16:59,0.0
,0,2021-11-28T18:41,0.0
,0,2021-11-28T20:22,0.0
,0,2021-11-28T22:04,0.0
,0,2021-11-28T23:45,0.0
,0,2021-11-29T01:27,0.0
,0,2021-11-29T03:08,0.0
,0,2021-11-29T04:50,0.0
,0,2021-11-29T06:31,0.0
4.983858276300906e-05,234,2021-11-29T08:13,1.017391304347826
,0,2021-11-29T09:54,0.0
,0,2021-11-29T11:36,0.0
,0,2021-11-29T13:17,0.0
,0,2021-11-29T14:59,0.0
,0,2021-11-29T16:40,0.0
,0,2021-11-29T18:22,0.0
,0,2021-11-29T20:03,0.0
,0,2021-11-29T21:45,0.0
,0,2021-11-29T23:26,0.0
,0,2021-11-30T01:08,0.0
,0,2021-11-30T02:49,0.0
,0,2021-11-30T04:31,0.0
,0,2021-11-30T06:12,0.0
,0,2021-11-30T07:54,0.0
,0,2021-11-30T09:35,0.0
,0,2021-11-30T11:17,0.0
,0,2021-11-30T12:58,0.0
,0,2021-11-30T14:40,0.0
,0,2021-11-30T16:21,0.0
,0,2021-11-30T18:03,0.0
,0,2021-11-30T19:44,0.0
,0,2021-11-30T21:26,0.0
,0,2021-11-30T23:07,0.0
,0,2021-12-01T00:49,0.0
,0,2021-12-01T02:30,0.0
,0,2021-12-01T04:12,0.0
,0,2021-12-01T05:53,0.0
,0,2021-12-01T07:35,0.0
,0,2021-12-01T09:16,0.0
,0,2021-12-01T10:58,0.0
,0,2021-12-01T12:39,0.0
,0,2021-12-01T14:21,0.0
,0,2021-12-01T16:02,0.0
,0,2021-12-01T17:44,0.0
,0,2021-12-01T19:25,0.0
,0,2021-12-01T21:07,0.0
,0,2021-12-01T22:48,0.0
,0,2021-12-02T00:30,0.0
,0,2021-12-02T02:11,0.0
,0,2021-12-02T03:53,0.0
,0,2021-12-02T05:34,0.0
,0,2021-12-02T07:16,0.0
,0,2021-12-02T08:57,0.0
,0,2021-12-02T10:39,0.0
,0,2021-12-02T12:20,0.0
,0,2021-12-02T14:02,0.0
,0,2021-12-02T15:43,0.0
,0,2021-12-02T17:25,0.0
,0,2021-12-02T19:06,0.0
,0,2021-12-02T20:48,0.0
,0,2021-12-02T22:29,0.0
,0,2021-12-03T00:11,0.0
,0,2021-12-03T01:52,0.0
,0,2021-12-03T03:34,0.0
,0,2021-12-03T05:15,0.0
,0,2021-12-03T06:57,0.0
,0,2021-12-03T08:38,0.0
,0,2021-12-03T10:20,0.0
,0,2021-12-03T12:01,0.0
,0,2021-12-03T13:43,0.0
,0,2021-12-03T15:24,0.0
,0,2021-12-03T17:06,0.0
,0,2021-12-03T18:47,0.0
,0,2021-12-03T20:29,0.0
,0,2021-12-03T22:10,0.0
,0,2021-12-03T23:52,0.0
,0,2021-12-04T01:33,0.0
,0,2021-12-04T03:15,0.0
,0,2021-12-04T04:56,0.0
,0,2021-12-04T06:38,0.0
,0,2021-12-04T08:19,0.0
,0,2021-12-04T10:01,0.0
,0,2021-12-04T11:42,0.0
,0,2021-12-04T13:24,0.0
,0,2021-12-04T15:05,0.0
,0,2021-12-04T16:47,0.0
,0,2021-12-04T18:28,0.0
,0,2021-12-04T20:10,0.0
,0,2021-12-04T21:51,0.0
,0,2021-12-04T23:33,0.0
,0,2021-12-05T01:14,0.0
,0,2021-12-05T02:56,0.0
,0,2021-12-05T04:37,0.0
,0,2021-12-05T06:19,0.0
7.166070871706512e-05,94,2021-12-05T08:00,0.40869565217391307
,0,2021-12-05T09:42,0.0
,0,2021-12-05T11:23,0.0
,0,2021-12-05T13:05,0.0
,0,2021-12-05T14:46,0.0
,0,2021-12-05T16:28,0.0
,0,2021-12-05T18:09,0.0
,0,2021-12-05T19:51,0.0
,0,2021-12-05T21:32,0.0
,0,2021-12-05T23:14,0.0
,0,2021-12-06T00:55,0.0
,0,2021-12-06T02:37,0.0
,0,2021-12-06T04:18,0.0
,0,2021-12-06T06:00,0.0
6.245273659068012e-05,170,2021-12-06T07:41,0.7391304347826086
,0,2021-12-06T09:23,0.0
,0,2021-12-06T11:04,0.0
,0,2021-12-06T12:45,0.0
,0,2021-12-06T16:08,0.0
,0,2021-12-06T17:50,0.0
,0,2021-12-06T19:31,0.0
,0,2021-12-06T21:13,0.0
,0,2021-12-06T22:54,0.0
,0,2021-12-07T00:36,0.0
,0,2021-12-07T02:17,0.0
,0,2021-12-07T03:59,0.0
,0,2021-12-07T05:40,0.0
4.963676447966248e-05,286,2021-12-07T07:22,1.2434782608695651
,0,2021-12-07T09:03,0.0
,0,2021-12-07T10:45,0.0
,0,2021-12-07T12:26,0.0
,0,2021-12-07T14:08,0.0
,0,2021-12-07T15:49,0.0
,0,2021-12-07T17:31,0.0
,0,2021-12-07T19:12,0.0
,0,2021-12-07T20:54,0.0
,0,2021-12-07T22:35,0.0
,0,2021-12-08T00:17,0.0
,0,2021-12-08T01:58,0.0
,0,2021-12-08T03:40,0.0
,0,2021-12-08T05:21,0.0
5.828292901824231e-05,150,2021-12-08T07:03,0.6521739130434783
,0,2021-12-08T08:44,0.0
,0,2021-12-08T10:26,0.0
,0,2021-12-08T12:07,0.0
,0,2021-12-08T13:49,0.0
,0,2021-12-08T15:30,0.0
,0,2021-12-08T17:12,0.0
,0,2021-12-08T18:53,0.0
,0,2021-12-08T20:35,0.0
,0,2021-12-08T22:16,0.0
,0,2021-12-08T23:58,0.0
,0,2021-12-09T01:39,0.0
,0,2021-12-09T03:21,0.0
,0,2021-12-09T05:02,0.0
,0,2021-12-09T06:44,0.0
5.157270607351806e-05,52,2021-12-09T08:25,0.22608695652173913
,0,2021-12-09T10:07,0.0
,0,2021-12-09T11:48,0.0
,0,2021-12-09T13:30,0.0
,0,2021-12-09T15:11,0.0
,0,2021-12-09T16:53,0.0
,0,2021-12-09T18:34,0.0
,0,2021-12-09T20:16,0.0
,0,2021-12-09T21:57,0.0
,0,2021-12-09T23:39,0.0
,0,2021-12-10T01:20,0.0
,0,2021-12-10T03:02,0.0
,0,2021-12-10T04:43,0.0
,0,2021-12-10T06:25,0.0
5.074551688490111e-05,66,2021-12-10T08:06,0.28695652173913044
,0,2021-12-10T09:48,0.0
,0,2021-12-10T11:29,0.0
,0,2021-12-10T13:11,0.0
,0,2021-12-10T14:52,0.0
,0,2021-12-10T16:34,0.0
,0,2021-12-10T18:15,0.0
,0,2021-12-10T19:57,0.0
,0,2021-12-10T21:38,0.0
,0,2021-12-10T23:20,0.0
,0,2021-12-11T01:01,0.0
,0,2021-12-11T02:43,0.0
,0,2021-12-11T04:24,0.0
,0,2021-12-11T06:06,0.0
5.9138450652287624e-05,243,2021-12-11T07:47,1.0565217391304347
,0,2021-12-11T09:29,0.0
,0,2021-12-11T12:52,0.0
,0,2021-12-11T14:33,0.0
,0,2021-12-11T16:15,0.0
,0,2021-12-11T18:47,0.0
,0,2021-12-11T19:38,0.0
,0,2021-12-11T21:19,0.0
,0,2021-12-11T23:01,0.0
,0,2021-12-12T00:42,0.0
,0,2021-12-12T02:24,0.0
,0,2021-12-12T04:05,0.0
,0,2021-12-12T05:47,0.0
6.590223860061667e-05,270,2021-12-12T07:28,1.173913043478261
,0,2021-12-12T09:10,0.0
,0,2021-12-12T10:51,0.0
,0,2021-12-12T12:33,0.0
,0,2021-12-12T14:14,0.0
,0,2021-12-12T15:56,0.0
,0,2021-12-12T17:37,0.0
,0,2021-12-12T19:19,0.0
,0,2021-12-12T21:00,0.0
,0,2021-12-12T22:42,0.0
,0,2021-12-13T00:23,0.0
,0,2021-12-13T02:05,0.0
,0,2021-12-13T03:46,0.0
,0,2021-12-13T05:28,0.0
6.247292550718224e-05,213,2021-12-13T07:09,0.9260869565217391
,0,2021-12-13T08:51,0.0
,0,2021-12-13T10:32,0.0
,0,2021-12-13T12:14,0.0
,0,2021-12-13T13:55,0.0
,0,2021-12-13T15:37,0.0
,0,2021-12-13T17:18,0.0
,0,2021-12-13T19:00,0.0
,0,2021-12-13T20:41,0.0
,0,2021-12-13T22:23,0.0
,0,2021-12-14T00:04,0.0
,0,2021-12-14T01:46,0.0
,0,2021-12-14T03:27,0.0
,0,2021-12-14T05:09,0.0
,0,2021-12-14T06:50,0.0
4.895845995266807e-05,3,2021-12-14T08:32,0.013043478260869565
,0,2021-12-14T10:13,0.0
,0,2021-12-14T11:55,0.0
,0,2021-12-14T13:36,0.0
,0,2021-12-14T15:18,0.0
,0,2021-12-14T16:59,0.0
,0,2021-12-14T18:41,0.0
,0,2021-12-14T20:22,0.0
,0,2021-12-14T22:04,0.0
,0,2021-12-14T23:45,0.0
,0,2021-12-15T01:27,0.0
,0,2021-12-15T03:08,0.0
,0,2021-12-15T04:50,0.0
,0,2021-12-15T06:31,0.0
,0,2021-12-15T08:13,0.0
,0,2021-12-15T09:54,0.0
,0,2021-12-15T11:36,0.0
,0,2021-12-15T13:17,0.0
,0,2021-12-15T14:59,0.0
,0,2021-12-15T16:40,0.0
,0,2021-12-15T18:22,0.0
,0,2021-12-15T20:03,0.0
,0,2021-12-15T21:45,0.0
,0,2021-12-15T23:26,0.0
,0,2021-12-16T01:08,0.0
,0,2021-12-16T02:49,0.0
,0,2021-12-16T04:31,0.0
,0,2021-12-16T06:12,0.0
9.426559860650501e-05,84,2021-12-16T07:54,0.3652173913043478
,0,2021-12-16T09:35,0.0
,0,2021-12-16T11:17,0.0
,0,2021-12-16T12:58,0.0
,0,2021-12-16T14:40,0.0
,0,2021-12-16T16:21,0.0
,0,2021-12-16T18:03,0.0
,0,2021-12-16T19:44,0.0
,0,2021-12-16T21:26,0.0
,0,2021-12-16T23:07,0.0
,0,2021-12-17T00:49,0.0
,0,2021-12-17T02:30,0.0
,0,2021-12-17T04:11,0.0
,0,2021-12-17T05:53,0.0
9.457264743001651e-05,286,2021-12-17T07:34,1.2434782608695651
,0,2021-12-17T09:16,0.0
,0,2021-12-17T10:57,0.0
,0,2021-12-17T12:39,0.0
,0,2021-12-17T14:20,0.0
,0,2021-12-17T16:02,0.0
,0,2021-12-17T17:43,0.0
,0,2021-12-17T19:25,0.0
,0,2021-12-17T21:06,0.0
,0,2021-12-17T22:48,0.0
,0,2021-12-18T00:29,0.0
,0,2021-12-18T02:11,0.0
,0,2021-12-18T03:52,0.0
,0,2021-12-18T05:34,0.0
7.001586495031986e-05,286,2021-12-18T07:15,1.2434782608695651
,0,2021-12-18T08:57,0.0
,0,2021-12-18T10:38,0.0
,0,2021-12-18T12:20,0.0
,0,2021-12-18T14:01,0.0
,0,2021-12-18T15:43,0.0
,0,2021-12-18T17:24,0.0
,0,2021-12-18T19:06,0.0
,0,2021-12-18T20:47,0.0
,0,2021-12-18T22:29,0.0
,0,2021-12-19T00:10,0.0
,0,2021-12-19T01:52,0.0
,0,2021-12-19T03:33,0.0
,0,2021-12-19T05:15,0.0
4.8983581000215056e-05,286,2021-12-19T06:56,1.2434782608695651
,0,2021-12-19T08:38,0.0
,0,2021-12-19T10:19,0.0
,0,2021-12-19T12:01,0.0
,0,2021-12-19T13:42,0.0
,0,2021-12-19T15:24,0.0
,0,2021-12-19T17:05,0.0
,0,2021-12-19T18:47,0.0
,0,2021-12-19T20:28,0.0
,0,2021-12-19T22:10,0.0
,0,2021-12-19T23:51,0.0
,0,2021-12-20T01:33,0.0
,0,2021-12-20T03:14,0.0
,0,2021-12-20T04:56,0.0
,0,2021-12-20T06:37,0.0
6.02059545086958e-05,286,2021-12-20T08:19,1.2434782608695651
,0,2021-12-20T10:00,0.0
,0,2021-12-20T11:42,0.0
,0,2021-12-20T13:23,0.0
,0,2021-12-20T15:05,0.0
,0,2021-12-20T16:46,0.0
,0,2021-12-20T18:28,0.0
,0,2021-12-20T20:09,0.0
,0,2021-12-20T21:51,0.0
,0,2021-12-20T23:32,0.0
,0,2021-12-21T01:14,0.0
,0,2021-12-21T02:55,0.0
,0,2021-12-21T04:37,0.0
,0,2021-12-21T06:18,0.0
8.081091906558975e-05,286,2021-12-21T08:00,1.2434782608695651
,0,2021-12-21T09:41,0.0
,0,2021-12-21T11:23,0.0
,0,2021-12-21T13:04,0.0
,0,2021-12-21T14:46,0.0
,0,2021-12-21T16:27,0.0
,0,2021-12-21T18:09,0.0
,0,2021-12-21T19:50,0.0
,0,2021-12-21T21:32,0.0
,0,2021-12-21T23:13,0.0
,0,2021-12-22T00:55,0.0
,0,2021-12-22T02:36,0.0
,0,2021-12-22T04:18,0.0
,0,2021-12-22T05:59,0.0
0.00010561180732818402,286,2021-12-22T07:41,1.2434782608695651
,0,2021-12-22T09:22,0.0
,0,2021-12-22T11:04,0.0
,0,2021-12-22T12:45,0.0
,0,2021-12-22T14:27,0.0
,0,2021-12-22T16:08,0.0
,0,2021-12-22T17:50,0.0
,0,2021-12-22T19:31,0.0
,0,2021-12-22T21:13,0.0
,0,2021-12-22T22:54,0.0
,0,2021-12-23T00:36,0.0
,0,2021-12-23T02:17,0.0
,0,2021-12-23T03:59,0.0
,0,2021-12-23T05:40,0.0
0.00011100605978307064,286,2021-12-23T07:22,1.2434782608695651
,0,2021-12-23T09:03,0.0
,0,2021-12-23T10:45,0.0
,0,2021-12-23T12:26,0.0
,0,2021-12-23T14:08,0.0
,0,2021-12-23T15:49,0.0
,0,2021-12-23T17:31,0.0
,0,2021-12-23T19:12,0.0
,0,2021-12-23T20:54,0.0
,0,2021-12-23T22:35,0.0
,0,2021-12-24T00:17,0.0
,0,2021-12-24T01:58,0.0
,0,2021-12-24T03:40,0.0
,0,2021-12-24T05:21,0.0
6.528706563646976e-05,286,2021-12-24T07:03,1.2434782608695651
,0,2021-12-24T08:44,0.0
,0,2021-12-24T10:26,0.0
,0,2021-12-24T12:07,0.0
,0,2021-12-24T13:49,0.0
,0,2021-12-24T15:30,0.0
,0,2021-12-24T17:12,0.0
,0,2021-12-24T18:53,0.0
,0,2021-12-24T20:35,0.0
,0,2021-12-24T22:16,0.0
,0,2021-12-24T23:58,0.0
,0,2021-12-25T01:39,0.0
,0,2021-12-25T03:21,0.0
,0,2021-12-25T05:02,0.0
,0,2021-12-25T06:44,0.0
5.4722705473623816e-05,286,2021-12-25T08:25,1.2434782608695651
,0,2021-12-25T10:07,0.0
,0,2021-12-25T11:48,0.0
,0,2021-12-25T13:30,0.0
,0,2021-12-25T15:11,0.0
,0,2021-12-25T16:53,0.0
,0,2021-12-25T18:34,0.0
,0,2021-12-25T20:16,0.0
,0,2021-12-25T21:57,0.0
,0,2021-12-25T23:39,0.0
,0,2021-12-26T01:20,0.0
,0,2021-12-26T03:02,0.0
,0,2021-12-26T04:43,0.0
,0,2021-12-26T06:25,0.0
6.0119177535814546e-05,286,2021-12-26T08:06,1.2434782608695651
,0,2021-12-26T09:48,0.0
,0,2021-12-26T11:29,0.0
,0,2021-12-26T13:11,0.0
,0,2021-12-26T14:52,0.0
,0,2021-12-26T16:34,0.0
,0,2021-12-26T18:15,0.0
,0,2021-12-26T19:57,0.0
,0,2021-12-26T21:38,0.0
,0,2021-12-26T23:20,0.0
,0,2021-12-27T01:01,0.0
,0,2021-12-27T02:43,0.0
,0,2021-12-27T04:24,0.0
,0,2021-12-27T06:06,0.0
7.077907759177289e-05,286,2021-12-27T07:47,1.2434782608695651
,0,2021-12-27T09:29,0.0
,0,2021-12-27T11:10,0.0
,0,2021-12-27T12:52,0.0
,0,2021-12-27T14:33,0.0
,0,2021-12-27T16:15,0.0
,0,2021-12-27T17:56,0.0
,0,2021-12-27T19:38,0.0
,0,2021-12-27T21:19,0.0
,0,2021-12-27T23:01,0.0
,0,2021-12-28T00:42,0.0
,0,2021-12-28T02:24,0.0
,0,2021-12-28T04:05,0.0
,0,2021-12-28T05:47,0.0
4.883740402362963e-05,283,2021-12-28T07:28,1.2304347826086957
,0,2021-12-28T09:10,0.0
,0,2021-12-28T10:51,0.0
,0,2021-12-28T12:33,0.0
,0,2021-12-28T14:14,0.0
,0,2021-12-28T15:56,0.0
,0,2021-12-28T17:37,0.0
,0,2021-12-28T19:19,0.0
,0,2021-12-28T21:00,0.0
,0,2021-12-28T22:42,0.0
,0,2021-12-29T00:23,0.0
,0,2021-12-29T02:05,0.0
,0,2021-12-29T03:46,0.0
,0,2021-12-29T05:28,0.0
6.768292104462867e-05,286,2021-12-29T07:09,1.2434782608695651
,0,2021-12-29T08:51,0.0
,0,2021-12-29T10:32,0.0
,0,2021-12-29T12:14,0.0
,0,2021-12-29T13:55,0.0
,0,2021-12-29T15:37,0.0
,0,2021-12-29T17:18,0.0
,0,2021-12-29T19:00,0.0
,0,2021-12-29T20:41,0.0
,0,2021-12-29T22:23,0.0
,0,2021-12-30T00:04,0.0
,0,2021-12-30T01:46,0.0
,0,2021-12-30T03:27,0.0
,0,2021-12-30T05:09,0.0
,0,2021-12-30T06:50,0.0
4.191943088371356e-05,272,2021-12-30T08:32,1.182608695652174
,0,2021-12-30T10:13,0.0
,0,2021-12-30T11:55,0.0
,0,2021-12-30T13:36,0.0
,0,2021-12-30T15:18,0.0
,0,2021-12-30T16:59,0.0
,0,2021-12-30T18:41,0.0
,0,2021-12-30T20:22,0.0
,0,2021-12-30T22:04,0.0
,0,2021-12-30T23:45,0.0
,0,2021-12-31T01:27,0.0
,0,2021-12-31T03:08,0.0
,0,2021-12-31T04:50,0.0
,0,2021-12-31T06:31,0.0
4.42110803776327e-05,286,2021-12-31T08:13,1.2434782608695651
,0,2021-12-31T09:54,0.0
,0,2021-12-31T11:36,0.0
,0,2021-12-31T13:17,0.0
,0,2021-12-31T14:59,0.0
,0,2021-12-31T16:40,0.0
,0,2021-12-31T18:22,0.0
,0,2021-12-31T20:03,0.0
,0,2021-12-31T21:45,0.0
,0,2021-12-31T23:26,0.0
,0,2022-01-01T01:08,0.0
,0,2022-01-01T02:49,0.0
,0,2022-01-01T04:31,0.0
,0,2022-01-01T06:12,0.0
5.0763478642884084e-05,285,2022-01-01T07:54,1.2391304347826086
,0,2022-01-01T09:35,0.0
,0,2022-01-01T11:17,0.0
,0,2022-01-01T12:58,0.0
,0,2022-01-01T14:40,0.0
,0,2022-01-01T16:21,0.0
,0,2022-01-01T18:03,0.0
,0,2022-01-01T19:44,0.0
,0,2022-01-01T21:26,0.0
,0,2022-01-01T23:07,0.0
,0,2022-01-02T00:49,0.0
,0,2022-01-02T02:30,0.0
,0,2022-01-02T04:12,0.0
,0,2022-01-02T05:53,0.0
5.816044629456882e-05,262,2022-01-02T07:35,1.1391304347826088
,0,2022-01-02T09:16,0.0
,0,2022-01-02T10:58,0.0
,0,2022-01-02T12:39,0.0
,0,2022-01-02T14:21,0.0
,0,2022-01-02T16:02,0.0
,0,2022-01-02T17:44,0.0
,0,2022-01-02T19:25,0.0
,0,2022-01-02T21:07,0.0
,0,2022-01-02T22:48,0.0
,0,2022-01-03T00:30,0.0
,0,2022-01-03T02:11,0.0
,0,2022-01-03T03:53,0.0
,0,2022-01-03T05:34,0.0
4.996396696352446e-05,286,2022-01-03T07:16,1.2434782608695651
,0,2022-01-03T08:57,0.0
,0,2022-01-03T10:39,0.0
,0,2022-01-03T12:20,0.0
,0,2022-01-03T14:02,0.0
,0,2022-01-03T15:43,0.0
,0,2022-01-03T17:25,0.0
,0,2022-01-03T19:06,0.0
,0,2022-01-03T20:48,0.0
,0,2022-01-03T22:29,0.0
,0,2022-01-04T00:11,0.0
,0,2022-01-04T01:52,0.0
,0,2022-01-04T03:34,0.0
,0,2022-01-04T05:15,0.0
5.584788730365724e-05,286,2022-01-04T06:57,1.2434782608695651
,0,2022-01-04T08:38,0.0
,0,2022-01-04T10:20,0.0
,0,2022-01-04T12:01,0.0
,0,2022-01-04T13:43,0.0
,0,2022-01-04T15:24,0.0
,0,2022-01-04T17:06,0.0
,0,2022-01-04T18:47,0.0
,0,2022-01-04T20:29,0.0
,0,2022-01-04T22:10,0.0
,0,2022-01-04T23:52,0.0
,0,2022-01-05T01:33,0.0
,0,2022-01-05T03:15,0.0
,0,2022-01-05T04:56,0.0
,0,2022-01-05T06:38,0.0
7.682973005542943e-05,286,2022-01-05T08:19,1.2434782608695651
,0,2022-01-05T10:01,0.0
,0,2022-01-05T11:42,0.0
,0,2022-01-05T13:24,0.0
,0,2022-01-05T15:05,0.0
,0,2022-01-05T16:47,0.0
,0,2022-01-05T18:28,0.0
,0,2022-01-05T20:10,0.0
,0,2022-01-05T21:51,0.0
,0,2022-01-05T23:33,0.0
,0,2022-01-06T01:14,0.0
,0,2022-01-06T02:56,0.0
,0,2022-01-06T04:37,0.0
,0,2022-01-06T06:19,0.0
0.00011145587022825271,64,2022-01-06T08:00,0.2782608695652174
,0,2022-01-06T09:42,0.0
,0,2022-01-06T11:23,0.0
,0,2022-01-06T13:05,0.0
,0,2022-01-06T14:46,0.0
,0,2022-01-06T16:28,0.0
,0,2022-01-06T18:09,0.0
,0,2022-01-06T19:51,0.0
,0,2022-01-06T21:32,0.0
,0,2022-01-06T23:14,0.0
,0,2022-01-07T00:55,0.0
,0,2022-01-07T02:37,0.0
,0,2022-01-07T04:18,0.0
,0,2022-01-07T06:00,0.0
8.54320474352738e-05,204,2022-01-07T07:41,0.8869565217391304
,0,2022-01-07T09:23,0.0
,0,2022-01-07T11:04,0.0
,0,2022-01-07T12:46,0.0
,0,2022-01-07T14:27,0.0
,0,2022-01-07T16:09,0.0
,0,2022-01-07T17:50,0.0
,0,2022-01-07T19:32,0.0
,0,2022-01-07T21:13,0.0
,0,2022-01-07T22:55,0.0
,0,2022-01-08T00:36,0.0
,0,2022-01-08T02:18,0.0
,0,2022-01-08T03:59,0.0
,0,2022-01-08T05:41,0.0
5.80883018938417e-05,286,2022-01-08T07:22,1.2434782608695651
,0,2022-01-08T09:04,0.0
,0,2022-01-08T10:45,0.0
,0,2022-01-08T12:27,0.0
,0,2022-01-08T14:08,0.0
,0,2022-01-08T15:50,0.0
,0,2022-01-08T17:31,0.0
,0,2022-01-08T19:13,0.0
,0,2022-01-08T20:54,0.0
,0,2022-01-08T22:36,0.0
,0,2022-01-09T00:17,0.0
,0,2022-01-09T01:59,0.0
,0,2022-01-09T03:40,0.0
,0,2022-01-09T05:22,0.0
3.9317768584968574e-05,233,2022-01-09T07:03,1.0130434782608695
,0,2022-01-09T08:45,0.0
,0,2022-01-09T10:26,0.0
,0,2022-01-09T12:08,0.0
,0,2022-01-09T13:49,0.0
,0,2022-01-09T15:31,0.0
,0,2022-01-09T17:12,0.0
,0,2022-01-09T18:54,0.0
,0,2022-01-09T20:35,0.0
,0,2022-01-09T22:17,0.0
,0,2022-01-09T23:58,0.0
,0,2022-01-10T01:40,0.0
,0,2022-01-10T03:21,0.0
,0,2022-01-10T05:03,0.0
,0,2022-01-10T06:44,0.0
3.686241653449204e-05,282,2022-01-10T08:26,1.2260869565217392
,0,2022-01-10T10:07,0.0
,0,2022-01-10T11:49,0.0
,0,2022-01-10T13:30,0.0
,0,2022-01-10T16:53,0.0
,0,2022-01-10T18:35,0.0
,0,2022-01-10T20:16,0.0
,0,2022-01-10T21:58,0.0
,0,2022-01-10T23:39,0.0
,0,2022-01-11T01:21,0.0
,0,2022-01-11T03:02,0.0
,0,2022-01-11T04:44,0.0
,0,2022-01-11T06:25,0.0
3.873090730645113e-05,286,2022-01-11T08:07,1.2434782608695651
,0,2022-01-11T09:48,0.0
,0,2022-01-11T11:30,0.0
,0,2022-01-11T13:11,0.0
,0,2022-01-11T14:53,0.0
,0,2022-01-11T16:34,0.0
,0,2022-01-11T18:16,0.0
,0,2022-01-11T19:57,0.0
,0,2022-01-11T21:39,0.0
,0,2022-01-11T23:20,0.0
,0,2022-01-12T01:02,0.0
,0,2022-01-12T02:43,0.0
,0,2022-01-12T04:25,0.0
,0,2022-01-12T06:06,0.0
6.459845394635707e-05,286,2022-01-12T07:48,1.2434782608695651
,0,2022-01-12T09:29,0.0
,0,2022-01-12T11:11,0.0
,0,2022-01-12T12:52,0.0
,0,2022-01-12T14:34,0.0
,0,2022-01-12T16:15,0.0
,0,2022-01-12T17:57,0.0
,0,2022-01-12T19:38,0.0
,0,2022-01-12T21:20,0.0
,0,2022-01-12T23:01,0.0
,0,2022-01-13T00:43,0.0
,0,2022-01-13T02:24,0.0
,0,2022-01-13T04:06,0.0
,0,2022-01-13T05:47,0.0
4.531425391590107e-05,105,2022-01-13T07:29,0.45652173913043476
,0,2022-01-13T09:10,0.0
,0,2022-01-13T10:52,0.0
,0,2022-01-13T12:33,0.0
,0,2022-01-13T14:15,0.0
,0,2022-01-13T15:56,0.0
,0,2022-01-13T17:38,0.0
,0,2022-01-13T19:19,0.0
,0,2022-01-13T21:01,0.0
,0,2022-01-13T22:42,0.0
,0,2022-01-14T00:24,0.0
,0,2022-01-14T02:05,0.0
,0,2022-01-14T03:47,0.0
,0,2022-01-14T05:28,0.0
6.42950439823256e-05,85,2022-01-14T07:10,0.3695652173913043
,0,2022-01-14T08:51,0.0
,0,2022-01-14T10:33,0.0
,0,2022-01-14T12:14,0.0
,0,2022-01-14T13:56,0.0
,0,2022-01-14T15:37,0.0
,0,2022-01-14T17:19,0.0
,0,2022-01-14T19:00,0.0
,0,2022-01-14T20:42,0.0
,0,2022-01-14T22:23,0.0
,0,2022-01-15T00:05,0.0
,0,2022-01-15T01:46,0.0
,0,2022-01-15T03:28,0.0
,0,2022-01-15T05:09,0.0
3.864508144372296e-05,199,2022-01-15T06:51,0.8652173913043478
5.5322223423270156e-05,275,2022-01-15T08:32,1.1956521739130435
,0,2022-01-15T10:14,0.0
,0,2022-01-15T11:55,0.0
,0,2022-01-15T13:37,0.0
,0,2022-01-15T15:18,0.0
,0,2022-01-15T17:00,0.0
,0,2022-01-15T18:41,0.0
,0,2022-01-15T20:23,0.0
,0,2022-01-15T22:04,0.0
,0,2022-01-15T23:46,0.0
,0,2022-01-16T01:27,0.0
,0,2022-01-16T07:25,0.0
,0,2022-01-16T08:13,0.0
,0,2022-01-16T09:55,0.0
,0,2022-01-16T11:36,0.0
,0,2022-01-16T13:18,0.0
,0,2022-01-16T14:59,0.0
,0,2022-01-16T16:41,0.0
,0,2022-01-16T18:22,0.0
,0,2022-01-16T20:04,0.0
,0,2022-01-16T21:45,0.0
,0,2022-01-16T23:27,0.0
,0,2022-01-17T01:08,0.0
,0,2022-01-17T02:50,0.0
,0,2022-01-17T04:32,0.0
,0,2022-01-17T06:13,0.0
4.812366773928298e-05,286,2022-01-17T07:55,1.2434782608695651
,0,2022-01-17T09:36,0.0
,0,2022-01-17T11:18,0.0
,0,2022-01-17T12:59,0.0
,0,2022-01-17T14:41,0.0
,0,2022-01-17T16:22,0.0
,0,2022-01-17T18:04,0.0
,0,2022-01-17T19:45,0.0
,0,2022-01-17T21:27,0.0
,0,2022-01-17T23:08,0.0
,0,2022-01-18T00:50,0.0
,0,2022-01-18T02:31,0.0
,0,2022-01-18T04:13,0.0
,0,2022-01-18T05:54,0.0
6.833108888301811e-05,286,2022-01-18T07:36,1.2434782608695651
,0,2022-01-18T09:17,0.0
,0,2022-01-18T10:59,0.0
,0,2022-01-18T12:40,0.0
,0,2022-01-18T14:22,0.0
,0,2022-01-18T16:03,0.0
,0,2022-01-18T17:45,0.0
,0,2022-01-18T19:26,0.0
,0,2022-01-18T21:08,0.0
,0,2022-01-18T22:49,0.0
,0,2022-01-19T00:31,0.0
,0,2022-01-19T02:12,0.0
,0,2022-01-19T03:54,0.0
,0,2022-01-19T05:35,0.0
5.936897117021378e-05,286,2022-01-19T07:17,1.2434782608695651
,0,2022-01-19T08:58,0.0
,0,2022-01-19T10:40,0.0
,0,2022-01-19T12:21,0.0
,0,2022-01-19T14:03,0.0
,0,2022-01-19T17:26,0.0
,0,2022-01-19T19:07,0.0
,0,2022-01-19T20:49,0.0
,0,2022-01-19T22:30,0.0
,0,2022-01-20T00:12,0.0
,0,2022-01-20T01:53,0.0
,0,2022-01-20T03:35,0.0
,0,2022-01-20T05:16,0.0
3.975297689481087e-05,286,2022-01-20T06:58,1.2434782608695651
,0,2022-01-20T08:39,0.0
,0,2022-01-20T10:21,0.0
,0,2022-01-20T12:02,0.0
,0,2022-01-20T13:44,0.0
,0,2022-01-20T15:25,0.0
,0,2022-01-20T17:07,0.0
,0,2022-01-20T18:48,0.0
,0,2022-01-20T20:30,0.0
,0,2022-01-21T01:34,0.0
,0,2022-01-21T03:16,0.0
,0,2022-01-21T04:57,0.0
,0,2022-01-21T06:39,0.0
3.4959608924371655e-05,286,2022-01-21T08:20,1.2434782608695651
,0,2022-01-21T10:02,0.0
,0,2022-01-21T11:43,0.0
,0,2022-01-21T13:25,0.0
,0,2022-01-21T15:06,0.0
,0,2022-01-21T16:48,0.0
,0,2022-01-21T18:29,0.0
,0,2022-01-21T20:11,0.0
,0,2022-01-21T21:52,0.0
,0,2022-01-21T23:34,0.0
,0,2022-01-22T01:15,0.0
,0,2022-01-22T02:57,0.0
,0,2022-01-22T04:38,0.0
,0,2022-01-22T06:20,0.0
2.219582026205329e-05,257,2022-01-22T08:01,1.117391304347826
,0,2022-01-22T09:43,0.0
,0,2022-01-22T11:24,0.0
,0,2022-01-22T13:06,0.0
,0,2022-01-22T14:47,0.0
,0,2022-01-22T16:29,0.0
,0,2022-01-22T18:10,0.0
,0,2022-01-22T19:52,0.0
,0,2022-01-22T21:33,0.0
,0,2022-01-22T23:15,0.0
,0,2022-01-23T00:56,0.0
,0,2022-01-23T02:38,0.0
,0,2022-01-23T04:19,0.0
,0,2022-01-23T06:01,0.0
3.735233135947845e-05,169,2022-01-23T07:42,0.7347826086956522
,0,2022-01-23T09:24,0.0
,0,2022-01-23T11:05,0.0
,0,2022-01-23T12:47,0.0
,0,2022-01-23T14:28,0.0
,0,2022-01-23T16:10,0.0
,0,2022-01-23T17:51,0.0
,0,2022-01-23T19:33,0.0
,0,2022-01-23T21:14,0.0
,0,2022-01-23T22:56,0.0
,0,2022-01-24T00:37,0.0
,0,2022-01-24T02:19,0.0
,0,2022-01-24T04:00,0.0
,0,2022-01-24T05:42,0.0
8.077673047035331e-05,286,2022-01-24T07:23,1.2434782608695651
,0,2022-01-24T09:05,0.0
,0,2022-01-24T10:46,0.0
,0,2022-01-24T12:28,0.0
,0,2022-01-24T14:09,0.0
,0,2022-01-24T15:51,0.0
,0,2022-01-24T17:32,0.0
,0,2022-01-24T19:14,0.0
,0,2022-01-24T20:55,0.0
,0,2022-01-24T22:37,0.0
,0,2022-01-25T00:18,0.0
,0,2022-01-25T02:00,0.0
,0,2022-01-25T03:41,0.0
,0,2022-01-25T05:23,0.0
6.40931685800279e-05,286,2022-01-25T07:04,1.2434782608695651
,0,2022-01-25T08:46,0.0
,0,2022-01-25T10:27,0.0
,0,2022-01-25T12:09,0.0
,0,2022-01-25T13:50,0.0
,0,2022-01-25T15:32,0.0
,0,2022-01-25T17:13,0.0
,0,2022-01-25T18:55,0.0
,0,2022-01-25T20:36,0.0
,0,2022-01-25T22:18,0.0
,0,2022-01-25T23:59,0.0
,0,2022-01-26T01:41,0.0
,0,2022-01-26T03:22,0.0
,0,2022-01-26T05:04,0.0
,0,2022-01-26T06:45,0.0
4.917332121304299e-05,286,2022-01-26T08:27,1.2434782608695651
,0,2022-01-26T10:08,0.0
,0,2022-01-26T11:50,0.0
,0,2022-01-26T13:31,0.0
,0,2022-01-26T15:13,0.0
,0,2022-01-26T16:54,0.0
,0,2022-01-26T18:36,0.0
,0,2022-01-26T20:17,0.0
,0,2022-01-26T21:59,0.0
,0,2022-01-26T23:40,0.0
,0,2022-01-27T01:22,0.0
,0,2022-01-27T03:03,0.0
,0,2022-01-27T04:45,0.0
,0,2022-01-27T06:26,0.0
5.755444032260258e-05,286,2022-01-27T08:08,1.2434782608695651
,0,2022-01-27T09:49,0.0
,0,2022-01-27T11:31,0.0
,0,2022-01-27T13:12,0.0
,0,2022-01-27T14:54,0.0
,0,2022-01-27T16:35,0.0
,0,2022-01-27T18:17,0.0
,0,2022-01-27T22:27,0.0
,0,2022-01-27T23:21,0.0
,0,2022-01-28T01:03,0.0
,0,2022-01-28T02:44,0.0
,0,2022-01-28T04:26,0.0
,0,2022-01-28T06:07,0.0
7.262284891123782e-05,286,2022-01-28T07:49,1.2434782608695651
,0,2022-01-28T09:30,0.0
,0,2022-01-28T11:12,0.0
,0,2022-01-28T12:53,0.0
,0,2022-01-28T14:35,0.0
,0,2022-01-28T16:16,0.0
,0,2022-01-28T17:58,0.0
,0,2022-01-28T19:39,0.0
,0,2022-01-28T21:21,0.0
,0,2022-01-28T23:02,0.0
,0,2022-01-29T00:44,0.0
,0,2022-01-29T02:25,0.0
,0,2022-01-29T04:07,0.0
,0,2022-01-29T05:49,0.0
8.416639132249856e-05,286,2022-01-29T07:30,1.2434782608695651
,0,2022-01-29T09:12,0.0
,0,2022-01-29T10:53,0.0
,0,2022-01-29T12:35,0.0
,0,2022-01-29T14:16,0.0
,0,2022-01-29T15:58,0.0
,0,2022-01-29T17:39,0.0
,0,2022-01-29T19:21,0.0
,0,2022-01-29T21:02,0.0
,0,2022-01-29T22:44,0.0
,0,2022-01-30T00:25,0.0
,0,2022-01-30T02:07,0.0
,0,2022-01-30T03:48,0.0
,0,2022-01-30T05:30,0.0
7.857466622073012e-05,286,2022-01-30T07:11,1.2434782608695651
,0,2022-01-30T08:53,0.0
,0,2022-01-30T10:34,0.0
,0,2022-01-30T12:16,0.0
,0,2022-01-30T13:57,0.0
,0,2022-01-30T15:39,0.0
,0,2022-01-30T17:20,0.0
,0,2022-01-30T19:02,0.0
,0,2022-01-30T20:43,0.0
,0,2022-01-30T22:25,0.0
,0,2022-01-31T00:06,0.0
,0,2022-01-31T01:48,0.0
,0,2022-01-31T03:29,0.0
,0,2022-01-31T05:11,0.0
6.817275857788711e-05,286,2022-01-31T06:52,1.2434782608695651
5.9974358238611544e-05,286,2022-01-31T08:34,1.2434782608695651
,0,2022-01-31T10:15,0.0
,0,2022-01-31T11:57,0.0
,0,2022-01-31T13:38,0.0
,0,2022-01-31T15:20,0.0
,0,2022-01-31T17:01,0.0
,0,2022-01-31T18:43,0.0
,0,2022-01-31T20:24,0.0
,0,2022-01-31T22:06,0.0
,0,2022-01-31T23:47,0.0
,0,2022-02-01T01:29,0.0
,0,2022-02-01T03:10,0.0
,0,2022-02-01T04:52,0.0
,0,2022-02-01T06:33,0.0
7.439545998403774e-05,286,2022-02-01T08:15,1.2434782608695651
,0,2022-02-01T09:56,0.0
,0,2022-02-01T11:38,0.0
,0,2022-02-01T13:19,0.0
,0,2022-02-01T15:01,0.0
,0,2022-02-01T16:42,0.0
,0,2022-02-01T18:24,0.0
,0,2022-02-01T20:05,0.0
,0,2022-02-01T21:47,0.0
,0,2022-02-01T23:28,0.0
,0,2022-02-02T01:10,0.0
,0,2022-02-02T02:51,0.0
,0,2022-02-02T04:33,0.0
,0,2022-02-02T06:14,0.0
9.156389850176678e-05,286,2022-02-02T07:56,1.2434782608695651
,0,2022-02-02T09:37,0.0
,0,2022-02-02T11:19,0.0
,0,2022-02-02T13:00,0.0
,0,2022-02-02T14:42,0.0
,0,2022-02-02T16:23,0.0
,0,2022-02-02T18:05,0.0
,0,2022-02-02T19:46,0.0
,0,2022-02-02T21:28,0.0
,0,2022-02-02T23:09,0.0
,0,2022-02-03T00:51,0.0
,0,2022-02-03T02:32,0.0
,0,2022-02-03T04:14,0.0
,0,2022-02-03T05:55,0.0
5.0247006431307406e-05,286,2022-02-03T07:37,1.2434782608695651
,0,2022-02-03T09:18,0.0
,0,2022-02-03T11:00,0.0
,0,2022-02-03T12:41,0.0
,0,2022-02-03T14:23,0.0
,0,2022-02-03T16:04,0.0
,0,2022-02-03T17:46,0.0
,0,2022-02-03T19:27,0.0
,0,2022-02-03T21:09,0.0
,0,2022-02-03T22:50,0.0
,0,2022-02-04T00:32,0.0
,0,2022-02-04T02:13,0.0
,0,2022-02-04T03:55,0.0
,0,2022-02-04T05:36,0.0
5.8992621311706016e-05,286,2022-02-04T07:18,1.2434782608695651
,0,2022-02-04T08:59,0.0
,0,2022-02-04T10:41,0.0
,0,2022-02-04T12:22,0.0
,0,2022-02-04T14:04,0.0
,0,2022-02-04T15:45,0.0
,0,2022-02-04T17:27,0.0
,0,2022-02-04T19:08,0.0
,0,2022-02-04T20:50,0.0
,0,2022-02-04T22:31,0.0
,0,2022-02-05T00:13,0.0
,0,2022-02-05T01:54,0.0
,0,2022-02-05T03:36,0.0
,0,2022-02-05T05:17,0.0
6.428871265474817e-05,286,2022-02-05T06:59,1.2434782608695651
,0,2022-02-05T08:40,0.0
,0,2022-02-05T10:22,0.0
,0,2022-02-05T12:03,0.0
,0,2022-02-05T13:45,0.0
,0,2022-02-05T15:26,0.0
,0,2022-02-05T17:08,0.0
,0,2022-02-05T18:49,0.0
,0,2022-02-05T20:31,0.0
,0,2022-02-05T22:12,0.0
,0,2022-02-05T23:54,0.0
,0,2022-02-06T01:35,0.0
,0,2022-02-06T03:17,0.0
,0,2022-02-06T04:58,0.0
,0,2022-02-06T06:40,0.0
7.215637354557356e-05,286,2022-02-06T08:21,1.2434782608695651
,0,2022-02-06T10:03,0.0
,0,2022-02-06T11:44,0.0
,0,2022-02-06T13:26,0.0
,0,2022-02-06T15:07,0.0
,0,2022-02-06T16:49,0.0
,0,2022-02-06T18:30,0.0
,0,2022-02-06T20:12,0.0
,0,2022-02-06T21:54,0.0
,0,2022-02-06T23:35,0.0
,0,2022-02-07T01:17,0.0
,0,2022-02-07T02:58,0.0
,0,2022-02-07T04:40,0.0
,0,2022-02-07T06:21,0.0
7.482272355102906e-05,286,2022-02-07T08:03,1.2434782608695651
,0,2022-02-07T09:44,0.0
,0,2022-02-07T11:26,0.0
,0,2022-02-07T13:07,0.0
,0,2022-02-07T14:49,0.0
,0,2022-02-07T16:30,0.0
,0,2022-02-07T18:12,0.0
,0,2022-02-07T19:53,0.0
,0,2022-02-07T22:20,0.0
,0,2022-02-07T23:16,0.0
,0,2022-02-08T00:58,0.0
,0,2022-02-08T02:39,0.0
,0,2022-02-08T04:21,0.0
,0,2022-02-08T06:02,0.0
4.200553351329341e-05,286,2022-02-08T07:44,1.2434782608695651
,0,2022-02-08T09:25,0.0
,0,2022-02-08T11:07,0.0
,0,2022-02-08T12:48,0.0
,0,2022-02-08T14:30,0.0
,0,2022-02-08T16:11,0.0
,0,2022-02-08T17:53,0.0
,0,2022-02-08T19:34,0.0
,0,2022-02-08T21:16,0.0
,0,2022-02-08T22:57,0.0
,0,2022-02-09T00:39,0.0
,0,2022-02-09T02:20,0.0
,0,2022-02-09T04:02,0.0
,0,2022-02-09T05:43,0.0
5.9409180316355e-05,286,2022-02-09T07:25,1.2434782608695651
,0,2022-02-09T09:06,0.0
,0,2022-02-09T10:48,0.0
,0,2022-02-09T12:29,0.0
,0,2022-02-09T14:11,0.0
,0,2022-02-09T15:52,0.0
,0,2022-02-09T17:34,0.0
,0,2022-02-09T19:15,0.0
,0,2022-02-09T20:57,0.0
,0,2022-02-09T22:38,0.0
,0,2022-02-10T00:20,0.0
,0,2022-02-10T02:01,0.0
,0,2022-02-10T03:43,0.0
,0,2022-02-10T05:24,0.0
5.63277412711692e-05,286,2022-02-10T07:06,1.2434782608695651
,0,2022-02-10T08:47,0.0
,0,2022-02-10T10:29,0.0
,0,2022-02-10T12:10,0.0
,0,2022-02-10T13:52,0.0
,0,2022-02-10T15:33,0.0
,0,2022-02-10T17:15,0.0
,0,2022-02-10T18:56,0.0
,0,2022-02-10T20:38,0.0
,0,2022-02-10T22:19,0.0
,0,2022-02-11T00:01,0.0
,0,2022-02-11T01:42,0.0
,0,2022-02-11T03:24,0.0
,0,2022-02-11T05:05,0.0
,0,2022-02-11T06:47,0.0
5.9551611769829456e-05,286,2022-02-11T08:28,1.2434782608695651
,0,2022-02-11T10:10,0.0
,0,2022-02-11T11:51,0.0
,0,2022-02-11T13:33,0.0
,0,2022-02-11T15:14,0.0
,0,2022-02-11T16:56,0.0
,0,2022-02-11T18:37,0.0
,0,2022-02-11T20:19,0.0
,0,2022-02-11T22:00,0.0
,0,2022-02-11T23:42,0.0
,0,2022-02-12T01:23,0.0
,0,2022-02-12T03:05,0.0
,0,2022-02-12T04:46,0.0
,0,2022-02-12T06:28,0.0
6.684071873513859e-05,286,2022-02-12T08:09,1.2434782608695651
,0,2022-02-12T09:51,0.0
,0,2022-02-12T11:32,0.0
,0,2022-02-12T13:14,0.0
,0,2022-02-12T14:55,0.0
,0,2022-02-12T16:37,0.0
,0,2022-02-12T18:18,0.0
,0,2022-02-12T20:00,0.0
,0,2022-02-12T21:41,0.0
,0,2022-02-12T23:23,0.0
,0,2022-02-13T01:04,0.0
,0,2022-02-13T02:46,0.0
,0,2022-02-13T04:27,0.0
,0,2022-02-13T06:09,0.0
7.227046717903284e-05,286,2022-02-13T07:50,1.2434782608695651
,0,2022-02-13T09:32,0.0
,0,2022-02-13T11:13,0.0
,0,2022-02-13T12:55,0.0
,0,2022-02-13T14:36,0.0
,0,2022-02-13T16:18,0.0
,0,2022-02-13T17:59,0.0
,0,2022-02-13T19:41,0.0
,0,2022-02-13T21:22,0.0
,0,2022-02-13T23:04,0.0
,0,2022-02-14T00:46,0.0
,0,2022-02-14T02:27,0.0
,0,2022-02-14T04:08,0.0
,0,2022-02-14T05:50,0.0
5.356111185111236e-05,286,2022-02-14T07:32,1.2434782608695651
,0,2022-02-14T09:13,0.0
,0,2022-02-14T10:55,0.0
,0,2022-02-14T12:36,0.0
,0,2022-02-14T14:18,0.0
,0,2022-02-14T15:59,0.0
,0,2022-02-14T17:41,0.0
,0,2022-02-14T19:22,0.0
,0,2022-02-14T21:04,0.0
,0,2022-02-14T22:45,0.0
,0,2022-02-15T00:27,0.0
,0,2022-02-15T02:08,0.0
,0,2022-02-15T03:50,0.0
,0,2022-02-15T05:31,0.0
7.845330496956463e-05,286,2022-02-15T07:13,1.2434782608695651
,0,2022-02-15T08:54,0.0
,0,2022-02-15T10:36,0.0
,0,2022-02-15T12:17,0.0
,0,2022-02-15T13:59,0.0
,0,2022-02-15T15:40,0.0
,0,2022-02-15T17:22,0.0
,0,2022-02-15T19:03,0.0
,0,2022-02-15T20:45,0.0
,0,2022-02-15T22:26,0.0
,0,2022-02-16T00:08,0.0
,0,2022-02-16T01:49,0.0
,0,2022-02-16T03:31,0.0
,0,2022-02-16T05:12,0.0
5.2923505866658785e-05,286,2022-02-16T06:54,1.2434782608695651
4.44805524859785e-05,286,2022-02-16T08:35,1.2434782608695651
,0,2022-02-16T10:17,0.0
,0,2022-02-16T11:58,0.0
,0,2022-02-16T13:40,0.0
,0,2022-02-16T15:21,0.0
,0,2022-02-16T17:03,0.0
,0,2022-02-16T18:44,0.0
,0,2022-02-16T20:26,0.0
,0,2022-02-16T22:07,0.0
,0,2022-02-16T23:49,0.0
,0,2022-02-17T01:30,0.0
,0,2022-02-17T03:12,0.0
,0,2022-02-17T04:53,0.0
,0,2022-02-17T06:35,0.0
3.6870681241993715e-05,286,2022-02-17T08:16,1.2434782608695651
,0,2022-02-17T09:58,0.0
,0,2022-02-17T11:39,0.0
,0,2022-02-17T13:21,0.0
,0,2022-02-17T15:02,0.0
,0,2022-02-17T16:44,0.0
,0,2022-02-17T18:25,0.0
,0,2022-02-17T20:07,0.0
,0,2022-02-17T21:48,0.0
,0,2022-02-17T23:30,0.0
,0,2022-02-18T01:11,0.0
,0,2022-02-18T02:53,0.0
,0,2022-02-18T04:34,0.0
,0,2022-02-18T06:16,0.0
7.549679560719534e-05,286,2022-02-18T07:57,1.2434782608695651
,0,2022-02-18T09:39,0.0
,0,2022-02-18T11:20,0.0
,0,2022-02-18T13:02,0.0
,0,2022-02-18T14:43,0.0
,0,2022-02-18T16:25,0.0
,0,2022-02-18T18:06,0.0
,0,2022-02-18T19:48,0.0
,0,2022-02-18T21:29,0.0
,0,2022-02-18T23:11,0.0
,0,2022-02-19T00:52,0.0
,0,2022-02-19T02:34,0.0
,0,2022-02-19T04:15,0.0
,0,2022-02-19T05:57,0.0
8.1097582652949e-05,286,2022-02-19T07:38,1.2434782608695651
,0,2022-02-19T09:20,0.0
,0,2022-02-19T11:01,0.0
,0,2022-02-19T12:43,0.0
,0,2022-02-19T14:24,0.0
,0,2022-02-19T16:06,0.0
,0,2022-02-19T17:47,0.0
,0,2022-02-19T19:29,0.0
,0,2022-02-19T21:10,0.0
,0,2022-02-19T22:52,0.0
,0,2022-02-20T00:33,0.0
,0,2022-02-20T02:15,0.0
,0,2022-02-20T03:56,0.0
,0,2022-02-20T05:38,0.0
4.8178061055298755e-05,286,2022-02-20T07:19,1.2434782608695651
,0,2022-02-20T09:01,0.0
,0,2022-02-20T12:24,0.0
,0,2022-02-20T14:05,0.0
,0,2022-02-20T15:47,0.0
,0,2022-02-20T17:28,0.0
,0,2022-02-20T19:10,0.0
,0,2022-02-20T20:52,0.0
,0,2022-02-20T22:33,0.0
,0,2022-02-21T00:15,0.0
,0,2022-02-21T01:56,0.0
,0,2022-02-21T03:38,0.0
,0,2022-02-21T05:19,0.0
6.962223042407285e-05,286,2022-02-21T07:01,1.2434782608695651
,0,2022-02-21T08:42,0.0
,0,2022-02-21T12:05,0.0
,0,2022-02-21T13:47,0.0
,0,2022-02-21T15:28,0.0
,0,2022-02-21T17:10,0.0
,0,2022-02-21T18:51,0.0
,0,2022-02-21T20:33,0.0
,0,2022-02-21T22:14,0.0
,0,2022-02-21T23:56,0.0
,0,2022-02-22T01:37,0.0
,0,2022-02-22T03:19,0.0
,0,2022-02-22T05:00,0.0
,0,2022-02-22T06:42,0.0
7.807718597301969e-05,286,2022-02-22T08:23,1.2434782608695651
,0,2022-02-22T10:05,0.0
,0,2022-02-22T13:28,0.0
,0,2022-02-22T15:09,0.0
,0,2022-02-22T16:51,0.0
,0,2022-02-22T18:32,0.0
,0,2022-02-22T20:14,0.0
,0,2022-02-22T21:55,0.0
,0,2022-02-22T23:37,0.0
,0,2022-02-23T01:18,0.0
,0,2022-02-23T03:00,0.0
,0,2022-02-23T04:41,0.0
,0,2022-02-23T06:23,0.0
8.509803378334242e-05,286,2022-02-23T08:04,1.2434782608695651
,0,2022-02-23T09:46,0.0
,0,2022-02-23T11:27,0.0
,0,2022-02-23T13:09,0.0
,0,2022-02-23T14:50,0.0
,0,2022-02-23T16:32,0.0
,0,2022-02-23T18:13,0.0
,0,2022-02-23T19:55,0.0
,0,2022-02-23T21:36,0.0
,0,2022-02-23T23:18,0.0
,0,2022-02-24T00:59,0.0
,0,2022-02-24T02:41,0.0
,0,2022-02-24T04:22,0.0
,0,2022-02-24T06:04,0.0
8.798177467050016e-05,286,2022-02-24T07:45,1.2434782608695651
,0,2022-02-24T09:27,0.0
,0,2022-02-24T11:08,0.0
,0,2022-02-24T12:50,0.0
,0,2022-02-24T14:31,0.0
,0,2022-02-24T16:13,0.0
,0,2022-02-24T17:54,0.0
,0,2022-02-24T19:36,0.0
,0,2022-02-24T21:17,0.0
,0,2022-02-24T22:59,0.0
,0,2022-02-25T00:40,0.0
,0,2022-02-25T02:22,0.0
,0,2022-02-25T04:03,0.0
,0,2022-02-25T05:45,0.0
7.043359137775529e-05,286,2022-02-25T07:26,1.2434782608695651
,0,2022-02-25T09:08,0.0
,0,2022-02-25T10:49,0.0
,0,2022-02-25T12:31,0.0
,0,2022-02-25T14:12,0.0
,0,2022-02-25T15:54,0.0
,0,2022-02-25T17:35,0.0
,0,2022-02-25T19:17,0.0
,0,2022-02-25T20:58,0.0
,0,2022-02-25T22:40,0.0
,0,2022-02-26T00:21,0.0
,0,2022-02-26T02:03,0.0
,0,2022-02-26T03:44,0.0
,0,2022-02-26T05:26,0.0
7.283330006287036e-05,287,2022-02-26T07:07,1.2478260869565216
,0,2022-02-26T08:49,0.0
,0,2022-02-26T10:30,0.0
,0,2022-02-26T12:12,0.0
,0,2022-02-26T13:53,0.0
,0,2022-02-26T15:35,0.0
,0,2022-02-26T17:16,0.0
,0,2022-02-26T18:58,0.0
,0,2022-02-26T20:39,0.0
,0,2022-02-26T22:21,0.0
,0,2022-02-27T00:02,0.0
,0,2022-02-27T01:44,0.0
,0,2022-02-27T03:25,0.0
,0,2022-02-27T05:07,0.0
,0,2022-02-27T06:49,0.0
6.362032904430319e-05,287,2022-02-27T08:30,1.2478260869565216
,0,2022-02-27T10:12,0.0
,0,2022-02-27T11:53,0.0
,0,2022-02-27T13:35,0.0
,0,2022-02-27T15:16,0.0
,0,2022-02-27T16:58,0.0
,0,2022-02-27T18:39,0.0
,0,2022-02-27T20:21,0.0
,0,2022-02-27T22:02,0.0
,0,2022-02-27T23:44,0.0
,0,2022-02-28T01:25,0.0
,0,2022-02-28T03:07,0.0
,0,2022-02-28T04:48,0.0
,0,2022-02-28T06:30,0.0
7.725014859825114e-05,287,2022-02-28T08:11,1.2478260869565216
,0,2022-02-28T09:53,0.0
,0,2022-02-28T11:34,0.0
,0,2022-02-28T13:16,0.0
,0,2022-02-28T14:57,0.0
,0,2022-02-28T16:39,0.0
,0,2022-02-28T18:20,0.0
,0,2022-02-28T20:02,0.0
,0,2022-02-28T21:43,0.0
,0,2022-02-28T23:25,0.0
,0,2022-03-01T01:06,0.0
,0,2022-03-01T02:48,0.0
,0,2022-03-01T04:29,0.0
,0,2022-03-01T06:11,0.0
7.506052855906674e-05,287,2022-03-01T07:52,1.2478260869565216
,0,2022-03-01T09:34,0.0
,0,2022-03-01T11:15,0.0
,0,2022-03-01T12:57,0.0
,0,2022-03-01T14:38,0.0
,0,2022-03-01T16:20,0.0
,0,2022-03-01T18:01,0.0
,0,2022-03-01T19:43,0.0
,0,2022-03-01T21:24,0.0
,0,2022-03-01T23:06,0.0
,0,2022-03-02T00:47,0.0
,0,2022-03-02T02:29,0.0
,0,2022-03-02T04:10,0.0
,0,2022-03-02T05:52,0.0
7.043774966523659e-05,283,2022-03-02T07:33,1.2304347826086957
,0,2022-03-02T09:15,0.0
,0,2022-03-02T10:56,0.0
,0,2022-03-02T12:38,0.0
,0,2022-03-02T14:19,0.0
,0,2022-03-02T16:01,0.0
,0,2022-03-02T17:42,0.0
,0,2022-03-02T19:24,0.0
,0,2022-03-02T21:05,0.0
,0,2022-03-02T22:47,0.0
,0,2022-03-03T00:28,0.0
,0,2022-03-03T02:10,0.0
,0,2022-03-03T03:51,0.0
,0,2022-03-03T05:33,0.0
8.963555917067193e-05,232,2022-03-03T07:14,1.008695652173913
,0,2022-03-03T08:56,0.0
,0,2022-03-03T10:37,0.0
,0,2022-03-03T12:19,0.0
,0,2022-03-03T14:00,0.0
,0,2022-03-03T15:42,0.0
,0,2022-03-03T17:23,0.0
,0,2022-03-03T19:05,0.0
,0,2022-03-03T20:46,0.0
,0,2022-03-03T22:28,0.0
,0,2022-03-04T00:09,0.0
,0,2022-03-04T01:51,0.0
,0,2022-03-04T03:32,0.0
,0,2022-03-04T05:14,0.0
6.1001340696428644e-05,287,2022-03-04T06:55,1.2478260869565216
7.091011410393708e-05,167,2022-03-04T08:37,0.7260869565217392
,0,2022-03-04T10:18,0.0
,0,2022-03-04T12:00,0.0
,0,2022-03-04T13:41,0.0
,0,2022-03-04T15:23,0.0
,0,2022-03-04T17:04,0.0
,0,2022-03-04T18:46,0.0
,0,2022-03-04T20:27,0.0
,0,2022-03-04T22:09,0.0
,0,2022-03-04T23:50,0.0
,0,2022-03-05T01:32,0.0
,0,2022-03-05T03:14,0.0
,0,2022-03-05T04:55,0.0
,0,2022-03-05T06:37,0.0
6.308520186048141e-05,287,2022-03-05T08:18,1.2478260869565216
,0,2022-03-05T10:00,0.0
,0,2022-03-05T11:41,0.0
,0,2022-03-05T13:23,0.0
,0,2022-03-05T15:04,0.0
,0,2022-03-05T16:46,0.0
,0,2022-03-05T18:27,0.0
,0,2022-03-05T20:09,0.0
,0,2022-03-05T21:50,0.0
,0,2022-03-05T23:32,0.0
,0,2022-03-06T01:13,0.0
,0,2022-03-06T02:55,0.0
,0,2022-03-06T04:36,0.0
,0,2022-03-06T06:18,0.0
5.943605218029429e-05,280,2022-03-06T07:59,1.2173913043478262
,0,2022-03-06T09:41,0.0
,0,2022-03-06T11:22,0.0
,0,2022-03-06T13:04,0.0
,0,2022-03-06T14:45,0.0
,0,2022-03-06T16:27,0.0
,0,2022-03-06T18:08,0.0
,0,2022-03-06T19:50,0.0
,0,2022-03-06T21:31,0.0
,0,2022-03-06T23:13,0.0
,0,2022-03-07T00:54,0.0
,0,2022-03-07T02:36,0.0
,0,2022-03-07T04:17,0.0
,0,2022-03-07T05:59,0.0
7.516314358945953e-05,160,2022-03-07T07:40,0.6956521739130435
,0,2022-03-07T09:22,0.0
,0,2022-03-07T11:03,0.0
,0,2022-03-07T12:45,0.0
,0,2022-03-07T14:26,0.0
,0,2022-03-07T16:08,0.0
,0,2022-03-07T17:49,0.0
,0,2022-03-07T19:31,0.0
,0,2022-03-07T21:12,0.0
,0,2022-03-07T22:54,0.0
,0,2022-03-08T00:35,0.0
,0,2022-03-08T02:17,0.0
,0,2022-03-08T03:58,0.0
,0,2022-03-08T05:40,0.0
8.348004176353047e-05,235,2022-03-08T07:21,1.0217391304347827
,0,2022-03-08T09:03,0.0
,0,2022-03-08T10:44,0.0
,0,2022-03-08T12:26,0.0
,0,2022-03-08T14:07,0.0
,0,2022-03-08T15:49,0.0
,0,2022-03-08T17:30,0.0
,0,2022-03-08T19:12,0.0
,0,2022-03-08T20:53,0.0
,0,2022-03-08T22:35,0.0
,0,2022-03-09T00:16,0.0
,0,2022-03-09T01:58,0.0
,0,2022-03-09T03:39,0.0
,0,2022-03-09T05:21,0.0
5.4711032540677955e-05,287,2022-03-09T07:02,1.2478260869565216
,0,2022-03-09T08:44,0.0
,0,2022-03-09T10:25,0.0
,0,2022-03-09T12:07,0.0
,0,2022-03-09T13:48,0.0
,0,2022-03-09T15:30,0.0
,0,2022-03-09T17:11,0.0
,0,2022-03-09T18:53,0.0
,0,2022-03-09T20:34,0.0
,0,2022-03-09T22:16,0.0
,0,2022-03-09T23:57,0.0
,0,2022-03-10T01:39,0.0
,0,2022-03-10T03:20,0.0
,0,2022-03-10T05:02,0.0
,0,2022-03-10T06:43,0.0
5.7581221818112784e-05,247,2022-03-10T08:25,1.0739130434782609
,0,2022-03-10T10:06,0.0
,0,2022-03-10T11:48,0.0
,0,2022-03-10T13:29,0.0
,0,2022-03-10T15:11,0.0
,0,2022-03-10T16:52,0.0
,0,2022-03-10T18:34,0.0
,0,2022-03-10T20:15,0.0
,0,2022-03-10T21:57,0.0
,0,2022-03-10T23:39,0.0
,0,2022-03-11T01:20,0.0
,0,2022-03-11T03:02,0.0
,0,2022-03-11T04:43,0.0
,0,2022-03-11T06:25,0.0
5.45799111763608e-05,149,2022-03-11T08:06,0.6478260869565218
,0,2022-03-11T09:48,0.0
,0,2022-03-11T11:29,0.0
,0,2022-03-11T13:11,0.0
,0,2022-03-11T14:52,0.0
,0,2022-03-11T16:34,0.0
,0,2022-03-11T18:15,0.0
,0,2022-03-11T19:57,0.0
,0,2022-03-11T21:38,0.0
,0,2022-03-11T23:20,0.0
,0,2022-03-12T01:01,0.0
,0,2022-03-12T02:43,0.0
,0,2022-03-12T04:24,0.0
,0,2022-03-12T06:06,0.0
7.035749315309977e-05,287,2022-03-12T07:47,1.2478260869565216
,0,2022-03-12T09:29,0.0
,0,2022-03-12T11:10,0.0
,0,2022-03-12T12:52,0.0
,0,2022-03-12T14:33,0.0
,0,2022-03-12T16:15,0.0
,0,2022-03-12T17:56,0.0
,0,2022-03-12T19:38,0.0
,0,2022-03-12T21:19,0.0
,0,2022-03-12T23:01,0.0
,0,2022-03-13T00:42,0.0
,0,2022-03-13T02:24,0.0
,0,2022-03-13T04:05,0.0
,0,2022-03-13T05:47,0.0
6.127312879881678e-05,287,2022-03-13T07:28,1.2478260869565216
,0,2022-03-13T09:10,0.0
,0,2022-03-13T10:51,0.0
,0,2022-03-13T12:33,0.0
,0,2022-03-13T14:14,0.0
,0,2022-03-13T15:56,0.0
,0,2022-03-13T17:37,0.0
,0,2022-03-13T19:19,0.0
,0,2022-03-13T21:00,0.0
,0,2022-03-13T22:42,0.0
,0,2022-03-14T00:23,0.0
,0,2022-03-14T02:05,0.0
,0,2022-03-14T03:46,0.0
,0,2022-03-14T05:28,0.0
5.707306725097912e-05,287,2022-03-14T07:09,1.2478260869565216
,0,2022-03-14T08:51,0.0
,0,2022-03-14T10:32,0.0
,0,2022-03-14T12:14,0.0
,0,2022-03-14T13:55,0.0
,0,2022-03-14T15:37,0.0
,0,2022-03-14T17:18,0.0
,0,2022-03-14T19:00,0.0
,0,2022-03-14T20:41,0.0
,0,2022-03-14T22:23,0.0
,0,2022-03-15T00:04,0.0
,0,2022-03-15T01:46,0.0
,0,2022-03-15T03:27,0.0
,0,2022-03-15T05:09,0.0
,0,2022-03-15T06:50,0.0
5.569617461924231e-05,287,2022-03-15T08:32,1.2478260869565216
,0,2022-03-15T10:13,0.0
,0,2022-03-15T11:55,0.0
,0,2022-03-15T13:36,0.0
,0,2022-03-15T15:18,0.0
,0,2022-03-15T16:59,0.0
,0,2022-03-15T18:41,0.0
,0,2022-03-15T20:22,0.0
,0,2022-03-15T22:04,0.0
,0,2022-03-15T23:45,0.0
,0,2022-03-16T01:27,0.0
,0,2022-03-16T03:08,0.0
,0,2022-03-16T04:50,0.0
,0,2022-03-16T06:31,0.0
6.465253993823632e-05,287,2022-03-16T08:13,1.2478260869565216
,0,2022-03-16T09:54,0.0
,0,2022-03-16T11:36,0.0
,0,2022-03-16T13:17,0.0
,0,2022-03-16T14:59,0.0
,0,2022-03-16T16:40,0.0
,0,2022-03-16T18:22,0.0
,0,2022-03-16T20:03,0.0
,0,2022-03-16T21:45,0.0
,0,2022-03-16T23:27,0.0
,0,2022-03-17T01:08,0.0
,0,2022-03-17T02:50,0.0
,0,2022-03-17T04:31,0.0
,0,2022-03-17T06:13,0.0
7.476570378257076e-05,287,2022-03-17T07:54,1.2478260869565216
,0,2022-03-17T09:36,0.0
,0,2022-03-17T11:17,0.0
,0,2022-03-17T12:59,0.0
,0,2022-03-17T14:40,0.0
,0,2022-03-17T16:22,0.0
,0,2022-03-17T18:03,0.0
,0,2022-03-17T19:45,0.0
,0,2022-03-17T21:26,0.0
,0,2022-03-17T23:08,0.0
,0,2022-03-18T00:49,0.0
,0,2022-03-18T02:31,0.0
,0,2022-03-18T04:12,0.0
,0,2022-03-18T05:54,0.0
6.756886617170562e-05,287,2022-03-18T07:35,1.2478260869565216
,0,2022-03-18T09:17,0.0
,0,2022-03-18T10:58,0.0
,0,2022-03-18T12:40,0.0
,0,2022-03-18T14:21,0.0
,0,2022-03-18T16:03,0.0
,0,2022-03-18T17:44,0.0
,0,2022-03-18T19:26,0.0
,0,2022-03-18T21:07,0.0
,0,2022-03-18T22:49,0.0
,0,2022-03-19T00:30,0.0
,0,2022-03-19T02:12,0.0
,0,2022-03-19T03:53,0.0
,0,2022-03-19T05:35,0.0
7.258826628153746e-05,287,2022-03-19T07:16,1.2478260869565216
,0,2022-03-19T08:58,0.0
,0,2022-03-19T10:39,0.0
,0,2022-03-19T12:21,0.0
,0,2022-03-19T14:02,0.0
,0,2022-03-19T15:44,0.0
,0,2022-03-19T17:25,0.0
,0,2022-03-19T19:07,0.0
,0,2022-03-19T20:48,0.0
,0,2022-03-19T22:30,0.0
,0,2022-03-20T00:11,0.0
,0,2022-03-20T01:53,0.0
,0,2022-03-20T03:34,0.0
,0,2022-03-20T05:16,0.0
5.486394027758385e-05,287,2022-03-20T06:57,1.2478260869565216
5.947822750729886e-05,255,2022-03-20T08:39,1.108695652173913
,0,2022-03-20T10:20,0.0
,0,2022-03-20T12:02,0.0
,0,2022-03-20T13:43,0.0
,0,2022-03-20T15:25,0.0
,0,2022-03-20T17:06,0.0
,0,2022-03-20T18:48,0.0
,0,2022-03-20T20:29,0.0
,0,2022-03-20T22:11,0.0
,0,2022-03-20T23:52,0.0
,0,2022-03-21T01:34,0.0
,0,2022-03-21T03:15,0.0
,0,2022-03-21T04:57,0.0
,0,2022-03-21T06:38,0.0
7.40719567389473e-05,287,2022-03-21T08:20,1.2478260869565216
,0,2022-03-21T10:01,0.0
,0,2022-03-21T11:43,0.0
,0,2022-03-21T13:24,0.0
,0,2022-03-21T15:06,0.0
,0,2022-03-21T16:47,0.0
,0,2022-03-21T18:29,0.0
,0,2022-03-21T20:10,0.0
,0,2022-03-21T21:52,0.0
,0,2022-03-21T23:33,0.0
,0,2022-03-22T01:15,0.0
,0,2022-03-22T02:56,0.0
,0,2022-03-22T04:38,0.0
,0,2022-03-22T06:19,0.0
7.390864443317642e-05,287,2022-03-22T08:01,1.2478260869565216
,0,2022-03-22T09:42,0.0
,0,2022-03-22T11:24,0.0
,0,2022-03-22T13:06,0.0
,0,2022-03-22T14:47,0.0
,0,2022-03-22T16:29,0.0
,0,2022-03-22T18:10,0.0
,0,2022-03-22T19:52,0.0
,0,2022-03-22T21:33,0.0
,0,2022-03-22T23:15,0.0
,0,2022-03-23T00:56,0.0
,0,2022-03-23T02:38,0.0
,0,2022-03-23T04:19,0.0
,0,2022-03-23T06:01,0.0
8.156516011360739e-05,287,2022-03-23T07:42,1.2478260869565216
,0,2022-03-23T09:24,0.0
,0,2022-03-23T11:05,0.0
,0,2022-03-23T12:47,0.0
,0,2022-03-23T14:28,0.0
,0,2022-03-23T16:10,0.0
,0,2022-03-23T17:51,0.0
,0,2022-03-23T19:33,0.0
,0,2022-03-23T21:14,0.0
,0,2022-03-23T22:56,0.0
,0,2022-03-24T00:37,0.0
,0,2022-03-24T02:19,0.0
,0,2022-03-24T04:00,0.0
,0,2022-03-24T05:42,0.0
8.88033675958959e-05,231,2022-03-24T07:23,1.0043478260869565
,0,2022-03-24T09:05,0.0
,0,2022-03-24T10:46,0.0
,0,2022-03-24T12:28,0.0
,0,2022-03-24T14:09,0.0
,0,2022-03-24T15:51,0.0
,0,2022-03-24T17:32,0.0
,0,2022-03-24T19:14,0.0
,0,2022-03-24T20:55,0.0
,0,2022-03-24T22:37,0.0
,0,2022-03-25T00:18,0.0
,0,2022-03-25T02:00,0.0
,0,2022-03-25T03:41,0.0
,0,2022-03-25T05:23,0.0
6.584841817180178e-05,143,2022-03-25T07:04,0.6217391304347826
,0,2022-03-25T08:46,0.0
,0,2022-03-25T10:27,0.0
,0,2022-03-25T12:09,0.0
,0,2022-03-25T13:50,0.0
,0,2022-03-25T15:32,0.0
,0,2022-03-25T17:13,0.0
,0,2022-03-25T18:55,0.0
,0,2022-03-25T20:36,0.0
,0,2022-03-25T22:18,0.0
,0,2022-03-25T23:59,0.0
,0,2022-03-26T01:41,0.0
,0,2022-03-26T03:22,0.0
,0,2022-03-26T05:04,0.0
,0,2022-03-26T06:45,0.0
6.530330490844042e-05,287,2022-03-26T08:27,1.2478260869565216
,0,2022-03-26T10:08,0.0
,0,2022-03-26T11:50,0.0
,0,2022-03-26T13:31,0.0
,0,2022-03-26T15:13,0.0
,0,2022-03-26T16:54,0.0
,0,2022-03-26T18:36,0.0
,0,2022-03-26T20:17,0.0
,0,2022-03-26T21:59,0.0
,0,2022-03-26T23:40,0.0
,0,2022-03-27T01:22,0.0
,0,2022-03-27T03:03,0.0
,0,2022-03-27T04:45,0.0
,0,2022-03-27T06:26,0.0
6.911387660616011e-05,287,2022-03-27T08:08,1.2478260869565216
,0,2022-03-27T09:49,0.0
,0,2022-03-27T11:31,0.0
,0,2022-03-27T13:12,0.0
,0,2022-03-27T14:54,0.0
,0,2022-03-27T16:35,0.0
,0,2022-03-27T18:17,0.0
,0,2022-03-27T19:58,0.0
,0,2022-03-27T21:40,0.0
,0,2022-03-27T23:21,0.0
,0,2022-03-28T01:03,0.0
,0,2022-03-28T02:44,0.0
,0,2022-03-28T04:26,0.0
,0,2022-03-28T06:07,0.0
6.515886496147346e-05,277,2022-03-28T07:49,1.2043478260869565
,0,2022-03-28T09:31,0.0
,0,2022-03-28T11:12,0.0
,0,2022-03-28T12:54,0.0
,0,2022-03-28T14:35,0.0
,0,2022-03-28T16:17,0.0
,0,2022-03-28T17:58,0.0
,0,2022-03-28T19:40,0.0
,0,2022-03-28T21:21,0.0
,0,2022-03-28T23:03,0.0
,0,2022-03-29T00:44,0.0
,0,2022-03-29T02:26,0.0
,0,2022-03-29T04:07,0.0
,0,2022-03-29T05:49,0.0
5.942657571845582e-05,287,2022-03-29T07:30,1.2478260869565216
,0,2022-03-29T09:12,0.0
,0,2022-03-29T10:53,0.0
,0,2022-03-29T12:35,0.0
,0,2022-03-29T14:16,0.0
,0,2022-03-29T15:58,0.0
,0,2022-03-29T17:39,0.0
,0,2022-03-29T19:21,0.0
,0,2022-03-29T21:02,0.0
,0,2022-03-29T22:44,0.0
,0,2022-03-30T00:25,0.0
,0,2022-03-30T02:07,0.0
,0,2022-03-30T03:48,0.0
,0,2022-03-30T05:30,0.0
4.641311902336072e-05,287,2022-03-30T07:11,1.2478260869565216
,0,2022-03-30T08:53,0.0
,0,2022-03-30T10:34,0.0
,0,2022-03-30T12:16,0.0
,0,2022-03-30T13:57,0.0
,0,2022-03-30T15:39,0.0
,0,2022-03-30T17:20,0.0
,0,2022-03-30T19:02,0.0
,0,2022-03-30T20:43,0.0
,0,2022-03-30T22:25,0.0
,0,2022-03-31T00:06,0.0
,0,2022-03-31T01:48,0.0
,0,2022-03-31T03:29,0.0
,0,2022-03-31T05:11,0.0
,0,2022-03-31T06:52,0.0
5.015831086424023e-05,287,2022-03-31T08:34,1.2478260869565216
,0,2022-03-31T10:15,0.0
,0,2022-03-31T11:57,0.0
,0,2022-03-31T13:38,0.0
,0,2022-03-31T15:20,0.0
,0,2022-03-31T17:01,0.0
,0,2022-03-31T18:43,0.0
,0,2022-03-31T20:24,0.0
,0,2022-03-31T22:06,0.0
,0,2022-03-31T23:47,0.0
,0,2022-04-01T01:29,0.0
,0,2022-04-01T03:10,0.0
,0,2022-04-01T04:52,0.0
,0,2022-04-01T06:33,0.0
6.364347265007901e-05,287,2022-04-01T08:15,1.2478260869565216
,0,2022-04-01T09:56,0.0
,0,2022-04-01T11:38,0.0
,0,2022-04-01T13:19,0.0
,0,2022-04-01T15:01,0.0
,0,2022-04-01T16:42,0.0
,0,2022-04-01T18:24,0.0
,0,2022-04-01T20:05,0.0
,0,2022-04-01T21:47,0.0
,0,2022-04-01T23:28,0.0
,0,2022-04-02T01:10,0.0
,0,2022-04-02T02:51,0.0
,0,2022-04-02T04:33,0.0
,0,2022-04-02T06:14,0.0
9.700002477733296e-05,287,2022-04-02T07:56,1.2478260869565216
,0,2022-04-02T09:37,0.0
,0,2022-04-02T11:19,0.0
,0,2022-04-02T13:00,0.0
,0,2022-04-02T14:42,0.0
,0,2022-04-02T16:23,0.0
,0,2022-04-02T18:05,0.0
,0,2022-04-02T19:46,0.0
,0,2022-04-02T21:28,0.0
,0,2022-04-02T23:09,0.0
,0,2022-04-03T00:51,0.0
,0,2022-04-03T02:32,0.0
,0,2022-04-03T04:14,0.0
,0,2022-04-03T05:55,0.0
6.120444308570253e-05,287,2022-04-03T07:37,1.2478260869565216
,0,2022-04-03T09:18,0.0
,0,2022-04-03T11:00,0.0
,0,2022-04-03T12:41,0.0
,0,2022-04-03T14:23,0.0
,0,2022-04-03T16:05,0.0
,0,2022-04-03T17:46,0.0
,0,2022-04-03T19:28,0.0
,0,2022-04-03T21:09,0.0
,0,2022-04-03T22:51,0.0
,0,2022-04-04T00:32,0.0
,0,2022-04-04T02:14,0.0
,0,2022-04-04T03:55,0.0
,0,2022-04-04T05:37,0.0
6.422733492456427e-05,224,2022-04-04T07:18,0.9739130434782609
,0,2022-04-04T09:00,0.0
,0,2022-04-04T10:41,0.0
,0,2022-04-04T12:23,0.0
,0,2022-04-04T14:04,0.0
,0,2022-04-04T15:46,0.0
,0,2022-04-04T17:27,0.0
,0,2022-04-04T19:09,0.0
,0,2022-04-04T20:50,0.0
,0,2022-04-04T22:32,0.0
,0,2022-04-05T00:13,0.0
,0,2022-04-05T01:55,0.0
,0,2022-04-05T03:36,0.0
,0,2022-04-05T05:18,0.0
5.359352418314474e-05,287,2022-04-05T06:59,1.2478260869565216
6.905445621761991e-05,121,2022-04-05T08:41,0.5260869565217391
,0,2022-04-05T10:22,0.0
,0,2022-04-05T12:04,0.0
,0,2022-04-05T13:45,0.0
,0,2022-04-05T15:27,0.0
,0,2022-04-05T17:08,0.0
,0,2022-04-05T18:50,0.0
,0,2022-04-05T20:31,0.0
,0,2022-04-05T22:13,0.0
,0,2022-04-05T23:54,0.0
,0,2022-04-06T01:36,0.0
,0,2022-04-06T03:17,0.0
,0,2022-04-06T04:59,0.0
,0,2022-04-06T06:40,0.0
6.883209297138868e-05,288,2022-04-06T08:22,1.2521739130434784
,0,2022-04-06T10:03,0.0
,0,2022-04-06T11:45,0.0
,0,2022-04-06T13:26,0.0
,0,2022-04-06T15:08,0.0
,0,2022-04-06T16:49,0.0
,0,2022-04-06T18:31,0.0
,0,2022-04-06T20:12,0.0
,0,2022-04-06T21:54,0.0
,0,2022-04-06T23:35,0.0
,0,2022-04-07T01:17,0.0
,0,2022-04-07T02:58,0.0
,0,2022-04-07T04:40,0.0
,0,2022-04-07T06:21,0.0
9.673560477300919e-05,287,2022-04-07T08:03,1.2478260869565216
,0,2022-04-07T09:44,0.0
,0,2022-04-07T11:26,0.0
,0,2022-04-07T13:07,0.0
,0,2022-04-07T14:49,0.0
,0,2022-04-07T16:30,0.0
,0,2022-04-07T18:12,0.0
,0,2022-04-07T19:53,0.0
,0,2022-04-07T21:35,0.0
,0,2022-04-07T23:16,0.0
,0,2022-04-08T00:58,0.0
,0,2022-04-08T02:39,0.0
,0,2022-04-08T04:21,0.0
,0,2022-04-08T06:02,0.0
8.671247339489579e-05,287,2022-04-08T07:44,1.2478260869565216
,0,2022-04-08T09:25,0.0
,0,2022-04-08T11:07,0.0
,0,2022-04-08T12:48,0.0
,0,2022-04-08T14:30,0.0
,0,2022-04-08T16:11,0.0
,0,2022-04-08T17:53,0.0
,0,2022-04-08T19:34,0.0
,0,2022-04-08T21:16,0.0
,0,2022-04-08T22:57,0.0
,0,2022-04-09T00:39,0.0
,0,2022-04-09T02:20,0.0
,0,2022-04-09T04:02,0.0
,0,2022-04-09T05:43,0.0
5.6747676961958486e-05,287,2022-04-09T07:25,1.2478260869565216
,0,2022-04-09T09:06,0.0
,0,2022-04-09T10:48,0.0
,0,2022-04-09T12:29,0.0
,0,2022-04-09T14:11,0.0
,0,2022-04-09T15:52,0.0
,0,2022-04-09T17:34,0.0
,0,2022-04-09T19:15,0.0
,0,2022-04-09T20:57,0.0
,0,2022-04-09T22:38,0.0
,0,2022-04-10T00:20,0.0
,0,2022-04-10T02:01,0.0
,0,2022-04-10T03:43,0.0
,0,2022-04-10T05:25,0.0
5.084458050595563e-05,287,2022-04-10T07:06,1.2478260869565216
,0,2022-04-10T08:48,0.0
,0,2022-04-10T10:29,0.0
,0,2022-04-10T12:11,0.0
,0,2022-04-10T13:52,0.0
,0,2022-04-10T15:34,0.0
,0,2022-04-10T17:15,0.0
,0,2022-04-10T18:57,0.0
,0,2022-04-10T20:38,0.0
,0,2022-04-10T22:20,0.0
,0,2022-04-11T00:01,0.0
,0,2022-04-11T01:43,0.0
,0,2022-04-11T03:24,0.0
,0,2022-04-11T05:06,0.0
,0,2022-04-11T06:47,0.0
4.812034890937989e-05,288,2022-04-11T08:29,1.2521739130434784
,0,2022-04-11T10:10,0.0
,0,2022-04-11T11:52,0.0
,0,2022-04-11T13:33,0.0
,0,2022-04-11T15:15,0.0
,0,2022-04-11T16:56,0.0
,0,2022-04-11T18:38,0.0
,0,2022-04-11T20:19,0.0
,0,2022-04-11T22:01,0.0
,0,2022-04-11T23:42,0.0
,0,2022-04-12T01:24,0.0
,0,2022-04-12T03:05,0.0
,0,2022-04-12T04:47,0.0
,0,2022-04-12T06:28,0.0
4.808631062656656e-05,63,2022-04-12T08:10,0.27391304347826084
,0,2022-04-12T09:51,0.0
,0,2022-04-12T11:33,0.0
,0,2022-04-12T13:14,0.0
,0,2022-04-12T14:56,0.0
,0,2022-04-12T16:37,0.0
,0,2022-04-12T18:19,0.0
,0,2022-04-12T20:00,0.0
,0,2022-04-12T21:42,0.0
,0,2022-04-12T23:23,0.0
,0,2022-04-13T01:05,0.0
,0,2022-04-13T02:46,0.0
,0,2022-04-13T04:28,0.0
,0,2022-04-13T06:09,0.0
6.0296691977018105e-05,162,2022-04-13T07:51,0.7043478260869566
,0,2022-04-13T09:32,0.0
,0,2022-04-13T11:14,0.0
,0,2022-04-13T12:55,0.0
,0,2022-04-13T14:37,0.0
,0,2022-04-13T16:18,0.0
,0,2022-04-13T18:00,0.0
,0,2022-04-13T19:41,0.0
,0,2022-04-13T21:23,0.0
,0,2022-04-13T23:04,0.0
,0,2022-04-14T00:46,0.0
,0,2022-04-14T02:27,0.0
,0,2022-04-14T04:09,0.0
,0,2022-04-14T05:50,0.0
6.268599558313186e-05,286,2022-04-14T07:32,1.2434782608695651
,0,2022-04-14T09:13,0.0
,0,2022-04-14T10:55,0.0
,0,2022-04-14T12:36,0.0
,0,2022-04-14T14:18,0.0
,0,2022-04-14T15:59,0.0
,0,2022-04-14T17:41,0.0
,0,2022-04-14T21:04,0.0
,0,2022-04-14T22:45,0.0
,0,2022-04-15T00:27,0.0
,0,2022-04-15T02:08,0.0
,0,2022-04-15T03:50,0.0
,0,2022-04-15T05:31,0.0
4.299036349554978e-05,286,2022-04-15T07:13,1.2434782608695651
,0,2022-04-15T08:54,0.0
,0,2022-04-15T10:36,0.0
,0,2022-04-15T12:17,0.0
,0,2022-04-15T13:59,0.0
,0,2022-04-15T15:40,0.0
,0,2022-04-15T17:22,0.0
,0,2022-04-15T19:03,0.0
,0,2022-04-15T20:45,0.0
,0,2022-04-15T22:26,0.0
,0,2022-04-16T00:08,0.0
,0,2022-04-16T01:49,0.0
,0,2022-04-16T03:31,0.0
,0,2022-04-16T05:12,0.0
,0,2022-04-16T06:54,0.0
5.1408933476820276e-05,286,2022-04-16T08:35,1.2434782608695651
,0,2022-04-16T10:17,0.0
,0,2022-04-16T11:58,0.0
,0,2022-04-16T13:40,0.0
,0,2022-04-16T15:21,0.0
,0,2022-04-16T17:03,0.0
,0,2022-04-16T18:44,0.0
,0,2022-04-16T20:26,0.0
,0,2022-04-16T22:07,0.0
,0,2022-04-16T23:49,0.0
,0,2022-04-17T01:30,0.0
,0,2022-04-17T03:12,0.0
,0,2022-04-17T04:54,0.0
,0,2022-04-17T06:35,0.0
5.135363332500943e-05,286,2022-04-17T08:17,1.2434782608695651
,0,2022-04-17T09:58,0.0
,0,2022-04-17T11:40,0.0
,0,2022-04-17T13:21,0.0
,0,2022-04-17T15:03,0.0
,0,2022-04-17T16:44,0.0
,0,2022-04-17T18:26,0.0
,0,2022-04-17T20:07,0.0
,0,2022-04-17T21:49,0.0
,0,2022-04-17T23:30,0.0
,0,2022-04-18T01:12,0.0
,0,2022-04-18T02:53,0.0
,0,2022-04-18T04:35,0.0
,0,2022-04-18T06:16,0.0
6.438196372616322e-05,286,2022-04-18T07:58,1.2434782608695651
,0,2022-04-18T09:39,0.0
,0,2022-04-18T11:21,0.0
,0,2022-04-18T13:02,0.0
,0,2022-04-18T14:44,0.0
,0,2022-04-18T16:25,0.0
,0,2022-04-18T18:07,0.0
,0,2022-04-18T19:48,0.0
,0,2022-04-18T21:30,0.0
,0,2022-04-18T23:11,0.0
,0,2022-04-19T00:53,0.0
,0,2022-04-19T02:34,0.0
,0,2022-04-19T04:16,0.0
,0,2022-04-19T05:57,0.0
6.0184895072422476e-05,286,2022-04-19T07:39,1.2434782608695651
,0,2022-04-19T09:20,0.0
,0,2022-04-19T11:02,0.0
,0,2022-04-19T12:43,0.0
,0,2022-04-19T14:25,0.0
,0,2022-04-19T16:06,0.0
,0,2022-04-19T17:48,0.0
,0,2022-04-19T19:29,0.0
,0,2022-04-19T21:11,0.0
,0,2022-04-19T22:52,0.0
,0,2022-04-20T00:34,0.0
,0,2022-04-20T02:15,0.0
,0,2022-04-20T03:57,0.0
,0,2022-04-20T05:38,0.0
5.897924497919762e-05,286,2022-04-20T07:20,1.2434782608695651
,0,2022-04-20T09:01,0.0
,0,2022-04-20T10:43,0.0
,0,2022-04-20T12:24,0.0
,0,2022-04-20T14:06,0.0
,0,2022-04-20T15:47,0.0
,0,2022-04-20T17:29,0.0
,0,2022-04-20T19:10,0.0
,0,2022-04-20T20:52,0.0
,0,2022-04-20T22:33,0.0
,0,2022-04-21T00:15,0.0
,0,2022-04-21T01:56,0.0
,0,2022-04-21T03:38,0.0
,0,2022-04-21T05:19,0.0
,0,2022-04-21T07:01,0.0
4.4657441220812886e-05,25,2022-04-21T08:42,0.10869565217391304
,0,2022-04-21T10:24,0.0
,0,2022-04-21T12:05,0.0
,0,2022-04-21T13:47,0.0
,0,2022-04-21T15:28,0.0
,0,2022-04-21T17:10,0.0
,0,2022-04-21T18:51,0.0
,0,2022-04-21T20:33,0.0
,0,2022-04-21T22:14,0.0
,0,2022-04-21T23:56,0.0
,0,2022-04-22T01:37,0.0
,0,2022-04-22T03:19,0.0
,0,2022-04-22T05:00,0.0
,0,2022-04-22T06:42,0.0
6.893138734184283e-05,286,2022-04-22T08:23,1.2434782608695651
,0,2022-04-22T10:05,0.0
,0,2022-04-22T11:46,0.0
,0,2022-04-22T13:28,0.0
,0,2022-04-22T15:09,0.0
,0,2022-04-22T16:51,0.0
,0,2022-04-22T18:32,0.0
,0,2022-04-22T20:14,0.0
,0,2022-04-22T21:55,0.0
,0,2022-04-22T23:37,0.0
,0,2022-04-23T01:18,0.0
,0,2022-04-23T03:00,0.0
,0,2022-04-23T04:41,0.0
,0,2022-04-23T06:23,0.0
0.0001227537544299314,99,2022-04-23T08:04,0.43043478260869567
,0,2022-04-23T09:46,0.0
,0,2022-04-23T11:27,0.0
,0,2022-04-23T13:09,0.0
,0,2022-04-23T14:50,0.0
,0,2022-04-23T16:32,0.0
,0,2022-04-23T18:13,0.0
,0,2022-04-23T19:55,0.0
,0,2022-04-23T21:36,0.0
,0,2022-04-23T23:18,0.0
,0,2022-04-24T00:59,0.0
,0,2022-04-24T02:41,0.0
,0,2022-04-24T04:22,0.0
,0,2022-04-24T06:04,0.0
7.831716479241215e-05,286,2022-04-24T07:45,1.2434782608695651
,0,2022-04-24T09:27,0.0
,0,2022-04-24T11:08,0.0
,0,2022-04-24T12:50,0.0
,0,2022-04-24T14:31,0.0
,0,2022-04-24T16:13,0.0
,0,2022-04-24T17:54,0.0
,0,2022-04-24T19:36,0.0
,0,2022-04-24T21:17,0.0
,0,2022-04-24T22:59,0.0
,0,2022-04-25T00:40,0.0
,0,2022-04-25T02:22,0.0
,0,2022-04-25T04:03,0.0
,0,2022-04-25T05:45,0.0
6.914022404444114e-05,286,2022-04-25T07:26,1.2434782608695651
,0,2022-04-25T09:08,0.0
,0,2022-04-25T10:49,0.0
,0,2022-04-25T12:31,0.0
,0,2022-04-25T14:12,0.0
,0,2022-04-25T15:54,0.0
,0,2022-04-25T17:36,0.0
,0,2022-04-25T19:17,0.0
,0,2022-04-25T20:59,0.0
,0,2022-04-25T22:40,0.0
,0,2022-04-26T00:22,0.0
,0,2022-04-26T02:03,0.0
,0,2022-04-26T03:45,0.0
,0,2022-04-26T05:26,0.0
6.046714886253956e-05,55,2022-04-26T07:08,0.2391304347826087
,0,2022-04-26T08:49,0.0
,0,2022-04-26T10:31,0.0
,0,2022-04-26T12:12,0.0
,0,2022-04-26T13:54,0.0
,0,2022-04-26T15:35,0.0
,0,2022-04-26T17:17,0.0
,0,2022-04-26T18:58,0.0
,0,2022-04-26T20:40,0.0
,0,2022-04-26T22:21,0.0
,0,2022-04-27T00:03,0.0
,0,2022-04-27T01:44,0.0
,0,2022-04-27T03:26,0.0
,0,2022-04-27T05:07,0.0
,0,2022-04-27T06:49,0.0
5.756973260483672e-05,184,2022-04-27T08:30,0.8
,0,2022-04-27T10:12,0.0
,0,2022-04-27T11:53,0.0
,0,2022-04-27T13:35,0.0
,0,2022-04-27T15:16,0.0
,0,2022-04-27T16:58,0.0
,0,2022-04-27T18:39,0.0
,0,2022-04-27T20:21,0.0
,0,2022-04-27T22:02,0.0
,0,2022-04-27T23:44,0.0
,0,2022-04-28T01:25,0.0
,0,2022-04-28T03:07,0.0
,0,2022-04-28T04:48,0.0
,0,2022-04-28T06:30,0.0
7.152825399995498e-05,210,2022-04-28T08:11,0.9130434782608695
,0,2022-04-28T09:53,0.0
,0,2022-04-28T11:34,0.0
,0,2022-04-28T13:16,0.0
,0,2022-04-28T14:57,0.0
,0,2022-04-28T16:39,0.0
,0,2022-04-28T18:20,0.0
,0,2022-04-28T20:02,0.0
,0,2022-04-28T21:43,0.0
,0,2022-04-28T23:25,0.0
,0,2022-04-29T01:06,0.0
,0,2022-04-29T02:48,0.0
,0,2022-04-29T04:29,0.0
,0,2022-04-29T06:11,0.0
6.037682754259898e-05,286,2022-04-29T07:52,1.2434782608695651
,0,2022-04-29T09:34,0.0
,0,2022-04-29T11:15,0.0
,0,2022-04-29T12:57,0.0
,0,2022-04-29T14:38,0.0
,0,2022-04-29T16:20,0.0
,0,2022-04-29T18:01,0.0
,0,2022-04-29T19:43,0.0
,0,2022-04-29T21:24,0.0
,0,2022-04-29T23:06,0.0
,0,2022-04-30T00:47,0.0
,0,2022-04-30T02:29,0.0
,0,2022-04-30T04:10,0.0
,0,2022-04-30T05:52,0.0
5.0531379658598994e-05,286,2022-04-30T07:33,1.2434782608695651
,0,2022-04-30T09:15,0.0
,0,2022-04-30T10:56,0.0
,0,2022-04-30T12:38,0.0
,0,2022-04-30T14:19,0.0
,0,2022-04-30T16:01,0.0
,0,2022-04-30T17:42,0.0
,0,2022-04-30T19:24,0.0
,0,2022-04-30T21:05,0.0
,0,2022-04-30T22:47,0.0
,0,2022-05-02T00:09,0.0
,0,2022-05-02T01:51,0.0
,0,2022-05-02T03:32,0.0
,0,2022-05-02T05:14,0.0
,0,2022-05-02T06:55,0.0
3.433063543732391e-05,286,2022-05-02T08:37,1.2434782608695651
,0,2022-05-02T10:18,0.0
,0,2022-05-02T12:00,0.0
,0,2022-05-02T13:41,0.0
,0,2022-05-02T15:23,0.0
,0,2022-05-02T17:04,0.0
,0,2022-05-02T18:46,0.0
,0,2022-05-02T20:27,0.0
,0,2022-05-02T22:09,0.0
,0,2022-05-02T23:50,0.0
,0,2022-05-03T01:32,0.0
,0,2022-05-03T03:13,0.0
,0,2022-05-03T04:55,0.0
,0,2022-05-03T06:36,0.0
4.0091656479625577e-05,286,2022-05-03T08:18,1.2434782608695651
,0,2022-05-03T09:59,0.0
,0,2022-05-03T11:41,0.0
,0,2022-05-03T13:22,0.0
,0,2022-05-03T15:04,0.0
,0,2022-05-03T16:45,0.0
,0,2022-05-03T18:27,0.0
,0,2022-05-03T20:08,0.0
,0,2022-05-03T21:50,0.0
,0,2022-05-03T23:31,0.0
,0,2022-05-04T01:13,0.0
,0,2022-05-04T02:54,0.0
,0,2022-05-04T04:36,0.0
,0,2022-05-04T06:17,0.0
5.2247902222122936e-05,286,2022-05-04T07:59,1.2434782608695651
,0,2022-05-04T09:40,0.0
,0,2022-05-04T11:22,0.0
,0,2022-05-04T13:03,0.0
,0,2022-05-04T14:45,0.0
,0,2022-05-04T16:26,0.0
,0,2022-05-04T18:08,0.0
,0,2022-05-04T19:49,0.0
,0,2022-05-04T21:31,0.0
,0,2022-05-04T23:12,0.0
,0,2022-05-05T00:54,0.0
,0,2022-05-05T02:35,0.0
,0,2022-05-05T04:17,0.0
,0,2022-05-05T05:58,0.0
8.300046767679369e-05,174,2022-05-05T07:40,0.7565217391304347
,0,2022-05-05T09:21,0.0
,0,2022-05-05T11:03,0.0
,0,2022-05-05T12:44,0.0
,0,2022-05-05T14:26,0.0
,0,2022-05-05T16:07,0.0
,0,2022-05-05T17:49,0.0
,0,2022-05-05T19:30,0.0
,0,2022-05-05T21:12,0.0
,0,2022-05-05T22:53,0.0
,0,2022-05-06T00:35,0.0
,0,2022-05-06T02:16,0.0
,0,2022-05-06T03:58,0.0
,0,2022-05-06T05:39,0.0
4.751020131427698e-05,286,2022-05-06T07:21,1.2434782608695651
,0,2022-05-06T09:03,0.0
,0,2022-05-06T10:44,0.0
,0,2022-05-06T12:25,0.0
,0,2022-05-06T14:07,0.0
,0,2022-05-06T15:49,0.0
,0,2022-05-06T17:30,0.0
,0,2022-05-06T19:12,0.0
,0,2022-05-06T20:53,0.0
,0,2022-05-06T22:35,0.0
,0,2022-05-07T00:16,0.0
,0,2022-05-07T01:58,0.0
,0,2022-05-07T03:39,0.0
,0,2022-05-07T05:21,0.0
4.817368468101323e-05,222,2022-05-07T07:02,0.9652173913043478
5.171776058415446e-05,286,2022-05-07T08:44,1.2434782608695651
,0,2022-05-07T10:25,0.0
,0,2022-05-07T12:07,0.0
,0,2022-05-07T13:48,0.0
,0,2022-05-07T15:30,0.0
,0,2022-05-07T17:11,0.0
,0,2022-05-07T18:53,0.0
,0,2022-05-07T20:34,0.0
,0,2022-05-07T22:16,0.0
,0,2022-05-07T23:57,0.0
,0,2022-05-08T01:39,0.0
,0,2022-05-08T03:20,0.0
,0,2022-05-08T05:02,0.0
,0,2022-05-08T06:43,0.0
3.228457027196379e-05,27,2022-05-08T08:25,0.11739130434782609
,0,2022-05-08T10:06,0.0
,0,2022-05-08T11:48,0.0
,0,2022-05-08T13:29,0.0
,0,2022-05-08T15:11,0.0
,0,2022-05-08T16:52,0.0
,0,2022-05-08T18:34,0.0
,0,2022-05-08T20:15,0.0
,0,2022-05-08T21:57,0.0
,0,2022-05-08T23:38,0.0
,0,2022-05-09T01:20,0.0
,0,2022-05-09T03:01,0.0
,0,2022-05-09T04:43,0.0
,0,2022-05-09T06:24,0.0
5.4315945950026295e-05,286,2022-05-09T08:06,1.2434782608695651
,0,2022-05-09T09:47,0.0
,0,2022-05-09T11:29,0.0
,0,2022-05-09T13:10,0.0
,0,2022-05-09T14:52,0.0
,0,2022-05-09T16:33,0.0
,0,2022-05-09T18:15,0.0
,0,2022-05-09T19:56,0.0
,0,2022-05-09T21:38,0.0
,0,2022-05-09T23:19,0.0
,0,2022-05-10T01:01,0.0
,0,2022-05-10T02:42,0.0
,0,2022-05-10T04:24,0.0
,0,2022-05-10T06:05,0.0
3.864249514406602e-05,5,2022-05-10T07:47,0.021739130434782608
,0,2022-05-10T09:28,0.0
,0,2022-05-10T11:10,0.0
,0,2022-05-10T12:51,0.0
,0,2022-05-10T14:33,0.0
,0,2022-05-10T16:14,0.0
,0,2022-05-10T17:56,0.0
,0,2022-05-10T19:37,0.0
,0,2022-05-10T21:19,0.0
,0,2022-05-10T23:00,0.0
,0,2022-05-11T00:42,0.0
,0,2022-05-11T02:23,0.0
,0,2022-05-11T04:05,0.0
,0,2022-05-11T05:46,0.0
6.880278268015136e-05,177,2022-05-11T07:28,0.7695652173913043
,0,2022-05-11T09:09,0.0
,0,2022-05-11T10:51,0.0
,0,2022-05-11T12:32,0.0
,0,2022-05-11T14:14,0.0
,0,2022-05-11T16:38,0.0
,0,2022-05-11T17:37,0.0
,0,2022-05-11T19:18,0.0
,0,2022-05-11T21:00,0.0
,0,2022-05-11T22:41,0.0
,0,2022-05-12T00:23,0.0
,0,2022-05-12T02:04,0.0
,0,2022-05-12T03:46,0.0
,0,2022-05-12T05:27,0.0
4.346562684377073e-05,57,2022-05-12T07:09,0.24782608695652175
,0,2022-05-12T08:50,0.0
,0,2022-05-12T10:32,0.0
,0,2022-05-12T12:13,0.0
,0,2022-05-12T13:55,0.0
,0,2022-05-12T15:36,0.0
,0,2022-05-12T17:18,0.0
,0,2022-05-12T18:59,0.0
,0,2022-05-12T20:41,0.0
,0,2022-05-12T22:22,0.0
,0,2022-05-13T00:04,0.0
,0,2022-05-13T01:45,0.0
,0,2022-05-13T03:27,0.0
,0,2022-05-13T05:08,0.0
,0,2022-05-13T06:50,0.0
4.249593998785632e-05,281,2022-05-13T08:31,1.2217391304347827
,0,2022-05-13T10:13,0.0
,0,2022-05-13T11:54,0.0
,0,2022-05-13T13:36,0.0
,0,2022-05-13T15:17,0.0
,0,2022-05-13T16:59,0.0
,0,2022-05-13T18:40,0.0
,0,2022-05-13T20:22,0.0
,0,2022-05-13T22:03,0.0
,0,2022-05-13T23:45,0.0
,0,2022-05-14T01:26,0.0
,0,2022-05-14T03:08,0.0
,0,2022-05-14T04:49,0.0
,0,2022-05-14T06:31,0.0
4.120217135366044e-05,283,2022-05-14T08:12,1.2304347826086957
,0,2022-05-14T09:54,0.0
,0,2022-05-14T11:35,0.0
,0,2022-05-14T13:17,0.0
,0,2022-05-14T14:58,0.0
,0,2022-05-14T16:40,0.0
,0,2022-05-14T18:21,0.0
,0,2022-05-14T20:03,0.0
,0,2022-05-14T21:44,0.0
,0,2022-05-14T23:26,0.0
,0,2022-05-15T01:07,0.0
,0,2022-05-15T02:49,0.0
,0,2022-05-15T04:30,0.0
,0,2022-05-15T06:12,0.0
4.235774588746399e-05,286,2022-05-15T07:53,1.2434782608695651
,0,2022-05-15T09:35,0.0
,0,2022-05-15T11:16,0.0
,0,2022-05-15T12:58,0.0
,0,2022-05-15T14:39,0.0
,0,2022-05-15T16:21,0.0
,0,2022-05-15T18:02,0.0
,0,2022-05-15T19:44,0.0
,0,2022-05-15T21:25,0.0
,0,2022-05-15T23:07,0.0
,0,2022-05-16T00:48,0.0
,0,2022-05-16T02:30,0.0
,0,2022-05-16T04:11,0.0
,0,2022-05-16T05:53,0.0
4.77791156109269e-05,286,2022-05-16T07:34,1.2434782608695651
,0,2022-05-16T09:16,0.0
,0,2022-05-16T10:57,0.0
,0,2022-05-16T12:39,0.0
,0,2022-05-16T14:20,0.0
,0,2022-05-16T16:02,0.0
,0,2022-05-16T17:43,0.0
,0,2022-05-16T19:25,0.0
,0,2022-05-16T21:06,0.0
,0,2022-05-16T22:48,0.0
,0,2022-05-17T00:29,0.0
,0,2022-05-17T02:11,0.0
,0,2022-05-17T03:52,0.0
,0,2022-05-17T05:34,0.0
4.441872579964942e-05,55,2022-05-17T07:15,0.2391304347826087
,0,2022-05-17T08:57,0.0
,0,2022-05-17T10:38,0.0
,0,2022-05-17T12:20,0.0
,0,2022-05-17T14:01,0.0
,0,2022-05-17T15:43,0.0
,0,2022-05-17T17:24,0.0
,0,2022-05-17T19:06,0.0
,0,2022-05-17T20:47,0.0
,0,2022-05-17T22:29,0.0
,0,2022-05-18T00:10,0.0
,0,2022-05-18T01:52,0.0
,0,2022-05-18T03:33,0.0
,0,2022-05-18T05:15,0.0
,0,2022-05-18T06:56,0.0
2.7443052139960333e-05,151,2022-05-18T08:38,0.6565217391304348
,0,2022-05-18T10:19,0.0
,0,2022-05-18T12:01,0.0
,0,2022-05-18T13:42,0.0
,0,2022-05-18T15:24,0.0
,0,2022-05-18T17:05,0.0
,0,2022-05-18T18:47,0.0
,0,2022-05-18T20:28,0.0
,0,2022-05-18T22:10,0.0
,0,2022-05-18T23:51,0.0
,0,2022-05-19T01:33,0.0
,0,2022-05-19T03:14,0.0
,0,2022-05-19T04:56,0.0
,0,2022-05-19T06:37,0.0
,0,2022-05-19T08:19,0.0
,0,2022-05-19T10:00,0.0
,0,2022-05-19T11:42,0.0
,0,2022-05-19T13:23,0.0
,0,2022-05-19T15:05,0.0
,0,2022-05-19T16:46,0.0
,0,2022-05-19T18:28,0.0
,0,2022-05-19T20:09,0.0
,0,2022-05-19T21:51,0.0
,0,2022-05-19T23:32,0.0
,0,2022-05-20T01:14,0.0
,0,2022-05-20T02:55,0.0
,0,2022-05-20T04:37,0.0
,0,2022-05-20T06:18,0.0
,0,2022-05-20T08:00,0.0
,0,2022-05-20T09:41,0.0
,0,2022-05-20T11:23,0.0
,0,2022-05-20T13:04,0.0
,0,2022-05-20T14:46,0.0
,0,2022-05-20T16:27,0.0
,0,2022-05-20T18:09,0.0
,0,2022-05-20T19:50,0.0
,0,2022-05-20T21:32,0.0
,0,2022-05-20T23:13,0.0
,0,2022-05-21T00:55,0.0
,0,2022-05-21T02:36,0.0
,0,2022-05-21T04:18,0.0
,0,2022-05-21T05:59,0.0
3.465629917762463e-05,286,2022-05-21T07:41,1.2434782608695651
,0,2022-05-21T09:22,0.0
,0,2022-05-21T11:04,0.0
,0,2022-05-21T12:45,0.0
,0,2022-05-21T14:27,0.0
,0,2022-05-21T16:08,0.0
,0,2022-05-21T17:50,0.0
,0,2022-05-21T19:31,0.0
,0,2022-05-21T21:13,0.0
,0,2022-05-21T22:54,0.0
,0,2022-05-22T00:36,0.0
,0,2022-05-22T02:17,0.0
,0,2022-05-22T03:59,0.0
,0,2022-05-22T05:40,0.0
2.7938040949964285e-05,286,2022-05-22T07:22,1.2434782608695651
,0,2022-05-22T09:03,0.0
,0,2022-05-22T10:45,0.0
,0,2022-05-22T12:26,0.0
,0,2022-05-22T14:08,0.0
,0,2022-05-22T15:49,0.0
,0,2022-05-22T17:31,0.0
,0,2022-05-22T19:12,0.0
,0,2022-05-22T20:54,0.0
,0,2022-05-22T22:35,0.0
,0,2022-05-23T00:17,0.0
,0,2022-05-23T01:58,0.0
,0,2022-05-23T03:40,0.0
,0,2022-05-23T05:21,0.0
2.3248147795516214e-05,192,2022-05-23T07:03,0.8347826086956521
1.8905584139137874e-05,286,2022-05-23T08:44,1.2434782608695651
,0,2022-05-23T10:26,0.0
,0,2022-05-23T12:07,0.0
,0,2022-05-23T13:49,0.0
,0,2022-05-23T15:30,0.0
,0,2022-05-23T17:12,0.0
,0,2022-05-23T18:53,0.0
,0,2022-05-23T20:35,0.0
,0,2022-05-23T22:16,0.0
,0,2022-05-23T23:58,0.0
,0,2022-05-24T01:39,0.0
,0,2022-05-24T03:21,0.0
,0,2022-05-24T05:02,0.0
,0,2022-05-24T06:44,0.0
1.8997420623307307e-05,244,2022-05-24T08:25,1.0608695652173914
,0,2022-05-24T10:07,0.0
,0,2022-05-24T11:48,0.0
,0,2022-05-24T13:30,0.0
,0,2022-05-24T15:11,0.0
,0,2022-05-24T16:53,0.0
,0,2022-05-24T18:34,0.0
,0,2022-05-24T20:16,0.0
,0,2022-05-24T21:57,0.0
,0,2022-05-24T23:39,0.0
,0,2022-05-25T01:20,0.0
,0,2022-05-25T03:02,0.0
,0,2022-05-25T04:43,0.0
,0,2022-05-25T06:25,0.0
3.1653197097330796e-05,286,2022-05-25T08:06,1.2434782608695651
,0,2022-05-25T09:48,0.0
,0,2022-05-25T11:29,0.0
,0,2022-05-25T13:11,0.0
,0,2022-05-25T14:52,0.0
,0,2022-05-25T16:34,0.0
,0,2022-05-25T18:15,0.0
,0,2022-05-25T19:57,0.0
,0,2022-05-25T21:38,0.0
,0,2022-05-25T23:20,0.0
,0,2022-05-26T01:01,0.0
,0,2022-05-26T02:43,0.0
,0,2022-05-26T04:24,0.0
,0,2022-05-26T06:06,0.0
4.1135810451413254e-05,286,2022-05-26T07:47,1.2434782608695651
,0,2022-05-26T09:29,0.0
,0,2022-05-26T11:10,0.0
,0,2022-05-26T12:52,0.0
,0,2022-05-26T14:33,0.0
,0,2022-05-26T16:15,0.0
,0,2022-05-26T17:56,0.0
,0,2022-05-26T19:38,0.0
,0,2022-05-26T21:19,0.0
,0,2022-05-26T23:01,0.0
,0,2022-05-27T00:42,0.0
,0,2022-05-27T02:24,0.0
,0,2022-05-27T04:05,0.0
,0,2022-05-27T05:47,0.0
3.966833003083688e-05,286,2022-05-27T07:28,1.2434782608695651
,0,2022-05-27T09:10,0.0
,0,2022-05-27T10:51,0.0
,0,2022-05-27T12:33,0.0
,0,2022-05-27T14:14,0.0
,0,2022-05-27T15:56,0.0
,0,2022-05-27T17:37,0.0
,0,2022-05-27T19:19,0.0
,0,2022-05-27T21:00,0.0
,0,2022-05-27T22:42,0.0
,0,2022-05-28T00:23,0.0
,0,2022-05-28T02:05,0.0
,0,2022-05-28T03:46,0.0
,0,2022-05-28T05:28,0.0
3.17237590472458e-05,286,2022-05-28T07:09,1.2434782608695651
,0,2022-05-28T08:51,0.0
,0,2022-05-28T10:32,0.0
,0,2022-05-28T12:14,0.0
,0,2022-05-28T13:55,0.0
,0,2022-05-28T15:37,0.0
,0,2022-05-28T17:18,0.0
,0,2022-05-28T19:00,0.0
,0,2022-05-28T20:41,0.0
,0,2022-05-28T22:23,0.0
,0,2022-05-29T00:04,0.0
,0,2022-05-29T01:46,0.0
,0,2022-05-29T03:27,0.0
,0,2022-05-29T05:09,0.0
,0,2022-05-29T06:50,0.0
2.8718318901601444e-05,286,2022-05-29T08:32,1.2434782608695651
,0,2022-05-29T10:13,0.0
,0,2022-05-29T11:55,0.0
,0,2022-05-29T13:36,0.0
,0,2022-05-29T15:18,0.0
,0,2022-05-29T16:59,0.0
,0,2022-05-29T18:41,0.0
,0,2022-05-29T20:22,0.0
,0,2022-05-29T22:04,0.0
,0,2022-05-29T23:45,0.0
,0,2022-05-30T01:27,0.0
,0,2022-05-30T03:08,0.0
,0,2022-05-30T04:50,0.0
,0,2022-05-30T06:31,0.0
3.1867504059851975e-05,286,2022-05-30T08:13,1.2434782608695651
,0,2022-05-30T09:54,0.0
,0,2022-05-30T11:36,0.0
,0,2022-05-30T13:17,0.0
,0,2022-05-30T14:59,0.0
,0,2022-05-30T16:40,0.0
,0,2022-05-30T18:22,0.0
,0,2022-05-30T20:03,0.0
,0,2022-05-30T21:45,0.0
,0,2022-05-30T23:26,0.0
,0,2022-05-31T01:08,0.0
,0,2022-05-31T02:49,0.0
,0,2022-05-31T04:31,0.0
,0,2022-05-31T06:12,0.0
4.723566593614338e-05,286,2022-05-31T07:54,1.2434782608695651
,0,2022-05-31T09:35,0.0
,0,2022-05-31T11:17,0.0
,0,2022-05-31T12:58,0.0
,0,2022-05-31T14:40,0.0
,0,2022-05-31T16:21,0.0
,0,2022-05-31T18:03,0.0
,0,2022-05-31T19:44,0.0
,0,2022-05-31T21:26,0.0
,0,2022-05-31T23:07,0.0
,0,2022-10-01T00:55,0.0
,0,2022-10-01T02:36,0.0
,0,2022-10-01T04:17,0.0
,0,2022-10-01T05:59,0.0
3.368138842587543e-05,278,2022-10-01T07:40,1.208695652173913
,0,2022-10-01T09:22,0.0
,0,2022-10-01T11:03,0.0
,0,2022-10-01T12:45,0.0
,0,2022-10-01T14:26,0.0
,0,2022-10-01T16:08,0.0
,0,2022-10-01T17:49,0.0
,0,2022-10-01T19:31,0.0
,0,2022-10-01T21:12,0.0
,0,2022-10-01T22:54,0.0
,0,2022-10-02T00:35,0.0
,0,2022-10-02T02:17,0.0
,0,2022-10-02T03:58,0.0
,0,2022-10-02T05:40,0.0
2.8460315123868455e-05,286,2022-10-02T07:21,1.2434782608695651
,0,2022-10-02T09:03,0.0
,0,2022-10-02T10:44,0.0
,0,2022-10-02T12:26,0.0
,0,2022-10-02T14:07,0.0
,0,2022-10-02T15:49,0.0
,0,2022-10-02T17:30,0.0
,0,2022-10-02T19:12,0.0
,0,2022-10-02T20:53,0.0
,0,2022-10-02T22:35,0.0
,0,2022-10-03T00:16,0.0
,0,2022-10-03T01:58,0.0
,0,2022-10-03T03:39,0.0
,0,2022-10-03T05:21,0.0
2.5776760886224248e-05,253,2022-10-03T07:02,1.1
,0,2022-10-03T08:44,0.0
,0,2022-10-03T10:25,0.0
,0,2022-10-03T12:07,0.0
,0,2022-10-03T13:48,0.0
,0,2022-10-03T15:30,0.0
,0,2022-10-03T17:11,0.0
,0,2022-10-03T18:53,0.0
,0,2022-10-03T20:34,0.0
,0,2022-10-03T22:16,0.0
,0,2022-10-03T23:57,0.0
,0,2022-10-04T01:39,0.0
,0,2022-10-04T03:20,0.0
,0,2022-10-04T05:02,0.0
,0,2022-10-04T06:43,0.0
3.208665327468917e-05,80,2022-10-04T08:25,0.34782608695652173
,0,2022-10-04T10:06,0.0
,0,2022-10-04T11:47,0.0
,0,2022-10-04T13:29,0.0
,0,2022-10-04T15:10,0.0
,0,2022-10-04T16:52,0.0
,0,2022-10-04T18:33,0.0
,0,2022-10-04T20:15,0.0
,0,2022-10-04T21:56,0.0
,0,2022-10-04T23:38,0.0
,0,2022-10-05T01:19,0.0
,0,2022-10-05T03:01,0.0
,0,2022-10-05T04:42,0.0
,0,2022-10-05T06:24,0.0
3.491792854260303e-05,2,2022-10-05T08:05,0.008695652173913044
,0,2022-10-05T09:47,0.0
,0,2022-10-05T11:28,0.0
,0,2022-10-05T13:10,0.0
,0,2022-10-05T14:51,0.0
,0,2022-10-05T16:33,0.0
,0,2022-10-05T18:14,0.0
,0,2022-10-05T19:56,0.0
,0,2022-10-05T21:37,0.0
,0,2022-10-05T23:19,0.0
,0,2022-10-06T01:00,0.0
,0,2022-10-06T02:42,0.0
,0,2022-10-06T04:23,0.0
,0,2022-10-06T06:05,0.0
,0,2022-10-06T07:46,0.0
,0,2022-10-06T09:28,0.0
,0,2022-10-06T11:09,0.0
,0,2022-10-06T12:51,0.0
,0,2022-10-06T14:32,0.0
,0,2022-10-06T16:14,0.0
,0,2022-10-06T17:55,0.0
,0,2022-10-06T19:37,0.0
,0,2022-10-06T21:18,0.0
,0,2022-10-06T23:00,0.0
,0,2022-10-07T00:41,0.0
,0,2022-10-07T02:23,0.0
,0,2022-10-07T04:04,0.0
,0,2022-10-07T05:46,0.0
,0,2022-10-07T07:27,0.0
,0,2022-10-07T09:09,0.0
,0,2022-10-07T10:50,0.0
,0,2022-10-07T12:32,0.0
,0,2022-10-07T14:13,0.0
,0,2022-10-07T15:55,0.0
,0,2022-10-07T17:36,0.0
,0,2022-10-07T19:17,0.0
,0,2022-10-07T20:59,0.0
,0,2022-10-07T22:40,0.0
,0,2022-10-08T00:22,0.0
,0,2022-10-08T02:03,0.0
,0,2022-10-08T03:45,0.0
,0,2022-10-08T05:26,0.0
,0,2022-10-08T07:08,0.0
,0,2022-10-08T08:49,0.0
,0,2022-10-08T10:31,0.0
,0,2022-10-08T12:12,0.0
,0,2022-10-08T13:54,0.0
,0,2022-10-08T15:35,0.0
,0,2022-10-08T17:17,0.0
,0,2022-10-08T18:58,0.0
,0,2022-10-08T20:40,0.0
,0,2022-10-08T22:21,0.0
,0,2022-10-09T00:03,0.0
,0,2022-10-09T01:44,0.0
,0,2022-10-09T03:26,0.0
,0,2022-10-09T05:07,0.0
,0,2022-10-09T06:49,0.0
2.4167898126652978e-05,172,2022-10-09T08:30,0.7478260869565218
,0,2022-10-09T10:12,0.0
,0,2022-10-09T11:53,0.0
,0,2022-10-09T13:35,0.0
,0,2022-10-09T15:16,0.0
,0,2022-10-09T16:58,0.0
,0,2022-10-09T18:39,0.0
,0,2022-10-09T20:21,0.0
,0,2022-10-09T22:02,0.0
,0,2022-10-09T23:44,0.0
,0,2022-10-10T01:25,0.0
,0,2022-10-10T03:07,0.0
,0,2022-10-10T04:48,0.0
,0,2022-10-10T06:30,0.0
,0,2022-10-10T08:11,0.0
,0,2022-10-10T09:53,0.0
,0,2022-10-10T11:34,0.0
,0,2022-10-10T13:16,0.0
,0,2022-10-10T14:57,0.0
,0,2022-10-10T16:39,0.0
,0,2022-10-10T18:20,0.0
,0,2022-10-10T20:02,0.0
,0,2022-10-10T21:43,0.0
,0,2022-10-10T23:25,0.0
,0,2022-10-11T01:06,0.0
,0,2022-10-11T02:47,0.0
,0,2022-10-11T04:29,0.0
,0,2022-10-11T06:10,0.0
3.64335737375987e-05,64,2022-10-11T07:52,0.2782608695652174
,0,2022-10-11T09:33,0.0
,0,2022-10-11T11:15,0.0
,0,2022-10-11T12:56,0.0
,0,2022-10-11T14:38,0.0
,0,2022-10-11T16:19,0.0
,0,2022-10-11T18:01,0.0
,0,2022-10-11T19:42,0.0
,0,2022-10-11T21:24,0.0
,0,2022-10-11T23:05,0.0
,0,2022-10-12T00:47,0.0
,0,2022-10-12T02:28,0.0
,0,2022-10-12T04:10,0.0
,0,2022-10-12T05:51,0.0
,0,2022-10-12T07:33,0.0
,0,2022-10-12T09:14,0.0
,0,2022-10-12T10:56,0.0
,0,2022-10-12T12:37,0.0
,0,2022-10-12T14:19,0.0
,0,2022-10-12T16:00,0.0
,0,2022-10-12T17:42,0.0
,0,2022-10-12T19:23,0.0
,0,2022-10-12T21:05,0.0
,0,2022-10-12T22:46,0.0
,0,2022-10-13T00:28,0.0
,0,2022-10-13T02:09,0.0
,0,2022-10-13T03:51,0.0
,0,2022-10-13T05:32,0.0
,0,2022-10-13T07:14,0.0
,0,2022-10-13T08:55,0.0
,0,2022-10-13T10:37,0.0
,0,2022-10-13T12:18,0.0
,0,2022-10-13T14:00,0.0
,0,2022-10-13T15:41,0.0
,0,2022-10-13T17:23,0.0
,0,2022-10-13T19:04,0.0
,0,2022-10-13T20:46,0.0
,0,2022-10-13T22:27,0.0
,0,2022-10-14T00:09,0.0
,0,2022-10-14T01:50,0.0
,0,2022-10-14T03:32,0.0
,0,2022-10-14T05:13,0.0
,0,2022-10-14T06:54,0.0
,0,2022-10-14T08:36,0.0
,0,2022-10-14T10:17,0.0
,0,2022-10-14T11:59,0.0
,0,2022-10-14T13:40,0.0
,0,2022-10-14T15:22,0.0
,0,2022-10-14T17:03,0.0
,0,2022-10-14T18:45,0.0
,0,2022-10-14T20:26,0.0
,0,2022-10-14T22:08,0.0
,0,2022-10-14T23:49,0.0
,0,2022-10-15T01:31,0.0
,0,2022-10-15T03:12,0.0
,0,2022-10-15T04:54,0.0
,0,2022-10-15T06:35,0.0
3.940531698239307e-05,213,2022-10-15T08:17,0.9260869565217391
,0,2022-10-15T09:58,0.0
,0,2022-10-15T11:40,0.0
,0,2022-10-15T13:21,0.0
,0,2022-10-15T15:03,0.0
,0,2022-10-15T16:44,0.0
,0,2022-10-15T18:26,0.0
,0,2022-10-15T20:07,0.0
,0,2022-10-15T21:49,0.0
,0,2022-10-15T23:30,0.0
,0,2022-10-16T01:12,0.0
,0,2022-10-16T02:53,0.0
,0,2022-10-16T04:35,0.0
,0,2022-10-16T06:16,0.0
,0,2022-10-16T07:58,0.0
,0,2022-10-16T09:39,0.0
,0,2022-10-16T11:21,0.0
,0,2022-10-16T13:02,0.0
,0,2022-10-16T14:44,0.0
,0,2022-10-16T16:25,0.0
,0,2022-10-16T18:07,0.0
,0,2022-10-16T19:48,0.0
,0,2022-10-16T21:30,0.0
,0,2022-10-16T23:11,0.0
,0,2022-10-17T00:53,0.0
,0,2022-10-17T02:34,0.0
,0,2022-10-17T04:16,0.0
,0,2022-10-17T05:57,0.0
5.825504446864654e-05,2,2022-10-17T07:39,0.008695652173913044
,0,2022-10-17T09:20,0.0
,0,2022-10-17T11:01,0.0
,0,2022-10-17T12:43,0.0
,0,2022-10-17T14:24,0.0
,0,2022-10-17T16:06,0.0
,0,2022-10-17T17:47,0.0
,0,2022-10-17T19:29,0.0
,0,2022-10-17T21:10,0.0
,0,2022-10-17T22:52,0.0
,0,2022-10-18T00:33,0.0
,0,2022-10-18T02:15,0.0
,0,2022-10-18T03:56,0.0
,0,2022-10-18T05:38,0.0
5.7285788622045154e-05,286,2022-10-18T07:19,1.2434782608695651
,0,2022-10-18T09:01,0.0
,0,2022-10-18T10:42,0.0
,0,2022-10-18T12:24,0.0
,0,2022-10-18T14:05,0.0
,0,2022-10-18T15:47,0.0
,0,2022-10-18T17:28,0.0
,0,2022-10-18T19:10,0.0
,0,2022-10-18T20:51,0.0
,0,2022-10-18T22:33,0.0
,0,2022-10-19T00:14,0.0
,0,2022-10-19T01:56,0.0
,0,2022-10-19T03:37,0.0
,0,2022-10-19T05:19,0.0
5.151031655272556e-05,226,2022-10-19T07:00,0.9826086956521739
,0,2022-10-19T08:42,0.0
,0,2022-10-19T10:23,0.0
,0,2022-10-19T12:05,0.0
,0,2022-10-19T13:46,0.0
,0,2022-10-19T15:28,0.0
,0,2022-10-19T17:09,0.0
,0,2022-10-19T18:51,0.0
,0,2022-10-19T20:32,0.0
,0,2022-10-19T22:14,0.0
,0,2022-10-19T23:55,0.0
,0,2022-10-20T01:37,0.0
,0,2022-10-20T03:18,0.0
,0,2022-10-20T05:00,0.0
,0,2022-10-20T06:41,0.0
5.270129182006275e-05,91,2022-10-20T08:23,0.39565217391304347
,0,2022-10-20T10:04,0.0
,0,2022-10-20T11:46,0.0
,0,2022-10-20T13:27,0.0
,0,2022-10-20T15:09,0.0
,0,2022-10-20T16:50,0.0
,0,2022-10-20T18:32,0.0
,0,2022-10-20T20:13,0.0
,0,2022-10-20T21:55,0.0
,0,2022-10-20T23:36,0.0
,0,2022-10-21T01:17,0.0
,0,2022-10-21T02:59,0.0
,0,2022-10-21T04:40,0.0
,0,2022-10-21T06:22,0.0
5.0004396126986015e-05,36,2022-10-21T08:03,0.1565217391304348
,0,2022-10-21T09:45,0.0
,0,2022-10-21T11:26,0.0
,0,2022-10-21T13:08,0.0
,0,2022-10-21T14:49,0.0
,0,2022-10-21T16:31,0.0
,0,2022-10-21T18:12,0.0
,0,2022-10-21T19:54,0.0
,0,2022-10-21T21:35,0.0
,0,2022-10-21T23:17,0.0
,0,2022-10-22T00:58,0.0
,0,2022-10-22T02:40,0.0
,0,2022-10-22T04:21,0.0
,0,2022-10-22T06:03,0.0
1.3277842713020697e-05,1,2022-10-22T07:44,0.004347826086956522
,0,2022-10-22T09:26,0.0
,0,2022-10-22T11:07,0.0
,0,2022-10-22T12:49,0.0
,0,2022-10-22T14:30,0.0
,0,2022-10-22T16:12,0.0
,0,2022-10-22T17:53,0.0
,0,2022-10-22T19:35,0.0
,0,2022-10-22T21:16,0.0
,0,2022-10-22T22:58,0.0
,0,2022-10-23T00:39,0.0
,0,2022-10-23T02:21,0.0
,0,2022-10-23T04:02,0.0
,0,2022-10-23T05:44,0.0
5.190511425277932e-05,286,2022-10-23T07:25,1.2434782608695651
,0,2022-10-23T09:07,0.0
,0,2022-10-23T10:48,0.0
,0,2022-10-23T12:30,0.0
,0,2022-10-23T14:11,0.0
,0,2022-10-23T15:53,0.0
,0,2022-10-23T17:34,0.0
,0,2022-10-23T19:16,0.0
,0,2022-10-23T20:57,0.0
,0,2022-10-23T22:39,0.0
,0,2022-10-24T00:20,0.0
,0,2022-10-24T02:02,0.0
,0,2022-10-24T03:43,0.0
,0,2022-10-24T05:25,0.0
4.049243790503005e-05,286,2022-10-24T07:06,1.2434782608695651
,0,2022-10-24T08:48,0.0
,0,2022-10-24T10:29,0.0
,0,2022-10-24T12:11,0.0
,0,2022-10-24T13:52,0.0
,0,2022-10-24T15:34,0.0
,0,2022-10-24T17:15,0.0
,0,2022-10-24T18:57,0.0
,0,2022-10-24T20:38,0.0
,0,2022-10-24T22:20,0.0
,0,2022-10-25T00:01,0.0
,0,2022-10-25T01:43,0.0
,0,2022-10-25T03:24,0.0
,0,2022-10-25T05:06,0.0
,0,2022-10-25T06:47,0.0
4.490328731810978e-05,286,2022-10-25T08:29,1.2434782608695651
,0,2022-10-25T10:10,0.0
,0,2022-10-25T11:51,0.0
,0,2022-10-25T13:33,0.0
,0,2022-10-25T15:14,0.0
,0,2022-10-25T16:56,0.0
,0,2022-10-25T18:37,0.0
,0,2022-10-25T20:19,0.0
,0,2022-10-25T22:00,0.0
,0,2022-10-25T23:42,0.0
,0,2022-10-26T01:23,0.0
,0,2022-10-26T03:05,0.0
,0,2022-10-26T04:46,0.0
,0,2022-10-26T06:28,0.0
4.480292051519152e-05,286,2022-10-26T08:09,1.2434782608695651
,0,2022-10-26T09:51,0.0
,0,2022-10-26T11:32,0.0
,0,2022-10-26T13:14,0.0
,0,2022-10-26T14:55,0.0
,0,2022-10-26T16:37,0.0
,0,2022-10-26T18:18,0.0
,0,2022-10-26T20:00,0.0
,0,2022-10-26T21:41,0.0
,0,2022-10-26T23:23,0.0
,0,2022-10-27T01:04,0.0
,0,2022-10-27T02:46,0.0
,0,2022-10-27T04:27,0.0
,0,2022-10-27T06:09,0.0
5.2394229675691755e-05,286,2022-10-27T07:50,1.2434782608695651
,0,2022-10-27T09:32,0.0
,0,2022-10-27T11:13,0.0
,0,2022-10-27T12:55,0.0
,0,2022-10-27T14:36,0.0
,0,2022-10-27T16:18,0.0
,0,2022-10-27T17:59,0.0
,0,2022-10-27T19:41,0.0
,0,2022-10-27T21:22,0.0
,0,2022-10-27T23:04,0.0
,0,2022-10-28T00:45,0.0
,0,2022-10-28T02:27,0.0
,0,2022-10-28T04:08,0.0
,0,2022-10-28T05:50,0.0
4.6827574961554466e-05,286,2022-10-28T07:31,1.2434782608695651
,0,2022-10-28T09:13,0.0
,0,2022-10-28T10:54,0.0
,0,2022-10-28T12:36,0.0
,0,2022-10-28T14:17,0.0
,0,2022-10-28T15:59,0.0
,0,2022-10-28T17:40,0.0
,0,2022-10-28T19:22,0.0
,0,2022-10-28T21:03,0.0
,0,2022-10-28T22:45,0.0
,0,2022-10-29T00:26,0.0
,0,2022-10-29T02:08,0.0
,0,2022-10-29T03:49,0.0
,0,2022-10-29T05:31,0.0
4.659806291727312e-05,286,2022-10-29T07:12,1.2434782608695651
,0,2022-10-29T08:54,0.0
,0,2022-10-29T10:35,0.0
,0,2022-10-29T12:17,0.0
,0,2022-10-29T13:58,0.0
,0,2022-10-29T15:40,0.0
,0,2022-10-29T17:21,0.0
,0,2022-10-29T19:03,0.0
,0,2022-10-29T20:44,0.0
,0,2022-10-29T22:26,0.0
,0,2022-10-30T00:07,0.0
,0,2022-10-30T01:48,0.0
,0,2022-10-30T03:30,0.0
,0,2022-10-30T05:11,0.0
4.298020418762326e-05,286,2022-10-30T06:53,1.2434782608695651
5.453318303668977e-05,286,2022-10-30T08:34,1.2434782608695651
,0,2022-10-30T10:16,0.0
,0,2022-10-30T11:57,0.0
,0,2022-10-30T13:39,0.0
,0,2022-10-30T15:20,0.0
,0,2022-10-30T17:02,0.0
,0,2022-10-30T18:43,0.0
,0,2022-10-30T20:25,0.0
,0,2022-10-30T22:06,0.0
,0,2022-10-30T23:48,0.0
,0,2022-10-31T01:29,0.0
,0,2022-10-31T03:11,0.0
,0,2022-10-31T04:52,0.0
,0,2022-10-31T06:34,0.0
5.486360654879158e-05,286,2022-10-31T08:15,1.2434782608695651
,0,2022-10-31T09:57,0.0
,0,2022-10-31T11:38,0.0
,0,2022-10-31T13:20,0.0
,0,2022-10-31T15:01,0.0
,0,2022-10-31T16:43,0.0
,0,2022-10-31T18:24,0.0
,0,2022-10-31T20:06,0.0
,0,2022-10-31T21:47,0.0
,0,2022-10-31T23:29,0.0
,0,2022-11-01T01:10,0.0
,0,2022-11-01T02:52,0.0
,0,2022-11-01T04:33,0.0
,0,2022-11-01T06:15,0.0
5.70140830744407e-05,286,2022-11-01T07:56,1.2434782608695651
,0,2022-11-01T09:38,0.0
,0,2022-11-01T11:19,0.0
,0,2022-11-01T13:01,0.0
,0,2022-11-01T14:42,0.0
,0,2022-11-01T16:24,0.0
,0,2022-11-01T18:05,0.0
,0,2022-11-01T19:47,0.0
,0,2022-11-01T21:28,0.0
,0,2022-11-01T23:10,0.0
,0,2022-11-02T00:51,0.0
,0,2022-11-02T02:33,0.0
,0,2022-11-02T04:14,0.0
,0,2022-11-02T05:56,0.0
5.913553759945119e-05,286,2022-11-02T07:37,1.2434782608695651
,0,2022-11-02T09:19,0.0
,0,2022-11-02T11:00,0.0
,0,2022-11-02T12:42,0.0
,0,2022-11-02T14:23,0.0
,0,2022-11-02T16:05,0.0
,0,2022-11-02T17:46,0.0
,0,2022-11-02T19:28,0.0
,0,2022-11-02T21:09,0.0
,0,2022-11-02T22:51,0.0
,0,2022-11-03T00:32,0.0
,0,2022-11-03T02:14,0.0
,0,2022-11-03T03:55,0.0
,0,2022-11-03T05:37,0.0
5.837439345960263e-05,286,2022-11-03T07:18,1.2434782608695651
,0,2022-11-03T09:00,0.0
,0,2022-11-03T10:41,0.0
,0,2022-11-03T12:23,0.0
,0,2022-11-03T14:04,0.0
,0,2022-11-03T15:46,0.0
,0,2022-11-03T17:27,0.0
,0,2022-11-03T19:09,0.0
,0,2022-11-03T20:50,0.0
,0,2022-11-03T22:31,0.0
,0,2022-11-04T00:13,0.0
,0,2022-11-04T01:54,0.0
,0,2022-11-04T03:36,0.0
,0,2022-11-04T05:17,0.0
4.733328242278004e-05,286,2022-11-04T06:59,1.2434782608695651
,0,2022-11-04T08:40,0.0
,0,2022-11-04T10:22,0.0
,0,2022-11-04T12:03,0.0
,0,2022-11-04T13:45,0.0
,0,2022-11-04T15:26,0.0
,0,2022-11-04T17:08,0.0
,0,2022-11-04T18:49,0.0
,0,2022-11-04T20:31,0.0
,0,2022-11-04T22:12,0.0
,0,2022-11-04T23:54,0.0
,0,2022-11-05T01:35,0.0
,0,2022-11-05T03:17,0.0
,0,2022-11-05T04:58,0.0
,0,2022-11-05T06:40,0.0
6.433980082746574e-05,286,2022-11-05T08:21,1.2434782608695651
,0,2022-11-05T10:03,0.0
,0,2022-11-05T11:44,0.0
,0,2022-11-05T13:26,0.0
,0,2022-11-05T15:07,0.0
,0,2022-11-05T16:49,0.0
,0,2022-11-05T18:30,0.0
,0,2022-11-05T20:12,0.0
,0,2022-11-05T21:53,0.0
,0,2022-11-05T23:35,0.0
,0,2022-11-06T01:16,0.0
,0,2022-11-06T02:58,0.0
,0,2022-11-06T04:39,0.0
,0,2022-11-06T06:21,0.0
6.328154163587126e-05,286,2022-11-06T08:02,1.2434782608695651
,0,2022-11-06T09:44,0.0
,0,2022-11-06T11:25,0.0
,0,2022-11-06T13:07,0.0
,0,2022-11-06T14:48,0.0
,0,2022-11-06T16:30,0.0
,0,2022-11-06T18:11,0.0
,0,2022-11-06T19:53,0.0
,0,2022-11-06T21:34,0.0
,0,2022-11-06T23:16,0.0
,0,2022-11-07T00:57,0.0
,0,2022-11-07T02:39,0.0
,0,2022-11-07T04:20,0.0
,0,2022-11-07T06:02,0.0
6.319323364447545e-05,286,2022-11-07T07:43,1.2434782608695651
,0,2022-11-07T09:25,0.0
,0,2022-11-07T11:06,0.0
,0,2022-11-07T12:48,0.0
,0,2022-11-07T14:29,0.0
,0,2022-11-07T16:11,0.0
,0,2022-11-07T17:52,0.0
,0,2022-11-07T19:34,0.0
,0,2022-11-07T21:15,0.0
,0,2022-11-07T22:57,0.0
,0,2022-11-08T00:38,0.0
,0,2022-11-08T02:20,0.0
,0,2022-11-08T04:01,0.0
,0,2022-11-08T05:43,0.0
6.281471374339801e-05,113,2022-11-08T07:24,0.49130434782608695
,0,2022-11-08T09:06,0.0
,0,2022-11-08T10:47,0.0
,0,2022-11-08T12:29,0.0
,0,2022-11-08T14:10,0.0
,0,2022-11-08T15:52,0.0
,0,2022-11-08T17:33,0.0
,0,2022-11-08T19:15,0.0
,0,2022-11-08T20:56,0.0
,0,2022-11-08T22:37,0.0
,0,2022-11-09T00:19,0.0
,0,2022-11-09T02:00,0.0
,0,2022-11-09T03:42,0.0
,0,2022-11-09T05:23,0.0
6.801989132672971e-05,286,2022-11-09T07:05,1.2434782608695651
,0,2022-11-09T08:46,0.0
,0,2022-11-09T10:28,0.0
,0,2022-11-09T12:09,0.0
,0,2022-11-09T13:51,0.0
,0,2022-11-09T15:32,0.0
,0,2022-11-09T17:14,0.0
,0,2022-11-09T18:55,0.0
,0,2022-11-09T20:37,0.0
,0,2022-11-09T22:18,0.0
,0,2022-11-10T00:00,0.0
,0,2022-11-10T01:41,0.0
,0,2022-11-10T03:23,0.0
,0,2022-11-10T05:04,0.0
,0,2022-11-10T06:46,0.0
6.216067927849676e-05,286,2022-11-10T08:27,1.2434782608695651
,0,2022-11-10T10:09,0.0
,0,2022-11-10T11:50,0.0
,0,2022-11-10T13:32,0.0
,0,2022-11-10T15:13,0.0
,0,2022-11-10T16:55,0.0
,0,2022-11-10T18:36,0.0
,0,2022-11-10T20:18,0.0
,0,2022-11-10T21:59,0.0
,0,2022-11-10T23:41,0.0
,0,2022-11-11T01:22,0.0
,0,2022-11-11T03:04,0.0
,0,2022-11-11T04:45,0.0
,0,2022-11-11T06:27,0.0
5.411841191699554e-05,286,2022-11-11T08:08,1.2434782608695651
,0,2022-11-11T09:50,0.0
,0,2022-11-11T11:31,0.0
,0,2022-11-11T13:13,0.0
,0,2022-11-11T14:54,0.0
,0,2022-11-11T16:36,0.0
,0,2022-11-11T18:17,0.0
,0,2022-11-11T19:59,0.0
,0,2022-11-11T21:40,0.0
,0,2022-11-11T23:22,0.0
,0,2022-11-12T01:03,0.0
,0,2022-11-12T02:45,0.0
,0,2022-11-12T04:26,0.0
,0,2022-11-12T06:08,0.0
5.4049796567379166e-05,286,2022-11-12T07:49,1.2434782608695651
,0,2022-11-12T09:31,0.0
,0,2022-11-12T11:12,0.0
,0,2022-11-12T12:54,0.0
,0,2022-11-12T14:35,0.0
,0,2022-11-12T16:17,0.0
,0,2022-11-12T17:58,0.0
,0,2022-11-12T19:40,0.0
,0,2022-11-12T21:21,0.0
,0,2022-11-12T23:03,0.0
,0,2022-11-13T00:44,0.0
,0,2022-11-13T02:26,0.0
,0,2022-11-13T04:07,0.0
,0,2022-11-13T05:49,0.0
6.182322952000288e-05,286,2022-11-13T07:30,1.2434782608695651
,0,2022-11-13T09:12,0.0
,0,2022-11-13T10:53,0.0
,0,2022-11-13T12:35,0.0
,0,2022-11-13T14:16,0.0
,0,2022-11-13T15:58,0.0
,0,2022-11-13T17:39,0.0
,0,2022-11-13T19:21,0.0
,0,2022-11-13T21:02,0.0
,0,2022-11-13T22:44,0.0
,0,2022-11-14T00:25,0.0
,0,2022-11-14T02:06,0.0
,0,2022-11-14T03:48,0.0
,0,2022-11-14T05:29,0.0
5.9243130607829614e-05,286,2022-11-14T07:11,1.2434782608695651
,0,2022-11-14T08:52,0.0
,0,2022-11-14T10:34,0.0
,0,2022-11-14T12:15,0.0
,0,2022-11-14T13:57,0.0
,0,2022-11-14T15:38,0.0
,0,2022-11-14T17:20,0.0
,0,2022-11-14T19:01,0.0
,0,2022-11-14T20:43,0.0
,0,2022-11-14T22:24,0.0
,0,2022-11-15T00:06,0.0
,0,2022-11-15T01:47,0.0
,0,2022-11-15T03:29,0.0
,0,2022-11-15T05:10,0.0
5.8462407059364904e-05,286,2022-11-15T06:52,1.2434782608695651
8.705224544352787e-05,286,2022-11-15T08:33,1.2434782608695651
,0,2022-11-15T10:15,0.0
,0,2022-11-15T11:56,0.0
,0,2022-11-15T13:38,0.0
,0,2022-11-15T15:19,0.0
,0,2022-11-15T17:01,0.0
,0,2022-11-15T18:42,0.0
,0,2022-11-15T20:24,0.0
,0,2022-11-15T22:05,0.0
,0,2022-11-15T23:47,0.0
,0,2022-11-16T01:28,0.0
,0,2022-11-16T03:10,0.0
,0,2022-11-16T04:51,0.0
,0,2022-11-16T06:33,0.0
7.597140083664698e-05,286,2022-11-16T08:14,1.2434782608695651
,0,2022-11-16T09:56,0.0
,0,2022-11-16T11:37,0.0
,0,2022-11-16T13:19,0.0
,0,2022-11-16T15:00,0.0
,0,2022-11-16T16:42,0.0
,0,2022-11-16T18:23,0.0
,0,2022-11-16T20:05,0.0
,0,2022-11-16T21:46,0.0
,0,2022-11-16T23:28,0.0
,0,2022-11-17T01:09,0.0
,0,2022-11-17T02:51,0.0
,0,2022-11-17T04:32,0.0
,0,2022-11-17T06:14,0.0
6.842738910248996e-05,286,2022-11-17T07:55,1.2434782608695651
,0,2022-11-17T09:37,0.0
,0,2022-11-17T11:18,0.0
,0,2022-11-17T13:00,0.0
,0,2022-11-17T14:41,0.0
,0,2022-11-17T16:23,0.0
,0,2022-11-17T18:04,0.0
,0,2022-11-17T19:46,0.0
,0,2022-11-17T21:27,0.0
,0,2022-11-17T23:09,0.0
,0,2022-11-18T00:50,0.0
,0,2022-11-18T02:32,0.0
,0,2022-11-18T04:13,0.0
,0,2022-11-18T05:55,0.0
7.827252938037494e-05,286,2022-11-18T07:36,1.2434782608695651
,0,2022-11-18T09:18,0.0
,0,2022-11-18T10:59,0.0
,0,2022-11-18T12:41,0.0
,0,2022-11-18T14:22,0.0
,0,2022-11-18T16:04,0.0
,0,2022-11-18T17:45,0.0
,0,2022-11-18T19:27,0.0
,0,2022-11-18T21:08,0.0
,0,2022-11-18T22:50,0.0
,0,2022-11-19T00:31,0.0
,0,2022-11-19T02:13,0.0
,0,2022-11-19T03:54,0.0
,0,2022-11-19T05:36,0.0
4.89710405989821e-05,286,2022-11-19T07:17,1.2434782608695651
,0,2022-11-19T08:59,0.0
,0,2022-11-19T10:40,0.0
,0,2022-11-19T12:22,0.0
,0,2022-11-19T14:03,0.0
,0,2022-11-19T15:45,0.0
,0,2022-11-19T17:26,0.0
,0,2022-11-19T19:08,0.0
,0,2022-11-19T20:49,0.0
,0,2022-11-19T22:31,0.0
,0,2022-11-20T00:12,0.0
,0,2022-11-20T01:53,0.0
,0,2022-11-20T03:35,0.0
,0,2022-11-20T05:16,0.0
6.219783132662995e-05,286,2022-11-20T06:58,1.2434782608695651
,0,2022-11-20T08:39,0.0
,0,2022-11-20T10:21,0.0
,0,2022-11-20T12:02,0.0
,0,2022-11-20T13:44,0.0
,0,2022-11-20T15:25,0.0
,0,2022-11-20T17:07,0.0
,0,2022-11-20T18:48,0.0
,0,2022-11-20T20:30,0.0
,0,2022-11-20T22:11,0.0
,0,2022-11-20T23:53,0.0
,0,2022-11-21T01:34,0.0
,0,2022-11-21T03:16,0.0
,0,2022-11-21T04:57,0.0
,0,2022-11-21T06:39,0.0
8.249378034293584e-05,286,2022-11-21T08:20,1.2434782608695651
,0,2022-11-21T10:02,0.0
,0,2022-11-21T11:43,0.0
,0,2022-11-21T13:25,0.0
,0,2022-11-21T15:06,0.0
,0,2022-11-21T16:48,0.0
,0,2022-11-21T18:29,0.0
,0,2022-11-21T20:11,0.0
,0,2022-11-21T21:52,0.0
,0,2022-11-21T23:34,0.0
,0,2022-11-22T01:15,0.0
,0,2022-11-22T02:57,0.0
,0,2022-11-22T04:38,0.0
,0,2022-11-22T06:20,0.0
8.34609782139629e-05,286,2022-11-22T08:01,1.2434782608695651
,0,2022-11-22T09:43,0.0
,0,2022-11-22T11:24,0.0
,0,2022-11-22T13:06,0.0
,0,2022-11-22T14:47,0.0
,0,2022-11-22T16:29,0.0
,0,2022-11-22T18:10,0.0
,0,2022-11-22T19:52,0.0
,0,2022-11-22T22:21,0.0
,0,2022-11-22T23:15,0.0
,0,2022-11-23T00:56,0.0
,0,2022-11-23T02:38,0.0
,0,2022-11-23T04:19,0.0
,0,2022-11-23T06:01,0.0
8.720629428232498e-05,286,2022-11-23T07:42,1.2434782608695651
,0,2022-11-23T09:24,0.0
,0,2022-11-23T11:05,0.0
,0,2022-11-23T12:47,0.0
,0,2022-11-23T14:28,0.0
,0,2022-11-23T16:10,0.0
,0,2022-11-23T17:51,0.0
,0,2022-11-23T19:33,0.0
,0,2022-11-23T21:14,0.0
,0,2022-11-23T22:56,0.0
,0,2022-11-24T00:37,0.0
,0,2022-11-24T02:19,0.0
,0,2022-11-24T04:00,0.0
,0,2022-11-24T05:42,0.0
7.795279216327667e-05,286,2022-11-24T07:23,1.2434782608695651
,0,2022-11-24T09:05,0.0
,0,2022-11-24T10:46,0.0
,0,2022-11-24T12:28,0.0
,0,2022-11-24T14:09,0.0
,0,2022-11-24T15:51,0.0
,0,2022-11-24T17:32,0.0
,0,2022-11-24T19:14,0.0
,0,2022-11-24T20:55,0.0
,0,2022-11-24T22:37,0.0
,0,2022-11-25T00:18,0.0
,0,2022-11-25T02:00,0.0
,0,2022-11-25T03:41,0.0
,0,2022-11-25T05:23,0.0
,0,2022-11-25T07:04,0.0
,0,2022-11-25T08:46,0.0
,0,2022-11-25T10:27,0.0
,0,2022-11-25T12:09,0.0
,0,2022-11-25T13:50,0.0
,0,2022-11-25T15:32,0.0
,0,2022-11-25T17:13,0.0
,0,2022-11-25T18:55,0.0
,0,2022-11-25T20:36,0.0
,0,2022-11-25T22:18,0.0
,0,2022-11-25T23:59,0.0
,0,2022-11-26T01:41,0.0
,0,2022-11-26T03:22,0.0
,0,2022-11-26T05:04,0.0
,0,2022-11-26T06:45,0.0
,0,2022-11-26T08:26,0.0
,0,2022-11-26T10:08,0.0
,0,2022-11-26T11:49,0.0
,0,2022-11-26T13:31,0.0
,0,2022-11-26T15:12,0.0
,0,2022-11-26T16:54,0.0
,0,2022-11-26T18:35,0.0
,0,2022-11-26T20:17,0.0
,0,2022-11-26T21:58,0.0
,0,2022-11-26T23:40,0.0
,0,2022-11-27T01:21,0.0
,0,2022-11-27T03:03,0.0
,0,2022-11-27T04:44,0.0
,0,2022-11-27T06:26,0.0
8.232498096325185e-05,76,2022-11-27T08:07,0.33043478260869563
,0,2022-11-27T09:49,0.0
,0,2022-11-27T11:30,0.0
,0,2022-11-27T13:12,0.0
,0,2022-11-27T14:53,0.0
,0,2022-11-27T16:35,0.0
,0,2022-11-27T18:16,0.0
,0,2022-11-27T19:58,0.0
,0,2022-11-27T21:39,0.0
,0,2022-11-27T23:21,0.0
,0,2022-11-28T01:02,0.0
,0,2022-11-28T02:44,0.0
,0,2022-11-28T04:25,0.0
,0,2022-11-28T06:07,0.0
7.113914554403289e-05,283,2022-11-28T07:48,1.2304347826086957
,0,2022-11-28T09:30,0.0
,0,2022-11-28T11:11,0.0
,0,2022-11-28T12:53,0.0
,0,2022-11-28T14:34,0.0
,0,2022-11-28T16:16,0.0
,0,2022-11-28T17:57,0.0
,0,2022-11-28T19:39,0.0
,0,2022-11-28T21:20,0.0
,0,2022-11-28T23:02,0.0
,0,2022-11-29T00:43,0.0
,0,2022-11-29T02:25,0.0
,0,2022-11-29T04:06,0.0
,0,2022-11-29T05:48,0.0
8.558190031444552e-05,286,2022-11-29T07:29,1.2434782608695651
,0,2022-11-29T09:11,0.0
,0,2022-11-29T10:52,0.0
,0,2022-11-29T12:34,0.0
,0,2022-11-29T14:15,0.0
,0,2022-11-29T15:57,0.0
,0,2022-11-29T17:38,0.0
,0,2022-11-29T19:20,0.0
,0,2022-11-29T21:01,0.0
,0,2022-11-29T22:43,0.0
,0,2022-11-30T00:24,0.0
,0,2022-11-30T02:06,0.0
,0,2022-11-30T03:47,0.0
,0,2022-11-30T05:29,0.0
6.202154076496516e-05,286,2022-11-30T07:10,1.2434782608695651
,0,2022-11-30T08:52,0.0
,0,2022-11-30T10:33,0.0
,0,2022-11-30T12:15,0.0
,0,2022-11-30T13:56,0.0
,0,2022-11-30T15:38,0.0
,0,2022-11-30T17:19,0.0
,0,2022-11-30T19:01,0.0
,0,2022-11-30T20:42,0.0
,0,2022-11-30T22:24,0.0
,0,2022-12-01T00:05,0.0
,0,2022-12-01T01:47,0.0
,0,2022-12-01T03:28,0.0
,0,2022-12-01T05:10,0.0
6.272452038957632e-05,286,2022-12-01T06:51,1.2434782608695651
8.491146795213731e-05,286,2022-12-01T08:33,1.2434782608695651
,0,2022-12-01T10:14,0.0
,0,2022-12-01T11:56,0.0
,0,2022-12-01T13:37,0.0
,0,2022-12-01T15:19,0.0
,0,2022-12-01T17:00,0.0
,0,2022-12-01T18:42,0.0
,0,2022-12-01T20:23,0.0
,0,2022-12-01T22:05,0.0
,0,2022-12-01T23:46,0.0
,0,2022-12-02T01:28,0.0
,0,2022-12-02T03:09,0.0
,0,2022-12-02T04:51,0.0
,0,2022-12-02T06:32,0.0
0.00010260681948458535,286,2022-12-02T08:14,1.2434782608695651
,0,2022-12-02T09:55,0.0
,0,2022-12-02T11:37,0.0
,0,2022-12-02T13:18,0.0
,0,2022-12-02T15:00,0.0
,0,2022-12-02T16:41,0.0
,0,2022-12-02T18:23,0.0
,0,2022-12-02T20:04,0.0
,0,2022-12-02T21:46,0.0
,0,2022-12-02T23:27,0.0
,0,2022-12-03T02:50,0.0
,0,2022-12-03T04:32,0.0
,0,2022-12-03T06:13,0.0
8.335852862538835e-05,286,2022-12-03T07:55,1.2434782608695651
,0,2022-12-03T09:36,0.0
,0,2022-12-03T11:18,0.0
,0,2022-12-03T12:59,0.0
,0,2022-12-03T14:41,0.0
,0,2022-12-03T16:22,0.0
,0,2022-12-03T18:04,0.0
,0,2022-12-03T19:45,0.0
,0,2022-12-03T21:27,0.0
,0,2022-12-03T23:08,0.0
,0,2022-12-04T00:50,0.0
,0,2022-12-04T02:31,0.0
,0,2022-12-04T04:13,0.0
,0,2022-12-04T05:54,0.0
6.629320411677113e-05,133,2022-12-04T07:36,0.5782608695652174
,0,2022-12-04T09:17,0.0
,0,2022-12-04T10:59,0.0
,0,2022-12-04T12:40,0.0
,0,2022-12-04T14:21,0.0
,0,2022-12-04T16:03,0.0
,0,2022-12-04T17:44,0.0
,0,2022-12-04T19:26,0.0
,0,2022-12-04T21:08,0.0
,0,2022-12-04T22:49,0.0
,0,2022-12-05T00:31,0.0
,0,2022-12-05T02:12,0.0
,0,2022-12-05T03:53,0.0
,0,2022-12-05T05:35,0.0
6.376840943055333e-05,137,2022-12-05T07:16,0.5956521739130435
,0,2022-12-05T08:58,0.0
,0,2022-12-05T10:39,0.0
,0,2022-12-05T12:21,0.0
,0,2022-12-05T14:02,0.0
,0,2022-12-05T15:44,0.0
,0,2022-12-05T17:25,0.0
,0,2022-12-05T19:07,0.0
,0,2022-12-05T20:48,0.0
,0,2022-12-05T22:30,0.0
,0,2022-12-06T00:11,0.0
,0,2022-12-06T01:53,0.0
,0,2022-12-06T03:34,0.0
,0,2022-12-06T05:16,0.0
,0,2022-12-06T06:57,0.0
,0,2022-12-06T08:39,0.0
,0,2022-12-06T10:20,0.0
,0,2022-12-06T12:02,0.0
,0,2022-12-06T13:43,0.0
,0,2022-12-06T15:25,0.0
,0,2022-12-06T17:06,0.0
,0,2022-12-06T18:48,0.0
,0,2022-12-06T20:29,0.0
,0,2022-12-06T22:11,0.0
,0,2022-12-06T23:52,0.0
,0,2022-12-07T01:34,0.0
,0,2022-12-07T03:15,0.0
,0,2022-12-07T04:57,0.0
,0,2022-12-07T06:38,0.0
9.16412123119459e-05,286,2022-12-07T08:20,1.2434782608695651
,0,2022-12-07T10:01,0.0
,0,2022-12-07T11:43,0.0
,0,2022-12-07T13:24,0.0
,0,2022-12-07T15:06,0.0
,0,2022-12-07T16:47,0.0
,0,2022-12-07T18:29,0.0
,0,2022-12-07T20:10,0.0
,0,2022-12-07T21:52,0.0
,0,2022-12-07T23:33,0.0
,0,2022-12-08T01:15,0.0
,0,2022-12-08T02:56,0.0
,0,2022-12-08T04:38,0.0
,0,2022-12-08T06:19,0.0
8.988297757131264e-05,97,2022-12-08T08:01,0.4217391304347826
,0,2022-12-08T09:42,0.0
,0,2022-12-08T11:24,0.0
,0,2022-12-08T13:05,0.0
,0,2022-12-08T14:47,0.0
,0,2022-12-08T16:28,0.0
,0,2022-12-08T18:10,0.0
,0,2022-12-08T19:51,0.0
,0,2022-12-08T21:33,0.0
,0,2022-12-08T23:14,0.0
,0,2022-12-09T00:56,0.0
,0,2022-12-09T02:37,0.0
,0,2022-12-09T04:19,0.0
,0,2022-12-09T06:00,0.0
6.281429021372058e-05,286,2022-12-09T07:42,1.2434782608695651
,0,2022-12-09T09:23,0.0
,0,2022-12-09T11:05,0.0
,0,2022-12-09T12:46,0.0
,0,2022-12-09T14:28,0.0
,0,2022-12-09T16:09,0.0
,0,2022-12-09T17:51,0.0
,0,2022-12-09T19:32,0.0
,0,2022-12-09T21:14,0.0
,0,2022-12-09T22:55,0.0
,0,2022-12-10T00:37,0.0
,0,2022-12-10T02:18,0.0
,0,2022-12-10T04:00,0.0
,0,2022-12-10T05:41,0.0
9.345951386674087e-05,286,2022-12-10T07:23,1.2434782608695651
,0,2022-12-10T09:04,0.0
,0,2022-12-10T10:46,0.0
,0,2022-12-10T12:27,0.0
,0,2022-12-10T14:09,0.0
,0,2022-12-10T15:50,0.0
,0,2022-12-10T17:32,0.0
,0,2022-12-10T19:13,0.0
,0,2022-12-10T20:55,0.0
,0,2022-12-10T22:36,0.0
,0,2022-12-11T00:18,0.0
,0,2022-12-11T01:59,0.0
,0,2022-12-11T03:41,0.0
,0,2022-12-11T05:22,0.0
5.1029893262189486e-05,286,2022-12-11T07:04,1.2434782608695651
,0,2022-12-11T08:45,0.0
,0,2022-12-11T10:27,0.0
,0,2022-12-11T12:08,0.0
,0,2022-12-11T13:50,0.0
,0,2022-12-11T15:31,0.0
,0,2022-12-11T17:13,0.0
,0,2022-12-11T18:54,0.0
,0,2022-12-11T20:36,0.0
,0,2022-12-11T22:17,0.0
,0,2022-12-11T23:59,0.0
,0,2022-12-12T01:40,0.0
,0,2022-12-12T03:22,0.0
,0,2022-12-12T05:03,0.0
,0,2022-12-12T06:45,0.0
,0,2022-12-12T08:26,0.0
,0,2022-12-12T10:08,0.0
,0,2022-12-12T11:49,0.0
,0,2022-12-12T13:31,0.0
,0,2022-12-12T15:12,0.0
,0,2022-12-12T16:54,0.0
,0,2022-12-12T18:35,0.0
,0,2022-12-12T20:17,0.0
,0,2022-12-12T21:58,0.0
,0,2022-12-12T23:40,0.0
,0,2022-12-13T01:21,0.0
,0,2022-12-13T03:03,0.0
,0,2022-12-13T04:44,0.0
,0,2022-12-13T06:26,0.0
,0,2022-12-13T08:07,0.0
,0,2022-12-13T09:49,0.0
,0,2022-12-13T11:30,0.0
,0,2022-12-13T13:12,0.0
,0,2022-12-13T14:53,0.0
,0,2022-12-13T16:35,0.0
,0,2022-12-13T18:16,0.0
,0,2022-12-13T19:58,0.0
,0,2022-12-13T21:39,0.0
,0,2022-12-13T23:21,0.0
,0,2022-12-14T01:02,0.0
,0,2022-12-14T02:44,0.0
,0,2022-12-14T04:25,0.0
,0,2022-12-14T06:07,0.0
3.750827871987551e-05,139,2022-12-14T07:48,0.6043478260869565
,0,2022-12-14T09:30,0.0
,0,2022-12-14T11:11,0.0
,0,2022-12-14T12:53,0.0
,0,2022-12-14T14:34,0.0
,0,2022-12-14T16:16,0.0
,0,2022-12-14T17:57,0.0
,0,2022-12-14T19:39,0.0
,0,2022-12-14T21:20,0.0
,0,2022-12-14T23:02,0.0
,0,2022-12-15T00:43,0.0
,0,2022-12-15T02:25,0.0
,0,2022-12-15T04:06,0.0
,0,2022-12-15T05:48,0.0
5.137607802823508e-05,257,2022-12-15T07:29,1.117391304347826
,0,2022-12-15T09:11,0.0
,0,2022-12-15T10:52,0.0
,0,2022-12-15T12:34,0.0
,0,2022-12-15T14:15,0.0
,0,2022-12-15T15:57,0.0
,0,2022-12-15T17:38,0.0
,0,2022-12-15T19:20,0.0
,0,2022-12-15T21:01,0.0
,0,2022-12-15T22:43,0.0
,0,2022-12-16T00:24,0.0
,0,2022-12-16T02:06,0.0
,0,2022-12-16T03:47,0.0
,0,2022-12-16T05:29,0.0
6.119684412301579e-05,286,2022-12-16T07:10,1.2434782608695651
,0,2022-12-16T08:52,0.0
,0,2022-12-16T10:33,0.0
,0,2022-12-16T12:15,0.0
,0,2022-12-16T13:56,0.0
,0,2022-12-16T15:38,0.0
,0,2022-12-16T17:19,0.0
,0,2022-12-16T19:01,0.0
,0,2022-12-16T20:42,0.0
,0,2022-12-16T22:24,0.0
,0,2022-12-17T00:05,0.0
,0,2022-12-17T01:47,0.0
,0,2022-12-17T03:28,0.0
,0,2022-12-17T05:10,0.0
,0,2022-12-17T06:51,0.0
6.614128191260418e-05,59,2022-12-17T08:33,0.2565217391304348
,0,2022-12-17T10:14,0.0
,0,2022-12-17T11:56,0.0
,0,2022-12-17T13:37,0.0
,0,2022-12-17T15:19,0.0
,0,2022-12-17T17:00,0.0
,0,2022-12-17T18:42,0.0
,0,2022-12-17T20:23,0.0
,0,2022-12-17T22:05,0.0
,0,2022-12-17T23:46,0.0
,0,2022-12-18T01:28,0.0
,0,2022-12-18T03:09,0.0
,0,2022-12-18T04:50,0.0
,0,2022-12-18T06:32,0.0
5.550938318375315e-05,175,2022-12-18T08:13,0.7608695652173914
,0,2022-12-18T09:55,0.0
,0,2022-12-18T11:36,0.0
,0,2022-12-18T13:18,0.0
,0,2022-12-18T14:59,0.0
,0,2022-12-18T16:41,0.0
,0,2022-12-18T18:22,0.0
,0,2022-12-18T20:04,0.0
,0,2022-12-18T21:45,0.0
,0,2022-12-18T23:27,0.0
,0,2022-12-19T01:08,0.0
,0,2022-12-19T02:50,0.0
,0,2022-12-19T04:31,0.0
,0,2022-12-19T06:13,0.0
5.8805708949505665e-05,286,2022-12-19T07:54,1.2434782608695651
,0,2022-12-19T09:36,0.0
,0,2022-12-19T11:17,0.0
,0,2022-12-19T12:59,0.0
,0,2022-12-19T14:40,0.0
,0,2022-12-19T16:22,0.0
,0,2022-12-19T18:03,0.0
,0,2022-12-19T19:45,0.0
,0,2022-12-19T21:26,0.0
,0,2022-12-19T23:08,0.0
,0,2022-12-20T00:49,0.0
,0,2022-12-20T02:31,0.0
,0,2022-12-20T04:12,0.0
,0,2022-12-20T05:54,0.0
7.652974707215347e-05,286,2022-12-20T07:35,1.2434782608695651
,0,2022-12-20T09:17,0.0
,0,2022-12-20T10:58,0.0
,0,2022-12-20T12:40,0.0
,0,2022-12-20T14:21,0.0
,0,2022-12-20T16:03,0.0
,0,2022-12-20T17:44,0.0
,0,2022-12-20T19:26,0.0
,0,2022-12-20T21:07,0.0
,0,2022-12-20T22:49,0.0
,0,2022-12-21T00:30,0.0
,0,2022-12-21T02:12,0.0
,0,2022-12-21T03:53,0.0
,0,2022-12-21T05:35,0.0
8.773384460140553e-05,286,2022-12-21T07:16,1.2434782608695651
,0,2022-12-21T08:58,0.0
,0,2022-12-21T10:39,0.0
,0,2022-12-21T12:21,0.0
,0,2022-12-21T14:02,0.0
,0,2022-12-21T15:44,0.0
,0,2022-12-21T17:25,0.0
,0,2022-12-21T19:07,0.0
,0,2022-12-21T20:48,0.0
,0,2022-12-21T22:30,0.0
,0,2022-12-22T00:11,0.0
,0,2022-12-22T01:53,0.0
,0,2022-12-22T03:34,0.0
,0,2022-12-22T05:16,0.0
6.979937851684447e-05,286,2022-12-22T06:57,1.2434782608695651
,0,2022-12-22T08:39,0.0
,0,2022-12-22T10:20,0.0
,0,2022-12-22T12:02,0.0
,0,2022-12-22T13:43,0.0
,0,2022-12-22T15:25,0.0
,0,2022-12-22T17:06,0.0
,0,2022-12-22T18:48,0.0
,0,2022-12-22T20:29,0.0
,0,2022-12-22T22:11,0.0
,0,2022-12-22T23:52,0.0
,0,2022-12-23T01:34,0.0
,0,2022-12-23T03:15,0.0
,0,2022-12-23T04:57,0.0
,0,2022-12-23T06:38,0.0
7.733645586118209e-05,286,2022-12-23T08:20,1.2434782608695651
,0,2022-12-23T10:01,0.0
,0,2022-12-23T11:43,0.0
,0,2022-12-23T13:24,0.0
,0,2022-12-23T15:06,0.0
,0,2022-12-23T16:47,0.0
,0,2022-12-23T18:29,0.0
,0,2022-12-23T20:10,0.0
,0,2022-12-23T21:52,0.0
,0,2022-12-23T23:33,0.0
,0,2022-12-24T01:15,0.0
,0,2022-12-24T02:56,0.0
,0,2022-12-24T04:38,0.0
,0,2022-12-24T06:19,0.0
7.008593381930002e-05,286,2022-12-24T08:01,1.2434782608695651
,0,2022-12-24T09:42,0.0
,0,2022-12-24T11:24,0.0
,0,2022-12-24T13:05,0.0
,0,2022-12-24T14:47,0.0
,0,2022-12-24T16:28,0.0
,0,2022-12-24T18:10,0.0
,0,2022-12-24T19:51,0.0
,0,2022-12-24T21:33,0.0
,0,2022-12-24T23:14,0.0
,0,2022-12-25T00:56,0.0
,0,2022-12-25T02:37,0.0
,0,2022-12-25T04:19,0.0
,0,2022-12-25T06:00,0.0
5.30952228336207e-05,286,2022-12-25T07:42,1.2434782608695651
,0,2022-12-25T09:23,0.0
,0,2022-12-25T11:05,0.0
,0,2022-12-25T12:46,0.0
,0,2022-12-25T14:28,0.0
,0,2022-12-25T16:09,0.0
,0,2022-12-25T17:51,0.0
,0,2022-12-25T19:32,0.0
,0,2022-12-25T21:14,0.0
,0,2022-12-25T22:55,0.0
,0,2022-12-26T00:37,0.0
,0,2022-12-26T02:18,0.0
,0,2022-12-26T04:00,0.0
,0,2022-12-26T05:41,0.0
0.00012803853372582484,286,2022-12-26T07:23,1.2434782608695651
,0,2022-12-26T09:04,0.0
,0,2022-12-26T10:46,0.0
,0,2022-12-26T12:27,0.0
,0,2022-12-26T14:09,0.0
,0,2022-12-26T15:50,0.0
,0,2022-12-26T17:32,0.0
,0,2022-12-26T19:13,0.0
,0,2022-12-26T20:55,0.0
,0,2022-12-26T22:36,0.0
,0,2022-12-27T00:18,0.0
,0,2022-12-27T01:59,0.0
,0,2022-12-27T03:41,0.0
,0,2022-12-27T05:22,0.0
0.00010720561666919847,146,2022-12-27T07:04,0.6347826086956522
,0,2022-12-27T08:45,0.0
,0,2022-12-27T10:27,0.0
,0,2022-12-27T12:08,0.0
,0,2022-12-27T13:50,0.0
,0,2022-12-27T15:31,0.0
,0,2022-12-27T17:13,0.0
,0,2022-12-27T18:54,0.0
,0,2022-12-27T20:36,0.0
,0,2022-12-27T22:17,0.0
,0,2022-12-27T23:59,0.0
,0,2022-12-28T01:40,0.0
,0,2022-12-28T03:22,0.0
,0,2022-12-28T05:03,0.0
,0,2022-12-28T06:45,0.0
8.673871866691174e-05,286,2022-12-28T08:26,1.2434782608695651
,0,2022-12-28T10:08,0.0
,0,2022-12-28T11:49,0.0
,0,2022-12-28T13:31,0.0
,0,2022-12-28T15:12,0.0
,0,2022-12-28T16:54,0.0
,0,2022-12-28T18:35,0.0
,0,2022-12-28T20:17,0.0
,0,2022-12-28T21:58,0.0
,0,2022-12-28T23:40,0.0
,0,2022-12-29T01:21,0.0
,0,2022-12-29T03:03,0.0
,0,2022-12-29T04:44,0.0
,0,2022-12-29T06:26,0.0
7.999250902823641e-05,286,2022-12-29T08:07,1.2434782608695651
,0,2022-12-29T09:49,0.0
,0,2022-12-29T11:30,0.0
,0,2022-12-29T13:12,0.0
,0,2022-12-29T14:53,0.0
,0,2022-12-29T16:35,0.0
,0,2022-12-29T18:16,0.0
,0,2022-12-29T19:58,0.0
,0,2022-12-29T21:39,0.0
,0,2022-12-29T23:21,0.0
,0,2022-12-30T01:02,0.0
,0,2022-12-30T02:44,0.0
,0,2022-12-30T04:25,0.0
,0,2022-12-30T06:07,0.0
9.537156172891693e-05,286,2022-12-30T07:48,1.2434782608695651
,0,2022-12-30T09:30,0.0
,0,2022-12-30T11:11,0.0
,0,2022-12-30T12:53,0.0
,0,2022-12-30T14:34,0.0
,0,2022-12-30T16:16,0.0
,0,2022-12-30T17:57,0.0
,0,2022-12-30T19:39,0.0
,0,2022-12-30T21:20,0.0
,0,2022-12-30T23:02,0.0
,0,2022-12-31T00:43,0.0
,0,2022-12-31T02:25,0.0
,0,2022-12-31T04:06,0.0
,0,2022-12-31T05:48,0.0
6.860648695277828e-05,286,2022-12-31T07:29,1.2434782608695651
,0,2022-12-31T09:11,0.0
,0,2022-12-31T10:52,0.0
,0,2022-12-31T12:34,0.0
,0,2022-12-31T14:15,0.0
,0,2022-12-31T15:57,0.0
,0,2022-12-31T17:38,0.0
,0,2022-12-31T19:20,0.0
,0,2022-12-31T21:01,0.0
,0,2022-12-31T22:43,0.0
,0,2023-01-01T00:24,0.0
,0,2023-01-01T02:06,0.0
,0,2023-01-01T03:47,0.0
,0,2023-01-01T05:29,0.0
6.902774366350651e-05,286,2023-01-01T07:10,1.2434782608695651
,0,2023-01-01T08:52,0.0
,0,2023-01-01T10:33,0.0
,0,2023-01-01T12:15,0.0
,0,2023-01-01T13:56,0.0
,0,2023-01-01T15:38,0.0
,0,2023-01-01T17:19,0.0
,0,2023-01-01T19:01,0.0
,0,2023-01-01T20:42,0.0
,0,2023-01-01T22:24,0.0
,0,2023-01-02T00:05,0.0
,0,2023-01-02T01:47,0.0
,0,2023-01-02T03:28,0.0
,0,2023-01-02T05:10,0.0
7.355994539993579e-05,286,2023-01-02T06:51,1.2434782608695651
8.351646773011808e-05,286,2023-01-02T08:33,1.2434782608695651
,0,2023-01-02T10:14,0.0
,0,2023-01-02T11:56,0.0
,0,2023-01-02T13:37,0.0
,0,2023-01-02T15:19,0.0
,0,2023-01-02T17:00,0.0
,0,2023-01-02T18:42,0.0
,0,2023-01-02T20:23,0.0
,0,2023-01-02T22:05,0.0
,0,2023-01-02T23:46,0.0
,0,2023-01-03T01:28,0.0
,0,2023-01-03T03:09,0.0
,0,2023-01-03T04:51,0.0
,0,2023-01-03T06:32,0.0
0.00010264124893592262,286,2023-01-03T08:14,1.2434782608695651
,0,2023-01-03T09:55,0.0
,0,2023-01-03T11:37,0.0
,0,2023-01-03T13:18,0.0
,0,2023-01-03T15:00,0.0
,0,2023-01-03T16:41,0.0
,0,2023-01-03T18:23,0.0
,0,2023-01-03T20:04,0.0
,0,2023-01-03T21:46,0.0
,0,2023-01-03T23:27,0.0
,0,2023-01-04T01:09,0.0
,0,2023-01-04T02:50,0.0
,0,2023-01-04T04:32,0.0
,0,2023-01-04T06:13,0.0
7.555279905150804e-05,286,2023-01-04T07:55,1.2434782608695651
,0,2023-01-04T09:36,0.0
,0,2023-01-04T11:18,0.0
,0,2023-01-04T12:59,0.0
,0,2023-01-04T14:41,0.0
,0,2023-01-04T16:22,0.0
,0,2023-01-04T18:04,0.0
,0,2023-01-04T19:45,0.0
,0,2023-01-04T21:27,0.0
,0,2023-01-04T23:08,0.0
,0,2023-01-05T00:50,0.0
,0,2023-01-05T02:31,0.0
,0,2023-01-05T04:13,0.0
,0,2023-01-05T05:54,0.0
6.48153052876983e-05,286,2023-01-05T07:36,1.2434782608695651
,0,2023-01-05T09:17,0.0
,0,2023-01-05T10:59,0.0
,0,2023-01-05T12:40,0.0
,0,2023-01-05T14:22,0.0
,0,2023-01-05T16:03,0.0
,0,2023-01-05T17:45,0.0
,0,2023-01-05T19:26,0.0
,0,2023-01-05T21:08,0.0
,0,2023-01-05T22:49,0.0
,0,2023-01-06T00:31,0.0
,0,2023-01-06T02:12,0.0
,0,2023-01-06T03:54,0.0
,0,2023-01-06T05:35,0.0
4.886771998494258e-05,72,2023-01-06T07:17,0.3130434782608696
,0,2023-01-06T08:58,0.0
,0,2023-01-06T10:40,0.0
,0,2023-01-06T12:21,0.0
,0,2023-01-06T14:03,0.0
,0,2023-01-06T15:44,0.0
,0,2023-01-06T17:26,0.0
,0,2023-01-06T19:07,0.0
,0,2023-01-06T20:49,0.0
,0,2023-01-06T22:30,0.0
,0,2023-01-07T00:12,0.0
,0,2023-01-07T01:53,0.0
,0,2023-01-07T03:35,0.0
,0,2023-01-07T05:16,0.0
,0,2023-01-07T06:58,0.0
,0,2023-01-07T08:39,0.0
,0,2023-01-07T10:21,0.0
,0,2023-01-07T12:02,0.0
,0,2023-01-07T13:44,0.0
,0,2023-01-07T15:25,0.0
,0,2023-01-07T17:07,0.0
,0,2023-01-07T18:48,0.0
,0,2023-01-07T20:30,0.0
,0,2023-01-07T22:11,0.0
,0,2023-01-07T23:53,0.0
,0,2023-01-08T01:34,0.0
,0,2023-01-08T03:16,0.0
,0,2023-01-08T04:57,0.0
,0,2023-01-08T06:39,0.0
5.4358925645385886e-05,286,2023-01-08T08:20,1.2434782608695651
,0,2023-01-08T10:02,0.0
,0,2023-01-08T11:43,0.0
,0,2023-01-08T13:25,0.0
,0,2023-01-08T15:07,0.0
,0,2023-01-08T16:48,0.0
,0,2023-01-08T18:30,0.0
,0,2023-01-08T20:11,0.0
,0,2023-01-08T21:53,0.0
,0,2023-01-08T23:34,0.0
,0,2023-01-09T01:15,0.0
,0,2023-01-09T02:57,0.0
,0,2023-01-09T04:39,0.0
,0,2023-01-09T06:20,0.0
8.088271613344184e-05,286,2023-01-09T08:02,1.2434782608695651
,0,2023-01-09T09:43,0.0
,0,2023-01-09T11:25,0.0
,0,2023-01-09T13:06,0.0
,0,2023-01-09T14:48,0.0
,0,2023-01-09T16:29,0.0
,0,2023-01-09T18:11,0.0
,0,2023-01-09T19:52,0.0
,0,2023-01-09T21:34,0.0
,0,2023-01-09T23:15,0.0
,0,2023-01-10T00:57,0.0
,0,2023-01-10T02:38,0.0
,0,2023-01-10T04:20,0.0
,0,2023-01-10T06:01,0.0
8.491230520355118e-05,286,2023-01-10T07:43,1.2434782608695651
,0,2023-01-10T09:24,0.0
,0,2023-01-10T11:06,0.0
,0,2023-01-10T12:47,0.0
,0,2023-01-10T14:29,0.0
,0,2023-01-10T16:10,0.0
,0,2023-01-10T17:52,0.0
,0,2023-01-10T19:33,0.0
,0,2023-01-10T21:15,0.0
,0,2023-01-10T22:56,0.0
,0,2023-01-11T00:38,0.0
,0,2023-01-11T02:19,0.0
,0,2023-01-11T04:01,0.0
,0,2023-01-11T05:42,0.0
0.00010913066503573359,286,2023-01-11T07:24,1.2434782608695651
,0,2023-01-11T09:05,0.0
,0,2023-01-11T10:47,0.0
,0,2023-01-11T12:28,0.0
,0,2023-01-11T14:10,0.0
,0,2023-01-11T15:51,0.0
,0,2023-01-11T17:33,0.0
,0,2023-01-11T19:14,0.0
,0,2023-01-11T20:56,0.0
,0,2023-01-11T22:37,0.0
,0,2023-01-12T00:19,0.0
,0,2023-01-12T02:00,0.0
,0,2023-01-12T03:42,0.0
,0,2023-01-12T05:23,0.0
0.00011991069648067012,286,2023-01-12T07:05,1.2434782608695651
,0,2023-01-12T08:46,0.0
,0,2023-01-12T10:28,0.0
,0,2023-01-12T12:09,0.0
,0,2023-01-12T13:51,0.0
,0,2023-01-12T15:32,0.0
,0,2023-01-12T17:14,0.0
,0,2023-01-12T18:55,0.0
,0,2023-01-12T20:37,0.0
,0,2023-01-12T22:18,0.0
,0,2023-01-13T00:00,0.0
,0,2023-01-13T01:41,0.0
,0,2023-01-13T03:23,0.0
,0,2023-01-13T05:04,0.0
,0,2023-01-13T06:46,0.0
5.384834120919658e-05,286,2023-01-13T08:27,1.2434782608695651
,0,2023-01-13T10:09,0.0
,0,2023-01-13T11:50,0.0
,0,2023-01-13T13:32,0.0
,0,2023-01-13T15:13,0.0
,0,2023-01-13T16:55,0.0
,0,2023-01-13T18:36,0.0
,0,2023-01-13T20:18,0.0
,0,2023-01-13T21:59,0.0
,0,2023-01-13T23:41,0.0
,0,2023-01-14T01:22,0.0
,0,2023-01-14T03:04,0.0
,0,2023-01-14T04:45,0.0
,0,2023-01-14T06:27,0.0
9.317906545694498e-05,286,2023-01-14T08:08,1.2434782608695651
,0,2023-01-14T09:50,0.0
,0,2023-01-14T11:31,0.0
,0,2023-01-14T13:13,0.0
,0,2023-01-14T14:54,0.0
,0,2023-01-14T16:36,0.0
,0,2023-01-14T18:17,0.0
,0,2023-01-14T19:59,0.0
,0,2023-01-14T21:40,0.0
,0,2023-01-14T23:22,0.0
,0,2023-01-15T01:03,0.0
,0,2023-01-15T02:45,0.0
,0,2023-01-15T04:26,0.0
,0,2023-01-15T06:08,0.0
8.111099944057347e-05,286,2023-01-15T07:49,1.2434782608695651
,0,2023-01-15T09:31,0.0
,0,2023-01-15T11:12,0.0
,0,2023-01-15T12:54,0.0
,0,2023-01-15T14:35,0.0
,0,2023-01-15T16:17,0.0
,0,2023-01-15T17:58,0.0
,0,2023-01-15T19:40,0.0
,0,2023-01-15T21:21,0.0
,0,2023-01-15T23:03,0.0
,0,2023-01-16T00:44,0.0
,0,2023-01-16T02:26,0.0
,0,2023-01-16T04:07,0.0
,0,2023-01-16T05:49,0.0
5.217727008315863e-05,286,2023-01-16T07:30,1.2434782608695651
,0,2023-01-16T09:12,0.0
,0,2023-01-16T10:53,0.0
,0,2023-01-16T12:35,0.0
,0,2023-01-16T14:16,0.0
,0,2023-01-16T15:58,0.0
,0,2023-01-16T17:39,0.0
,0,2023-01-16T19:21,0.0
,0,2023-01-16T21:02,0.0
,0,2023-01-16T22:44,0.0
,0,2023-01-17T00:25,0.0
,0,2023-01-17T02:07,0.0
,0,2023-01-17T03:48,0.0
,0,2023-01-17T05:30,0.0
8.207080198619525e-05,286,2023-01-17T07:11,1.2434782608695651
,0,2023-01-17T08:53,0.0
,0,2023-01-17T10:34,0.0
,0,2023-01-17T12:16,0.0
,0,2023-01-17T13:57,0.0
,0,2023-01-17T15:39,0.0
,0,2023-01-17T17:20,0.0
,0,2023-01-17T19:02,0.0
,0,2023-01-17T20:43,0.0
,0,2023-01-17T22:25,0.0
,0,2023-01-18T00:06,0.0
,0,2023-01-18T01:48,0.0
,0,2023-01-18T03:29,0.0
,0,2023-01-18T05:11,0.0
8.524857924608913e-05,286,2023-01-18T06:52,1.2434782608695651
9.017161902572056e-05,286,2023-01-18T08:34,1.2434782608695651
,0,2023-01-18T10:15,0.0
,0,2023-01-18T11:57,0.0
,0,2023-01-18T13:38,0.0
,0,2023-01-18T15:20,0.0
,0,2023-01-18T17:01,0.0
,0,2023-01-18T18:43,0.0
,0,2023-01-18T20:24,0.0
,0,2023-01-18T22:06,0.0
,0,2023-01-18T23:47,0.0
,0,2023-01-19T01:29,0.0
,0,2023-01-19T03:10,0.0
,0,2023-01-19T04:52,0.0
,0,2023-01-19T06:33,0.0
0.000129359363137298,286,2023-01-19T08:15,1.2434782608695651
,0,2023-01-19T09:56,0.0
,0,2023-01-19T11:38,0.0
,0,2023-01-19T13:19,0.0
,0,2023-01-19T15:01,0.0
,0,2023-01-19T16:42,0.0
,0,2023-01-19T18:24,0.0
,0,2023-01-19T20:05,0.0
,0,2023-01-19T21:47,0.0
,0,2023-01-19T23:28,0.0
,0,2023-01-20T01:10,0.0
,0,2023-01-20T02:51,0.0
,0,2023-01-20T04:33,0.0
,0,2023-01-20T06:14,0.0
6.561348511197356e-05,286,2023-01-20T07:56,1.2434782608695651
,0,2023-01-20T09:37,0.0
,0,2023-01-20T11:19,0.0
,0,2023-01-20T13:00,0.0
,0,2023-01-20T14:42,0.0
,0,2023-01-20T16:23,0.0
,0,2023-01-20T18:05,0.0
,0,2023-01-20T19:46,0.0
,0,2023-01-20T21:28,0.0
,0,2023-01-20T23:09,0.0
,0,2023-01-21T00:51,0.0
,0,2023-01-21T02:32,0.0
,0,2023-01-21T04:14,0.0
,0,2023-01-21T05:55,0.0
9.360124608876964e-05,286,2023-01-21T07:37,1.2434782608695651
,0,2023-01-21T09:18,0.0
,0,2023-01-21T11:00,0.0
,0,2023-01-21T12:41,0.0
,0,2023-01-21T14:23,0.0
,0,2023-01-21T16:04,0.0
,0,2023-01-21T17:46,0.0
,0,2023-01-21T19:27,0.0
,0,2023-01-21T21:09,0.0
,0,2023-01-21T22:50,0.0
,0,2023-01-22T00:32,0.0
,0,2023-01-22T02:13,0.0
,0,2023-01-22T03:55,0.0
,0,2023-01-22T05:36,0.0
8.90313073364768e-05,286,2023-01-22T07:18,1.2434782608695651
,0,2023-01-22T08:59,0.0
,0,2023-01-22T10:41,0.0
,0,2023-01-22T12:22,0.0
,0,2023-01-22T14:04,0.0
,0,2023-01-22T15:45,0.0
,0,2023-01-22T17:27,0.0
,0,2023-01-22T19:08,0.0
,0,2023-01-22T20:50,0.0
,0,2023-01-22T22:31,0.0
,0,2023-01-23T00:13,0.0
,0,2023-01-23T01:54,0.0
,0,2023-01-23T03:36,0.0
,0,2023-01-23T05:17,0.0
9.398794175016233e-05,286,2023-01-23T06:59,1.2434782608695651
,0,2023-01-23T08:40,0.0
,0,2023-01-23T10:22,0.0
,0,2023-01-23T12:03,0.0
,0,2023-01-23T13:45,0.0
,0,2023-01-23T15:26,0.0
,0,2023-01-23T17:08,0.0
,0,2023-01-23T18:49,0.0
,0,2023-01-23T20:31,0.0
,0,2023-01-23T22:13,0.0
,0,2023-01-23T23:54,0.0
,0,2023-01-24T01:36,0.0
,0,2023-01-24T03:17,0.0
,0,2023-01-24T04:59,0.0
,0,2023-01-24T06:40,0.0
7.078544030920344e-05,286,2023-01-24T08:22,1.2434782608695651
,0,2023-01-24T10:03,0.0
,0,2023-01-24T11:45,0.0
,0,2023-01-24T13:26,0.0
,0,2023-01-24T15:08,0.0
,0,2023-01-24T16:49,0.0
,0,2023-01-24T18:31,0.0
,0,2023-01-24T20:12,0.0
,0,2023-01-24T21:54,0.0
,0,2023-01-24T23:35,0.0
,0,2023-01-25T01:17,0.0
,0,2023-01-25T02:58,0.0
,0,2023-01-25T04:40,0.0
,0,2023-01-25T06:21,0.0
0.00011985188487921294,159,2023-01-25T08:03,0.691304347826087
,0,2023-01-25T09:44,0.0
,0,2023-01-25T11:26,0.0
,0,2023-01-25T13:07,0.0
,0,2023-01-25T14:49,0.0
,0,2023-01-25T16:30,0.0
,0,2023-01-25T18:12,0.0
,0,2023-01-25T19:53,0.0
,0,2023-01-25T21:35,0.0
,0,2023-01-25T23:16,0.0
,0,2023-01-26T00:58,0.0
,0,2023-01-26T02:39,0.0
,0,2023-01-26T04:21,0.0
,0,2023-01-26T06:02,0.0
7.259045495809933e-05,286,2023-01-26T07:44,1.2434782608695651
,0,2023-01-26T09:25,0.0
,0,2023-01-26T11:07,0.0
,0,2023-01-26T12:48,0.0
,0,2023-01-26T14:30,0.0
,0,2023-01-26T16:11,0.0
,0,2023-01-26T17:53,0.0
,0,2023-01-26T19:34,0.0
,0,2023-01-26T21:16,0.0
,0,2023-01-26T22:57,0.0
,0,2023-01-27T00:39,0.0
,0,2023-01-27T02:20,0.0
,0,2023-01-27T04:02,0.0
,0,2023-01-27T05:43,0.0
6.438237056534873e-05,286,2023-01-27T07:25,1.2434782608695651
,0,2023-01-27T09:06,0.0
,0,2023-01-27T10:48,0.0
,0,2023-01-27T12:29,0.0
,0,2023-01-27T14:11,0.0
,0,2023-01-27T15:52,0.0
,0,2023-01-27T17:34,0.0
,0,2023-01-27T19:15,0.0
,0,2023-01-27T20:57,0.0
,0,2023-01-27T22:38,0.0
,0,2023-01-28T00:20,0.0
,0,2023-01-28T02:01,0.0
,0,2023-01-28T03:43,0.0
,0,2023-01-28T05:24,0.0
6.798676978169312e-05,286,2023-01-28T07:06,1.2434782608695651
,0,2023-01-28T08:47,0.0
,0,2023-01-28T10:29,0.0
,0,2023-01-28T12:10,0.0
,0,2023-01-28T13:52,0.0
,0,2023-01-28T15:33,0.0
,0,2023-01-28T17:15,0.0
,0,2023-01-28T18:56,0.0
,0,2023-01-28T20:38,0.0
,0,2023-01-28T22:19,0.0
,0,2023-01-29T00:01,0.0
,0,2023-01-29T01:42,0.0
,0,2023-01-29T03:24,0.0
,0,2023-01-29T05:05,0.0
,0,2023-01-29T06:47,0.0
6.009514368955602e-05,286,2023-01-29T08:28,1.2434782608695651
,0,2023-01-29T10:10,0.0
,0,2023-01-29T11:51,0.0
,0,2023-01-29T13:33,0.0
,0,2023-01-29T15:14,0.0
,0,2023-01-29T16:56,0.0
,0,2023-01-29T18:37,0.0
,0,2023-01-29T20:19,0.0
,0,2023-01-29T22:00,0.0
,0,2023-01-29T23:42,0.0
,0,2023-01-30T01:23,0.0
,0,2023-01-30T03:05,0.0
,0,2023-01-30T04:46,0.0
,0,2023-01-30T06:28,0.0
8.179878645679776e-05,206,2023-01-30T08:09,0.8956521739130435
,0,2023-01-30T09:51,0.0
,0,2023-01-30T11:32,0.0
,0,2023-01-30T13:14,0.0
,0,2023-01-30T14:55,0.0
,0,2023-01-30T16:37,0.0
,0,2023-01-30T18:18,0.0
,0,2023-01-30T20:00,0.0
,0,2023-01-30T21:41,0.0
,0,2023-01-30T23:23,0.0
,0,2023-01-31T01:04,0.0
,0,2023-01-31T02:46,0.0
,0,2023-01-31T04:27,0.0
,0,2023-01-31T06:09,0.0
6.320365973884e-05,285,2023-01-31T07:50,1.2391304347826086
,0,2023-01-31T09:32,0.0
,0,2023-01-31T11:13,0.0
,0,2023-01-31T12:55,0.0
,0,2023-01-31T14:36,0.0
,0,2023-01-31T16:18,0.0
,0,2023-01-31T17:59,0.0
,0,2023-01-31T19:41,0.0
,0,2023-01-31T21:22,0.0
,0,2023-01-31T23:04,0.0
,0,2023-02-01T00:45,0.0
,0,2023-02-01T02:27,0.0
,0,2023-02-01T04:08,0.0
,0,2023-02-01T05:50,0.0
4.8741455664788006e-05,256,2023-02-01T07:31,1.1130434782608696
,0,2023-02-01T09:13,0.0
,0,2023-02-01T10:54,0.0
,0,2023-02-01T12:36,0.0
,0,2023-02-01T14:17,0.0
,0,2023-02-01T15:59,0.0
,0,2023-02-01T17:40,0.0
,0,2023-02-01T19:22,0.0
,0,2023-02-01T21:03,0.0
,0,2023-02-01T22:45,0.0
,0,2023-02-02T00:26,0.0
,0,2023-02-02T02:08,0.0
,0,2023-02-02T03:49,0.0
,0,2023-02-02T05:31,0.0
5.1333825313434454e-05,286,2023-02-02T07:12,1.2434782608695651
,0,2023-02-02T08:54,0.0
,0,2023-02-02T10:35,0.0
,0,2023-02-02T12:17,0.0
,0,2023-02-02T13:59,0.0
,0,2023-02-02T15:40,0.0
,0,2023-02-02T17:22,0.0
,0,2023-02-02T19:03,0.0
,0,2023-02-02T20:45,0.0
,0,2023-02-02T22:26,0.0
,0,2023-02-03T00:08,0.0
,0,2023-02-03T01:49,0.0
,0,2023-02-03T03:31,0.0
,0,2023-02-03T05:12,0.0
6.234694533670914e-05,286,2023-02-03T06:54,1.2434782608695651
6.669442502795948e-05,286,2023-02-03T08:35,1.2434782608695651
,0,2023-02-03T10:17,0.0
,0,2023-02-03T11:58,0.0
,0,2023-02-03T13:40,0.0
,0,2023-02-03T15:21,0.0
,0,2023-02-03T17:03,0.0
,0,2023-02-03T18:44,0.0
,0,2023-02-03T20:26,0.0
,0,2023-02-03T22:07,0.0
,0,2023-02-03T23:49,0.0
,0,2023-02-04T01:30,0.0
,0,2023-02-04T03:12,0.0
,0,2023-02-04T04:53,0.0
,0,2023-02-04T06:35,0.0
8.036886775083744e-05,286,2023-02-04T08:16,1.2434782608695651
,0,2023-02-04T09:58,0.0
,0,2023-02-04T11:39,0.0
,0,2023-02-04T13:21,0.0
,0,2023-02-04T15:02,0.0
,0,2023-02-04T16:44,0.0
,0,2023-02-04T18:25,0.0
,0,2023-02-04T20:07,0.0
,0,2023-02-04T21:48,0.0
,0,2023-02-04T23:30,0.0
,0,2023-02-05T01:11,0.0
,0,2023-02-05T02:53,0.0
,0,2023-02-05T04:34,0.0
,0,2023-02-05T06:16,0.0
9.253656620645955e-05,286,2023-02-05T07:57,1.2434782608695651
,0,2023-02-05T09:39,0.0
,0,2023-02-05T11:20,0.0
,0,2023-02-05T13:02,0.0
,0,2023-02-05T14:43,0.0
,0,2023-02-05T16:25,0.0
,0,2023-02-05T18:06,0.0
,0,2023-02-05T19:48,0.0
,0,2023-02-05T21:29,0.0
,0,2023-02-05T23:11,0.0
,0,2023-02-06T00:52,0.0
,0,2023-02-06T02:34,0.0
,0,2023-02-06T04:15,0.0
,0,2023-02-06T05:57,0.0
6.4917810788725e-05,286,2023-02-06T07:38,1.2434782608695651
,0,2023-02-06T09:20,0.0
,0,2023-02-06T11:01,0.0
,0,2023-02-06T12:43,0.0
,0,2023-02-06T14:24,0.0
,0,2023-02-06T16:06,0.0
,0,2023-02-06T17:47,0.0
,0,2023-02-06T19:29,0.0
,0,2023-02-06T21:10,0.0
,0,2023-02-06T22:52,0.0
,0,2023-02-07T00:33,0.0
,0,2023-02-07T02:15,0.0
,0,2023-02-07T03:56,0.0
,0,2023-02-07T05:38,0.0
9.401401657456661e-05,286,2023-02-07T07:19,1.2434782608695651
,0,2023-02-07T09:01,0.0
,0,2023-02-07T10:42,0.0
,0,2023-02-07T12:24,0.0
,0,2023-02-07T14:05,0.0
,0,2023-02-07T15:47,0.0
,0,2023-02-07T17:28,0.0
,0,2023-02-07T19:10,0.0
,0,2023-02-07T20:51,0.0
,0,2023-02-07T22:33,0.0
,0,2023-02-08T00:14,0.0
,0,2023-02-08T01:56,0.0
,0,2023-02-08T03:37,0.0
,0,2023-02-08T05:19,0.0
7.827598127089216e-05,286,2023-02-08T07:00,1.2434782608695651
,0,2023-02-08T08:42,0.0
,0,2023-02-08T10:23,0.0
,0,2023-02-08T12:05,0.0
,0,2023-02-08T13:46,0.0
,0,2023-02-08T15:28,0.0
,0,2023-02-08T17:09,0.0
,0,2023-02-08T18:51,0.0
,0,2023-02-08T20:32,0.0
,0,2023-02-08T22:14,0.0
,0,2023-02-08T23:55,0.0
,0,2023-02-09T01:37,0.0
,0,2023-02-09T03:18,0.0
,0,2023-02-09T05:00,0.0
,0,2023-02-09T06:41,0.0
7.982664914178666e-05,286,2023-02-09T08:23,1.2434782608695651
,0,2023-02-09T10:04,0.0
,0,2023-02-09T11:46,0.0
,0,2023-02-09T13:27,0.0
,0,2023-02-09T15:09,0.0
,0,2023-02-09T16:50,0.0
,0,2023-02-09T18:32,0.0
,0,2023-02-09T20:13,0.0
,0,2023-02-09T21:55,0.0
,0,2023-02-09T23:36,0.0
,0,2023-02-10T01:18,0.0
,0,2023-02-10T02:59,0.0
,0,2023-02-10T04:41,0.0
,0,2023-02-10T06:22,0.0
9.337182656751392e-05,286,2023-02-10T08:04,1.2434782608695651
,0,2023-02-10T09:45,0.0
,0,2023-02-10T11:27,0.0
,0,2023-02-10T13:08,0.0
,0,2023-02-10T14:50,0.0
,0,2023-02-10T16:31,0.0
,0,2023-02-10T18:13,0.0
,0,2023-02-10T19:55,0.0
,0,2023-02-10T21:36,0.0
,0,2023-02-10T23:18,0.0
,0,2023-02-11T00:59,0.0
,0,2023-02-11T02:41,0.0
,0,2023-02-11T04:22,0.0
,0,2023-02-11T06:04,0.0
0.00010562294531692585,286,2023-02-11T07:45,1.2434782608695651
,0,2023-02-11T09:27,0.0
,0,2023-02-11T11:08,0.0
,0,2023-02-11T12:50,0.0
,0,2023-02-11T14:31,0.0
,0,2023-02-11T16:13,0.0
,0,2023-02-11T17:54,0.0
,0,2023-02-11T19:36,0.0
,0,2023-02-11T21:17,0.0
,0,2023-02-11T22:59,0.0
,0,2023-02-12T00:40,0.0
,0,2023-02-12T02:22,0.0
,0,2023-02-12T04:03,0.0
,0,2023-02-12T05:45,0.0
8.137288847035473e-05,286,2023-02-12T07:26,1.2434782608695651
,0,2023-02-12T09:08,0.0
,0,2023-02-12T10:49,0.0
,0,2023-02-12T12:31,0.0
,0,2023-02-12T14:12,0.0
,0,2023-02-12T15:54,0.0
,0,2023-02-12T17:35,0.0
,0,2023-02-12T19:17,0.0
,0,2023-02-12T20:58,0.0
,0,2023-02-12T22:40,0.0
,0,2023-02-13T00:21,0.0
,0,2023-02-13T02:03,0.0
,0,2023-02-13T03:44,0.0
,0,2023-02-13T05:26,0.0
6.037932759604735e-05,286,2023-02-13T07:07,1.2434782608695651
,0,2023-02-13T08:49,0.0
,0,2023-02-13T10:30,0.0
,0,2023-02-13T12:12,0.0
,0,2023-02-13T13:53,0.0
,0,2023-02-13T15:35,0.0
,0,2023-02-13T17:16,0.0
,0,2023-02-13T18:58,0.0
,0,2023-02-13T20:39,0.0
,0,2023-02-13T22:21,0.0
,0,2023-02-14T00:02,0.0
,0,2023-02-14T01:44,0.0
,0,2023-02-14T03:25,0.0
,0,2023-02-14T05:07,0.0
,0,2023-02-14T06:48,0.0
8.270095854756008e-05,286,2023-02-14T08:30,1.2434782608695651
,0,2023-02-14T10:11,0.0
,0,2023-02-14T11:53,0.0
,0,2023-02-14T13:34,0.0
,0,2023-02-14T15:16,0.0
,0,2023-02-14T16:57,0.0
,0,2023-02-14T18:39,0.0
,0,2023-02-14T20:20,0.0
,0,2023-02-14T22:02,0.0
,0,2023-02-14T23:43,0.0
,0,2023-02-15T01:25,0.0
,0,2023-02-15T03:06,0.0
,0,2023-02-15T04:48,0.0
,0,2023-02-15T06:29,0.0
8.631750129398898e-05,286,2023-02-15T08:11,1.2434782608695651
,0,2023-02-15T09:52,0.0
,0,2023-02-15T11:34,0.0
,0,2023-02-15T13:15,0.0
,0,2023-02-15T14:57,0.0
,0,2023-02-15T16:38,0.0
,0,2023-02-15T18:20,0.0
,0,2023-02-15T20:01,0.0
,0,2023-02-15T21:43,0.0
,0,2023-02-15T23:24,0.0
,0,2023-02-16T01:06,0.0
,0,2023-02-16T02:47,0.0
,0,2023-02-16T04:29,0.0
,0,2023-02-16T06:10,0.0
8.083503654652127e-05,286,2023-02-16T07:52,1.2434782608695651
,0,2023-02-16T09:33,0.0
,0,2023-02-16T11:15,0.0
,0,2023-02-16T12:56,0.0
,0,2023-02-16T14:38,0.0
,0,2023-02-16T16:19,0.0
,0,2023-02-16T18:01,0.0
,0,2023-02-16T19:42,0.0
,0,2023-02-16T21:24,0.0
,0,2023-02-16T23:05,0.0
,0,2023-02-17T00:47,0.0
,0,2023-02-17T02:28,0.0
,0,2023-02-17T04:10,0.0
,0,2023-02-17T05:51,0.0
7.880367793452598e-05,286,2023-02-17T07:33,1.2434782608695651
,0,2023-02-17T09:14,0.0
,0,2023-02-17T10:56,0.0
,0,2023-02-17T12:37,0.0
,0,2023-02-17T14:19,0.0
,0,2023-02-17T16:00,0.0
,0,2023-02-17T17:42,0.0
,0,2023-02-17T19:23,0.0
,0,2023-02-17T21:05,0.0
,0,2023-02-17T22:46,0.0
,0,2023-02-18T00:28,0.0
,0,2023-02-18T02:09,0.0
,0,2023-02-18T03:51,0.0
,0,2023-02-18T05:32,0.0
6.567837727675705e-05,286,2023-02-18T07:14,1.2434782608695651
,0,2023-02-18T08:56,0.0
,0,2023-02-18T10:37,0.0
,0,2023-02-18T12:19,0.0
,0,2023-02-18T14:00,0.0
,0,2023-02-18T15:42,0.0
,0,2023-02-18T17:23,0.0
,0,2023-02-18T19:05,0.0
,0,2023-02-18T20:46,0.0
,0,2023-02-18T22:28,0.0
,0,2023-02-19T00:09,0.0
,0,2023-02-19T01:51,0.0
,0,2023-02-19T03:32,0.0
,0,2023-02-19T05:14,0.0
5.154979552756785e-05,286,2023-02-19T06:55,1.2434782608695651
6.310163260801644e-05,286,2023-02-19T08:37,1.2434782608695651
,0,2023-02-19T10:18,0.0
,0,2023-02-19T12:00,0.0
,0,2023-02-19T13:41,0.0
,0,2023-02-19T15:23,0.0
,0,2023-02-19T17:04,0.0
,0,2023-02-19T18:46,0.0
,0,2023-02-19T20:27,0.0
,0,2023-02-19T22:09,0.0
,0,2023-02-19T23:50,0.0
,0,2023-02-20T01:32,0.0
,0,2023-02-20T03:13,0.0
,0,2023-02-20T04:55,0.0
,0,2023-02-20T06:36,0.0
8.7842525979343e-05,286,2023-02-20T08:18,1.2434782608695651
,0,2023-02-20T09:59,0.0
,0,2023-02-20T11:41,0.0
,0,2023-02-20T13:22,0.0
,0,2023-02-20T15:04,0.0
,0,2023-02-20T16:45,0.0
,0,2023-02-20T18:27,0.0
,0,2023-02-20T20:08,0.0
,0,2023-02-20T21:50,0.0
,0,2023-02-20T23:31,0.0
,0,2023-02-21T01:13,0.0
,0,2023-02-21T02:54,0.0
,0,2023-02-21T04:36,0.0
,0,2023-02-21T06:17,0.0
0.0001072535933618576,286,2023-02-21T07:59,1.2434782608695651
,0,2023-02-21T09:40,0.0
,0,2023-02-21T11:22,0.0
,0,2023-02-21T13:03,0.0
,0,2023-02-21T14:45,0.0
,0,2023-02-21T16:26,0.0
,0,2023-02-21T18:08,0.0
,0,2023-02-21T19:49,0.0
,0,2023-02-21T21:31,0.0
,0,2023-02-21T23:12,0.0
,0,2023-02-22T00:54,0.0
,0,2023-02-22T02:35,0.0
,0,2023-02-22T04:17,0.0
,0,2023-02-22T05:58,0.0
0.00011040206506194812,286,2023-02-22T07:40,1.2434782608695651
,0,2023-02-22T09:21,0.0
,0,2023-02-22T11:03,0.0
,0,2023-02-22T12:44,0.0
,0,2023-02-22T14:26,0.0
,0,2023-02-22T16:07,0.0
,0,2023-02-22T17:49,0.0
,0,2023-02-22T19:30,0.0
,0,2023-02-22T21:12,0.0
,0,2023-02-22T22:53,0.0
,0,2023-02-23T00:35,0.0
,0,2023-02-23T02:16,0.0
,0,2023-02-23T03:58,0.0
,0,2023-02-23T05:39,0.0
9.052462111536237e-05,286,2023-02-23T07:21,1.2434782608695651
,0,2023-02-23T09:02,0.0
,0,2023-02-23T10:44,0.0
,0,2023-02-23T12:25,0.0
,0,2023-02-23T14:07,0.0
,0,2023-02-23T15:48,0.0
,0,2023-02-23T17:30,0.0
,0,2023-02-23T19:11,0.0
,0,2023-02-23T20:53,0.0
,0,2023-02-23T22:34,0.0
,0,2023-02-24T00:16,0.0
,0,2023-02-24T01:57,0.0
,0,2023-02-24T03:39,0.0
,0,2023-02-24T05:20,0.0
7.9581831477423e-05,286,2023-02-24T07:02,1.2434782608695651
,0,2023-02-24T08:43,0.0
,0,2023-02-24T10:25,0.0
,0,2023-02-24T12:06,0.0
,0,2023-02-24T13:48,0.0
,0,2023-02-24T15:29,0.0
,0,2023-02-24T17:11,0.0
,0,2023-02-24T18:52,0.0
,0,2023-02-24T20:34,0.0
,0,2023-02-24T22:15,0.0
,0,2023-02-24T23:57,0.0
,0,2023-02-25T01:38,0.0
,0,2023-02-25T03:20,0.0
,0,2023-02-25T05:01,0.0
,0,2023-02-25T06:43,0.0
9.75153851145822e-05,286,2023-02-25T08:24,1.2434782608695651
,0,2023-02-25T10:06,0.0
,0,2023-02-25T11:48,0.0
,0,2023-02-25T13:29,0.0
,0,2023-02-25T15:11,0.0
,0,2023-02-25T16:52,0.0
,0,2023-02-25T18:34,0.0
,0,2023-02-25T20:15,0.0
,0,2023-02-25T21:57,0.0
,0,2023-02-25T23:38,0.0
,0,2023-02-26T01:20,0.0
,0,2023-02-26T03:01,0.0
,0,2023-02-26T04:43,0.0
,0,2023-02-26T06:24,0.0
8.254548893000953e-05,287,2023-02-26T08:06,1.2478260869565216
,0,2023-02-26T09:47,0.0
,0,2023-02-26T11:29,0.0
,0,2023-02-26T13:10,0.0
,0,2023-02-26T14:52,0.0
,0,2023-02-26T16:33,0.0
,0,2023-02-26T18:15,0.0
,0,2023-02-26T19:56,0.0
,0,2023-02-26T21:38,0.0
,0,2023-02-26T23:19,0.0
,0,2023-02-27T01:01,0.0
,0,2023-02-27T02:42,0.0
,0,2023-02-27T04:24,0.0
,0,2023-02-27T06:05,0.0
0.00010047365152309857,287,2023-02-27T07:47,1.2478260869565216
,0,2023-02-27T09:28,0.0
,0,2023-02-27T11:10,0.0
,0,2023-02-27T12:51,0.0
,0,2023-02-27T14:33,0.0
,0,2023-02-27T16:14,0.0
,0,2023-02-27T17:56,0.0
,0,2023-02-27T19:37,0.0
,0,2023-02-27T21:19,0.0
,0,2023-02-27T23:00,0.0
,0,2023-02-28T00:42,0.0
,0,2023-02-28T02:23,0.0
,0,2023-02-28T04:05,0.0
,0,2023-02-28T05:46,0.0
0.00010017390173132975,287,2023-02-28T07:28,1.2478260869565216
,0,2023-02-28T09:09,0.0
,0,2023-02-28T10:51,0.0
,0,2023-02-28T12:32,0.0
,0,2023-02-28T14:14,0.0
,0,2023-02-28T15:55,0.0
,0,2023-02-28T17:37,0.0
,0,2023-02-28T19:18,0.0
,0,2023-02-28T21:00,0.0
,0,2023-02-28T22:41,0.0
,0,2023-03-01T00:23,0.0
,0,2023-03-01T02:04,0.0
,0,2023-03-01T03:46,0.0
,0,2023-03-01T05:27,0.0
0.00010919827415531509,287,2023-03-01T07:09,1.2478260869565216
,0,2023-03-01T08:50,0.0
,0,2023-03-01T10:32,0.0
,0,2023-03-01T12:13,0.0
,0,2023-03-01T13:55,0.0
,0,2023-03-01T15:36,0.0
,0,2023-03-01T17:18,0.0
,0,2023-03-01T18:59,0.0
,0,2023-03-01T20:41,0.0
,0,2023-03-01T22:22,0.0
,0,2023-03-02T00:04,0.0
,0,2023-03-02T01:45,0.0
,0,2023-03-02T03:27,0.0
,0,2023-03-02T05:08,0.0
,0,2023-03-02T06:50,0.0
7.711708607778758e-05,287,2023-03-02T08:31,1.2478260869565216
,0,2023-03-02T10:13,0.0
,0,2023-03-02T11:54,0.0
,0,2023-03-02T13:36,0.0
,0,2023-03-02T15:17,0.0
,0,2023-03-02T16:59,0.0
,0,2023-03-02T18:40,0.0
,0,2023-03-02T20:22,0.0
,0,2023-03-02T22:03,0.0
,0,2023-03-02T23:45,0.0
,0,2023-03-03T01:26,0.0
,0,2023-03-03T03:08,0.0
,0,2023-03-03T04:49,0.0
,0,2023-03-03T06:31,0.0
7.886056308366538e-05,287,2023-03-03T08:12,1.2478260869565216
,0,2023-03-03T09:54,0.0
,0,2023-03-03T11:35,0.0
,0,2023-03-03T13:17,0.0
,0,2023-03-03T14:58,0.0
,0,2023-03-03T16:40,0.0
,0,2023-03-03T18:21,0.0
,0,2023-03-03T20:03,0.0
,0,2023-03-03T21:44,0.0
,0,2023-03-03T23:26,0.0
,0,2023-03-04T01:07,0.0
,0,2023-03-04T02:49,0.0
,0,2023-03-04T04:30,0.0
,0,2023-03-04T06:12,0.0
9.873088333648711e-05,287,2023-03-04T07:53,1.2478260869565216
,0,2023-03-04T09:35,0.0
,0,2023-03-04T11:17,0.0
,0,2023-03-04T12:58,0.0
,0,2023-03-04T14:40,0.0
,0,2023-03-04T16:21,0.0
,0,2023-03-04T18:03,0.0
,0,2023-03-04T19:44,0.0
,0,2023-03-04T21:26,0.0
,0,2023-03-04T23:07,0.0
,0,2023-03-05T00:49,0.0
,0,2023-03-05T02:30,0.0
,0,2023-03-05T04:12,0.0
,0,2023-03-05T05:53,0.0
7.428368044779595e-05,287,2023-03-05T07:35,1.2478260869565216
,0,2023-03-05T09:16,0.0
,0,2023-03-05T10:58,0.0
,0,2023-03-05T12:39,0.0
,0,2023-03-05T14:21,0.0
,0,2023-03-05T16:02,0.0
,0,2023-03-05T17:44,0.0
,0,2023-03-05T19:25,0.0
,0,2023-03-05T21:07,0.0
,0,2023-03-05T22:48,0.0
,0,2023-03-06T00:30,0.0
,0,2023-03-06T02:11,0.0
,0,2023-03-06T03:53,0.0
,0,2023-03-06T05:34,0.0
5.403779851387356e-05,287,2023-03-06T07:16,1.2478260869565216
,0,2023-03-06T08:57,0.0
,0,2023-03-06T10:39,0.0
,0,2023-03-06T12:20,0.0
,0,2023-03-06T14:02,0.0
,0,2023-03-06T15:43,0.0
,0,2023-03-06T17:25,0.0
,0,2023-03-06T19:06,0.0
,0,2023-03-06T20:48,0.0
,0,2023-03-06T22:29,0.0
,0,2023-03-07T00:11,0.0
,0,2023-03-07T01:52,0.0
,0,2023-03-07T03:34,0.0
,0,2023-03-07T05:15,0.0
,0,2023-03-07T06:57,0.0
2.692514878741181e-05,34,2023-03-07T08:38,0.14782608695652175
,0,2023-03-07T10:20,0.0
,0,2023-03-07T12:01,0.0
,0,2023-03-07T13:43,0.0
,0,2023-03-07T15:24,0.0
,0,2023-03-07T17:06,0.0
,0,2023-03-07T18:47,0.0
,0,2023-03-07T20:29,0.0
,0,2023-03-07T22:10,0.0
,0,2023-03-07T23:52,0.0
,0,2023-03-08T01:33,0.0
,0,2023-03-08T03:15,0.0
,0,2023-03-08T04:56,0.0
,0,2023-03-08T06:38,0.0
6.844203860505686e-05,287,2023-03-08T08:19,1.2478260869565216
,0,2023-03-08T10:01,0.0
,0,2023-03-08T11:42,0.0
,0,2023-03-08T13:24,0.0
,0,2023-03-08T15:05,0.0
,0,2023-03-08T16:47,0.0
,0,2023-03-08T18:28,0.0
,0,2023-03-08T20:10,0.0
,0,2023-03-08T21:51,0.0
,0,2023-03-08T23:33,0.0
,0,2023-03-09T01:14,0.0
,0,2023-03-09T02:56,0.0
,0,2023-03-09T04:37,0.0
,0,2023-03-09T06:19,0.0
7.33394471726605e-05,222,2023-03-09T08:00,0.9652173913043478
,0,2023-03-09T09:42,0.0
,0,2023-03-09T11:23,0.0
,0,2023-03-09T13:05,0.0
,0,2023-03-09T14:46,0.0
,0,2023-03-09T16:28,0.0
,0,2023-03-09T18:09,0.0
,0,2023-03-09T19:51,0.0
,0,2023-03-09T21:32,0.0
,0,2023-03-09T23:14,0.0
,0,2023-03-10T00:55,0.0
,0,2023-03-10T02:37,0.0
,0,2023-03-10T04:18,0.0
,0,2023-03-10T06:00,0.0
8.726881437317105e-05,287,2023-03-10T07:41,1.2478260869565216
,0,2023-03-10T09:23,0.0
,0,2023-03-10T11:04,0.0
,0,2023-03-10T12:46,0.0
,0,2023-03-10T14:27,0.0
,0,2023-03-10T16:09,0.0
,0,2023-03-10T17:50,0.0
,0,2023-03-10T19:32,0.0
,0,2023-03-10T21:13,0.0
,0,2023-03-10T22:55,0.0
,0,2023-03-11T00:36,0.0
,0,2023-03-11T02:18,0.0
,0,2023-03-11T03:59,0.0
,0,2023-03-11T05:41,0.0
5.808617473049523e-05,281,2023-03-11T07:22,1.2217391304347827
,0,2023-03-11T09:04,0.0
,0,2023-03-11T10:46,0.0
,0,2023-03-11T12:27,0.0
,0,2023-03-11T14:09,0.0
,0,2023-03-11T15:50,0.0
,0,2023-03-11T17:32,0.0
,0,2023-03-11T19:13,0.0
,0,2023-03-11T20:55,0.0
,0,2023-03-11T22:36,0.0
,0,2023-03-12T00:18,0.0
,0,2023-03-12T01:59,0.0
,0,2023-03-12T03:41,0.0
,0,2023-03-12T05:22,0.0
5.392485077122562e-05,16,2023-03-12T07:04,0.06956521739130435
,0,2023-03-12T08:45,0.0
,0,2023-03-12T10:27,0.0
,0,2023-03-12T12:08,0.0
,0,2023-03-12T13:50,0.0
,0,2023-03-12T15:31,0.0
,0,2023-03-12T17:13,0.0
,0,2023-03-12T18:54,0.0
,0,2023-03-12T20:36,0.0
,0,2023-03-12T22:17,0.0
,0,2023-03-12T23:59,0.0
,0,2023-03-13T01:40,0.0
,0,2023-03-13T03:22,0.0
,0,2023-03-13T05:03,0.0
,0,2023-03-13T06:45,0.0
8.647619940841588e-05,119,2023-03-13T08:26,0.5173913043478261
,0,2023-03-13T10:08,0.0
,0,2023-03-13T11:49,0.0
,0,2023-03-13T13:31,0.0
,0,2023-03-13T15:12,0.0
,0,2023-03-13T16:54,0.0
,0,2023-03-13T18:35,0.0
,0,2023-03-13T20:17,0.0
,0,2023-03-13T21:58,0.0
,0,2023-03-13T23:40,0.0
,0,2023-03-14T01:21,0.0
,0,2023-03-14T03:03,0.0
,0,2023-03-14T04:44,0.0
,0,2023-03-14T06:26,0.0
7.978163691283924e-05,220,2023-03-14T08:07,0.9565217391304348
,0,2023-03-14T09:49,0.0
,0,2023-03-14T11:30,0.0
,0,2023-03-14T13:12,0.0
,0,2023-03-14T14:53,0.0
,0,2023-03-14T16:35,0.0
,0,2023-03-14T18:16,0.0
,0,2023-03-14T19:58,0.0
,0,2023-03-14T21:39,0.0
,0,2023-03-14T23:21,0.0
,0,2023-03-15T01:02,0.0
,0,2023-03-15T02:44,0.0
,0,2023-03-15T04:25,0.0
,0,2023-03-15T06:07,0.0
8.291616193655731e-05,287,2023-03-15T07:48,1.2478260869565216
,0,2023-03-15T09:30,0.0
,0,2023-03-15T11:11,0.0
,0,2023-03-15T12:53,0.0
,0,2023-03-15T14:34,0.0
,0,2023-03-15T16:16,0.0
,0,2023-03-15T17:57,0.0
,0,2023-03-15T19:39,0.0
,0,2023-03-15T21:20,0.0
,0,2023-03-15T23:02,0.0
,0,2023-03-16T00:43,0.0
,0,2023-03-16T02:25,0.0
,0,2023-03-16T04:06,0.0
,0,2023-03-16T05:48,0.0
,0,2023-03-16T07:29,0.0
,0,2023-03-16T09:11,0.0
,0,2023-03-16T10:52,0.0
,0,2023-03-16T12:34,0.0
,0,2023-03-16T14:15,0.0
,0,2023-03-16T15:57,0.0
,0,2023-03-16T17:38,0.0
,0,2023-03-16T19:20,0.0
,0,2023-03-16T21:01,0.0
,0,2023-03-16T22:43,0.0
,0,2023-03-17T00:24,0.0
,0,2023-03-17T02:06,0.0
,0,2023-03-17T03:47,0.0
,0,2023-03-17T05:29,0.0
7.058107123551715e-05,259,2023-03-17T07:11,1.126086956521739
,0,2023-03-17T08:52,0.0
,0,2023-03-17T10:34,0.0
,0,2023-03-17T12:15,0.0
,0,2023-03-17T13:57,0.0
,0,2023-03-17T15:38,0.0
,0,2023-03-17T17:20,0.0
,0,2023-03-17T19:01,0.0
,0,2023-03-17T20:43,0.0
,0,2023-03-17T22:24,0.0
,0,2023-03-18T00:06,0.0
,0,2023-03-18T01:47,0.0
,0,2023-03-18T03:29,0.0
,0,2023-03-18T05:10,0.0
,0,2023-03-18T06:52,0.0
4.739240447781143e-05,69,2023-03-18T08:33,0.3
,0,2023-03-18T10:15,0.0
,0,2023-03-18T11:56,0.0
,0,2023-03-18T13:38,0.0
,0,2023-03-18T15:19,0.0
,0,2023-03-18T17:01,0.0
,0,2023-03-18T18:42,0.0
,0,2023-03-18T20:24,0.0
,0,2023-03-18T22:05,0.0
,0,2023-03-18T23:47,0.0
,0,2023-03-19T01:28,0.0
,0,2023-03-19T03:10,0.0
,0,2023-03-19T04:51,0.0
,0,2023-03-19T06:33,0.0
4.2875124269442764e-05,282,2023-03-19T08:14,1.2260869565217392
,0,2023-03-19T09:56,0.0
,0,2023-03-19T11:37,0.0
,0,2023-03-19T13:19,0.0
,0,2023-03-19T15:00,0.0
,0,2023-03-19T16:42,0.0
,0,2023-03-19T18:23,0.0
,0,2023-03-19T20:05,0.0
,0,2023-03-19T21:46,0.0
,0,2023-03-19T23:28,0.0
,0,2023-03-20T01:09,0.0
,0,2023-03-20T02:51,0.0
,0,2023-03-20T04:32,0.0
,0,2023-03-20T06:14,0.0
4.6139648142183885e-05,287,2023-03-20T07:55,1.2478260869565216
,0,2023-03-20T09:37,0.0
,0,2023-03-20T11:18,0.0
,0,2023-03-20T13:00,0.0
,0,2023-03-20T14:41,0.0
,0,2023-03-20T16:23,0.0
,0,2023-03-20T18:04,0.0
,0,2023-03-20T19:46,0.0
,0,2023-03-20T21:27,0.0
,0,2023-03-20T23:09,0.0
,0,2023-03-21T00:50,0.0
,0,2023-03-21T02:32,0.0
,0,2023-03-21T04:14,0.0
,0,2023-03-21T05:55,0.0
3.290186736025543e-05,228,2023-03-21T07:37,0.991304347826087
,0,2023-03-21T09:18,0.0
,0,2023-03-21T11:00,0.0
,0,2023-03-21T12:41,0.0
,0,2023-03-21T14:23,0.0
,0,2023-03-21T16:04,0.0
,0,2023-03-21T17:46,0.0
,0,2023-03-21T19:27,0.0
,0,2023-03-21T21:09,0.0
,0,2023-03-21T22:50,0.0
,0,2023-03-22T00:32,0.0
,0,2023-03-22T02:13,0.0
,0,2023-03-22T03:55,0.0
,0,2023-03-22T05:36,0.0
3.0682191285800996e-05,287,2023-03-22T07:18,1.2478260869565216
,0,2023-03-22T08:59,0.0
,0,2023-03-22T10:41,0.0
,0,2023-03-22T12:22,0.0
,0,2023-03-22T14:04,0.0
,0,2023-03-22T15:45,0.0
,0,2023-03-22T17:27,0.0
,0,2023-03-22T19:08,0.0
,0,2023-03-22T20:50,0.0
,0,2023-03-22T22:31,0.0
,0,2023-03-23T00:13,0.0
,0,2023-03-23T01:54,0.0
,0,2023-03-23T03:36,0.0
,0,2023-03-23T05:17,0.0
2.921396995780741e-05,283,2023-03-23T06:59,1.2304347826086957
3.333673755112133e-05,287,2023-03-23T08:40,1.2478260869565216
,0,2023-03-23T10:22,0.0
,0,2023-03-23T12:03,0.0
,0,2023-03-23T13:45,0.0
,0,2023-03-23T15:26,0.0
,0,2023-03-23T17:08,0.0
,0,2023-03-23T18:49,0.0
,0,2023-03-23T20:31,0.0
,0,2023-03-23T22:12,0.0
,0,2023-03-23T23:54,0.0
,0,2023-03-24T01:35,0.0
,0,2023-03-24T03:17,0.0
,0,2023-03-24T04:58,0.0
,0,2023-03-24T06:40,0.0
3.959115846828345e-05,287,2023-03-24T08:21,1.2478260869565216
,0,2023-03-24T10:03,0.0
,0,2023-03-24T11:44,0.0
,0,2023-03-24T13:26,0.0
,0,2023-03-24T15:07,0.0
,0,2023-03-24T16:49,0.0
,0,2023-03-24T18:30,0.0
,0,2023-03-24T20:12,0.0
,0,2023-03-24T21:53,0.0
,0,2023-03-24T23:35,0.0
,0,2023-03-25T01:17,0.0
,0,2023-03-25T02:58,0.0
,0,2023-03-25T04:40,0.0
,0,2023-03-25T06:21,0.0
5.0178157594941654e-05,287,2023-03-25T08:03,1.2478260869565216
,0,2023-03-25T09:44,0.0
,0,2023-03-25T11:26,0.0
,0,2023-03-25T13:07,0.0
,0,2023-03-25T14:49,0.0
,0,2023-03-25T16:30,0.0
,0,2023-03-25T18:12,0.0
,0,2023-03-25T19:53,0.0
,0,2023-03-25T21:35,0.0
,0,2023-03-25T23:16,0.0
,0,2023-03-26T00:58,0.0
,0,2023-03-26T02:39,0.0
,0,2023-03-26T04:21,0.0
,0,2023-03-26T06:02,0.0
6.508964699084533e-05,287,2023-03-26T07:44,1.2478260869565216
,0,2023-03-26T09:25,0.0
,0,2023-03-26T11:07,0.0
,0,2023-03-26T12:48,0.0
,0,2023-03-26T14:30,0.0
,0,2023-03-26T16:11,0.0
,0,2023-03-26T17:53,0.0
,0,2023-03-26T19:34,0.0
,0,2023-03-26T21:16,0.0
,0,2023-03-26T22:57,0.0
,0,2023-03-27T00:39,0.0
,0,2023-03-27T02:20,0.0
,0,2023-03-27T04:02,0.0
,0,2023-03-27T05:43,0.0
6.645588641809957e-05,287,2023-03-27T07:25,1.2478260869565216
,0,2023-03-27T09:06,0.0
,0,2023-03-27T10:48,0.0
,0,2023-03-27T12:29,0.0
,0,2023-03-27T14:11,0.0
,0,2023-03-27T15:52,0.0
,0,2023-03-27T17:34,0.0
,0,2023-03-27T19:15,0.0
,0,2023-03-27T20:57,0.0
,0,2023-03-27T22:38,0.0
,0,2023-03-28T00:20,0.0
,0,2023-03-28T02:01,0.0
,0,2023-03-28T03:43,0.0
,0,2023-03-28T05:24,0.0
5.880421375370989e-05,287,2023-03-28T07:06,1.2478260869565216
,0,2023-03-28T08:47,0.0
,0,2023-03-28T10:29,0.0
,0,2023-03-28T12:10,0.0
,0,2023-03-28T13:52,0.0
,0,2023-03-28T15:33,0.0
,0,2023-03-28T17:15,0.0
,0,2023-03-28T18:56,0.0
,0,2023-03-28T20:38,0.0
,0,2023-03-28T22:19,0.0
,0,2023-03-29T00:01,0.0
,0,2023-03-29T01:43,0.0
,0,2023-03-29T03:24,0.0
,0,2023-03-29T05:06,0.0
,0,2023-03-29T06:47,0.0
5.2158621172785183e-05,287,2023-03-29T08:29,1.2478260869565216
,0,2023-03-29T10:10,0.0
,0,2023-03-29T11:52,0.0
,0,2023-03-29T13:33,0.0
,0,2023-03-29T15:15,0.0
,0,2023-03-29T16:56,0.0
,0,2023-03-29T18:38,0.0
,0,2023-03-29T20:19,0.0
,0,2023-03-29T22:01,0.0
,0,2023-03-29T23:42,0.0
,0,2023-03-30T01:24,0.0
,0,2023-03-30T03:05,0.0
,0,2023-03-30T04:47,0.0
,0,2023-03-30T06:28,0.0
4.0260630104632734e-05,287,2023-03-30T08:10,1.2478260869565216
,0,2023-03-30T09:51,0.0
,0,2023-03-30T11:33,0.0
,0,2023-03-30T13:14,0.0
,0,2023-03-30T14:56,0.0
,0,2023-03-30T16:37,0.0
,0,2023-03-30T18:19,0.0
,0,2023-03-30T20:00,0.0
,0,2023-03-30T21:42,0.0
,0,2023-03-30T23:23,0.0
,0,2023-03-31T01:05,0.0
,0,2023-03-31T02:46,0.0
,0,2023-03-31T04:28,0.0
,0,2023-03-31T06:09,0.0
3.7256339325385245e-05,149,2023-03-31T07:51,0.6478260869565218
,0,2023-03-31T09:32,0.0
,0,2023-03-31T11:14,0.0
,0,2023-03-31T12:55,0.0
,0,2023-03-31T14:37,0.0
,0,2023-03-31T16:18,0.0
,0,2023-03-31T18:00,0.0
,0,2023-03-31T19:41,0.0
,0,2023-03-31T21:23,0.0
,0,2023-03-31T23:04,0.0
,0,2023-04-01T00:46,0.0
,0,2023-04-01T02:27,0.0
,0,2023-04-01T04:09,0.0
,0,2023-04-01T05:50,0.0
7.2738866757723e-05,287,2023-04-01T07:32,1.2478260869565216
,0,2023-04-01T09:13,0.0
,0,2023-04-01T10:55,0.0
,0,2023-04-01T12:36,0.0
,0,2023-04-01T14:18,0.0
,0,2023-04-01T15:59,0.0
,0,2023-04-01T17:41,0.0
,0,2023-04-01T19:22,0.0
,0,2023-04-01T21:04,0.0
,0,2023-04-01T22:45,0.0
,0,2023-04-02T00:27,0.0
,0,2023-04-02T02:08,0.0
,0,2023-04-02T03:50,0.0
,0,2023-04-02T05:32,0.0
5.3669923469850676e-05,287,2023-04-02T07:13,1.2478260869565216
,0,2023-04-02T08:55,0.0
,0,2023-04-02T10:36,0.0
,0,2023-04-02T12:18,0.0
,0,2023-04-02T13:59,0.0
,0,2023-04-02T15:41,0.0
,0,2023-04-02T17:22,0.0
,0,2023-04-02T19:04,0.0
,0,2023-04-02T20:45,0.0
,0,2023-04-02T22:27,0.0
,0,2023-04-03T00:08,0.0
,0,2023-04-03T01:50,0.0
,0,2023-04-03T03:31,0.0
,0,2023-04-03T05:13,0.0
,0,2023-04-03T06:54,0.0
5.024229187669e-05,288,2023-04-03T08:36,1.2521739130434784
,0,2023-04-03T10:17,0.0
,0,2023-04-03T11:59,0.0
,0,2023-04-03T13:40,0.0
,0,2023-04-03T15:22,0.0
,0,2023-04-03T17:03,0.0
,0,2023-04-03T18:45,0.0
,0,2023-04-03T20:26,0.0
,0,2023-04-03T22:08,0.0
,0,2023-04-03T23:49,0.0
,0,2023-04-04T01:31,0.0
,0,2023-04-04T03:12,0.0
,0,2023-04-04T04:54,0.0
,0,2023-04-04T06:35,0.0
7.46922664318499e-05,234,2023-04-04T08:17,1.017391304347826
,0,2023-04-04T09:58,0.0
,0,2023-04-04T11:40,0.0
,0,2023-04-04T13:21,0.0
,0,2023-04-04T15:03,0.0
,0,2023-04-04T16:44,0.0
,0,2023-04-04T18:26,0.0
,0,2023-04-04T20:07,0.0
,0,2023-04-04T21:49,0.0
,0,2023-04-04T23:30,0.0
,0,2023-04-05T01:12,0.0
,0,2023-04-05T02:53,0.0
,0,2023-04-05T04:35,0.0
,0,2023-04-05T06:16,0.0
7.08553050953133e-05,287,2023-04-05T07:58,1.2478260869565216
,0,2023-04-05T09:39,0.0
,0,2023-04-05T11:21,0.0
,0,2023-04-05T13:02,0.0
,0,2023-04-05T14:44,0.0
,0,2023-04-05T16:25,0.0
,0,2023-04-05T18:07,0.0
,0,2023-04-05T19:48,0.0
,0,2023-04-05T21:30,0.0
,0,2023-04-05T23:11,0.0
,0,2023-04-06T00:53,0.0
,0,2023-04-06T02:34,0.0
,0,2023-04-06T04:16,0.0
,0,2023-04-06T05:57,0.0
7.353649872447937e-05,268,2023-04-06T07:39,1.1652173913043478
,0,2023-04-06T09:21,0.0
,0,2023-04-06T11:02,0.0
,0,2023-04-06T12:44,0.0
,0,2023-04-06T14:25,0.0
,0,2023-04-06T16:07,0.0
,0,2023-04-06T17:48,0.0
,0,2023-04-06T19:30,0.0
,0,2023-04-06T21:11,0.0
,0,2023-04-06T22:53,0.0
,0,2023-04-07T00:34,0.0
,0,2023-04-07T02:16,0.0
,0,2023-04-07T03:57,0.0
,0,2023-04-07T05:39,0.0
5.665019061072506e-05,266,2023-04-07T07:20,1.1565217391304348
,0,2023-04-07T09:02,0.0
,0,2023-04-07T10:43,0.0
,0,2023-04-07T12:25,0.0
,0,2023-04-07T14:06,0.0
,0,2023-04-07T15:48,0.0
,0,2023-04-07T17:29,0.0
,0,2023-04-07T19:11,0.0
,0,2023-04-07T20:52,0.0
,0,2023-04-07T22:34,0.0
,0,2023-04-08T00:15,0.0
,0,2023-04-08T01:57,0.0
,0,2023-04-08T03:38,0.0
,0,2023-04-08T05:20,0.0
5.0151736794289684e-05,262,2023-04-08T07:01,1.1391304347826088
3.3364091390491354e-05,50,2023-04-08T08:43,0.21739130434782608
,0,2023-04-08T10:24,0.0
,0,2023-04-08T12:06,0.0
,0,2023-04-08T13:47,0.0
,0,2023-04-08T15:29,0.0
,0,2023-04-08T17:10,0.0
,0,2023-04-08T18:52,0.0
,0,2023-04-08T20:33,0.0
,0,2023-04-08T22:15,0.0
,0,2023-04-08T23:56,0.0
,0,2023-04-09T01:38,0.0
,0,2023-04-09T03:19,0.0
,0,2023-04-09T05:01,0.0
,0,2023-04-09T06:42,0.0
,0,2023-04-09T08:24,0.0
,0,2023-04-09T10:05,0.0
,0,2023-04-09T11:47,0.0
,0,2023-04-09T13:28,0.0
,0,2023-04-09T15:10,0.0
,0,2023-04-09T16:51,0.0
,0,2023-04-09T18:33,0.0
,0,2023-04-09T20:14,0.0
,0,2023-04-09T21:56,0.0
,0,2023-04-09T23:37,0.0
,0,2023-04-10T01:19,0.0
,0,2023-04-10T03:00,0.0
,0,2023-04-10T04:42,0.0
,0,2023-04-10T06:23,0.0
7.93225937014986e-05,264,2023-04-10T08:05,1.1478260869565218
,0,2023-04-10T09:46,0.0
,0,2023-04-10T11:28,0.0
,0,2023-04-10T13:09,0.0
,0,2023-04-10T14:51,0.0
,0,2023-04-10T16:33,0.0
,0,2023-04-10T18:14,0.0
,0,2023-04-10T19:56,0.0
,0,2023-04-10T21:37,0.0
,0,2023-04-10T23:19,0.0
,0,2023-04-11T01:00,0.0
,0,2023-04-11T02:42,0.0
,0,2023-04-11T04:23,0.0
,0,2023-04-11T06:05,0.0
9.297596766129189e-05,280,2023-04-11T07:46,1.2173913043478262
,0,2023-04-11T09:28,0.0
,0,2023-04-11T11:09,0.0
,0,2023-04-11T12:51,0.0
,0,2023-04-11T14:32,0.0
,0,2023-04-11T16:14,0.0
,0,2023-04-11T17:55,0.0
,0,2023-04-11T19:37,0.0
,0,2023-04-11T21:18,0.0
,0,2023-04-11T23:00,0.0
,0,2023-04-12T00:41,0.0
,0,2023-04-12T02:23,0.0
,0,2023-04-12T04:04,0.0
,0,2023-04-12T05:46,0.0
7.209266677914904e-05,263,2023-04-12T07:27,1.1434782608695653
,0,2023-04-12T09:09,0.0
,0,2023-04-12T10:50,0.0
,0,2023-04-12T12:32,0.0
,0,2023-04-12T14:13,0.0
,0,2023-04-12T15:55,0.0
,0,2023-04-12T17:36,0.0
,0,2023-04-12T19:18,0.0
,0,2023-04-12T20:59,0.0
,0,2023-04-12T22:41,0.0
,0,2023-04-13T00:22,0.0
,0,2023-04-13T02:04,0.0
,0,2023-04-13T03:45,0.0
,0,2023-04-13T05:27,0.0
,0,2023-04-13T07:08,0.0
,0,2023-04-13T08:50,0.0
,0,2023-04-13T10:31,0.0
,0,2023-04-13T12:13,0.0
,0,2023-04-13T13:54,0.0
,0,2023-04-13T15:36,0.0
,0,2023-04-13T17:17,0.0
,0,2023-04-13T18:59,0.0
,0,2023-04-13T20:40,0.0
,0,2023-04-13T22:22,0.0
,0,2023-04-14T00:03,0.0
,0,2023-04-14T01:45,0.0
,0,2023-04-14T03:26,0.0
,0,2023-04-14T05:08,0.0
,0,2023-04-14T06:49,0.0
4.4140215471815826e-05,20,2023-04-14T08:31,0.08695652173913043
,0,2023-04-14T10:12,0.0
,0,2023-04-14T11:54,0.0
,0,2023-04-14T13:35,0.0
,0,2023-04-14T15:17,0.0
,0,2023-04-14T16:58,0.0
,0,2023-04-14T18:40,0.0
,0,2023-04-14T20:21,0.0
,0,2023-04-14T22:03,0.0
,0,2023-04-14T23:44,0.0
,0,2023-04-15T01:26,0.0
,0,2023-04-15T03:07,0.0
,0,2023-04-15T04:49,0.0
,0,2023-04-15T06:30,0.0
8.434885864910174e-05,280,2023-04-15T08:12,1.2173913043478262
,0,2023-04-15T09:54,0.0
,0,2023-04-15T11:35,0.0
,0,2023-04-15T13:17,0.0
,0,2023-04-15T14:58,0.0
,0,2023-04-15T16:40,0.0
,0,2023-04-15T18:21,0.0
,0,2023-04-15T20:03,0.0
,0,2023-04-15T21:44,0.0
,0,2023-04-15T23:26,0.0
,0,2023-04-16T01:07,0.0
,0,2023-04-16T02:49,0.0
,0,2023-04-16T04:30,0.0
,0,2023-04-16T06:12,0.0
6.126934334345925e-05,90,2023-04-16T07:53,0.391304347826087
,0,2023-04-16T09:35,0.0
,0,2023-04-16T11:16,0.0
,0,2023-04-16T12:58,0.0
,0,2023-04-16T14:39,0.0
,0,2023-04-16T16:21,0.0
,0,2023-04-16T18:02,0.0
,0,2023-04-16T19:44,0.0
,0,2023-04-16T21:25,0.0
,0,2023-04-16T23:07,0.0
,0,2023-04-17T00:48,0.0
,0,2023-04-17T02:30,0.0
,0,2023-04-17T04:11,0.0
,0,2023-04-17T05:53,0.0
8.768999645278212e-05,266,2023-04-17T07:34,1.1565217391304348
,0,2023-04-17T09:16,0.0
,0,2023-04-17T10:57,0.0
,0,2023-04-17T12:39,0.0
,0,2023-04-17T14:20,0.0
,0,2023-04-17T16:02,0.0
,0,2023-04-17T17:43,0.0
,0,2023-04-17T19:25,0.0
,0,2023-04-17T21:06,0.0
,0,2023-04-17T22:48,0.0
,0,2023-04-18T00:29,0.0
,0,2023-04-18T02:11,0.0
,0,2023-04-18T03:52,0.0
,0,2023-04-18T05:34,0.0
6.827443411561733e-05,286,2023-04-18T07:15,1.2434782608695651
,0,2023-04-18T08:57,0.0
,0,2023-04-18T10:38,0.0
,0,2023-04-18T12:20,0.0
,0,2023-04-18T14:01,0.0
,0,2023-04-18T15:43,0.0
,0,2023-04-18T17:24,0.0
,0,2023-04-18T19:06,0.0
,0,2023-04-18T20:47,0.0
,0,2023-04-18T22:29,0.0
,0,2023-04-19T00:10,0.0
,0,2023-04-19T01:52,0.0
,0,2023-04-19T03:33,0.0
,0,2023-04-19T05:15,0.0
,0,2023-04-19T06:56,0.0
8.088885197128569e-05,241,2023-04-19T08:38,1.0478260869565217
,0,2023-04-19T10:19,0.0
,0,2023-04-19T12:01,0.0
,0,2023-04-19T13:42,0.0
,0,2023-04-19T15:24,0.0
,0,2023-04-19T17:05,0.0
,0,2023-04-19T18:47,0.0
,0,2023-04-19T20:28,0.0
,0,2023-04-19T22:10,0.0
,0,2023-04-19T23:51,0.0
,0,2023-04-20T01:33,0.0
,0,2023-04-20T03:14,0.0
,0,2023-04-20T04:56,0.0
,0,2023-04-20T06:37,0.0
7.194623840357347e-05,70,2023-04-20T08:19,0.30434782608695654
,0,2023-04-20T10:01,0.0
,0,2023-04-20T11:42,0.0
,0,2023-04-20T13:24,0.0
,0,2023-04-20T15:05,0.0
,0,2023-04-20T16:47,0.0
,0,2023-04-20T18:28,0.0
,0,2023-04-20T20:10,0.0
,0,2023-04-20T21:51,0.0
,0,2023-04-20T23:33,0.0
,0,2023-04-21T01:14,0.0
,0,2023-04-21T02:56,0.0
,0,2023-04-21T04:37,0.0
,0,2023-04-21T06:19,0.0
6.267765887567782e-05,286,2023-04-21T08:00,1.2434782608695651
,0,2023-04-21T09:42,0.0
,0,2023-04-21T11:23,0.0
,0,2023-04-21T13:05,0.0
,0,2023-04-21T14:46,0.0
,0,2023-04-21T16:28,0.0
,0,2023-04-21T18:09,0.0
,0,2023-04-21T19:51,0.0
,0,2023-04-21T21:32,0.0
,0,2023-04-21T23:14,0.0
,0,2023-04-22T00:55,0.0
,0,2023-04-22T02:37,0.0
,0,2023-04-22T04:18,0.0
,0,2023-04-22T06:00,0.0
4.215779379685904e-05,286,2023-04-22T07:41,1.2434782608695651
,0,2023-04-22T09:23,0.0
,0,2023-04-22T11:04,0.0
,0,2023-04-22T12:46,0.0
,0,2023-04-22T14:27,0.0
,0,2023-04-22T16:09,0.0
,0,2023-04-22T17:50,0.0
,0,2023-04-22T19:32,0.0
,0,2023-04-22T21:13,0.0
,0,2023-04-22T22:55,0.0
,0,2023-04-23T00:36,0.0
,0,2023-04-23T02:18,0.0
,0,2023-04-23T03:59,0.0
,0,2023-04-23T05:41,0.0
3.567950918635981e-05,257,2023-04-23T07:22,1.117391304347826
,0,2023-04-23T09:04,0.0
,0,2023-04-23T10:45,0.0
,0,2023-04-23T12:27,0.0
,0,2023-04-23T14:08,0.0
,0,2023-04-23T15:50,0.0
,0,2023-04-23T17:31,0.0
,0,2023-04-23T19:13,0.0
,0,2023-04-23T20:54,0.0
,0,2023-04-23T22:36,0.0
,0,2023-04-24T00:17,0.0
,0,2023-04-24T01:59,0.0
,0,2023-04-24T03:40,0.0
,0,2023-04-24T05:22,0.0
4.564169384922149e-05,286,2023-04-24T07:03,1.2434782608695651
6.225813837213441e-05,286,2023-04-24T08:45,1.2434782608695651
,0,2023-04-24T10:26,0.0
,0,2023-04-24T12:08,0.0
,0,2023-04-24T13:49,0.0
,0,2023-04-24T15:31,0.0
,0,2023-04-24T17:12,0.0
,0,2023-04-24T18:54,0.0
,0,2023-04-24T20:35,0.0
,0,2023-04-24T22:17,0.0
,0,2023-04-24T23:59,0.0
,0,2023-04-25T01:40,0.0
,0,2023-04-25T03:22,0.0
,0,2023-04-25T05:03,0.0
,0,2023-04-25T06:45,0.0
7.557112978139087e-05,286,2023-04-25T08:26,1.2434782608695651
,0,2023-04-25T10:08,0.0
,0,2023-04-25T11:49,0.0
,0,2023-04-25T13:31,0.0
,0,2023-04-25T15:12,0.0
,0,2023-04-25T16:54,0.0
,0,2023-04-25T18:35,0.0
,0,2023-04-25T20:17,0.0
,0,2023-04-25T21:58,0.0
,0,2023-04-25T23:40,0.0
,0,2023-04-26T01:21,0.0
,0,2023-04-26T03:03,0.0
,0,2023-04-26T04:44,0.0
,0,2023-04-26T06:26,0.0
5.0850307879497466e-05,22,2023-04-26T08:07,0.09565217391304348
,0,2023-04-26T09:49,0.0
,0,2023-04-26T11:30,0.0
,0,2023-04-26T13:12,0.0
,0,2023-04-26T14:53,0.0
,0,2023-04-26T16:35,0.0
,0,2023-04-26T18:16,0.0
,0,2023-04-26T19:58,0.0
,0,2023-04-26T21:39,0.0
,0,2023-04-26T23:21,0.0
,0,2023-04-27T01:02,0.0
,0,2023-04-27T02:44,0.0
,0,2023-04-27T04:25,0.0
,0,2023-04-27T06:07,0.0
6.486004817726339e-05,139,2023-04-27T07:48,0.6043478260869565
,0,2023-04-27T09:30,0.0
,0,2023-04-27T11:11,0.0
,0,2023-04-27T12:53,0.0
,0,2023-04-27T14:34,0.0
,0,2023-04-27T16:16,0.0
,0,2023-04-27T17:57,0.0
,0,2023-04-27T19:39,0.0
,0,2023-04-27T21:20,0.0
,0,2023-04-27T23:02,0.0
,0,2023-04-28T00:43,0.0
,0,2023-04-28T02:25,0.0
,0,2023-04-28T04:06,0.0
,0,2023-04-28T05:48,0.0
4.959620316517573e-05,102,2023-04-28T07:29,0.4434782608695652
,0,2023-04-28T09:11,0.0
,0,2023-04-28T10:52,0.0
,0,2023-04-28T12:34,0.0
,0,2023-04-28T14:15,0.0
,0,2023-04-28T15:57,0.0
,0,2023-04-28T17:38,0.0
,0,2023-04-28T19:20,0.0
,0,2023-04-28T21:01,0.0
,0,2023-04-28T22:43,0.0
,0,2023-04-29T00:24,0.0
,0,2023-04-29T02:06,0.0
,0,2023-04-29T03:47,0.0
,0,2023-04-29T05:29,0.0
3.8990011265427255e-05,280,2023-04-29T07:10,1.2173913043478262
,0,2023-04-29T08:52,0.0
,0,2023-04-29T10:33,0.0
,0,2023-04-29T12:15,0.0
,0,2023-04-29T13:56,0.0
,0,2023-04-29T15:38,0.0
,0,2023-04-29T17:19,0.0
,0,2023-04-29T19:01,0.0
,0,2023-04-29T20:42,0.0
,0,2023-04-29T22:24,0.0
,0,2023-04-30T00:05,0.0
,0,2023-04-30T01:47,0.0
,0,2023-04-30T03:28,0.0
,0,2023-04-30T05:10,0.0
,0,2023-04-30T06:51,0.0
3.523317268474691e-05,286,2023-04-30T08:33,1.2434782608695651
,0,2023-04-30T10:15,0.0
,0,2023-04-30T11:56,0.0
,0,2023-04-30T13:38,0.0
,0,2023-04-30T15:19,0.0
,0,2023-04-30T17:01,0.0
,0,2023-04-30T18:42,0.0
,0,2023-04-30T20:24,0.0
,0,2023-04-30T22:05,0.0
,0,2023-04-30T23:47,0.0
,0,2023-05-01T01:28,0.0
,0,2023-05-01T03:10,0.0
,0,2023-05-01T04:51,0.0
,0,2023-05-01T06:33,0.0
3.8166578847881554e-05,283,2023-05-01T08:14,1.2304347826086957
,0,2023-05-01T09:56,0.0
,0,2023-05-01T11:37,0.0
,0,2023-05-01T13:19,0.0
,0,2023-05-01T15:00,0.0
,0,2023-05-01T16:42,0.0
,0,2023-05-01T18:23,0.0
,0,2023-05-01T20:05,0.0
,0,2023-05-01T21:46,0.0
,0,2023-05-01T23:28,0.0
,0,2023-05-02T01:09,0.0
,0,2023-05-02T02:51,0.0
,0,2023-05-02T04:32,0.0
,0,2023-05-02T06:14,0.0
4.2826574731893024e-05,81,2023-05-02T07:55,0.3521739130434783
,0,2023-05-02T09:37,0.0
,0,2023-05-02T11:18,0.0
,0,2023-05-02T13:00,0.0
,0,2023-05-02T14:41,0.0
,0,2023-05-02T16:23,0.0
,0,2023-05-02T18:04,0.0
,0,2023-05-02T19:46,0.0
,0,2023-05-02T21:27,0.0
,0,2023-05-02T23:09,0.0
,0,2023-05-03T00:50,0.0
,0,2023-05-03T02:32,0.0
,0,2023-05-03T04:13,0.0
,0,2023-05-03T05:55,0.0
3.435295644981979e-05,222,2023-05-03T07:36,0.9652173913043478
,0,2023-05-03T09:18,0.0
,0,2023-05-03T10:59,0.0
,0,2023-05-03T12:41,0.0
,0,2023-05-03T14:22,0.0
,0,2023-05-03T16:04,0.0
,0,2023-05-03T19:27,0.0
,0,2023-05-03T21:08,0.0
,0,2023-05-03T22:50,0.0
,0,2023-05-04T00:31,0.0
,0,2023-05-04T02:13,0.0
,0,2023-05-04T03:54,0.0
,0,2023-05-04T05:36,0.0
4.8892582153582636e-05,99,2023-05-04T07:17,0.43043478260869567
,0,2023-05-04T08:59,0.0
,0,2023-05-04T10:40,0.0
,0,2023-05-04T12:22,0.0
,0,2023-05-04T14:03,0.0
,0,2023-05-04T15:45,0.0
,0,2023-05-04T17:26,0.0
,0,2023-05-04T19:08,0.0
,0,2023-05-04T20:49,0.0
,0,2023-05-04T22:31,0.0
,0,2023-05-05T00:12,0.0
,0,2023-05-05T01:54,0.0
,0,2023-05-05T03:35,0.0
,0,2023-05-05T05:17,0.0
,0,2023-05-05T06:58,0.0
,0,2023-05-05T08:40,0.0
,0,2023-05-05T10:21,0.0
,0,2023-05-05T12:03,0.0
,0,2023-05-05T13:44,0.0
,0,2023-05-05T15:26,0.0
,0,2023-05-05T17:07,0.0
,0,2023-05-05T18:49,0.0
,0,2023-05-05T20:30,0.0
,0,2023-05-05T22:12,0.0
,0,2023-05-05T23:53,0.0
,0,2023-05-06T01:35,0.0
,0,2023-05-06T03:16,0.0
,0,2023-05-06T04:58,0.0
,0,2023-05-06T06:39,0.0
6.69371592515774e-05,7,2023-05-06T08:21,0.030434782608695653
,0,2023-05-06T10:02,0.0
,0,2023-05-06T11:44,0.0
,0,2023-05-06T13:25,0.0
,0,2023-05-06T15:07,0.0
,0,2023-05-06T16:48,0.0
,0,2023-05-06T18:30,0.0
,0,2023-05-06T20:11,0.0
,0,2023-05-06T21:53,0.0
,0,2023-05-06T23:34,0.0
,0,2023-05-07T01:16,0.0
,0,2023-05-07T02:57,0.0
,0,2023-05-07T04:39,0.0
,0,2023-05-07T06:20,0.0
6.188022373395412e-05,223,2023-05-07T08:02,0.9695652173913043
,0,2023-05-07T09:43,0.0
,0,2023-05-07T11:25,0.0
,0,2023-05-07T13:06,0.0
,0,2023-05-07T14:48,0.0
,0,2023-05-07T16:29,0.0
,0,2023-05-07T18:11,0.0
,0,2023-05-07T19:52,0.0
,0,2023-05-07T21:34,0.0
,0,2023-05-07T23:15,0.0
,0,2023-05-08T00:57,0.0
,0,2023-05-08T02:38,0.0
,0,2023-05-08T04:20,0.0
,0,2023-05-08T06:02,0.0
4.915480304996317e-05,33,2023-05-08T07:43,0.14347826086956522
,0,2023-05-08T09:25,0.0
,0,2023-05-08T11:06,0.0
,0,2023-05-08T12:48,0.0
,0,2023-05-08T14:29,0.0
,0,2023-05-08T16:11,0.0
,0,2023-05-08T17:52,0.0
,0,2023-05-08T19:34,0.0
,0,2023-05-08T21:15,0.0
,0,2023-05-08T22:57,0.0
,0,2023-05-09T00:38,0.0
,0,2023-05-09T02:20,0.0
,0,2023-05-09T04:01,0.0
,0,2023-05-09T05:43,0.0
,0,2023-05-09T07:24,0.0
,0,2023-05-09T09:06,0.0
,0,2023-05-09T10:47,0.0
,0,2023-05-09T12:29,0.0
,0,2023-05-09T14:10,0.0
,0,2023-05-09T15:52,0.0
,0,2023-05-09T17:33,0.0
,0,2023-05-09T19:15,0.0
,0,2023-05-09T20:56,0.0
,0,2023-05-09T22:38,0.0
,0,2023-05-10T00:19,0.0
,0,2023-05-10T02:01,0.0
,0,2023-05-10T03:42,0.0
,0,2023-05-10T05:24,0.0
4.6045161003771584e-05,286,2023-05-10T07:05,1.2434782608695651
4.9105650390342675e-05,215,2023-05-10T08:47,0.9347826086956522
,0,2023-05-10T10:28,0.0
,0,2023-05-10T12:10,0.0
,0,2023-05-10T13:51,0.0
,0,2023-05-10T15:33,0.0
,0,2023-05-10T17:14,0.0
,0,2023-05-10T18:56,0.0
,0,2023-05-10T20:37,0.0
,0,2023-05-10T22:19,0.0
,0,2023-05-11T00:00,0.0
,0,2023-05-11T01:42,0.0
,0,2023-05-11T03:23,0.0
,0,2023-05-11T05:05,0.0
,0,2023-05-11T06:46,0.0
6.912484661126967e-05,231,2023-05-11T08:28,1.0043478260869565
,0,2023-05-11T10:09,0.0
,0,2023-05-11T11:51,0.0
,0,2023-05-11T13:32,0.0
,0,2023-05-11T15:14,0.0
,0,2023-05-11T16:55,0.0
,0,2023-05-11T18:37,0.0
,0,2023-05-11T20:18,0.0
,0,2023-05-11T22:00,0.0
,0,2023-05-11T23:41,0.0
,0,2023-05-12T01:23,0.0
,0,2023-05-12T03:04,0.0
,0,2023-05-12T04:46,0.0
,0,2023-05-12T06:27,0.0
5.736728304491322e-05,265,2023-05-12T08:09,1.1521739130434783
,0,2023-05-12T09:50,0.0
,0,2023-05-12T11:32,0.0
,0,2023-05-12T13:13,0.0
,0,2023-05-12T14:55,0.0
,0,2023-05-12T16:36,0.0
,0,2023-05-12T18:18,0.0
,0,2023-05-12T19:59,0.0
,0,2023-05-12T21:41,0.0
,0,2023-05-12T23:22,0.0
,0,2023-05-13T01:04,0.0
,0,2023-05-13T02:45,0.0
,0,2023-05-13T04:27,0.0
,0,2023-05-13T06:08,0.0
5.211786276647301e-05,286,2023-05-13T07:50,1.2434782608695651
,0,2023-05-13T09:31,0.0
,0,2023-05-13T11:13,0.0
,0,2023-05-13T12:54,0.0
,0,2023-05-13T14:36,0.0
,0,2023-05-13T16:17,0.0
,0,2023-05-13T17:59,0.0
,0,2023-05-13T19:40,0.0
,0,2023-05-13T21:22,0.0
,0,2023-05-13T23:03,0.0
,0,2023-05-14T00:45,0.0
,0,2023-05-14T02:26,0.0
,0,2023-05-14T04:08,0.0
,0,2023-05-14T05:49,0.0
4.306019296533297e-05,286,2023-05-14T07:31,1.2434782608695651
,0,2023-05-14T09:12,0.0
,0,2023-05-14T10:54,0.0
,0,2023-05-14T12:35,0.0
,0,2023-05-14T14:17,0.0
,0,2023-05-14T15:58,0.0
,0,2023-05-14T17:40,0.0
,0,2023-05-14T19:21,0.0
,0,2023-05-14T21:03,0.0
,0,2023-05-14T22:44,0.0
,0,2023-05-15T00:26,0.0
,0,2023-05-15T02:07,0.0
,0,2023-05-15T03:49,0.0
,0,2023-05-15T05:30,0.0
2.986705220945387e-05,286,2023-05-15T07:12,1.2434782608695651
,0,2023-05-15T08:53,0.0
,0,2023-05-15T10:35,0.0
,0,2023-05-15T12:16,0.0
,0,2023-05-15T13:58,0.0
,0,2023-05-15T15:39,0.0
,0,2023-05-15T17:21,0.0
,0,2023-05-15T19:02,0.0
,0,2023-05-15T20:44,0.0
,0,2023-05-15T22:25,0.0
,0,2023-05-16T00:07,0.0
,0,2023-05-16T01:48,0.0
,0,2023-05-16T03:30,0.0
,0,2023-05-16T05:11,0.0
,0,2023-05-16T06:53,0.0
3.379257369746994e-05,286,2023-05-16T08:34,1.2434782608695651
,0,2023-05-16T10:16,0.0
,0,2023-05-16T11:57,0.0
,0,2023-05-16T13:39,0.0
,0,2023-05-16T15:20,0.0
,0,2023-05-16T17:02,0.0
,0,2023-05-16T18:43,0.0
,0,2023-05-16T20:25,0.0
,0,2023-05-16T22:06,0.0
,0,2023-05-16T23:48,0.0
,0,2023-05-17T01:29,0.0
,0,2023-05-17T03:11,0.0
,0,2023-05-17T04:52,0.0
,0,2023-05-17T06:34,0.0
3.984074100721232e-05,286,2023-05-17T08:15,1.2434782608695651
,0,2023-05-17T09:57,0.0
,0,2023-05-17T11:38,0.0
,0,2023-05-17T13:20,0.0
,0,2023-05-17T15:01,0.0
,0,2023-05-17T16:43,0.0
,0,2023-05-17T18:24,0.0
,0,2023-05-17T20:06,0.0
,0,2023-05-17T21:47,0.0
,0,2023-05-17T23:29,0.0
,0,2023-05-18T01:10,0.0
,0,2023-05-18T02:52,0.0
,0,2023-05-18T04:33,0.0
,0,2023-05-18T06:15,0.0
5.0123907012439935e-05,232,2023-05-18T07:56,1.008695652173913
,0,2023-05-18T09:38,0.0
,0,2023-05-18T11:19,0.0
,0,2023-05-18T13:01,0.0
,0,2023-05-18T14:42,0.0
,0,2023-05-18T16:24,0.0
,0,2023-05-18T18:44,0.0
,0,2023-05-18T19:47,0.0
,0,2023-05-18T21:28,0.0
,0,2023-05-18T23:10,0.0
,0,2023-05-19T00:51,0.0
,0,2023-05-19T02:33,0.0
,0,2023-05-19T04:14,0.0
,0,2023-05-19T05:56,0.0
4.839291266603387e-05,286,2023-05-19T07:37,1.2434782608695651
,0,2023-05-19T09:19,0.0
,0,2023-05-19T11:00,0.0
,0,2023-05-19T12:42,0.0
,0,2023-05-19T14:23,0.0
,0,2023-05-19T16:05,0.0
,0,2023-05-19T17:46,0.0
,0,2023-05-19T19:28,0.0
,0,2023-05-19T21:09,0.0
,0,2023-05-19T22:51,0.0
,0,2023-05-20T00:32,0.0
,0,2023-05-20T02:14,0.0
,0,2023-05-20T03:55,0.0
,0,2023-05-20T05:37,0.0
3.761692012349973e-05,286,2023-05-20T07:18,1.2434782608695651
,0,2023-05-20T09:00,0.0
,0,2023-05-20T10:41,0.0
,0,2023-05-20T12:23,0.0
,0,2023-05-20T14:04,0.0
,0,2023-05-20T15:46,0.0
,0,2023-05-20T17:27,0.0
,0,2023-05-20T19:09,0.0
,0,2023-05-20T20:50,0.0
,0,2023-05-20T22:32,0.0
,0,2023-05-21T00:13,0.0
,0,2023-05-21T01:55,0.0
,0,2023-05-21T03:36,0.0
,0,2023-05-21T05:18,0.0
,0,2023-05-21T06:59,0.0
4.145409973613232e-05,286,2023-05-21T08:41,1.2434782608695651
,0,2023-05-21T10:22,0.0
,0,2023-05-21T12:04,0.0
,0,2023-05-21T13:45,0.0
,0,2023-05-21T15:27,0.0
,0,2023-05-21T17:08,0.0
,0,2023-05-21T18:50,0.0
,0,2023-05-21T20:31,0.0
,0,2023-05-21T22:13,0.0
,0,2023-05-21T23:54,0.0
,0,2023-05-22T01:36,0.0
,0,2023-05-22T03:17,0.0
,0,2023-05-22T04:59,0.0
,0,2023-05-22T06:40,0.0
4.8503453598890985e-05,285,2023-05-22T08:22,1.2391304347826086
,0,2023-05-22T10:03,0.0
,0,2023-05-22T11:45,0.0
,0,2023-05-22T13:26,0.0
,0,2023-05-22T15:08,0.0
,0,2023-05-22T16:49,0.0
,0,2023-05-22T18:31,0.0
,0,2023-05-22T20:12,0.0
,0,2023-05-22T21:54,0.0
,0,2023-05-22T23:35,0.0
,0,2023-05-23T01:17,0.0
,0,2023-05-23T02:58,0.0
,0,2023-05-23T04:40,0.0
,0,2023-05-23T06:21,0.0
6.0423273467634084e-05,286,2023-05-23T08:03,1.2434782608695651
,0,2023-05-23T09:44,0.0
,0,2023-05-23T11:26,0.0
,0,2023-05-23T13:07,0.0
,0,2023-05-23T14:49,0.0
,0,2023-05-23T16:30,0.0
,0,2023-05-23T18:12,0.0
,0,2023-05-23T19:53,0.0
,0,2023-05-23T21:35,0.0
,0,2023-05-23T23:16,0.0
,0,2023-05-24T00:58,0.0
,0,2023-05-24T02:39,0.0
,0,2023-05-24T04:21,0.0
,0,2023-05-24T06:02,0.0
3.868675330441821e-05,286,2023-05-24T07:44,1.2434782608695651
,0,2023-05-24T09:25,0.0
,0,2023-05-24T11:07,0.0
,0,2023-05-24T12:48,0.0
,0,2023-05-24T14:30,0.0
,0,2023-05-24T16:11,0.0
,0,2023-05-24T17:53,0.0
,0,2023-05-24T19:34,0.0
,0,2023-05-24T21:16,0.0
,0,2023-05-24T22:57,0.0
,0,2023-05-25T00:39,0.0
,0,2023-05-25T02:20,0.0
,0,2023-05-25T04:02,0.0
,0,2023-05-25T05:43,0.0
3.374939774397604e-05,286,2023-05-25T07:25,1.2434782608695651
,0,2023-05-25T09:06,0.0
,0,2023-05-25T10:48,0.0
,0,2023-05-25T12:29,0.0
,0,2023-05-25T14:11,0.0
,0,2023-05-25T15:52,0.0
,0,2023-05-25T17:34,0.0
,0,2023-05-25T19:15,0.0
,0,2023-05-25T20:57,0.0
,0,2023-05-25T22:38,0.0
,0,2023-05-26T00:20,0.0
,0,2023-05-26T02:01,0.0
,0,2023-05-26T03:43,0.0
,0,2023-05-26T05:24,0.0
2.3469643301992905e-05,257,2023-05-26T07:06,1.117391304347826
2.764575502014648e-05,286,2023-05-26T08:47,1.2434782608695651
,0,2023-05-26T10:29,0.0
,0,2023-05-26T12:10,0.0
,0,2023-05-26T13:52,0.0
,0,2023-05-26T15:33,0.0
,0,2023-05-26T17:15,0.0
,0,2023-05-26T18:56,0.0
,0,2023-05-26T20:38,0.0
,0,2023-05-26T22:19,0.0
,0,2023-05-27T00:01,0.0
,0,2023-05-27T01:42,0.0
,0,2023-05-27T05:05,0.0
,0,2023-05-27T06:47,0.0
,0,2023-05-27T10:10,0.0
,0,2023-05-27T11:51,0.0
,0,2023-05-27T15:14,0.0
,0,2023-05-27T16:56,0.0
,0,2023-05-27T20:19,0.0
,0,2023-05-27T22:00,0.0
,0,2023-05-28T03:05,0.0
,0,2023-05-28T06:28,0.0
3.8296754179867456e-05,286,2023-05-28T08:09,1.2434782608695651
,0,2023-05-28T18:18,0.0
,0,2023-05-28T20:00,0.0
,0,2023-05-28T23:23,0.0
,0,2023-05-29T01:04,0.0
,0,2023-05-29T02:46,0.0
,0,2023-05-29T06:09,0.0
5.598342020889026e-05,286,2023-05-29T07:50,1.2434782608695651
,0,2023-05-29T12:55,0.0
,0,2023-05-29T16:18,0.0
,0,2023-05-29T19:41,0.0
,0,2023-05-29T23:04,0.0
,0,2023-05-30T05:50,0.0
,0,2023-05-30T10:54,0.0
,0,2023-05-30T17:40,0.0
,0,2023-05-31T03:49,0.0
6.383758060429491e-05,286,2023-05-31T07:12,1.2434782608695651
,0,2023-05-31T10:35,0.0
,0,2023-05-31T13:58,0.0
,0,2023-05-31T17:21,0.0
,0,2023-05-31T20:44,0.0
,0,2023-05-31T22:26,0.0
,0,2023-10-01T00:11,0.0
,0,2023-10-01T01:53,0.0
,0,2023-10-01T03:34,0.0
,0,2023-10-01T05:16,0.0
,0,2023-10-01T06:57,0.0
,0,2023-10-01T08:39,0.0
,0,2023-10-01T10:20,0.0
,0,2023-10-01T12:02,0.0
,0,2023-10-01T13:43,0.0
,0,2023-10-01T15:25,0.0
,0,2023-10-01T17:06,0.0
,0,2023-10-01T18:48,0.0
,0,2023-10-01T20:29,0.0
,0,2023-10-01T22:10,0.0
,0,2023-10-01T23:52,0.0
,0,2023-10-02T01:33,0.0
,0,2023-10-02T03:15,0.0
,0,2023-10-02T04:56,0.0
,0,2023-10-02T06:38,0.0
,0,2023-10-02T08:19,0.0
,0,2023-10-02T10:01,0.0
,0,2023-10-02T11:42,0.0
,0,2023-10-02T13:24,0.0
,0,2023-10-02T15:05,0.0
,0,2023-10-02T16:47,0.0
,0,2023-10-02T18:28,0.0
,0,2023-10-02T20:10,0.0
,0,2023-10-02T21:51,0.0
,0,2023-10-02T23:33,0.0
,0,2023-10-03T01:14,0.0
,0,2023-10-03T02:56,0.0
,0,2023-10-03T04:37,0.0
,0,2023-10-03T06:19,0.0
4.914100138661497e-05,287,2023-10-03T08:00,1.2478260869565216
,0,2023-10-03T09:42,0.0
,0,2023-10-03T11:23,0.0
,0,2023-10-03T13:05,0.0
,0,2023-10-03T14:46,0.0
,0,2023-10-03T16:28,0.0
,0,2023-10-03T18:09,0.0
,0,2023-10-03T19:51,0.0
,0,2023-10-03T21:32,0.0
,0,2023-10-03T23:14,0.0
,0,2023-10-04T00:55,0.0
,0,2023-10-04T02:37,0.0
,0,2023-10-04T04:18,0.0
,0,2023-10-04T06:00,0.0
5.424767306473808e-05,287,2023-10-04T07:41,1.2478260869565216
,0,2023-10-04T09:23,0.0
,0,2023-10-04T11:04,0.0
,0,2023-10-04T12:46,0.0
,0,2023-10-04T14:27,0.0
,0,2023-10-04T16:09,0.0
,0,2023-10-04T17:50,0.0
,0,2023-10-04T19:32,0.0
,0,2023-10-04T21:13,0.0
,0,2023-10-04T22:55,0.0
,0,2023-10-05T00:36,0.0
,0,2023-10-05T02:18,0.0
,0,2023-10-05T03:59,0.0
,0,2023-10-05T05:41,0.0
6.3237139157381e-05,287,2023-10-05T07:22,1.2478260869565216
,0,2023-10-05T09:04,0.0
,0,2023-10-05T10:45,0.0
,0,2023-10-05T12:26,0.0
,0,2023-10-05T14:08,0.0
,0,2023-10-05T15:49,0.0
,0,2023-10-05T17:31,0.0
,0,2023-10-05T19:12,0.0
,0,2023-10-05T20:54,0.0
,0,2023-10-05T22:35,0.0
,0,2023-10-06T00:17,0.0
,0,2023-10-06T01:58,0.0
,0,2023-10-06T03:40,0.0
,0,2023-10-06T05:21,0.0
5.8221373866421685e-05,287,2023-10-06T07:03,1.2478260869565216
,0,2023-10-06T08:44,0.0
,0,2023-10-06T10:26,0.0
,0,2023-10-06T12:07,0.0
,0,2023-10-06T13:49,0.0
,0,2023-10-06T15:30,0.0
,0,2023-10-06T17:12,0.0
,0,2023-10-06T18:53,0.0
,0,2023-10-06T20:35,0.0
,0,2023-10-06T22:16,0.0
,0,2023-10-06T23:58,0.0
,0,2023-10-07T01:39,0.0
,0,2023-10-07T03:21,0.0
,0,2023-10-07T05:02,0.0
,0,2023-10-07T06:44,0.0
6.2192962177938e-05,251,2023-10-07T08:25,1.0913043478260869
,0,2023-10-07T10:07,0.0
,0,2023-10-07T11:48,0.0
,0,2023-10-07T13:30,0.0
,0,2023-10-07T15:11,0.0
,0,2023-10-07T16:53,0.0
,0,2023-10-07T18:34,0.0
,0,2023-10-07T20:16,0.0
,0,2023-10-07T21:57,0.0
,0,2023-10-07T23:39,0.0
,0,2023-10-08T01:20,0.0
,0,2023-10-08T03:02,0.0
,0,2023-10-08T04:43,0.0
,0,2023-10-08T06:25,0.0
5.512633517220716e-05,271,2023-10-08T08:06,1.1782608695652175
,0,2023-10-08T09:48,0.0
,0,2023-10-08T11:29,0.0
,0,2023-10-08T13:11,0.0
,0,2023-10-08T14:52,0.0
,0,2023-10-08T16:34,0.0
,0,2023-10-08T18:15,0.0
,0,2023-10-08T19:57,0.0
,0,2023-10-08T21:38,0.0
,0,2023-10-08T23:19,0.0
,0,2023-10-09T01:01,0.0
,0,2023-10-09T02:42,0.0
,0,2023-10-09T04:24,0.0
,0,2023-10-09T06:05,0.0
6.49720998299299e-05,230,2023-10-09T07:47,1.0
,0,2023-10-09T09:28,0.0
,0,2023-10-09T11:10,0.0
,0,2023-10-09T12:51,0.0
,0,2023-10-09T14:33,0.0
,0,2023-10-09T16:14,0.0
,0,2023-10-09T17:56,0.0
,0,2023-10-09T19:37,0.0
,0,2023-10-09T21:19,0.0
,0,2023-10-09T23:00,0.0
,0,2023-10-10T00:42,0.0
,0,2023-10-10T02:23,0.0
,0,2023-10-10T04:05,0.0
,0,2023-10-10T05:46,0.0
5.939356471767214e-05,191,2023-10-10T07:28,0.8304347826086956
,0,2023-10-10T09:09,0.0
,0,2023-10-10T10:51,0.0
,0,2023-10-10T12:32,0.0
,0,2023-10-10T14:14,0.0
,0,2023-10-10T15:55,0.0
,0,2023-10-10T17:37,0.0
,0,2023-10-10T19:18,0.0
,0,2023-10-10T21:00,0.0
,0,2023-10-10T22:41,0.0
,0,2023-10-11T00:23,0.0
,0,2023-10-11T02:04,0.0
,0,2023-10-11T03:46,0.0
,0,2023-10-11T05:27,0.0
5.466326159569989e-05,20,2023-10-11T07:09,0.08695652173913043
,0,2023-10-11T08:50,0.0
,0,2023-10-11T10:32,0.0
,0,2023-10-11T12:13,0.0
,0,2023-10-11T13:55,0.0
,0,2023-10-11T15:36,0.0
,0,2023-10-11T17:18,0.0
,0,2023-10-11T18:59,0.0
,0,2023-10-11T20:41,0.0
,0,2023-10-11T22:22,0.0
,0,2023-10-12T00:04,0.0
,0,2023-10-12T01:45,0.0
,0,2023-10-12T03:27,0.0
,0,2023-10-12T05:08,0.0
,0,2023-10-12T06:50,0.0
6.0901635244915784e-05,72,2023-10-12T08:31,0.3130434782608696
,0,2023-10-12T10:12,0.0
,0,2023-10-12T11:54,0.0
,0,2023-10-12T13:35,0.0
,0,2023-10-12T15:17,0.0
,0,2023-10-12T16:58,0.0
,0,2023-10-12T18:40,0.0
,0,2023-10-12T20:21,0.0
,0,2023-10-12T22:03,0.0
,0,2023-10-12T23:44,0.0
,0,2023-10-13T01:26,0.0
,0,2023-10-13T03:07,0.0
,0,2023-10-13T04:49,0.0
,0,2023-10-13T06:30,0.0
5.9129708849406956e-05,58,2023-10-13T08:12,0.25217391304347825
,0,2023-10-13T09:53,0.0
,0,2023-10-13T11:35,0.0
,0,2023-10-13T13:16,0.0
,0,2023-10-13T14:58,0.0
,0,2023-10-13T16:39,0.0
,0,2023-10-13T18:21,0.0
,0,2023-10-13T20:02,0.0
,0,2023-10-13T21:44,0.0
,0,2023-10-13T23:25,0.0
,0,2023-10-14T01:07,0.0
,0,2023-10-14T02:48,0.0
,0,2023-10-14T04:30,0.0
,0,2023-10-14T06:11,0.0
6.906899469146072e-05,271,2023-10-14T07:53,1.1782608695652175
,0,2023-10-14T09:34,0.0
,0,2023-10-14T11:16,0.0
,0,2023-10-14T12:57,0.0
,0,2023-10-14T14:39,0.0
,0,2023-10-14T16:20,0.0
,0,2023-10-14T18:02,0.0
,0,2023-10-14T19:43,0.0
,0,2023-10-14T21:25,0.0
,0,2023-10-14T23:06,0.0
,0,2023-10-15T00:48,0.0
,0,2023-10-15T02:29,0.0
,0,2023-10-15T04:11,0.0
,0,2023-10-15T05:52,0.0
7.357512618619417e-05,183,2023-10-15T07:34,0.7956521739130434
,0,2023-10-15T09:15,0.0
,0,2023-10-15T10:57,0.0
,0,2023-10-15T12:38,0.0
,0,2023-10-15T14:20,0.0
,0,2023-10-15T16:01,0.0
,0,2023-10-15T17:43,0.0
,0,2023-10-15T19:24,0.0
,0,2023-10-15T21:05,0.0
,0,2023-10-15T22:47,0.0
,0,2023-10-16T00:28,0.0
,0,2023-10-16T02:10,0.0
,0,2023-10-16T03:51,0.0
,0,2023-10-16T05:33,0.0
4.869701693377818e-05,4,2023-10-16T07:14,0.017391304347826087
,0,2023-10-16T08:56,0.0
,0,2023-10-16T10:37,0.0
,0,2023-10-16T12:19,0.0
,0,2023-10-16T14:00,0.0
,0,2023-10-16T15:42,0.0
,0,2023-10-16T17:23,0.0
,0,2023-10-16T19:05,0.0
,0,2023-10-16T20:46,0.0
,0,2023-10-16T22:28,0.0
,0,2023-10-17T00:09,0.0
,0,2023-10-17T01:51,0.0
,0,2023-10-17T03:32,0.0
,0,2023-10-17T05:14,0.0
,0,2023-10-17T06:55,0.0
6.0090981979442255e-05,55,2023-10-17T08:37,0.2391304347826087
,0,2023-10-17T10:18,0.0
,0,2023-10-17T12:00,0.0
,0,2023-10-17T13:41,0.0
,0,2023-10-17T15:23,0.0
,0,2023-10-17T17:04,0.0
,0,2023-10-17T18:46,0.0
,0,2023-10-17T20:27,0.0
,0,2023-10-17T22:09,0.0
,0,2023-10-17T23:50,0.0
,0,2023-10-18T01:32,0.0
,0,2023-10-18T03:13,0.0
,0,2023-10-18T04:55,0.0
,0,2023-10-18T06:36,0.0
6.30445559725577e-05,71,2023-10-18T08:18,0.30869565217391304
,0,2023-10-18T09:59,0.0
,0,2023-10-18T11:41,0.0
,0,2023-10-18T13:22,0.0
,0,2023-10-18T15:04,0.0
,0,2023-10-18T16:45,0.0
,0,2023-10-18T18:27,0.0
,0,2023-10-18T20:08,0.0
,0,2023-10-18T21:50,0.0
,0,2023-10-18T23:31,0.0
,0,2023-10-19T01:13,0.0
,0,2023-10-19T02:54,0.0
,0,2023-10-19T04:35,0.0
,0,2023-10-19T06:17,0.0
7.952484867341227e-05,83,2023-10-19T07:58,0.36086956521739133
,0,2023-10-19T09:40,0.0
,0,2023-10-19T11:21,0.0
,0,2023-10-19T13:03,0.0
,0,2023-10-19T14:44,0.0
,0,2023-10-19T16:26,0.0
,0,2023-10-19T18:07,0.0
,0,2023-10-19T19:49,0.0
,0,2023-10-19T21:30,0.0
,0,2023-10-19T23:12,0.0
,0,2023-10-20T00:53,0.0
,0,2023-10-20T02:35,0.0
,0,2023-10-20T04:16,0.0
,0,2023-10-20T05:58,0.0
,0,2023-10-20T07:39,0.0
,0,2023-10-20T09:21,0.0
,0,2023-10-20T11:02,0.0
,0,2023-10-20T12:44,0.0
,0,2023-10-20T14:25,0.0
,0,2023-10-20T16:07,0.0
,0,2023-10-20T17:48,0.0
,0,2023-10-20T19:30,0.0
,0,2023-10-20T21:11,0.0
,0,2023-10-20T22:53,0.0
,0,2023-10-21T00:34,0.0
,0,2023-10-21T02:16,0.0
,0,2023-10-21T03:57,0.0
,0,2023-10-21T05:39,0.0
,0,2023-10-21T07:20,0.0
,0,2023-10-21T09:02,0.0
,0,2023-10-21T10:43,0.0
,0,2023-10-21T12:25,0.0
,0,2023-10-21T14:06,0.0
,0,2023-10-21T15:48,0.0
,0,2023-10-21T17:29,0.0
,0,2023-10-21T19:11,0.0
,0,2023-10-21T20:52,0.0
,0,2023-10-21T22:34,0.0
,0,2023-10-22T00:15,0.0
,0,2023-10-22T01:57,0.0
,0,2023-10-22T03:38,0.0
,0,2023-10-22T05:20,0.0
4.0751698907623836e-05,183,2023-10-22T07:01,0.7956521739130434
,0,2023-10-22T08:43,0.0
,0,2023-10-22T10:24,0.0
,0,2023-10-22T12:05,0.0
,0,2023-10-22T13:47,0.0
,0,2023-10-22T15:28,0.0
,0,2023-10-22T17:10,0.0
,0,2023-10-22T18:51,0.0
,0,2023-10-22T20:33,0.0
,0,2023-10-22T22:14,0.0
,0,2023-10-22T23:56,0.0
,0,2023-10-23T01:37,0.0
,0,2023-10-23T03:19,0.0
,0,2023-10-23T05:00,0.0
,0,2023-10-23T06:42,0.0
7.090355556140472e-05,286,2023-10-23T08:23,1.2434782608695651
,0,2023-10-23T10:05,0.0
,0,2023-10-23T11:46,0.0
,0,2023-10-23T13:28,0.0
,0,2023-10-23T15:09,0.0
,0,2023-10-23T16:51,0.0
,0,2023-10-23T18:32,0.0
,0,2023-10-23T20:14,0.0
,0,2023-10-23T21:55,0.0
,0,2023-10-23T23:37,0.0
,0,2023-10-24T01:18,0.0
,0,2023-10-24T03:00,0.0
,0,2023-10-24T04:41,0.0
,0,2023-10-24T06:23,0.0
5.3115855830263634e-05,168,2023-10-24T08:04,0.7304347826086957
,0,2023-10-24T09:46,0.0
,0,2023-10-24T11:27,0.0
,0,2023-10-24T13:09,0.0
,0,2023-10-24T14:50,0.0
,0,2023-10-24T16:32,0.0
,0,2023-10-24T18:13,0.0
,0,2023-10-24T19:55,0.0
,0,2023-10-24T21:36,0.0
,0,2023-10-24T23:18,0.0
,0,2023-10-25T00:59,0.0
,0,2023-10-25T02:41,0.0
,0,2023-10-25T04:22,0.0
,0,2023-10-25T06:04,0.0
6.600823530726793e-05,196,2023-10-25T07:45,0.8521739130434782
,0,2023-10-25T09:27,0.0
,0,2023-10-25T11:08,0.0
,0,2023-10-25T12:50,0.0
,0,2023-10-25T14:31,0.0
,0,2023-10-25T16:13,0.0
,0,2023-10-25T17:54,0.0
,0,2023-10-25T19:36,0.0
,0,2023-10-25T21:17,0.0
,0,2023-10-25T22:58,0.0
,0,2023-10-26T00:40,0.0
,0,2023-10-26T02:21,0.0
,0,2023-10-26T04:03,0.0
,0,2023-10-26T05:44,0.0
6.353877352722598e-05,286,2023-10-26T07:26,1.2434782608695651
,0,2023-10-26T09:07,0.0
,0,2023-10-26T10:49,0.0
,0,2023-10-26T12:30,0.0
,0,2023-10-26T14:12,0.0
,0,2023-10-26T15:53,0.0
,0,2023-10-26T17:35,0.0
,0,2023-10-26T19:16,0.0
,0,2023-10-26T20:58,0.0
,0,2023-10-26T22:39,0.0
,0,2023-10-27T00:21,0.0
,0,2023-10-27T02:02,0.0
,0,2023-10-27T03:44,0.0
,0,2023-10-27T05:25,0.0
6.282811909266026e-05,286,2023-10-27T07:07,1.2434782608695651
,0,2023-10-27T08:48,0.0
,0,2023-10-27T10:30,0.0
,0,2023-10-27T12:11,0.0
,0,2023-10-27T13:53,0.0
,0,2023-10-27T15:34,0.0
,0,2023-10-27T17:16,0.0
,0,2023-10-27T18:57,0.0
,0,2023-10-27T20:39,0.0
,0,2023-10-27T22:20,0.0
,0,2023-10-28T00:02,0.0
,0,2023-10-28T01:43,0.0
,0,2023-10-28T03:25,0.0
,0,2023-10-28T05:06,0.0
,0,2023-10-28T06:48,0.0
7.803048022294677e-05,286,2023-10-28T08:29,1.2434782608695651
,0,2023-10-28T10:11,0.0
,0,2023-10-28T11:52,0.0
,0,2023-10-28T13:34,0.0
,0,2023-10-28T15:15,0.0
,0,2023-10-28T16:57,0.0
,0,2023-10-28T18:38,0.0
,0,2023-10-28T20:20,0.0
,0,2023-10-28T22:01,0.0
,0,2023-10-28T23:43,0.0
,0,2023-10-29T01:24,0.0
,0,2023-10-29T03:06,0.0
,0,2023-10-29T04:47,0.0
,0,2023-10-29T06:29,0.0
7.878147653965006e-05,286,2023-10-29T08:10,1.2434782608695651
,0,2023-10-29T09:51,0.0
,0,2023-10-29T11:33,0.0
,0,2023-10-29T13:14,0.0
,0,2023-10-29T14:56,0.0
,0,2023-10-29T16:37,0.0
,0,2023-10-29T18:19,0.0
,0,2023-10-29T20:00,0.0
,0,2023-10-29T21:42,0.0
,0,2023-10-29T23:23,0.0
,0,2023-10-30T01:05,0.0
,0,2023-10-30T02:46,0.0
,0,2023-10-30T04:28,0.0
,0,2023-10-30T06:09,0.0
6.443743814177834e-05,286,2023-10-30T07:51,1.2434782608695651
,0,2023-10-30T09:32,0.0
,0,2023-10-30T11:14,0.0
,0,2023-10-30T12:55,0.0
,0,2023-10-30T14:37,0.0
,0,2023-10-30T16:18,0.0
,0,2023-10-30T18:00,0.0
,0,2023-10-30T19:41,0.0
,0,2023-10-30T21:23,0.0
,0,2023-10-30T23:04,0.0
,0,2023-10-31T00:46,0.0
,0,2023-10-31T02:27,0.0
,0,2023-10-31T04:09,0.0
,0,2023-10-31T05:50,0.0
5.516679632825559e-05,286,2023-10-31T07:32,1.2434782608695651
,0,2023-10-31T09:13,0.0
,0,2023-10-31T10:55,0.0
,0,2023-10-31T12:36,0.0
,0,2023-10-31T14:18,0.0
,0,2023-10-31T15:59,0.0
,0,2023-10-31T17:41,0.0
,0,2023-10-31T19:22,0.0
,0,2023-10-31T21:04,0.0
,0,2023-10-31T22:45,0.0
,0,2023-11-01T00:27,0.0
,0,2023-11-01T02:08,0.0
,0,2023-11-01T03:50,0.0
,0,2023-11-01T05:31,0.0
5.295719177410326e-05,286,2023-11-01T07:13,1.2434782608695651
,0,2023-11-01T08:54,0.0
,0,2023-11-01T10:36,0.0
,0,2023-11-01T12:17,0.0
,0,2023-11-01T13:59,0.0
,0,2023-11-01T15:40,0.0
,0,2023-11-01T17:22,0.0
,0,2023-11-01T19:03,0.0
,0,2023-11-01T20:45,0.0
,0,2023-11-01T22:26,0.0
,0,2023-11-02T00:07,0.0
,0,2023-11-02T01:49,0.0
,0,2023-11-02T03:30,0.0
,0,2023-11-02T05:12,0.0
6.413472576477847e-05,286,2023-11-02T06:53,1.2434782608695651
0.00010552869513556937,286,2023-11-02T08:35,1.2434782608695651
,0,2023-11-02T10:16,0.0
,0,2023-11-02T11:58,0.0
,0,2023-11-02T13:39,0.0
,0,2023-11-02T15:21,0.0
,0,2023-11-02T17:02,0.0
,0,2023-11-02T18:44,0.0
,0,2023-11-02T20:25,0.0
,0,2023-11-02T22:07,0.0
,0,2023-11-02T23:48,0.0
,0,2023-11-03T01:30,0.0
,0,2023-11-03T03:11,0.0
,0,2023-11-03T04:53,0.0
,0,2023-11-03T06:34,0.0
9.56617191962999e-05,286,2023-11-03T08:16,1.2434782608695651
,0,2023-11-03T09:57,0.0
,0,2023-11-03T11:39,0.0
,0,2023-11-03T13:20,0.0
,0,2023-11-03T15:02,0.0
,0,2023-11-03T16:43,0.0
,0,2023-11-03T18:25,0.0
,0,2023-11-03T20:06,0.0
,0,2023-11-03T21:48,0.0
,0,2023-11-03T23:29,0.0
,0,2023-11-04T01:11,0.0
,0,2023-11-04T02:52,0.0
,0,2023-11-04T04:34,0.0
,0,2023-11-04T06:15,0.0
5.654393276307921e-05,144,2023-11-04T07:57,0.6260869565217392
,0,2023-11-04T09:38,0.0
,0,2023-11-04T11:20,0.0
,0,2023-11-04T13:01,0.0
,0,2023-11-04T14:43,0.0
,0,2023-11-04T16:24,0.0
,0,2023-11-04T18:06,0.0
,0,2023-11-04T19:47,0.0
,0,2023-11-04T21:29,0.0
,0,2023-11-04T23:10,0.0
,0,2023-11-05T00:52,0.0
,0,2023-11-05T02:33,0.0
,0,2023-11-05T04:15,0.0
,0,2023-11-05T05:56,0.0
6.829241523174457e-05,209,2023-11-05T07:38,0.908695652173913
,0,2023-11-05T09:19,0.0
,0,2023-11-05T11:01,0.0
,0,2023-11-05T12:42,0.0
,0,2023-11-05T14:23,0.0
,0,2023-11-05T16:05,0.0
,0,2023-11-05T17:46,0.0
,0,2023-11-05T19:28,0.0
,0,2023-11-05T21:09,0.0
,0,2023-11-05T22:51,0.0
,0,2023-11-06T00:32,0.0
,0,2023-11-06T02:14,0.0
,0,2023-11-06T03:55,0.0
,0,2023-11-06T05:37,0.0
7.51212857258476e-05,2,2023-11-06T07:18,0.008695652173913044
,0,2023-11-06T09:00,0.0
,0,2023-11-06T10:41,0.0
,0,2023-11-06T12:23,0.0
,0,2023-11-06T14:04,0.0
,0,2023-11-06T15:46,0.0
,0,2023-11-06T17:27,0.0
,0,2023-11-06T19:09,0.0
,0,2023-11-06T20:50,0.0
,0,2023-11-06T22:32,0.0
,0,2023-11-07T00:13,0.0
,0,2023-11-07T01:55,0.0
,0,2023-11-07T03:36,0.0
,0,2023-11-07T05:18,0.0
,0,2023-11-07T06:59,0.0
,0,2023-11-07T08:41,0.0
,0,2023-11-07T10:22,0.0
,0,2023-11-07T12:04,0.0
,0,2023-11-07T13:45,0.0
,0,2023-11-07T15:27,0.0
,0,2023-11-07T17:08,0.0
,0,2023-11-07T18:50,0.0
,0,2023-11-07T20:31,0.0
,0,2023-11-07T22:13,0.0
,0,2023-11-07T23:54,0.0
,0,2023-11-08T01:36,0.0
,0,2023-11-08T03:17,0.0
,0,2023-11-08T04:59,0.0
,0,2023-11-08T06:40,0.0
,0,2023-11-08T08:22,0.0
,0,2023-11-08T10:03,0.0
,0,2023-11-08T11:45,0.0
,0,2023-11-08T13:26,0.0
,0,2023-11-08T15:08,0.0
,0,2023-11-08T16:49,0.0
,0,2023-11-08T18:31,0.0
,0,2023-11-08T20:12,0.0
,0,2023-11-08T21:54,0.0
,0,2023-11-08T23:35,0.0
,0,2023-11-09T01:17,0.0
,0,2023-11-09T02:58,0.0
,0,2023-11-09T04:40,0.0
,0,2023-11-09T06:21,0.0
5.0296975763251504e-05,55,2023-11-09T08:02,0.2391304347826087
,0,2023-11-09T09:44,0.0
,0,2023-11-09T11:25,0.0
,0,2023-11-09T13:07,0.0
,0,2023-11-09T14:48,0.0
,0,2023-11-09T16:30,0.0
,0,2023-11-09T18:11,0.0
,0,2023-11-09T19:53,0.0
,0,2023-11-09T21:34,0.0
,0,2023-11-09T23:16,0.0
,0,2023-11-10T00:57,0.0
,0,2023-11-10T02:39,0.0
,0,2023-11-10T04:20,0.0
,0,2023-11-10T06:02,0.0
5.4043421724449223e-05,244,2023-11-10T07:43,1.0608695652173914
,0,2023-11-10T09:25,0.0
,0,2023-11-10T11:06,0.0
,0,2023-11-10T12:48,0.0
,0,2023-11-10T14:29,0.0
,0,2023-11-10T16:11,0.0
,0,2023-11-10T17:52,0.0
,0,2023-11-10T19:34,0.0
,0,2023-11-10T21:15,0.0
,0,2023-11-10T22:57,0.0
,0,2023-11-11T00:38,0.0
,0,2023-11-11T02:20,0.0
,0,2023-11-11T04:01,0.0
,0,2023-11-11T05:43,0.0
4.39835432669428e-05,286,2023-11-11T07:24,1.2434782608695651
,0,2023-11-11T09:06,0.0
,0,2023-11-11T10:47,0.0
,0,2023-11-11T12:29,0.0
,0,2023-11-11T14:10,0.0
,0,2023-11-11T15:52,0.0
,0,2023-11-11T17:33,0.0
,0,2023-11-11T19:15,0.0
,0,2023-11-11T20:56,0.0
,0,2023-11-11T22:38,0.0
,0,2023-11-12T00:19,0.0
,0,2023-11-12T02:01,0.0
,0,2023-11-12T03:42,0.0
,0,2023-11-12T05:24,0.0
4.440124354369763e-05,286,2023-11-12T07:05,1.2434782608695651
,0,2023-11-12T08:47,0.0
,0,2023-11-12T10:28,0.0
,0,2023-11-12T12:10,0.0
,0,2023-11-12T13:51,0.0
,0,2023-11-12T15:33,0.0
,0,2023-11-12T17:14,0.0
,0,2023-11-12T18:56,0.0
,0,2023-11-12T20:37,0.0
,0,2023-11-12T22:19,0.0
,0,2023-11-13T00:00,0.0
,0,2023-11-13T01:41,0.0
,0,2023-11-13T03:23,0.0
,0,2023-11-13T05:04,0.0
,0,2023-11-13T06:46,0.0
6.417379008553284e-05,286,2023-11-13T08:27,1.2434782608695651
,0,2023-11-13T10:09,0.0
,0,2023-11-13T11:50,0.0
,0,2023-11-13T13:32,0.0
,0,2023-11-13T15:13,0.0
,0,2023-11-13T16:55,0.0
,0,2023-11-13T18:36,0.0
,0,2023-11-13T20:18,0.0
,0,2023-11-13T21:59,0.0
,0,2023-11-13T23:41,0.0
,0,2023-11-14T01:22,0.0
,0,2023-11-14T03:04,0.0
,0,2023-11-14T04:45,0.0
,0,2023-11-14T06:27,0.0
7.112903958542507e-05,286,2023-11-14T08:08,1.2434782608695651
,0,2023-11-14T09:50,0.0
,0,2023-11-14T11:31,0.0
,0,2023-11-14T13:13,0.0
,0,2023-11-14T14:54,0.0
,0,2023-11-14T16:36,0.0
,0,2023-11-14T18:17,0.0
,0,2023-11-14T19:59,0.0
,0,2023-11-14T21:40,0.0
,0,2023-11-14T23:22,0.0
,0,2023-11-15T01:03,0.0
,0,2023-11-15T02:45,0.0
,0,2023-11-15T04:26,0.0
,0,2023-11-15T06:08,0.0
5.019547972865105e-05,286,2023-11-15T07:49,1.2434782608695651
,0,2023-11-15T09:31,0.0
,0,2023-11-15T11:12,0.0
,0,2023-11-15T12:54,0.0
,0,2023-11-15T14:35,0.0
,0,2023-11-15T16:17,0.0
,0,2023-11-15T17:58,0.0
,0,2023-11-15T19:40,0.0
,0,2023-11-15T21:21,0.0
,0,2023-11-15T23:03,0.0
,0,2023-11-16T00:44,0.0
,0,2023-11-16T02:26,0.0
,0,2023-11-16T04:07,0.0
,0,2023-11-16T05:49,0.0
5.403372834735865e-05,286,2023-11-16T07:30,1.2434782608695651
,0,2023-11-16T09:12,0.0
,0,2023-11-16T10:53,0.0
,0,2023-11-16T12:35,0.0
,0,2023-11-16T14:16,0.0
,0,2023-11-16T15:58,0.0
,0,2023-11-16T17:39,0.0
,0,2023-11-16T19:21,0.0
,0,2023-11-16T21:02,0.0
,0,2023-11-16T22:43,0.0
,0,2023-11-17T00:25,0.0
,0,2023-11-17T02:06,0.0
,0,2023-11-17T03:48,0.0
,0,2023-11-17T05:29,0.0
5.086773257319888e-05,286,2023-11-17T07:11,1.2434782608695651
,0,2023-11-17T08:52,0.0
,0,2023-11-17T10:34,0.0
,0,2023-11-17T12:15,0.0
,0,2023-11-17T13:57,0.0
,0,2023-11-17T15:38,0.0
,0,2023-11-17T17:20,0.0
,0,2023-11-17T19:01,0.0
,0,2023-11-17T20:43,0.0
,0,2023-11-17T22:24,0.0
,0,2023-11-18T00:06,0.0
,0,2023-11-18T01:47,0.0
,0,2023-11-18T03:29,0.0
,0,2023-11-18T05:10,0.0
,0,2023-11-18T06:52,0.0
9.639206652558626e-05,260,2023-11-18T08:33,1.1304347826086956
,0,2023-11-18T10:15,0.0
,0,2023-11-18T11:56,0.0
,0,2023-11-18T13:38,0.0
,0,2023-11-18T15:19,0.0
,0,2023-11-18T17:01,0.0
,0,2023-11-18T18:42,0.0
,0,2023-11-18T20:24,0.0
,0,2023-11-18T22:05,0.0
,0,2023-11-18T23:47,0.0
,0,2023-11-19T01:28,0.0
,0,2023-11-19T03:10,0.0
,0,2023-11-19T04:51,0.0
,0,2023-11-19T06:33,0.0
8.475036120914692e-05,286,2023-11-19T08:14,1.2434782608695651
,0,2023-11-19T09:56,0.0
,0,2023-11-19T11:37,0.0
,0,2023-11-19T13:19,0.0
,0,2023-11-19T15:00,0.0
,0,2023-11-19T16:42,0.0
,0,2023-11-19T18:23,0.0
,0,2023-11-19T20:05,0.0
,0,2023-11-19T21:46,0.0
,0,2023-11-19T23:28,0.0
,0,2023-11-20T01:09,0.0
,0,2023-11-20T02:51,0.0
,0,2023-11-20T04:32,0.0
,0,2023-11-20T06:14,0.0
5.8898976027650836e-05,197,2023-11-20T07:55,0.8565217391304348
,0,2023-11-20T09:37,0.0
,0,2023-11-20T11:18,0.0
,0,2023-11-20T13:00,0.0
,0,2023-11-20T14:41,0.0
,0,2023-11-20T16:23,0.0
,0,2023-11-20T18:04,0.0
,0,2023-11-20T19:46,0.0
,0,2023-11-20T21:27,0.0
,0,2023-11-20T23:08,0.0
,0,2023-11-21T00:50,0.0
,0,2023-11-21T02:31,0.0
,0,2023-11-21T04:13,0.0
,0,2023-11-21T05:54,0.0
5.7185000215521085e-05,286,2023-11-21T07:36,1.2434782608695651
,0,2023-11-21T09:17,0.0
,0,2023-11-21T10:59,0.0
,0,2023-11-21T12:40,0.0
,0,2023-11-21T14:22,0.0
,0,2023-11-21T16:03,0.0
,0,2023-11-21T17:45,0.0
,0,2023-11-21T19:26,0.0
,0,2023-11-21T21:08,0.0
,0,2023-11-21T22:49,0.0
,0,2023-11-22T00:31,0.0
,0,2023-11-22T02:12,0.0
,0,2023-11-22T03:54,0.0
,0,2023-11-22T05:35,0.0
6.001852521626039e-05,286,2023-11-22T07:17,1.2434782608695651
,0,2023-11-22T08:58,0.0
,0,2023-11-22T10:40,0.0
,0,2023-11-22T12:21,0.0
,0,2023-11-22T14:03,0.0
,0,2023-11-22T15:44,0.0
,0,2023-11-22T17:26,0.0
,0,2023-11-22T19:07,0.0
,0,2023-11-22T20:49,0.0
,0,2023-11-22T22:30,0.0
,0,2023-11-23T00:12,0.0
,0,2023-11-23T01:53,0.0
,0,2023-11-23T03:35,0.0
,0,2023-11-23T05:16,0.0
,0,2023-11-23T06:58,0.0
,0,2023-11-23T08:39,0.0
,0,2023-11-23T10:21,0.0
,0,2023-11-23T12:02,0.0
,0,2023-11-23T13:44,0.0
,0,2023-11-23T15:25,0.0
,0,2023-11-23T17:07,0.0
,0,2023-11-23T18:48,0.0
,0,2023-11-23T20:30,0.0
,0,2023-11-23T22:11,0.0
,0,2023-11-23T23:53,0.0
,0,2023-11-24T01:34,0.0
,0,2023-11-24T03:16,0.0
,0,2023-11-24T04:57,0.0
7.006827374199085e-05,201,2023-11-24T08:20,0.8739130434782608
,0,2023-11-24T10:02,0.0
,0,2023-11-24T11:43,0.0
,0,2023-11-24T13:25,0.0
,0,2023-11-24T15:06,0.0
,0,2023-11-24T16:48,0.0
,0,2023-11-24T18:29,0.0
,0,2023-11-24T20:11,0.0
,0,2023-11-24T21:52,0.0
,0,2023-11-24T23:34,0.0
,0,2023-11-25T01:15,0.0
,0,2023-11-25T02:57,0.0
,0,2023-11-25T04:38,0.0
,0,2023-11-25T06:19,0.0
6.666823340967294e-05,217,2023-11-25T08:01,0.9434782608695652
,0,2023-11-25T09:42,0.0
,0,2023-11-25T11:24,0.0
,0,2023-11-25T13:05,0.0
,0,2023-11-25T14:47,0.0
,0,2023-11-25T16:28,0.0
,0,2023-11-25T18:10,0.0
,0,2023-11-25T19:51,0.0
,0,2023-11-25T21:33,0.0
,0,2023-11-25T23:14,0.0
,0,2023-11-26T00:56,0.0
,0,2023-11-26T02:37,0.0
,0,2023-11-26T04:19,0.0
,0,2023-11-26T06:00,0.0
5.357781453130927e-05,188,2023-11-26T07:42,0.8173913043478261
,0,2023-11-26T09:23,0.0
,0,2023-11-26T11:05,0.0
,0,2023-11-26T12:46,0.0
,0,2023-11-26T14:28,0.0
,0,2023-11-26T16:09,0.0
,0,2023-11-26T17:51,0.0
,0,2023-11-26T19:32,0.0
,0,2023-11-26T21:14,0.0
,0,2023-11-26T22:55,0.0
,0,2023-11-27T00:37,0.0
,0,2023-11-27T02:18,0.0
,0,2023-11-27T04:00,0.0
,0,2023-11-27T05:41,0.0
8.002125125077142e-05,23,2023-11-27T07:23,0.1
,0,2023-11-27T09:04,0.0
,0,2023-11-27T10:46,0.0
,0,2023-11-27T12:27,0.0
,0,2023-11-27T14:09,0.0
,0,2023-11-27T15:50,0.0
,0,2023-11-27T17:32,0.0
,0,2023-11-27T19:13,0.0
,0,2023-11-27T20:55,0.0
,0,2023-11-27T22:36,0.0
,0,2023-11-28T00:18,0.0
,0,2023-11-28T01:59,0.0
,0,2023-11-28T03:41,0.0
,0,2023-11-28T05:22,0.0
,0,2023-11-28T07:04,0.0
,0,2023-11-28T08:45,0.0
,0,2023-11-28T10:27,0.0
,0,2023-11-28T12:08,0.0
,0,2023-11-28T13:50,0.0
,0,2023-11-28T15:31,0.0
,0,2023-11-28T17:13,0.0
,0,2023-11-28T18:54,0.0
,0,2023-11-28T20:36,0.0
,0,2023-11-28T22:17,0.0
,0,2023-11-28T23:59,0.0
,0,2023-11-29T01:40,0.0
,0,2023-11-29T03:22,0.0
,0,2023-11-29T05:03,0.0
,0,2023-11-29T06:45,0.0
2.9283476888327046e-05,87,2023-11-29T08:26,0.3782608695652174
,0,2023-11-29T10:08,0.0
,0,2023-11-29T11:49,0.0
,0,2023-11-29T13:31,0.0
,0,2023-11-29T15:12,0.0
,0,2023-11-29T16:54,0.0
,0,2023-11-29T18:35,0.0
,0,2023-11-29T20:16,0.0
,0,2023-11-29T21:58,0.0
,0,2023-11-29T23:39,0.0
,0,2023-11-30T01:21,0.0
,0,2023-11-30T03:02,0.0
,0,2023-11-30T04:44,0.0
,0,2023-11-30T06:25,0.0
5.1073354684693525e-05,86,2023-11-30T08:07,0.3739130434782609
,0,2023-11-30T09:48,0.0
,0,2023-11-30T11:30,0.0
,0,2023-11-30T13:11,0.0
,0,2023-11-30T14:53,0.0
,0,2023-11-30T16:34,0.0
,0,2023-11-30T18:16,0.0
,0,2023-11-30T19:57,0.0
,0,2023-11-30T21:39,0.0
,0,2023-11-30T23:20,0.0
,0,2023-12-01T01:02,0.0
,0,2023-12-01T02:43,0.0
,0,2023-12-01T04:25,0.0
,0,2023-12-01T06:06,0.0
4.7978242932239246e-05,264,2023-12-01T07:48,1.1478260869565218
,0,2023-12-01T09:29,0.0
,0,2023-12-01T11:11,0.0
,0,2023-12-01T12:52,0.0
,0,2023-12-01T14:34,0.0
,0,2023-12-01T16:15,0.0
,0,2023-12-01T17:57,0.0
,0,2023-12-01T19:38,0.0
,0,2023-12-01T21:20,0.0
,0,2023-12-01T23:01,0.0
,0,2023-12-02T00:43,0.0
,0,2023-12-02T02:24,0.0
,0,2023-12-02T04:06,0.0
,0,2023-12-02T05:47,0.0
7.002032980335754e-05,30,2023-12-02T07:29,0.13043478260869565
,0,2023-12-02T09:10,0.0
,0,2023-12-02T10:52,0.0
,0,2023-12-02T12:33,0.0
,0,2023-12-02T14:15,0.0
,0,2023-12-02T15:56,0.0
,0,2023-12-02T17:38,0.0
,0,2023-12-02T19:19,0.0
,0,2023-12-02T21:01,0.0
,0,2023-12-02T22:42,0.0
,0,2023-12-03T00:24,0.0
,0,2023-12-03T02:05,0.0
,0,2023-12-03T03:47,0.0
,0,2023-12-03T05:28,0.0
6.652197513945862e-05,286,2023-12-03T07:10,1.2434782608695651
,0,2023-12-03T08:51,0.0
,0,2023-12-03T10:33,0.0
,0,2023-12-03T12:14,0.0
,0,2023-12-03T13:56,0.0
,0,2023-12-03T15:37,0.0
,0,2023-12-03T17:19,0.0
,0,2023-12-03T19:00,0.0
,0,2023-12-03T20:42,0.0
,0,2023-12-03T22:23,0.0
,0,2023-12-04T00:05,0.0
,0,2023-12-04T01:46,0.0
,0,2023-12-04T03:28,0.0
,0,2023-12-04T05:09,0.0
,0,2023-12-04T06:51,0.0
5.631027543755833e-05,286,2023-12-04T08:32,1.2434782608695651
,0,2023-12-04T10:14,0.0
,0,2023-12-04T11:55,0.0
,0,2023-12-04T13:37,0.0
,0,2023-12-04T15:18,0.0
,0,2023-12-04T16:59,0.0
,0,2023-12-04T18:41,0.0
,0,2023-12-04T20:22,0.0
,0,2023-12-04T22:04,0.0
,0,2023-12-04T23:45,0.0
,0,2023-12-05T01:27,0.0
,0,2023-12-05T03:08,0.0
,0,2023-12-05T04:50,0.0
,0,2023-12-05T06:31,0.0
5.2262958348049805e-05,99,2023-12-05T08:13,0.43043478260869567
,0,2023-12-05T09:54,0.0
,0,2023-12-05T11:36,0.0
,0,2023-12-05T13:17,0.0
,0,2023-12-05T14:59,0.0
,0,2023-12-05T16:40,0.0
,0,2023-12-05T18:22,0.0
,0,2023-12-05T20:03,0.0
,0,2023-12-05T21:45,0.0
,0,2023-12-05T23:26,0.0
,0,2023-12-06T01:08,0.0
,0,2023-12-06T02:49,0.0
,0,2023-12-06T04:31,0.0
,0,2023-12-06T06:12,0.0
3.200546125538943e-05,112,2023-12-06T07:54,0.48695652173913045
,0,2023-12-06T09:35,0.0
,0,2023-12-06T11:17,0.0
,0,2023-12-06T12:58,0.0
,0,2023-12-06T14:40,0.0
,0,2023-12-06T16:21,0.0
,0,2023-12-06T18:03,0.0
,0,2023-12-06T19:44,0.0
,0,2023-12-06T21:26,0.0
,0,2023-12-06T23:07,0.0
,0,2023-12-07T00:49,0.0
,0,2023-12-07T02:30,0.0
,0,2023-12-07T04:12,0.0
,0,2023-12-07T05:53,0.0
5.018000021174916e-05,238,2023-12-07T07:35,1.0347826086956522
,0,2023-12-07T09:16,0.0
,0,2023-12-07T10:58,0.0
,0,2023-12-07T12:39,0.0
,0,2023-12-07T14:21,0.0
,0,2023-12-07T16:02,0.0
,0,2023-12-07T17:44,0.0
,0,2023-12-07T19:25,0.0
,0,2023-12-07T21:07,0.0
,0,2023-12-07T22:48,0.0
,0,2023-12-08T00:30,0.0
,0,2023-12-08T02:11,0.0
,0,2023-12-08T03:53,0.0
,0,2023-12-08T05:34,0.0
6.044477019113499e-05,260,2023-12-08T07:16,1.1304347826086956
,0,2023-12-08T08:57,0.0
,0,2023-12-08T10:39,0.0
,0,2023-12-08T12:20,0.0
,0,2023-12-08T14:02,0.0
,0,2023-12-08T15:43,0.0
,0,2023-12-08T17:25,0.0
,0,2023-12-08T19:06,0.0
,0,2023-12-08T20:48,0.0
,0,2023-12-08T22:29,0.0
,0,2023-12-09T00:11,0.0
,0,2023-12-09T01:52,0.0
,0,2023-12-09T03:34,0.0
,0,2023-12-09T05:15,0.0
5.1254006924878586e-05,286,2023-12-09T06:57,1.2434782608695651
,0,2023-12-09T08:38,0.0
,0,2023-12-09T10:20,0.0
,0,2023-12-09T12:01,0.0
,0,2023-12-09T13:43,0.0
,0,2023-12-09T15:24,0.0
,0,2023-12-09T17:06,0.0
,0,2023-12-09T18:47,0.0
,0,2023-12-09T20:29,0.0
,0,2023-12-09T22:10,0.0
,0,2023-12-09T23:52,0.0
,0,2023-12-10T01:33,0.0
,0,2023-12-10T03:15,0.0
,0,2023-12-10T04:56,0.0
,0,2023-12-10T06:37,0.0
8.380073683712918e-05,286,2023-12-10T08:19,1.2434782608695651
,0,2023-12-10T10:00,0.0
,0,2023-12-10T11:42,0.0
,0,2023-12-10T13:23,0.0
,0,2023-12-10T15:05,0.0
,0,2023-12-10T16:46,0.0
,0,2023-12-10T18:28,0.0
,0,2023-12-10T20:09,0.0
,0,2023-12-10T21:51,0.0
,0,2023-12-10T23:32,0.0
,0,2023-12-11T01:14,0.0
,0,2023-12-11T02:55,0.0
,0,2023-12-11T04:37,0.0
,0,2023-12-11T06:18,0.0
6.24629932288118e-05,286,2023-12-11T08:00,1.2434782608695651
,0,2023-12-11T09:41,0.0
,0,2023-12-11T11:23,0.0
,0,2023-12-11T13:04,0.0
,0,2023-12-11T14:46,0.0
,0,2023-12-11T16:27,0.0
,0,2023-12-11T18:09,0.0
,0,2023-12-11T19:50,0.0
,0,2023-12-11T21:32,0.0
,0,2023-12-11T23:13,0.0
,0,2023-12-12T00:55,0.0
,0,2023-12-12T02:36,0.0
,0,2023-12-12T04:18,0.0
,0,2023-12-12T05:59,0.0
0.00010095987468780929,286,2023-12-12T07:41,1.2434782608695651
,0,2023-12-12T09:22,0.0
,0,2023-12-12T11:04,0.0
,0,2023-12-12T12:45,0.0
,0,2023-12-12T14:27,0.0
,0,2023-12-12T16:08,0.0
,0,2023-12-12T17:50,0.0
,0,2023-12-12T19:31,0.0
,0,2023-12-12T21:13,0.0
,0,2023-12-12T22:54,0.0
,0,2023-12-13T00:36,0.0
,0,2023-12-13T02:17,0.0
,0,2023-12-13T03:59,0.0
,0,2023-12-13T05:40,0.0
9.694003210282024e-05,286,2023-12-13T07:22,1.2434782608695651
,0,2023-12-13T09:03,0.0
,0,2023-12-13T10:45,0.0
,0,2023-12-13T12:26,0.0
,0,2023-12-13T14:08,0.0
,0,2023-12-13T15:49,0.0
,0,2023-12-13T17:31,0.0
,0,2023-12-13T19:12,0.0
,0,2023-12-13T20:54,0.0
,0,2023-12-13T22:35,0.0
,0,2023-12-14T00:17,0.0
,0,2023-12-14T01:58,0.0
,0,2023-12-14T03:40,0.0
,0,2023-12-14T05:21,0.0
5.201420074369561e-05,286,2023-12-14T07:03,1.2434782608695651
,0,2023-12-14T08:44,0.0
,0,2023-12-14T10:26,0.0
,0,2023-12-14T12:07,0.0
,0,2023-12-14T13:49,0.0
,0,2023-12-14T15:30,0.0
,0,2023-12-14T17:12,0.0
,0,2023-12-14T18:53,0.0
,0,2023-12-14T20:35,0.0
,0,2023-12-14T22:16,0.0
,0,2023-12-14T23:58,0.0
,0,2023-12-15T01:39,0.0
,0,2023-12-15T03:21,0.0
,0,2023-12-15T05:02,0.0
,0,2023-12-15T06:44,0.0
6.0549701908146086e-05,286,2023-12-15T08:25,1.2434782608695651
,0,2023-12-15T10:07,0.0
,0,2023-12-15T11:48,0.0
,0,2023-12-15T13:30,0.0
,0,2023-12-15T15:11,0.0
,0,2023-12-15T16:53,0.0
,0,2023-12-15T18:34,0.0
,0,2023-12-15T20:16,0.0
,0,2023-12-15T21:57,0.0
,0,2023-12-15T23:39,0.0
,0,2023-12-16T01:20,0.0
,0,2023-12-16T03:02,0.0
,0,2023-12-16T04:43,0.0
,0,2023-12-16T06:25,0.0
5.761430636558145e-05,286,2023-12-16T08:06,1.2434782608695651
,0,2023-12-16T09:47,0.0
,0,2023-12-16T11:29,0.0
,0,2023-12-16T13:10,0.0
,0,2023-12-16T14:52,0.0
,0,2023-12-16T16:33,0.0
,0,2023-12-16T18:15,0.0
,0,2023-12-16T19:56,0.0
,0,2023-12-16T21:38,0.0
,0,2023-12-16T23:19,0.0
,0,2023-12-17T01:01,0.0
,0,2023-12-17T02:42,0.0
,0,2023-12-17T04:24,0.0
,0,2023-12-17T06:05,0.0
4.200231501108927e-05,281,2023-12-17T07:47,1.2217391304347827
,0,2023-12-17T09:28,0.0
,0,2023-12-17T11:10,0.0
,0,2023-12-17T12:51,0.0
,0,2023-12-17T14:33,0.0
,0,2023-12-17T16:14,0.0
,0,2023-12-17T17:56,0.0
,0,2023-12-17T19:37,0.0
,0,2023-12-17T21:19,0.0
,0,2023-12-17T23:00,0.0
,0,2023-12-18T00:42,0.0
,0,2023-12-18T02:23,0.0
,0,2023-12-18T04:05,0.0
,0,2023-12-18T05:46,0.0
6.118881663534639e-05,285,2023-12-18T07:28,1.2391304347826086
,0,2023-12-18T09:09,0.0
,0,2023-12-18T10:51,0.0
,0,2023-12-18T12:32,0.0
,0,2023-12-18T14:14,0.0
,0,2023-12-18T15:55,0.0
,0,2023-12-18T17:37,0.0
,0,2023-12-18T19:18,0.0
,0,2023-12-18T21:00,0.0
,0,2023-12-18T22:41,0.0
,0,2023-12-19T00:23,0.0
,0,2023-12-19T02:04,0.0
,0,2023-12-19T03:46,0.0
,0,2023-12-19T05:27,0.0
5.521257011834758e-05,238,2023-12-19T07:09,1.0347826086956522
,0,2023-12-19T08:50,0.0
,0,2023-12-19T10:32,0.0
,0,2023-12-19T12:13,0.0
,0,2023-12-19T13:55,0.0
,0,2023-12-19T15:36,0.0
,0,2023-12-19T17:18,0.0
,0,2023-12-19T18:59,0.0
,0,2023-12-19T20:41,0.0
,0,2023-12-19T22:22,0.0
,0,2023-12-20T00:04,0.0
,0,2023-12-20T01:45,0.0
,0,2023-12-20T03:27,0.0
,0,2023-12-20T05:08,0.0
7.183928416130205e-05,14,2023-12-20T06:50,0.06086956521739131
5.8866340518641654e-05,255,2023-12-20T08:31,1.108695652173913
,0,2023-12-20T10:13,0.0
,0,2023-12-20T11:54,0.0
,0,2023-12-20T13:36,0.0
,0,2023-12-20T15:17,0.0
,0,2023-12-20T16:59,0.0
,0,2023-12-20T19:30,0.0
,0,2023-12-20T20:22,0.0
,0,2023-12-20T22:03,0.0
,0,2023-12-20T23:45,0.0
,0,2023-12-21T01:26,0.0
,0,2023-12-21T03:08,0.0
,0,2023-12-21T04:49,0.0
,0,2023-12-21T06:31,0.0
5.9839488325587724e-05,4,2023-12-21T08:12,0.017391304347826087
,0,2023-12-21T09:54,0.0
,0,2023-12-21T11:35,0.0
,0,2023-12-21T13:17,0.0
,0,2023-12-21T14:58,0.0
,0,2023-12-21T16:40,0.0
,0,2023-12-21T18:21,0.0
,0,2023-12-21T20:03,0.0
,0,2023-12-21T21:44,0.0
,0,2023-12-21T23:26,0.0
,0,2023-12-22T01:07,0.0
,0,2023-12-22T02:49,0.0
,0,2023-12-22T04:30,0.0
,0,2023-12-22T06:12,0.0
,0,2023-12-22T07:53,0.0
,0,2023-12-22T09:35,0.0
,0,2023-12-22T11:16,0.0
,0,2023-12-22T12:58,0.0
,0,2023-12-22T14:39,0.0
,0,2023-12-22T16:21,0.0
,0,2023-12-22T18:02,0.0
,0,2023-12-22T19:44,0.0
,0,2023-12-22T21:25,0.0
,0,2023-12-22T23:07,0.0
,0,2023-12-23T00:48,0.0
,0,2023-12-23T02:30,0.0
,0,2023-12-23T04:11,0.0
,0,2023-12-23T05:53,0.0
6.802674074123317e-05,286,2023-12-23T07:34,1.2434782608695651
,0,2023-12-23T09:16,0.0
,0,2023-12-23T10:57,0.0
,0,2023-12-23T12:39,0.0
,0,2023-12-23T14:20,0.0
,0,2023-12-23T16:02,0.0
,0,2023-12-23T17:43,0.0
,0,2023-12-23T19:25,0.0
,0,2023-12-23T21:06,0.0
,0,2023-12-23T22:48,0.0
,0,2023-12-24T00:29,0.0
,0,2023-12-24T02:11,0.0
,0,2023-12-24T03:52,0.0
,0,2023-12-24T05:34,0.0
7.822644436875165e-05,216,2023-12-24T07:15,0.9391304347826087
,0,2023-12-24T08:57,0.0
,0,2023-12-24T10:38,0.0
,0,2023-12-24T12:20,0.0
,0,2023-12-24T14:01,0.0
,0,2023-12-24T17:24,0.0
,0,2023-12-24T19:06,0.0
,0,2023-12-24T20:47,0.0
,0,2023-12-24T22:29,0.0
,0,2023-12-25T00:10,0.0
,0,2023-12-25T01:52,0.0
,0,2023-12-25T03:33,0.0
,0,2023-12-25T05:15,0.0
5.3436117476955906e-05,286,2023-12-25T06:56,1.2434782608695651
,0,2023-12-25T08:38,0.0
,0,2023-12-25T10:19,0.0
,0,2023-12-25T12:01,0.0
,0,2023-12-25T13:42,0.0
,0,2023-12-25T15:24,0.0
,0,2023-12-25T17:05,0.0
,0,2023-12-25T18:47,0.0
,0,2023-12-25T20:28,0.0
,0,2023-12-25T22:10,0.0
,0,2023-12-25T23:51,0.0
,0,2023-12-26T01:33,0.0
,0,2023-12-26T03:14,0.0
,0,2023-12-26T04:56,0.0
,0,2023-12-26T06:37,0.0
7.480218580077001e-05,286,2023-12-26T08:19,1.2434782608695651
,0,2023-12-26T10:00,0.0
,0,2023-12-26T11:42,0.0
,0,2023-12-26T13:23,0.0
,0,2023-12-26T15:05,0.0
,0,2023-12-26T16:46,0.0
,0,2023-12-26T18:28,0.0
,0,2023-12-26T20:09,0.0
,0,2023-12-26T21:51,0.0
,0,2023-12-26T23:32,0.0
,0,2023-12-27T01:14,0.0
,0,2023-12-27T02:55,0.0
,0,2023-12-27T04:37,0.0
,0,2023-12-27T06:18,0.0
7.167283813529297e-05,286,2023-12-27T08:00,1.2434782608695651
,0,2023-12-27T09:41,0.0
,0,2023-12-27T11:23,0.0
,0,2023-12-27T13:04,0.0
,0,2023-12-27T14:46,0.0
,0,2023-12-27T16:27,0.0
,0,2023-12-27T18:09,0.0
,0,2023-12-27T19:50,0.0
,0,2023-12-27T21:32,0.0
,0,2023-12-27T23:13,0.0
,0,2023-12-28T00:55,0.0
,0,2023-12-28T02:36,0.0
,0,2023-12-28T04:18,0.0
,0,2023-12-28T05:59,0.0
7.680998131748039e-05,286,2023-12-28T07:41,1.2434782608695651
,0,2023-12-28T09:22,0.0
,0,2023-12-28T11:04,0.0
,0,2023-12-28T12:45,0.0
,0,2023-12-28T14:27,0.0
,0,2023-12-28T16:08,0.0
,0,2023-12-28T17:50,0.0
,0,2023-12-28T19:31,0.0
,0,2023-12-28T21:13,0.0
,0,2023-12-28T22:54,0.0
,0,2023-12-29T00:36,0.0
,0,2023-12-29T02:17,0.0
,0,2023-12-29T03:59,0.0
,0,2023-12-29T05:40,0.0
6.686671052160646e-05,286,2023-12-29T07:22,1.2434782608695651
,0,2023-12-29T09:55,0.0
,0,2023-12-29T10:45,0.0
,0,2023-12-29T12:26,0.0
,0,2023-12-29T14:08,0.0
,0,2023-12-29T15:49,0.0
,0,2023-12-29T17:31,0.0
,0,2023-12-29T19:12,0.0
,0,2023-12-29T20:54,0.0
,0,2023-12-29T22:35,0.0
,0,2023-12-30T00:17,0.0
,0,2023-12-30T01:58,0.0
,0,2023-12-30T03:40,0.0
,0,2023-12-30T05:21,0.0
6.013651099753264e-05,286,2023-12-30T07:03,1.2434782608695651
,0,2023-12-30T08:44,0.0
,0,2023-12-30T10:26,0.0
,0,2023-12-30T12:07,0.0
,0,2023-12-30T13:49,0.0
,0,2023-12-30T15:30,0.0
,0,2023-12-30T17:12,0.0
,0,2023-12-30T18:53,0.0
,0,2023-12-30T20:35,0.0
,0,2023-12-30T22:16,0.0
,0,2023-12-30T23:58,0.0
,0,2023-12-31T01:39,0.0
,0,2023-12-31T03:21,0.0
,0,2023-12-31T05:02,0.0
,0,2023-12-31T06:44,0.0
5.448047249750321e-05,286,2023-12-31T08:25,1.2434782608695651
,0,2023-12-31T10:07,0.0
,0,2023-12-31T11:48,0.0
,0,2023-12-31T13:30,0.0
,0,2023-12-31T15:11,0.0
,0,2023-12-31T16:53,0.0
,0,2023-12-31T18:34,0.0
,0,2023-12-31T20:16,0.0
,0,2023-12-31T21:57,0.0
6.262469442436246e-05,286,2024-01-01T08:06,1.2434782608695651
,0,2024-01-01T09:48,0.0
,0,2024-01-01T11:29,0.0
,0,2024-01-01T13:11,0.0
,0,2024-01-01T14:52,0.0
,0,2024-01-01T16:34,0.0
,0,2024-01-01T18:15,0.0
,0,2024-01-01T19:57,0.0
,0,2024-01-01T21:38,0.0
,0,2024-01-01T23:20,0.0
,0,2024-01-02T01:01,0.0
,0,2024-01-02T02:43,0.0
,0,2024-01-02T04:24,0.0
,0,2024-01-02T06:06,0.0
7.04732970139679e-05,286,2024-01-02T07:47,1.2434782608695651
,0,2024-01-02T09:29,0.0
,0,2024-01-02T11:10,0.0
,0,2024-01-02T12:52,0.0
,0,2024-01-02T14:33,0.0
,0,2024-01-02T16:15,0.0
,0,2024-01-02T17:56,0.0
,0,2024-01-02T19:38,0.0
,0,2024-01-02T21:19,0.0
,0,2024-01-02T23:01,0.0
,0,2024-01-03T00:42,0.0
,0,2024-01-03T02:24,0.0
,0,2024-01-03T04:05,0.0
,0,2024-01-03T05:47,0.0
8.251490364543383e-05,249,2024-01-03T07:28,1.0826086956521739
,0,2024-01-03T09:10,0.0
,0,2024-01-03T10:51,0.0
,0,2024-01-03T12:33,0.0
,0,2024-01-03T14:14,0.0
,0,2024-01-03T15:56,0.0
,0,2024-01-03T17:37,0.0
,0,2024-01-03T19:19,0.0
,0,2024-01-03T21:00,0.0
,0,2024-01-03T22:42,0.0
,0,2024-01-04T00:23,0.0
,0,2024-01-04T02:05,0.0
,0,2024-01-04T03:46,0.0
,0,2024-01-04T05:28,0.0
4.950849784053436e-05,59,2024-01-04T07:09,0.2565217391304348
,0,2024-01-04T08:51,0.0
,0,2024-01-04T10:32,0.0
,0,2024-01-04T12:14,0.0
,0,2024-01-04T13:55,0.0
,0,2024-01-04T15:37,0.0
,0,2024-01-04T17:18,0.0
,0,2024-01-04T19:00,0.0
,0,2024-01-04T20:41,0.0
,0,2024-01-04T22:23,0.0
,0,2024-01-05T00:04,0.0
,0,2024-01-05T01:46,0.0
,0,2024-01-05T03:27,0.0
,0,2024-01-05T05:09,0.0
,0,2024-01-05T06:50,0.0
5.9240952234523324e-05,93,2024-01-05T08:32,0.4043478260869565
,0,2024-01-05T10:13,0.0
,0,2024-01-05T11:55,0.0
,0,2024-01-05T13:36,0.0
,0,2024-01-05T15:18,0.0
,0,2024-01-05T16:59,0.0
,0,2024-01-05T18:41,0.0
,0,2024-01-05T20:22,0.0
,0,2024-01-05T22:04,0.0
,0,2024-01-05T23:45,0.0
,0,2024-01-06T01:27,0.0
,0,2024-01-06T03:08,0.0
,0,2024-01-06T04:50,0.0
,0,2024-01-06T06:31,0.0
5.882689356064714e-05,278,2024-01-06T08:13,1.208695652173913
,0,2024-01-06T09:54,0.0
,0,2024-01-06T11:36,0.0
,0,2024-01-06T13:17,0.0
,0,2024-01-06T14:59,0.0
,0,2024-01-06T16:40,0.0
,0,2024-01-06T18:22,0.0
,0,2024-01-06T20:03,0.0
,0,2024-01-06T21:45,0.0
,0,2024-01-06T23:26,0.0
,0,2024-01-07T01:08,0.0
,0,2024-01-07T02:49,0.0
,0,2024-01-07T04:31,0.0
,0,2024-01-07T06:12,0.0
7.10712839151197e-05,185,2024-01-07T07:54,0.8043478260869565
,0,2024-01-07T09:35,0.0
,0,2024-01-07T11:17,0.0
,0,2024-01-07T12:58,0.0
,0,2024-01-07T14:40,0.0
,0,2024-01-07T16:21,0.0
,0,2024-01-07T18:03,0.0
,0,2024-01-07T19:44,0.0
,0,2024-01-07T21:26,0.0
,0,2024-01-07T23:07,0.0
,0,2024-01-08T00:49,0.0
,0,2024-01-08T02:30,0.0
,0,2024-01-08T04:12,0.0
,0,2024-01-08T05:53,0.0
6.417972687113507e-05,286,2024-01-08T07:35,1.2434782608695651
,0,2024-01-08T09:16,0.0
,0,2024-01-08T10:58,0.0
,0,2024-01-08T12:39,0.0
,0,2024-01-08T14:21,0.0
,0,2024-01-08T16:02,0.0
,0,2024-01-08T17:44,0.0
,0,2024-01-08T19:25,0.0
,0,2024-01-08T21:07,0.0
,0,2024-01-08T22:48,0.0
,0,2024-01-09T00:30,0.0
,0,2024-01-09T02:11,0.0
,0,2024-01-09T03:53,0.0
,0,2024-01-09T05:34,0.0
,0,2024-01-09T07:16,0.0
,0,2024-01-09T08:57,0.0
,0,2024-01-09T10:39,0.0
,0,2024-01-09T12:20,0.0
,0,2024-01-09T14:02,0.0
,0,2024-01-09T15:43,0.0
,0,2024-01-09T17:25,0.0
,0,2024-01-09T19:06,0.0
,0,2024-01-09T20:48,0.0
,0,2024-01-09T22:29,0.0
,0,2024-01-10T00:11,0.0
,0,2024-01-10T01:52,0.0
,0,2024-01-10T03:34,0.0
,0,2024-01-10T05:15,0.0
,0,2024-01-10T06:57,0.0
,0,2024-01-10T08:38,0.0
,0,2024-01-10T10:20,0.0
,0,2024-01-10T12:01,0.0
,0,2024-01-10T13:43,0.0
,0,2024-01-10T15:24,0.0
,0,2024-01-10T17:06,0.0
,0,2024-01-10T18:47,0.0
,0,2024-01-10T20:29,0.0
,0,2024-01-10T22:10,0.0
,0,2024-01-10T23:52,0.0
,0,2024-01-11T01:33,0.0
,0,2024-01-11T03:15,0.0
,0,2024-01-11T04:56,0.0
,0,2024-01-11T06:38,0.0
7.040731682815802e-05,286,2024-01-11T08:19,1.2434782608695651
,0,2024-01-11T10:01,0.0
,0,2024-01-11T11:42,0.0
,0,2024-01-11T13:24,0.0
,0,2024-01-11T15:05,0.0
,0,2024-01-11T16:47,0.0
,0,2024-01-11T18:28,0.0
,0,2024-01-11T20:10,0.0
,0,2024-01-11T21:51,0.0
,0,2024-01-11T23:33,0.0
,0,2024-01-12T01:14,0.0
,0,2024-01-12T02:56,0.0
,0,2024-01-12T04:37,0.0
,0,2024-01-12T06:19,0.0
7.707604034681833e-05,286,2024-01-12T08:00,1.2434782608695651
,0,2024-01-12T09:42,0.0
,0,2024-01-12T11:23,0.0
,0,2024-01-12T13:05,0.0
,0,2024-01-12T14:46,0.0
,0,2024-01-12T16:28,0.0
,0,2024-01-12T18:09,0.0
,0,2024-01-12T19:51,0.0
,0,2024-01-12T21:32,0.0
,0,2024-01-12T23:14,0.0
,0,2024-01-13T00:55,0.0
,0,2024-01-13T02:37,0.0
,0,2024-01-13T04:18,0.0
,0,2024-01-13T06:00,0.0
6.651502860568304e-05,272,2024-01-13T07:41,1.182608695652174
,0,2024-01-13T09:23,0.0
,0,2024-01-13T11:04,0.0
,0,2024-01-13T12:46,0.0
,0,2024-01-13T14:27,0.0
,0,2024-01-13T16:09,0.0
,0,2024-01-13T17:50,0.0
,0,2024-01-13T19:32,0.0
,0,2024-01-13T21:13,0.0
,0,2024-01-13T22:55,0.0
,0,2024-01-14T00:36,0.0
,0,2024-01-14T02:18,0.0
,0,2024-01-14T03:59,0.0
,0,2024-01-14T05:41,0.0
5.1620950615628245e-05,202,2024-01-14T07:22,0.8782608695652174
,0,2024-01-14T09:04,0.0
,0,2024-01-14T10:45,0.0
,0,2024-01-14T12:27,0.0
,0,2024-01-14T14:08,0.0
,0,2024-01-14T15:50,0.0
,0,2024-01-14T17:31,0.0
,0,2024-01-14T19:13,0.0
,0,2024-01-14T20:54,0.0
,0,2024-01-14T22:36,0.0
,0,2024-01-15T00:17,0.0
,0,2024-01-15T01:59,0.0
,0,2024-01-15T03:40,0.0
,0,2024-01-15T05:22,0.0
7.446490098645059e-05,286,2024-01-15T07:03,1.2434782608695651
,0,2024-01-15T08:45,0.0
,0,2024-01-15T10:26,0.0
,0,2024-01-15T12:08,0.0
,0,2024-01-15T13:49,0.0
,0,2024-01-15T15:31,0.0
,0,2024-01-15T17:12,0.0
,0,2024-01-15T18:54,0.0
,0,2024-01-15T20:35,0.0
,0,2024-01-15T22:17,0.0
,0,2024-01-15T23:58,0.0
,0,2024-01-16T01:40,0.0
,0,2024-01-16T03:21,0.0
,0,2024-01-16T05:03,0.0
,0,2024-01-16T06:44,0.0
9.139617395017697e-05,286,2024-01-16T08:26,1.2434782608695651
,0,2024-01-16T10:07,0.0
,0,2024-01-16T11:49,0.0
,0,2024-01-16T13:30,0.0
,0,2024-01-16T15:12,0.0
,0,2024-01-16T16:53,0.0
,0,2024-01-16T18:35,0.0
,0,2024-01-16T20:16,0.0
,0,2024-01-16T21:58,0.0
,0,2024-01-16T23:39,0.0
,0,2024-01-17T01:21,0.0
,0,2024-01-17T03:02,0.0
,0,2024-01-17T04:44,0.0
,0,2024-01-17T06:25,0.0
4.0527486423895365e-05,286,2024-01-17T08:07,1.2434782608695651
,0,2024-01-17T09:48,0.0
,0,2024-01-17T11:30,0.0
,0,2024-01-17T13:11,0.0
,0,2024-01-17T14:53,0.0
,0,2024-01-17T16:34,0.0
,0,2024-01-17T18:16,0.0
,0,2024-01-17T19:57,0.0
,0,2024-01-17T21:39,0.0
,0,2024-01-17T23:20,0.0
,0,2024-01-18T01:02,0.0
,0,2024-01-18T02:43,0.0
,0,2024-01-18T04:25,0.0
,0,2024-01-18T06:06,0.0
6.131164097911235e-05,286,2024-01-18T07:48,1.2434782608695651
,0,2024-01-18T09:29,0.0
,0,2024-01-18T11:11,0.0
,0,2024-01-18T12:52,0.0
,0,2024-01-18T14:34,0.0
,0,2024-01-18T16:15,0.0
,0,2024-01-18T17:57,0.0
,0,2024-01-18T19:38,0.0
,0,2024-01-18T21:20,0.0
,0,2024-01-18T23:01,0.0
,0,2024-01-19T00:43,0.0
,0,2024-01-19T02:24,0.0
,0,2024-01-19T04:06,0.0
,0,2024-01-19T05:47,0.0
5.791641540453657e-05,285,2024-01-19T07:29,1.2391304347826086
,0,2024-01-19T09:10,0.0
,0,2024-01-19T10:52,0.0
,0,2024-01-19T12:33,0.0
,0,2024-01-19T14:15,0.0
,0,2024-01-19T15:56,0.0
,0,2024-01-19T17:38,0.0
,0,2024-01-19T19:19,0.0
,0,2024-01-19T21:01,0.0
,0,2024-01-19T22:42,0.0
,0,2024-01-20T00:24,0.0
,0,2024-01-20T02:05,0.0
,0,2024-01-20T03:47,0.0
,0,2024-01-20T05:28,0.0
3.7367412782468833e-05,286,2024-01-20T07:10,1.2434782608695651
,0,2024-01-20T08:51,0.0
,0,2024-01-20T10:33,0.0
,0,2024-01-20T12:14,0.0
,0,2024-01-20T13:56,0.0
,0,2024-01-20T15:37,0.0
,0,2024-01-20T17:19,0.0
,0,2024-01-20T19:00,0.0
,0,2024-01-20T20:42,0.0
,0,2024-01-20T22:23,0.0
,0,2024-01-21T00:05,0.0
,0,2024-01-21T01:46,0.0
,0,2024-01-21T03:28,0.0
,0,2024-01-21T05:09,0.0
4.4635355045480356e-05,286,2024-01-21T06:51,1.2434782608695651
6.533044586178384e-05,286,2024-01-21T08:32,1.2434782608695651
,0,2024-01-21T10:14,0.0
,0,2024-01-21T11:55,0.0
,0,2024-01-21T13:37,0.0
,0,2024-01-21T15:18,0.0
,0,2024-01-21T17:00,0.0
,0,2024-01-21T18:41,0.0
,0,2024-01-21T20:23,0.0
,0,2024-01-21T22:04,0.0
,0,2024-01-21T23:46,0.0
,0,2024-01-22T01:27,0.0
,0,2024-01-22T03:09,0.0
,0,2024-01-22T04:50,0.0
,0,2024-01-22T06:32,0.0
4.831080958090126e-05,286,2024-01-22T08:13,1.2434782608695651
,0,2024-01-22T09:55,0.0
,0,2024-01-22T11:36,0.0
,0,2024-01-22T13:18,0.0
,0,2024-01-22T14:59,0.0
,0,2024-01-22T16:41,0.0
,0,2024-01-22T18:22,0.0
,0,2024-01-22T20:04,0.0
,0,2024-01-22T21:45,0.0
,0,2024-01-22T23:27,0.0
,0,2024-01-23T01:08,0.0
,0,2024-01-23T02:50,0.0
,0,2024-01-23T04:31,0.0
,0,2024-01-23T06:13,0.0
8.59057779834422e-05,286,2024-01-23T07:54,1.2434782608695651
,0,2024-01-23T09:36,0.0
,0,2024-01-23T11:17,0.0
,0,2024-01-23T12:59,0.0
,0,2024-01-23T14:40,0.0
,0,2024-01-23T16:22,0.0
,0,2024-01-23T18:03,0.0
,0,2024-01-23T19:45,0.0
,0,2024-01-23T21:26,0.0
,0,2024-01-23T23:08,0.0
,0,2024-01-24T00:49,0.0
,0,2024-01-24T02:31,0.0
,0,2024-01-24T04:12,0.0
,0,2024-01-24T05:54,0.0
6.980685980531046e-05,260,2024-01-24T07:35,1.1304347826086956
,0,2024-01-24T09:17,0.0
,0,2024-01-24T10:58,0.0
,0,2024-01-24T12:40,0.0
,0,2024-01-24T14:21,0.0
,0,2024-01-24T16:03,0.0
,0,2024-01-24T17:44,0.0
,0,2024-01-24T19:26,0.0
,0,2024-01-24T21:07,0.0
,0,2024-01-24T22:49,0.0
,0,2024-01-25T00:30,0.0
,0,2024-01-25T02:12,0.0
,0,2024-01-25T03:53,0.0
,0,2024-01-25T05:35,0.0
7.548433344391984e-05,235,2024-01-25T07:17,1.0217391304347827
,0,2024-01-25T08:58,0.0
,0,2024-01-25T10:40,0.0
,0,2024-01-25T12:21,0.0
,0,2024-01-25T14:03,0.0
,0,2024-01-25T18:16,0.0
,0,2024-01-25T19:07,0.0
,0,2024-01-25T20:49,0.0
,0,2024-01-25T22:30,0.0
,0,2024-01-26T00:12,0.0
,0,2024-01-26T01:53,0.0
,0,2024-01-26T03:35,0.0
,0,2024-01-26T05:16,0.0
4.687600641732264e-05,286,2024-01-26T06:58,1.2434782608695651
,0,2024-01-26T08:39,0.0
,0,2024-01-26T10:21,0.0
,0,2024-01-26T12:02,0.0
,0,2024-01-26T13:44,0.0
,0,2024-01-26T15:25,0.0
,0,2024-01-26T17:07,0.0
,0,2024-01-26T18:48,0.0
,0,2024-01-26T20:30,0.0
,0,2024-01-26T22:11,0.0
,0,2024-01-26T23:53,0.0
,0,2024-01-27T03:16,0.0
,0,2024-01-27T04:57,0.0
,0,2024-01-27T06:39,0.0
8.929519688567751e-05,286,2024-01-27T08:20,1.2434782608695651
,0,2024-01-27T10:02,0.0
,0,2024-01-27T15:06,0.0
,0,2024-01-27T16:48,0.0
,0,2024-01-27T18:29,0.0
,0,2024-01-27T20:11,0.0
,0,2024-01-27T21:52,0.0
,0,2024-01-27T23:34,0.0
,0,2024-01-28T01:15,0.0
,0,2024-01-28T02:57,0.0
,0,2024-01-28T04:38,0.0
,0,2024-01-28T06:20,0.0
9.819686561846203e-05,286,2024-01-28T08:01,1.2434782608695651
,0,2024-01-28T09:43,0.0
,0,2024-01-28T11:24,0.0
,0,2024-01-28T13:06,0.0
,0,2024-01-28T14:47,0.0
,0,2024-01-28T16:29,0.0
,0,2024-01-28T18:10,0.0
,0,2024-01-28T19:52,0.0
,0,2024-01-28T21:33,0.0
,0,2024-01-28T23:15,0.0
,0,2024-01-29T00:56,0.0
,0,2024-01-29T02:38,0.0
,0,2024-01-29T04:19,0.0
,0,2024-01-29T06:01,0.0
9.735959511188137e-05,286,2024-01-29T07:42,1.2434782608695651
,0,2024-01-29T09:24,0.0
,0,2024-01-29T11:05,0.0
,0,2024-01-29T12:47,0.0
,0,2024-01-29T14:28,0.0
,0,2024-01-29T16:10,0.0
,0,2024-01-29T17:51,0.0
,0,2024-01-29T19:33,0.0
,0,2024-01-29T21:14,0.0
,0,2024-01-29T22:56,0.0
,0,2024-01-30T00:37,0.0
,0,2024-01-30T02:19,0.0
,0,2024-01-30T04:00,0.0
,0,2024-01-30T05:42,0.0
0.0001154867463802296,286,2024-01-30T07:23,1.2434782608695651
,0,2024-01-30T09:05,0.0
,0,2024-01-30T10:46,0.0
,0,2024-01-30T12:28,0.0
,0,2024-01-30T14:09,0.0
,0,2024-01-30T15:51,0.0
,0,2024-01-30T17:32,0.0
,0,2024-01-30T19:14,0.0
,0,2024-01-30T20:55,0.0
,0,2024-01-30T22:37,0.0
,0,2024-01-31T00:18,0.0
,0,2024-01-31T02:00,0.0
,0,2024-01-31T03:41,0.0
,0,2024-01-31T05:23,0.0
7.184629016284093e-05,286,2024-01-31T07:04,1.2434782608695651
,0,2024-01-31T08:46,0.0
,0,2024-01-31T10:27,0.0
,0,2024-01-31T12:09,0.0
,0,2024-01-31T13:50,0.0
,0,2024-01-31T15:32,0.0
,0,2024-01-31T17:13,0.0
,0,2024-01-31T18:55,0.0
,0,2024-01-31T20:36,0.0
,0,2024-01-31T22:18,0.0
,0,2024-01-31T23:59,0.0
,0,2024-02-01T01:41,0.0
,0,2024-02-01T03:22,0.0
,0,2024-02-01T05:04,0.0
,0,2024-02-01T06:45,0.0
4.795272914990521e-05,286,2024-02-01T08:27,1.2434782608695651
,0,2024-02-01T10:08,0.0
,0,2024-02-01T11:50,0.0
,0,2024-02-01T13:31,0.0
,0,2024-02-01T15:13,0.0
,0,2024-02-01T16:54,0.0
,0,2024-02-01T18:36,0.0
,0,2024-02-01T20:17,0.0
,0,2024-02-01T21:59,0.0
,0,2024-02-01T23:40,0.0
,0,2024-02-02T01:22,0.0
,0,2024-02-02T03:03,0.0
,0,2024-02-02T04:45,0.0
,0,2024-02-02T06:26,0.0
6.51126512139397e-05,286,2024-02-02T08:08,1.2434782608695651
,0,2024-02-02T09:49,0.0
,0,2024-02-02T11:31,0.0
,0,2024-02-02T13:12,0.0
,0,2024-02-02T14:54,0.0
,0,2024-02-02T16:35,0.0
,0,2024-02-02T18:17,0.0
,0,2024-02-02T19:58,0.0
,0,2024-02-02T21:40,0.0
,0,2024-02-02T23:21,0.0
,0,2024-02-03T01:03,0.0
,0,2024-02-03T02:44,0.0
,0,2024-02-03T04:26,0.0
,0,2024-02-03T06:07,0.0
7.28126158108258e-05,286,2024-02-03T07:49,1.2434782608695651
,0,2024-02-03T09:30,0.0
,0,2024-02-03T11:12,0.0
,0,2024-02-03T12:53,0.0
,0,2024-02-03T14:35,0.0
,0,2024-02-03T16:16,0.0
,0,2024-02-03T17:58,0.0
,0,2024-02-03T19:39,0.0
,0,2024-02-03T21:21,0.0
,0,2024-02-03T23:02,0.0
,0,2024-02-04T00:44,0.0
,0,2024-02-04T02:25,0.0
,0,2024-02-04T04:07,0.0
,0,2024-02-04T05:48,0.0
6.295453930669148e-05,275,2024-02-04T07:30,1.1956521739130435
,0,2024-02-04T09:11,0.0
,0,2024-02-04T10:53,0.0
,0,2024-02-04T12:34,0.0
,0,2024-02-04T14:16,0.0
,0,2024-02-04T15:57,0.0
,0,2024-02-04T17:39,0.0
,0,2024-02-04T19:20,0.0
,0,2024-02-04T21:02,0.0
,0,2024-02-04T22:43,0.0
,0,2024-02-05T00:25,0.0
,0,2024-02-05T02:06,0.0
,0,2024-02-05T03:48,0.0
,0,2024-02-05T05:29,0.0
6.314884013222214e-05,286,2024-02-05T07:11,1.2434782608695651
,0,2024-02-05T08:52,0.0
,0,2024-02-05T10:34,0.0
,0,2024-02-05T12:15,0.0
,0,2024-02-05T13:57,0.0
,0,2024-02-05T15:38,0.0
,0,2024-02-05T17:20,0.0
,0,2024-02-05T19:02,0.0
,0,2024-02-05T20:43,0.0
,0,2024-02-05T22:25,0.0
,0,2024-02-06T00:06,0.0
,0,2024-02-06T01:48,0.0
,0,2024-02-06T03:29,0.0
,0,2024-02-06T05:11,0.0
7.05405299747284e-05,286,2024-02-06T06:52,1.2434782608695651
5.888185819367898e-05,286,2024-02-06T08:34,1.2434782608695651
,0,2024-02-06T10:15,0.0
,0,2024-02-06T11:57,0.0
,0,2024-02-06T13:38,0.0
,0,2024-02-06T15:20,0.0
,0,2024-02-06T17:01,0.0
,0,2024-02-06T18:43,0.0
,0,2024-02-06T20:24,0.0
,0,2024-02-06T22:06,0.0
,0,2024-02-06T23:47,0.0
,0,2024-02-07T01:29,0.0
,0,2024-02-07T03:10,0.0
,0,2024-02-07T04:52,0.0
,0,2024-02-07T06:33,0.0
5.9873889663779754e-05,286,2024-02-07T08:15,1.2434782608695651
,0,2024-02-07T09:56,0.0
,0,2024-02-07T11:38,0.0
,0,2024-02-07T13:19,0.0
,0,2024-02-07T15:01,0.0
,0,2024-02-07T16:42,0.0
,0,2024-02-07T18:24,0.0
,0,2024-02-07T20:05,0.0
,0,2024-02-07T21:47,0.0
,0,2024-02-07T23:28,0.0
,0,2024-02-08T01:10,0.0
,0,2024-02-08T02:51,0.0
,0,2024-02-08T04:33,0.0
,0,2024-02-08T06:14,0.0
8.106747223236156e-05,286,2024-02-08T07:56,1.2434782608695651
,0,2024-02-08T09:37,0.0
,0,2024-02-08T11:19,0.0
,0,2024-02-08T13:00,0.0
,0,2024-02-08T14:42,0.0
,0,2024-02-08T16:23,0.0
,0,2024-02-08T18:05,0.0
,0,2024-02-08T19:46,0.0
,0,2024-02-08T21:28,0.0
,0,2024-02-08T23:09,0.0
,0,2024-02-09T00:51,0.0
,0,2024-02-09T02:32,0.0
,0,2024-02-09T04:14,0.0
,0,2024-02-09T05:55,0.0
9.20450287589708e-05,244,2024-02-09T07:37,1.0608695652173914
,0,2024-02-09T09:18,0.0
,0,2024-02-09T11:00,0.0
,0,2024-02-09T12:41,0.0
,0,2024-02-09T14:23,0.0
,0,2024-02-09T16:04,0.0
,0,2024-02-09T17:46,0.0
,0,2024-02-09T19:27,0.0
,0,2024-02-09T21:09,0.0
,0,2024-02-09T22:50,0.0
,0,2024-02-10T00:32,0.0
,0,2024-02-10T02:13,0.0
,0,2024-02-10T03:55,0.0
,0,2024-02-10T05:36,0.0
9.564610185381614e-05,197,2024-02-10T07:18,0.8565217391304348
,0,2024-02-10T08:59,0.0
,0,2024-02-10T10:41,0.0
,0,2024-02-10T12:22,0.0
,0,2024-02-10T14:04,0.0
,0,2024-02-10T15:45,0.0
,0,2024-02-10T17:27,0.0
,0,2024-02-10T19:08,0.0
,0,2024-02-10T20:50,0.0
,0,2024-02-10T22:31,0.0
,0,2024-02-11T00:13,0.0
,0,2024-02-11T01:54,0.0
,0,2024-02-11T03:36,0.0
,0,2024-02-11T05:17,0.0
5.505634048347365e-05,286,2024-02-11T06:59,1.2434782608695651
,0,2024-02-11T08:40,0.0
,0,2024-02-11T10:22,0.0
,0,2024-02-11T12:03,0.0
,0,2024-02-11T13:45,0.0
,0,2024-02-11T15:26,0.0
,0,2024-02-11T17:08,0.0
,0,2024-02-11T18:49,0.0
,0,2024-02-11T20:31,0.0
,0,2024-02-11T22:12,0.0
,0,2024-02-11T23:54,0.0
,0,2024-02-12T01:35,0.0
,0,2024-02-12T03:17,0.0
,0,2024-02-12T04:58,0.0
,0,2024-02-12T06:40,0.0
5.468952671788466e-05,286,2024-02-12T08:21,1.2434782608695651
,0,2024-02-12T10:03,0.0
,0,2024-02-12T11:44,0.0
,0,2024-02-12T13:26,0.0
,0,2024-02-12T15:07,0.0
,0,2024-02-12T16:49,0.0
,0,2024-02-12T18:30,0.0
,0,2024-02-12T20:12,0.0
,0,2024-02-12T21:53,0.0
,0,2024-02-12T23:35,0.0
,0,2024-02-13T01:16,0.0
,0,2024-02-13T02:58,0.0
,0,2024-02-13T04:39,0.0
,0,2024-02-13T06:21,0.0
8.879161594551776e-05,286,2024-02-13T08:02,1.2434782608695651
,0,2024-02-13T09:44,0.0
,0,2024-02-13T11:25,0.0
,0,2024-02-13T13:07,0.0
,0,2024-02-13T14:48,0.0
,0,2024-02-13T16:30,0.0
,0,2024-02-13T18:11,0.0
,0,2024-02-13T19:53,0.0
,0,2024-02-13T21:34,0.0
,0,2024-02-13T23:16,0.0
,0,2024-02-14T00:57,0.0
,0,2024-02-14T02:39,0.0
,0,2024-02-14T04:20,0.0
,0,2024-02-14T06:02,0.0
6.744279404498076e-05,194,2024-02-14T07:43,0.8434782608695652
,0,2024-02-14T09:25,0.0
,0,2024-02-14T11:06,0.0
,0,2024-02-14T12:48,0.0
,0,2024-02-14T14:29,0.0
,0,2024-02-14T16:11,0.0
,0,2024-02-14T17:52,0.0
,0,2024-02-14T19:34,0.0
,0,2024-02-14T21:15,0.0
,0,2024-02-14T22:57,0.0
,0,2024-02-15T00:39,0.0
,0,2024-02-15T02:20,0.0
,0,2024-02-15T04:02,0.0
,0,2024-02-15T05:43,0.0
7.175653485812025e-05,286,2024-02-15T07:24,1.2434782608695651
,0,2024-02-15T09:06,0.0
,0,2024-02-15T10:48,0.0
,0,2024-02-15T12:29,0.0
,0,2024-02-15T14:11,0.0
,0,2024-02-15T15:52,0.0
,0,2024-02-15T17:34,0.0
,0,2024-02-15T19:15,0.0
,0,2024-02-15T20:57,0.0
,0,2024-02-15T22:38,0.0
,0,2024-02-16T00:20,0.0
,0,2024-02-16T02:01,0.0
,0,2024-02-16T03:43,0.0
,0,2024-02-16T05:24,0.0
6.456448967841224e-05,286,2024-02-16T07:06,1.2434782608695651
,0,2024-02-16T08:47,0.0
,0,2024-02-16T10:29,0.0
,0,2024-02-16T15:33,0.0
,0,2024-02-16T17:15,0.0
,0,2024-02-16T18:56,0.0
,0,2024-02-16T20:38,0.0
,0,2024-02-16T22:19,0.0
,0,2024-02-17T00:01,0.0
,0,2024-02-17T03:24,0.0
,0,2024-02-17T05:05,0.0
,0,2024-02-17T06:47,0.0
8.442490990287213e-05,286,2024-02-17T08:28,1.2434782608695651
,0,2024-02-17T10:10,0.0
,0,2024-02-17T11:51,0.0
,0,2024-02-17T13:33,0.0
,0,2024-02-17T15:14,0.0
,0,2024-02-17T16:56,0.0
,0,2024-02-17T18:37,0.0
,0,2024-02-17T20:19,0.0
,0,2024-02-17T22:00,0.0
,0,2024-02-17T23:42,0.0
,0,2024-02-18T03:05,0.0
,0,2024-02-18T04:46,0.0
,0,2024-02-18T06:28,0.0
7.578406356561559e-05,286,2024-02-18T08:09,1.2434782608695651
,0,2024-02-18T09:51,0.0
,0,2024-02-18T11:32,0.0
,0,2024-02-18T13:14,0.0
,0,2024-02-18T14:55,0.0
,0,2024-02-18T16:37,0.0
,0,2024-02-18T18:18,0.0
,0,2024-02-18T20:00,0.0
,0,2024-02-18T21:41,0.0
,0,2024-02-18T23:23,0.0
,0,2024-02-19T01:04,0.0
,0,2024-02-19T02:46,0.0
,0,2024-02-19T04:27,0.0
,0,2024-02-19T06:09,0.0
7.712773170149263e-05,286,2024-02-19T07:50,1.2434782608695651
,0,2024-02-19T09:32,0.0
,0,2024-02-19T11:13,0.0
,0,2024-02-19T12:55,0.0
,0,2024-02-19T14:36,0.0
,0,2024-02-19T16:18,0.0
,0,2024-02-19T17:59,0.0
,0,2024-02-19T19:41,0.0
,0,2024-02-19T21:22,0.0
,0,2024-02-19T23:04,0.0
,0,2024-02-20T00:45,0.0
,0,2024-02-20T02:27,0.0
,0,2024-02-20T04:08,0.0
,0,2024-02-20T05:50,0.0
5.1622062303159086e-05,107,2024-02-20T07:31,0.4652173913043478
,0,2024-02-20T09:13,0.0
,0,2024-02-20T10:54,0.0
,0,2024-02-20T12:36,0.0
,0,2024-02-20T14:17,0.0
,0,2024-02-20T15:59,0.0
,0,2024-02-20T17:40,0.0
,0,2024-02-20T19:22,0.0
,0,2024-02-20T21:03,0.0
,0,2024-02-20T22:45,0.0
,0,2024-02-21T00:26,0.0
,0,2024-02-21T02:08,0.0
,0,2024-02-21T03:49,0.0
,0,2024-02-21T05:31,0.0
5.353226053166053e-05,286,2024-02-21T07:12,1.2434782608695651
,0,2024-02-21T08:54,0.0
,0,2024-02-21T10:35,0.0
,0,2024-02-21T12:17,0.0
,0,2024-02-21T13:58,0.0
,0,2024-02-21T15:40,0.0
,0,2024-02-21T17:21,0.0
,0,2024-02-21T19:03,0.0
,0,2024-02-21T20:44,0.0
,0,2024-02-21T22:26,0.0
,0,2024-02-22T00:07,0.0
,0,2024-02-22T01:49,0.0
,0,2024-02-22T03:30,0.0
,0,2024-02-22T05:12,0.0
4.5698999691699696e-05,255,2024-02-22T06:53,1.108695652173913
4.420345246808786e-05,286,2024-02-22T08:35,1.2434782608695651
,0,2024-02-22T10:16,0.0
,0,2024-02-22T11:58,0.0
,0,2024-02-22T13:39,0.0
,0,2024-02-22T15:21,0.0
,0,2024-02-22T17:02,0.0
,0,2024-02-22T18:44,0.0
,0,2024-02-22T20:25,0.0
,0,2024-02-22T22:07,0.0
,0,2024-02-22T23:49,0.0
,0,2024-02-23T01:30,0.0
,0,2024-02-23T03:12,0.0
,0,2024-02-23T04:53,0.0
,0,2024-02-23T06:35,0.0
7.52975596092487e-05,286,2024-02-23T08:16,1.2434782608695651
,0,2024-02-23T09:58,0.0
,0,2024-02-23T11:39,0.0
,0,2024-02-23T13:21,0.0
,0,2024-02-23T15:02,0.0
,0,2024-02-23T16:44,0.0
,0,2024-02-23T18:25,0.0
,0,2024-02-23T20:07,0.0
,0,2024-02-23T21:48,0.0
,0,2024-02-23T23:30,0.0
,0,2024-02-24T01:11,0.0
,0,2024-02-24T02:53,0.0
,0,2024-02-24T04:34,0.0
,0,2024-02-24T06:16,0.0
8.581458608125571e-05,286,2024-02-24T07:57,1.2434782608695651
,0,2024-02-24T09:39,0.0
,0,2024-02-24T11:20,0.0
,0,2024-02-24T13:02,0.0
,0,2024-02-24T14:43,0.0
,0,2024-02-24T16:25,0.0
,0,2024-02-24T18:06,0.0
,0,2024-02-24T19:48,0.0
,0,2024-02-24T21:29,0.0
,0,2024-02-24T23:11,0.0
,0,2024-02-25T00:52,0.0
,0,2024-02-25T02:34,0.0
,0,2024-02-25T04:15,0.0
,0,2024-02-25T05:57,0.0
7.88330102992549e-05,210,2024-02-25T07:38,0.9130434782608695
,0,2024-02-25T09:20,0.0
,0,2024-02-25T11:01,0.0
,0,2024-02-25T12:43,0.0
,0,2024-02-25T14:24,0.0
,0,2024-02-25T16:06,0.0
,0,2024-02-25T17:47,0.0
,0,2024-02-25T19:29,0.0
,0,2024-02-25T21:10,0.0
,0,2024-02-25T22:52,0.0
,0,2024-02-26T00:33,0.0
,0,2024-02-26T02:15,0.0
,0,2024-02-26T03:56,0.0
,0,2024-02-26T05:38,0.0
8.169571675697969e-05,267,2024-02-26T07:19,1.1608695652173913
,0,2024-02-26T09:01,0.0
,0,2024-02-26T10:42,0.0
,0,2024-02-26T12:24,0.0
,0,2024-02-26T14:05,0.0
,0,2024-02-26T15:47,0.0
,0,2024-02-26T17:28,0.0
,0,2024-02-26T19:10,0.0
,0,2024-02-26T20:51,0.0
,0,2024-02-26T22:33,0.0
,0,2024-02-27T00:14,0.0
,0,2024-02-27T01:56,0.0
,0,2024-02-27T03:37,0.0
,0,2024-02-27T05:19,0.0
7.32366306650631e-05,165,2024-02-27T07:00,0.717391304347826
,0,2024-02-27T08:42,0.0
,0,2024-02-27T10:23,0.0
,0,2024-02-27T12:05,0.0
,0,2024-02-27T13:46,0.0
,0,2024-02-27T15:28,0.0
,0,2024-02-27T17:09,0.0
,0,2024-02-27T18:51,0.0
,0,2024-02-27T20:32,0.0
,0,2024-02-27T22:14,0.0
,0,2024-02-27T23:55,0.0
,0,2024-02-28T01:37,0.0
,0,2024-02-28T03:18,0.0
,0,2024-02-28T05:00,0.0
,0,2024-02-28T06:42,0.0
6.944078602329024e-05,173,2024-02-28T08:23,0.7521739130434782
,0,2024-02-28T10:05,0.0
,0,2024-02-28T11:46,0.0
,0,2024-02-28T13:28,0.0
,0,2024-02-28T15:09,0.0
,0,2024-02-28T16:51,0.0
,0,2024-02-28T18:32,0.0
,0,2024-02-28T20:14,0.0
,0,2024-02-28T21:55,0.0
,0,2024-02-28T23:37,0.0
,0,2024-02-29T01:18,0.0
,0,2024-02-29T03:00,0.0
,0,2024-02-29T04:41,0.0
,0,2024-02-29T06:23,0.0
7.545846739762864e-05,287,2024-02-29T08:04,1.2478260869565216
,0,2024-02-29T09:46,0.0
,0,2024-02-29T11:27,0.0
,0,2024-02-29T13:09,0.0
,0,2024-02-29T14:50,0.0
,0,2024-02-29T16:32,0.0
,0,2024-02-29T18:13,0.0
,0,2024-02-29T19:55,0.0
,0,2024-02-29T21:36,0.0
,0,2024-02-29T23:18,0.0
,0,2024-03-01T00:59,0.0
,0,2024-03-01T02:41,0.0
,0,2024-03-01T04:22,0.0
,0,2024-03-01T06:04,0.0
9.439471936871217e-05,118,2024-03-01T07:45,0.5130434782608696
,0,2024-03-01T09:27,0.0
,0,2024-03-01T11:08,0.0
,0,2024-03-01T12:50,0.0
,0,2024-03-01T14:31,0.0
,0,2024-03-01T16:13,0.0
,0,2024-03-01T17:54,0.0
,0,2024-03-01T19:36,0.0
,0,2024-03-01T21:17,0.0
,0,2024-03-01T22:59,0.0
,0,2024-03-02T00:40,0.0
,0,2024-03-02T02:22,0.0
,0,2024-03-02T04:03,0.0
,0,2024-03-02T05:45,0.0
3.6534076728161625e-05,175,2024-03-02T07:26,0.7608695652173914
,0,2024-03-02T09:08,0.0
,0,2024-03-02T10:49,0.0
,0,2024-03-02T12:31,0.0
,0,2024-03-02T14:12,0.0
,0,2024-03-02T15:54,0.0
,0,2024-03-02T17:35,0.0
,0,2024-03-02T19:17,0.0
,0,2024-03-02T20:58,0.0
,0,2024-03-02T22:40,0.0
,0,2024-03-03T00:21,0.0
,0,2024-03-03T02:03,0.0
,0,2024-03-03T03:44,0.0
,0,2024-03-03T05:26,0.0
3.2778242337539626e-05,287,2024-03-03T07:07,1.2478260869565216
,0,2024-03-03T08:49,0.0
,0,2024-03-03T10:30,0.0
,0,2024-03-03T12:12,0.0
,0,2024-03-03T13:53,0.0
,0,2024-03-03T15:35,0.0
,0,2024-03-03T17:16,0.0
,0,2024-03-03T18:58,0.0
,0,2024-03-03T20:39,0.0
,0,2024-03-03T22:21,0.0
,0,2024-03-04T00:02,0.0
,0,2024-03-04T01:44,0.0
,0,2024-03-04T03:25,0.0
,0,2024-03-04T05:07,0.0
,0,2024-03-04T06:48,0.0
4.7073906056349036e-05,287,2024-03-04T08:30,1.2478260869565216
,0,2024-03-04T10:12,0.0
,0,2024-03-04T11:53,0.0
,0,2024-03-04T13:35,0.0
,0,2024-03-04T15:16,0.0
,0,2024-03-04T16:58,0.0
,0,2024-03-04T18:39,0.0
,0,2024-03-04T20:21,0.0
,0,2024-03-04T22:02,0.0
,0,2024-03-04T23:44,0.0
,0,2024-03-05T01:25,0.0
,0,2024-03-05T03:07,0.0
,0,2024-03-05T04:48,0.0
,0,2024-03-05T06:30,0.0
8.988421954473128e-05,287,2024-03-05T08:11,1.2478260869565216
,0,2024-03-05T09:53,0.0
,0,2024-03-05T11:34,0.0
,0,2024-03-05T13:16,0.0
,0,2024-03-05T14:57,0.0
,0,2024-03-05T16:39,0.0
,0,2024-03-05T18:20,0.0
,0,2024-03-05T20:02,0.0
,0,2024-03-05T23:25,0.0
,0,2024-03-06T01:06,0.0
,0,2024-03-06T02:48,0.0
,0,2024-03-06T04:29,0.0
,0,2024-03-06T06:11,0.0
4.8191622060808524e-05,287,2024-03-06T07:52,1.2478260869565216
,0,2024-03-06T09:34,0.0
,0,2024-03-06T11:15,0.0
,0,2024-03-06T12:57,0.0
,0,2024-03-06T14:38,0.0
,0,2024-03-06T16:20,0.0
,0,2024-03-06T18:01,0.0
,0,2024-03-06T19:43,0.0
,0,2024-03-06T21:24,0.0
,0,2024-03-06T23:06,0.0
,0,2024-03-07T00:47,0.0
,0,2024-03-07T02:29,0.0
,0,2024-03-07T04:10,0.0
,0,2024-03-07T05:52,0.0
8.969322954613065e-05,243,2024-03-07T07:33,1.0565217391304347
,0,2024-03-07T09:15,0.0
,0,2024-03-07T10:56,0.0
,0,2024-03-07T12:38,0.0
,0,2024-03-07T14:19,0.0
,0,2024-03-07T16:01,0.0
,0,2024-03-07T17:42,0.0
,0,2024-03-07T19:24,0.0
,0,2024-03-07T21:05,0.0
,0,2024-03-07T22:47,0.0
,0,2024-03-08T00:28,0.0
,0,2024-03-08T02:10,0.0
,0,2024-03-08T03:51,0.0
,0,2024-03-08T05:33,0.0
6.009690192867126e-05,287,2024-03-08T07:14,1.2478260869565216
,0,2024-03-08T08:56,0.0
,0,2024-03-08T10:37,0.0
,0,2024-03-08T12:19,0.0
,0,2024-03-08T14:00,0.0
,0,2024-03-08T15:42,0.0
,0,2024-03-08T17:23,0.0
,0,2024-03-08T19:05,0.0
,0,2024-03-08T20:46,0.0
,0,2024-03-08T22:28,0.0
,0,2024-03-09T00:09,0.0
,0,2024-03-09T01:51,0.0
,0,2024-03-09T03:32,0.0
,0,2024-03-09T05:14,0.0
5.8784726732905304e-05,287,2024-03-09T06:55,1.2478260869565216
6.702441129452525e-05,287,2024-03-09T08:37,1.2478260869565216
,0,2024-03-09T10:18,0.0
,0,2024-03-09T12:00,0.0
,0,2024-03-09T13:42,0.0
,0,2024-03-09T15:23,0.0
,0,2024-03-09T17:05,0.0
,0,2024-03-09T18:46,0.0
,0,2024-03-09T20:28,0.0
,0,2024-03-09T22:09,0.0
,0,2024-03-09T23:51,0.0
,0,2024-03-10T01:32,0.0
,0,2024-03-10T03:14,0.0
,0,2024-03-10T04:55,0.0
,0,2024-03-10T06:37,0.0
7.40743049569237e-05,287,2024-03-10T08:18,1.2478260869565216
,0,2024-03-10T10:00,0.0
,0,2024-03-10T11:41,0.0
,0,2024-03-10T13:23,0.0
,0,2024-03-10T15:04,0.0
,0,2024-03-10T16:46,0.0
,0,2024-03-10T18:27,0.0
,0,2024-03-10T20:09,0.0
,0,2024-03-10T21:50,0.0
,0,2024-03-10T23:32,0.0
,0,2024-03-11T01:13,0.0
,0,2024-03-11T02:55,0.0
,0,2024-03-11T04:36,0.0
,0,2024-03-11T06:18,0.0
8.872977768507225e-05,287,2024-03-11T07:59,1.2478260869565216
,0,2024-03-11T09:41,0.0
,0,2024-03-11T11:22,0.0
,0,2024-03-11T13:04,0.0
,0,2024-03-11T14:45,0.0
,0,2024-03-11T16:27,0.0
,0,2024-03-11T18:08,0.0
,0,2024-03-11T19:50,0.0
,0,2024-03-11T21:31,0.0
,0,2024-03-11T23:13,0.0
,0,2024-03-12T00:54,0.0
,0,2024-03-12T02:36,0.0
,0,2024-03-12T04:17,0.0
,0,2024-03-12T05:59,0.0
8.284307475760513e-05,287,2024-03-12T07:40,1.2478260869565216
,0,2024-03-12T09:22,0.0
,0,2024-03-12T11:03,0.0
,0,2024-03-12T12:45,0.0
,0,2024-03-12T14:26,0.0
,0,2024-03-12T16:08,0.0
,0,2024-03-12T17:49,0.0
,0,2024-03-12T19:31,0.0
,0,2024-03-12T21:12,0.0
,0,2024-03-12T22:54,0.0
,0,2024-03-13T00:35,0.0
,0,2024-03-13T02:17,0.0
,0,2024-03-13T03:58,0.0
,0,2024-03-13T05:40,0.0
5.1018876476475e-05,287,2024-03-13T07:21,1.2478260869565216
,0,2024-03-13T09:03,0.0
,0,2024-03-13T10:44,0.0
,0,2024-03-13T12:26,0.0
,0,2024-03-13T14:07,0.0
,0,2024-03-13T15:49,0.0
,0,2024-03-13T17:30,0.0
,0,2024-03-13T19:12,0.0
,0,2024-03-13T20:53,0.0
,0,2024-03-13T22:35,0.0
,0,2024-03-14T00:16,0.0
,0,2024-03-14T01:58,0.0
,0,2024-03-14T03:39,0.0
,0,2024-03-14T05:21,0.0
7.945204047277425e-05,287,2024-03-14T07:02,1.2478260869565216
,0,2024-03-14T08:44,0.0
,0,2024-03-14T10:25,0.0
,0,2024-03-14T12:07,0.0
,0,2024-03-14T13:49,0.0
,0,2024-03-14T15:30,0.0
,0,2024-03-14T17:12,0.0
,0,2024-03-14T18:53,0.0
,0,2024-03-14T20:35,0.0
,0,2024-03-14T22:16,0.0
,0,2024-03-14T23:58,0.0
,0,2024-03-15T01:39,0.0
,0,2024-03-15T03:21,0.0
,0,2024-03-15T05:02,0.0
,0,2024-03-15T06:44,0.0
6.001053545515803e-05,287,2024-03-15T08:25,1.2478260869565216
,0,2024-03-15T10:07,0.0
,0,2024-03-15T11:48,0.0
,0,2024-03-15T13:30,0.0
,0,2024-03-15T15:11,0.0
,0,2024-03-15T16:53,0.0
,0,2024-03-15T18:34,0.0
,0,2024-03-15T20:16,0.0
,0,2024-03-15T21:57,0.0
,0,2024-03-15T23:39,0.0
,0,2024-03-16T01:20,0.0
,0,2024-03-16T03:02,0.0
,0,2024-03-16T04:43,0.0
,0,2024-03-16T06:25,0.0
5.74445826472369e-05,287,2024-03-16T08:06,1.2478260869565216
,0,2024-03-16T09:48,0.0
,0,2024-03-16T11:29,0.0
,0,2024-03-16T13:11,0.0
,0,2024-03-16T14:52,0.0
,0,2024-03-16T16:34,0.0
,0,2024-03-16T18:15,0.0
,0,2024-03-16T19:57,0.0
,0,2024-03-16T21:38,0.0
,0,2024-03-16T23:20,0.0
,0,2024-03-17T01:01,0.0
,0,2024-03-17T02:43,0.0
,0,2024-03-17T04:24,0.0
,0,2024-03-17T06:06,0.0
7.218832718537761e-05,287,2024-03-17T07:47,1.2478260869565216
,0,2024-03-17T09:29,0.0
,0,2024-03-17T11:10,0.0
,0,2024-03-17T12:52,0.0
,0,2024-03-17T14:33,0.0
,0,2024-03-17T16:15,0.0
,0,2024-03-17T17:56,0.0
,0,2024-03-17T19:38,0.0
,0,2024-03-17T21:19,0.0
,0,2024-03-17T23:01,0.0
,0,2024-03-18T00:42,0.0
,0,2024-03-18T02:24,0.0
,0,2024-03-18T04:05,0.0
,0,2024-03-18T05:47,0.0
6.83494213414911e-05,287,2024-03-18T07:28,1.2478260869565216
,0,2024-03-18T09:10,0.0
,0,2024-03-18T10:51,0.0
,0,2024-03-18T12:33,0.0
,0,2024-03-18T14:14,0.0
,0,2024-03-18T15:56,0.0
,0,2024-03-18T17:37,0.0
,0,2024-03-18T19:19,0.0
,0,2024-03-18T21:00,0.0
,0,2024-03-18T22:42,0.0
,0,2024-03-19T00:23,0.0
,0,2024-03-19T02:05,0.0
,0,2024-03-19T03:46,0.0
,0,2024-03-19T05:28,0.0
4.901054525783688e-05,287,2024-03-19T07:10,1.2478260869565216
,0,2024-03-19T08:51,0.0
,0,2024-03-19T10:33,0.0
,0,2024-03-19T12:14,0.0
,0,2024-03-19T13:56,0.0
,0,2024-03-19T15:37,0.0
,0,2024-03-19T17:19,0.0
,0,2024-03-19T19:00,0.0
,0,2024-03-19T20:42,0.0
,0,2024-03-19T22:23,0.0
,0,2024-03-20T00:05,0.0
,0,2024-03-20T01:46,0.0
,0,2024-03-20T03:28,0.0
,0,2024-03-20T05:09,0.0
,0,2024-03-20T06:51,0.0
6.352614945234411e-05,287,2024-03-20T08:32,1.2478260869565216
,0,2024-03-20T10:14,0.0
,0,2024-03-20T11:55,0.0
,0,2024-03-20T13:37,0.0
,0,2024-03-20T15:18,0.0
,0,2024-03-20T17:00,0.0
,0,2024-03-20T18:41,0.0
,0,2024-03-20T20:23,0.0
,0,2024-03-20T22:04,0.0
,0,2024-03-20T23:46,0.0
,0,2024-03-21T01:27,0.0
,0,2024-03-21T03:09,0.0
,0,2024-03-21T04:50,0.0
,0,2024-03-21T06:32,0.0
7.68085119919543e-05,287,2024-03-21T08:13,1.2478260869565216
,0,2024-03-21T09:55,0.0
,0,2024-03-21T11:36,0.0
,0,2024-03-21T13:18,0.0
,0,2024-03-21T14:59,0.0
,0,2024-03-21T16:41,0.0
,0,2024-03-21T18:22,0.0
,0,2024-03-21T20:04,0.0
,0,2024-03-21T21:45,0.0
,0,2024-03-21T23:27,0.0
,0,2024-03-22T01:08,0.0
,0,2024-03-22T02:50,0.0
,0,2024-03-22T04:31,0.0
,0,2024-03-22T06:13,0.0
8.48696575679519e-05,287,2024-03-22T07:54,1.2478260869565216
,0,2024-03-22T09:36,0.0
,0,2024-03-22T11:17,0.0
,0,2024-03-22T12:59,0.0
,0,2024-03-22T14:40,0.0
,0,2024-03-22T16:22,0.0
,0,2024-03-22T18:03,0.0
,0,2024-03-22T19:45,0.0
,0,2024-03-22T21:26,0.0
,0,2024-03-23T10:01,0.0
,0,2024-03-23T10:58,0.0
,0,2024-03-23T12:40,0.0
,0,2024-03-23T14:21,0.0
,0,2024-03-23T16:03,0.0
,0,2024-03-23T17:44,0.0
,0,2024-03-23T19:26,0.0
,0,2024-03-23T21:07,0.0
,0,2024-03-23T22:49,0.0
,0,2024-03-24T00:30,0.0
,0,2024-03-24T02:12,0.0
,0,2024-03-24T03:54,0.0
,0,2024-03-24T05:35,0.0
4.7702661906772236e-05,91,2024-03-24T07:17,0.39565217391304347
,0,2024-03-24T08:58,0.0
,0,2024-03-24T10:40,0.0
,0,2024-03-24T12:21,0.0
,0,2024-03-24T14:03,0.0
,0,2024-03-24T15:44,0.0
,0,2024-03-24T17:26,0.0
,0,2024-03-24T19:07,0.0
,0,2024-03-24T20:49,0.0
,0,2024-03-24T22:30,0.0
,0,2024-03-25T01:02,0.0
,0,2024-03-25T01:53,0.0
,0,2024-03-25T03:35,0.0
,0,2024-03-25T05:16,0.0
4.749820013269516e-05,287,2024-03-25T06:58,1.2478260869565216
6.040572630435194e-05,287,2024-03-25T08:39,1.2478260869565216
,0,2024-03-25T10:21,0.0
,0,2024-03-25T12:02,0.0
,0,2024-03-25T13:44,0.0
,0,2024-03-25T15:25,0.0
,0,2024-03-25T17:07,0.0
,0,2024-03-25T18:48,0.0
,0,2024-03-25T20:30,0.0
,0,2024-03-25T22:11,0.0
,0,2024-03-25T23:53,0.0
,0,2024-03-26T01:34,0.0
,0,2024-03-26T03:16,0.0
,0,2024-03-26T04:57,0.0
,0,2024-03-26T06:39,0.0
7.38034167843523e-05,287,2024-03-26T08:20,1.2478260869565216
,0,2024-03-26T10:02,0.0
,0,2024-03-26T11:43,0.0
,0,2024-03-26T13:25,0.0
,0,2024-03-26T15:06,0.0
,0,2024-03-26T16:48,0.0
,0,2024-03-26T18:29,0.0
,0,2024-03-26T20:11,0.0
,0,2024-03-26T21:52,0.0
,0,2024-03-26T23:34,0.0
,0,2024-03-27T01:15,0.0
,0,2024-03-27T02:57,0.0
,0,2024-03-27T04:38,0.0
,0,2024-03-27T06:20,0.0
7.593698205686062e-05,287,2024-03-27T08:01,1.2478260869565216
,0,2024-03-27T09:43,0.0
,0,2024-03-27T11:24,0.0
,0,2024-03-27T13:06,0.0
,0,2024-03-27T14:47,0.0
,0,2024-03-27T16:29,0.0
,0,2024-03-27T18:10,0.0
,0,2024-03-27T19:52,0.0
,0,2024-03-27T21:33,0.0
,0,2024-03-27T23:15,0.0
,0,2024-03-28T00:56,0.0
,0,2024-03-28T02:38,0.0
,0,2024-03-28T04:19,0.0
,0,2024-03-28T06:01,0.0
6.634787065217777e-05,287,2024-03-28T07:42,1.2478260869565216
,0,2024-03-28T09:24,0.0
,0,2024-03-28T11:05,0.0
,0,2024-03-28T12:47,0.0
,0,2024-03-28T14:28,0.0
,0,2024-03-28T16:10,0.0
,0,2024-03-28T17:51,0.0
,0,2024-03-28T19:33,0.0
,0,2024-03-28T21:14,0.0
,0,2024-03-28T22:56,0.0
,0,2024-03-29T00:37,0.0
,0,2024-03-29T02:19,0.0
,0,2024-03-29T04:00,0.0
,0,2024-03-29T05:42,0.0
7.257347043745621e-05,114,2024-03-29T07:24,0.4956521739130435
,0,2024-03-29T09:05,0.0
,0,2024-03-29T10:47,0.0
,0,2024-03-29T12:28,0.0
,0,2024-03-29T14:10,0.0
,0,2024-03-29T15:51,0.0
,0,2024-03-29T17:33,0.0
,0,2024-03-29T19:14,0.0
,0,2024-03-29T20:56,0.0
,0,2024-03-29T22:37,0.0
,0,2024-03-30T00:19,0.0
,0,2024-03-30T02:00,0.0
,0,2024-03-30T03:42,0.0
,0,2024-03-30T05:23,0.0
5.7243939351490066e-05,125,2024-03-30T07:05,0.5434782608695652
,0,2024-03-30T08:46,0.0
,0,2024-03-30T10:28,0.0
,0,2024-03-30T12:09,0.0
,0,2024-03-30T13:51,0.0
,0,2024-03-30T15:32,0.0
,0,2024-03-30T17:14,0.0
,0,2024-03-30T18:55,0.0
,0,2024-03-30T20:37,0.0
,0,2024-03-30T22:18,0.0
,0,2024-03-31T00:00,0.0
,0,2024-03-31T01:41,0.0
,0,2024-03-31T03:23,0.0
,0,2024-03-31T05:04,0.0
,0,2024-03-31T06:46,0.0
5.4617893723403974e-05,46,2024-03-31T08:27,0.2
,0,2024-03-31T10:09,0.0
,0,2024-03-31T11:50,0.0
,0,2024-03-31T13:32,0.0
,0,2024-03-31T15:13,0.0
,0,2024-03-31T16:55,0.0
,0,2024-03-31T18:36,0.0
,0,2024-03-31T20:18,0.0
,0,2024-03-31T21:59,0.0
,0,2024-03-31T23:41,0.0
,0,2024-04-01T01:22,0.0
,0,2024-04-01T03:04,0.0
,0,2024-04-01T04:45,0.0
,0,2024-04-01T06:27,0.0
7.522974116454766e-05,287,2024-04-01T08:08,1.2478260869565216
,0,2024-04-01T09:50,0.0
,0,2024-04-01T11:31,0.0
,0,2024-04-01T13:13,0.0
,0,2024-04-01T14:54,0.0
,0,2024-04-01T16:36,0.0
,0,2024-04-01T18:17,0.0
,0,2024-04-01T19:59,0.0
,0,2024-04-01T21:40,0.0
,0,2024-04-01T23:22,0.0
,0,2024-04-02T01:03,0.0
,0,2024-04-02T02:45,0.0
,0,2024-04-02T04:26,0.0
,0,2024-04-02T06:08,0.0
8.080054977454234e-05,287,2024-04-02T07:49,1.2478260869565216
,0,2024-04-02T09:31,0.0
,0,2024-04-02T11:12,0.0
,0,2024-04-02T12:54,0.0
,0,2024-04-02T14:35,0.0
,0,2024-04-02T16:17,0.0
,0,2024-04-02T17:58,0.0
,0,2024-04-02T19:40,0.0
,0,2024-04-02T21:21,0.0
,0,2024-04-02T23:03,0.0
,0,2024-04-03T00:44,0.0
,0,2024-04-03T02:26,0.0
,0,2024-04-03T04:07,0.0
,0,2024-04-03T05:49,0.0
8.15345378075025e-05,272,2024-04-03T07:30,1.182608695652174
,0,2024-04-03T09:12,0.0
,0,2024-04-03T10:53,0.0
,0,2024-04-03T12:35,0.0
,0,2024-04-03T14:16,0.0
,0,2024-04-03T15:58,0.0
,0,2024-04-03T17:39,0.0
,0,2024-04-03T19:21,0.0
,0,2024-04-03T21:03,0.0
,0,2024-04-03T22:44,0.0
,0,2024-04-04T00:26,0.0
,0,2024-04-04T02:07,0.0
,0,2024-04-04T03:49,0.0
,0,2024-04-04T05:30,0.0
5.6168238315317216e-05,287,2024-04-04T07:12,1.2478260869565216
,0,2024-04-04T08:53,0.0
,0,2024-04-04T10:35,0.0
,0,2024-04-04T12:16,0.0
,0,2024-04-04T13:58,0.0
,0,2024-04-04T15:39,0.0
,0,2024-04-04T17:21,0.0
,0,2024-04-04T19:02,0.0
,0,2024-04-04T20:44,0.0
,0,2024-04-04T22:25,0.0
,0,2024-04-05T00:07,0.0
,0,2024-04-05T01:48,0.0
,0,2024-04-05T03:30,0.0
,0,2024-04-05T05:11,0.0
,0,2024-04-05T06:53,0.0
4.8970172555774845e-05,288,2024-04-05T08:34,1.2521739130434784
,0,2024-04-05T10:16,0.0
,0,2024-04-05T11:57,0.0
,0,2024-04-05T13:39,0.0
,0,2024-04-05T15:20,0.0
,0,2024-04-05T17:02,0.0
,0,2024-04-05T18:43,0.0
,0,2024-04-05T20:25,0.0
,0,2024-04-05T22:06,0.0
,0,2024-04-05T23:48,0.0
,0,2024-04-06T01:29,0.0
,0,2024-04-06T03:11,0.0
,0,2024-04-06T04:52,0.0
,0,2024-04-06T06:34,0.0
6.709588161077534e-05,287,2024-04-06T08:15,1.2478260869565216
,0,2024-04-06T09:57,0.0
,0,2024-04-06T11:38,0.0
,0,2024-04-06T13:20,0.0
,0,2024-04-06T15:01,0.0
,0,2024-04-06T16:43,0.0
,0,2024-04-06T18:24,0.0
,0,2024-04-06T20:06,0.0
,0,2024-04-06T21:47,0.0
,0,2024-04-06T23:29,0.0
,0,2024-04-07T01:10,0.0
,0,2024-04-07T02:52,0.0
,0,2024-04-07T04:33,0.0
,0,2024-04-07T06:15,0.0
6.120650910729928e-05,287,2024-04-07T07:56,1.2478260869565216
,0,2024-04-07T09:38,0.0
,0,2024-04-07T11:19,0.0
,0,2024-04-07T13:01,0.0
,0,2024-04-07T14:42,0.0
,0,2024-04-07T16:24,0.0
,0,2024-04-07T18:05,0.0
,0,2024-04-07T19:47,0.0
,0,2024-04-07T21:28,0.0
,0,2024-04-07T23:10,0.0
,0,2024-04-08T00:51,0.0
,0,2024-04-08T02:33,0.0
,0,2024-04-08T04:14,0.0
,0,2024-04-08T05:56,0.0
6.70052018048681e-05,287,2024-04-08T07:37,1.2478260869565216
,0,2024-04-08T09:19,0.0
,0,2024-04-08T11:00,0.0
,0,2024-04-08T12:42,0.0
,0,2024-04-08T14:23,0.0
,0,2024-04-08T16:05,0.0
,0,2024-04-08T17:46,0.0
,0,2024-04-08T19:28,0.0
,0,2024-04-08T21:09,0.0
,0,2024-04-08T22:51,0.0
,0,2024-04-09T00:32,0.0
,0,2024-04-09T02:14,0.0
,0,2024-04-09T03:55,0.0
,0,2024-04-09T05:37,0.0
4.281071783172225e-05,287,2024-04-09T07:19,1.2478260869565216
,0,2024-04-09T09:00,0.0
,0,2024-04-09T10:42,0.0
,0,2024-04-09T12:23,0.0
,0,2024-04-09T14:05,0.0
,0,2024-04-09T15:46,0.0
,0,2024-04-09T17:28,0.0
,0,2024-04-09T19:09,0.0
,0,2024-04-09T20:51,0.0
,0,2024-04-09T22:32,0.0
,0,2024-04-10T00:14,0.0
,0,2024-04-10T01:55,0.0
,0,2024-04-10T03:37,0.0
,0,2024-04-10T05:18,0.0
7.591405084722322e-05,287,2024-04-10T07:00,1.2478260869565216
4.983048610157637e-05,288,2024-04-10T08:41,1.2521739130434784
,0,2024-04-10T10:23,0.0
,0,2024-04-10T12:04,0.0
,0,2024-04-10T13:46,0.0
,0,2024-04-10T15:27,0.0
,0,2024-04-10T17:09,0.0
,0,2024-04-10T18:50,0.0
,0,2024-04-10T20:32,0.0
,0,2024-04-10T22:13,0.0
,0,2024-04-10T23:55,0.0
,0,2024-04-11T01:36,0.0
,0,2024-04-11T03:18,0.0
,0,2024-04-11T04:59,0.0
,0,2024-04-11T06:41,0.0
7.192385564431519e-05,288,2024-04-11T08:22,1.2521739130434784
,0,2024-04-11T10:04,0.0
,0,2024-04-11T11:45,0.0
,0,2024-04-11T13:27,0.0
,0,2024-04-11T15:08,0.0
,0,2024-04-11T16:50,0.0
,0,2024-04-11T18:31,0.0
,0,2024-04-11T20:13,0.0
,0,2024-04-11T21:54,0.0
,0,2024-04-11T23:36,0.0
,0,2024-04-12T01:17,0.0
,0,2024-04-12T02:59,0.0
,0,2024-04-12T04:40,0.0
,0,2024-04-12T06:22,0.0
5.523592430777175e-05,121,2024-04-12T08:03,0.5260869565217391
,0,2024-04-12T09:45,0.0
,0,2024-04-12T11:26,0.0
,0,2024-04-12T13:08,0.0
,0,2024-04-12T14:49,0.0
,0,2024-04-12T16:31,0.0
,0,2024-04-12T18:12,0.0
,0,2024-04-12T19:54,0.0
,0,2024-04-12T21:35,0.0
,0,2024-04-12T23:17,0.0
,0,2024-04-13T00:58,0.0
,0,2024-04-13T02:40,0.0
,0,2024-04-13T04:21,0.0
,0,2024-04-13T06:03,0.0
6.291483327977807e-05,286,2024-04-13T07:44,1.2434782608695651
,0,2024-04-13T09:26,0.0
,0,2024-04-13T11:07,0.0
,0,2024-04-13T12:49,0.0
,0,2024-04-13T14:30,0.0
,0,2024-04-13T16:12,0.0
,0,2024-04-13T17:53,0.0
,0,2024-04-13T19:35,0.0
,0,2024-04-13T21:16,0.0
,0,2024-04-13T22:58,0.0
,0,2024-04-14T00:39,0.0
,0,2024-04-14T02:21,0.0
,0,2024-04-14T04:02,0.0
,0,2024-04-14T05:44,0.0
6.829563842467984e-05,286,2024-04-14T07:25,1.2434782608695651
,0,2024-04-14T09:07,0.0
,0,2024-04-14T10:48,0.0
,0,2024-04-14T12:30,0.0
,0,2024-04-14T14:11,0.0
,0,2024-04-14T15:53,0.0
,0,2024-04-14T17:34,0.0
,0,2024-04-14T19:16,0.0
,0,2024-04-14T20:57,0.0
,0,2024-04-14T22:39,0.0
,0,2024-04-15T00:20,0.0
,0,2024-04-15T02:02,0.0
,0,2024-04-15T03:43,0.0
,0,2024-04-15T05:25,0.0
5.793522337777306e-05,286,2024-04-15T07:06,1.2434782608695651
,0,2024-04-15T08:48,0.0
,0,2024-04-15T10:30,0.0
,0,2024-04-15T12:11,0.0
,0,2024-04-15T13:53,0.0
,0,2024-04-15T15:34,0.0
,0,2024-04-15T17:16,0.0
,0,2024-04-15T18:57,0.0
,0,2024-04-15T20:39,0.0
,0,2024-04-15T22:20,0.0
,0,2024-04-16T00:02,0.0
,0,2024-04-16T01:43,0.0
,0,2024-04-16T03:25,0.0
,0,2024-04-16T05:06,0.0
,0,2024-04-16T06:48,0.0
7.176911170123092e-05,119,2024-04-16T08:29,0.5173913043478261
,0,2024-04-16T10:11,0.0
,0,2024-04-16T11:52,0.0
,0,2024-04-16T13:34,0.0
,0,2024-04-16T15:15,0.0
,0,2024-04-16T16:57,0.0
,0,2024-04-16T18:38,0.0
,0,2024-04-16T20:20,0.0
,0,2024-04-16T22:01,0.0
,0,2024-04-16T23:43,0.0
,0,2024-04-17T01:24,0.0
,0,2024-04-17T03:06,0.0
,0,2024-04-17T04:47,0.0
,0,2024-04-17T06:29,0.0
7.95618261422783e-05,177,2024-04-17T08:10,0.7695652173913043
,0,2024-04-17T09:52,0.0
,0,2024-04-17T11:33,0.0
,0,2024-04-17T13:15,0.0
,0,2024-04-17T14:56,0.0
,0,2024-04-17T16:38,0.0
,0,2024-04-17T18:19,0.0
,0,2024-04-17T20:01,0.0
,0,2024-04-17T21:42,0.0
,0,2024-04-17T23:24,0.0
,0,2024-04-18T01:05,0.0
,0,2024-04-18T02:47,0.0
,0,2024-04-18T04:28,0.0
,0,2024-04-18T06:10,0.0
8.688285382982662e-05,91,2024-04-18T07:51,0.39565217391304347
,0,2024-04-18T09:33,0.0
,0,2024-04-18T11:14,0.0
,0,2024-04-18T12:56,0.0
,0,2024-04-18T14:37,0.0
,0,2024-04-18T16:19,0.0
,0,2024-04-18T18:00,0.0
,0,2024-04-18T19:42,0.0
,0,2024-04-18T21:23,0.0
,0,2024-04-18T23:05,0.0
,0,2024-04-19T00:46,0.0
,0,2024-04-19T02:28,0.0
,0,2024-04-19T04:09,0.0
,0,2024-04-19T05:51,0.0
,0,2024-04-19T07:32,0.0
,0,2024-04-19T09:14,0.0
,0,2024-04-19T10:55,0.0
,0,2024-04-19T12:37,0.0
,0,2024-04-19T14:18,0.0
,0,2024-04-19T16:00,0.0
,0,2024-04-19T17:41,0.0
,0,2024-04-19T19:23,0.0
,0,2024-04-19T21:04,0.0
,0,2024-04-19T22:46,0.0
,0,2024-04-20T00:27,0.0
,0,2024-04-20T02:09,0.0
,0,2024-04-20T03:50,0.0
,0,2024-04-20T05:32,0.0
5.470756575027777e-05,215,2024-04-20T07:13,0.9347826086956522
,0,2024-04-20T08:55,0.0
,0,2024-04-20T10:36,0.0
,0,2024-04-20T12:18,0.0
,0,2024-04-20T13:59,0.0
,0,2024-04-20T15:41,0.0
,0,2024-04-20T17:22,0.0
,0,2024-04-20T19:04,0.0
,0,2024-04-20T20:45,0.0
,0,2024-04-20T22:27,0.0
,0,2024-04-21T00:08,0.0
,0,2024-04-21T01:50,0.0
,0,2024-04-21T03:31,0.0
,0,2024-04-21T05:13,0.0
,0,2024-04-21T06:54,0.0
5.299075274224171e-05,133,2024-04-21T08:36,0.5782608695652174
,0,2024-04-21T10:17,0.0
,0,2024-04-21T11:59,0.0
,0,2024-04-21T13:40,0.0
,0,2024-04-21T15:22,0.0
,0,2024-04-21T17:03,0.0
,0,2024-04-21T19:24,0.0
,0,2024-04-21T20:26,0.0
,0,2024-04-21T22:08,0.0
,0,2024-04-21T23:50,0.0
,0,2024-04-22T01:31,0.0
,0,2024-04-22T03:13,0.0
,0,2024-04-22T04:54,0.0
,0,2024-04-22T06:36,0.0
5.830231625111354e-05,234,2024-04-22T08:17,1.017391304347826
,0,2024-04-22T09:59,0.0
,0,2024-04-22T11:40,0.0
,0,2024-04-22T13:22,0.0
,0,2024-04-22T15:03,0.0
,0,2024-04-22T16:45,0.0
,0,2024-04-22T18:26,0.0
,0,2024-04-22T20:08,0.0
,0,2024-04-22T21:49,0.0
,0,2024-04-22T23:31,0.0
,0,2024-04-23T01:12,0.0
,0,2024-04-23T02:54,0.0
,0,2024-04-23T04:35,0.0
,0,2024-04-23T06:17,0.0
8.280968409307785e-05,275,2024-04-23T07:58,1.1956521739130435
,0,2024-04-23T09:40,0.0
,0,2024-04-23T11:21,0.0
,0,2024-04-23T13:03,0.0
,0,2024-04-23T14:44,0.0
,0,2024-04-23T16:26,0.0
,0,2024-04-23T18:07,0.0
,0,2024-04-23T19:49,0.0
,0,2024-04-23T21:30,0.0
,0,2024-04-23T23:12,0.0
,0,2024-04-24T00:53,0.0
,0,2024-04-24T02:35,0.0
,0,2024-04-24T04:16,0.0
,0,2024-04-24T05:58,0.0
,0,2024-04-24T07:39,0.0
,0,2024-04-24T09:21,0.0
,0,2024-04-24T11:02,0.0
,0,2024-04-24T12:44,0.0
,0,2024-04-24T14:25,0.0
,0,2024-04-24T16:07,0.0
,0,2024-04-24T17:48,0.0
,0,2024-04-24T19:30,0.0
,0,2024-04-24T21:11,0.0
,0,2024-04-24T22:53,0.0
,0,2024-04-25T00:34,0.0
,0,2024-04-25T02:16,0.0
,0,2024-04-25T03:57,0.0
,0,2024-04-25T05:39,0.0
7.372777701360841e-05,264,2024-04-25T07:20,1.1478260869565218
,0,2024-04-25T09:02,0.0
,0,2024-04-25T10:43,0.0
,0,2024-04-25T12:25,0.0
,0,2024-04-25T14:06,0.0
,0,2024-04-25T15:48,0.0
,0,2024-04-25T17:29,0.0
,0,2024-04-25T19:11,0.0
,0,2024-04-25T20:52,0.0
,0,2024-04-25T22:34,0.0
,0,2024-04-26T00:15,0.0
,0,2024-04-26T01:57,0.0
,0,2024-04-26T03:38,0.0
,0,2024-04-26T05:20,0.0
6.204682399917004e-05,132,2024-04-26T07:01,0.5739130434782609
5.893106970695472e-05,22,2024-04-26T08:43,0.09565217391304348
,0,2024-04-26T10:24,0.0
,0,2024-04-26T12:06,0.0
,0,2024-04-26T13:47,0.0
,0,2024-04-26T15:29,0.0
,0,2024-04-26T17:10,0.0
,0,2024-04-26T18:52,0.0
,0,2024-04-26T20:33,0.0
,0,2024-04-26T22:15,0.0
,0,2024-04-26T23:56,0.0
,0,2024-04-27T01:38,0.0
,0,2024-04-27T03:19,0.0
,0,2024-04-27T05:01,0.0
,0,2024-04-27T06:42,0.0
6.939077248167072e-05,134,2024-04-27T08:24,0.5826086956521739
,0,2024-04-27T10:05,0.0
,0,2024-04-27T11:47,0.0
,0,2024-04-27T13:28,0.0
,0,2024-04-27T15:10,0.0
,0,2024-04-27T16:51,0.0
,0,2024-04-27T18:33,0.0
,0,2024-04-27T20:14,0.0
,0,2024-04-27T21:56,0.0
,0,2024-04-27T23:37,0.0
,0,2024-04-28T01:19,0.0
,0,2024-04-28T03:00,0.0
,0,2024-04-28T04:42,0.0
,0,2024-04-28T06:23,0.0
4.2309074937406694e-05,182,2024-04-28T08:05,0.7913043478260869
,0,2024-04-28T09:46,0.0
,0,2024-04-28T11:28,0.0
,0,2024-04-28T13:09,0.0
,0,2024-04-28T14:51,0.0
,0,2024-04-28T16:32,0.0
,0,2024-04-28T18:14,0.0
,0,2024-04-28T19:55,0.0
,0,2024-04-28T21:37,0.0
,0,2024-04-28T23:18,0.0
,0,2024-04-29T01:00,0.0
,0,2024-04-29T02:41,0.0
,0,2024-04-29T04:23,0.0
,0,2024-04-29T06:04,0.0
6.452692932818996e-05,286,2024-04-29T07:46,1.2434782608695651
,0,2024-04-29T09:27,0.0
,0,2024-04-29T11:09,0.0
,0,2024-04-29T12:50,0.0
,0,2024-04-29T14:32,0.0
,0,2024-04-29T16:13,0.0
,0,2024-04-29T17:55,0.0
,0,2024-04-29T19:36,0.0
,0,2024-04-29T21:18,0.0
,0,2024-04-29T22:59,0.0
,0,2024-04-30T00:41,0.0
,0,2024-04-30T02:22,0.0
,0,2024-04-30T04:04,0.0
,0,2024-04-30T05:45,0.0
3.61994598211361e-05,286,2024-04-30T07:27,1.2434782608695651
,0,2024-04-30T09:08,0.0
,0,2024-04-30T10:50,0.0
,0,2024-04-30T12:31,0.0
,0,2024-04-30T14:13,0.0
,0,2024-04-30T15:54,0.0
,0,2024-04-30T17:36,0.0
,0,2024-04-30T19:17,0.0
,0,2024-04-30T20:59,0.0
,0,2024-04-30T22:40,0.0
,0,2024-05-01T00:22,0.0
,0,2024-05-01T02:03,0.0
,0,2024-05-01T03:45,0.0
,0,2024-05-01T05:26,0.0
4.28300142304758e-05,286,2024-05-01T07:08,1.2434782608695651
,0,2024-05-01T08:50,0.0
,0,2024-05-01T10:31,0.0
,0,2024-05-01T12:13,0.0
,0,2024-05-01T13:54,0.0
,0,2024-05-01T15:36,0.0
,0,2024-05-01T17:17,0.0
,0,2024-05-01T18:59,0.0
,0,2024-05-01T20:40,0.0
,0,2024-05-01T22:22,0.0
,0,2024-05-02T00:03,0.0
,0,2024-05-02T01:45,0.0
,0,2024-05-02T03:26,0.0
,0,2024-05-02T05:08,0.0
,0,2024-05-02T06:49,0.0
4.2200267446398546e-05,286,2024-05-02T08:31,1.2434782608695651
,0,2024-05-02T10:12,0.0
,0,2024-05-02T11:54,0.0
,0,2024-05-02T13:35,0.0
,0,2024-05-02T15:17,0.0
,0,2024-05-02T16:58,0.0
,0,2024-05-02T18:40,0.0
,0,2024-05-02T20:21,0.0
,0,2024-05-02T22:03,0.0
,0,2024-05-02T23:44,0.0
,0,2024-05-03T01:26,0.0
,0,2024-05-03T03:07,0.0
,0,2024-05-03T04:49,0.0
,0,2024-05-03T06:30,0.0
4.730995328392398e-05,286,2024-05-03T08:12,1.2434782608695651
,0,2024-05-03T09:53,0.0
,0,2024-05-03T11:35,0.0
,0,2024-05-03T13:16,0.0
,0,2024-05-03T14:58,0.0
,0,2024-05-03T16:39,0.0
,0,2024-05-03T18:21,0.0
,0,2024-05-03T20:02,0.0
,0,2024-05-03T21:44,0.0
,0,2024-05-03T23:25,0.0
,0,2024-05-04T01:07,0.0
,0,2024-05-04T02:48,0.0
,0,2024-05-04T04:30,0.0
,0,2024-05-04T06:11,0.0
5.644405360372051e-05,286,2024-05-04T07:53,1.2434782608695651
,0,2024-05-04T09:34,0.0
,0,2024-05-04T11:16,0.0
,0,2024-05-04T12:57,0.0
,0,2024-05-04T14:39,0.0
,0,2024-05-04T16:20,0.0
,0,2024-05-04T18:02,0.0
,0,2024-05-04T19:43,0.0
,0,2024-05-04T21:25,0.0
,0,2024-05-04T23:06,0.0
,0,2024-05-05T00:48,0.0
,0,2024-05-05T02:29,0.0
,0,2024-05-05T04:11,0.0
,0,2024-05-05T05:52,0.0
4.108219706956178e-05,286,2024-05-05T07:34,1.2434782608695651
,0,2024-05-05T09:15,0.0
,0,2024-05-05T10:57,0.0
,0,2024-05-05T12:38,0.0
,0,2024-05-05T14:20,0.0
,0,2024-05-05T16:01,0.0
,0,2024-05-05T17:43,0.0
,0,2024-05-05T19:24,0.0
,0,2024-05-05T21:06,0.0
,0,2024-05-05T22:47,0.0
,0,2024-05-06T00:29,0.0
,0,2024-05-06T02:10,0.0
,0,2024-05-06T03:52,0.0
,0,2024-05-06T05:33,0.0
3.7724735672119414e-05,286,2024-05-06T07:15,1.2434782608695651
,0,2024-05-06T08:56,0.0
,0,2024-05-06T10:38,0.0
,0,2024-05-06T12:31,0.0
,0,2024-05-06T14:01,0.0
,0,2024-05-06T15:42,0.0
,0,2024-05-06T17:24,0.0
,0,2024-05-06T19:05,0.0
,0,2024-05-06T20:47,0.0
,0,2024-05-06T22:28,0.0
,0,2024-05-07T00:10,0.0
,0,2024-05-07T01:51,0.0
,0,2024-05-07T03:33,0.0
,0,2024-05-07T05:14,0.0
,0,2024-05-07T06:56,0.0
3.1650540709108323e-05,286,2024-05-07T08:37,1.2434782608695651
,0,2024-05-07T10:19,0.0
,0,2024-05-07T12:00,0.0
,0,2024-05-07T13:42,0.0
,0,2024-05-07T15:23,0.0
,0,2024-05-07T17:05,0.0
,0,2024-05-07T18:46,0.0
,0,2024-05-07T20:28,0.0
,0,2024-05-07T22:09,0.0
,0,2024-05-07T23:51,0.0
,0,2024-05-08T01:32,0.0
,0,2024-05-08T03:14,0.0
,0,2024-05-08T04:55,0.0
,0,2024-05-08T06:37,0.0
6.575956494283179e-05,286,2024-05-08T08:18,1.2434782608695651
,0,2024-05-08T10:00,0.0
,0,2024-05-08T11:41,0.0
,0,2024-05-08T13:23,0.0
,0,2024-05-08T15:04,0.0
,0,2024-05-08T16:46,0.0
,0,2024-05-08T18:27,0.0
,0,2024-05-08T20:09,0.0
,0,2024-05-08T21:50,0.0
,0,2024-05-08T23:32,0.0
,0,2024-05-09T01:13,0.0
,0,2024-05-09T02:55,0.0
,0,2024-05-09T04:36,0.0
,0,2024-05-09T06:18,0.0
6.267461486487066e-05,286,2024-05-09T07:59,1.2434782608695651
,0,2024-05-09T09:41,0.0
,0,2024-05-09T11:22,0.0
,0,2024-05-09T13:04,0.0
,0,2024-05-09T14:45,0.0
,0,2024-05-09T16:27,0.0
,0,2024-05-09T18:08,0.0
,0,2024-05-09T19:50,0.0
,0,2024-05-09T21:31,0.0
,0,2024-05-09T23:13,0.0
,0,2024-05-10T00:54,0.0
,0,2024-05-10T02:36,0.0
,0,2024-05-10T04:17,0.0
,0,2024-05-10T05:59,0.0
5.536753523294787e-05,286,2024-05-10T07:40,1.2434782608695651
,0,2024-05-10T09:22,0.0
,0,2024-05-10T11:03,0.0
,0,2024-05-10T12:45,0.0
,0,2024-05-10T14:26,0.0
,0,2024-05-10T16:08,0.0
,0,2024-05-10T17:49,0.0
,0,2024-05-10T19:31,0.0
,0,2024-05-10T21:50,0.0
,0,2024-05-10T22:54,0.0
,0,2024-05-11T00:35,0.0
,0,2024-05-11T02:17,0.0
,0,2024-05-11T03:58,0.0
,0,2024-05-11T05:40,0.0
6.974332962116894e-05,218,2024-05-11T07:21,0.9478260869565217
,0,2024-05-11T09:03,0.0
,0,2024-05-11T10:44,0.0
,0,2024-05-11T12:26,0.0
,0,2024-05-11T14:07,0.0
,0,2024-05-11T15:49,0.0
,0,2024-05-11T17:30,0.0
,0,2024-05-11T19:12,0.0
,0,2024-05-11T21:31,0.0
,0,2024-05-11T22:35,0.0
,0,2024-05-12T00:16,0.0
,0,2024-05-12T01:58,0.0
,0,2024-05-12T03:39,0.0
,0,2024-05-12T05:21,0.0
,0,2024-05-12T07:02,0.0
,0,2024-05-12T08:44,0.0
,0,2024-05-12T10:25,0.0
,0,2024-05-12T12:07,0.0
,0,2024-05-12T13:48,0.0
,0,2024-05-12T15:30,0.0
,0,2024-05-12T17:11,0.0
,0,2024-05-12T18:53,0.0
,0,2024-05-12T20:34,0.0
,0,2024-05-12T22:52,0.0
,0,2024-05-12T23:57,0.0
,0,2024-05-13T01:39,0.0
,0,2024-05-13T03:20,0.0
,0,2024-05-13T05:02,0.0
,0,2024-05-13T06:43,0.0
5.941159225596043e-05,286,2024-05-13T08:25,1.2434782608695651
,0,2024-05-13T10:06,0.0
,0,2024-05-13T11:48,0.0
,0,2024-05-13T13:29,0.0
,0,2024-05-13T15:11,0.0
,0,2024-05-13T16:52,0.0
,0,2024-05-13T18:34,0.0
,0,2024-05-13T20:15,0.0
,0,2024-05-13T21:57,0.0
,0,2024-05-13T23:38,0.0
,0,2024-05-14T01:20,0.0
,0,2024-05-14T03:01,0.0
,0,2024-05-14T04:43,0.0
,0,2024-05-14T06:24,0.0
6.645601928863315e-05,278,2024-05-14T08:06,1.208695652173913
,0,2024-05-14T09:47,0.0
,0,2024-05-14T11:29,0.0
,0,2024-05-14T13:10,0.0
,0,2024-05-14T14:52,0.0
,0,2024-05-14T16:33,0.0
,0,2024-05-14T18:15,0.0
,0,2024-05-14T19:56,0.0
,0,2024-05-14T21:38,0.0
,0,2024-05-14T23:19,0.0
,0,2024-05-15T01:01,0.0
,0,2024-05-15T02:42,0.0
,0,2024-05-15T04:24,0.0
,0,2024-05-15T06:05,0.0
7.900131089341622e-05,286,2024-05-15T07:47,1.2434782608695651
,0,2024-05-15T09:28,0.0
,0,2024-05-15T11:10,0.0
,0,2024-05-15T12:51,0.0
,0,2024-05-15T14:33,0.0
,0,2024-05-15T16:14,0.0
,0,2024-05-15T17:56,0.0
,0,2024-05-15T19:37,0.0
,0,2024-05-15T21:19,0.0
,0,2024-05-15T23:00,0.0
,0,2024-05-16T00:42,0.0
,0,2024-05-16T02:23,0.0
,0,2024-05-16T04:05,0.0
,0,2024-05-16T05:46,0.0
7.824349277176011e-05,163,2024-05-16T07:28,0.7086956521739131
,0,2024-05-16T09:09,0.0
,0,2024-05-16T10:51,0.0
,0,2024-05-16T12:32,0.0
,0,2024-05-16T14:14,0.0
,0,2024-05-16T15:55,0.0
,0,2024-05-16T17:37,0.0
,0,2024-05-16T19:18,0.0
,0,2024-05-16T21:00,0.0
,0,2024-05-16T22:42,0.0
,0,2024-05-17T00:23,0.0
,0,2024-05-17T02:04,0.0
,0,2024-05-17T03:46,0.0
,0,2024-05-17T05:28,0.0
5.796246212785404e-05,286,2024-05-17T07:09,1.2434782608695651
,0,2024-05-17T08:50,0.0
,0,2024-05-17T10:32,0.0
,0,2024-05-17T12:13,0.0
,0,2024-05-17T13:55,0.0
,0,2024-05-17T15:37,0.0
,0,2024-05-17T17:18,0.0
,0,2024-05-17T19:00,0.0
,0,2024-05-17T20:41,0.0
,0,2024-05-17T22:23,0.0
,0,2024-05-18T00:04,0.0
,0,2024-05-18T01:45,0.0
,0,2024-05-18T03:27,0.0
,0,2024-05-18T05:08,0.0
,0,2024-05-18T06:50,0.0
7.774590830489723e-05,206,2024-05-18T08:32,0.8956521739130435
,0,2024-05-18T10:13,0.0
,0,2024-05-18T11:54,0.0
,0,2024-05-18T13:36,0.0
,0,2024-05-18T15:18,0.0
,0,2024-05-18T16:59,0.0
,0,2024-05-18T18:40,0.0
,0,2024-05-18T20:22,0.0
,0,2024-05-18T22:04,0.0
,0,2024-05-18T23:45,0.0
,0,2024-05-19T01:27,0.0
,0,2024-05-19T03:08,0.0
,0,2024-05-19T04:50,0.0
,0,2024-05-19T06:31,0.0
7.774011523423751e-05,273,2024-05-19T08:13,1.1869565217391305
,0,2024-05-19T09:54,0.0
,0,2024-05-19T11:36,0.0
,0,2024-05-19T13:17,0.0
,0,2024-05-19T14:59,0.0
,0,2024-05-19T16:40,0.0
,0,2024-05-19T18:22,0.0
,0,2024-05-19T20:03,0.0
,0,2024-05-19T21:45,0.0
,0,2024-05-19T23:26,0.0
,0,2024-05-20T01:08,0.0
,0,2024-05-20T02:49,0.0
,0,2024-05-20T04:31,0.0
,0,2024-05-20T06:12,0.0
9.352410093195556e-05,286,2024-05-20T07:53,1.2434782608695651
,0,2024-05-20T09:35,0.0
,0,2024-05-20T11:17,0.0
,0,2024-05-20T12:58,0.0
,0,2024-05-20T14:40,0.0
,0,2024-05-20T16:21,0.0
,0,2024-05-20T18:03,0.0
,0,2024-05-20T19:44,0.0
,0,2024-05-20T21:26,0.0
,0,2024-05-20T23:07,0.0
,0,2024-05-21T00:49,0.0
,0,2024-05-21T02:30,0.0
,0,2024-05-21T04:12,0.0
,0,2024-05-21T05:53,0.0
6.519427878154304e-05,286,2024-05-21T07:35,1.2434782608695651
,0,2024-05-21T09:16,0.0
,0,2024-05-21T10:58,0.0
,0,2024-05-21T12:39,0.0
,0,2024-05-21T14:21,0.0
,0,2024-05-21T16:02,0.0
,0,2024-05-21T17:44,0.0
,0,2024-05-21T19:25,0.0
,0,2024-05-21T21:07,0.0
,0,2024-05-21T22:48,0.0
,0,2024-05-22T00:30,0.0
,0,2024-05-22T02:11,0.0
,0,2024-05-22T03:53,0.0
,0,2024-05-22T05:34,0.0
5.765984361318447e-05,115,2024-05-22T07:16,0.5
,0,2024-05-22T08:57,0.0
,0,2024-05-22T10:39,0.0
,0,2024-05-22T12:20,0.0
,0,2024-05-22T14:02,0.0
,0,2024-05-22T15:43,0.0
,0,2024-05-22T17:25,0.0
,0,2024-05-22T19:06,0.0
,0,2024-05-22T20:48,0.0
,0,2024-05-22T22:29,0.0
,0,2024-05-23T00:11,0.0
,0,2024-05-23T01:52,0.0
,0,2024-05-23T03:34,0.0
,0,2024-05-23T05:15,0.0
,0,2024-05-23T06:56,0.0
4.740672120625634e-05,158,2024-05-23T08:38,0.6869565217391305
,0,2024-05-23T10:20,0.0
,0,2024-05-23T12:01,0.0
,0,2024-05-23T13:43,0.0
,0,2024-05-23T15:24,0.0
,0,2024-05-23T17:05,0.0
,0,2024-05-23T18:47,0.0
,0,2024-05-23T20:28,0.0
,0,2024-05-23T22:10,0.0
,0,2024-05-23T23:52,0.0
,0,2024-05-24T01:33,0.0
,0,2024-05-24T03:15,0.0
,0,2024-05-24T04:56,0.0
,0,2024-05-24T06:37,0.0
4.29328841239148e-05,286,2024-05-24T08:19,1.2434782608695651
,0,2024-05-24T10:00,0.0
,0,2024-05-24T11:42,0.0
,0,2024-05-24T13:24,0.0
,0,2024-05-24T15:05,0.0
,0,2024-05-24T16:47,0.0
,0,2024-05-24T18:28,0.0
,0,2024-05-24T20:10,0.0
,0,2024-05-24T21:51,0.0
,0,2024-05-24T23:32,0.0
,0,2024-05-25T01:14,0.0
,0,2024-05-25T02:55,0.0
,0,2024-05-25T04:37,0.0
,0,2024-05-25T06:19,0.0
4.2039399978246855e-05,286,2024-05-25T08:00,1.2434782608695651
,0,2024-05-25T09:42,0.0
,0,2024-05-25T11:23,0.0
,0,2024-05-25T13:04,0.0
,0,2024-05-25T14:46,0.0
,0,2024-05-25T16:27,0.0
,0,2024-05-25T18:09,0.0
,0,2024-05-25T19:50,0.0
,0,2024-05-25T21:32,0.0
,0,2024-05-25T23:13,0.0
,0,2024-05-26T00:55,0.0
,0,2024-05-26T02:36,0.0
,0,2024-05-26T04:18,0.0
,0,2024-05-26T06:00,0.0
4.864412785032129e-05,286,2024-05-26T07:41,1.2434782608695651
,0,2024-05-26T09:22,0.0
,0,2024-05-26T11:04,0.0
,0,2024-05-26T12:45,0.0
,0,2024-05-26T14:27,0.0
,0,2024-05-26T16:08,0.0
,0,2024-05-26T17:50,0.0
,0,2024-05-26T19:31,0.0
,0,2024-05-26T21:13,0.0
,0,2024-05-26T22:54,0.0
,0,2024-05-27T00:36,0.0
,0,2024-05-27T02:17,0.0
,0,2024-05-27T03:59,0.0
,0,2024-05-27T05:40,0.0
,0,2024-05-27T07:22,0.0
,0,2024-05-27T09:03,0.0
,0,2024-05-27T10:45,0.0
,0,2024-05-27T12:26,0.0
,0,2024-05-27T14:08,0.0
,0,2024-05-27T15:49,0.0
,0,2024-05-27T17:31,0.0
,0,2024-05-27T19:12,0.0
,0,2024-05-27T20:54,0.0
,0,2024-05-27T22:35,0.0
,0,2024-05-28T00:17,0.0
,0,2024-05-28T01:58,0.0
,0,2024-05-28T03:40,0.0
,0,2024-05-28T05:21,0.0
3.3524675098014315e-05,286,2024-05-28T07:03,1.2434782608695651
3.117486208507196e-05,286,2024-05-28T08:44,1.2434782608695651
,0,2024-05-28T10:26,0.0
,0,2024-05-28T12:07,0.0
,0,2024-05-28T13:49,0.0
,0,2024-05-28T15:30,0.0
,0,2024-05-28T17:12,0.0
,0,2024-05-28T18:53,0.0
,0,2024-05-28T20:35,0.0
,0,2024-05-28T22:16,0.0
,0,2024-05-28T23:58,0.0
,0,2024-05-29T01:39,0.0
,0,2024-05-29T05:02,0.0
,0,2024-05-29T06:44,0.0
2.080796612678208e-05,286,2024-05-29T08:25,1.2434782608695651
,0,2024-05-29T10:07,0.0
,0,2024-05-29T11:48,0.0
,0,2024-05-29T13:30,0.0
,0,2024-05-29T15:11,0.0
,0,2024-05-29T16:53,0.0
,0,2024-05-29T18:34,0.0
,0,2024-05-29T20:16,0.0
,0,2024-05-29T21:57,0.0
,0,2024-05-29T23:39,0.0
,0,2024-05-30T01:20,0.0
,0,2024-05-30T03:02,0.0
,0,2024-05-30T04:43,0.0
,0,2024-05-30T06:25,0.0
3.7311787661944764e-05,286,2024-05-30T08:06,1.2434782608695651
,0,2024-05-30T09:48,0.0
,0,2024-05-30T11:29,0.0
,0,2024-05-30T13:11,0.0
,0,2024-05-30T14:52,0.0
,0,2024-05-30T16:34,0.0
,0,2024-05-30T18:15,0.0
,0,2024-05-30T19:57,0.0
,0,2024-05-30T21:38,0.0
,0,2024-05-30T23:20,0.0
,0,2024-05-31T01:01,0.0
,0,2024-05-31T02:43,0.0
,0,2024-05-31T04:24,0.0
,0,2024-05-31T06:06,0.0
3.7285506057487046e-05,286,2024-05-31T07:47,1.2434782608695651
,0,2024-05-31T09:29,0.0
,0,2024-05-31T11:10,0.0
,0,2024-05-31T12:52,0.0
,0,2024-05-31T14:33,0.0
,0,2024-05-31T16:15,0.0
,0,2024-05-31T17:56,0.0
,0,2024-05-31T19:38,0.0
,0,2024-05-31T21:19,0.0
,0,2024-05-31T23:01,0.0
